phase,iter,timesteps_total,episodes_total,episode_reward_mean,episode_reward_min,episode_reward_max,policy_reward_mean/p_top,policy_reward_mean/p_bottom,policy_reward_mean/a,mean_tax/p_top,mean_tax/p_bottom,social_welfare_coin_eq_times_prod
PHASE 1,0,800,0,,,,,,,0.0,0.0,0.0
PHASE 1,1,1600,0,,,,,,,0.0,0.0,0.0
PHASE 1,2,2400,0,,,,,,,0.0,0.0,0.0
PHASE 1,3,3200,0,,,,,,,0.0,0.0,0.0
PHASE 1,4,4000,4,266.25006893145894,126.05836107817687,347.7087135315944,64.90833333333512,85.0500000000014,14.536466949767306,0.0,0.0,0.0
PHASE 1,5,4800,4,266.25006893145894,126.05836107817687,347.7087135315944,64.90833333333512,85.0500000000014,14.536466949767306,0.0,0.0,0.0
PHASE 1,6,5600,4,266.25006893145894,126.05836107817687,347.7087135315944,64.90833333333512,85.0500000000014,14.536466949767306,0.0,0.0,0.0
PHASE 1,7,6400,4,266.25006893145894,126.05836107817687,347.7087135315944,64.90833333333512,85.0500000000014,14.536466949767306,0.0,0.0,0.0
PHASE 1,8,7200,4,266.25006893145894,126.05836107817687,347.7087135315944,64.90833333333512,85.0500000000014,14.536466949767306,0.0,0.0,0.0
PHASE 1,9,8000,8,249.96071027390673,106.18447740209939,347.7087135315944,71.01250000000144,86.71041666666795,11.529724200906315,0.0,0.0,0.0
PHASE 1,10,8800,8,249.96071027390673,106.18447740209939,347.7087135315944,71.01250000000144,86.71041666666795,11.529724200906315,0.0,0.0,0.0
PHASE 1,11,9600,8,249.96071027390673,106.18447740209939,347.7087135315944,71.01250000000144,86.71041666666795,11.529724200906315,0.0,0.0,0.0
PHASE 1,12,10400,8,249.96071027390673,106.18447740209939,347.7087135315944,71.01250000000144,86.71041666666795,11.529724200906315,0.0,0.0,0.0
PHASE 1,13,11200,8,249.96071027390673,106.18447740209939,347.7087135315944,71.01250000000144,86.71041666666795,11.529724200906315,0.0,0.0,0.0
PHASE 1,14,12000,12,227.70044146117985,-144.3692970062969,440.38710393855547,74.8500000000014,78.02916666666802,9.35265934931537,0.0,0.0,0.0
PHASE 1,15,12800,12,227.70044146117985,-144.3692970062969,440.38710393855547,74.85000000000142,78.029166666668,9.352659349315369,0.0,0.0,0.0
PHASE 1,16,13600,12,227.70044146117985,-144.3692970062969,440.38710393855547,74.85000000000142,78.029166666668,9.352659349315369,0.0,0.0,0.0
PHASE 1,17,14400,12,227.70044146117985,-144.3692970062969,440.38710393855547,74.85000000000142,78.029166666668,9.352659349315369,0.0,0.0,0.0
PHASE 1,18,15200,12,227.70044146117985,-144.3692970062969,440.38710393855547,74.85000000000142,78.029166666668,9.352659349315369,0.0,0.0,0.0
PHASE 1,19,16000,16,239.97304803548806,-144.3692970062969,519.3564784323589,77.42395833333478,76.94270833333475,10.7007976711038,0.0,0.0,0.0
PHASE 1,20,16800,16,239.97304803548806,-144.3692970062969,519.3564784323589,77.42395833333478,76.94270833333475,10.7007976711038,0.0,0.0,0.0
PHASE 1,21,17600,16,239.97304803548806,-144.3692970062969,519.3564784323589,77.42395833333478,76.94270833333475,10.7007976711038,0.0,0.0,0.0
PHASE 1,22,18400,16,239.97304803548806,-144.3692970062969,519.3564784323589,77.42395833333478,76.94270833333475,10.7007976711038,0.0,0.0,0.0
PHASE 1,23,19200,16,239.97304803548806,-144.3692970062969,519.3564784323589,77.42395833333478,76.94270833333475,10.7007976711038,0.0,0.0,0.0
PHASE 1,24,20000,20,274.79620383757646,-144.3692970062969,552.5648552652676,84.39833333333482,77.50333333333485,14.111817146364931,0.0,0.0,0.0
PHASE 1,25,20800,20,274.7962038375764,-144.3692970062969,552.5648552652676,84.39833333333482,77.50333333333485,14.111817146364933,0.0,0.0,0.0
PHASE 1,26,21600,20,274.7962038375764,-144.3692970062969,552.5648552652676,84.39833333333482,77.50333333333485,14.111817146364933,0.0,0.0,0.0
PHASE 1,27,22400,20,274.7962038375764,-144.3692970062969,552.5648552652676,84.39833333333482,77.50333333333485,14.111817146364933,0.0,0.0,0.0
PHASE 1,28,23200,20,274.7962038375764,-144.3692970062969,552.5648552652676,84.39833333333482,77.50333333333485,14.111817146364933,0.0,0.0,0.0
PHASE 1,29,24000,24,377.53843682362964,-144.3692970062969,1054.1875541516474,116.46041666666804,92.91250000000146,21.020690019620364,0.0,0.0,0.0
PHASE 1,30,24800,24,377.53843682362964,-144.3692970062969,1054.1875541516474,116.46041666666804,92.91250000000146,21.02069001962036,0.0,0.0,0.0
PHASE 1,31,25600,24,377.53843682362964,-144.3692970062969,1054.1875541516474,116.46041666666804,92.91250000000146,21.02069001962036,0.0,0.0,0.0
PHASE 1,32,26400,24,377.53843682362964,-144.3692970062969,1054.1875541516474,116.46041666666804,92.91250000000146,21.02069001962036,0.0,0.0,0.0
PHASE 1,33,27200,24,377.53843682362964,-144.3692970062969,1054.1875541516474,116.46041666666804,92.91250000000146,21.02069001962036,0.0,0.0,0.0
PHASE 1,34,28000,28,404.0080090102178,-144.3692970062969,1054.1875541516474,123.60178571428709,94.11428571428723,23.286492197705773,0.0,0.0,0.0
PHASE 1,35,28800,28,404.0080090102178,-144.3692970062969,1054.1875541516474,123.60178571428706,94.11428571428723,23.28649219770577,0.0,0.0,0.0
PHASE 1,36,29600,28,404.0080090102178,-144.3692970062969,1054.1875541516474,123.60178571428706,94.11428571428723,23.28649219770577,0.0,0.0,0.0
PHASE 1,37,30400,28,404.0080090102178,-144.3692970062969,1054.1875541516474,123.60178571428706,94.11428571428723,23.28649219770577,0.0,0.0,0.0
PHASE 1,38,31200,28,404.0080090102178,-144.3692970062969,1054.1875541516474,123.60178571428706,94.11428571428723,23.28649219770577,0.0,0.0,0.0
PHASE 1,39,32000,32,468.7543267099881,-144.3692970062969,1139.7891911069983,141.36250000000126,107.97500000000147,27.427103338748076,0.0,0.0,0.0
PHASE 1,40,32800,32,468.7543267099881,-144.3692970062969,1139.7891911069983,141.36250000000126,107.97500000000147,27.427103338748076,0.0,0.0,0.0
PHASE 1,41,33600,32,468.7543267099881,-144.3692970062969,1139.7891911069983,141.36250000000126,107.97500000000147,27.427103338748076,0.0,0.0,0.0
PHASE 1,42,34400,32,468.7543267099881,-144.3692970062969,1139.7891911069983,141.36250000000126,107.97500000000147,27.427103338748076,0.0,0.0,0.0
PHASE 1,43,35200,32,468.7543267099881,-144.3692970062969,1139.7891911069983,141.36250000000126,107.97500000000147,27.427103338748076,0.0,0.0,0.0
PHASE 1,44,36000,36,510.2274709988829,-144.3692970062969,1188.6164035528116,150.18611111111238,117.97361111111253,30.25846859708183,0.0,0.0,0.0
PHASE 1,45,36800,36,510.2274709988829,-144.3692970062969,1188.6164035528116,150.18611111111235,117.97361111111253,30.258468597081837,0.0,0.0,0.0
PHASE 1,46,37600,36,510.2274709988829,-144.3692970062969,1188.6164035528116,150.18611111111235,117.97361111111253,30.258468597081837,0.0,0.0,0.0
PHASE 1,47,38400,36,510.2274709988829,-144.3692970062969,1188.6164035528116,150.18611111111235,117.97361111111253,30.258468597081837,0.0,0.0,0.0
PHASE 1,48,39200,36,510.2274709988829,-144.3692970062969,1188.6164035528116,150.18611111111235,117.97361111111253,30.258468597081837,0.0,0.0,0.0
PHASE 1,49,40000,40,557.939220277142,-144.3692970062969,1188.6164035528116,162.78083333333456,126.49416666666805,33.58302753464129,0.0,0.0,0.0
PHASE 1,50,40800,40,557.939220277142,-144.3692970062969,1188.6164035528116,162.78083333333456,126.49416666666805,33.58302753464129,0.0,0.0,0.0
PHASE 1,51,41600,40,557.939220277142,-144.3692970062969,1188.6164035528116,162.78083333333456,126.49416666666805,33.58302753464129,0.0,0.0,0.0
PHASE 1,52,42400,40,557.939220277142,-144.3692970062969,1188.6164035528116,162.78083333333456,126.49416666666805,33.58302753464129,0.0,0.0,0.0
PHASE 1,53,43200,40,557.939220277142,-144.3692970062969,1188.6164035528116,162.78083333333456,126.49416666666805,33.58302753464129,0.0,0.0,0.0
PHASE 1,54,44000,44,594.8705335335018,-144.3692970062969,1188.6164035528116,168.92045454545575,136.88371212121345,36.1332958583525,0.0,0.0,0.0
PHASE 1,55,44800,44,594.8705335335017,-144.3692970062969,1188.6164035528116,168.92045454545575,136.88371212121348,36.1332958583525,0.0,0.0,0.0
PHASE 1,56,45600,44,594.8705335335017,-144.3692970062969,1188.6164035528116,168.92045454545575,136.88371212121348,36.1332958583525,0.0,0.0,0.0
PHASE 1,57,46400,44,594.8705335335017,-144.3692970062969,1188.6164035528116,168.92045454545575,136.88371212121348,36.1332958583525,0.0,0.0,0.0
PHASE 1,58,47200,44,594.8705335335017,-144.3692970062969,1188.6164035528116,168.92045454545575,136.88371212121348,36.1332958583525,0.0,0.0,0.0
PHASE 1,59,48000,48,630.8488581053924,-144.3692970062969,1299.2949202189488,176.84930555555675,147.21875000000128,38.34760031872751,0.0,0.0,0.0
PHASE 1,60,48800,48,630.8488581053924,-144.3692970062969,1299.2949202189488,176.84930555555675,147.21875000000128,38.34760031872751,0.0,0.0,0.0
PHASE 1,61,49600,48,630.8488581053924,-144.3692970062969,1299.2949202189488,176.84930555555675,147.21875000000128,38.34760031872751,0.0,0.0,0.0
PHASE 1,62,50400,48,630.8488581053924,-144.3692970062969,1299.2949202189488,176.84930555555675,147.21875000000128,38.34760031872751,0.0,0.0,0.0
PHASE 1,63,51200,48,630.8488581053924,-144.3692970062969,1299.2949202189488,176.84930555555675,147.21875000000128,38.34760031872751,0.0,0.0,0.0
PHASE 1,64,52000,52,645.6537672616505,-144.3692970062969,1299.2949202189488,180.73076923077036,151.04775641025768,39.23440520257596,0.0,0.0,0.0
PHASE 1,65,52800,52,645.6537672616505,-144.3692970062969,1299.2949202189488,180.7307692307704,151.04775641025768,39.23440520257595,0.0,0.0,0.0
PHASE 1,66,53600,52,645.6537672616505,-144.3692970062969,1299.2949202189488,180.7307692307704,151.04775641025768,39.23440520257595,0.0,0.0,0.0
PHASE 1,67,54400,52,645.6537672616505,-144.3692970062969,1299.2949202189488,180.7307692307704,151.04775641025768,39.23440520257595,0.0,0.0,0.0
PHASE 1,68,55200,52,645.6537672616505,-144.3692970062969,1299.2949202189488,180.7307692307704,151.04775641025768,39.23440520257595,0.0,0.0,0.0
PHASE 1,69,56000,56,662.899650972204,-144.3692970062969,1299.2949202189488,185.34851190476306,152.72172619047745,40.60367660961844,0.0,0.0,0.0
PHASE 1,70,56800,56,662.899650972204,-144.3692970062969,1299.2949202189488,185.34851190476306,152.72172619047745,40.60367660961844,0.0,0.0,0.0
PHASE 1,71,57600,56,662.899650972204,-144.3692970062969,1299.2949202189488,185.34851190476306,152.72172619047745,40.60367660961844,0.0,0.0,0.0
PHASE 1,72,58400,56,662.899650972204,-144.3692970062969,1299.2949202189488,185.34851190476306,152.72172619047745,40.60367660961844,0.0,0.0,0.0
PHASE 1,73,59200,56,662.899650972204,-144.3692970062969,1299.2949202189488,185.34851190476306,152.72172619047745,40.60367660961844,0.0,0.0,0.0
PHASE 1,74,60000,60,690.9568756894552,-144.3692970062969,1299.2949202189488,190.52083333333448,159.50000000000125,42.61700529451293,0.0,0.0,0.0
PHASE 1,75,60800,60,690.9568756894553,-144.3692970062969,1299.2949202189488,190.52083333333448,159.50000000000122,42.617005294512936,0.0,0.0,0.0
PHASE 1,76,61600,60,690.9568756894553,-144.3692970062969,1299.2949202189488,190.52083333333448,159.50000000000122,42.617005294512936,0.0,0.0,0.0
PHASE 1,77,62400,60,690.9568756894553,-144.3692970062969,1299.2949202189488,190.52083333333448,159.50000000000122,42.617005294512936,0.0,0.0,0.0
PHASE 1,78,63200,60,690.9568756894553,-144.3692970062969,1299.2949202189488,190.52083333333448,159.50000000000122,42.617005294512936,0.0,0.0,0.0
PHASE 1,79,64000,64,708.4327628972264,-144.3692970062969,1299.2949202189488,194.16666666666777,163.71380208333454,43.81903676840114,0.0,0.0,0.0
PHASE 1,80,64800,64,708.4327628972264,-144.3692970062969,1299.2949202189488,194.16666666666777,163.71380208333454,43.81903676840115,0.0,0.0,0.0
PHASE 1,81,65600,64,708.4327628972264,-144.3692970062969,1299.2949202189488,194.16666666666777,163.71380208333454,43.81903676840115,0.0,0.0,0.0
PHASE 1,82,66400,64,708.4327628972264,-144.3692970062969,1299.2949202189488,194.16666666666777,163.71380208333454,43.81903676840115,0.0,0.0,0.0
PHASE 1,83,67200,64,708.4327628972264,-144.3692970062969,1299.2949202189488,194.16666666666777,163.71380208333454,43.81903676840115,0.0,0.0,0.0
PHASE 1,84,68000,68,744.8454350428462,-144.3692970062969,1435.379397254599,201.9830882352952,172.48799019607964,46.2967945764325,0.0,0.0,0.0
PHASE 1,85,68800,68,744.8454350428461,-144.3692970062969,1435.379397254599,201.9830882352952,172.48799019607964,46.2967945764325,0.0,0.0,0.0
PHASE 1,86,69600,68,744.8454350428461,-144.3692970062969,1435.379397254599,201.9830882352952,172.48799019607964,46.2967945764325,0.0,0.0,0.0
PHASE 1,87,70400,68,744.8454350428461,-144.3692970062969,1435.379397254599,201.9830882352952,172.48799019607964,46.2967945764325,0.0,0.0,0.0
PHASE 1,88,71200,68,744.8454350428461,-144.3692970062969,1435.379397254599,201.9830882352952,172.48799019607964,46.2967945764325,0.0,0.0,0.0
PHASE 1,89,72000,72,770.540890619318,-144.3692970062969,1435.379397254599,205.73680555555663,180.65949074074192,48.018074290376305,0.0,0.0,0.0
PHASE 1,90,72800,72,770.540890619318,-144.3692970062969,1435.379397254599,205.7368055555566,180.65949074074192,48.018074290376305,0.0,0.0,0.0
PHASE 1,91,73600,72,770.540890619318,-144.3692970062969,1435.379397254599,205.7368055555566,180.65949074074192,48.018074290376305,0.0,0.0,0.0
PHASE 1,92,74400,72,770.540890619318,-144.3692970062969,1435.379397254599,205.7368055555566,180.65949074074192,48.018074290376305,0.0,0.0,0.0
PHASE 1,93,75200,72,770.540890619318,-144.3692970062969,1435.379397254599,205.7368055555566,180.65949074074192,48.018074290376305,0.0,0.0,0.0
PHASE 1,94,76000,76,791.3653224981963,-144.3692970062969,1435.379397254599,209.040350877194,188.04583333333449,49.28489228595731,0.0,0.0,0.0
PHASE 1,95,76800,76,791.3653224981963,-144.3692970062969,1435.379397254599,209.04035087719402,188.04583333333449,49.28489228595731,0.0,0.0,0.0
PHASE 1,96,77600,76,791.3653224981963,-144.3692970062969,1435.379397254599,209.04035087719402,188.04583333333449,49.28489228595731,0.0,0.0,0.0
PHASE 1,97,78400,76,791.3653224981963,-144.3692970062969,1435.379397254599,209.04035087719402,188.04583333333449,49.28489228595731,0.0,0.0,0.0
PHASE 1,98,79200,76,791.3653224981963,-144.3692970062969,1435.379397254599,209.04035087719402,188.04583333333449,49.28489228595731,0.0,0.0,0.0
PHASE 1,99,80000,80,809.7321918627808,-144.3692970062969,1507.3247789696711,212.16416666666774,193.09625000000113,50.55897189951297,0.0,0.0,0.0
PHASE 1,100,80800,80,809.7321918627808,-144.3692970062969,1507.3247789696711,212.16416666666774,193.09625000000113,50.55897189951297,0.0,0.0,0.0
PHASE 1,101,81600,80,809.7321918627808,-144.3692970062969,1507.3247789696711,212.16416666666774,193.09625000000113,50.55897189951297,0.0,0.0,0.0
PHASE 1,102,82400,80,809.7321918627808,-144.3692970062969,1507.3247789696711,212.16416666666774,193.09625000000113,50.55897189951297,0.0,0.0,0.0
PHASE 1,103,83200,80,809.7321918627808,-144.3692970062969,1507.3247789696711,212.16416666666774,193.09625000000113,50.55897189951297,0.0,0.0,0.0
PHASE 1,104,84000,84,827.5037399117858,-144.3692970062969,1507.3247789696711,218.38333333333435,194.1293650793662,51.87388018738468,0.0,0.0,0.0
PHASE 1,105,84800,84,827.5037399117858,-144.3692970062969,1507.3247789696711,218.38333333333438,194.12936507936624,51.87388018738469,0.0,0.0,0.0
PHASE 1,106,85600,84,827.5037399117858,-144.3692970062969,1507.3247789696711,218.38333333333438,194.12936507936624,51.87388018738469,0.0,0.0,0.0
PHASE 1,107,86400,84,827.5037399117858,-144.3692970062969,1507.3247789696711,218.38333333333438,194.12936507936624,51.87388018738469,0.0,0.0,0.0
PHASE 1,108,87200,84,827.5037399117858,-144.3692970062969,1507.3247789696711,218.38333333333438,194.12936507936624,51.87388018738469,0.0,0.0,0.0
PHASE 1,109,88000,88,851.6951171737111,-144.3692970062969,1630.9116005015728,224.36799242424343,199.8348484848496,53.43653453307647,0.0,0.0,0.0
PHASE 1,110,88800,88,851.6951171737111,-144.3692970062969,1630.9116005015728,224.36799242424343,199.8348484848496,53.436534533076475,0.0,0.0,0.0
PHASE 1,111,89600,88,851.6951171737111,-144.3692970062969,1630.9116005015728,224.36799242424343,199.8348484848496,53.436534533076475,0.0,0.0,0.0
PHASE 1,112,90400,88,851.6951171737111,-144.3692970062969,1630.9116005015728,224.36799242424343,199.8348484848496,53.436534533076475,0.0,0.0,0.0
PHASE 1,113,91200,88,851.6951171737111,-144.3692970062969,1630.9116005015728,224.36799242424343,199.8348484848496,53.436534533076475,0.0,0.0,0.0
PHASE 1,114,92000,92,868.8596658209491,-144.3692970062969,1630.9116005015728,228.6173913043488,203.88931159420395,54.54412036529905,0.0,0.0,0.0
PHASE 1,115,92800,92,868.8596658209491,-144.3692970062969,1630.9116005015728,228.61739130434884,203.88931159420403,54.544120365299065,0.0,0.0,0.0
PHASE 1,116,93600,92,868.8596658209491,-144.3692970062969,1630.9116005015728,228.61739130434884,203.88931159420403,54.544120365299065,0.0,0.0,0.0
PHASE 1,117,94400,92,868.8596658209491,-144.3692970062969,1630.9116005015728,228.61739130434884,203.88931159420403,54.544120365299065,0.0,0.0,0.0
PHASE 1,118,95200,92,868.8596658209491,-144.3692970062969,1630.9116005015728,228.61739130434884,203.88931159420403,54.544120365299065,0.0,0.0,0.0
PHASE 1,119,96000,96,886.0752833642695,-144.3692970062969,1630.9116005015728,235.29166666666765,204.8506944444455,55.74161528164433,0.0,0.0,0.0
PHASE 1,120,96800,96,886.0752833642695,-144.3692970062969,1630.9116005015728,235.29166666666765,204.85069444444557,55.741615281644336,0.0,0.0,0.0
PHASE 1,121,97600,96,886.0752833642695,-144.3692970062969,1630.9116005015728,235.29166666666765,204.85069444444557,55.741615281644336,0.0,0.0,0.0
PHASE 1,122,98400,96,886.0752833642695,-144.3692970062969,1630.9116005015728,235.29166666666765,204.85069444444557,55.741615281644336,0.0,0.0,0.0
PHASE 1,123,99200,96,886.0752833642695,-144.3692970062969,1630.9116005015728,235.29166666666765,204.85069444444557,55.741615281644336,0.0,0.0,0.0
PHASE 1,124,100000,100,893.7407435518413,-144.3692970062969,1630.9116005015728,237.46916666666766,205.41983333333442,56.356467943979794,0.0,0.0,0.0
PHASE 1,125,100800,100,893.7407435518414,-144.3692970062969,1630.9116005015728,237.46916666666766,205.41983333333442,56.356467943979794,0.0,0.0,0.0
PHASE 1,126,101600,100,893.7407435518414,-144.3692970062969,1630.9116005015728,237.46916666666766,205.41983333333442,56.356467943979794,0.0,0.0,0.0
PHASE 1,127,102400,100,893.7407435518414,-144.3692970062969,1630.9116005015728,237.46916666666766,205.41983333333442,56.356467943979794,0.0,0.0,0.0
PHASE 1,128,103200,100,893.7407435518414,-144.3692970062969,1630.9116005015728,237.46916666666766,205.41983333333442,56.356467943979794,0.0,0.0,0.0
PHASE 1,129,104000,104,914.7651565891877,-144.3692970062969,1630.9116005015728,242.42000000000098,208.6403333333344,57.96310290698109,0.0,0.0,0.0
PHASE 1,130,104800,104,914.7651565891879,-144.3692970062969,1630.9116005015728,242.42000000000095,208.64033333333447,57.96310290698109,0.0,0.0,0.0
PHASE 1,131,105600,104,914.7651565891879,-144.3692970062969,1630.9116005015728,242.42000000000095,208.64033333333447,57.96310290698109,0.0,0.0,0.0
PHASE 1,132,106400,104,914.7651565891879,-144.3692970062969,1630.9116005015728,242.42000000000095,208.64033333333447,57.96310290698109,0.0,0.0,0.0
PHASE 1,133,107200,104,914.7651565891879,-144.3692970062969,1630.9116005015728,242.42000000000095,208.64033333333447,57.96310290698109,0.0,0.0,0.0
PHASE 1,134,108000,108,958.3870054549883,-144.3692970062969,1630.9116005015728,253.44666666666762,217.08366666666774,60.982084015206325,0.0,0.0,0.0
PHASE 1,135,108800,108,958.3870054549881,-144.3692970062969,1630.9116005015728,253.4466666666676,217.08366666666777,60.98208401520632,0.0,0.0,0.0
PHASE 1,136,109600,108,958.3870054549881,-144.3692970062969,1630.9116005015728,253.4466666666676,217.08366666666777,60.98208401520632,0.0,0.0,0.0
PHASE 1,137,110400,108,958.3870054549881,-144.3692970062969,1630.9116005015728,253.4466666666676,217.08366666666777,60.98208401520632,0.0,0.0,0.0
PHASE 1,138,111200,108,958.3870054549881,-144.3692970062969,1630.9116005015728,253.4466666666676,217.08366666666777,60.98208401520632,0.0,0.0,0.0
PHASE 1,139,112000,112,1002.7601681445174,65.9566639319719,1630.9116005015728,264.22116666666756,225.0713333333344,64.18345851806416,0.0,0.0,0.0
PHASE 1,140,112800,112,1002.7601681445173,65.9566639319719,1630.9116005015728,264.2211666666676,225.07133333333445,64.18345851806416,0.0,0.0,0.0
PHASE 1,141,113600,112,1002.7601681445173,65.9566639319719,1630.9116005015728,264.2211666666676,225.07133333333445,64.18345851806416,0.0,0.0,0.0
PHASE 1,142,114400,112,1002.7601681445173,65.9566639319719,1630.9116005015728,264.2211666666676,225.07133333333445,64.18345851806416,0.0,0.0,0.0
PHASE 1,143,115200,112,1002.7601681445173,65.9566639319719,1630.9116005015728,264.2211666666676,225.07133333333445,64.18345851806416,0.0,0.0,0.0
PHASE 1,144,116000,116,1042.074818009653,276.80406482105707,1630.9116005015728,272.92150000000095,233.76233333333442,66.92387308453952,0.0,0.0,0.0
PHASE 1,145,116800,116,1042.074818009653,276.80406482105707,1630.9116005015728,272.92150000000095,233.7623333333344,66.92387308453952,0.0,0.0,0.0
PHASE 1,146,117600,116,1042.074818009653,276.80406482105707,1630.9116005015728,272.92150000000095,233.7623333333344,66.92387308453952,0.0,0.0,0.0
PHASE 1,147,118400,116,1042.074818009653,276.80406482105707,1630.9116005015728,272.92150000000095,233.7623333333344,66.92387308453952,0.0,0.0,0.0
PHASE 1,148,119200,116,1042.074818009653,276.80406482105707,1630.9116005015728,272.92150000000095,233.7623333333344,66.92387308453952,0.0,0.0,0.0
PHASE 1,149,120000,120,1071.7143198185647,276.80406482105707,1630.9116005015728,277.80500000000086,243.44633333333434,68.80787331065336,0.0,0.0,0.0
PHASE 1,150,120800,120,1071.7143198185645,276.80406482105707,1630.9116005015728,277.80500000000086,243.44633333333434,68.80787331065336,0.0,0.0,0.0
PHASE 1,151,121600,120,1071.7143198185645,276.80406482105707,1630.9116005015728,277.80500000000086,243.44633333333434,68.80787331065336,0.0,0.0,0.0
PHASE 1,152,122400,120,1071.7143198185645,276.80406482105707,1630.9116005015728,277.80500000000086,243.44633333333434,68.80787331065336,0.0,0.0,0.0
PHASE 1,153,123200,120,1071.7143198185645,276.80406482105707,1630.9116005015728,277.80500000000086,243.44633333333434,68.80787331065336,0.0,0.0,0.0
PHASE 1,154,124000,124,1076.0642369130935,276.80406482105707,1630.9116005015728,276.3931666666675,246.48450000000096,69.14832128080283,0.0,0.0,0.0
PHASE 1,155,124800,124,1076.0642369130937,276.80406482105707,1630.9116005015728,276.3931666666675,246.484500000001,69.14832128080283,0.0,0.0,0.0
PHASE 1,156,125600,124,1076.0642369130937,276.80406482105707,1630.9116005015728,276.3931666666675,246.484500000001,69.14832128080283,0.0,0.0,0.0
PHASE 1,157,126400,124,1076.0642369130937,276.80406482105707,1630.9116005015728,276.3931666666675,246.484500000001,69.14832128080283,0.0,0.0,0.0
PHASE 1,158,127200,124,1076.0642369130937,276.80406482105707,1630.9116005015728,276.3931666666675,246.484500000001,69.14832128080283,0.0,0.0,0.0
PHASE 1,159,128000,128,1103.3321207465508,342.17768329995084,1676.8728884532939,279.8910000000009,256.6556666666676,70.8481817599849,0.0,0.0,0.0
PHASE 1,160,128800,128,1103.3321207465508,342.17768329995084,1676.8728884532939,279.8910000000009,256.6556666666676,70.8481817599849,0.0,0.0,0.0
PHASE 1,161,129600,128,1103.3321207465508,342.17768329995084,1676.8728884532939,279.8910000000009,256.6556666666676,70.8481817599849,0.0,0.0,0.0
PHASE 1,162,130400,128,1103.3321207465508,342.17768329995084,1676.8728884532939,279.8910000000009,256.6556666666676,70.8481817599849,0.0,0.0,0.0
PHASE 1,163,131200,128,1103.3321207465508,342.17768329995084,1676.8728884532939,279.8910000000009,256.6556666666676,70.8481817599849,0.0,0.0,0.0
PHASE 1,164,132000,132,1107.8960221576833,342.17768329995084,1676.8728884532939,279.80066666666755,257.25800000000095,71.35466943637647,0.0,0.0,0.0
PHASE 1,165,132800,132,1107.8960221576835,342.17768329995084,1676.8728884532939,279.80066666666755,257.25800000000095,71.35466943637647,0.0,0.0,0.0
PHASE 1,166,133600,132,1107.8960221576835,342.17768329995084,1676.8728884532939,279.80066666666755,257.25800000000095,71.35466943637647,0.0,0.0,0.0
PHASE 1,167,134400,132,1107.8960221576835,342.17768329995084,1676.8728884532939,279.80066666666755,257.25800000000095,71.35466943637647,0.0,0.0,0.0
PHASE 1,168,135200,132,1107.8960221576835,342.17768329995084,1676.8728884532939,279.80066666666755,257.25800000000095,71.35466943637647,0.0,0.0,0.0
PHASE 1,169,136000,136,1127.0680525280827,342.17768329995084,1676.8728884532939,283.2851666666675,263.3960000000009,72.5483607326766,0.0,0.0,0.0
PHASE 1,170,136800,136,1127.0680525280827,342.17768329995084,1676.8728884532939,283.2851666666676,263.396000000001,72.5483607326766,0.0,0.0,0.0
PHASE 1,171,137600,136,1127.0680525280827,342.17768329995084,1676.8728884532939,283.2851666666676,263.396000000001,72.5483607326766,0.0,0.0,0.0
PHASE 1,172,138400,136,1127.0680525280827,342.17768329995084,1676.8728884532939,283.2851666666676,263.396000000001,72.5483607326766,0.0,0.0,0.0
PHASE 1,173,139200,136,1127.0680525280827,342.17768329995084,1676.8728884532939,283.2851666666676,263.396000000001,72.5483607326766,0.0,0.0,0.0
PHASE 1,174,140000,140,1136.939969780617,342.17768329995084,1676.8728884532939,284.7206666666675,266.8236666666676,73.17445455591043,0.0,0.0,0.0
PHASE 1,175,140800,140,1136.939969780617,342.17768329995084,1676.8728884532939,284.7206666666675,266.8236666666676,73.17445455591043,0.0,0.0,0.0
PHASE 1,176,141600,140,1136.939969780617,342.17768329995084,1676.8728884532939,284.7206666666675,266.8236666666676,73.17445455591043,0.0,0.0,0.0
PHASE 1,177,142400,140,1136.939969780617,342.17768329995084,1676.8728884532939,284.7206666666675,266.8236666666676,73.17445455591043,0.0,0.0,0.0
PHASE 1,178,143200,140,1136.939969780617,342.17768329995084,1676.8728884532939,284.7206666666675,266.8236666666676,73.17445455591043,0.0,0.0,0.0
PHASE 1,179,144000,144,1145.81940666348,342.17768329995084,1676.8728884532939,284.51650000000086,271.10000000000093,73.77536333293523,0.0,0.0,0.0
PHASE 1,180,144800,144,1145.81940666348,342.17768329995084,1676.8728884532939,284.51650000000086,271.10000000000093,73.77536333293523,0.0,0.0,0.0
PHASE 1,181,145600,144,1145.81940666348,342.17768329995084,1676.8728884532939,284.51650000000086,271.10000000000093,73.77536333293523,0.0,0.0,0.0
PHASE 1,182,146400,144,1145.81940666348,342.17768329995084,1676.8728884532939,284.51650000000086,271.10000000000093,73.77536333293523,0.0,0.0,0.0
PHASE 1,183,147200,144,1145.81940666348,342.17768329995084,1676.8728884532939,284.51650000000086,271.10000000000093,73.77536333293523,0.0,0.0,0.0
PHASE 1,184,148000,148,1154.3990383117555,342.17768329995084,1676.8728884532939,287.11866666666754,270.91000000000093,74.54629645563664,0.0,0.0,0.0
PHASE 1,185,148800,148,1154.3990383117555,342.17768329995084,1676.8728884532939,287.11866666666754,270.91000000000093,74.54629645563664,0.0,0.0,0.0
PHASE 1,186,149600,148,1154.3990383117555,342.17768329995084,1676.8728884532939,287.11866666666754,270.91000000000093,74.54629645563664,0.0,0.0,0.0
PHASE 1,187,150400,148,1154.3990383117555,342.17768329995084,1676.8728884532939,287.11866666666754,270.91000000000093,74.54629645563664,0.0,0.0,0.0
PHASE 1,188,151200,148,1154.3990383117555,342.17768329995084,1676.8728884532939,287.11866666666754,270.91000000000093,74.54629645563664,0.0,0.0,0.0
PHASE 1,189,152000,152,1174.9861146356966,550.1486682817915,1676.8728884532939,291.98583333333426,275.43250000000097,75.94597266279624,0.0,0.0,0.0
PHASE 1,190,152800,152,1174.9861146356966,550.1486682817915,1676.8728884532939,291.98583333333426,275.43250000000097,75.94597266279625,0.0,0.0,0.0
PHASE 1,191,153600,152,1174.9861146356966,550.1486682817915,1676.8728884532939,291.98583333333426,275.43250000000097,75.94597266279625,0.0,0.0,0.0
PHASE 1,192,154400,152,1174.9861146356966,550.1486682817915,1676.8728884532939,291.98583333333426,275.43250000000097,75.94597266279625,0.0,0.0,0.0
PHASE 1,193,155200,152,1174.9861146356966,550.1486682817915,1676.8728884532939,291.98583333333426,275.43250000000097,75.94597266279625,0.0,0.0,0.0
PHASE 1,194,156000,156,1195.1505953380627,550.1486682817915,1676.8728884532939,294.43000000000086,283.81516666666755,77.11317858392572,0.0,0.0,0.0
PHASE 1,195,156800,156,1195.1505953380627,550.1486682817915,1676.8728884532939,294.43000000000086,283.81516666666755,77.11317858392572,0.0,0.0,0.0
PHASE 1,196,157600,156,1195.1505953380627,550.1486682817915,1676.8728884532939,294.43000000000086,283.81516666666755,77.11317858392572,0.0,0.0,0.0
PHASE 1,197,158400,156,1195.1505953380627,550.1486682817915,1676.8728884532939,294.43000000000086,283.81516666666755,77.11317858392572,0.0,0.0,0.0
PHASE 1,198,159200,156,1195.1505953380627,550.1486682817915,1676.8728884532939,294.43000000000086,283.81516666666755,77.11317858392572,0.0,0.0,0.0
PHASE 1,199,160000,160,1207.924397166726,550.1486682817915,1676.8728884532939,297.52833333333416,287.70616666666757,77.83623714584232,0.0,0.0,0.0
PHASE 1,200,160800,160,1207.9243971667258,550.1486682817915,1676.8728884532939,297.5283333333342,287.70616666666757,77.83623714584232,0.0,0.0,0.0
PHASE 1,201,161600,160,1207.9243971667258,550.1486682817915,1676.8728884532939,297.5283333333342,287.70616666666757,77.83623714584232,0.0,0.0,0.0
PHASE 1,202,162400,160,1207.9243971667258,550.1486682817915,1676.8728884532939,297.5283333333342,287.70616666666757,77.83623714584232,0.0,0.0,0.0
PHASE 1,203,163200,160,1207.9243971667258,550.1486682817915,1676.8728884532939,297.5283333333342,287.70616666666757,77.83623714584232,0.0,0.0,0.0
PHASE 1,204,164000,164,1221.6259184059154,610.9396740100416,1676.8728884532939,301.31083333333413,290.74100000000095,78.69676063407456,0.0,0.0,0.0
PHASE 1,205,164800,164,1221.6259184059154,610.9396740100416,1676.8728884532939,301.3108333333342,290.7410000000009,78.69676063407456,0.0,0.0,0.0
PHASE 1,206,165600,164,1221.6259184059154,610.9396740100416,1676.8728884532939,301.3108333333342,290.7410000000009,78.69676063407456,0.0,0.0,0.0
PHASE 1,207,166400,164,1221.6259184059154,610.9396740100416,1676.8728884532939,301.3108333333342,290.7410000000009,78.69676063407456,0.0,0.0,0.0
PHASE 1,208,167200,164,1221.6259184059154,610.9396740100416,1676.8728884532939,301.3108333333342,290.7410000000009,78.69676063407456,0.0,0.0,0.0
PHASE 1,209,168000,168,1223.6299799947305,610.9396740100416,1676.8728884532939,304.22400000000084,290.64716666666754,78.59485166600976,0.0,0.0,0.0
PHASE 1,210,168800,168,1223.6299799947305,610.9396740100416,1676.8728884532939,304.22400000000084,290.64716666666754,78.59485166600975,0.0,0.0,0.0
PHASE 1,211,169600,168,1223.6299799947305,610.9396740100416,1676.8728884532939,304.22400000000084,290.64716666666754,78.59485166600975,0.0,0.0,0.0
PHASE 1,212,170400,168,1223.6299799947305,610.9396740100416,1676.8728884532939,304.22400000000084,290.64716666666754,78.59485166600975,0.0,0.0,0.0
PHASE 1,213,171200,168,1223.6299799947305,610.9396740100416,1676.8728884532939,304.22400000000084,290.64716666666754,78.59485166600975,0.0,0.0,0.0
PHASE 1,214,172000,172,1225.252134331078,610.9396740100416,1676.8728884532939,305.17966666666746,290.82716666666755,78.65566262471981,0.0,0.0,0.0
PHASE 1,215,172800,172,1225.252134331078,610.9396740100416,1676.8728884532939,305.17966666666746,290.82716666666755,78.65566262471981,0.0,0.0,0.0
PHASE 1,216,173600,172,1225.252134331078,610.9396740100416,1676.8728884532939,305.17966666666746,290.82716666666755,78.65566262471981,0.0,0.0,0.0
PHASE 1,217,174400,172,1225.252134331078,610.9396740100416,1676.8728884532939,305.17966666666746,290.82716666666755,78.65566262471981,0.0,0.0,0.0
PHASE 1,218,175200,172,1225.252134331078,610.9396740100416,1676.8728884532939,305.17966666666746,290.82716666666755,78.65566262471981,0.0,0.0,0.0
PHASE 1,219,176000,176,1229.2203938190496,610.9396740100416,1676.8728884532939,307.1450000000008,290.4391666666676,78.95452839404994,0.0,0.0,0.0
PHASE 1,220,176800,176,1229.2203938190498,610.9396740100416,1676.8728884532939,307.1450000000008,290.4391666666676,78.95452839404993,0.0,0.0,0.0
PHASE 1,221,177600,176,1229.2203938190498,610.9396740100416,1676.8728884532939,307.1450000000008,290.4391666666676,78.95452839404993,0.0,0.0,0.0
PHASE 1,222,178400,176,1229.2203938190498,610.9396740100416,1676.8728884532939,307.1450000000008,290.4391666666676,78.95452839404993,0.0,0.0,0.0
PHASE 1,223,179200,176,1229.2203938190498,610.9396740100416,1676.8728884532939,307.1450000000008,290.4391666666676,78.95452839404993,0.0,0.0,0.0
PHASE 1,224,180000,180,1230.6439984145943,610.9396740100416,1676.8728884532939,307.8595000000008,289.56466666666756,79.15247896849296,0.0,0.0,0.0
PHASE 1,225,180800,180,1230.643998414594,610.9396740100416,1676.8728884532939,307.8595000000008,289.56466666666756,79.15247896849296,0.0,0.0,0.0
PHASE 1,226,181600,180,1230.643998414594,610.9396740100416,1676.8728884532939,307.8595000000008,289.56466666666756,79.15247896849296,0.0,0.0,0.0
PHASE 1,227,182400,180,1230.643998414594,610.9396740100416,1676.8728884532939,307.8595000000008,289.56466666666756,79.15247896849296,0.0,0.0,0.0
PHASE 1,228,183200,180,1230.643998414594,610.9396740100416,1676.8728884532939,307.8595000000008,289.56466666666756,79.15247896849296,0.0,0.0,0.0
PHASE 1,229,184000,184,1228.6323196876633,610.9396740100416,1676.8728884532939,304.90100000000086,291.61183333333423,79.01493579429324,0.0,0.0,0.0
PHASE 1,230,184800,184,1228.6323196876635,610.9396740100416,1676.8728884532939,304.9010000000008,291.61183333333423,79.01493579429322,0.0,0.0,0.0
PHASE 1,231,185600,184,1228.6323196876635,610.9396740100416,1676.8728884532939,304.9010000000008,291.61183333333423,79.01493579429322,0.0,0.0,0.0
PHASE 1,232,186400,184,1228.6323196876635,610.9396740100416,1676.8728884532939,304.9010000000008,291.61183333333423,79.01493579429322,0.0,0.0,0.0
PHASE 1,233,187200,184,1228.6323196876635,610.9396740100416,1676.8728884532939,304.9010000000008,291.61183333333423,79.01493579429322,0.0,0.0,0.0
PHASE 1,234,188000,188,1224.627253064609,610.9396740100416,1676.8728884532939,305.1581666666675,289.21183333333425,78.78215663307799,0.0,0.0,0.0
PHASE 1,235,188800,188,1224.627253064609,610.9396740100416,1676.8728884532939,305.1581666666675,289.2118333333342,78.78215663307799,0.0,0.0,0.0
PHASE 1,236,189600,188,1224.627253064609,610.9396740100416,1676.8728884532939,305.1581666666675,289.2118333333342,78.78215663307799,0.0,0.0,0.0
PHASE 1,237,190400,188,1224.627253064609,610.9396740100416,1676.8728884532939,305.1581666666675,289.2118333333342,78.78215663307799,0.0,0.0,0.0
PHASE 1,238,191200,188,1224.627253064609,610.9396740100416,1676.8728884532939,305.1581666666675,289.2118333333342,78.78215663307799,0.0,0.0,0.0
PHASE 1,239,192000,192,1222.2155382160804,610.9396740100416,1676.8728884532939,303.24750000000085,288.23383333333425,78.84177561034511,0.0,0.0,0.0
PHASE 1,240,192800,192,1222.2155382160804,610.9396740100416,1676.8728884532939,303.24750000000085,288.2338333333343,78.84177561034511,0.0,0.0,0.0
PHASE 1,241,193600,192,1222.2155382160804,610.9396740100416,1676.8728884532939,303.24750000000085,288.2338333333343,78.84177561034511,0.0,0.0,0.0
PHASE 1,242,194400,192,1222.2155382160804,610.9396740100416,1676.8728884532939,303.24750000000085,288.2338333333343,78.84177561034511,0.0,0.0,0.0
PHASE 1,243,195200,192,1222.2155382160804,610.9396740100416,1676.8728884532939,303.24750000000085,288.2338333333343,78.84177561034511,0.0,0.0,0.0
PHASE 1,244,196000,196,1218.1758022358365,610.9396740100416,1676.8728884532939,300.58366666666757,289.05133333333424,78.56760027948114,0.0,0.0,0.0
PHASE 1,245,196800,196,1218.1758022358365,610.9396740100416,1676.8728884532939,300.5836666666675,289.05133333333424,78.56760027948114,0.0,0.0,0.0
PHASE 1,246,197600,196,1218.1758022358365,610.9396740100416,1676.8728884532939,300.5836666666675,289.05133333333424,78.56760027948114,0.0,0.0,0.0
PHASE 1,247,198400,196,1218.1758022358365,610.9396740100416,1676.8728884532939,300.5836666666675,289.05133333333424,78.56760027948114,0.0,0.0,0.0
PHASE 1,248,199200,196,1218.1758022358365,610.9396740100416,1676.8728884532939,300.5836666666675,289.05133333333424,78.56760027948114,0.0,0.0,0.0
PHASE 1,249,200000,200,1229.074574286752,610.9396740100416,1676.8728884532939,304.1330000000008,291.1318333333342,79.22621761917895,0.0,0.0,0.0
PHASE 1,250,200800,200,1229.074574286752,610.9396740100416,1676.8728884532939,304.1330000000008,291.13183333333427,79.22621761917895,0.0,0.0,0.0
PHASE 1,251,201600,200,1229.074574286752,610.9396740100416,1676.8728884532939,304.1330000000008,291.13183333333427,79.22621761917895,0.0,0.0,0.0
PHASE 1,252,202400,200,1229.074574286752,610.9396740100416,1676.8728884532939,304.1330000000008,291.13183333333427,79.22621761917895,0.0,0.0,0.0
PHASE 1,253,203200,200,1229.074574286752,610.9396740100416,1676.8728884532939,304.1330000000008,291.13183333333427,79.22621761917895,0.0,0.0,0.0
PHASE 1,254,204000,204,1242.7373502525643,610.9396740100416,1676.8728884532939,307.06066666666743,295.28866666666755,80.04850211490584,0.0,0.0,0.0
PHASE 1,255,204800,204,1242.7373502525643,610.9396740100416,1676.8728884532939,307.06066666666743,295.28866666666755,80.04850211490584,0.0,0.0,0.0
PHASE 1,256,205600,204,1242.7373502525643,610.9396740100416,1676.8728884532939,307.06066666666743,295.28866666666755,80.04850211490584,0.0,0.0,0.0
PHASE 1,257,206400,204,1242.7373502525643,610.9396740100416,1676.8728884532939,307.06066666666743,295.28866666666755,80.04850211490584,0.0,0.0,0.0
PHASE 1,258,207200,204,1242.7373502525643,610.9396740100416,1676.8728884532939,307.06066666666743,295.28866666666755,80.04850211490584,0.0,0.0,0.0
PHASE 1,259,208000,208,1231.5431114433807,610.9396740100416,1676.8728884532939,302.7128333333341,292.8350000000009,79.49940976375763,0.0,0.0,0.0
PHASE 1,260,208800,208,1231.5431114433807,610.9396740100416,1676.8728884532939,302.7128333333342,292.83500000000083,79.49940976375764,0.0,0.0,0.0
PHASE 1,261,209600,208,1231.5431114433807,610.9396740100416,1676.8728884532939,302.7128333333342,292.83500000000083,79.49940976375764,0.0,0.0,0.0
PHASE 1,262,210400,208,1231.5431114433807,610.9396740100416,1676.8728884532939,302.7128333333342,292.83500000000083,79.49940976375764,0.0,0.0,0.0
PHASE 1,263,211200,208,1231.5431114433807,610.9396740100416,1676.8728884532939,302.7128333333342,292.83500000000083,79.49940976375764,0.0,0.0,0.0
PHASE 1,264,212000,212,1225.7195288395922,610.9396740100416,1676.8728884532939,299.2465000000009,293.33083333333417,79.142774438284,0.0,0.0,0.0
PHASE 1,265,212800,212,1225.7195288395922,610.9396740100416,1676.8728884532939,299.2465000000008,293.33083333333417,79.142774438284,0.0,0.0,0.0
PHASE 1,266,213600,212,1225.7195288395922,610.9396740100416,1676.8728884532939,299.2465000000008,293.33083333333417,79.142774438284,0.0,0.0,0.0
PHASE 1,267,214400,212,1225.7195288395922,610.9396740100416,1676.8728884532939,299.2465000000008,293.33083333333417,79.142774438284,0.0,0.0,0.0
PHASE 1,268,215200,212,1225.7195288395922,610.9396740100416,1676.8728884532939,299.2465000000008,293.33083333333417,79.142774438284,0.0,0.0,0.0
PHASE 1,269,216000,216,1226.5651429758911,610.9396740100416,1676.8728884532939,301.18466666666745,291.6806666666675,79.21247620532132,0.0,0.0,0.0
PHASE 1,270,216800,216,1226.565142975891,610.9396740100416,1676.8728884532939,301.18466666666745,291.6806666666675,79.21247620532132,0.0,0.0,0.0
PHASE 1,271,217600,216,1226.565142975891,610.9396740100416,1676.8728884532939,301.18466666666745,291.6806666666675,79.21247620532132,0.0,0.0,0.0
PHASE 1,272,218400,216,1226.565142975891,610.9396740100416,1676.8728884532939,301.18466666666745,291.6806666666675,79.21247620532132,0.0,0.0,0.0
PHASE 1,273,219200,216,1226.565142975891,610.9396740100416,1676.8728884532939,301.18466666666745,291.6806666666675,79.21247620532132,0.0,0.0,0.0
PHASE 1,274,220000,220,1220.253670665497,610.9396740100416,1676.8728884532939,301.9153333333341,287.03316666666757,78.91314633318865,0.0,0.0,0.0
PHASE 1,275,220800,220,1220.253670665497,610.9396740100416,1676.8728884532939,301.9153333333341,287.03316666666757,78.91314633318865,0.0,0.0,0.0
PHASE 1,276,221600,220,1220.253670665497,610.9396740100416,1676.8728884532939,301.9153333333341,287.03316666666757,78.91314633318865,0.0,0.0,0.0
PHASE 1,277,222400,220,1220.253670665497,610.9396740100416,1676.8728884532939,301.9153333333341,287.03316666666757,78.91314633318865,0.0,0.0,0.0
PHASE 1,278,223200,220,1220.253670665497,610.9396740100416,1676.8728884532939,301.9153333333341,287.03316666666757,78.91314633318865,0.0,0.0,0.0
PHASE 1,279,224000,224,1227.5855710394428,610.9396740100416,1676.8728884532939,303.2508333333341,288.5366666666676,79.47475887993214,0.0,0.0,0.0
PHASE 1,280,224800,224,1227.585571039443,610.9396740100416,1676.8728884532939,303.2508333333342,288.53666666666754,79.47475887993214,0.0,0.0,0.0
PHASE 1,281,225600,224,1227.585571039443,610.9396740100416,1676.8728884532939,303.2508333333342,288.53666666666754,79.47475887993214,0.0,0.0,0.0
PHASE 1,282,226400,224,1227.585571039443,610.9396740100416,1676.8728884532939,303.2508333333342,288.53666666666754,79.47475887993214,0.0,0.0,0.0
PHASE 1,283,227200,224,1227.585571039443,610.9396740100416,1676.8728884532939,303.2508333333342,288.53666666666754,79.47475887993214,0.0,0.0,0.0
PHASE 1,284,228000,228,1226.5028430009595,610.9396740100416,1658.1132895889673,306.01166666666745,284.3288333333342,79.52029287512183,0.0,0.0,0.0
PHASE 1,285,228800,228,1226.5028430009595,610.9396740100416,1658.1132895889673,306.01166666666745,284.3288333333342,79.52029287512184,0.0,0.0,0.0
PHASE 1,286,229600,228,1226.5028430009595,610.9396740100416,1658.1132895889673,306.01166666666745,284.3288333333342,79.52029287512184,0.0,0.0,0.0
PHASE 1,287,230400,228,1226.5028430009595,610.9396740100416,1658.1132895889673,306.01166666666745,284.3288333333342,79.52029287512184,0.0,0.0,0.0
PHASE 1,288,231200,228,1226.5028430009595,610.9396740100416,1658.1132895889673,306.01166666666745,284.3288333333342,79.52029287512184,0.0,0.0,0.0
PHASE 1,289,232000,232,1238.481083669127,610.9396740100416,1658.1132895889673,308.8751666666675,287.1011666666675,80.31309379197641,0.0,0.0,0.0
PHASE 1,290,232800,232,1238.4810836691267,610.9396740100416,1658.1132895889673,308.8751666666675,287.10116666666755,80.31309379197641,0.0,0.0,0.0
PHASE 1,291,233600,232,1238.4810836691267,610.9396740100416,1658.1132895889673,308.8751666666675,287.10116666666755,80.31309379197641,0.0,0.0,0.0
PHASE 1,292,234400,232,1238.4810836691267,610.9396740100416,1658.1132895889673,308.8751666666675,287.10116666666755,80.31309379197641,0.0,0.0,0.0
PHASE 1,293,235200,232,1238.4810836691267,610.9396740100416,1658.1132895889673,308.8751666666675,287.10116666666755,80.31309379197641,0.0,0.0,0.0
PHASE 1,294,236000,236,1239.1437119010159,610.9396740100416,1868.910879963173,308.4431666666675,287.32216666666756,80.42229732096251,0.0,0.0,0.0
PHASE 1,295,236800,236,1239.143711901016,610.9396740100416,1868.910879963173,308.4431666666675,287.32216666666756,80.42229732096251,0.0,0.0,0.0
PHASE 1,296,237600,236,1239.143711901016,610.9396740100416,1868.910879963173,308.4431666666675,287.32216666666756,80.42229732096251,0.0,0.0,0.0
PHASE 1,297,238400,236,1239.143711901016,610.9396740100416,1868.910879963173,308.4431666666675,287.32216666666756,80.42229732096251,0.0,0.0,0.0
PHASE 1,298,239200,236,1239.143711901016,610.9396740100416,1868.910879963173,308.4431666666675,287.32216666666756,80.42229732096251,0.0,0.0,0.0
PHASE 1,299,240000,240,1239.5458546420712,610.9396740100416,1868.910879963173,306.95100000000076,287.9606666666675,80.57927349692785,0.0,0.0,0.0
PHASE 1,300,240800,240,1239.5458546420712,610.9396740100416,1868.910879963173,306.9510000000008,287.9606666666676,80.57927349692787,0.0,0.0,0.0
PHASE 1,301,241600,240,1239.5458546420712,610.9396740100416,1868.910879963173,306.9510000000008,287.9606666666676,80.57927349692787,0.0,0.0,0.0
PHASE 1,302,242400,240,1239.5458546420712,610.9396740100416,1868.910879963173,306.9510000000008,287.9606666666676,80.57927349692787,0.0,0.0,0.0
PHASE 1,303,243200,240,1239.5458546420712,610.9396740100416,1868.910879963173,306.9510000000008,287.9606666666676,80.57927349692787,0.0,0.0,0.0
PHASE 1,304,244000,244,1238.9373507518844,610.9396740100416,1868.910879963173,310.97966666666747,282.1375000000009,80.72752301065452,0.0,0.0,0.0
PHASE 1,305,244800,244,1238.9373507518847,610.9396740100416,1868.910879963173,310.9796666666674,282.1375000000009,80.72752301065452,0.0,0.0,0.0
PHASE 1,306,245600,244,1238.9373507518847,610.9396740100416,1868.910879963173,310.9796666666674,282.1375000000009,80.72752301065452,0.0,0.0,0.0
PHASE 1,307,246400,244,1238.9373507518847,610.9396740100416,1868.910879963173,310.9796666666674,282.1375000000009,80.72752301065452,0.0,0.0,0.0
PHASE 1,308,247200,244,1238.9373507518847,610.9396740100416,1868.910879963173,310.9796666666674,282.1375000000009,80.72752301065452,0.0,0.0,0.0
PHASE 1,309,248000,248,1243.2111121136227,734.9025804718528,1868.910879963173,312.10516666666734,283.66650000000084,80.92993068087169,0.0,0.0,0.0
PHASE 1,310,248800,248,1243.2111121136224,734.9025804718528,1868.910879963173,312.1051666666674,283.6665000000009,80.92993068087169,0.0,0.0,0.0
PHASE 1,311,249600,248,1243.2111121136224,734.9025804718528,1868.910879963173,312.1051666666674,283.6665000000009,80.92993068087169,0.0,0.0,0.0
PHASE 1,312,250400,248,1243.2111121136224,734.9025804718528,1868.910879963173,312.1051666666674,283.6665000000009,80.92993068087169,0.0,0.0,0.0
PHASE 1,313,251200,248,1243.2111121136224,734.9025804718528,1868.910879963173,312.1051666666674,283.6665000000009,80.92993068087169,0.0,0.0,0.0
PHASE 1,314,252000,252,1233.9834982852317,734.9025804718528,1868.910879963173,307.92283333333415,281.8698333333342,80.52385395232264,0.0,0.0,0.0
PHASE 1,315,252800,252,1233.9834982852321,734.9025804718528,1868.910879963173,307.9228333333341,281.8698333333342,80.52385395232264,0.0,0.0,0.0
PHASE 1,316,253600,252,1233.9834982852321,734.9025804718528,1868.910879963173,307.9228333333341,281.8698333333342,80.52385395232264,0.0,0.0,0.0
PHASE 1,317,254400,252,1233.9834982852321,734.9025804718528,1868.910879963173,307.9228333333341,281.8698333333342,80.52385395232264,0.0,0.0,0.0
PHASE 1,318,255200,252,1233.9834982852321,734.9025804718528,1868.910879963173,307.9228333333341,281.8698333333342,80.52385395232264,0.0,0.0,0.0
PHASE 1,319,256000,256,1219.1080705716686,690.0465050973677,1868.910879963173,304.46916666666743,275.5833333333342,79.88194632146018,0.0,0.0,0.0
PHASE 1,320,256800,256,1219.1080705716686,690.0465050973677,1868.910879963173,304.4691666666675,275.5833333333342,79.88194632146018,0.0,0.0,0.0
PHASE 1,321,257600,256,1219.1080705716686,690.0465050973677,1868.910879963173,304.4691666666675,275.5833333333342,79.88194632146018,0.0,0.0,0.0
PHASE 1,322,258400,256,1219.1080705716686,690.0465050973677,1868.910879963173,304.4691666666675,275.5833333333342,79.88194632146018,0.0,0.0,0.0
PHASE 1,323,259200,256,1219.1080705716686,690.0465050973677,1868.910879963173,304.4691666666675,275.5833333333342,79.88194632146018,0.0,0.0,0.0
PHASE 1,324,260000,260,1213.3334936044737,690.0465050973677,1868.910879963173,301.7341666666675,273.98683333333423,79.70156170056065,0.0,0.0,0.0
PHASE 1,325,260800,260,1213.3334936044737,690.0465050973677,1868.910879963173,301.7341666666675,273.98683333333423,79.70156170056065,0.0,0.0,0.0
PHASE 1,326,261600,260,1213.3334936044737,690.0465050973677,1868.910879963173,301.7341666666675,273.98683333333423,79.70156170056065,0.0,0.0,0.0
PHASE 1,327,262400,260,1213.3334936044737,690.0465050973677,1868.910879963173,301.7341666666675,273.98683333333423,79.70156170056065,0.0,0.0,0.0
PHASE 1,328,263200,260,1213.3334936044737,690.0465050973677,1868.910879963173,301.7341666666675,273.98683333333423,79.70156170056065,0.0,0.0,0.0
PHASE 1,329,264000,264,1209.6654610391677,690.0465050973677,1868.910879963173,299.3330000000008,273.25916666666757,79.63416179656389,0.0,0.0,0.0
PHASE 1,330,264800,264,1209.6654610391674,690.0465050973677,1868.910879963173,299.3330000000008,273.25916666666757,79.63416179656389,0.0,0.0,0.0
PHASE 1,331,265600,264,1209.6654610391674,690.0465050973677,1868.910879963173,299.3330000000008,273.25916666666757,79.63416179656389,0.0,0.0,0.0
PHASE 1,332,266400,264,1209.6654610391674,690.0465050973677,1868.910879963173,299.3330000000008,273.25916666666757,79.63416179656389,0.0,0.0,0.0
PHASE 1,333,267200,264,1209.6654610391674,690.0465050973677,1868.910879963173,299.3330000000008,273.25916666666757,79.63416179656389,0.0,0.0,0.0
PHASE 1,334,268000,268,1205.4135956092616,690.0465050973677,1868.910879963173,295.5430000000008,272.7871666666676,79.63542861782553,0.0,0.0,0.0
PHASE 1,335,268800,268,1205.4135956092616,690.0465050973677,1868.910879963173,295.54300000000086,272.78716666666753,79.63542861782553,0.0,0.0,0.0
PHASE 1,336,269600,268,1205.4135956092616,690.0465050973677,1868.910879963173,295.54300000000086,272.78716666666753,79.63542861782553,0.0,0.0,0.0
PHASE 1,337,270400,268,1205.4135956092616,690.0465050973677,1868.910879963173,295.54300000000086,272.78716666666753,79.63542861782553,0.0,0.0,0.0
PHASE 1,338,271200,268,1205.4135956092616,690.0465050973677,1868.910879963173,295.54300000000086,272.78716666666753,79.63542861782553,0.0,0.0,0.0
PHASE 1,339,272000,272,1202.2725086777805,690.0465050973677,1868.910879963173,293.5658333333342,271.49750000000085,79.65114691805698,0.0,0.0,0.0
PHASE 1,340,272800,272,1202.2725086777805,690.0465050973677,1868.910879963173,293.5658333333341,271.4975000000009,79.65114691805698,0.0,0.0,0.0
PHASE 1,341,273600,272,1202.2725086777805,690.0465050973677,1868.910879963173,293.5658333333341,271.4975000000009,79.65114691805698,0.0,0.0,0.0
PHASE 1,342,274400,272,1202.2725086777805,690.0465050973677,1868.910879963173,293.5658333333341,271.4975000000009,79.65114691805698,0.0,0.0,0.0
PHASE 1,343,275200,272,1202.2725086777805,690.0465050973677,1868.910879963173,293.5658333333341,271.4975000000009,79.65114691805698,0.0,0.0,0.0
PHASE 1,344,276000,276,1204.4974176872554,690.0465050973677,1868.910879963173,291.80266666666745,273.2286666666676,79.93326054424125,0.0,0.0,0.0
PHASE 1,345,276800,276,1204.4974176872552,690.0465050973677,1868.910879963173,291.8026666666675,273.2286666666676,79.93326054424126,0.0,0.0,0.0
PHASE 1,346,277600,276,1204.4974176872552,690.0465050973677,1868.910879963173,291.8026666666675,273.2286666666676,79.93326054424126,0.0,0.0,0.0
PHASE 1,347,278400,276,1204.4974176872552,690.0465050973677,1868.910879963173,291.8026666666675,273.2286666666676,79.93326054424126,0.0,0.0,0.0
PHASE 1,348,279200,276,1204.4974176872552,690.0465050973677,1868.910879963173,291.8026666666675,273.2286666666676,79.93326054424126,0.0,0.0,0.0
PHASE 1,349,280000,280,1207.23920254729,690.0465050973677,1868.910879963173,293.3355000000008,273.5426666666676,80.04512948507904,0.0,0.0,0.0
PHASE 1,350,280800,280,1207.23920254729,690.0465050973677,1868.910879963173,293.3355000000009,273.54266666666757,80.04512948507903,0.0,0.0,0.0
PHASE 1,351,281600,280,1207.23920254729,690.0465050973677,1868.910879963173,293.3355000000009,273.54266666666757,80.04512948507903,0.0,0.0,0.0
PHASE 1,352,282400,280,1207.23920254729,690.0465050973677,1868.910879963173,293.3355000000009,273.54266666666757,80.04512948507903,0.0,0.0,0.0
PHASE 1,353,283200,280,1207.23920254729,690.0465050973677,1868.910879963173,293.3355000000009,273.54266666666757,80.04512948507903,0.0,0.0,0.0
PHASE 1,354,284000,284,1204.9686282530001,690.0465050973677,1868.910879963173,293.8001666666675,272.2400000000009,79.86605769829272,0.0,0.0,0.0
PHASE 1,355,284800,284,1204.968628253,690.0465050973677,1868.910879963173,293.8001666666675,272.2400000000009,79.86605769829272,0.0,0.0,0.0
PHASE 1,356,285600,284,1204.968628253,690.0465050973677,1868.910879963173,293.8001666666675,272.2400000000009,79.86605769829272,0.0,0.0,0.0
PHASE 1,357,286400,284,1204.968628253,690.0465050973677,1868.910879963173,293.8001666666675,272.2400000000009,79.86605769829272,0.0,0.0,0.0
PHASE 1,358,287200,284,1204.968628253,690.0465050973677,1868.910879963173,293.8001666666675,272.2400000000009,79.86605769829272,0.0,0.0,0.0
PHASE 1,359,288000,288,1202.4293527850791,690.0465050973677,1868.910879963173,290.2026666666675,274.4581666666676,79.72106493146926,0.0,0.0,0.0
PHASE 1,360,288800,288,1202.4293527850791,690.0465050973677,1868.910879963173,290.20266666666754,274.4581666666676,79.72106493146926,0.0,0.0,0.0
PHASE 1,361,289600,288,1202.4293527850791,690.0465050973677,1868.910879963173,290.20266666666754,274.4581666666676,79.72106493146926,0.0,0.0,0.0
PHASE 1,362,290400,288,1202.4293527850791,690.0465050973677,1868.910879963173,290.20266666666754,274.4581666666676,79.72106493146926,0.0,0.0,0.0
PHASE 1,363,291200,288,1202.4293527850791,690.0465050973677,1868.910879963173,290.20266666666754,274.4581666666676,79.72106493146926,0.0,0.0,0.0
PHASE 1,364,292000,292,1200.3483777123918,690.0465050973677,1868.910879963173,288.5138333333342,275.3616666666676,79.5591097140498,0.0,0.0,0.0
PHASE 1,365,292800,292,1200.3483777123918,690.0465050973677,1868.910879963173,288.51383333333416,275.3616666666676,79.5591097140498,0.0,0.0,0.0
PHASE 1,366,293600,292,1200.3483777123918,690.0465050973677,1868.910879963173,288.51383333333416,275.3616666666676,79.5591097140498,0.0,0.0,0.0
PHASE 1,367,294400,292,1200.3483777123918,690.0465050973677,1868.910879963173,288.51383333333416,275.3616666666676,79.5591097140498,0.0,0.0,0.0
PHASE 1,368,295200,292,1200.3483777123918,690.0465050973677,1868.910879963173,288.51383333333416,275.3616666666676,79.5591097140498,0.0,0.0,0.0
PHASE 1,369,296000,296,1199.7521585564457,690.0465050973677,1868.910879963173,287.3108333333342,275.3976666666676,79.63045731955643,0.0,0.0,0.0
PHASE 1,370,296800,296,1199.752158556446,690.0465050973677,1868.910879963173,287.31083333333413,275.39766666666765,79.63045731955643,0.0,0.0,0.0
PHASE 1,371,297600,296,1199.752158556446,690.0465050973677,1868.910879963173,287.31083333333413,275.39766666666765,79.63045731955643,0.0,0.0,0.0
PHASE 1,372,298400,296,1199.752158556446,690.0465050973677,1868.910879963173,287.31083333333413,275.39766666666765,79.63045731955643,0.0,0.0,0.0
PHASE 1,373,299200,296,1199.752158556446,690.0465050973677,1868.910879963173,287.31083333333413,275.39766666666765,79.63045731955643,0.0,0.0,0.0
PHASE 1,374,300000,300,1197.4946655383897,690.0465050973677,1868.910879963173,285.4701666666675,275.44016666666766,79.57304152563273,0.0,0.0,0.0
PHASE 1,375,300800,300,1197.4946655383894,690.0465050973677,1868.910879963173,285.4701666666676,275.4401666666676,79.57304152563275,0.0,0.0,0.0
PHASE 1,376,301600,300,1197.4946655383894,690.0465050973677,1868.910879963173,285.4701666666676,275.4401666666676,79.57304152563275,0.0,0.0,0.0
PHASE 1,377,302400,300,1197.4946655383894,690.0465050973677,1868.910879963173,285.4701666666676,275.4401666666676,79.57304152563275,0.0,0.0,0.0
PHASE 1,378,303200,300,1197.4946655383894,690.0465050973677,1868.910879963173,285.4701666666676,275.4401666666676,79.57304152563275,0.0,0.0,0.0
PHASE 1,379,304000,304,1203.1897059129785,690.0465050973677,1868.910879963173,287.72900000000095,276.10583333333426,79.91935907245643,0.0,0.0,0.0
PHASE 1,380,304800,304,1203.1897059129788,690.0465050973677,1868.910879963173,287.72900000000095,276.1058333333343,79.91935907245643,0.0,0.0,0.0
PHASE 1,381,305600,304,1203.1897059129788,690.0465050973677,1868.910879963173,287.72900000000095,276.1058333333343,79.91935907245643,0.0,0.0,0.0
PHASE 1,382,306400,304,1203.1897059129788,690.0465050973677,1868.910879963173,287.72900000000095,276.1058333333343,79.91935907245643,0.0,0.0,0.0
PHASE 1,383,307200,304,1203.1897059129788,690.0465050973677,1868.910879963173,287.72900000000095,276.1058333333343,79.91935907245643,0.0,0.0,0.0
PHASE 1,384,308000,308,1208.9924089874755,690.0465050973677,1868.910879963173,287.8801666666676,278.999500000001,80.26409279010197,0.0,0.0,0.0
PHASE 1,385,308800,308,1208.9924089874753,690.0465050973677,1868.910879963173,287.8801666666675,278.9995000000009,80.26409279010197,0.0,0.0,0.0
PHASE 1,386,309600,308,1208.9924089874753,690.0465050973677,1868.910879963173,287.8801666666675,278.9995000000009,80.26409279010197,0.0,0.0,0.0
PHASE 1,387,310400,308,1208.9924089874753,690.0465050973677,1868.910879963173,287.8801666666675,278.9995000000009,80.26409279010197,0.0,0.0,0.0
PHASE 1,388,311200,308,1208.9924089874753,690.0465050973677,1868.910879963173,287.8801666666675,278.9995000000009,80.26409279010197,0.0,0.0,0.0
PHASE 1,389,312000,312,1209.1688916259204,690.0465050973677,1868.910879963173,288.08083333333417,278.5255000000009,80.32031978657422,0.0,0.0,0.0
PHASE 1,390,312800,312,1209.1688916259204,690.0465050973677,1868.910879963173,288.0808333333342,278.52550000000093,80.3203197865742,0.0,0.0,0.0
PHASE 1,391,313600,312,1209.1688916259204,690.0465050973677,1868.910879963173,288.0808333333342,278.52550000000093,80.3203197865742,0.0,0.0,0.0
PHASE 1,392,314400,312,1209.1688916259204,690.0465050973677,1868.910879963173,288.0808333333342,278.52550000000093,80.3203197865742,0.0,0.0,0.0
PHASE 1,393,315200,312,1209.1688916259204,690.0465050973677,1868.910879963173,288.0808333333342,278.52550000000093,80.3203197865742,0.0,0.0,0.0
PHASE 1,394,316000,316,1203.4671104471367,690.0465050973677,1868.910879963173,284.42000000000087,278.37333333333424,80.08422213922613,0.0,0.0,0.0
PHASE 1,395,316800,316,1203.4671104471367,690.0465050973677,1868.910879963173,284.4200000000009,278.37333333333424,80.08422213922613,0.0,0.0,0.0
PHASE 1,396,317600,316,1203.4671104471367,690.0465050973677,1868.910879963173,284.4200000000009,278.37333333333424,80.08422213922613,0.0,0.0,0.0
PHASE 1,397,318400,316,1203.4671104471367,690.0465050973677,1868.910879963173,284.4200000000009,278.37333333333424,80.08422213922613,0.0,0.0,0.0
PHASE 1,398,319200,316,1203.4671104471367,690.0465050973677,1868.910879963173,284.4200000000009,278.37333333333424,80.08422213922613,0.0,0.0,0.0
PHASE 1,399,320000,320,1216.7544677035696,690.0465050973677,1868.910879963173,286.5326666666676,283.47483333333423,80.84337096294728,0.0,0.0,0.0
PHASE 1,400,320800,320,1216.7544677035696,690.0465050973677,1868.910879963173,286.53266666666764,283.4748333333343,80.84337096294728,0.0,0.0,0.0
PHASE 1,401,321600,320,1216.7544677035696,690.0465050973677,1868.910879963173,286.53266666666764,283.4748333333343,80.84337096294728,0.0,0.0,0.0
PHASE 1,402,322400,320,1216.7544677035696,690.0465050973677,1868.910879963173,286.53266666666764,283.4748333333343,80.84337096294728,0.0,0.0,0.0
PHASE 1,403,323200,320,1216.7544677035696,690.0465050973677,1868.910879963173,286.53266666666764,283.4748333333343,80.84337096294728,0.0,0.0,0.0
PHASE 1,404,324000,324,1222.0539112854528,690.0465050973677,1868.910879963173,288.127000000001,284.4200000000009,81.18836391068284,0.0,0.0,0.0
PHASE 1,405,324800,324,1222.0539112854526,690.0465050973677,1868.910879963173,288.1270000000009,284.4200000000009,81.18836391068284,0.0,0.0,0.0
PHASE 1,406,325600,324,1222.0539112854526,690.0465050973677,1868.910879963173,288.1270000000009,284.4200000000009,81.18836391068284,0.0,0.0,0.0
PHASE 1,407,326400,324,1222.0539112854526,690.0465050973677,1868.910879963173,288.1270000000009,284.4200000000009,81.18836391068284,0.0,0.0,0.0
PHASE 1,408,327200,324,1222.0539112854526,690.0465050973677,1868.910879963173,288.1270000000009,284.4200000000009,81.18836391068284,0.0,0.0,0.0
PHASE 1,409,328000,328,1219.3198525003731,690.0465050973677,1868.910879963173,284.1155000000009,286.23800000000097,81.12079406254784,0.0,0.0,0.0
PHASE 1,410,328800,328,1219.3198525003731,690.0465050973677,1868.910879963173,284.11550000000096,286.2380000000009,81.12079406254784,0.0,0.0,0.0
PHASE 1,411,329600,328,1219.3198525003731,690.0465050973677,1868.910879963173,284.11550000000096,286.2380000000009,81.12079406254784,0.0,0.0,0.0
PHASE 1,412,330400,328,1219.3198525003731,690.0465050973677,1868.910879963173,284.11550000000096,286.2380000000009,81.12079406254784,0.0,0.0,0.0
PHASE 1,413,331200,328,1219.3198525003731,690.0465050973677,1868.910879963173,284.11550000000096,286.2380000000009,81.12079406254784,0.0,0.0,0.0
PHASE 1,414,332000,332,1222.7909300906167,690.0465050973677,1868.910879963173,285.8395000000009,285.9603333333343,81.37388709466171,0.0,0.0,0.0
PHASE 1,415,332800,332,1222.7909300906167,690.0465050973677,1868.910879963173,285.8395000000009,285.9603333333343,81.37388709466171,0.0,0.0,0.0
PHASE 1,416,333600,332,1222.7909300906167,690.0465050973677,1868.910879963173,285.8395000000009,285.9603333333343,81.37388709466171,0.0,0.0,0.0
PHASE 1,417,334400,332,1222.7909300906167,690.0465050973677,1868.910879963173,285.8395000000009,285.9603333333343,81.37388709466171,0.0,0.0,0.0
PHASE 1,418,335200,332,1222.7909300906167,690.0465050973677,1868.910879963173,285.8395000000009,285.9603333333343,81.37388709466171,0.0,0.0,0.0
PHASE 1,419,336000,336,1217.27445669421,690.0465050973677,1634.2175857246336,285.0548333333343,282.7835000000009,81.17951542011092,0.0,0.0,0.0
PHASE 1,420,336800,336,1217.2744566942101,690.0465050973677,1634.2175857246336,285.0548333333342,282.78350000000097,81.1795154201109,0.0,0.0,0.0
PHASE 1,421,337600,336,1217.2744566942101,690.0465050973677,1634.2175857246336,285.0548333333342,282.78350000000097,81.1795154201109,0.0,0.0,0.0
PHASE 1,422,338400,336,1217.2744566942101,690.0465050973677,1634.2175857246336,285.0548333333342,282.78350000000097,81.1795154201109,0.0,0.0,0.0
PHASE 1,423,339200,336,1217.2744566942101,690.0465050973677,1634.2175857246336,285.0548333333342,282.78350000000097,81.1795154201109,0.0,0.0,0.0
PHASE 1,424,340000,340,1222.2995766182798,690.0465050973677,1704.7766845265555,289.33016666666754,281.90950000000095,81.38248874395298,0.0,0.0,0.0
PHASE 1,425,340800,340,1222.29957661828,690.0465050973677,1704.7766845265555,289.3301666666676,281.90950000000095,81.38248874395298,0.0,0.0,0.0
PHASE 1,426,341600,340,1222.29957661828,690.0465050973677,1704.7766845265555,289.3301666666676,281.90950000000095,81.38248874395298,0.0,0.0,0.0
PHASE 1,427,342400,340,1222.29957661828,690.0465050973677,1704.7766845265555,289.3301666666676,281.90950000000095,81.38248874395298,0.0,0.0,0.0
PHASE 1,428,343200,340,1222.29957661828,690.0465050973677,1704.7766845265555,289.3301666666676,281.90950000000095,81.38248874395298,0.0,0.0,0.0
PHASE 1,429,344000,344,1228.1977881328582,690.0465050973677,1704.7766845265555,290.5901666666676,285.14283333333424,81.5580985166087,0.0,0.0,0.0
PHASE 1,430,344800,344,1228.197788132858,690.0465050973677,1704.7766845265555,290.5901666666676,285.14283333333424,81.5580985166087,0.0,0.0,0.0
PHASE 1,431,345600,344,1228.197788132858,690.0465050973677,1704.7766845265555,290.5901666666676,285.14283333333424,81.5580985166087,0.0,0.0,0.0
PHASE 1,432,346400,344,1228.197788132858,690.0465050973677,1704.7766845265555,290.5901666666676,285.14283333333424,81.5580985166087,0.0,0.0,0.0
PHASE 1,433,347200,344,1228.197788132858,690.0465050973677,1704.7766845265555,290.5901666666676,285.14283333333424,81.5580985166087,0.0,0.0,0.0
PHASE 1,434,348000,348,1218.228719228319,690.0465050973677,1704.7766845265555,285.63933333333426,283.9565000000009,81.0791107368746,0.0,0.0,0.0
PHASE 1,435,348800,348,1218.228719228319,690.0465050973677,1704.7766845265555,285.63933333333426,283.9565000000009,81.0791107368746,0.0,0.0,0.0
PHASE 1,436,349600,348,1218.228719228319,690.0465050973677,1704.7766845265555,285.63933333333426,283.9565000000009,81.0791107368746,0.0,0.0,0.0
PHASE 1,437,350400,348,1218.228719228319,690.0465050973677,1704.7766845265555,285.63933333333426,283.9565000000009,81.0791107368746,0.0,0.0,0.0
PHASE 1,438,351200,348,1218.228719228319,690.0465050973677,1704.7766845265555,285.63933333333426,283.9565000000009,81.0791107368746,0.0,0.0,0.0
PHASE 1,439,352000,352,1220.1130305275487,690.0465050973677,1704.7766845265555,284.05783333333426,285.8975000000009,81.26971214927839,0.0,0.0,0.0
PHASE 1,440,352800,352,1220.1130305275483,690.0465050973677,1704.7766845265555,284.0578333333343,285.8975000000009,81.26971214927839,0.0,0.0,0.0
PHASE 1,441,353600,352,1220.1130305275483,690.0465050973677,1704.7766845265555,284.0578333333343,285.8975000000009,81.26971214927839,0.0,0.0,0.0
PHASE 1,442,354400,352,1220.1130305275483,690.0465050973677,1704.7766845265555,284.0578333333343,285.8975000000009,81.26971214927839,0.0,0.0,0.0
PHASE 1,443,355200,352,1220.1130305275483,690.0465050973677,1704.7766845265555,284.0578333333343,285.8975000000009,81.26971214927839,0.0,0.0,0.0
PHASE 1,444,356000,356,1245.4962136119286,749.7546228941023,1799.7056612599304,291.22916666666765,293.9273333333342,82.54246420149309,0.0,0.0,0.0
PHASE 1,445,356800,356,1245.4962136119289,749.7546228941023,1799.7056612599304,291.22916666666754,293.9273333333342,82.54246420149309,0.0,0.0,0.0
PHASE 1,446,357600,356,1245.4962136119289,749.7546228941023,1799.7056612599304,291.22916666666754,293.9273333333342,82.54246420149309,0.0,0.0,0.0
PHASE 1,447,358400,356,1245.4962136119289,749.7546228941023,1799.7056612599304,291.22916666666754,293.9273333333342,82.54246420149309,0.0,0.0,0.0
PHASE 1,448,359200,356,1245.4962136119289,749.7546228941023,1799.7056612599304,291.22916666666754,293.9273333333342,82.54246420149309,0.0,0.0,0.0
PHASE 1,449,360000,360,1246.5376948400472,749.7546228941023,1799.7056612599304,293.54600000000084,292.9481666666676,82.50544102167461,0.0,0.0,0.0
PHASE 1,450,360800,360,1246.5376948400472,749.7546228941023,1799.7056612599304,293.54600000000084,292.94816666666753,82.50544102167463,0.0,0.0,0.0
PHASE 1,451,361600,360,1246.5376948400472,749.7546228941023,1799.7056612599304,293.54600000000084,292.94816666666753,82.50544102167463,0.0,0.0,0.0
PHASE 1,452,362400,360,1246.5376948400472,749.7546228941023,1799.7056612599304,293.54600000000084,292.94816666666753,82.50544102167463,0.0,0.0,0.0
PHASE 1,453,363200,360,1246.5376948400472,749.7546228941023,1799.7056612599304,293.54600000000084,292.94816666666753,82.50544102167463,0.0,0.0,0.0
PHASE 1,454,364000,364,1256.691050735135,749.7546228941023,1799.7056612599304,296.00666666666757,297.0356666666675,82.95608967522756,0.0,0.0,0.0
PHASE 1,455,364800,364,1256.6910507351351,749.7546228941023,1799.7056612599304,296.00666666666757,297.0356666666675,82.95608967522755,0.0,0.0,0.0
PHASE 1,456,365600,364,1256.6910507351351,749.7546228941023,1799.7056612599304,296.00666666666757,297.0356666666675,82.95608967522755,0.0,0.0,0.0
PHASE 1,457,366400,364,1256.6910507351351,749.7546228941023,1799.7056612599304,296.00666666666757,297.0356666666675,82.95608967522755,0.0,0.0,0.0
PHASE 1,458,367200,364,1256.6910507351351,749.7546228941023,1799.7056612599304,296.00666666666757,297.0356666666675,82.95608967522755,0.0,0.0,0.0
PHASE 1,459,368000,368,1258.4869859567077,749.7546228941023,1799.7056612599304,295.98066666666756,297.00816666666753,83.18726907792417,0.0,0.0,0.0
PHASE 1,460,368800,368,1258.4869859567077,749.7546228941023,1799.7056612599304,295.9806666666676,297.0081666666676,83.18726907792417,0.0,0.0,0.0
PHASE 1,461,369600,368,1258.4869859567077,749.7546228941023,1799.7056612599304,295.9806666666676,297.0081666666676,83.18726907792417,0.0,0.0,0.0
PHASE 1,462,370400,368,1258.4869859567077,749.7546228941023,1799.7056612599304,295.9806666666676,297.0081666666676,83.18726907792417,0.0,0.0,0.0
PHASE 1,463,371200,368,1258.4869859567077,749.7546228941023,1799.7056612599304,295.9806666666676,297.0081666666676,83.18726907792417,0.0,0.0,0.0
PHASE 1,464,372000,372,1258.6687091139327,749.7546228941023,1799.7056612599304,296.5138333333343,296.92533333333427,83.15369280591068,0.0,0.0,0.0
PHASE 1,465,372800,372,1258.6687091139324,749.7546228941023,1799.7056612599304,296.5138333333343,296.9253333333342,83.15369280591068,0.0,0.0,0.0
PHASE 1,466,373600,372,1258.6687091139324,749.7546228941023,1799.7056612599304,296.5138333333343,296.9253333333342,83.15369280591068,0.0,0.0,0.0
PHASE 1,467,374400,372,1258.6687091139324,749.7546228941023,1799.7056612599304,296.5138333333343,296.9253333333342,83.15369280591068,0.0,0.0,0.0
PHASE 1,468,375200,372,1258.6687091139324,749.7546228941023,1799.7056612599304,296.5138333333343,296.9253333333342,83.15369280591068,0.0,0.0,0.0
PHASE 1,469,376000,376,1254.8952445571801,749.7546228941023,1799.7056612599304,297.1200000000009,294.0831666666675,82.96150973631651,0.0,0.0,0.0
PHASE 1,470,376800,376,1254.89524455718,749.7546228941023,1799.7056612599304,297.12000000000097,294.0831666666676,82.96150973631651,0.0,0.0,0.0
PHASE 1,471,377600,376,1254.89524455718,749.7546228941023,1799.7056612599304,297.12000000000097,294.0831666666676,82.96150973631651,0.0,0.0,0.0
PHASE 1,472,378400,376,1254.89524455718,749.7546228941023,1799.7056612599304,297.12000000000097,294.0831666666676,82.96150973631651,0.0,0.0,0.0
PHASE 1,473,379200,376,1254.89524455718,749.7546228941023,1799.7056612599304,297.12000000000097,294.0831666666676,82.96150973631651,0.0,0.0,0.0
PHASE 1,474,380000,380,1256.7056360217143,749.7546228941023,1799.7056612599304,295.65683333333425,296.9203333333342,83.01605866938327,0.0,0.0,0.0
PHASE 1,475,380800,380,1256.7056360217143,749.7546228941023,1799.7056612599304,295.6568333333342,296.9203333333342,83.01605866938327,0.0,0.0,0.0
PHASE 1,476,381600,380,1256.7056360217143,749.7546228941023,1799.7056612599304,295.6568333333342,296.9203333333342,83.01605866938327,0.0,0.0,0.0
PHASE 1,477,382400,380,1256.7056360217143,749.7546228941023,1799.7056612599304,295.6568333333342,296.9203333333342,83.01605866938327,0.0,0.0,0.0
PHASE 1,478,383200,380,1256.7056360217143,749.7546228941023,1799.7056612599304,295.6568333333342,296.9203333333342,83.01605866938327,0.0,0.0,0.0
PHASE 1,479,384000,384,1267.128766119506,749.7546228941023,1799.7056612599304,297.3333333333342,301.3360000000009,83.55742909827424,0.0,0.0,0.0
PHASE 1,480,384800,384,1267.128766119506,749.7546228941023,1799.7056612599304,297.3333333333343,301.33600000000087,83.55742909827424,0.0,0.0,0.0
PHASE 1,481,385600,384,1267.128766119506,749.7546228941023,1799.7056612599304,297.3333333333343,301.33600000000087,83.55742909827424,0.0,0.0,0.0
PHASE 1,482,386400,384,1267.128766119506,749.7546228941023,1799.7056612599304,297.3333333333343,301.33600000000087,83.55742909827424,0.0,0.0,0.0
PHASE 1,483,387200,384,1267.128766119506,749.7546228941023,1799.7056612599304,297.3333333333343,301.33600000000087,83.55742909827424,0.0,0.0,0.0
PHASE 1,484,388000,388,1264.5131127829422,749.7546228941023,1799.7056612599304,296.6168333333343,297.7901666666676,83.76326409787042,0.0,0.0,0.0
PHASE 1,485,388800,388,1264.5131127829422,749.7546228941023,1799.7056612599304,296.6168333333342,297.79016666666763,83.76326409787042,0.0,0.0,0.0
PHASE 1,486,389600,388,1264.5131127829422,749.7546228941023,1799.7056612599304,296.6168333333342,297.79016666666763,83.76326409787042,0.0,0.0,0.0
PHASE 1,487,390400,388,1264.5131127829422,749.7546228941023,1799.7056612599304,296.6168333333342,297.79016666666763,83.76326409787042,0.0,0.0,0.0
PHASE 1,488,391200,388,1264.5131127829422,749.7546228941023,1799.7056612599304,296.6168333333342,297.79016666666763,83.76326409787042,0.0,0.0,0.0
PHASE 1,489,392000,392,1265.6393474201243,749.7546228941023,1799.7056612599304,297.437000000001,297.564500000001,83.8297309275184,0.0,0.0,0.0
PHASE 1,490,392800,392,1265.6393474201243,749.7546228941023,1799.7056612599304,297.437000000001,297.564500000001,83.8297309275184,0.0,0.0,0.0
PHASE 1,491,393600,392,1265.6393474201243,749.7546228941023,1799.7056612599304,297.437000000001,297.564500000001,83.8297309275184,0.0,0.0,0.0
PHASE 1,492,394400,392,1265.6393474201243,749.7546228941023,1799.7056612599304,297.437000000001,297.564500000001,83.8297309275184,0.0,0.0,0.0
PHASE 1,493,395200,392,1265.6393474201243,749.7546228941023,1799.7056612599304,297.437000000001,297.564500000001,83.8297309275184,0.0,0.0,0.0
PHASE 1,494,396000,396,1274.7550535610817,749.7546228941023,1799.7056612599304,300.35016666666763,300.82300000000095,84.19773586180489,0.0,0.0,0.0
PHASE 1,495,396800,396,1274.7550535610817,749.7546228941023,1799.7056612599304,300.3501666666676,300.8230000000009,84.19773586180489,0.0,0.0,0.0
PHASE 1,496,397600,396,1274.7550535610817,749.7546228941023,1799.7056612599304,300.3501666666676,300.8230000000009,84.19773586180489,0.0,0.0,0.0
PHASE 1,497,398400,396,1274.7550535610817,749.7546228941023,1799.7056612599304,300.3501666666676,300.8230000000009,84.19773586180489,0.0,0.0,0.0
PHASE 1,498,399200,396,1274.7550535610817,749.7546228941023,1799.7056612599304,300.3501666666676,300.8230000000009,84.19773586180489,0.0,0.0,0.0
PHASE 1,499,400000,400,1282.9802544313868,749.7546228941023,1799.7056612599304,301.55583333333425,304.00233333333426,84.67776097059324,0.0,0.0,0.0
PHASE 2,0,800,0,,,,,,,0.19571428571428573,0.24571428571428572,0.0
PHASE 2,1,1600,0,,,,,,,0.19571428571428573,0.24571428571428572,0.0
PHASE 2,2,2400,0,,,,,,,0.19571428571428573,0.24571428571428572,0.0
PHASE 2,3,3200,0,,,,,,,0.19571428571428573,0.24571428571428572,0.0
PHASE 2,4,4000,4,1345.2544209869056,1202.8953579124527,1641.179291519945,312.4007500000008,351.1894791666673,85.20802397753422,0.19571428571428573,0.24571428571428572,0.0
PHASE 2,5,4800,4,1345.2544209869056,1202.8953579124527,1641.179291519945,312.4007500000008,351.1894791666673,85.20802397753422,0.19571428571428573,0.24571428571428572,0.0
PHASE 2,6,5600,4,1345.2544209869056,1202.8953579124527,1641.179291519945,312.4007500000008,351.1894791666673,85.20802397753422,0.19571428571428573,0.24571428571428572,0.0
PHASE 2,7,6400,4,1345.2544209869056,1202.8953579124527,1641.179291519945,312.4007500000008,351.1894791666673,85.20802397753422,0.19571428571428573,0.24571428571428572,0.0
PHASE 2,8,7200,4,1345.2544209869056,1202.8953579124527,1641.179291519945,312.4007500000008,351.1894791666673,85.20802397753422,0.19571428571428573,0.24571428571428572,0.0
PHASE 2,9,8000,8,1448.0209354383119,1202.8953579124527,1819.75170797519,352.87362500000074,362.7401250000007,91.55089817979582,0.19571428571428573,0.24571428571428572,0.0
PHASE 2,10,8800,8,1448.0209354383119,1202.8953579124527,1819.75170797519,352.87362500000074,362.7401250000007,91.55089817979582,0.19571428571428573,0.24571428571428572,0.0
PHASE 2,11,9600,8,1448.0209354383119,1202.8953579124527,1819.75170797519,352.87362500000074,362.7401250000007,91.55089817979582,0.19571428571428573,0.24571428571428572,0.0
PHASE 2,12,10400,8,1448.0209354383119,1202.8953579124527,1819.75170797519,352.87362500000074,362.7401250000007,91.55089817979582,0.19571428571428573,0.24571428571428572,0.0
PHASE 2,13,11200,8,1448.0209354383119,1202.8953579124527,1819.75170797519,352.87362500000074,362.7401250000007,91.55089817979582,0.19571428571428573,0.24571428571428572,0.0
PHASE 2,14,12000,12,1408.7266390553084,1047.9362260434677,1819.75170797519,344.5055590277785,349.40106250000076,89.35250219094758,0.19571428571428573,0.24571428571428572,0.0
PHASE 2,15,12800,12,1408.7266390553084,1047.9362260434677,1819.75170797519,344.5055590277785,349.40106250000076,89.35250219094758,0.19571428571428573,0.24571428571428572,0.0
PHASE 2,16,13600,12,1408.7266390553084,1047.9362260434677,1819.75170797519,344.5055590277785,349.40106250000076,89.35250219094758,0.19571428571428573,0.24571428571428572,0.0
PHASE 2,17,14400,12,1408.7266390553084,1047.9362260434677,1819.75170797519,344.5055590277785,349.40106250000076,89.35250219094758,0.19571428571428573,0.24571428571428572,0.0
PHASE 2,18,15200,12,1408.7266390553084,1047.9362260434677,1819.75170797519,344.5055590277785,349.40106250000076,89.35250219094758,0.19571428571428573,0.24571428571428572,0.0
PHASE 2,19,16000,16,1382.8105050581812,1047.9362260434677,1819.75170797519,327.99968750000073,352.8362031250007,87.74682680415248,0.19571428571428573,0.24571428571428572,0.0
PHASE 2,20,16800,16,1382.8105050581812,1047.9362260434677,1819.75170797519,327.99968750000073,352.8362031250007,87.74682680415249,0.19571428571428573,0.24571428571428572,0.0
PHASE 2,21,17600,16,1382.8105050581812,1047.9362260434677,1819.75170797519,327.99968750000073,352.8362031250007,87.74682680415249,0.19571428571428573,0.24571428571428572,0.0
PHASE 2,22,18400,16,1382.8105050581812,1047.9362260434677,1819.75170797519,327.99968750000073,352.8362031250007,87.74682680415249,0.19571428571428573,0.24571428571428572,0.0
PHASE 2,23,19200,16,1382.8105050581812,1047.9362260434677,1819.75170797519,327.99968750000073,352.8362031250007,87.74682680415249,0.19571428571428573,0.24571428571428572,0.0
PHASE 2,24,20000,20,1366.0188179753623,1047.9362260434677,1819.75170797519,325.04041250000074,349.77047708333396,86.4009910490087,0.19571428571428573,0.24571428571428572,0.0
PHASE 2,25,20800,20,1366.0188179753625,1047.9362260434677,1819.75170797519,325.04041250000074,349.770477083334,86.4009910490087,0.19571428571428573,0.24571428571428572,0.0
PHASE 2,26,21600,20,1366.0188179753625,1047.9362260434677,1819.75170797519,325.04041250000074,349.770477083334,86.4009910490087,0.19571428571428573,0.24571428571428572,0.0
PHASE 2,27,22400,20,1366.0188179753625,1047.9362260434677,1819.75170797519,325.04041250000074,349.770477083334,86.4009910490087,0.19571428571428573,0.24571428571428572,0.0
PHASE 2,28,23200,20,1366.0188179753625,1047.9362260434677,1819.75170797519,325.04041250000074,349.770477083334,86.4009910490087,0.19571428571428573,0.24571428571428572,0.0
PHASE 2,29,24000,24,1388.8695565973458,1047.9362260434677,1819.75170797519,327.8399822048619,358.7441041666673,87.78568377823292,0.19571428571428573,0.24571428571428572,0.0
PHASE 2,30,24800,24,1388.8695565973458,1047.9362260434677,1819.75170797519,327.8399822048619,358.7441041666673,87.78568377823292,0.19571428571428573,0.24571428571428572,0.0
PHASE 2,31,25600,24,1388.8695565973458,1047.9362260434677,1819.75170797519,327.8399822048619,358.7441041666673,87.78568377823292,0.19571428571428573,0.24571428571428572,0.0
PHASE 2,32,26400,24,1388.8695565973458,1047.9362260434677,1819.75170797519,327.8399822048619,358.7441041666673,87.78568377823292,0.19571428571428573,0.24571428571428572,0.0
PHASE 2,33,27200,24,1388.8695565973458,1047.9362260434677,1819.75170797519,327.8399822048619,358.7441041666673,87.78568377823292,0.19571428571428573,0.24571428571428572,0.0
PHASE 2,34,28000,28,1373.4861699771761,1012.3487736819544,1819.75170797519,330.15503236607213,346.770233630953,87.07011299752412,0.19571428571428573,0.24571428571428572,0.0
PHASE 2,35,28800,28,1373.4861699771761,1012.3487736819544,1819.75170797519,330.15503236607213,346.77023363095304,87.0701129975241,0.19571428571428573,0.24571428571428572,0.0
PHASE 2,36,29600,28,1373.4861699771761,1012.3487736819544,1819.75170797519,330.15503236607213,346.77023363095304,87.0701129975241,0.19571428571428573,0.24571428571428572,0.0
PHASE 2,37,30400,28,1373.4861699771761,1012.3487736819544,1819.75170797519,330.15503236607213,346.77023363095304,87.0701129975241,0.19571428571428573,0.24571428571428572,0.0
PHASE 2,38,31200,28,1373.4861699771761,1012.3487736819544,1819.75170797519,330.15503236607213,346.77023363095304,87.0701129975241,0.19571428571428573,0.24571428571428572,0.0
PHASE 2,39,32000,32,1378.6344964476516,1012.3487736819544,1819.75170797519,329.2226546223966,350.416970052084,87.37435897165169,0.19571428571428573,0.24571428571428572,0.0
PHASE 2,40,32800,32,1378.6344964476516,1012.3487736819544,1819.75170797519,329.2226546223966,350.416970052084,87.37435897165169,0.19571428571428573,0.24571428571428572,0.0
PHASE 2,41,33600,32,1378.6344964476516,1012.3487736819544,1819.75170797519,329.2226546223966,350.416970052084,87.37435897165169,0.19571428571428573,0.24571428571428572,0.0
PHASE 2,42,34400,32,1378.6344964476516,1012.3487736819544,1819.75170797519,329.2226546223966,350.416970052084,87.37435897165169,0.19571428571428573,0.24571428571428572,0.0
PHASE 2,43,35200,32,1378.6344964476516,1012.3487736819544,1819.75170797519,329.2226546223966,350.416970052084,87.37435897165169,0.19571428571428573,0.24571428571428572,0.0
PHASE 2,44,36000,36,1366.4561189796414,1012.3487736819544,1819.75170797519,326.1333075810194,343.38856712963036,87.11678053362886,0.19571428571428573,0.24571428571428572,0.0
PHASE 2,45,36800,36,1366.4561189796418,1012.3487736819544,1819.75170797519,326.1333075810193,343.38856712963036,87.11678053362886,0.19571428571428573,0.24571428571428572,0.0
PHASE 2,46,37600,36,1366.4561189796418,1012.3487736819544,1819.75170797519,326.1333075810193,343.38856712963036,87.11678053362886,0.19571428571428573,0.24571428571428572,0.0
PHASE 2,47,38400,36,1366.4561189796418,1012.3487736819544,1819.75170797519,326.1333075810193,343.38856712963036,87.11678053362886,0.19571428571428573,0.24571428571428572,0.0
PHASE 2,48,39200,36,1366.4561189796418,1012.3487736819544,1819.75170797519,326.1333075810193,343.38856712963036,87.11678053362886,0.19571428571428573,0.24571428571428572,0.0
PHASE 2,49,40000,40,1389.7198678864042,1012.3487736819544,1819.75170797519,330.15289036458415,352.13072083333407,88.42953208606592,0.19571428571428573,0.24571428571428572,0.0
PHASE 2,50,40800,40,1389.7198678864042,1012.3487736819544,1819.75170797519,330.15289036458415,352.13072083333407,88.42953208606593,0.19571428571428573,0.24571428571428572,0.0
PHASE 2,51,41600,40,1389.7198678864042,1012.3487736819544,1819.75170797519,330.15289036458415,352.13072083333407,88.42953208606593,0.19571428571428573,0.24571428571428572,0.0
PHASE 2,52,42400,40,1389.7198678864042,1012.3487736819544,1819.75170797519,330.15289036458415,352.13072083333407,88.42953208606593,0.19571428571428573,0.24571428571428572,0.0
PHASE 2,53,43200,40,1389.7198678864042,1012.3487736819544,1819.75170797519,330.15289036458415,352.13072083333407,88.42953208606593,0.19571428571428573,0.24571428571428572,0.0
PHASE 2,54,44000,44,1382.2388527257563,1012.3487736819544,1819.75170797519,326.9365594223493,350.04322348484925,88.15738372732498,0.19571428571428573,0.24571428571428572,0.0
PHASE 2,55,44800,44,1382.2388527257565,1012.3487736819544,1819.75170797519,326.9365594223493,350.04322348484925,88.15738372732498,0.19571428571428573,0.24571428571428572,0.0
PHASE 2,56,45600,44,1382.2388527257565,1012.3487736819544,1819.75170797519,326.9365594223493,350.04322348484925,88.15738372732498,0.19571428571428573,0.24571428571428572,0.0
PHASE 2,57,46400,44,1382.2388527257565,1012.3487736819544,1819.75170797519,326.9365594223493,350.04322348484925,88.15738372732498,0.19571428571428573,0.24571428571428572,0.0
PHASE 2,58,47200,44,1382.2388527257565,1012.3487736819544,1819.75170797519,326.9365594223493,350.04322348484925,88.15738372732498,0.19571428571428573,0.24571428571428572,0.0
PHASE 2,59,48000,48,1398.200463503171,1012.3487736819544,2022.052147479497,327.52478363715363,357.5743200954868,89.13766997132159,0.19571428571428573,0.24571428571428572,0.0
PHASE 2,60,48800,48,1398.200463503171,1012.3487736819544,2022.052147479497,327.52478363715363,357.5743200954869,89.13766997132159,0.19571428571428573,0.24571428571428572,0.0
PHASE 2,61,49600,48,1398.200463503171,1012.3487736819544,2022.052147479497,327.52478363715363,357.5743200954869,89.13766997132159,0.19571428571428573,0.24571428571428572,0.0
PHASE 2,62,50400,48,1398.200463503171,1012.3487736819544,2022.052147479497,327.52478363715363,357.5743200954869,89.13766997132159,0.19571428571428573,0.24571428571428572,0.0
PHASE 2,63,51200,48,1398.200463503171,1012.3487736819544,2022.052147479497,327.52478363715363,357.5743200954869,89.13766997132159,0.19571428571428573,0.24571428571428572,0.0
PHASE 2,64,52000,52,1407.9162006111362,1012.3487736819544,2022.052147479497,330.13613341346235,360.7906584535263,89.62367609302389,0.19571428571428573,0.24571428571428572,0.0
PHASE 2,65,52800,52,1407.9162006111355,1012.3487736819544,2022.052147479497,330.1361334134624,360.7906584535264,89.62367609302387,0.19571428571428573,0.24571428571428572,0.0
PHASE 2,66,53600,52,1407.9162006111355,1012.3487736819544,2022.052147479497,330.1361334134624,360.7906584535264,89.62367609302387,0.19571428571428573,0.24571428571428572,0.0
PHASE 2,67,54400,52,1407.9162006111355,1012.3487736819544,2022.052147479497,330.1361334134624,360.7906584535264,89.62367609302387,0.19571428571428573,0.24571428571428572,0.0
PHASE 2,68,55200,52,1407.9162006111355,1012.3487736819544,2022.052147479497,330.1361334134624,360.7906584535264,89.62367609302387,0.19571428571428573,0.24571428571428572,0.0
PHASE 2,69,56000,56,1419.892716938728,1012.3487736819544,2022.052147479497,332.5007875744056,365.8035511532745,90.19854727638656,0.19571428571428573,0.24571428571428572,0.0
PHASE 2,70,56800,56,1419.8927169387282,1012.3487736819544,2022.052147479497,332.5007875744056,365.8035511532745,90.19854727638656,0.19571428571428573,0.24571428571428572,0.0
PHASE 2,71,57600,56,1419.8927169387282,1012.3487736819544,2022.052147479497,332.5007875744056,365.8035511532745,90.19854727638656,0.19571428571428573,0.24571428571428572,0.0
PHASE 2,72,58400,56,1419.8927169387282,1012.3487736819544,2022.052147479497,332.5007875744056,365.8035511532745,90.19854727638656,0.19571428571428573,0.24571428571428572,0.0
PHASE 2,73,59200,56,1419.8927169387282,1012.3487736819544,2022.052147479497,332.5007875744056,365.8035511532745,90.19854727638656,0.19571428571428573,0.24571428571428572,0.0
PHASE 2,74,60000,60,1414.7909496052455,1012.3487736819544,2022.052147479497,331.41052534722314,363.38057343750074,89.99998135257076,0.19571428571428573,0.24571428571428572,0.0
PHASE 2,75,60800,60,1414.7909496052457,1012.3487736819544,2022.052147479497,331.4105253472231,363.38057343750074,89.99998135257077,0.19571428571428573,0.24571428571428572,0.0
PHASE 2,76,61600,60,1414.7909496052457,1012.3487736819544,2022.052147479497,331.4105253472231,363.38057343750074,89.99998135257077,0.19571428571428573,0.24571428571428572,0.0
PHASE 2,77,62400,60,1414.7909496052457,1012.3487736819544,2022.052147479497,331.4105253472231,363.38057343750074,89.99998135257077,0.19571428571428573,0.24571428571428572,0.0
PHASE 2,78,63200,60,1414.7909496052457,1012.3487736819544,2022.052147479497,331.4105253472231,363.38057343750074,89.99998135257077,0.19571428571428573,0.24571428571428572,0.0
PHASE 2,79,64000,64,1415.7253561984403,1012.3487736819544,2022.052147479497,333.83723795572996,361.366127441407,90.06524885016847,0.19571428571428573,0.24571428571428572,0.0
PHASE 2,80,64800,64,1415.7253561984403,1012.3487736819544,2022.052147479497,333.83723795572996,361.366127441407,90.06524885016849,0.19571428571428573,0.24571428571428572,0.0
PHASE 2,81,65600,64,1415.7253561984403,1012.3487736819544,2022.052147479497,333.83723795572996,361.366127441407,90.06524885016849,0.19571428571428573,0.24571428571428572,0.0
PHASE 2,82,66400,64,1415.7253561984403,1012.3487736819544,2022.052147479497,333.83723795572996,361.366127441407,90.06524885016849,0.19571428571428573,0.24571428571428572,0.0
PHASE 2,83,67200,64,1415.7253561984403,1012.3487736819544,2022.052147479497,333.83723795572996,361.366127441407,90.06524885016849,0.19571428571428573,0.24571428571428572,0.0
PHASE 2,84,68000,68,1407.6247102005327,869.9904829542431,2022.052147479497,331.572454350491,358.9669260110301,89.63566622988186,0.19571428571428573,0.24571428571428572,0.0
PHASE 2,85,68800,68,1407.624710200533,869.9904829542431,2022.052147479497,331.572454350491,358.9669260110302,89.63566622988188,0.19571428571428573,0.24571428571428572,0.0
PHASE 2,86,69600,68,1407.624710200533,869.9904829542431,2022.052147479497,331.572454350491,358.9669260110302,89.63566622988188,0.19571428571428573,0.24571428571428572,0.0
PHASE 2,87,70400,68,1407.624710200533,869.9904829542431,2022.052147479497,331.572454350491,358.9669260110302,89.63566622988188,0.19571428571428573,0.24571428571428572,0.0
PHASE 2,88,71200,68,1407.624710200533,869.9904829542431,2022.052147479497,331.572454350491,358.9669260110302,89.63566622988188,0.19571428571428573,0.24571428571428572,0.0
PHASE 2,89,72000,72,1414.8635282115833,869.9904829542431,2022.052147479497,332.64460460069523,360.99805700231553,90.15260832607714,0.19571428571428573,0.24571428571428572,0.0
PHASE 2,90,72800,72,1414.8635282115833,869.9904829542431,2022.052147479497,332.64460460069523,360.9980570023156,90.15260832607714,0.19571428571428573,0.24571428571428572,0.0
PHASE 2,91,73600,72,1414.8635282115833,869.9904829542431,2022.052147479497,332.64460460069523,360.9980570023156,90.15260832607714,0.19571428571428573,0.24571428571428572,0.0
PHASE 2,92,74400,72,1414.8635282115833,869.9904829542431,2022.052147479497,332.64460460069523,360.9980570023156,90.15260832607714,0.19571428571428573,0.24571428571428572,0.0
PHASE 2,93,75200,72,1414.8635282115833,869.9904829542431,2022.052147479497,332.64460460069523,360.9980570023156,90.15260832607714,0.19571428571428573,0.24571428571428572,0.0
PHASE 2,94,76000,76,1408.3746776188573,869.9904829542431,2022.052147479497,329.42564459978155,360.0957294407902,89.8566629472913,0.19571428571428573,0.24571428571428572,0.0
PHASE 2,95,76800,76,1408.374677618857,869.9904829542431,2022.052147479497,329.42564459978155,360.09572944079025,89.85666294729131,0.19571428571428573,0.24571428571428572,0.0
PHASE 2,96,77600,76,1408.374677618857,869.9904829542431,2022.052147479497,329.42564459978155,360.09572944079025,89.85666294729131,0.19571428571428573,0.24571428571428572,0.0
PHASE 2,97,78400,76,1408.374677618857,869.9904829542431,2022.052147479497,329.42564459978155,360.09572944079025,89.85666294729131,0.19571428571428573,0.24571428571428572,0.0
PHASE 2,98,79200,76,1408.374677618857,869.9904829542431,2022.052147479497,329.42564459978155,360.09572944079025,89.85666294729131,0.19571428571428573,0.24571428571428572,0.0
PHASE 2,99,80000,80,1407.1907086668314,869.9904829542431,2022.052147479497,329.15243059895914,359.0136044270841,89.8780842051041,0.19571428571428573,0.24571428571428572,0.0
PHASE 2,100,80800,80,1407.1907086668314,869.9904829542431,2022.052147479497,329.15243059895914,359.0136044270841,89.8780842051041,0.19571428571428573,0.24571428571428572,0.0
PHASE 2,101,81600,80,1407.1907086668314,869.9904829542431,2022.052147479497,329.15243059895914,359.0136044270841,89.8780842051041,0.19571428571428573,0.24571428571428572,0.0
PHASE 2,102,82400,80,1407.1907086668314,869.9904829542431,2022.052147479497,329.15243059895914,359.0136044270841,89.8780842051041,0.19571428571428573,0.24571428571428572,0.0
PHASE 2,103,83200,80,1407.1907086668314,869.9904829542431,2022.052147479497,329.15243059895914,359.0136044270841,89.8780842051041,0.19571428571428573,0.24571428571428572,0.0
PHASE 2,104,84000,84,1411.3695121073754,869.9904829542431,2022.052147479497,329.30313826885003,361.8246803075404,90.03021169137875,0.19571428571428573,0.24571428571428572,0.0
PHASE 2,105,84800,84,1411.3695121073752,869.9904829542431,2022.052147479497,329.30313826885003,361.8246803075404,90.03021169137877,0.19571428571428573,0.24571428571428572,0.0
PHASE 2,106,85600,84,1411.3695121073752,869.9904829542431,2022.052147479497,329.30313826885003,361.8246803075404,90.03021169137877,0.19571428571428573,0.24571428571428572,0.0
PHASE 2,107,86400,84,1411.3695121073752,869.9904829542431,2022.052147479497,329.30313826885003,361.8246803075404,90.03021169137877,0.19571428571428573,0.24571428571428572,0.0
PHASE 2,108,87200,84,1411.3695121073752,869.9904829542431,2022.052147479497,329.30313826885003,361.8246803075404,90.03021169137877,0.19571428571428573,0.24571428571428572,0.0
PHASE 2,109,88000,88,1422.1155087118416,869.9904829542431,2022.052147479497,330.7979492187508,366.55195572916733,90.59570047049624,0.19571428571428573,0.24571428571428572,0.0
PHASE 2,110,88800,88,1422.1155087118416,869.9904829542431,2022.052147479497,330.7979492187508,366.55195572916733,90.59570047049624,0.19571428571428573,0.24571428571428572,0.0
PHASE 2,111,89600,88,1422.1155087118416,869.9904829542431,2022.052147479497,330.7979492187508,366.55195572916733,90.59570047049624,0.19571428571428573,0.24571428571428572,0.0
PHASE 2,112,90400,88,1422.1155087118416,869.9904829542431,2022.052147479497,330.7979492187508,366.55195572916733,90.59570047049624,0.19571428571428573,0.24571428571428572,0.0
PHASE 2,113,91200,88,1422.1155087118416,869.9904829542431,2022.052147479497,330.7979492187508,366.55195572916733,90.59570047049624,0.19571428571428573,0.24571428571428572,0.0
PHASE 2,114,92000,92,1420.6754225265822,869.9904829542431,2022.052147479497,330.3929654664863,365.72468817934856,90.56972111009928,0.19571428571428573,0.24571428571428572,0.0
PHASE 2,115,92800,92,1420.6754225265822,869.9904829542431,2022.052147479497,330.3929654664863,365.72468817934856,90.56972111009928,0.19571428571428573,0.24571428571428572,0.0
PHASE 2,116,93600,92,1420.6754225265822,869.9904829542431,2022.052147479497,330.3929654664863,365.72468817934856,90.56972111009928,0.19571428571428573,0.24571428571428572,0.0
PHASE 2,117,94400,92,1420.6754225265822,869.9904829542431,2022.052147479497,330.3929654664863,365.72468817934856,90.56972111009928,0.19571428571428573,0.24571428571428572,0.0
PHASE 2,118,95200,92,1420.6754225265822,869.9904829542431,2022.052147479497,330.3929654664863,365.72468817934856,90.56972111009928,0.19571428571428573,0.24571428571428572,0.0
PHASE 2,119,96000,96,1421.6193220146415,869.9904829542431,2022.052147479497,332.4319343532994,364.5132215711813,90.58427076127604,0.19571428571428573,0.24571428571428572,0.0
PHASE 2,120,96800,96,1421.6193220146415,869.9904829542431,2022.052147479497,332.4319343532994,364.5132215711813,90.58427076127604,0.19571428571428573,0.24571428571428572,0.0
PHASE 2,121,97600,96,1421.6193220146415,869.9904829542431,2022.052147479497,332.4319343532994,364.5132215711813,90.58427076127604,0.19571428571428573,0.24571428571428572,0.0
PHASE 2,122,98400,96,1421.6193220146415,869.9904829542431,2022.052147479497,332.4319343532994,364.5132215711813,90.58427076127604,0.19571428571428573,0.24571428571428572,0.0
PHASE 2,123,99200,96,1421.6193220146415,869.9904829542431,2022.052147479497,332.4319343532994,364.5132215711813,90.58427076127604,0.19571428571428573,0.24571428571428572,0.0
PHASE 2,124,100000,100,1423.2665619290244,869.9904829542431,2022.052147479497,333.2834448958341,364.404872708334,90.697280540613,0.19571428571428573,0.24571428571428572,0.0
PHASE 2,125,100800,100,1423.2665619290246,869.9904829542431,2022.052147479497,333.2834448958342,364.4048727083341,90.697280540613,0.19571428571428573,0.24571428571428572,0.0
PHASE 2,126,101600,100,1423.2665619290246,869.9904829542431,2022.052147479497,333.2834448958342,364.4048727083341,90.697280540613,0.19571428571428573,0.24571428571428572,0.0
PHASE 2,127,102400,100,1423.2665619290246,869.9904829542431,2022.052147479497,333.2834448958342,364.4048727083341,90.697280540613,0.19571428571428573,0.24571428571428572,0.0
PHASE 2,128,103200,100,1423.2665619290246,869.9904829542431,2022.052147479497,333.2834448958342,364.4048727083341,90.697280540613,0.19571428571428573,0.24571428571428572,0.0
PHASE 2,129,104000,104,1425.1888782809872,869.9904829542431,2022.052147479497,332.5737782291675,365.52159395833405,90.8866882616916,0.19571428571428573,0.24571428571428572,0.0
PHASE 2,130,104800,104,1425.1888782809867,869.9904829542431,2022.052147479497,332.5737782291675,365.5215939583341,90.8866882616916,0.19571428571428573,0.24571428571428572,0.0
PHASE 2,131,105600,104,1425.1888782809867,869.9904829542431,2022.052147479497,332.5737782291675,365.5215939583341,90.8866882616916,0.19571428571428573,0.24571428571428572,0.0
PHASE 2,132,106400,104,1425.1888782809867,869.9904829542431,2022.052147479497,332.5737782291675,365.5215939583341,90.8866882616916,0.19571428571428573,0.24571428571428572,0.0
PHASE 2,133,107200,104,1425.1888782809867,869.9904829542431,2022.052147479497,332.5737782291675,365.5215939583341,90.8866882616916,0.19571428571428573,0.24571428571428572,0.0
PHASE 2,134,108000,108,1420.476920148893,869.9904829542431,2022.052147479497,329.06029531250084,365.4600172916674,90.74457594309649,0.19571428571428573,0.24571428571428572,0.0
PHASE 2,135,108800,108,1420.4769201488932,869.9904829542431,2022.052147479497,329.06029531250084,365.4600172916674,90.74457594309648,0.19571428571428573,0.24571428571428572,0.0
PHASE 2,136,109600,108,1420.4769201488932,869.9904829542431,2022.052147479497,329.06029531250084,365.4600172916674,90.74457594309648,0.19571428571428573,0.24571428571428572,0.0
PHASE 2,137,110400,108,1420.4769201488932,869.9904829542431,2022.052147479497,329.06029531250084,365.4600172916674,90.74457594309648,0.19571428571428573,0.24571428571428572,0.0
PHASE 2,138,111200,108,1420.4769201488932,869.9904829542431,2022.052147479497,329.06029531250084,365.4600172916674,90.74457594309648,0.19571428571428573,0.24571428571428572,0.0
PHASE 2,139,112000,112,1432.464542652666,869.9904829542431,2022.052147479497,330.1257515625008,370.2131514583341,91.51570495398491,0.19571428571428573,0.24571428571428572,0.0
PHASE 2,140,112800,112,1432.4645426526663,869.9904829542431,2022.052147479497,330.1257515625008,370.2131514583341,91.51570495398491,0.19571428571428573,0.24571428571428572,0.0
PHASE 2,141,113600,112,1432.4645426526663,869.9904829542431,2022.052147479497,330.1257515625008,370.2131514583341,91.51570495398491,0.19571428571428573,0.24571428571428572,0.0
PHASE 2,142,114400,112,1432.4645426526663,869.9904829542431,2022.052147479497,330.1257515625008,370.2131514583341,91.51570495398491,0.19571428571428573,0.24571428571428572,0.0
PHASE 2,143,115200,112,1432.4645426526663,869.9904829542431,2022.052147479497,330.1257515625008,370.2131514583341,91.51570495398491,0.19571428571428573,0.24571428571428572,0.0
PHASE 2,144,116000,116,1434.0367022248176,869.9904829542431,2022.052147479497,330.54312447916755,369.2408906250008,91.78158589008731,0.19571428571428573,0.24571428571428572,0.0
PHASE 2,145,116800,116,1434.036702224818,869.9904829542431,2022.052147479497,330.54312447916755,369.24089062500076,91.78158589008734,0.19571428571428573,0.24571428571428572,0.0
PHASE 2,146,117600,116,1434.036702224818,869.9904829542431,2022.052147479497,330.54312447916755,369.24089062500076,91.78158589008734,0.19571428571428573,0.24571428571428572,0.0
PHASE 2,147,118400,116,1434.036702224818,869.9904829542431,2022.052147479497,330.54312447916755,369.24089062500076,91.78158589008734,0.19571428571428573,0.24571428571428572,0.0
PHASE 2,148,119200,116,1434.036702224818,869.9904829542431,2022.052147479497,330.54312447916755,369.24089062500076,91.78158589008734,0.19571428571428573,0.24571428571428572,0.0
PHASE 2,149,120000,120,1445.112051526898,869.9904829542431,2022.052147479497,332.75029656250086,372.17128947916746,92.52380818566,0.19571428571428573,0.24571428571428572,0.0
PHASE 2,150,120800,120,1445.1120515268976,869.9904829542431,2022.052147479497,332.7502965625008,372.1712894791674,92.52380818566,0.19571428571428573,0.24571428571428572,0.0
PHASE 2,151,121600,120,1445.1120515268976,869.9904829542431,2022.052147479497,332.7502965625008,372.1712894791674,92.52380818566,0.19571428571428573,0.24571428571428572,0.0
PHASE 2,152,122400,120,1445.1120515268976,869.9904829542431,2022.052147479497,332.7502965625008,372.1712894791674,92.52380818566,0.19571428571428573,0.24571428571428572,0.0
PHASE 2,153,123200,120,1445.1120515268976,869.9904829542431,2022.052147479497,332.7502965625008,372.1712894791674,92.52380818566,0.19571428571428573,0.24571428571428572,0.0
PHASE 2,154,124000,124,1439.8259145788356,869.9904829542431,2022.052147479497,332.82354791666745,368.6569778125007,92.29317360621462,0.19571428571428573,0.24571428571428572,0.0
PHASE 2,155,124800,124,1439.8259145788352,869.9904829542431,2022.052147479497,332.82354791666745,368.6569778125007,92.29317360621462,0.19571428571428573,0.24571428571428572,0.0
PHASE 2,156,125600,124,1439.8259145788352,869.9904829542431,2022.052147479497,332.82354791666745,368.6569778125007,92.29317360621462,0.19571428571428573,0.24571428571428572,0.0
PHASE 2,157,126400,124,1439.8259145788352,869.9904829542431,2022.052147479497,332.82354791666745,368.6569778125007,92.29317360621462,0.19571428571428573,0.24571428571428572,0.0
PHASE 2,158,127200,124,1439.8259145788352,869.9904829542431,2022.052147479497,332.82354791666745,368.6569778125007,92.29317360621462,0.19571428571428573,0.24571428571428572,0.0
PHASE 2,159,128000,128,1447.8476422945914,869.9904829542431,2022.052147479497,332.4667275000008,373.39545531250076,92.74818243526768,0.19571428571428573,0.24571428571428572,0.0
PHASE 2,160,128800,128,1447.8476422945917,869.9904829542431,2022.052147479497,332.4667275000008,373.39545531250076,92.74818243526768,0.19571428571428573,0.24571428571428572,0.0
PHASE 2,161,129600,128,1447.8476422945917,869.9904829542431,2022.052147479497,332.4667275000008,373.39545531250076,92.74818243526768,0.19571428571428573,0.24571428571428572,0.0
PHASE 2,162,130400,128,1447.8476422945917,869.9904829542431,2022.052147479497,332.4667275000008,373.39545531250076,92.74818243526768,0.19571428571428573,0.24571428571428572,0.0
PHASE 2,163,131200,128,1447.8476422945917,869.9904829542431,2022.052147479497,332.4667275000008,373.39545531250076,92.74818243526768,0.19571428571428573,0.24571428571428572,0.0
PHASE 2,164,132000,132,1443.6516451927707,869.9904829542431,2022.052147479497,331.4527791666675,371.86505614583405,92.54172623504004,0.19571428571428573,0.24571428571428572,0.0
PHASE 2,165,132800,132,1443.6516451927707,869.9904829542431,2022.052147479497,331.4527791666675,371.86505614583416,92.54172623504002,0.19571428571428573,0.24571428571428572,0.0
PHASE 2,166,133600,132,1443.6516451927707,869.9904829542431,2022.052147479497,331.4527791666675,371.86505614583416,92.54172623504002,0.19571428571428573,0.24571428571428572,0.0
PHASE 2,167,134400,132,1443.6516451927707,869.9904829542431,2022.052147479497,331.4527791666675,371.86505614583416,92.54172623504002,0.19571428571428573,0.24571428571428572,0.0
PHASE 2,168,135200,132,1443.6516451927707,869.9904829542431,2022.052147479497,331.4527791666675,371.86505614583416,92.54172623504002,0.19571428571428573,0.24571428571428572,0.0
PHASE 2,169,136000,136,1446.318746409449,869.9904829542431,2022.052147479497,332.09055041666744,373.46428583333415,92.59548876993743,0.19571428571428573,0.24571428571428572,0.0
PHASE 2,170,136800,136,1446.3187464094487,869.9904829542431,2022.052147479497,332.09055041666744,373.4642858333341,92.59548876993743,0.19571428571428573,0.24571428571428572,0.0
PHASE 2,171,137600,136,1446.3187464094487,869.9904829542431,2022.052147479497,332.09055041666744,373.4642858333341,92.59548876993743,0.19571428571428573,0.24571428571428572,0.0
PHASE 2,172,138400,136,1446.3187464094487,869.9904829542431,2022.052147479497,332.09055041666744,373.4642858333341,92.59548876993743,0.19571428571428573,0.24571428571428572,0.0
PHASE 2,173,139200,136,1446.3187464094487,869.9904829542431,2022.052147479497,332.09055041666744,373.4642858333341,92.59548876993743,0.19571428571428573,0.24571428571428572,0.0
PHASE 2,174,140000,140,1439.3295420498491,869.9904829542431,2022.052147479497,329.85139625000085,371.2959066406258,92.27277989490929,0.19571428571428573,0.24571428571428572,0.0
PHASE 2,175,140800,140,1439.3295420498491,869.9904829542431,2022.052147479497,329.85139625000085,371.2959066406257,92.27277989490932,0.19571428571428573,0.24571428571428572,0.0
PHASE 2,176,141600,140,1439.3295420498491,869.9904829542431,2022.052147479497,329.85139625000085,371.2959066406257,92.27277989490932,0.19571428571428573,0.24571428571428572,0.0
PHASE 2,177,142400,140,1439.3295420498491,869.9904829542431,2022.052147479497,329.85139625000085,371.2959066406257,92.27277989490932,0.19571428571428573,0.24571428571428572,0.0
PHASE 2,178,143200,140,1439.3295420498491,869.9904829542431,2022.052147479497,329.85139625000085,371.2959066406257,92.27277989490932,0.19571428571428573,0.24571428571428572,0.0
PHASE 2,179,144000,144,1436.5666141655206,869.9904829542431,2022.052147479497,327.51644208333414,371.45904789062575,92.19889052395156,0.19571428571428573,0.24571428571428572,0.0
PHASE 2,180,144800,144,1436.5666141655206,869.9904829542431,2022.052147479497,327.51644208333414,371.45904789062575,92.19889052395155,0.19571428571428573,0.24571428571428572,0.0
PHASE 2,181,145600,144,1436.5666141655206,869.9904829542431,2022.052147479497,327.51644208333414,371.45904789062575,92.19889052395155,0.19571428571428573,0.24571428571428572,0.0
PHASE 2,182,146400,144,1436.5666141655206,869.9904829542431,2022.052147479497,327.51644208333414,371.45904789062575,92.19889052395155,0.19571428571428573,0.24571428571428572,0.0
PHASE 2,183,147200,144,1436.5666141655206,869.9904829542431,2022.052147479497,327.51644208333414,371.45904789062575,92.19889052395155,0.19571428571428573,0.24571428571428572,0.0
PHASE 2,184,148000,148,1430.314922494558,869.9904829542431,1771.5513377416705,327.25258052083416,368.0189996614591,91.88041778903954,0.19571428571428573,0.24571428571428572,0.0
PHASE 2,185,148800,148,1430.3149224945573,869.9904829542431,1771.5513377416705,327.2525805208342,368.0189996614592,91.88041778903953,0.19571428571428573,0.24571428571428572,0.0
PHASE 2,186,149600,148,1430.3149224945573,869.9904829542431,1771.5513377416705,327.2525805208342,368.0189996614592,91.88041778903953,0.19571428571428573,0.24571428571428572,0.0
PHASE 2,187,150400,148,1430.3149224945573,869.9904829542431,1771.5513377416705,327.2525805208342,368.0189996614592,91.88041778903953,0.19571428571428573,0.24571428571428572,0.0
PHASE 2,188,151200,148,1430.3149224945573,869.9904829542431,1771.5513377416705,327.2525805208342,368.0189996614592,91.88041778903953,0.19571428571428573,0.24571428571428572,0.0
PHASE 2,189,152000,152,1423.1599023098395,869.9904829542431,1821.2670879869147,326.0121552083342,365.63615799479254,91.43894863834532,0.19571428571428573,0.24571428571428572,0.0
PHASE 2,190,152800,152,1423.1599023098397,869.9904829542431,1821.2670879869147,326.0121552083342,365.6361579947924,91.43894863834534,0.19571428571428573,0.24571428571428572,0.0
PHASE 2,191,153600,152,1423.1599023098397,869.9904829542431,1821.2670879869147,326.0121552083342,365.6361579947924,91.43894863834534,0.19571428571428573,0.24571428571428572,0.0
PHASE 2,192,154400,152,1423.1599023098397,869.9904829542431,1821.2670879869147,326.0121552083342,365.6361579947924,91.43894863834534,0.19571428571428573,0.24571428571428572,0.0
PHASE 2,193,155200,152,1423.1599023098397,869.9904829542431,1821.2670879869147,326.0121552083342,365.6361579947924,91.43894863834534,0.19571428571428573,0.24571428571428572,0.0
PHASE 2,194,156000,156,1419.4545954354946,869.9904829542431,1821.2670879869147,325.12442447916754,363.4449746614591,91.36064953686467,0.19571428571428573,0.24571428571428572,0.0
PHASE 2,195,156800,156,1419.4545954354942,869.9904829542431,1821.2670879869147,325.12442447916754,363.4449746614591,91.36064953686466,0.19571428571428573,0.24571428571428572,0.0
PHASE 2,196,157600,156,1419.4545954354942,869.9904829542431,1821.2670879869147,325.12442447916754,363.4449746614591,91.36064953686466,0.19571428571428573,0.24571428571428572,0.0
PHASE 2,197,158400,156,1419.4545954354942,869.9904829542431,1821.2670879869147,325.12442447916754,363.4449746614591,91.36064953686466,0.19571428571428573,0.24571428571428572,0.0
PHASE 2,198,159200,156,1419.4545954354942,869.9904829542431,1821.2670879869147,325.12442447916754,363.4449746614591,91.36064953686466,0.19571428571428573,0.24571428571428572,0.0
PHASE 2,199,160000,160,1425.0246811573068,869.9904829542431,1821.2670879869147,326.5217694791675,364.4538159114592,91.75613697084128,0.19571428571428573,0.24571428571428572,0.0
PHASE 2,200,160800,160,1425.0246811573068,869.9904829542431,1821.2670879869147,326.5217694791675,364.4538159114592,91.75613697084128,0.19571428571428573,0.24571428571428572,0.0
PHASE 2,201,161600,160,1425.0246811573068,869.9904829542431,1821.2670879869147,326.5217694791675,364.4538159114592,91.75613697084128,0.19571428571428573,0.24571428571428572,0.0
PHASE 2,202,162400,160,1425.0246811573068,869.9904829542431,1821.2670879869147,326.5217694791675,364.4538159114592,91.75613697084128,0.19571428571428573,0.24571428571428572,0.0
PHASE 2,203,163200,160,1425.0246811573068,869.9904829542431,1821.2670879869147,326.5217694791675,364.4538159114592,91.75613697084128,0.19571428571428573,0.24571428571428572,0.0
PHASE 2,204,164000,164,1427.8923146145262,869.9904829542431,1821.2670879869147,325.7343323958342,366.51139799479256,91.95582302799376,0.19571428571428573,0.24571428571428572,0.0
PHASE 2,205,164800,164,1427.8923146145266,869.9904829542431,1821.2670879869147,325.73433239583426,366.51139799479245,91.95582302799376,0.19571428571428573,0.24571428571428572,0.0
PHASE 2,206,165600,164,1427.8923146145266,869.9904829542431,1821.2670879869147,325.73433239583426,366.51139799479245,91.95582302799376,0.19571428571428573,0.24571428571428572,0.0
PHASE 2,207,166400,164,1427.8923146145266,869.9904829542431,1821.2670879869147,325.73433239583426,366.51139799479245,91.95582302799376,0.19571428571428573,0.24571428571428572,0.0
PHASE 2,208,167200,164,1427.8923146145266,869.9904829542431,1821.2670879869147,325.73433239583426,366.51139799479245,91.95582302799376,0.19571428571428573,0.24571428571428572,0.0
PHASE 2,209,168000,168,1433.0147821574167,1046.6938758733204,1821.2670879869147,326.43878989583425,367.8496965364591,92.34078696564677,0.19571428571428573,0.24571428571428572,0.0
PHASE 2,210,168800,168,1433.0147821574164,1046.6938758733204,1821.2670879869147,326.43878989583425,367.8496965364591,92.34078696564679,0.19571428571428573,0.24571428571428572,0.0
PHASE 2,211,169600,168,1433.0147821574164,1046.6938758733204,1821.2670879869147,326.43878989583425,367.8496965364591,92.34078696564679,0.19571428571428573,0.24571428571428572,0.0
PHASE 2,212,170400,168,1433.0147821574164,1046.6938758733204,1821.2670879869147,326.43878989583425,367.8496965364591,92.34078696564679,0.19571428571428573,0.24571428571428572,0.0
PHASE 2,213,171200,168,1433.0147821574164,1046.6938758733204,1821.2670879869147,326.43878989583425,367.8496965364591,92.34078696564679,0.19571428571428573,0.24571428571428572,0.0
PHASE 2,214,172000,172,1430.6720876938905,1046.6938758733204,1916.9968988202231,327.63473729166753,366.1278976822925,92.11368158999773,0.19571428571428573,0.24571428571428572,0.0
PHASE 2,215,172800,172,1430.6720876938905,1046.6938758733204,1916.9968988202231,327.63473729166753,366.1278976822925,92.11368158999773,0.19571428571428573,0.24571428571428572,0.0
PHASE 2,216,173600,172,1430.6720876938905,1046.6938758733204,1916.9968988202231,327.63473729166753,366.1278976822925,92.11368158999773,0.19571428571428573,0.24571428571428572,0.0
PHASE 2,217,174400,172,1430.6720876938905,1046.6938758733204,1916.9968988202231,327.63473729166753,366.1278976822925,92.11368158999773,0.19571428571428573,0.24571428571428572,0.0
PHASE 2,218,175200,172,1430.6720876938905,1046.6938758733204,1916.9968988202231,327.63473729166753,366.1278976822925,92.11368158999773,0.19571428571428573,0.24571428571428572,0.0
PHASE 2,219,176000,176,1435.4854267802352,1046.6938758733204,1916.9968988202231,331.0572210416675,365.1486701822925,92.40994194454085,0.19571428571428573,0.24571428571428572,0.0
PHASE 2,220,176800,176,1435.4854267802348,1046.6938758733204,1916.9968988202231,331.0572210416675,365.1486701822924,92.40994194454085,0.19571428571428573,0.24571428571428572,0.0
PHASE 2,221,177600,176,1435.4854267802348,1046.6938758733204,1916.9968988202231,331.0572210416675,365.1486701822924,92.40994194454085,0.19571428571428573,0.24571428571428572,0.0
PHASE 2,222,178400,176,1435.4854267802348,1046.6938758733204,1916.9968988202231,331.0572210416675,365.1486701822924,92.40994194454085,0.19571428571428573,0.24571428571428572,0.0
PHASE 2,223,179200,176,1435.4854267802348,1046.6938758733204,1916.9968988202231,331.0572210416675,365.1486701822924,92.40994194454085,0.19571428571428573,0.24571428571428572,0.0
PHASE 2,224,180000,180,1439.4628138918886,1046.6938758733204,1916.9968988202231,334.05175562500085,363.26054726562575,92.76881387516438,0.19571428571428573,0.24571428571428572,0.0
PHASE 2,225,180800,180,1439.4628138918883,1046.6938758733204,1916.9968988202231,334.0517556250008,363.2605472656258,92.76881387516438,0.19571428571428573,0.24571428571428572,0.0
PHASE 2,226,181600,180,1439.4628138918883,1046.6938758733204,1916.9968988202231,334.0517556250008,363.2605472656258,92.76881387516438,0.19571428571428573,0.24571428571428572,0.0
PHASE 2,227,182400,180,1439.4628138918883,1046.6938758733204,1916.9968988202231,334.0517556250008,363.2605472656258,92.76881387516438,0.19571428571428573,0.24571428571428572,0.0
PHASE 2,228,183200,180,1439.4628138918883,1046.6938758733204,1916.9968988202231,334.0517556250008,363.2605472656258,92.76881387516438,0.19571428571428573,0.24571428571428572,0.0
PHASE 2,229,184000,184,1446.1076069440744,1046.6938758733204,1916.9968988202231,335.3249143750008,364.14409893229254,93.32982420460431,0.19571428571428573,0.24571428571428572,0.0
PHASE 2,230,184800,184,1446.1076069440749,1046.6938758733204,1916.9968988202231,335.3249143750009,364.1440989322926,93.32982420460431,0.19571428571428573,0.24571428571428572,0.0
PHASE 2,231,185600,184,1446.1076069440749,1046.6938758733204,1916.9968988202231,335.3249143750009,364.1440989322926,93.32982420460431,0.19571428571428573,0.24571428571428572,0.0
PHASE 2,232,186400,184,1446.1076069440749,1046.6938758733204,1916.9968988202231,335.3249143750009,364.1440989322926,93.32982420460431,0.19571428571428573,0.24571428571428572,0.0
PHASE 2,233,187200,184,1446.1076069440749,1046.6938758733204,1916.9968988202231,335.3249143750009,364.1440989322926,93.32982420460431,0.19571428571428573,0.24571428571428572,0.0
PHASE 2,234,188000,188,1438.9704545944996,1046.6938758733204,1916.9968988202231,334.71469937500086,360.2234435156259,93.00403896299075,0.19571428571428573,0.24571428571428572,0.0
PHASE 2,235,188800,188,1438.9704545944996,1046.6938758733204,1916.9968988202231,334.7146993750009,360.22344351562583,93.00403896299075,0.19571428571428573,0.24571428571428572,0.0
PHASE 2,236,189600,188,1438.9704545944996,1046.6938758733204,1916.9968988202231,334.7146993750009,360.22344351562583,93.00403896299075,0.19571428571428573,0.24571428571428572,0.0
PHASE 2,237,190400,188,1438.9704545944996,1046.6938758733204,1916.9968988202231,334.7146993750009,360.22344351562583,93.00403896299075,0.19571428571428573,0.24571428571428572,0.0
PHASE 2,238,191200,188,1438.9704545944996,1046.6938758733204,1916.9968988202231,334.7146993750009,360.22344351562583,93.00403896299075,0.19571428571428573,0.24571428571428572,0.0
PHASE 2,239,192000,192,1442.8435327529544,1046.6938758733204,1916.9968988202231,337.48042645833425,358.9261243489592,93.30462274321437,0.19571428571428573,0.24571428571428572,0.0
PHASE 2,240,192800,192,1442.8435327529542,1046.6938758733204,1916.9968988202231,337.4804264583342,358.9261243489592,93.30462274321438,0.19571428571428573,0.24571428571428572,0.0
PHASE 2,241,193600,192,1442.8435327529542,1046.6938758733204,1916.9968988202231,337.4804264583342,358.9261243489592,93.30462274321438,0.19571428571428573,0.24571428571428572,0.0
PHASE 2,242,194400,192,1442.8435327529542,1046.6938758733204,1916.9968988202231,337.4804264583342,358.9261243489592,93.30462274321438,0.19571428571428573,0.24571428571428572,0.0
PHASE 2,243,195200,192,1442.8435327529542,1046.6938758733204,1916.9968988202231,337.4804264583342,358.9261243489592,93.30462274321438,0.19571428571428573,0.24571428571428572,0.0
PHASE 2,244,196000,196,1441.5416157510958,1046.6938758733204,1916.9968988202231,335.8478960416676,359.5771189322925,93.26457509714868,0.19571428571428573,0.24571428571428572,0.0
PHASE 2,245,196800,196,1441.541615751096,1046.6938758733204,1916.9968988202231,335.8478960416676,359.5771189322926,93.26457509714868,0.19571428571428573,0.24571428571428572,0.0
PHASE 2,246,197600,196,1441.541615751096,1046.6938758733204,1916.9968988202231,335.8478960416676,359.5771189322926,93.26457509714868,0.19571428571428573,0.24571428571428572,0.0
PHASE 2,247,198400,196,1441.541615751096,1046.6938758733204,1916.9968988202231,335.8478960416676,359.5771189322926,93.26457509714868,0.19571428571428573,0.24571428571428572,0.0
PHASE 2,248,199200,196,1441.541615751096,1046.6938758733204,1916.9968988202231,335.8478960416676,359.5771189322926,93.26457509714868,0.19571428571428573,0.24571428571428572,0.0
PHASE 2,249,200000,200,1448.7049533161348,1046.6938758733204,1916.9968988202231,336.8559822916676,363.19780601562593,93.5813956261119,0.19571428571428573,0.24571428571428572,0.0
PHASE 2,250,200800,200,1448.7049533161353,1046.6938758733204,1916.9968988202231,336.8559822916676,363.1978060156258,93.58139562611188,0.19571428571428573,0.24571428571428572,0.0
PHASE 2,251,201600,200,1448.7049533161353,1046.6938758733204,1916.9968988202231,336.8559822916676,363.1978060156258,93.58139562611188,0.19571428571428573,0.24571428571428572,0.0
PHASE 2,252,202400,200,1448.7049533161353,1046.6938758733204,1916.9968988202231,336.8559822916676,363.1978060156258,93.58139562611188,0.19571428571428573,0.24571428571428572,0.0
PHASE 2,253,203200,200,1448.7049533161353,1046.6938758733204,1916.9968988202231,336.8559822916676,363.1978060156258,93.58139562611188,0.19571428571428573,0.24571428571428572,0.0
PHASE 2,254,204000,204,1460.6546968147052,1046.6938758733204,1916.9968988202231,342.3561364583342,364.9724472656259,94.16576413634999,0.19571428571428573,0.24571428571428572,0.0
PHASE 2,255,204800,204,1460.6546968147047,1046.6938758733204,1916.9968988202231,342.35613645833416,364.9724472656258,94.16576413634999,0.19571428571428573,0.24571428571428572,0.0
PHASE 2,256,205600,204,1460.6546968147047,1046.6938758733204,1916.9968988202231,342.35613645833416,364.9724472656258,94.16576413634999,0.19571428571428573,0.24571428571428572,0.0
PHASE 2,257,206400,204,1460.6546968147047,1046.6938758733204,1916.9968988202231,342.35613645833416,364.9724472656258,94.16576413634999,0.19571428571428573,0.24571428571428572,0.0
PHASE 2,258,207200,204,1460.6546968147047,1046.6938758733204,1916.9968988202231,342.35613645833416,364.9724472656258,94.16576413634999,0.19571428571428573,0.24571428571428572,0.0
PHASE 2,259,208000,208,1458.7214809454592,1046.6938758733204,1916.9968988202231,343.25615020833413,362.1997926822925,94.15819225686074,0.19571428571428573,0.24571428571428572,0.0
PHASE 2,260,208800,208,1458.7214809454592,1046.6938758733204,1916.9968988202231,343.25615020833413,362.1997926822925,94.15819225686074,0.19571428571428573,0.24571428571428572,0.0
PHASE 2,261,209600,208,1458.7214809454592,1046.6938758733204,1916.9968988202231,343.25615020833413,362.1997926822925,94.15819225686074,0.19571428571428573,0.24571428571428572,0.0
PHASE 2,262,210400,208,1458.7214809454592,1046.6938758733204,1916.9968988202231,343.25615020833413,362.1997926822925,94.15819225686074,0.19571428571428573,0.24571428571428572,0.0
PHASE 2,263,211200,208,1458.7214809454592,1046.6938758733204,1916.9968988202231,343.25615020833413,362.1997926822925,94.15819225686074,0.19571428571428573,0.24571428571428572,0.0
PHASE 2,264,212000,212,1456.0061419613912,1046.6938758733204,1916.9968988202231,343.5766056250008,360.51075226562585,93.98984800885216,0.19571428571428573,0.24571428571428572,0.0
PHASE 2,265,212800,212,1456.0061419613908,1046.6938758733204,1916.9968988202231,343.57660562500075,360.51075226562585,93.98984800885216,0.19571428571428573,0.24571428571428572,0.0
PHASE 2,266,213600,212,1456.0061419613908,1046.6938758733204,1916.9968988202231,343.57660562500075,360.51075226562585,93.98984800885216,0.19571428571428573,0.24571428571428572,0.0
PHASE 2,267,214400,212,1456.0061419613908,1046.6938758733204,1916.9968988202231,343.57660562500075,360.51075226562585,93.98984800885216,0.19571428571428573,0.24571428571428572,0.0
PHASE 2,268,215200,212,1456.0061419613908,1046.6938758733204,1916.9968988202231,343.57660562500075,360.51075226562585,93.98984800885216,0.19571428571428573,0.24571428571428572,0.0
PHASE 2,269,216000,216,1467.7240379988448,1046.6938758733204,1916.9968988202231,346.22409354166746,364.69048809895924,94.60118204478411,0.19571428571428573,0.24571428571428572,0.0
PHASE 2,270,216800,216,1467.7240379988448,1046.6938758733204,1916.9968988202231,346.22409354166746,364.6904880989592,94.60118204478411,0.19571428571428573,0.24571428571428572,0.0
PHASE 2,271,217600,216,1467.7240379988448,1046.6938758733204,1916.9968988202231,346.22409354166746,364.6904880989592,94.60118204478411,0.19571428571428573,0.24571428571428572,0.0
PHASE 2,272,218400,216,1467.7240379988448,1046.6938758733204,1916.9968988202231,346.22409354166746,364.6904880989592,94.60118204478411,0.19571428571428573,0.24571428571428572,0.0
PHASE 2,273,219200,216,1467.7240379988448,1046.6938758733204,1916.9968988202231,346.22409354166746,364.6904880989592,94.60118204478411,0.19571428571428573,0.24571428571428572,0.0
PHASE 2,274,220000,220,1468.45452724065,1046.6938758733204,1916.9968988202231,347.86820270833414,362.88886330729247,94.71218265313465,0.19571428571428573,0.24571428571428572,0.0
PHASE 2,275,220800,220,1468.45452724065,1046.6938758733204,1916.9968988202231,347.8682027083343,362.8888633072927,94.71218265313466,0.19571428571428573,0.24571428571428572,0.0
PHASE 2,276,221600,220,1468.45452724065,1046.6938758733204,1916.9968988202231,347.8682027083343,362.8888633072927,94.71218265313466,0.19571428571428573,0.24571428571428572,0.0
PHASE 2,277,222400,220,1468.45452724065,1046.6938758733204,1916.9968988202231,347.8682027083343,362.8888633072927,94.71218265313466,0.19571428571428573,0.24571428571428572,0.0
PHASE 2,278,223200,220,1468.45452724065,1046.6938758733204,1916.9968988202231,347.8682027083343,362.8888633072927,94.71218265313466,0.19571428571428573,0.24571428571428572,0.0
PHASE 2,279,224000,224,1482.3548562806454,1046.6938758733204,1916.9968988202231,352.30073104166763,366.5178624739593,95.44203284563415,0.19571428571428573,0.24571428571428572,0.0
PHASE 2,280,224800,224,1482.3548562806454,1046.6938758733204,1916.9968988202231,352.30073104166746,366.51786247395927,95.44203284563413,0.19571428571428573,0.24571428571428572,0.0
PHASE 2,281,225600,224,1482.3548562806454,1046.6938758733204,1916.9968988202231,352.30073104166746,366.51786247395927,95.44203284563413,0.19571428571428573,0.24571428571428572,0.0
PHASE 2,282,226400,224,1482.3548562806454,1046.6938758733204,1916.9968988202231,352.30073104166746,366.51786247395927,95.44203284563413,0.19571428571428573,0.24571428571428572,0.0
PHASE 2,283,227200,224,1482.3548562806454,1046.6938758733204,1916.9968988202231,352.30073104166746,366.51786247395927,95.44203284563413,0.19571428571428573,0.24571428571428572,0.0
PHASE 2,284,228000,228,1489.4754682976788,1046.6938758733204,1916.9968988202231,355.36624520833413,366.6061750781259,95.93788100140927,0.19571428571428573,0.24571428571428572,0.0
PHASE 2,285,228800,228,1489.475468297679,1046.6938758733204,1916.9968988202231,355.36624520833413,366.6061750781259,95.93788100140927,0.19571428571428573,0.24571428571428572,0.0
PHASE 2,286,229600,228,1489.475468297679,1046.6938758733204,1916.9968988202231,355.36624520833413,366.6061750781259,95.93788100140927,0.19571428571428573,0.24571428571428572,0.0
PHASE 2,287,230400,228,1489.475468297679,1046.6938758733204,1916.9968988202231,355.36624520833413,366.6061750781259,95.93788100140927,0.19571428571428573,0.24571428571428572,0.0
PHASE 2,288,231200,228,1489.475468297679,1046.6938758733204,1916.9968988202231,355.36624520833413,366.6061750781259,95.93788100140927,0.19571428571428573,0.24571428571428572,0.0
PHASE 2,289,232000,232,1498.5320279222294,1046.6938758733204,1916.9968988202231,358.18979312500085,368.3201959114592,96.50275486072816,0.19571428571428573,0.24571428571428572,0.0
PHASE 2,290,232800,232,1498.532027922229,1046.6938758733204,1916.9968988202231,358.18979312500085,368.3201959114592,96.50275486072816,0.19571428571428573,0.24571428571428572,0.0
PHASE 2,291,233600,232,1498.532027922229,1046.6938758733204,1916.9968988202231,358.18979312500085,368.3201959114592,96.50275486072816,0.19571428571428573,0.24571428571428572,0.0
PHASE 2,292,234400,232,1498.532027922229,1046.6938758733204,1916.9968988202231,358.18979312500085,368.3201959114592,96.50275486072816,0.19571428571428573,0.24571428571428572,0.0
PHASE 2,293,235200,232,1498.532027922229,1046.6938758733204,1916.9968988202231,358.18979312500085,368.3201959114592,96.50275486072816,0.19571428571428573,0.24571428571428572,0.0
PHASE 2,294,236000,236,1513.2399817626285,1046.6938758733204,1916.9968988202231,361.47921062500086,372.67671539062593,97.38550696838242,0.19571428571428573,0.24571428571428572,0.0
PHASE 2,295,236800,236,1513.2399817626292,1046.6938758733204,1916.9968988202231,361.4792106250008,372.6767153906258,97.38550696838242,0.19571428571428573,0.24571428571428572,0.0
PHASE 2,296,237600,236,1513.2399817626292,1046.6938758733204,1916.9968988202231,361.4792106250008,372.6767153906258,97.38550696838242,0.19571428571428573,0.24571428571428572,0.0
PHASE 2,297,238400,236,1513.2399817626292,1046.6938758733204,1916.9968988202231,361.4792106250008,372.6767153906258,97.38550696838242,0.19571428571428573,0.24571428571428572,0.0
PHASE 2,298,239200,236,1513.2399817626292,1046.6938758733204,1916.9968988202231,361.4792106250008,372.6767153906258,97.38550696838242,0.19571428571428573,0.24571428571428572,0.0
PHASE 2,299,240000,240,1523.0971073525545,1046.6938758733204,1916.9968988202231,364.95882937500085,375.07080583333413,97.88343401803463,0.19571428571428573,0.24571428571428572,0.0
PHASE 2,300,240800,240,1523.0971073525548,1046.6938758733204,1916.9968988202231,364.9588293750008,375.07080583333413,97.88343401803463,0.19571428571428573,0.24571428571428572,0.0
PHASE 2,301,241600,240,1523.0971073525548,1046.6938758733204,1916.9968988202231,364.9588293750008,375.07080583333413,97.88343401803463,0.19571428571428573,0.24571428571428572,0.0
PHASE 2,302,242400,240,1523.0971073525548,1046.6938758733204,1916.9968988202231,364.9588293750008,375.07080583333413,97.88343401803463,0.19571428571428573,0.24571428571428572,0.0
PHASE 2,303,243200,240,1523.0971073525548,1046.6938758733204,1916.9968988202231,364.9588293750008,375.07080583333413,97.88343401803463,0.19571428571428573,0.24571428571428572,0.0
PHASE 2,304,244000,244,1531.624719586522,1046.6938758733204,1916.9968988202231,369.2617327083342,375.73024541666746,98.3290926826972,0.19571428571428573,0.24571428571428572,0.0
PHASE 2,305,244800,244,1531.6247195865217,1046.6938758733204,1916.9968988202231,369.2617327083342,375.7302454166675,98.3290926826972,0.19571428571428573,0.24571428571428572,0.0
PHASE 2,306,245600,244,1531.6247195865217,1046.6938758733204,1916.9968988202231,369.2617327083342,375.7302454166675,98.3290926826972,0.19571428571428573,0.24571428571428572,0.0
PHASE 2,307,246400,244,1531.6247195865217,1046.6938758733204,1916.9968988202231,369.2617327083342,375.7302454166675,98.3290926826972,0.19571428571428573,0.24571428571428572,0.0
PHASE 2,308,247200,244,1531.6247195865217,1046.6938758733204,1916.9968988202231,369.2617327083342,375.7302454166675,98.3290926826972,0.19571428571428573,0.24571428571428572,0.0
PHASE 2,309,248000,248,1540.1428822241207,1046.6938758733204,1916.9968988202231,371.5937363541675,378.09027666666753,98.80735865041807,0.19571428571428573,0.24571428571428572,0.0
PHASE 2,310,248800,248,1540.1428822241212,1046.6938758733204,1916.9968988202231,371.5937363541675,378.0902766666675,98.80735865041807,0.19571428571428573,0.24571428571428572,0.0
PHASE 2,311,249600,248,1540.1428822241212,1046.6938758733204,1916.9968988202231,371.5937363541675,378.0902766666675,98.80735865041807,0.19571428571428573,0.24571428571428572,0.0
PHASE 2,312,250400,248,1540.1428822241212,1046.6938758733204,1916.9968988202231,371.5937363541675,378.0902766666675,98.80735865041807,0.19571428571428573,0.24571428571428572,0.0
PHASE 2,313,251200,248,1540.1428822241212,1046.6938758733204,1916.9968988202231,371.5937363541675,378.0902766666675,98.80735865041807,0.19571428571428573,0.24571428571428572,0.0
PHASE 2,314,252000,252,1548.7815594992549,1089.9555494682315,1916.9968988202231,371.21166593750087,381.48693833333414,99.51036940355999,0.19571428571428573,0.24571428571428572,0.0
PHASE 2,315,252800,252,1548.7815594992544,1089.9555494682315,1916.9968988202231,371.2116659375008,381.4869383333342,99.51036940355999,0.19571428571428573,0.24571428571428572,0.0
PHASE 2,316,253600,252,1548.7815594992544,1089.9555494682315,1916.9968988202231,371.2116659375008,381.4869383333342,99.51036940355999,0.19571428571428573,0.24571428571428572,0.0
PHASE 2,317,254400,252,1548.7815594992544,1089.9555494682315,1916.9968988202231,371.2116659375008,381.4869383333342,99.51036940355999,0.19571428571428573,0.24571428571428572,0.0
PHASE 2,318,255200,252,1548.7815594992544,1089.9555494682315,1916.9968988202231,371.2116659375008,381.4869383333342,99.51036940355999,0.19571428571428573,0.24571428571428572,0.0
PHASE 2,319,256000,256,1553.7162631795443,1089.9555494682315,1916.9968988202231,373.8677608333341,381.5336545833342,99.78935597036707,0.19571428571428573,0.24571428571428572,0.0
PHASE 2,320,256800,256,1553.7162631795438,1089.9555494682315,1916.9968988202231,373.8677608333341,381.5336545833343,99.78935597036707,0.19571428571428573,0.24571428571428572,0.0
PHASE 2,321,257600,256,1553.7162631795438,1089.9555494682315,1916.9968988202231,373.8677608333341,381.5336545833343,99.78935597036707,0.19571428571428573,0.24571428571428572,0.0
PHASE 2,322,258400,256,1553.7162631795438,1089.9555494682315,1916.9968988202231,373.8677608333341,381.5336545833343,99.78935597036707,0.19571428571428573,0.24571428571428572,0.0
PHASE 2,323,259200,256,1553.7162631795438,1089.9555494682315,1916.9968988202231,373.8677608333341,381.5336545833343,99.78935597036707,0.19571428571428573,0.24571428571428572,0.0
PHASE 2,324,260000,260,1550.4726093054708,942.1412204225068,1916.9968988202231,371.7194422916675,381.8354054166676,99.61472019964944,0.19571428571428573,0.24571428571428572,0.0
PHASE 2,325,260800,260,1550.4726093054708,942.1412204225068,1916.9968988202231,371.7194422916676,381.83540541666747,99.61472019964944,0.19571428571428573,0.24571428571428572,0.0
PHASE 2,326,261600,260,1550.4726093054708,942.1412204225068,1916.9968988202231,371.7194422916676,381.83540541666747,99.61472019964944,0.19571428571428573,0.24571428571428572,0.0
PHASE 2,327,262400,260,1550.4726093054708,942.1412204225068,1916.9968988202231,371.7194422916676,381.83540541666747,99.61472019964944,0.19571428571428573,0.24571428571428572,0.0
PHASE 2,328,263200,260,1550.4726093054708,942.1412204225068,1916.9968988202231,371.7194422916676,381.83540541666747,99.61472019964944,0.19571428571428573,0.24571428571428572,0.0
PHASE 2,329,264000,264,1556.9793926097877,942.1412204225068,2093.8475638408036,374.0745689583342,382.7113987500008,100.024178112689,0.19571428571428573,0.24571428571428572,0.0
PHASE 2,330,264800,264,1556.9793926097877,942.1412204225068,2093.8475638408036,374.0745689583342,382.7113987500008,100.02417811268903,0.19571428571428573,0.24571428571428572,0.0
PHASE 2,331,265600,264,1556.9793926097877,942.1412204225068,2093.8475638408036,374.0745689583342,382.7113987500008,100.02417811268903,0.19571428571428573,0.24571428571428572,0.0
PHASE 2,332,266400,264,1556.9793926097877,942.1412204225068,2093.8475638408036,374.0745689583342,382.7113987500008,100.02417811268903,0.19571428571428573,0.24571428571428572,0.0
PHASE 2,333,267200,264,1556.9793926097877,942.1412204225068,2093.8475638408036,374.0745689583342,382.7113987500008,100.02417811268903,0.19571428571428573,0.24571428571428572,0.0
PHASE 2,334,268000,268,1566.835732772971,942.1412204225068,2093.8475638408036,376.35252270833416,384.88094177083417,100.70028353673284,0.19571428571428573,0.24571428571428572,0.0
PHASE 2,335,268800,268,1566.8357327729711,942.1412204225068,2093.8475638408036,376.35252270833416,384.8809417708342,100.70028353673284,0.19571428571428573,0.24571428571428572,0.0
PHASE 2,336,269600,268,1566.8357327729711,942.1412204225068,2093.8475638408036,376.35252270833416,384.8809417708342,100.70028353673284,0.19571428571428573,0.24571428571428572,0.0
PHASE 2,337,270400,268,1566.8357327729711,942.1412204225068,2093.8475638408036,376.35252270833416,384.8809417708342,100.70028353673284,0.19571428571428573,0.24571428571428572,0.0
PHASE 2,338,271200,268,1566.8357327729711,942.1412204225068,2093.8475638408036,376.35252270833416,384.8809417708342,100.70028353673284,0.19571428571428573,0.24571428571428572,0.0
PHASE 2,339,272000,272,1572.9054701472528,942.1412204225068,2093.8475638408036,376.20435937500076,387.47307760416766,101.1535041460181,0.19571428571428573,0.24571428571428572,0.0
PHASE 2,340,272800,272,1572.9054701472528,942.1412204225068,2093.8475638408036,376.20435937500076,387.47307760416754,101.15350414601808,0.19571428571428573,0.24571428571428572,0.0
PHASE 2,341,273600,272,1572.9054701472528,942.1412204225068,2093.8475638408036,376.20435937500076,387.47307760416754,101.15350414601808,0.19571428571428573,0.24571428571428572,0.0
PHASE 2,342,274400,272,1572.9054701472528,942.1412204225068,2093.8475638408036,376.20435937500076,387.47307760416754,101.15350414601808,0.19571428571428573,0.24571428571428572,0.0
PHASE 2,343,275200,272,1572.9054701472528,942.1412204225068,2093.8475638408036,376.20435937500076,387.47307760416754,101.15350414601808,0.19571428571428573,0.24571428571428572,0.0
PHASE 2,344,276000,276,1586.5495435804164,942.1412204225068,2093.8475638408036,379.41164145833415,391.63865093750087,101.93740639808031,0.19571428571428573,0.24571428571428572,0.0
PHASE 2,345,276800,276,1586.5495435804166,942.1412204225068,2093.8475638408036,379.4116414583342,391.6386509375008,101.93740639808031,0.19571428571428573,0.24571428571428572,0.0
PHASE 2,346,277600,276,1586.5495435804166,942.1412204225068,2093.8475638408036,379.4116414583342,391.6386509375008,101.93740639808031,0.19571428571428573,0.24571428571428572,0.0
PHASE 2,347,278400,276,1586.5495435804166,942.1412204225068,2093.8475638408036,379.4116414583342,391.6386509375008,101.93740639808031,0.19571428571428573,0.24571428571428572,0.0
PHASE 2,348,279200,276,1586.5495435804166,942.1412204225068,2093.8475638408036,379.4116414583342,391.6386509375008,101.93740639808031,0.19571428571428573,0.24571428571428572,0.0
PHASE 2,349,280000,280,1601.830789378318,942.1412204225068,2093.8475638408036,383.04151312500085,397.95302802083415,102.60453102906804,0.19571428571428573,0.24571428571428572,0.0
PHASE 2,350,280800,280,1601.8307893783183,942.1412204225068,2093.8475638408036,383.0415131250009,397.95302802083427,102.60453102906804,0.19571428571428573,0.24571428571428572,0.0
PHASE 2,351,281600,280,1601.8307893783183,942.1412204225068,2093.8475638408036,383.0415131250009,397.95302802083427,102.60453102906804,0.19571428571428573,0.24571428571428572,0.0
PHASE 2,352,282400,280,1601.8307893783183,942.1412204225068,2093.8475638408036,383.0415131250009,397.95302802083427,102.60453102906804,0.19571428571428573,0.24571428571428572,0.0
PHASE 2,353,283200,280,1601.8307893783183,942.1412204225068,2093.8475638408036,383.0415131250009,397.95302802083427,102.60453102906804,0.19571428571428573,0.24571428571428572,0.0
PHASE 2,354,284000,284,1606.1458679922694,942.1412204225068,2093.8475638408036,384.09370895833416,399.8908180208342,102.7701676266453,0.19571428571428573,0.24571428571428572,0.0
PHASE 2,355,284800,284,1606.1458679922694,942.1412204225068,2093.8475638408036,384.09370895833416,399.8908180208341,102.7701676266453,0.19571428571428573,0.24571428571428572,0.0
PHASE 2,356,285600,284,1606.1458679922694,942.1412204225068,2093.8475638408036,384.09370895833416,399.8908180208341,102.7701676266453,0.19571428571428573,0.24571428571428572,0.0
PHASE 2,357,286400,284,1606.1458679922694,942.1412204225068,2093.8475638408036,384.09370895833416,399.8908180208341,102.7701676266453,0.19571428571428573,0.24571428571428572,0.0
PHASE 2,358,287200,284,1606.1458679922694,942.1412204225068,2093.8475638408036,384.09370895833416,399.8908180208341,102.7701676266453,0.19571428571428573,0.24571428571428572,0.0
PHASE 2,359,288000,288,1605.8197439806268,942.1412204225068,2093.8475638408036,382.6056785416675,401.5431671875008,102.70886228143998,0.19571428571428573,0.24571428571428572,0.0
PHASE 2,360,288800,288,1605.8197439806265,942.1412204225068,2093.8475638408036,382.6056785416675,401.5431671875008,102.70886228143998,0.19571428571428573,0.24571428571428572,0.0
PHASE 2,361,289600,288,1605.8197439806265,942.1412204225068,2093.8475638408036,382.6056785416675,401.5431671875008,102.70886228143998,0.19571428571428573,0.24571428571428572,0.0
PHASE 2,362,290400,288,1605.8197439806265,942.1412204225068,2093.8475638408036,382.6056785416675,401.5431671875008,102.70886228143998,0.19571428571428573,0.24571428571428572,0.0
PHASE 2,363,291200,288,1605.8197439806265,942.1412204225068,2093.8475638408036,382.6056785416675,401.5431671875008,102.70886228143998,0.19571428571428573,0.24571428571428572,0.0
PHASE 2,364,292000,292,1620.4365738807244,942.1412204225068,2211.1886726748176,386.3407864583341,408.12314177083414,103.24658070645229,0.19571428571428573,0.24571428571428572,0.0
PHASE 2,365,292800,292,1620.4365738807244,942.1412204225068,2211.1886726748176,386.34078645833404,408.1231417708342,103.24658070645229,0.19571428571428573,0.24571428571428572,0.0
PHASE 2,366,293600,292,1620.4365738807244,942.1412204225068,2211.1886726748176,386.34078645833404,408.1231417708342,103.24658070645229,0.19571428571428573,0.24571428571428572,0.0
PHASE 2,367,294400,292,1620.4365738807244,942.1412204225068,2211.1886726748176,386.34078645833404,408.1231417708342,103.24658070645229,0.19571428571428573,0.24571428571428572,0.0
PHASE 2,368,295200,292,1620.4365738807244,942.1412204225068,2211.1886726748176,386.34078645833404,408.1231417708342,103.24658070645229,0.19571428571428573,0.24571428571428572,0.0
PHASE 2,369,296000,296,1634.2593838265698,942.1412204225068,2211.1886726748176,391.4304443750007,409.7371776041675,104.13647023093311,0.19571428571428573,0.24571428571428572,0.0
PHASE 2,370,296800,296,1634.2593838265698,942.1412204225068,2211.1886726748176,391.43044437500083,409.73717760416747,104.13647023093311,0.19571428571428573,0.24571428571428572,0.0
PHASE 2,371,297600,296,1634.2593838265698,942.1412204225068,2211.1886726748176,391.43044437500083,409.73717760416747,104.13647023093311,0.19571428571428573,0.24571428571428572,0.0
PHASE 2,372,298400,296,1634.2593838265698,942.1412204225068,2211.1886726748176,391.43044437500083,409.73717760416747,104.13647023093311,0.19571428571428573,0.24571428571428572,0.0
PHASE 2,373,299200,296,1634.2593838265698,942.1412204225068,2211.1886726748176,391.43044437500083,409.73717760416747,104.13647023093311,0.19571428571428573,0.24571428571428572,0.0
PHASE 2,374,300000,300,1641.3938524761172,942.1412204225068,2211.1886726748176,395.35761104166755,409.7019955208341,104.5417807392099,0.19571428571428573,0.24571428571428572,0.0
PHASE 2,375,300800,300,1641.393852476117,942.1412204225068,2211.1886726748176,395.3576110416675,409.70199552083415,104.5417807392099,0.19571428571428573,0.24571428571428572,0.0
PHASE 2,376,301600,300,1641.393852476117,942.1412204225068,2211.1886726748176,395.3576110416675,409.70199552083415,104.5417807392099,0.19571428571428573,0.24571428571428572,0.0
PHASE 2,377,302400,300,1641.393852476117,942.1412204225068,2211.1886726748176,395.3576110416675,409.70199552083415,104.5417807392099,0.19571428571428573,0.24571428571428572,0.0
PHASE 2,378,303200,300,1641.393852476117,942.1412204225068,2211.1886726748176,395.3576110416675,409.70199552083415,104.5417807392099,0.19571428571428573,0.24571428571428572,0.0
PHASE 2,379,304000,304,1649.3200217004837,942.1412204225068,2281.842572437337,396.0759318750008,412.9624784375008,105.03520142350568,0.19571428571428573,0.24571428571428572,0.0
PHASE 2,380,304800,304,1649.3200217004833,942.1412204225068,2281.842572437337,396.0759318750009,412.96247843750075,105.03520142350568,0.19571428571428573,0.24571428571428572,0.0
PHASE 2,381,305600,304,1649.3200217004833,942.1412204225068,2281.842572437337,396.0759318750009,412.96247843750075,105.03520142350568,0.19571428571428573,0.24571428571428572,0.0
PHASE 2,382,306400,304,1649.3200217004833,942.1412204225068,2281.842572437337,396.0759318750009,412.96247843750075,105.03520142350568,0.19571428571428573,0.24571428571428572,0.0
PHASE 2,383,307200,304,1649.3200217004833,942.1412204225068,2281.842572437337,396.0759318750009,412.96247843750075,105.03520142350568,0.19571428571428573,0.24571428571428572,0.0
PHASE 2,384,308000,308,1657.8231502232725,942.1412204225068,2281.842572437337,396.71634395833416,417.4033230208341,105.46293540552108,0.19571428571428573,0.24571428571428572,0.0
PHASE 2,385,308800,308,1657.8231502232725,942.1412204225068,2281.842572437337,396.7163439583341,417.4033230208341,105.46293540552108,0.19571428571428573,0.24571428571428572,0.0
PHASE 2,386,309600,308,1657.8231502232725,942.1412204225068,2281.842572437337,396.7163439583341,417.4033230208341,105.46293540552108,0.19571428571428573,0.24571428571428572,0.0
PHASE 2,387,310400,308,1657.8231502232725,942.1412204225068,2281.842572437337,396.7163439583341,417.4033230208341,105.46293540552108,0.19571428571428573,0.24571428571428572,0.0
PHASE 2,388,311200,308,1657.8231502232725,942.1412204225068,2281.842572437337,396.7163439583341,417.4033230208341,105.46293540552108,0.19571428571428573,0.24571428571428572,0.0
PHASE 2,389,312000,312,1663.1366907294878,942.1412204225068,2281.842572437337,399.6552260416674,418.04025843750077,105.680150781298,0.19571428571428573,0.24571428571428572,0.0
PHASE 2,390,312800,312,1663.1366907294882,942.1412204225068,2281.842572437337,399.6552260416675,418.04025843750077,105.680150781298,0.19571428571428573,0.24571428571428572,0.0
PHASE 2,391,313600,312,1663.1366907294882,942.1412204225068,2281.842572437337,399.6552260416675,418.04025843750077,105.680150781298,0.19571428571428573,0.24571428571428572,0.0
PHASE 2,392,314400,312,1663.1366907294882,942.1412204225068,2281.842572437337,399.6552260416675,418.04025843750077,105.680150781298,0.19571428571428573,0.24571428571428572,0.0
PHASE 2,393,315200,312,1663.1366907294882,942.1412204225068,2281.842572437337,399.6552260416675,418.04025843750077,105.680150781298,0.19571428571428573,0.24571428571428572,0.0
PHASE 2,394,316000,316,1661.118905936353,942.1412204225068,2281.842572437337,400.7592464583341,416.1326380208341,105.52837768215595,0.19571428571428573,0.24571428571428572,0.0
PHASE 2,395,316800,316,1661.118905936353,942.1412204225068,2281.842572437337,400.7592464583342,416.1326380208341,105.52837768215595,0.19571428571428573,0.24571428571428572,0.0
PHASE 2,396,317600,316,1661.118905936353,942.1412204225068,2281.842572437337,400.7592464583342,416.1326380208341,105.52837768215595,0.19571428571428573,0.24571428571428572,0.0
PHASE 2,397,318400,316,1661.118905936353,942.1412204225068,2281.842572437337,400.7592464583342,416.1326380208341,105.52837768215595,0.19571428571428573,0.24571428571428572,0.0
PHASE 2,398,319200,316,1661.118905936353,942.1412204225068,2281.842572437337,400.7592464583342,416.1326380208341,105.52837768215595,0.19571428571428573,0.24571428571428572,0.0
PHASE 2,399,320000,320,1660.1090172183362,942.1412204225068,2281.842572437337,400.84762187500087,415.5764614583341,105.46061673563301,0.19571428571428573,0.24571428571428572,0.0
PHASE 2,400,320800,320,1660.1090172183365,942.1412204225068,2281.842572437337,400.84762187500075,415.5764614583341,105.46061673563301,0.19571428571428573,0.24571428571428572,0.0
PHASE 2,401,321600,320,1660.1090172183365,942.1412204225068,2281.842572437337,400.84762187500075,415.5764614583341,105.46061673563301,0.19571428571428573,0.24571428571428572,0.0
PHASE 2,402,322400,320,1660.1090172183365,942.1412204225068,2281.842572437337,400.84762187500075,415.5764614583341,105.46061673563301,0.19571428571428573,0.24571428571428572,0.0
PHASE 2,403,323200,320,1660.1090172183365,942.1412204225068,2281.842572437337,400.84762187500075,415.5764614583341,105.46061673563301,0.19571428571428573,0.24571428571428572,0.0
PHASE 2,404,324000,324,1658.5681949169616,942.1412204225068,2281.842572437337,401.5265427083341,412.2572977083341,105.59804431254456,0.19571428571428573,0.24571428571428572,0.0
PHASE 2,405,324800,324,1658.5681949169611,942.1412204225068,2281.842572437337,401.52654270833415,412.2572977083341,105.59804431254456,0.19571428571428573,0.24571428571428572,0.0
PHASE 2,406,325600,324,1658.5681949169611,942.1412204225068,2281.842572437337,401.52654270833415,412.2572977083341,105.59804431254456,0.19571428571428573,0.24571428571428572,0.0
PHASE 2,407,326400,324,1658.5681949169611,942.1412204225068,2281.842572437337,401.52654270833415,412.2572977083341,105.59804431254456,0.19571428571428573,0.24571428571428572,0.0
PHASE 2,408,327200,324,1658.5681949169611,942.1412204225068,2281.842572437337,401.52654270833415,412.2572977083341,105.59804431254456,0.19571428571428573,0.24571428571428572,0.0
PHASE 2,409,328000,328,1660.127637858908,942.1412204225068,2281.842572437337,398.5252077083342,415.6447396875007,105.74471130789209,0.19571428571428573,0.24571428571428572,0.0
PHASE 2,410,328800,328,1660.1276378589082,942.1412204225068,2281.842572437337,398.5252077083341,415.6447396875008,105.74471130789209,0.19571428571428573,0.24571428571428572,0.0
PHASE 2,411,329600,328,1660.1276378589082,942.1412204225068,2281.842572437337,398.5252077083341,415.6447396875008,105.74471130789209,0.19571428571428573,0.24571428571428572,0.0
PHASE 2,412,330400,328,1660.1276378589082,942.1412204225068,2281.842572437337,398.5252077083341,415.6447396875008,105.74471130789209,0.19571428571428573,0.24571428571428572,0.0
PHASE 2,413,331200,328,1660.1276378589082,942.1412204225068,2281.842572437337,398.5252077083341,415.6447396875008,105.74471130789209,0.19571428571428573,0.24571428571428572,0.0
PHASE 2,414,332000,332,1655.2624155151768,942.1412204225068,2281.842572437337,396.9881418750008,414.24565968750073,105.50357674409241,0.19571428571428573,0.24571428571428572,0.0
PHASE 2,415,332800,332,1655.2624155151768,942.1412204225068,2281.842572437337,396.98814187500085,414.2456596875008,105.50357674409238,0.19571428571428573,0.24571428571428572,0.0
PHASE 2,416,333600,332,1655.2624155151768,942.1412204225068,2281.842572437337,396.98814187500085,414.2456596875008,105.50357674409238,0.19571428571428573,0.24571428571428572,0.0
PHASE 2,417,334400,332,1655.2624155151768,942.1412204225068,2281.842572437337,396.98814187500085,414.2456596875008,105.50357674409238,0.19571428571428573,0.24571428571428572,0.0
PHASE 2,418,335200,332,1655.2624155151768,942.1412204225068,2281.842572437337,396.98814187500085,414.2456596875008,105.50357674409238,0.19571428571428573,0.24571428571428572,0.0
PHASE 2,419,336000,336,1655.2856629366838,942.1412204225068,2281.842572437337,399.42228187500086,411.8013359375008,105.50775564053075,0.19571428571428573,0.24571428571428572,0.0
PHASE 2,420,336800,336,1655.2856629366836,942.1412204225068,2281.842572437337,399.42228187500075,411.80133593750077,105.50775564053075,0.19571428571428573,0.24571428571428572,0.0
PHASE 2,421,337600,336,1655.2856629366836,942.1412204225068,2281.842572437337,399.42228187500075,411.80133593750077,105.50775564053075,0.19571428571428573,0.24571428571428572,0.0
PHASE 2,422,338400,336,1655.2856629366836,942.1412204225068,2281.842572437337,399.42228187500075,411.80133593750077,105.50775564053075,0.19571428571428573,0.24571428571428572,0.0
PHASE 2,423,339200,336,1655.2856629366836,942.1412204225068,2281.842572437337,399.42228187500075,411.80133593750077,105.50775564053075,0.19571428571428573,0.24571428571428572,0.0
PHASE 2,424,340000,340,1650.5148856017631,942.1412204225068,2281.842572437337,397.86581437500075,410.9532530208341,105.21197727574899,0.19571428571428573,0.24571428571428572,0.0
PHASE 2,425,340800,340,1650.514885601763,942.1412204225068,2281.842572437337,397.86581437500075,410.95325302083415,105.211977275749,0.19571428571428573,0.24571428571428572,0.0
PHASE 2,426,341600,340,1650.514885601763,942.1412204225068,2281.842572437337,397.86581437500075,410.95325302083415,105.211977275749,0.19571428571428573,0.24571428571428572,0.0
PHASE 2,427,342400,340,1650.514885601763,942.1412204225068,2281.842572437337,397.86581437500075,410.95325302083415,105.211977275749,0.19571428571428573,0.24571428571428572,0.0
PHASE 2,428,343200,340,1650.514885601763,942.1412204225068,2281.842572437337,397.86581437500075,410.95325302083415,105.211977275749,0.19571428571428573,0.24571428571428572,0.0
PHASE 2,429,344000,344,1658.7796635751351,942.1412204225068,2281.842572437337,398.9247635416675,413.15614593750087,105.83734426200412,0.19571428571428573,0.24571428571428572,0.0
PHASE 2,430,344800,344,1658.7796635751354,942.1412204225068,2281.842572437337,398.92476354166763,413.1561459375009,105.8373442620041,0.19571428571428573,0.24571428571428572,0.0
PHASE 2,431,345600,344,1658.7796635751354,942.1412204225068,2281.842572437337,398.92476354166763,413.1561459375009,105.8373442620041,0.19571428571428573,0.24571428571428572,0.0
PHASE 2,432,346400,344,1658.7796635751354,942.1412204225068,2281.842572437337,398.92476354166763,413.1561459375009,105.8373442620041,0.19571428571428573,0.24571428571428572,0.0
PHASE 2,433,347200,344,1658.7796635751354,942.1412204225068,2281.842572437337,398.92476354166763,413.1561459375009,105.8373442620041,0.19571428571428573,0.24571428571428572,0.0
PHASE 2,434,348000,348,1656.632400186634,942.1412204225068,2281.842572437337,397.6122514583343,412.20700093750094,105.85164347385808,0.19571428571428573,0.24571428571428572,0.0
PHASE 2,435,348800,348,1656.632400186634,942.1412204225068,2281.842572437337,397.61225145833413,412.2070009375009,105.85164347385806,0.19571428571428573,0.24571428571428572,0.0
PHASE 2,436,349600,348,1656.632400186634,942.1412204225068,2281.842572437337,397.61225145833413,412.2070009375009,105.85164347385806,0.19571428571428573,0.24571428571428572,0.0
PHASE 2,437,350400,348,1656.632400186634,942.1412204225068,2281.842572437337,397.61225145833413,412.2070009375009,105.85164347385806,0.19571428571428573,0.24571428571428572,0.0
PHASE 2,438,351200,348,1656.632400186634,942.1412204225068,2281.842572437337,397.61225145833413,412.2070009375009,105.85164347385806,0.19571428571428573,0.24571428571428572,0.0
PHASE 2,439,352000,352,1664.3024472333898,942.1412204225068,2281.842572437337,401.55364479166747,412.62281510416756,106.26574841720264,0.19571428571428573,0.24571428571428572,0.0
PHASE 2,440,352800,352,1664.30244723339,942.1412204225068,2281.842572437337,401.55364479166747,412.62281510416756,106.26574841720267,0.19571428571428573,0.24571428571428572,0.0
PHASE 2,441,353600,352,1664.30244723339,942.1412204225068,2281.842572437337,401.55364479166747,412.62281510416756,106.26574841720267,0.19571428571428573,0.24571428571428572,0.0
PHASE 2,442,354400,352,1664.30244723339,942.1412204225068,2281.842572437337,401.55364479166747,412.62281510416756,106.26574841720267,0.19571428571428573,0.24571428571428572,0.0
PHASE 2,443,355200,352,1664.30244723339,942.1412204225068,2281.842572437337,401.55364479166747,412.62281510416756,106.26574841720267,0.19571428571428573,0.24571428571428572,0.0
PHASE 2,444,356000,356,1666.8498587864906,942.1412204225068,2281.842572437337,401.51597479166753,413.7660759375008,106.44597600717357,0.19571428571428573,0.24571428571428572,0.0
PHASE 2,445,356800,356,1666.8498587864901,942.1412204225068,2281.842572437337,401.51597479166753,413.7660759375008,106.44597600717357,0.19571428571428573,0.24571428571428572,0.0
PHASE 2,446,357600,356,1666.8498587864901,942.1412204225068,2281.842572437337,401.51597479166753,413.7660759375008,106.44597600717357,0.19571428571428573,0.24571428571428572,0.0
PHASE 2,447,358400,356,1666.8498587864901,942.1412204225068,2281.842572437337,401.51597479166753,413.7660759375008,106.44597600717357,0.19571428571428573,0.24571428571428572,0.0
PHASE 2,448,359200,356,1666.8498587864901,942.1412204225068,2281.842572437337,401.51597479166753,413.7660759375008,106.44597600717357,0.19571428571428573,0.24571428571428572,0.0
PHASE 2,449,360000,360,1673.435632277271,1092.9700629882914,2281.842572437337,406.2102162500008,412.80844302083415,106.80212162581306,0.19571428571428573,0.24571428571428572,0.0
PHASE 2,450,360800,360,1673.4356322772715,1092.9700629882914,2281.842572437337,406.2102162500008,412.80844302083415,106.80212162581306,0.19571428571428573,0.24571428571428572,0.0
PHASE 2,451,361600,360,1673.4356322772715,1092.9700629882914,2281.842572437337,406.2102162500008,412.80844302083415,106.80212162581306,0.19571428571428573,0.24571428571428572,0.0
PHASE 2,452,362400,360,1673.4356322772715,1092.9700629882914,2281.842572437337,406.2102162500008,412.80844302083415,106.80212162581306,0.19571428571428573,0.24571428571428572,0.0
PHASE 2,453,363200,360,1673.4356322772715,1092.9700629882914,2281.842572437337,406.2102162500008,412.80844302083415,106.80212162581306,0.19571428571428573,0.24571428571428572,0.0
PHASE 2,454,364000,364,1672.0554949348393,1092.9700629882914,2281.842572437337,404.2843312500008,412.8512259375008,106.86499221842573,0.19571428571428573,0.24571428571428572,0.0
PHASE 2,455,364800,364,1672.055494934839,1092.9700629882914,2281.842572437337,404.2843312500008,412.8512259375009,106.86499221842574,0.19571428571428573,0.24571428571428572,0.0
PHASE 2,456,365600,364,1672.055494934839,1092.9700629882914,2281.842572437337,404.2843312500008,412.8512259375009,106.86499221842574,0.19571428571428573,0.24571428571428572,0.0
PHASE 2,457,366400,364,1672.055494934839,1092.9700629882914,2281.842572437337,404.2843312500008,412.8512259375009,106.86499221842574,0.19571428571428573,0.24571428571428572,0.0
PHASE 2,458,367200,364,1672.055494934839,1092.9700629882914,2281.842572437337,404.2843312500008,412.8512259375009,106.86499221842574,0.19571428571428573,0.24571428571428572,0.0
PHASE 2,459,368000,368,1671.6621642608052,1092.9700629882914,2281.842572437337,406.4358266666674,410.6444220833341,106.82273943885912,0.19571428571428573,0.24571428571428572,0.0
PHASE 2,460,368800,368,1671.662164260805,1092.9700629882914,2281.842572437337,406.4358266666674,410.64442208333406,106.8227394388591,0.19571428571428573,0.24571428571428572,0.0
PHASE 2,461,369600,368,1671.662164260805,1092.9700629882914,2281.842572437337,406.4358266666674,410.64442208333406,106.8227394388591,0.19571428571428573,0.24571428571428572,0.0
PHASE 2,462,370400,368,1671.662164260805,1092.9700629882914,2281.842572437337,406.4358266666674,410.64442208333406,106.8227394388591,0.19571428571428573,0.24571428571428572,0.0
PHASE 2,463,371200,368,1671.662164260805,1092.9700629882914,2281.842572437337,406.4358266666674,410.64442208333406,106.8227394388591,0.19571428571428573,0.24571428571428572,0.0
PHASE 2,464,372000,372,1678.6660583345958,1092.9700629882914,2281.842572437337,408.06214000000074,412.0965925000008,107.31341572933303,0.19571428571428573,0.24571428571428572,0.0
PHASE 2,465,372800,372,1678.666058334596,1092.9700629882914,2281.842572437337,408.06214000000074,412.09659250000084,107.31341572933303,0.19571428571428573,0.24571428571428572,0.0
PHASE 2,466,373600,372,1678.666058334596,1092.9700629882914,2281.842572437337,408.06214000000074,412.09659250000084,107.31341572933303,0.19571428571428573,0.24571428571428572,0.0
PHASE 2,467,374400,372,1678.666058334596,1092.9700629882914,2281.842572437337,408.06214000000074,412.09659250000084,107.31341572933303,0.19571428571428573,0.24571428571428572,0.0
PHASE 2,468,375200,372,1678.666058334596,1092.9700629882914,2281.842572437337,408.06214000000074,412.09659250000084,107.31341572933303,0.19571428571428573,0.24571428571428572,0.0
PHASE 2,469,376000,376,1672.8868019130998,1092.9700629882914,2281.842572437337,405.3683708333341,411.03296885416756,107.06068277820836,0.19571428571428573,0.24571428571428572,0.0
PHASE 2,470,376800,376,1672.8868019130998,1092.9700629882914,2281.842572437337,405.36837083333427,411.0329688541675,107.06068277820837,0.19571428571428573,0.24571428571428572,0.0
PHASE 2,471,377600,376,1672.8868019130998,1092.9700629882914,2281.842572437337,405.36837083333427,411.0329688541675,107.06068277820837,0.19571428571428573,0.24571428571428572,0.0
PHASE 2,472,378400,376,1672.8868019130998,1092.9700629882914,2281.842572437337,405.36837083333427,411.0329688541675,107.06068277820837,0.19571428571428573,0.24571428571428572,0.0
PHASE 2,473,379200,376,1672.8868019130998,1092.9700629882914,2281.842572437337,405.36837083333427,411.0329688541675,107.06068277820837,0.19571428571428573,0.24571428571428572,0.0
PHASE 2,474,380000,380,1667.9111934185196,1092.9700629882914,2281.842572437337,403.1544645833342,409.9340934375008,106.85282942471915,0.19571428571428573,0.24571428571428572,0.0
PHASE 2,475,380800,380,1667.9111934185196,1092.9700629882914,2281.842572437337,403.1544645833341,409.93409343750085,106.85282942471915,0.19571428571428573,0.24571428571428572,0.0
PHASE 2,476,381600,380,1667.9111934185196,1092.9700629882914,2281.842572437337,403.1544645833341,409.93409343750085,106.85282942471915,0.19571428571428573,0.24571428571428572,0.0
PHASE 2,477,382400,380,1667.9111934185196,1092.9700629882914,2281.842572437337,403.1544645833341,409.93409343750085,106.85282942471915,0.19571428571428573,0.24571428571428572,0.0
PHASE 2,478,383200,380,1667.9111934185196,1092.9700629882914,2281.842572437337,403.1544645833341,409.93409343750085,106.85282942471915,0.19571428571428573,0.24571428571428572,0.0
PHASE 2,479,384000,384,1662.4041241033638,1092.9700629882914,2281.842572437337,404.21154958333403,404.97089010416755,106.65271055199123,0.19571428571428573,0.24571428571428572,0.0
PHASE 2,480,384800,384,1662.4041241033638,1092.9700629882914,2281.842572437337,404.21154958333415,404.9708901041675,106.65271055199126,0.19571428571428573,0.24571428571428572,0.0
PHASE 2,481,385600,384,1662.4041241033638,1092.9700629882914,2281.842572437337,404.21154958333415,404.9708901041675,106.65271055199126,0.19571428571428573,0.24571428571428572,0.0
PHASE 2,482,386400,384,1662.4041241033638,1092.9700629882914,2281.842572437337,404.21154958333415,404.9708901041675,106.65271055199126,0.19571428571428573,0.24571428571428572,0.0
PHASE 2,483,387200,384,1662.4041241033638,1092.9700629882914,2281.842572437337,404.21154958333415,404.9708901041675,106.65271055199126,0.19571428571428573,0.24571428571428572,0.0
PHASE 2,484,388000,388,1664.9398226602539,1092.9700629882914,2281.842572437337,404.6619816666675,405.46264593750084,106.85189938201918,0.19571428571428573,0.24571428571428572,0.0
PHASE 2,485,388800,388,1664.939822660254,1092.9700629882914,2281.842572437337,404.6619816666675,405.4626459375008,106.85189938201917,0.19571428571428573,0.24571428571428572,0.0
PHASE 2,486,389600,388,1664.939822660254,1092.9700629882914,2281.842572437337,404.6619816666675,405.4626459375008,106.85189938201917,0.19571428571428573,0.24571428571428572,0.0
PHASE 2,487,390400,388,1664.939822660254,1092.9700629882914,2281.842572437337,404.6619816666675,405.4626459375008,106.85189938201917,0.19571428571428573,0.24571428571428572,0.0
PHASE 2,488,391200,388,1664.939822660254,1092.9700629882914,2281.842572437337,404.6619816666675,405.4626459375008,106.85189938201917,0.19571428571428573,0.24571428571428572,0.0
PHASE 2,489,392000,392,1659.2040440068054,1092.9700629882914,2281.842572437337,400.3549933333342,403.62482885416745,106.90302772742135,0.19571428571428573,0.24571428571428572,0.0
PHASE 2,490,392800,392,1659.2040440068051,1092.9700629882914,2281.842572437337,400.35499333333405,403.62482885416756,106.90302772742135,0.19571428571428573,0.24571428571428572,0.0
PHASE 2,491,393600,392,1659.2040440068051,1092.9700629882914,2281.842572437337,400.35499333333405,403.62482885416756,106.90302772742135,0.19571428571428573,0.24571428571428572,0.0
PHASE 2,492,394400,392,1659.2040440068051,1092.9700629882914,2281.842572437337,400.35499333333405,403.62482885416756,106.90302772742135,0.19571428571428573,0.24571428571428572,0.0
PHASE 2,493,395200,392,1659.2040440068051,1092.9700629882914,2281.842572437337,400.35499333333405,403.62482885416756,106.90302772742135,0.19571428571428573,0.24571428571428572,0.0
PHASE 2,494,396000,396,1651.796054537881,1092.9700629882914,2281.842572437337,398.3034745833341,402.3703509375009,106.3902786271392,0.19571428571428573,0.24571428571428572,0.0
PHASE 2,495,396800,396,1651.796054537881,1092.9700629882914,2281.842572437337,398.30347458333404,402.370350937501,106.3902786271392,0.19571428571428573,0.24571428571428572,0.0
PHASE 2,496,397600,396,1651.796054537881,1092.9700629882914,2281.842572437337,398.30347458333404,402.370350937501,106.3902786271392,0.19571428571428573,0.24571428571428572,0.0
PHASE 2,497,398400,396,1651.796054537881,1092.9700629882914,2281.842572437337,398.30347458333404,402.370350937501,106.3902786271392,0.19571428571428573,0.24571428571428572,0.0
PHASE 2,498,399200,396,1651.796054537881,1092.9700629882914,2281.842572437337,398.30347458333404,402.370350937501,106.3902786271392,0.19571428571428573,0.24571428571428572,0.0
PHASE 2,499,400000,400,1647.7728617020066,1092.9700629882914,2281.842572437337,396.05780666666743,400.4040830208343,106.41387150182145,0.19571428571428573,0.24571428571428572,0.0
PHASE 2,500,400800,400,1647.7728617020066,1092.9700629882914,2281.842572437337,396.0578066666674,400.4040830208342,106.41387150182145,0.19571428571428573,0.24571428571428572,0.0
PHASE 2,501,401600,400,1647.7728617020066,1092.9700629882914,2281.842572437337,396.0578066666674,400.4040830208342,106.41387150182145,0.19571428571428573,0.24571428571428572,0.0
PHASE 2,502,402400,400,1647.7728617020066,1092.9700629882914,2281.842572437337,396.0578066666674,400.4040830208342,106.41387150182145,0.19571428571428573,0.24571428571428572,0.0
PHASE 2,503,403200,400,1647.7728617020066,1092.9700629882914,2281.842572437337,396.0578066666674,400.4040830208342,106.41387150182145,0.19571428571428573,0.24571428571428572,0.0
PHASE 2,504,404000,404,1642.218110955914,1092.9700629882914,2055.7243323263892,395.21317750000077,397.77764510416745,106.15341104397659,0.19571428571428573,0.24571428571428572,0.0
PHASE 2,505,404800,404,1642.2181109559137,1092.9700629882914,2055.7243323263892,395.2131775000008,397.7776451041675,106.15341104397659,0.19571428571428573,0.24571428571428572,0.0
PHASE 2,506,405600,404,1642.2181109559137,1092.9700629882914,2055.7243323263892,395.2131775000008,397.7776451041675,106.15341104397659,0.19571428571428573,0.24571428571428572,0.0
PHASE 2,507,406400,404,1642.2181109559137,1092.9700629882914,2055.7243323263892,395.2131775000008,397.7776451041675,106.15341104397659,0.19571428571428573,0.24571428571428572,0.0
PHASE 2,508,407200,404,1642.2181109559137,1092.9700629882914,2055.7243323263892,395.2131775000008,397.7776451041675,106.15341104397659,0.19571428571428573,0.24571428571428572,0.0
PHASE 2,509,408000,408,1643.8201742325325,1111.4294957805255,2143.9622309786996,396.5672237500008,397.15414843750085,106.26235025563743,0.19571428571428573,0.24571428571428572,0.0
PHASE 2,510,408800,408,1643.8201742325325,1111.4294957805255,2143.9622309786996,396.5672237500008,397.15414843750085,106.26235025563743,0.19571428571428573,0.24571428571428572,0.0
PHASE 2,511,409600,408,1643.8201742325325,1111.4294957805255,2143.9622309786996,396.5672237500008,397.15414843750085,106.26235025563743,0.19571428571428573,0.24571428571428572,0.0
PHASE 2,512,410400,408,1643.8201742325325,1111.4294957805255,2143.9622309786996,396.5672237500008,397.15414843750085,106.26235025563743,0.19571428571428573,0.24571428571428572,0.0
PHASE 2,513,411200,408,1643.8201742325325,1111.4294957805255,2143.9622309786996,396.5672237500008,397.15414843750085,106.26235025563743,0.19571428571428573,0.24571428571428572,0.0
PHASE 2,514,412000,412,1645.127804871505,1111.4294957805255,2143.9622309786996,395.81944625000074,398.6637513541675,106.33057590842571,0.19571428571428573,0.24571428571428572,0.0
PHASE 2,515,412800,412,1645.1278048715048,1111.4294957805255,2143.9622309786996,395.81944625000085,398.66375135416763,106.33057590842569,0.19571428571428573,0.24571428571428572,0.0
PHASE 2,516,413600,412,1645.1278048715048,1111.4294957805255,2143.9622309786996,395.81944625000085,398.66375135416763,106.33057590842569,0.19571428571428573,0.24571428571428572,0.0
PHASE 2,517,414400,412,1645.1278048715048,1111.4294957805255,2143.9622309786996,395.81944625000085,398.66375135416763,106.33057590842569,0.19571428571428573,0.24571428571428572,0.0
PHASE 2,518,415200,412,1645.1278048715048,1111.4294957805255,2143.9622309786996,395.81944625000085,398.66375135416763,106.33057590842569,0.19571428571428573,0.24571428571428572,0.0
PHASE 2,519,416000,416,1653.7934580626447,1111.4294957805255,2143.9622309786996,397.77330500000085,401.8411788541676,106.77237177606827,0.19571428571428573,0.24571428571428572,0.0
PHASE 2,520,416800,416,1653.7934580626452,1111.4294957805255,2143.9622309786996,397.7733050000008,401.8411788541676,106.77237177606827,0.19571428571428573,0.24571428571428572,0.0
PHASE 2,521,417600,416,1653.7934580626452,1111.4294957805255,2143.9622309786996,397.7733050000008,401.8411788541676,106.77237177606827,0.19571428571428573,0.24571428571428572,0.0
PHASE 2,522,418400,416,1653.7934580626452,1111.4294957805255,2143.9622309786996,397.7733050000008,401.8411788541676,106.77237177606827,0.19571428571428573,0.24571428571428572,0.0
PHASE 2,523,419200,416,1653.7934580626452,1111.4294957805255,2143.9622309786996,397.7733050000008,401.8411788541676,106.77237177606827,0.19571428571428573,0.24571428571428572,0.0
PHASE 2,524,420000,420,1663.6092107201482,1111.4294957805255,2143.9622309786996,397.4025329166675,407.6334380208342,107.32165497283957,0.19571428571428573,0.24571428571428572,0.0
PHASE 2,525,420800,420,1663.6092107201482,1111.4294957805255,2143.9622309786996,397.4025329166674,407.6334380208342,107.32165497283958,0.19571428571428573,0.24571428571428572,0.0
PHASE 2,526,421600,420,1663.6092107201482,1111.4294957805255,2143.9622309786996,397.4025329166674,407.6334380208342,107.32165497283958,0.19571428571428573,0.24571428571428572,0.0
PHASE 2,527,422400,420,1663.6092107201482,1111.4294957805255,2143.9622309786996,397.4025329166674,407.6334380208342,107.32165497283958,0.19571428571428573,0.24571428571428572,0.0
PHASE 2,528,423200,420,1663.6092107201482,1111.4294957805255,2143.9622309786996,397.4025329166674,407.6334380208342,107.32165497283958,0.19571428571428573,0.24571428571428572,0.0
PHASE 2,529,424000,424,1659.516278053856,1111.4294957805255,2143.9622309786996,394.1967358333341,410.5973013541675,106.84028010830302,0.19571428571428573,0.24571428571428572,0.0
PHASE 2,530,424800,424,1659.5162780538553,1111.4294957805255,2143.9622309786996,394.1967358333341,410.5973013541675,106.84028010830302,0.19571428571428573,0.24571428571428572,0.0
PHASE 2,531,425600,424,1659.5162780538553,1111.4294957805255,2143.9622309786996,394.1967358333341,410.5973013541675,106.84028010830302,0.19571428571428573,0.24571428571428572,0.0
PHASE 2,532,426400,424,1659.5162780538553,1111.4294957805255,2143.9622309786996,394.1967358333341,410.5973013541675,106.84028010830302,0.19571428571428573,0.24571428571428572,0.0
PHASE 2,533,427200,424,1659.5162780538553,1111.4294957805255,2143.9622309786996,394.1967358333341,410.5973013541675,106.84028010830302,0.19571428571428573,0.24571428571428572,0.0
PHASE 2,534,428000,428,1662.430702237986,1111.4294957805255,2143.9622309786996,397.2701575000008,409.8603738541675,106.91252136048595,0.19571428571428573,0.24571428571428572,0.0
PHASE 2,535,428800,428,1662.4307022379862,1111.4294957805255,2143.9622309786996,397.2701575000007,409.86037385416756,106.91252136048594,0.19571428571428573,0.24571428571428572,0.0
PHASE 2,536,429600,428,1662.4307022379862,1111.4294957805255,2143.9622309786996,397.2701575000007,409.86037385416756,106.91252136048594,0.19571428571428573,0.24571428571428572,0.0
PHASE 2,537,430400,428,1662.4307022379862,1111.4294957805255,2143.9622309786996,397.2701575000007,409.86037385416756,106.91252136048594,0.19571428571428573,0.24571428571428572,0.0
PHASE 2,538,431200,428,1662.4307022379862,1111.4294957805255,2143.9622309786996,397.2701575000007,409.86037385416756,106.91252136048594,0.19571428571428573,0.24571428571428572,0.0
PHASE 2,539,432000,432,1675.8909304499657,1111.4294957805255,2143.9622309786996,400.8303875000007,414.68021718750083,107.54754072031673,0.19571428571428573,0.24571428571428572,0.0
PHASE 2,540,432800,432,1675.8909304499657,1111.4294957805255,2143.9622309786996,400.8303875000008,414.6802171875009,107.54754072031676,0.19571428571428573,0.24571428571428572,0.0
PHASE 2,541,433600,432,1675.8909304499657,1111.4294957805255,2143.9622309786996,400.8303875000008,414.6802171875009,107.54754072031676,0.19571428571428573,0.24571428571428572,0.0
PHASE 2,542,434400,432,1675.8909304499657,1111.4294957805255,2143.9622309786996,400.8303875000008,414.6802171875009,107.54754072031676,0.19571428571428573,0.24571428571428572,0.0
PHASE 2,543,435200,432,1675.8909304499657,1111.4294957805255,2143.9622309786996,400.8303875000008,414.6802171875009,107.54754072031676,0.19571428571428573,0.24571428571428572,0.0
PHASE 2,544,436000,436,1674.4481933658726,1111.4294957805255,2143.9622309786996,398.3362462500008,416.67417468750085,107.42972155355517,0.19571428571428573,0.24571428571428572,0.0
PHASE 2,545,436800,436,1674.4481933658726,1111.4294957805255,2143.9622309786996,398.33624625000084,416.6741746875008,107.42972155355515,0.19571428571428573,0.24571428571428572,0.0
PHASE 2,546,437600,436,1674.4481933658726,1111.4294957805255,2143.9622309786996,398.33624625000084,416.6741746875008,107.42972155355515,0.19571428571428573,0.24571428571428572,0.0
PHASE 2,547,438400,436,1674.4481933658726,1111.4294957805255,2143.9622309786996,398.33624625000084,416.6741746875008,107.42972155355515,0.19571428571428573,0.24571428571428572,0.0
PHASE 2,548,439200,436,1674.4481933658726,1111.4294957805255,2143.9622309786996,398.33624625000084,416.6741746875008,107.42972155355515,0.19571428571428573,0.24571428571428572,0.0
PHASE 2,549,440000,440,1683.583309831846,1111.4294957805255,2180.5957431985266,401.2283225000008,418.60608177083407,107.9686131951351,0.19571428571428573,0.24571428571428572,0.0
PHASE 2,550,440800,440,1683.5833098318462,1111.4294957805255,2180.5957431985266,401.22832250000084,418.60608177083407,107.9686131951351,0.19571428571428573,0.24571428571428572,0.0
PHASE 2,551,441600,440,1683.5833098318462,1111.4294957805255,2180.5957431985266,401.22832250000084,418.60608177083407,107.9686131951351,0.19571428571428573,0.24571428571428572,0.0
PHASE 2,552,442400,440,1683.5833098318462,1111.4294957805255,2180.5957431985266,401.22832250000084,418.60608177083407,107.9686131951351,0.19571428571428573,0.24571428571428572,0.0
PHASE 2,553,443200,440,1683.5833098318462,1111.4294957805255,2180.5957431985266,401.22832250000084,418.60608177083407,107.9686131951351,0.19571428571428573,0.24571428571428572,0.0
PHASE 2,554,444000,444,1676.6590486295088,1111.4294957805255,2180.5957431985266,399.3686820833342,418.38637302083407,107.36299919067616,0.19571428571428573,0.24571428571428572,0.0
PHASE 2,555,444800,444,1676.6590486295086,1111.4294957805255,2180.5957431985266,399.3686820833342,418.38637302083407,107.36299919067616,0.19571428571428573,0.24571428571428572,0.0
PHASE 2,556,445600,444,1676.6590486295086,1111.4294957805255,2180.5957431985266,399.3686820833342,418.38637302083407,107.36299919067616,0.19571428571428573,0.24571428571428572,0.0
PHASE 2,557,446400,444,1676.6590486295086,1111.4294957805255,2180.5957431985266,399.3686820833342,418.38637302083407,107.36299919067616,0.19571428571428573,0.24571428571428572,0.0
PHASE 2,558,447200,444,1676.6590486295086,1111.4294957805255,2180.5957431985266,399.3686820833342,418.38637302083407,107.36299919067616,0.19571428571428573,0.24571428571428572,0.0
PHASE 2,559,448000,448,1678.3725689773553,1111.4294957805255,2180.5957431985266,401.15191625000085,419.71941677083413,107.18765449457369,0.19571428571428573,0.24571428571428572,0.0
PHASE 2,560,448800,448,1678.3725689773555,1111.4294957805255,2180.5957431985266,401.1519162500008,419.71941677083413,107.18765449457369,0.19571428571428573,0.24571428571428572,0.0
PHASE 2,561,449600,448,1678.3725689773555,1111.4294957805255,2180.5957431985266,401.1519162500008,419.71941677083413,107.18765449457369,0.19571428571428573,0.24571428571428572,0.0
PHASE 2,562,450400,448,1678.3725689773555,1111.4294957805255,2180.5957431985266,401.1519162500008,419.71941677083413,107.18765449457369,0.19571428571428573,0.24571428571428572,0.0
PHASE 2,563,451200,448,1678.3725689773555,1111.4294957805255,2180.5957431985266,401.1519162500008,419.71941677083413,107.18765449457369,0.19571428571428573,0.24571428571428572,0.0
PHASE 2,564,452000,452,1676.148026538009,1111.4294957805255,2180.5957431985266,398.45062541666744,423.01942802083414,106.83474663757202,0.19571428571428573,0.24571428571428572,0.0
PHASE 2,565,452800,452,1676.1480265380094,1111.4294957805255,2180.5957431985266,398.45062541666755,423.0194280208341,106.83474663757202,0.19571428571428573,0.24571428571428572,0.0
PHASE 2,566,453600,452,1676.1480265380094,1111.4294957805255,2180.5957431985266,398.45062541666755,423.0194280208341,106.83474663757202,0.19571428571428573,0.24571428571428572,0.0
PHASE 2,567,454400,452,1676.1480265380094,1111.4294957805255,2180.5957431985266,398.45062541666755,423.0194280208341,106.83474663757202,0.19571428571428573,0.24571428571428572,0.0
PHASE 2,568,455200,452,1676.1480265380094,1111.4294957805255,2180.5957431985266,398.45062541666755,423.0194280208341,106.83474663757202,0.19571428571428573,0.24571428571428572,0.0
PHASE 2,569,456000,456,1676.6955165692937,1111.4294957805255,2180.5957431985266,399.3185225000008,423.8652217708341,106.68897153731595,0.19571428571428573,0.24571428571428572,0.0
PHASE 2,570,456800,456,1676.6955165692932,1111.4294957805255,2180.5957431985266,399.31852250000077,423.8652217708341,106.68897153731595,0.19571428571428573,0.24571428571428572,0.0
PHASE 2,571,457600,456,1676.6955165692932,1111.4294957805255,2180.5957431985266,399.31852250000077,423.8652217708341,106.68897153731595,0.19571428571428573,0.24571428571428572,0.0
PHASE 2,572,458400,456,1676.6955165692932,1111.4294957805255,2180.5957431985266,399.31852250000077,423.8652217708341,106.68897153731595,0.19571428571428573,0.24571428571428572,0.0
PHASE 2,573,459200,456,1676.6955165692932,1111.4294957805255,2180.5957431985266,399.31852250000077,423.8652217708341,106.68897153731595,0.19571428571428573,0.24571428571428572,0.0
PHASE 2,574,460000,460,1669.3688164222467,1111.4294957805255,2180.5957431985266,395.7497900000008,424.0906626041675,106.19104547726842,0.19571428571428573,0.24571428571428572,0.0
PHASE 2,575,460800,460,1669.3688164222467,1111.4294957805255,2180.5957431985266,395.7497900000008,424.09066260416745,106.19104547726842,0.19571428571428573,0.24571428571428572,0.0
PHASE 2,576,461600,460,1669.3688164222467,1111.4294957805255,2180.5957431985266,395.7497900000008,424.09066260416745,106.19104547726842,0.19571428571428573,0.24571428571428572,0.0
PHASE 2,577,462400,460,1669.3688164222467,1111.4294957805255,2180.5957431985266,395.7497900000008,424.09066260416745,106.19104547726842,0.19571428571428573,0.24571428571428572,0.0
PHASE 2,578,463200,460,1669.3688164222467,1111.4294957805255,2180.5957431985266,395.7497900000008,424.09066260416745,106.19104547726842,0.19571428571428573,0.24571428571428572,0.0
PHASE 2,579,464000,464,1674.7284725129005,1111.4294957805255,2180.5957431985266,400.2031029166675,425.0727159375008,106.18158170735023,0.19571428571428573,0.24571428571428572,0.0
PHASE 2,580,464800,464,1674.7284725129011,1111.4294957805255,2180.5957431985266,400.2031029166675,425.07271593750085,106.18158170735023,0.19571428571428573,0.24571428571428572,0.0
PHASE 2,581,465600,464,1674.7284725129011,1111.4294957805255,2180.5957431985266,400.2031029166675,425.07271593750085,106.18158170735023,0.19571428571428573,0.24571428571428572,0.0
PHASE 2,582,466400,464,1674.7284725129011,1111.4294957805255,2180.5957431985266,400.2031029166675,425.07271593750085,106.18158170735023,0.19571428571428573,0.24571428571428572,0.0
PHASE 2,583,467200,464,1674.7284725129011,1111.4294957805255,2180.5957431985266,400.2031029166675,425.07271593750085,106.18158170735023,0.19571428571428573,0.24571428571428572,0.0
PHASE 2,584,468000,468,1671.1622946761324,1111.4294957805255,2180.5957431985266,398.9963537500009,425.79296468750084,105.79662202983732,0.19571428571428573,0.24571428571428572,0.0
PHASE 2,585,468800,468,1671.1622946761322,1111.4294957805255,2180.5957431985266,398.99635375000076,425.7929646875008,105.79662202983731,0.19571428571428573,0.24571428571428572,0.0
PHASE 2,586,469600,468,1671.1622946761322,1111.4294957805255,2180.5957431985266,398.99635375000076,425.7929646875008,105.79662202983731,0.19571428571428573,0.24571428571428572,0.0
PHASE 2,587,470400,468,1671.1622946761322,1111.4294957805255,2180.5957431985266,398.99635375000076,425.7929646875008,105.79662202983731,0.19571428571428573,0.24571428571428572,0.0
PHASE 2,588,471200,468,1671.1622946761322,1111.4294957805255,2180.5957431985266,398.99635375000076,425.7929646875008,105.79662202983731,0.19571428571428573,0.24571428571428572,0.0
PHASE 2,589,472000,472,1664.4551068948958,1111.4294957805255,2180.5957431985266,396.49847916666744,425.85147104166737,105.26314458582867,0.19571428571428573,0.24571428571428572,0.0
PHASE 2,590,472800,472,1664.4551068948958,1111.4294957805255,2180.5957431985266,396.49847916666744,425.85147104166754,105.26314458582867,0.19571428571428573,0.24571428571428572,0.0
PHASE 2,591,473600,472,1664.4551068948958,1111.4294957805255,2180.5957431985266,396.49847916666744,425.85147104166754,105.26314458582867,0.19571428571428573,0.24571428571428572,0.0
PHASE 2,592,474400,472,1664.4551068948958,1111.4294957805255,2180.5957431985266,396.49847916666744,425.85147104166754,105.26314458582867,0.19571428571428573,0.24571428571428572,0.0
PHASE 2,593,475200,472,1664.4551068948958,1111.4294957805255,2180.5957431985266,396.49847916666744,425.85147104166754,105.26314458582867,0.19571428571428573,0.24571428571428572,0.0
PHASE 2,594,476000,476,1661.4020575948814,1111.4294957805255,2180.5957431985266,394.2588279166675,427.6124951041675,104.94134182176438,0.19571428571428573,0.24571428571428572,0.0
PHASE 2,595,476800,476,1661.4020575948816,1111.4294957805255,2180.5957431985266,394.2588279166674,427.61249510416746,104.94134182176438,0.19571428571428573,0.24571428571428572,0.0
PHASE 2,596,477600,476,1661.4020575948816,1111.4294957805255,2180.5957431985266,394.2588279166674,427.61249510416746,104.94134182176438,0.19571428571428573,0.24571428571428572,0.0
PHASE 2,597,478400,476,1661.4020575948816,1111.4294957805255,2180.5957431985266,394.2588279166674,427.61249510416746,104.94134182176438,0.19571428571428573,0.24571428571428572,0.0
PHASE 2,598,479200,476,1661.4020575948816,1111.4294957805255,2180.5957431985266,394.2588279166674,427.61249510416746,104.94134182176438,0.19571428571428573,0.24571428571428572,0.0
PHASE 2,599,480000,480,1652.3058740130778,1111.4294957805255,2180.5957431985266,389.0251283333341,428.57984093750076,104.33761309278886,0.19571428571428573,0.24571428571428572,0.0
PHASE 2,600,480800,480,1652.3058740130778,1111.4294957805255,2180.5957431985266,389.02512833333424,428.5798409375009,104.33761309278886,0.19571428571428573,0.24571428571428572,0.0
PHASE 2,601,481600,480,1652.3058740130778,1111.4294957805255,2180.5957431985266,389.02512833333424,428.5798409375009,104.33761309278886,0.19571428571428573,0.24571428571428572,0.0
PHASE 2,602,482400,480,1652.3058740130778,1111.4294957805255,2180.5957431985266,389.02512833333424,428.5798409375009,104.33761309278886,0.19571428571428573,0.24571428571428572,0.0
PHASE 2,603,483200,480,1652.3058740130778,1111.4294957805255,2180.5957431985266,389.02512833333424,428.5798409375009,104.33761309278886,0.19571428571428573,0.24571428571428572,0.0
PHASE 2,604,484000,484,1660.2000320924758,1111.4294957805255,2180.5957431985266,390.77916083333423,433.6733204166674,104.46844385531784,0.19571428571428573,0.24571428571428572,0.0
PHASE 2,605,484800,484,1660.2000320924753,1111.4294957805255,2180.5957431985266,390.7791608333342,433.6733204166675,104.46844385531784,0.19571428571428573,0.24571428571428572,0.0
PHASE 2,606,485600,484,1660.2000320924753,1111.4294957805255,2180.5957431985266,390.7791608333342,433.6733204166675,104.46844385531784,0.19571428571428573,0.24571428571428572,0.0
PHASE 2,607,486400,484,1660.2000320924753,1111.4294957805255,2180.5957431985266,390.7791608333342,433.6733204166675,104.46844385531784,0.19571428571428573,0.24571428571428572,0.0
PHASE 2,608,487200,484,1660.2000320924753,1111.4294957805255,2180.5957431985266,390.7791608333342,433.6733204166675,104.46844385531784,0.19571428571428573,0.24571428571428572,0.0
PHASE 2,609,488000,488,1663.7869778505074,1111.4294957805255,2180.5957431985266,392.3078262500008,435.42127791666746,104.50723421048855,0.19571428571428573,0.24571428571428572,0.0
PHASE 2,610,488800,488,1663.7869778505074,1111.4294957805255,2180.5957431985266,392.3078262500008,435.4212779166674,104.50723421048855,0.19571428571428573,0.24571428571428572,0.0
PHASE 2,611,489600,488,1663.7869778505074,1111.4294957805255,2180.5957431985266,392.3078262500008,435.4212779166674,104.50723421048855,0.19571428571428573,0.24571428571428572,0.0
PHASE 2,612,490400,488,1663.7869778505074,1111.4294957805255,2180.5957431985266,392.3078262500008,435.4212779166674,104.50723421048855,0.19571428571428573,0.24571428571428572,0.0
PHASE 2,613,491200,488,1663.7869778505074,1111.4294957805255,2180.5957431985266,392.3078262500008,435.4212779166674,104.50723421048855,0.19571428571428573,0.24571428571428572,0.0
PHASE 2,614,492000,492,1662.4983145938675,1111.4294957805255,2180.5957431985266,393.0281950000008,435.4180090625007,104.25651381642939,0.19571428571428573,0.24571428571428572,0.0
PHASE 2,615,492800,492,1662.498314593867,1111.4294957805255,2180.5957431985266,393.02819500000084,435.4180090625008,104.25651381642939,0.19571428571428573,0.24571428571428572,0.0
PHASE 2,616,493600,492,1662.498314593867,1111.4294957805255,2180.5957431985266,393.02819500000084,435.4180090625008,104.25651381642939,0.19571428571428573,0.24571428571428572,0.0
PHASE 2,617,494400,492,1662.498314593867,1111.4294957805255,2180.5957431985266,393.02819500000084,435.4180090625008,104.25651381642939,0.19571428571428573,0.24571428571428572,0.0
PHASE 2,618,495200,492,1662.498314593867,1111.4294957805255,2180.5957431985266,393.02819500000084,435.4180090625008,104.25651381642939,0.19571428571428573,0.24571428571428572,0.0
PHASE 2,619,496000,496,1656.8672052084983,1111.4294957805255,2180.5957431985266,388.9665537500008,436.28723239583405,103.95167738284161,0.19571428571428573,0.24571428571428572,0.0
PHASE 2,620,496800,496,1656.8672052084983,1111.4294957805255,2180.5957431985266,388.96655375000074,436.28723239583405,103.95167738284162,0.19571428571428573,0.24571428571428572,0.0
PHASE 2,621,497600,496,1656.8672052084983,1111.4294957805255,2180.5957431985266,388.96655375000074,436.28723239583405,103.95167738284162,0.19571428571428573,0.24571428571428572,0.0
PHASE 2,622,498400,496,1656.8672052084983,1111.4294957805255,2180.5957431985266,388.96655375000074,436.28723239583405,103.95167738284162,0.19571428571428573,0.24571428571428572,0.0
PHASE 2,623,499200,496,1656.8672052084983,1111.4294957805255,2180.5957431985266,388.96655375000074,436.28723239583405,103.95167738284162,0.19571428571428573,0.24571428571428572,0.0
PHASE 2,624,500000,500,1647.76290600532,1124.6071413214745,2180.5957431985266,386.57093750000087,436.21450989583406,103.1221823261943,0.19571428571428573,0.24571428571428572,0.0
PHASE 2,625,500800,500,1647.7629060053196,1124.6071413214745,2180.5957431985266,386.57093750000087,436.214509895834,103.1221823261943,0.19571428571428573,0.24571428571428572,0.0
PHASE 2,626,501600,500,1647.7629060053196,1124.6071413214745,2180.5957431985266,386.57093750000087,436.214509895834,103.1221823261943,0.19571428571428573,0.24571428571428572,0.0
PHASE 2,627,502400,500,1647.7629060053196,1124.6071413214745,2180.5957431985266,386.57093750000087,436.214509895834,103.1221823261943,0.19571428571428573,0.24571428571428572,0.0
PHASE 2,628,503200,500,1647.7629060053196,1124.6071413214745,2180.5957431985266,386.57093750000087,436.214509895834,103.1221823261943,0.19571428571428573,0.24571428571428572,0.0
PHASE 2,629,504000,504,1638.7281492647298,1124.6071413214745,2180.5957431985266,384.3578641666676,434.05726864583403,102.53912705653711,0.19571428571428573,0.24571428571428572,0.0
PHASE 2,630,504800,504,1638.7281492647296,1124.6071413214745,2180.5957431985266,384.35786416666747,434.05726864583403,102.53912705653711,0.19571428571428573,0.24571428571428572,0.0
PHASE 2,631,505600,504,1638.7281492647296,1124.6071413214745,2180.5957431985266,384.35786416666747,434.05726864583403,102.53912705653711,0.19571428571428573,0.24571428571428572,0.0
PHASE 2,632,506400,504,1638.7281492647296,1124.6071413214745,2180.5957431985266,384.35786416666747,434.05726864583403,102.53912705653711,0.19571428571428573,0.24571428571428572,0.0
PHASE 2,633,507200,504,1638.7281492647296,1124.6071413214745,2180.5957431985266,384.35786416666747,434.05726864583403,102.53912705653711,0.19571428571428573,0.24571428571428572,0.0
PHASE 2,634,508000,508,1638.378898199331,1124.6071413214745,2180.5957431985266,384.77197916666745,435.09701697916734,102.31373775669557,0.19571428571428573,0.24571428571428572,0.0
PHASE 2,635,508800,508,1638.378898199331,1124.6071413214745,2180.5957431985266,384.7719791666675,435.0970169791674,102.31373775669557,0.19571428571428573,0.24571428571428572,0.0
PHASE 2,636,509600,508,1638.378898199331,1124.6071413214745,2180.5957431985266,384.7719791666675,435.0970169791674,102.31373775669557,0.19571428571428573,0.24571428571428572,0.0
PHASE 2,637,510400,508,1638.378898199331,1124.6071413214745,2180.5957431985266,384.7719791666675,435.0970169791674,102.31373775669557,0.19571428571428573,0.24571428571428572,0.0
PHASE 2,638,511200,508,1638.378898199331,1124.6071413214745,2180.5957431985266,384.7719791666675,435.0970169791674,102.31373775669557,0.19571428571428573,0.24571428571428572,0.0
PHASE 2,639,512000,512,1625.0702880978713,1124.6071413214745,2180.5957431985266,381.4508458333341,430.2716890625007,101.66846915026301,0.19571428571428573,0.24571428571428572,0.0
PHASE 2,640,512800,512,1625.0702880978706,1124.6071413214745,2180.5957431985266,381.45084583333426,430.27168906250074,101.66846915026301,0.19571428571428573,0.24571428571428572,0.0
PHASE 2,641,513600,512,1625.0702880978706,1124.6071413214745,2180.5957431985266,381.45084583333426,430.27168906250074,101.66846915026301,0.19571428571428573,0.24571428571428572,0.0
PHASE 2,642,514400,512,1625.0702880978706,1124.6071413214745,2180.5957431985266,381.45084583333426,430.27168906250074,101.66846915026301,0.19571428571428573,0.24571428571428572,0.0
PHASE 2,643,515200,512,1625.0702880978706,1124.6071413214745,2180.5957431985266,381.45084583333426,430.27168906250074,101.66846915026301,0.19571428571428573,0.24571428571428572,0.0
PHASE 2,644,516000,516,1610.4097637399443,1096.1306945362112,2180.5957431985266,379.69425250000086,424.07331697916743,100.83027428260544,0.19571428571428573,0.24571428571428572,0.0
PHASE 2,645,516800,516,1610.4097637399443,1096.1306945362112,2180.5957431985266,379.69425250000074,424.0733169791674,100.83027428260546,0.19571428571428573,0.24571428571428572,0.0
PHASE 2,646,517600,516,1610.4097637399443,1096.1306945362112,2180.5957431985266,379.69425250000074,424.0733169791674,100.83027428260546,0.19571428571428573,0.24571428571428572,0.0
PHASE 2,647,518400,516,1610.4097637399443,1096.1306945362112,2180.5957431985266,379.69425250000074,424.0733169791674,100.83027428260546,0.19571428571428573,0.24571428571428572,0.0
PHASE 2,648,519200,516,1610.4097637399443,1096.1306945362112,2180.5957431985266,379.69425250000074,424.0733169791674,100.83027428260546,0.19571428571428573,0.24571428571428572,0.0
PHASE 2,649,520000,520,1604.7805904372071,1096.1306945362112,2180.5957431985266,376.12914875000075,426.540391145834,100.2638813176799,0.19571428571428573,0.24571428571428572,0.0
PHASE 2,650,520800,520,1604.7805904372074,1096.1306945362112,2180.5957431985266,376.1291487500008,426.54039114583395,100.2638813176799,0.19571428571428573,0.24571428571428572,0.0
PHASE 2,651,521600,520,1604.7805904372074,1096.1306945362112,2180.5957431985266,376.1291487500008,426.54039114583395,100.2638813176799,0.19571428571428573,0.24571428571428572,0.0
PHASE 2,652,522400,520,1604.7805904372074,1096.1306945362112,2180.5957431985266,376.1291487500008,426.54039114583395,100.2638813176799,0.19571428571428573,0.24571428571428572,0.0
PHASE 2,653,523200,520,1604.7805904372074,1096.1306945362112,2180.5957431985266,376.1291487500008,426.54039114583395,100.2638813176799,0.19571428571428573,0.24571428571428572,0.0
PHASE 2,654,524000,524,1608.2341607746996,1096.1306945362112,2180.5957431985266,376.2139208333342,428.32842531250054,100.46147682861648,0.19571428571428573,0.24571428571428572,0.0
PHASE 2,655,524800,524,1608.2341607746996,1096.1306945362112,2180.5957431985266,376.2139208333342,428.3284253125007,100.46147682861647,0.19571428571428573,0.24571428571428572,0.0
PHASE 2,656,525600,524,1608.2341607746996,1096.1306945362112,2180.5957431985266,376.2139208333342,428.3284253125007,100.46147682861647,0.19571428571428573,0.24571428571428572,0.0
PHASE 2,657,526400,524,1608.2341607746996,1096.1306945362112,2180.5957431985266,376.2139208333342,428.3284253125007,100.46147682861647,0.19571428571428573,0.24571428571428572,0.0
PHASE 2,658,527200,524,1608.2341607746996,1096.1306945362112,2180.5957431985266,376.2139208333342,428.3284253125007,100.46147682861647,0.19571428571428573,0.24571428571428572,0.0
PHASE 2,659,528000,528,1602.58893713915,1096.1306945362112,2180.5957431985266,375.9781429166675,425.9737303125007,100.07963298875603,0.19571428571428573,0.24571428571428572,0.0
PHASE 2,660,528800,528,1602.5889371391497,1096.1306945362112,2180.5957431985266,375.9781429166676,425.9737303125007,100.07963298875603,0.19571428571428573,0.24571428571428572,0.0
PHASE 2,661,529600,528,1602.5889371391497,1096.1306945362112,2180.5957431985266,375.9781429166676,425.9737303125007,100.07963298875603,0.19571428571428573,0.24571428571428572,0.0
PHASE 2,662,530400,528,1602.5889371391497,1096.1306945362112,2180.5957431985266,375.9781429166676,425.9737303125007,100.07963298875603,0.19571428571428573,0.24571428571428572,0.0
PHASE 2,663,531200,528,1602.5889371391497,1096.1306945362112,2180.5957431985266,375.9781429166676,425.9737303125007,100.07963298875603,0.19571428571428573,0.24571428571428572,0.0
PHASE 2,664,532000,532,1600.1600060600956,1096.1306945362112,2180.5957431985266,375.80119208333423,424.43414281250074,99.99058389554095,0.19571428571428573,0.24571428571428572,0.0
PHASE 2,665,532800,532,1600.1600060600956,1096.1306945362112,2180.5957431985266,375.8011920833342,424.43414281250074,99.99058389554096,0.19571428571428573,0.24571428571428572,0.0
PHASE 2,666,533600,532,1600.1600060600956,1096.1306945362112,2180.5957431985266,375.8011920833342,424.43414281250074,99.99058389554096,0.19571428571428573,0.24571428571428572,0.0
PHASE 2,667,534400,532,1600.1600060600956,1096.1306945362112,2180.5957431985266,375.8011920833342,424.43414281250074,99.99058389554096,0.19571428571428573,0.24571428571428572,0.0
PHASE 2,668,535200,532,1600.1600060600956,1096.1306945362112,2180.5957431985266,375.8011920833342,424.43414281250074,99.99058389554096,0.19571428571428573,0.24571428571428572,0.0
PHASE 2,669,536000,536,1609.0026321199118,1096.1306945362112,2180.5957431985266,378.1796737500008,426.9256569791674,100.48716267385122,0.19571428571428573,0.24571428571428572,0.0
PHASE 2,670,536800,536,1609.0026321199111,1096.1306945362112,2180.5957431985266,378.17967375000086,426.92565697916734,100.48716267385122,0.19571428571428573,0.24571428571428572,0.0
PHASE 2,671,537600,536,1609.0026321199111,1096.1306945362112,2180.5957431985266,378.17967375000086,426.92565697916734,100.48716267385122,0.19571428571428573,0.24571428571428572,0.0
PHASE 2,672,538400,536,1609.0026321199111,1096.1306945362112,2180.5957431985266,378.17967375000086,426.92565697916734,100.48716267385122,0.19571428571428573,0.24571428571428572,0.0
PHASE 2,673,539200,536,1609.0026321199111,1096.1306945362112,2180.5957431985266,378.17967375000086,426.92565697916734,100.48716267385122,0.19571428571428573,0.24571428571428572,0.0
PHASE 2,674,540000,540,1611.014768426151,1096.1306945362112,2128.9343106774477,381.0367366666676,425.727144895834,100.53136085796464,0.19571428571428573,0.24571428571428572,0.0
PHASE 2,675,540800,540,1611.0147684261515,1096.1306945362112,2128.9343106774477,381.0367366666676,425.72714489583404,100.53136085796463,0.19571428571428573,0.24571428571428572,0.0
PHASE 2,676,541600,540,1611.0147684261515,1096.1306945362112,2128.9343106774477,381.0367366666676,425.72714489583404,100.53136085796463,0.19571428571428573,0.24571428571428572,0.0
PHASE 2,677,542400,540,1611.0147684261515,1096.1306945362112,2128.9343106774477,381.0367366666676,425.72714489583404,100.53136085796463,0.19571428571428573,0.24571428571428572,0.0
PHASE 2,678,543200,540,1611.0147684261515,1096.1306945362112,2128.9343106774477,381.0367366666676,425.72714489583404,100.53136085796463,0.19571428571428573,0.24571428571428572,0.0
PHASE 2,679,544000,544,1621.8276645134592,1096.1306945362112,2128.9343106774477,387.03295500000087,425.66064947916743,101.14175750429486,0.19571428571428573,0.24571428571428572,0.0
PHASE 2,680,544800,544,1621.8276645134597,1096.1306945362112,2128.9343106774477,387.03295500000087,425.66064947916743,101.14175750429486,0.19571428571428573,0.24571428571428572,0.0
PHASE 2,681,545600,544,1621.8276645134597,1096.1306945362112,2128.9343106774477,387.03295500000087,425.66064947916743,101.14175750429486,0.19571428571428573,0.24571428571428572,0.0
PHASE 2,682,546400,544,1621.8276645134597,1096.1306945362112,2128.9343106774477,387.03295500000087,425.66064947916743,101.14175750429486,0.19571428571428573,0.24571428571428572,0.0
PHASE 2,683,547200,544,1621.8276645134597,1096.1306945362112,2128.9343106774477,387.03295500000087,425.66064947916743,101.14175750429486,0.19571428571428573,0.24571428571428572,0.0
PHASE 2,684,548000,548,1625.2198505666786,1096.1306945362112,2128.9343106774477,387.30189708333427,427.256017708334,101.3327419718849,0.19571428571428573,0.24571428571428572,0.0
PHASE 2,685,548800,548,1625.2198505666788,1096.1306945362112,2128.9343106774477,387.3018970833342,427.25601770833396,101.3327419718849,0.19571428571428573,0.24571428571428572,0.0
PHASE 2,686,549600,548,1625.2198505666788,1096.1306945362112,2128.9343106774477,387.3018970833342,427.25601770833396,101.3327419718849,0.19571428571428573,0.24571428571428572,0.0
PHASE 2,687,550400,548,1625.2198505666788,1096.1306945362112,2128.9343106774477,387.3018970833342,427.25601770833396,101.3327419718849,0.19571428571428573,0.24571428571428572,0.0
PHASE 2,688,551200,548,1625.2198505666788,1096.1306945362112,2128.9343106774477,387.3018970833342,427.25601770833396,101.3327419718849,0.19571428571428573,0.24571428571428572,0.0
PHASE 2,689,552000,552,1629.1441935274652,1096.1306945362112,2128.9343106774477,394.1451362500008,422.75608645833404,101.53037135239988,0.19571428571428573,0.24571428571428572,0.0
PHASE 2,690,552800,552,1629.1441935274647,1096.1306945362112,2128.9343106774477,394.14513625000086,422.75608645833404,101.53037135239988,0.19571428571428573,0.24571428571428572,0.0
PHASE 2,691,553600,552,1629.1441935274647,1096.1306945362112,2128.9343106774477,394.14513625000086,422.75608645833404,101.53037135239988,0.19571428571428573,0.24571428571428572,0.0
PHASE 2,692,554400,552,1629.1441935274647,1096.1306945362112,2128.9343106774477,394.14513625000086,422.75608645833404,101.53037135239988,0.19571428571428573,0.24571428571428572,0.0
PHASE 2,693,555200,552,1629.1441935274647,1096.1306945362112,2128.9343106774477,394.14513625000086,422.75608645833404,101.53037135239988,0.19571428571428573,0.24571428571428572,0.0
PHASE 2,694,556000,556,1634.699755506514,1096.1306945362112,2128.9343106774477,396.91385416666753,424.0289285416674,101.71962159978109,0.19571428571428573,0.24571428571428572,0.0
PHASE 2,695,556800,556,1634.6997555065138,1096.1306945362112,2128.9343106774477,396.91385416666753,424.0289285416674,101.71962159978109,0.19571428571428573,0.24571428571428572,0.0
PHASE 2,696,557600,556,1634.6997555065138,1096.1306945362112,2128.9343106774477,396.91385416666753,424.0289285416674,101.71962159978109,0.19571428571428573,0.24571428571428572,0.0
PHASE 2,697,558400,556,1634.6997555065138,1096.1306945362112,2128.9343106774477,396.91385416666753,424.0289285416674,101.71962159978109,0.19571428571428573,0.24571428571428572,0.0
PHASE 2,698,559200,556,1634.6997555065138,1096.1306945362112,2128.9343106774477,396.91385416666753,424.0289285416674,101.71962159978109,0.19571428571428573,0.24571428571428572,0.0
PHASE 2,699,560000,560,1641.7882472660556,1096.1306945362112,2128.9343106774477,400.3126954166675,425.26935020833406,102.02577520514049,0.19571428571428573,0.24571428571428572,0.0
PHASE 2,700,560800,560,1641.7882472660556,1096.1306945362112,2128.9343106774477,400.3126954166675,425.26935020833406,102.02577520514049,0.19571428571428573,0.24571428571428572,0.0
PHASE 2,701,561600,560,1641.7882472660556,1096.1306945362112,2128.9343106774477,400.3126954166675,425.26935020833406,102.02577520514049,0.19571428571428573,0.24571428571428572,0.0
PHASE 2,702,562400,560,1641.7882472660556,1096.1306945362112,2128.9343106774477,400.3126954166675,425.26935020833406,102.02577520514049,0.19571428571428573,0.24571428571428572,0.0
PHASE 2,703,563200,560,1641.7882472660556,1096.1306945362112,2128.9343106774477,400.3126954166675,425.26935020833406,102.02577520514049,0.19571428571428573,0.24571428571428572,0.0
PHASE 2,704,564000,564,1640.184470981952,1096.1306945362112,2128.9343106774477,396.8973066666675,428.3932806250008,101.86173546129423,0.19571428571428573,0.24571428571428572,0.0
PHASE 2,705,564800,564,1640.1844709819522,1096.1306945362112,2128.9343106774477,396.8973066666675,428.39328062500067,101.86173546129423,0.19571428571428573,0.24571428571428572,0.0
PHASE 2,706,565600,564,1640.1844709819522,1096.1306945362112,2128.9343106774477,396.8973066666675,428.39328062500067,101.86173546129423,0.19571428571428573,0.24571428571428572,0.0
PHASE 2,707,566400,564,1640.1844709819522,1096.1306945362112,2128.9343106774477,396.8973066666675,428.39328062500067,101.86173546129423,0.19571428571428573,0.24571428571428572,0.0
PHASE 2,708,567200,564,1640.1844709819522,1096.1306945362112,2128.9343106774477,396.8973066666675,428.39328062500067,101.86173546129423,0.19571428571428573,0.24571428571428572,0.0
PHASE 2,709,568000,568,1640.20750048146,1096.1306945362112,2128.9343106774477,397.58907666666744,428.43521729166736,101.77290081539934,0.19571428571428573,0.24571428571428572,0.0
PHASE 2,710,568800,568,1640.20750048146,1096.1306945362112,2128.9343106774477,397.58907666666755,428.43521729166736,101.77290081539934,0.19571428571428573,0.24571428571428572,0.0
PHASE 2,711,569600,568,1640.20750048146,1096.1306945362112,2128.9343106774477,397.58907666666755,428.43521729166736,101.77290081539934,0.19571428571428573,0.24571428571428572,0.0
PHASE 2,712,570400,568,1640.20750048146,1096.1306945362112,2128.9343106774477,397.58907666666755,428.43521729166736,101.77290081539934,0.19571428571428573,0.24571428571428572,0.0
PHASE 2,713,571200,568,1640.20750048146,1096.1306945362112,2128.9343106774477,397.58907666666755,428.43521729166736,101.77290081539934,0.19571428571428573,0.24571428571428572,0.0
PHASE 2,714,572000,572,1639.8644940325287,1096.1306945362112,2128.9343106774477,401.6091533333342,425.20525760416734,101.63126038688715,0.19571428571428573,0.24571428571428572,0.0
PHASE 2,715,572800,572,1639.8644940325282,1096.1306945362112,2128.9343106774477,401.6091533333342,425.20525760416734,101.63126038688715,0.19571428571428573,0.24571428571428572,0.0
PHASE 2,716,573600,572,1639.8644940325282,1096.1306945362112,2128.9343106774477,401.6091533333342,425.20525760416734,101.63126038688715,0.19571428571428573,0.24571428571428572,0.0
PHASE 2,717,574400,572,1639.8644940325282,1096.1306945362112,2128.9343106774477,401.6091533333342,425.20525760416734,101.63126038688715,0.19571428571428573,0.24571428571428572,0.0
PHASE 2,718,575200,572,1639.8644940325282,1096.1306945362112,2128.9343106774477,401.6091533333342,425.20525760416734,101.63126038688715,0.19571428571428573,0.24571428571428572,0.0
PHASE 2,719,576000,576,1652.518577797543,1096.1306945362112,2150.198086430601,409.16752083333415,425.70157552083407,102.20618518043065,0.19571428571428573,0.24571428571428572,0.0
PHASE 2,720,576800,576,1652.518577797543,1096.1306945362112,2150.198086430601,409.16752083333415,425.701575520834,102.20618518043068,0.19571428571428573,0.24571428571428572,0.0
PHASE 2,721,577600,576,1652.518577797543,1096.1306945362112,2150.198086430601,409.16752083333415,425.701575520834,102.20618518043068,0.19571428571428573,0.24571428571428572,0.0
PHASE 2,722,578400,576,1652.518577797543,1096.1306945362112,2150.198086430601,409.16752083333415,425.701575520834,102.20618518043068,0.19571428571428573,0.24571428571428572,0.0
PHASE 2,723,579200,576,1652.518577797543,1096.1306945362112,2150.198086430601,409.16752083333415,425.701575520834,102.20618518043068,0.19571428571428573,0.24571428571428572,0.0
PHASE 2,724,580000,580,1655.148317762645,1096.1306945362112,2150.198086430601,412.8829729166675,423.924470520834,102.29260929065178,0.19571428571428573,0.24571428571428572,0.0
PHASE 2,725,580800,580,1655.148317762645,1096.1306945362112,2150.198086430601,412.8829729166674,423.92447052083406,102.29260929065178,0.19571428571428573,0.24571428571428572,0.0
PHASE 2,726,581600,580,1655.148317762645,1096.1306945362112,2150.198086430601,412.8829729166674,423.92447052083406,102.29260929065178,0.19571428571428573,0.24571428571428572,0.0
PHASE 2,727,582400,580,1655.148317762645,1096.1306945362112,2150.198086430601,412.8829729166674,423.92447052083406,102.29260929065178,0.19571428571428573,0.24571428571428572,0.0
PHASE 2,728,583200,580,1655.148317762645,1096.1306945362112,2150.198086430601,412.8829729166674,423.92447052083406,102.29260929065178,0.19571428571428573,0.24571428571428572,0.0
PHASE 2,729,584000,584,1648.8240480361524,1096.1306945362112,2150.198086430601,411.9068000000007,420.64327062500075,102.0342471764026,0.19571428571428573,0.24571428571428572,0.0
PHASE 2,730,584800,584,1648.824048036152,1096.1306945362112,2150.198086430601,411.9068000000008,420.64327062500075,102.0342471764026,0.19571428571428573,0.24571428571428572,0.0
PHASE 2,731,585600,584,1648.824048036152,1096.1306945362112,2150.198086430601,411.9068000000008,420.64327062500075,102.0342471764026,0.19571428571428573,0.24571428571428572,0.0
PHASE 2,732,586400,584,1648.824048036152,1096.1306945362112,2150.198086430601,411.9068000000008,420.64327062500075,102.0342471764026,0.19571428571428573,0.24571428571428572,0.0
PHASE 2,733,587200,584,1648.824048036152,1096.1306945362112,2150.198086430601,411.9068000000008,420.64327062500075,102.0342471764026,0.19571428571428573,0.24571428571428572,0.0
PHASE 2,734,588000,588,1659.8627324304948,1096.1306945362112,2150.198086430601,416.49862583333413,421.4908343750007,102.73415902777879,0.19571428571428573,0.24571428571428572,0.0
PHASE 2,735,588800,588,1659.862732430495,1096.1306945362112,2150.198086430601,416.49862583333413,421.4908343750007,102.7341590277788,0.19571428571428573,0.24571428571428572,0.0
PHASE 2,736,589600,588,1659.862732430495,1096.1306945362112,2150.198086430601,416.49862583333413,421.4908343750007,102.7341590277788,0.19571428571428573,0.24571428571428572,0.0
PHASE 2,737,590400,588,1659.862732430495,1096.1306945362112,2150.198086430601,416.49862583333413,421.4908343750007,102.7341590277788,0.19571428571428573,0.24571428571428572,0.0
PHASE 2,738,591200,588,1659.862732430495,1096.1306945362112,2150.198086430601,416.49862583333413,421.4908343750007,102.7341590277788,0.19571428571428573,0.24571428571428572,0.0
PHASE 2,739,592000,592,1664.9640243502927,1096.1306945362112,2150.198086430601,422.2023137500008,419.11409406250067,102.95595206723272,0.19571428571428573,0.24571428571428572,0.0
PHASE 2,740,592800,592,1664.9640243502931,1096.1306945362112,2150.198086430601,422.2023137500008,419.11409406250067,102.95595206723272,0.19571428571428573,0.24571428571428572,0.0
PHASE 2,741,593600,592,1664.9640243502931,1096.1306945362112,2150.198086430601,422.2023137500008,419.11409406250067,102.95595206723272,0.19571428571428573,0.24571428571428572,0.0
PHASE 2,742,594400,592,1664.9640243502931,1096.1306945362112,2150.198086430601,422.2023137500008,419.11409406250067,102.95595206723272,0.19571428571428573,0.24571428571428572,0.0
PHASE 2,743,595200,592,1664.9640243502931,1096.1306945362112,2150.198086430601,422.2023137500008,419.11409406250067,102.95595206723272,0.19571428571428573,0.24571428571428572,0.0
PHASE 2,744,596000,596,1671.0084155646136,1039.9430175642883,2150.198086430601,424.8362879166674,420.8359086458341,103.16702737527281,0.19571428571428573,0.24571428571428572,0.0
PHASE 2,745,596800,596,1671.0084155646139,1039.9430175642883,2150.198086430601,424.8362879166674,420.8359086458341,103.16702737527281,0.19571428571428573,0.24571428571428572,0.0
PHASE 2,746,597600,596,1671.0084155646139,1039.9430175642883,2150.198086430601,424.8362879166674,420.8359086458341,103.16702737527281,0.19571428571428573,0.24571428571428572,0.0
PHASE 2,747,598400,596,1671.0084155646139,1039.9430175642883,2150.198086430601,424.8362879166674,420.8359086458341,103.16702737527281,0.19571428571428573,0.24571428571428572,0.0
PHASE 2,748,599200,596,1671.0084155646139,1039.9430175642883,2150.198086430601,424.8362879166674,420.8359086458341,103.16702737527281,0.19571428571428573,0.24571428571428572,0.0
PHASE 2,749,600000,600,1679.8645879361525,1039.9430175642883,2150.198086430601,429.2636504166674,420.7767303125007,103.728025900882,0.19571428571428573,0.24571428571428572,0.0
PHASE 2,750,600800,600,1679.864587936153,1039.9430175642883,2150.198086430601,429.2636504166674,420.77673031250066,103.728025900882,0.19571428571428573,0.24571428571428572,0.0
PHASE 2,751,601600,600,1679.864587936153,1039.9430175642883,2150.198086430601,429.2636504166674,420.77673031250066,103.728025900882,0.19571428571428573,0.24571428571428572,0.0
PHASE 2,752,602400,600,1679.864587936153,1039.9430175642883,2150.198086430601,429.2636504166674,420.77673031250066,103.728025900882,0.19571428571428573,0.24571428571428572,0.0
PHASE 2,753,603200,600,1679.864587936153,1039.9430175642883,2150.198086430601,429.2636504166674,420.77673031250066,103.728025900882,0.19571428571428573,0.24571428571428572,0.0
PHASE 2,754,604000,604,1693.1565947918543,1039.9430175642883,2150.198086430601,434.36748791666747,423.1552157291673,104.45423639326137,0.19571428571428573,0.24571428571428572,0.0
PHASE 2,755,604800,604,1693.1565947918543,1039.9430175642883,2150.198086430601,434.36748791666736,423.1552157291673,104.45423639326137,0.19571428571428573,0.24571428571428572,0.0
PHASE 2,756,605600,604,1693.1565947918543,1039.9430175642883,2150.198086430601,434.36748791666736,423.1552157291673,104.45423639326137,0.19571428571428573,0.24571428571428572,0.0
PHASE 2,757,606400,604,1693.1565947918543,1039.9430175642883,2150.198086430601,434.36748791666736,423.1552157291673,104.45423639326137,0.19571428571428573,0.24571428571428572,0.0
PHASE 2,758,607200,604,1693.1565947918543,1039.9430175642883,2150.198086430601,434.36748791666736,423.1552157291673,104.45423639326137,0.19571428571428573,0.24571428571428572,0.0
PHASE 2,759,608000,608,1698.782108723873,1039.9430175642883,2150.198086430601,436.00859000000077,425.16035239583397,104.70164579101365,0.19571428571428573,0.24571428571428572,0.0
PHASE 2,760,608800,608,1698.7821087238729,1039.9430175642883,2150.198086430601,436.00859000000077,425.16035239583397,104.70164579101365,0.19571428571428573,0.24571428571428572,0.0
PHASE 2,761,609600,608,1698.7821087238729,1039.9430175642883,2150.198086430601,436.00859000000077,425.16035239583397,104.70164579101365,0.19571428571428573,0.24571428571428572,0.0
PHASE 2,762,610400,608,1698.7821087238729,1039.9430175642883,2150.198086430601,436.00859000000077,425.16035239583397,104.70164579101365,0.19571428571428573,0.24571428571428572,0.0
PHASE 2,763,611200,608,1698.7821087238729,1039.9430175642883,2150.198086430601,436.00859000000077,425.16035239583397,104.70164579101365,0.19571428571428573,0.24571428571428572,0.0
PHASE 2,764,612000,612,1713.981064074079,1039.9430175642883,2150.198086430601,441.2656166666674,428.505547395834,105.5262375014563,0.19571428571428573,0.24571428571428572,0.0
PHASE 2,765,612800,612,1713.9810640740793,1039.9430175642883,2150.198086430601,441.2656166666674,428.5055473958341,105.52623750145631,0.19571428571428573,0.24571428571428572,0.0
PHASE 2,766,613600,612,1713.9810640740793,1039.9430175642883,2150.198086430601,441.2656166666674,428.5055473958341,105.52623750145631,0.19571428571428573,0.24571428571428572,0.0
PHASE 2,767,614400,612,1713.9810640740793,1039.9430175642883,2150.198086430601,441.2656166666674,428.5055473958341,105.52623750145631,0.19571428571428573,0.24571428571428572,0.0
PHASE 2,768,615200,612,1713.9810640740793,1039.9430175642883,2150.198086430601,441.2656166666674,428.5055473958341,105.52623750145631,0.19571428571428573,0.24571428571428572,0.0
PHASE 2,769,616000,616,1724.395834089052,1039.9430175642883,2150.198086430601,443.69566583333403,432.0520553125007,106.0810141179114,0.19571428571428573,0.24571428571428572,0.0
PHASE 2,770,616800,616,1724.395834089052,1039.9430175642883,2150.198086430601,443.69566583333403,432.05205531250067,106.08101411791138,0.19571428571428573,0.24571428571428572,0.0
PHASE 2,771,617600,616,1724.395834089052,1039.9430175642883,2150.198086430601,443.69566583333403,432.05205531250067,106.08101411791138,0.19571428571428573,0.24571428571428572,0.0
PHASE 2,772,618400,616,1724.395834089052,1039.9430175642883,2150.198086430601,443.69566583333403,432.05205531250067,106.08101411791138,0.19571428571428573,0.24571428571428572,0.0
PHASE 2,773,619200,616,1724.395834089052,1039.9430175642883,2150.198086430601,443.69566583333403,432.05205531250067,106.08101411791138,0.19571428571428573,0.24571428571428572,0.0
PHASE 2,774,620000,620,1728.0082590582022,1039.9430175642883,2150.198086430601,448.1274491666674,427.9367665625007,106.49300541613854,0.19571428571428573,0.24571428571428572,0.0
PHASE 2,775,620800,620,1728.0082590582022,1039.9430175642883,2150.198086430601,448.12744916666736,427.9367665625006,106.49300541613854,0.19571428571428573,0.24571428571428572,0.0
PHASE 2,776,621600,620,1728.0082590582022,1039.9430175642883,2150.198086430601,448.12744916666736,427.9367665625006,106.49300541613854,0.19571428571428573,0.24571428571428572,0.0
PHASE 2,777,622400,620,1728.0082590582022,1039.9430175642883,2150.198086430601,448.12744916666736,427.9367665625006,106.49300541613854,0.19571428571428573,0.24571428571428572,0.0
PHASE 2,778,623200,620,1728.0082590582022,1039.9430175642883,2150.198086430601,448.12744916666736,427.9367665625006,106.49300541613854,0.19571428571428573,0.24571428571428572,0.0
PHASE 2,779,624000,624,1724.5682565824288,1039.9430175642883,2150.198086430601,445.72755791666737,428.8063207291673,106.25429724208362,0.19571428571428573,0.24571428571428572,0.0
PHASE 2,780,624800,624,1724.5682565824284,1039.9430175642883,2150.198086430601,445.7275579166673,428.80632072916734,106.25429724208362,0.19571428571428573,0.24571428571428572,0.0
PHASE 2,781,625600,624,1724.5682565824284,1039.9430175642883,2150.198086430601,445.7275579166673,428.80632072916734,106.25429724208362,0.19571428571428573,0.24571428571428572,0.0
PHASE 2,782,626400,624,1724.5682565824284,1039.9430175642883,2150.198086430601,445.7275579166673,428.80632072916734,106.25429724208362,0.19571428571428573,0.24571428571428572,0.0
PHASE 2,783,627200,624,1724.5682565824284,1039.9430175642883,2150.198086430601,445.7275579166673,428.80632072916734,106.25429724208362,0.19571428571428573,0.24571428571428572,0.0
PHASE 2,784,628000,628,1735.4166677074509,1039.9430175642883,2150.198086430601,449.6149037500007,430.2911065625007,106.93883217437815,0.19571428571428573,0.24571428571428572,0.0
PHASE 2,785,628800,628,1735.4166677074509,1039.9430175642883,2150.198086430601,449.6149037500007,430.2911065625007,106.93883217437815,0.19571428571428573,0.24571428571428572,0.0
PHASE 2,786,629600,628,1735.4166677074509,1039.9430175642883,2150.198086430601,449.6149037500007,430.2911065625007,106.93883217437815,0.19571428571428573,0.24571428571428572,0.0
PHASE 2,787,630400,628,1735.4166677074509,1039.9430175642883,2150.198086430601,449.6149037500007,430.2911065625007,106.93883217437815,0.19571428571428573,0.24571428571428572,0.0
PHASE 2,788,631200,628,1735.4166677074509,1039.9430175642883,2150.198086430601,449.6149037500007,430.2911065625007,106.93883217437815,0.19571428571428573,0.24571428571428572,0.0
PHASE 2,789,632000,632,1737.3140545837457,1039.9430175642883,2150.198086430601,454.0302054166674,427.77713531250066,106.93833923183165,0.19571428571428573,0.24571428571428572,0.0
PHASE 2,790,632800,632,1737.314054583746,1039.9430175642883,2150.198086430601,454.0302054166674,427.7771353125008,106.93833923183165,0.19571428571428573,0.24571428571428572,0.0
PHASE 2,791,633600,632,1737.314054583746,1039.9430175642883,2150.198086430601,454.0302054166674,427.7771353125008,106.93833923183165,0.19571428571428573,0.24571428571428572,0.0
PHASE 2,792,634400,632,1737.314054583746,1039.9430175642883,2150.198086430601,454.0302054166674,427.7771353125008,106.93833923183165,0.19571428571428573,0.24571428571428572,0.0
PHASE 2,793,635200,632,1737.314054583746,1039.9430175642883,2150.198086430601,454.0302054166674,427.7771353125008,106.93833923183165,0.19571428571428573,0.24571428571428572,0.0
PHASE 2,794,636000,636,1734.9875759072636,1039.9430175642883,2150.198086430601,452.98430750000074,428.37188489583406,106.70392293893805,0.19571428571428573,0.24571428571428572,0.0
PHASE 2,795,636800,636,1734.9875759072634,1039.9430175642883,2150.198086430601,452.9843075000006,428.37188489583406,106.70392293893805,0.19571428571428573,0.24571428571428572,0.0
PHASE 2,796,637600,636,1734.9875759072634,1039.9430175642883,2150.198086430601,452.9843075000006,428.37188489583406,106.70392293893805,0.19571428571428573,0.24571428571428572,0.0
PHASE 2,797,638400,636,1734.9875759072634,1039.9430175642883,2150.198086430601,452.9843075000006,428.37188489583406,106.70392293893805,0.19571428571428573,0.24571428571428572,0.0
PHASE 2,798,639200,636,1734.9875759072634,1039.9430175642883,2150.198086430601,452.9843075000006,428.37188489583406,106.70392293893805,0.19571428571428573,0.24571428571428572,0.0
PHASE 2,799,640000,640,1743.1276841855652,1039.9430175642883,2150.198086430601,451.895543333334,433.0766569791674,107.2694354841425,0.19571428571428573,0.24571428571428572,0.0
PHASE 2,800,640800,640,1743.127684185565,1039.9430175642883,2150.198086430601,451.895543333334,433.0766569791674,107.2694354841425,0.19571428571428573,0.24571428571428572,0.0
PHASE 2,801,641600,640,1743.127684185565,1039.9430175642883,2150.198086430601,451.895543333334,433.0766569791674,107.2694354841425,0.19571428571428573,0.24571428571428572,0.0
PHASE 2,802,642400,640,1743.127684185565,1039.9430175642883,2150.198086430601,451.895543333334,433.0766569791674,107.2694354841425,0.19571428571428573,0.24571428571428572,0.0
PHASE 2,803,643200,640,1743.127684185565,1039.9430175642883,2150.198086430601,451.895543333334,433.0766569791674,107.2694354841425,0.19571428571428573,0.24571428571428572,0.0
PHASE 2,804,644000,644,1751.068244319256,1039.9430175642883,2150.198086430601,453.0652812500007,436.68242072916735,107.66506779252062,0.19571428571428573,0.24571428571428572,0.0
PHASE 2,805,644800,644,1751.0682443192557,1039.9430175642883,2150.198086430601,453.0652812500007,436.68242072916735,107.6650677925206,0.19571428571428573,0.24571428571428572,0.0
PHASE 2,806,645600,644,1751.0682443192557,1039.9430175642883,2150.198086430601,453.0652812500007,436.68242072916735,107.6650677925206,0.19571428571428573,0.24571428571428572,0.0
PHASE 2,807,646400,644,1751.0682443192557,1039.9430175642883,2150.198086430601,453.0652812500007,436.68242072916735,107.6650677925206,0.19571428571428573,0.24571428571428572,0.0
PHASE 2,808,647200,644,1751.0682443192557,1039.9430175642883,2150.198086430601,453.0652812500007,436.68242072916735,107.6650677925206,0.19571428571428573,0.24571428571428572,0.0
PHASE 2,809,648000,648,1749.2188317224386,1039.9430175642883,2150.198086430601,453.8193887500007,433.38736583333406,107.75150964239744,0.19571428571428573,0.24571428571428572,0.0
PHASE 2,810,648800,648,1749.2188317224388,1039.9430175642883,2150.198086430601,453.8193887500007,433.38736583333406,107.75150964239744,0.19571428571428573,0.24571428571428572,0.0
PHASE 2,811,649600,648,1749.2188317224388,1039.9430175642883,2150.198086430601,453.8193887500007,433.38736583333406,107.75150964239744,0.19571428571428573,0.24571428571428572,0.0
PHASE 2,812,650400,648,1749.2188317224388,1039.9430175642883,2150.198086430601,453.8193887500007,433.38736583333406,107.75150964239744,0.19571428571428573,0.24571428571428572,0.0
PHASE 2,813,651200,648,1749.2188317224388,1039.9430175642883,2150.198086430601,453.8193887500007,433.38736583333406,107.75150964239744,0.19571428571428573,0.24571428571428572,0.0
PHASE 2,814,652000,652,1762.665637437983,1039.9430175642883,2318.659417940634,454.16141875000073,440.12112875000065,108.54788624225715,0.19571428571428573,0.24571428571428572,0.0
PHASE 2,815,652800,652,1762.665637437983,1039.9430175642883,2318.659417940634,454.16141875000073,440.12112875000065,108.54788624225718,0.19571428571428573,0.24571428571428572,0.0
PHASE 2,816,653600,652,1762.665637437983,1039.9430175642883,2318.659417940634,454.16141875000073,440.12112875000065,108.54788624225718,0.19571428571428573,0.24571428571428572,0.0
PHASE 2,817,654400,652,1762.665637437983,1039.9430175642883,2318.659417940634,454.16141875000073,440.12112875000065,108.54788624225718,0.19571428571428573,0.24571428571428572,0.0
PHASE 2,818,655200,652,1762.665637437983,1039.9430175642883,2318.659417940634,454.16141875000073,440.12112875000065,108.54788624225718,0.19571428571428573,0.24571428571428572,0.0
PHASE 2,819,656000,656,1768.5047182940502,1039.9430175642883,2323.5970932544114,452.39423416666745,442.5396091666672,109.19635937009888,0.19571428571428573,0.24571428571428572,0.0
PHASE 2,820,656800,656,1768.5047182940505,1039.9430175642883,2323.5970932544114,452.39423416666745,442.53960916666733,109.19635937009885,0.19571428571428573,0.24571428571428572,0.0
PHASE 2,821,657600,656,1768.5047182940505,1039.9430175642883,2323.5970932544114,452.39423416666745,442.53960916666733,109.19635937009885,0.19571428571428573,0.24571428571428572,0.0
PHASE 2,822,658400,656,1768.5047182940505,1039.9430175642883,2323.5970932544114,452.39423416666745,442.53960916666733,109.19635937009885,0.19571428571428573,0.24571428571428572,0.0
PHASE 2,823,659200,656,1768.5047182940505,1039.9430175642883,2323.5970932544114,452.39423416666745,442.53960916666733,109.19635937009885,0.19571428571428573,0.24571428571428572,0.0
PHASE 2,824,660000,660,1783.5860696611821,1039.9430175642883,2323.5970932544114,455.7134479166674,445.97563500000075,110.23712334307383,0.19571428571428573,0.24571428571428572,0.0
PHASE 2,825,660800,660,1783.5860696611824,1039.9430175642883,2323.5970932544114,455.7134479166675,445.9756350000007,110.23712334307383,0.19571428571428573,0.24571428571428572,0.0
PHASE 2,826,661600,660,1783.5860696611824,1039.9430175642883,2323.5970932544114,455.7134479166675,445.9756350000007,110.23712334307383,0.19571428571428573,0.24571428571428572,0.0
PHASE 2,827,662400,660,1783.5860696611824,1039.9430175642883,2323.5970932544114,455.7134479166675,445.9756350000007,110.23712334307383,0.19571428571428573,0.24571428571428572,0.0
PHASE 2,828,663200,660,1783.5860696611824,1039.9430175642883,2323.5970932544114,455.7134479166675,445.9756350000007,110.23712334307383,0.19571428571428573,0.24571428571428572,0.0
PHASE 2,829,664000,664,1786.0438463335709,1039.9430175642883,2323.5970932544114,460.4711254166675,441.31756208333405,110.53189485420592,0.19571428571428573,0.24571428571428572,0.0
PHASE 2,830,664800,664,1786.043846333571,1039.9430175642883,2323.5970932544114,460.4711254166674,441.3175620833341,110.53189485420589,0.19571428571428573,0.24571428571428572,0.0
PHASE 2,831,665600,664,1786.043846333571,1039.9430175642883,2323.5970932544114,460.4711254166674,441.3175620833341,110.53189485420589,0.19571428571428573,0.24571428571428572,0.0
PHASE 2,832,666400,664,1786.043846333571,1039.9430175642883,2323.5970932544114,460.4711254166674,441.3175620833341,110.53189485420589,0.19571428571428573,0.24571428571428572,0.0
PHASE 2,833,667200,664,1786.043846333571,1039.9430175642883,2323.5970932544114,460.4711254166674,441.3175620833341,110.53189485420589,0.19571428571428573,0.24571428571428572,0.0
PHASE 2,834,668000,668,1795.7796442584374,1039.9430175642883,2323.5970932544114,461.009352083334,446.0445008333341,111.09072391773105,0.19571428571428573,0.24571428571428572,0.0
PHASE 2,835,668800,668,1795.779644258437,1039.9430175642883,2323.5970932544114,461.00935208333414,446.0445008333341,111.09072391773105,0.19571428571428573,0.24571428571428572,0.0
PHASE 2,836,669600,668,1795.779644258437,1039.9430175642883,2323.5970932544114,461.00935208333414,446.0445008333341,111.09072391773105,0.19571428571428573,0.24571428571428572,0.0
PHASE 2,837,670400,668,1795.779644258437,1039.9430175642883,2323.5970932544114,461.00935208333414,446.0445008333341,111.09072391773105,0.19571428571428573,0.24571428571428572,0.0
PHASE 2,838,671200,668,1795.779644258437,1039.9430175642883,2323.5970932544114,461.00935208333414,446.0445008333341,111.09072391773105,0.19571428571428573,0.24571428571428572,0.0
PHASE 2,839,672000,672,1808.8409393289207,1039.9430175642883,2323.5970932544114,461.91981791666745,451.6163254166674,111.91309949945816,0.19571428571428573,0.24571428571428572,0.0
PHASE 2,840,672800,672,1808.8409393289207,1039.9430175642883,2323.5970932544114,461.9198179166676,451.6163254166674,111.91309949945816,0.19571428571428573,0.24571428571428572,0.0
PHASE 2,841,673600,672,1808.8409393289207,1039.9430175642883,2323.5970932544114,461.9198179166676,451.6163254166674,111.91309949945816,0.19571428571428573,0.24571428571428572,0.0
PHASE 2,842,674400,672,1808.8409393289207,1039.9430175642883,2323.5970932544114,461.9198179166676,451.6163254166674,111.91309949945816,0.19571428571428573,0.24571428571428572,0.0
PHASE 2,843,675200,672,1808.8409393289207,1039.9430175642883,2323.5970932544114,461.9198179166676,451.6163254166674,111.91309949945816,0.19571428571428573,0.24571428571428572,0.0
PHASE 2,844,676000,676,1809.4207894411118,1039.9430175642883,2323.5970932544114,462.68401625000087,449.8534641666674,112.11041362806536,0.19571428571428573,0.24571428571428572,0.0
PHASE 2,845,676800,676,1809.4207894411122,1039.9430175642883,2323.5970932544114,462.6840162500008,449.8534641666674,112.11041362806533,0.19571428571428573,0.24571428571428572,0.0
PHASE 2,846,677600,676,1809.4207894411122,1039.9430175642883,2323.5970932544114,462.6840162500008,449.8534641666674,112.11041362806533,0.19571428571428573,0.24571428571428572,0.0
PHASE 2,847,678400,676,1809.4207894411122,1039.9430175642883,2323.5970932544114,462.6840162500008,449.8534641666674,112.11041362806533,0.19571428571428573,0.24571428571428572,0.0
PHASE 2,848,679200,676,1809.4207894411122,1039.9430175642883,2323.5970932544114,462.6840162500008,449.8534641666674,112.11041362806533,0.19571428571428573,0.24571428571428572,0.0
PHASE 2,849,680000,680,1831.074929289922,1039.9430175642883,2323.9892350345162,468.99224833333415,455.6839779166674,113.29983788000001,0.19571428571428573,0.24571428571428572,0.0
PHASE 2,850,680800,680,1831.0749292899218,1039.9430175642883,2323.9892350345162,468.9922483333341,455.68397791666735,113.29983788000001,0.19571428571428573,0.24571428571428572,0.0
PHASE 2,851,681600,680,1831.0749292899218,1039.9430175642883,2323.9892350345162,468.9922483333341,455.68397791666735,113.29983788000001,0.19571428571428573,0.24571428571428572,0.0
PHASE 2,852,682400,680,1831.0749292899218,1039.9430175642883,2323.9892350345162,468.9922483333341,455.68397791666735,113.29983788000001,0.19571428571428573,0.24571428571428572,0.0
PHASE 2,853,683200,680,1831.0749292899218,1039.9430175642883,2323.9892350345162,468.9922483333341,455.68397791666735,113.29983788000001,0.19571428571428573,0.24571428571428572,0.0
PHASE 2,854,684000,684,1835.762207934494,1039.9430175642883,2323.9892350345162,469.3276500000008,456.2223175000007,113.77653005432168,0.19571428571428573,0.24571428571428572,0.0
PHASE 2,855,684800,684,1835.7622079344944,1039.9430175642883,2323.9892350345162,469.3276500000008,456.22231750000077,113.77653005432168,0.19571428571428573,0.24571428571428572,0.0
PHASE 2,856,685600,684,1835.7622079344944,1039.9430175642883,2323.9892350345162,469.3276500000008,456.22231750000077,113.77653005432168,0.19571428571428573,0.24571428571428572,0.0
PHASE 2,857,686400,684,1835.7622079344944,1039.9430175642883,2323.9892350345162,469.3276500000008,456.22231750000077,113.77653005432168,0.19571428571428573,0.24571428571428572,0.0
PHASE 2,858,687200,684,1835.7622079344944,1039.9430175642883,2323.9892350345162,469.3276500000008,456.22231750000077,113.77653005432168,0.19571428571428573,0.24571428571428572,0.0
PHASE 2,859,688000,688,1840.6770486496553,1039.9430175642883,2323.9892350345162,471.33849833333414,457.4953762500008,113.98039675830016,0.19571428571428573,0.24571428571428572,0.0
PHASE 2,860,688800,688,1840.6770486496553,1039.9430175642883,2323.9892350345162,471.33849833333414,457.4953762500008,113.98039675830016,0.19571428571428573,0.24571428571428572,0.0
PHASE 2,861,689600,688,1840.6770486496553,1039.9430175642883,2323.9892350345162,471.33849833333414,457.4953762500008,113.98039675830016,0.19571428571428573,0.24571428571428572,0.0
PHASE 2,862,690400,688,1840.6770486496553,1039.9430175642883,2323.9892350345162,471.33849833333414,457.4953762500008,113.98039675830016,0.19571428571428573,0.24571428571428572,0.0
PHASE 2,863,691200,688,1840.6770486496553,1039.9430175642883,2323.9892350345162,471.33849833333414,457.4953762500008,113.98039675830016,0.19571428571428573,0.24571428571428572,0.0
PHASE 2,864,692000,692,1850.4502104667883,1039.9430175642883,2323.9892350345162,471.42186833333415,462.746827083334,114.53518938127516,0.19571428571428573,0.24571428571428572,0.0
PHASE 2,865,692800,692,1850.4502104667883,1039.9430175642883,2323.9892350345162,471.4218683333342,462.74682708333415,114.53518938127516,0.19571428571428573,0.24571428571428572,0.0
PHASE 2,866,693600,692,1850.4502104667883,1039.9430175642883,2323.9892350345162,471.4218683333342,462.74682708333415,114.53518938127516,0.19571428571428573,0.24571428571428572,0.0
PHASE 2,867,694400,692,1850.4502104667883,1039.9430175642883,2323.9892350345162,471.4218683333342,462.74682708333415,114.53518938127516,0.19571428571428573,0.24571428571428572,0.0
PHASE 2,868,695200,692,1850.4502104667883,1039.9430175642883,2323.9892350345162,471.4218683333342,462.74682708333415,114.53518938127516,0.19571428571428573,0.24571428571428572,0.0
PHASE 2,869,696000,696,1857.1671600157435,1115.167256279923,2323.9892350345162,473.27829125000085,464.2127075000008,114.95952015822803,0.19571428571428573,0.24571428571428572,0.0
PHASE 2,870,696800,696,1857.1671600157433,1115.167256279923,2323.9892350345162,473.2782912500008,464.21270750000076,114.95952015822803,0.19571428571428573,0.24571428571428572,0.0
PHASE 2,871,697600,696,1857.1671600157433,1115.167256279923,2323.9892350345162,473.2782912500008,464.21270750000076,114.95952015822803,0.19571428571428573,0.24571428571428572,0.0
PHASE 2,872,698400,696,1857.1671600157433,1115.167256279923,2323.9892350345162,473.2782912500008,464.21270750000076,114.95952015822803,0.19571428571428573,0.24571428571428572,0.0
PHASE 2,873,699200,696,1857.1671600157433,1115.167256279923,2323.9892350345162,473.2782912500008,464.21270750000076,114.95952015822803,0.19571428571428573,0.24571428571428572,0.0
PHASE 2,874,700000,700,1860.5480681311121,1115.167256279923,2323.9892350345162,470.8410712500008,468.34216500000076,115.17060398514923,0.19571428571428573,0.24571428571428572,0.0
PHASE 2,875,700800,700,1860.548068131112,1115.167256279923,2323.9892350345162,470.84107125000065,468.34216500000076,115.17060398514921,0.19571428571428573,0.24571428571428572,0.0
PHASE 2,876,701600,700,1860.548068131112,1115.167256279923,2323.9892350345162,470.84107125000065,468.34216500000076,115.17060398514921,0.19571428571428573,0.24571428571428572,0.0
PHASE 2,877,702400,700,1860.548068131112,1115.167256279923,2323.9892350345162,470.84107125000065,468.34216500000076,115.17060398514921,0.19571428571428573,0.24571428571428572,0.0
PHASE 2,878,703200,700,1860.548068131112,1115.167256279923,2323.9892350345162,470.84107125000065,468.34216500000076,115.17060398514921,0.19571428571428573,0.24571428571428572,0.0
PHASE 2,879,704000,704,1866.2545925081486,1115.167256279923,2323.9892350345162,469.994209583334,471.40626333333404,115.60676494894565,0.19571428571428573,0.24571428571428572,0.0
PHASE 2,880,704800,704,1866.2545925081486,1115.167256279923,2323.9892350345162,469.9942095833341,471.40626333333404,115.60676494894565,0.19571428571428573,0.24571428571428572,0.0
PHASE 2,881,705600,704,1866.2545925081486,1115.167256279923,2323.9892350345162,469.9942095833341,471.40626333333404,115.60676494894565,0.19571428571428573,0.24571428571428572,0.0
PHASE 2,882,706400,704,1866.2545925081486,1115.167256279923,2323.9892350345162,469.9942095833341,471.40626333333404,115.60676494894565,0.19571428571428573,0.24571428571428572,0.0
PHASE 2,883,707200,704,1866.2545925081486,1115.167256279923,2323.9892350345162,469.9942095833341,471.40626333333404,115.60676494894565,0.19571428571428573,0.24571428571428572,0.0
PHASE 2,884,708000,708,1875.5659872297797,1115.167256279923,2323.9892350345162,472.8065279166674,472.2649612500006,116.3118122578996,0.19571428571428573,0.24571428571428572,0.0
PHASE 2,885,708800,708,1875.56598722978,1115.167256279923,2323.9892350345162,472.8065279166674,472.2649612500007,116.3118122578996,0.19571428571428573,0.24571428571428572,0.0
PHASE 2,886,709600,708,1875.56598722978,1115.167256279923,2323.9892350345162,472.8065279166674,472.2649612500007,116.3118122578996,0.19571428571428573,0.24571428571428572,0.0
PHASE 2,887,710400,708,1875.56598722978,1115.167256279923,2323.9892350345162,472.8065279166674,472.2649612500007,116.3118122578996,0.19571428571428573,0.24571428571428572,0.0
PHASE 2,888,711200,708,1875.56598722978,1115.167256279923,2323.9892350345162,472.8065279166674,472.2649612500007,116.3118122578996,0.19571428571428573,0.24571428571428572,0.0
PHASE 2,889,712000,712,1876.4344638393218,1115.167256279923,2323.9892350345162,469.39142375000074,476.535399583334,116.31345506325896,0.19571428571428573,0.24571428571428572,0.0
PHASE 2,890,712800,712,1876.4344638393218,1115.167256279923,2323.9892350345162,469.39142375000074,476.53539958333414,116.31345506325896,0.19571428571428573,0.24571428571428572,0.0
PHASE 2,891,713600,712,1876.4344638393218,1115.167256279923,2323.9892350345162,469.39142375000074,476.53539958333414,116.31345506325896,0.19571428571428573,0.24571428571428572,0.0
PHASE 2,892,714400,712,1876.4344638393218,1115.167256279923,2323.9892350345162,469.39142375000074,476.53539958333414,116.31345506325896,0.19571428571428573,0.24571428571428572,0.0
PHASE 2,893,715200,712,1876.4344638393218,1115.167256279923,2323.9892350345162,469.39142375000074,476.53539958333414,116.31345506325896,0.19571428571428573,0.24571428571428572,0.0
PHASE 2,894,716000,716,1885.9962665096825,1115.167256279923,2323.9892350345162,470.4026445833341,480.2549429166675,116.91733487622078,0.19571428571428573,0.24571428571428572,0.0
PHASE 2,895,716800,716,1885.9962665096828,1115.167256279923,2323.9892350345162,470.40264458333417,480.2549429166674,116.91733487622078,0.19571428571428573,0.24571428571428572,0.0
PHASE 2,896,717600,716,1885.9962665096828,1115.167256279923,2323.9892350345162,470.40264458333417,480.2549429166674,116.91733487622078,0.19571428571428573,0.24571428571428572,0.0
PHASE 2,897,718400,716,1885.9962665096828,1115.167256279923,2323.9892350345162,470.40264458333417,480.2549429166674,116.91733487622078,0.19571428571428573,0.24571428571428572,0.0
PHASE 2,898,719200,716,1885.9962665096828,1115.167256279923,2323.9892350345162,470.40264458333417,480.2549429166674,116.91733487622078,0.19571428571428573,0.24571428571428572,0.0
PHASE 2,899,720000,720,1887.9564625984856,1115.167256279923,2323.9892350345162,469.6179237500008,482.12256750000074,117.02699641857122,0.19571428571428573,0.24571428571428572,0.0
PHASE 2,900,720800,720,1887.9564625984856,1115.167256279923,2323.9892350345162,469.6179237500008,482.12256750000074,117.02699641857122,0.19571428571428573,0.24571428571428572,0.0
PHASE 2,901,721600,720,1887.9564625984856,1115.167256279923,2323.9892350345162,469.6179237500008,482.12256750000074,117.02699641857122,0.19571428571428573,0.24571428571428572,0.0
PHASE 2,902,722400,720,1887.9564625984856,1115.167256279923,2323.9892350345162,469.6179237500008,482.12256750000074,117.02699641857122,0.19571428571428573,0.24571428571428572,0.0
PHASE 2,903,723200,720,1887.9564625984856,1115.167256279923,2323.9892350345162,469.6179237500008,482.12256750000074,117.02699641857122,0.19571428571428573,0.24571428571428572,0.0
PHASE 2,904,724000,724,1901.3629514691138,1223.6815400242594,2323.9892350345162,475.4857095833341,483.19167291666747,117.83569612114968,0.19571428571428573,0.24571428571428572,0.0
PHASE 2,905,724800,724,1901.3629514691136,1223.6815400242594,2323.9892350345162,475.4857095833341,483.1916729166673,117.83569612114967,0.19571428571428573,0.24571428571428572,0.0
PHASE 2,906,725600,724,1901.3629514691136,1223.6815400242594,2323.9892350345162,475.4857095833341,483.1916729166673,117.83569612114967,0.19571428571428573,0.24571428571428572,0.0
PHASE 2,907,726400,724,1901.3629514691136,1223.6815400242594,2323.9892350345162,475.4857095833341,483.1916729166673,117.83569612114967,0.19571428571428573,0.24571428571428572,0.0
PHASE 2,908,727200,724,1901.3629514691136,1223.6815400242594,2323.9892350345162,475.4857095833341,483.1916729166673,117.83569612114967,0.19571428571428573,0.24571428571428572,0.0
PHASE 2,909,728000,728,1899.1210642316246,1223.6815400242594,2323.9892350345162,474.96361833333407,484.96025083333393,117.39964938313038,0.19571428571428573,0.24571428571428572,0.0
PHASE 2,910,728800,728,1899.1210642316248,1223.6815400242594,2323.9892350345162,474.96361833333407,484.96025083333404,117.39964938313037,0.19571428571428573,0.24571428571428572,0.0
PHASE 2,911,729600,728,1899.1210642316248,1223.6815400242594,2323.9892350345162,474.96361833333407,484.96025083333404,117.39964938313037,0.19571428571428573,0.24571428571428572,0.0
PHASE 2,912,730400,728,1899.1210642316248,1223.6815400242594,2323.9892350345162,474.96361833333407,484.96025083333404,117.39964938313037,0.19571428571428573,0.24571428571428572,0.0
PHASE 2,913,731200,728,1899.1210642316248,1223.6815400242594,2323.9892350345162,474.96361833333407,484.96025083333404,117.39964938313037,0.19571428571428573,0.24571428571428572,0.0
PHASE 2,914,732000,732,1901.6258325949334,1223.6815400242594,2323.9892350345162,475.14219750000075,486.52015708333397,117.49543475146065,0.19571428571428573,0.24571428571428572,0.0
PHASE 2,915,732800,732,1901.6258325949339,1223.6815400242594,2323.9892350345162,475.14219750000075,486.52015708333397,117.49543475146064,0.19571428571428573,0.24571428571428572,0.0
PHASE 2,916,733600,732,1901.6258325949339,1223.6815400242594,2323.9892350345162,475.14219750000075,486.52015708333397,117.49543475146064,0.19571428571428573,0.24571428571428572,0.0
PHASE 2,917,734400,732,1901.6258325949339,1223.6815400242594,2323.9892350345162,475.14219750000075,486.52015708333397,117.49543475146064,0.19571428571428573,0.24571428571428572,0.0
PHASE 2,918,735200,732,1901.6258325949339,1223.6815400242594,2323.9892350345162,475.14219750000075,486.52015708333397,117.49543475146064,0.19571428571428573,0.24571428571428572,0.0
PHASE 2,919,736000,736,1898.7870715486722,1223.6815400242594,2323.9892350345162,478.91723541666744,480.6170708333341,117.40659566234473,0.19571428571428573,0.24571428571428572,0.0
PHASE 2,920,736800,736,1898.7870715486717,1223.6815400242594,2323.9892350345162,478.9172354166674,480.617070833334,117.40659566234473,0.19571428571428573,0.24571428571428572,0.0
PHASE 2,921,737600,736,1898.7870715486717,1223.6815400242594,2323.9892350345162,478.9172354166674,480.617070833334,117.40659566234473,0.19571428571428573,0.24571428571428572,0.0
PHASE 2,922,738400,736,1898.7870715486717,1223.6815400242594,2323.9892350345162,478.9172354166674,480.617070833334,117.40659566234473,0.19571428571428573,0.24571428571428572,0.0
PHASE 2,923,739200,736,1898.7870715486717,1223.6815400242594,2323.9892350345162,478.9172354166674,480.617070833334,117.40659566234473,0.19571428571428573,0.24571428571428572,0.0
PHASE 2,924,740000,740,1884.2339920772904,1223.6815400242594,2323.9892350345162,478.677073333334,472.6763700000007,116.61006859300534,0.19571428571428573,0.24571428571428572,0.0
PHASE 2,925,740800,740,1884.2339920772906,1223.6815400242594,2323.9892350345162,478.677073333334,472.6763700000007,116.61006859300534,0.19571428571428573,0.24571428571428572,0.0
PHASE 2,926,741600,740,1884.2339920772906,1223.6815400242594,2323.9892350345162,478.677073333334,472.6763700000007,116.61006859300534,0.19571428571428573,0.24571428571428572,0.0
PHASE 2,927,742400,740,1884.2339920772906,1223.6815400242594,2323.9892350345162,478.677073333334,472.6763700000007,116.61006859300534,0.19571428571428573,0.24571428571428572,0.0
PHASE 2,928,743200,740,1884.2339920772906,1223.6815400242594,2323.9892350345162,478.677073333334,472.6763700000007,116.61006859300534,0.19571428571428573,0.24571428571428572,0.0
PHASE 2,929,744000,744,1882.592608123287,1223.6815400242594,2323.9892350345162,477.01284375000074,472.69409916666734,116.61070815083828,0.19571428571428573,0.24571428571428572,0.0
PHASE 2,930,744800,744,1882.592608123287,1223.6815400242594,2323.9892350345162,477.01284375000074,472.69409916666734,116.61070815083828,0.19571428571428573,0.24571428571428572,0.0
PHASE 2,931,745600,744,1882.592608123287,1223.6815400242594,2323.9892350345162,477.01284375000074,472.69409916666734,116.61070815083828,0.19571428571428573,0.24571428571428572,0.0
PHASE 2,932,746400,744,1882.592608123287,1223.6815400242594,2323.9892350345162,477.01284375000074,472.69409916666734,116.61070815083828,0.19571428571428573,0.24571428571428572,0.0
PHASE 2,933,747200,744,1882.592608123287,1223.6815400242594,2323.9892350345162,477.01284375000074,472.69409916666734,116.61070815083828,0.19571428571428573,0.24571428571428572,0.0
PHASE 2,934,748000,748,1898.8900089282374,1319.2456839179604,2323.9892350345162,481.05315541666744,477.95756333333406,117.48491127229049,0.19571428571428573,0.24571428571428572,0.0
PHASE 2,935,748800,748,1898.8900089282376,1319.2456839179604,2323.9892350345162,481.05315541666744,477.95756333333406,117.48491127229049,0.19571428571428573,0.24571428571428572,0.0
PHASE 2,936,749600,748,1898.8900089282376,1319.2456839179604,2323.9892350345162,481.05315541666744,477.95756333333406,117.48491127229049,0.19571428571428573,0.24571428571428572,0.0
PHASE 2,937,750400,748,1898.8900089282376,1319.2456839179604,2323.9892350345162,481.05315541666744,477.95756333333406,117.48491127229049,0.19571428571428573,0.24571428571428572,0.0
PHASE 2,938,751200,748,1898.8900089282376,1319.2456839179604,2323.9892350345162,481.05315541666744,477.95756333333406,117.48491127229049,0.19571428571428573,0.24571428571428572,0.0
PHASE 2,939,752000,752,1902.0078386404653,1319.2456839179604,2476.059220850286,484.59634125000076,475.4466641666674,117.74560415298572,0.19571428571428573,0.24571428571428572,0.0
PHASE 2,940,752800,752,1902.0078386404657,1319.2456839179604,2476.059220850286,484.59634125000076,475.4466641666674,117.74560415298572,0.19571428571428573,0.24571428571428572,0.0
PHASE 2,941,753600,752,1902.0078386404657,1319.2456839179604,2476.059220850286,484.59634125000076,475.4466641666674,117.74560415298572,0.19571428571428573,0.24571428571428572,0.0
PHASE 2,942,754400,752,1902.0078386404657,1319.2456839179604,2476.059220850286,484.59634125000076,475.4466641666674,117.74560415298572,0.19571428571428573,0.24571428571428572,0.0
PHASE 2,943,755200,752,1902.0078386404657,1319.2456839179604,2476.059220850286,484.59634125000076,475.4466641666674,117.74560415298572,0.19571428571428573,0.24571428571428572,0.0
PHASE 2,944,756000,756,1893.2350767766045,1319.2456839179604,2476.059220850286,485.3104487500007,470.6598063541675,117.15810270906579,0.19571428571428573,0.24571428571428572,0.0
PHASE 2,945,756800,756,1893.235076776604,1319.2456839179604,2476.059220850286,485.3104487500007,470.65980635416736,117.15810270906577,0.19571428571428573,0.24571428571428572,0.0
PHASE 2,946,757600,756,1893.235076776604,1319.2456839179604,2476.059220850286,485.3104487500007,470.65980635416736,117.15810270906577,0.19571428571428573,0.24571428571428572,0.0
PHASE 2,947,758400,756,1893.235076776604,1319.2456839179604,2476.059220850286,485.3104487500007,470.65980635416736,117.15810270906577,0.19571428571428573,0.24571428571428572,0.0
PHASE 2,948,759200,756,1893.235076776604,1319.2456839179604,2476.059220850286,485.3104487500007,470.65980635416736,117.15810270906577,0.19571428571428573,0.24571428571428572,0.0
PHASE 2,949,760000,760,1892.0292880803004,1319.2456839179604,2476.059220850286,485.4585275000007,470.00335302083397,117.07092594494443,0.19571428571428573,0.24571428571428572,0.0
PHASE 2,950,760800,760,1892.0292880803004,1319.2456839179604,2476.059220850286,485.4585275000008,470.00335302083397,117.07092594494443,0.19571428571428573,0.24571428571428572,0.0
PHASE 2,951,761600,760,1892.0292880803004,1319.2456839179604,2476.059220850286,485.4585275000008,470.00335302083397,117.07092594494443,0.19571428571428573,0.24571428571428572,0.0
PHASE 2,952,762400,760,1892.0292880803004,1319.2456839179604,2476.059220850286,485.4585275000008,470.00335302083397,117.07092594494443,0.19571428571428573,0.24571428571428572,0.0
PHASE 2,953,763200,760,1892.0292880803004,1319.2456839179604,2476.059220850286,485.4585275000008,470.00335302083397,117.07092594494443,0.19571428571428573,0.24571428571428572,0.0
PHASE 2,954,764000,764,1895.1670701875364,1112.4218090513084,2476.059220850286,482.81621666666746,473.199886770834,117.39387084376544,0.19571428571428573,0.24571428571428572,0.0
PHASE 2,955,764800,764,1895.1670701875364,1112.4218090513084,2476.059220850286,482.81621666666746,473.19988677083404,117.39387084376544,0.19571428571428573,0.24571428571428572,0.0
PHASE 2,956,765600,764,1895.1670701875364,1112.4218090513084,2476.059220850286,482.81621666666746,473.19988677083404,117.39387084376544,0.19571428571428573,0.24571428571428572,0.0
PHASE 2,957,766400,764,1895.1670701875364,1112.4218090513084,2476.059220850286,482.81621666666746,473.19988677083404,117.39387084376544,0.19571428571428573,0.24571428571428572,0.0
PHASE 2,958,767200,764,1895.1670701875364,1112.4218090513084,2476.059220850286,482.81621666666746,473.19988677083404,117.39387084376544,0.19571428571428573,0.24571428571428572,0.0
PHASE 2,959,768000,768,1909.492440105524,1112.4218090513084,2476.059220850286,488.5050420833341,474.62816510416735,118.29490411476392,0.19571428571428573,0.24571428571428572,0.0
PHASE 2,960,768800,768,1909.4924401055248,1112.4218090513084,2476.059220850286,488.50504208333405,474.6281651041674,118.29490411476392,0.19571428571428573,0.24571428571428572,0.0
PHASE 2,961,769600,768,1909.4924401055248,1112.4218090513084,2476.059220850286,488.50504208333405,474.6281651041674,118.29490411476392,0.19571428571428573,0.24571428571428572,0.0
PHASE 2,962,770400,768,1909.4924401055248,1112.4218090513084,2476.059220850286,488.50504208333405,474.6281651041674,118.29490411476392,0.19571428571428573,0.24571428571428572,0.0
PHASE 2,963,771200,768,1909.4924401055248,1112.4218090513084,2476.059220850286,488.50504208333405,474.6281651041674,118.29490411476392,0.19571428571428573,0.24571428571428572,0.0
PHASE 2,964,772000,772,1912.6694924434405,1112.4218090513084,2476.059220850286,490.74112500000075,474.461905520834,118.43330774033679,0.19571428571428573,0.24571428571428572,0.0
PHASE 2,965,772800,772,1912.6694924434405,1112.4218090513084,2476.059220850286,490.74112500000075,474.4619055208342,118.4333077403368,0.19571428571428573,0.24571428571428572,0.0
PHASE 2,966,773600,772,1912.6694924434405,1112.4218090513084,2476.059220850286,490.74112500000075,474.4619055208342,118.4333077403368,0.19571428571428573,0.24571428571428572,0.0
PHASE 2,967,774400,772,1912.6694924434405,1112.4218090513084,2476.059220850286,490.74112500000075,474.4619055208342,118.4333077403368,0.19571428571428573,0.24571428571428572,0.0
PHASE 2,968,775200,772,1912.6694924434405,1112.4218090513084,2476.059220850286,490.74112500000075,474.4619055208342,118.4333077403368,0.19571428571428573,0.24571428571428572,0.0
PHASE 2,969,776000,776,1915.8393104672903,1112.4218090513084,2476.059220850286,489.3446379166674,477.48270635416753,118.62649577456821,0.19571428571428573,0.24571428571428572,0.0
PHASE 2,970,776800,776,1915.8393104672903,1112.4218090513084,2476.059220850286,489.34463791666735,477.4827063541675,118.6264957745682,0.19571428571428573,0.24571428571428572,0.0
PHASE 2,971,777600,776,1915.8393104672903,1112.4218090513084,2476.059220850286,489.34463791666735,477.4827063541675,118.6264957745682,0.19571428571428573,0.24571428571428572,0.0
PHASE 2,972,778400,776,1915.8393104672903,1112.4218090513084,2476.059220850286,489.34463791666735,477.4827063541675,118.6264957745682,0.19571428571428573,0.24571428571428572,0.0
PHASE 2,973,779200,776,1915.8393104672903,1112.4218090513084,2476.059220850286,489.34463791666735,477.4827063541675,118.6264957745682,0.19571428571428573,0.24571428571428572,0.0
PHASE 2,974,780000,780,1908.3500516184763,1112.4218090513084,2476.059220850286,487.45605083333396,475.37935552083417,118.1893306580498,0.19571428571428573,0.24571428571428572,0.0
PHASE 2,975,780800,780,1908.3500516184763,1112.4218090513084,2476.059220850286,487.4560508333341,475.37935552083417,118.1893306580498,0.19571428571428573,0.24571428571428572,0.0
PHASE 2,976,781600,780,1908.3500516184763,1112.4218090513084,2476.059220850286,487.4560508333341,475.37935552083417,118.1893306580498,0.19571428571428573,0.24571428571428572,0.0
PHASE 2,977,782400,780,1908.3500516184763,1112.4218090513084,2476.059220850286,487.4560508333341,475.37935552083417,118.1893306580498,0.19571428571428573,0.24571428571428572,0.0
PHASE 2,978,783200,780,1908.3500516184763,1112.4218090513084,2476.059220850286,487.4560508333341,475.37935552083417,118.1893306580498,0.19571428571428573,0.24571428571428572,0.0
PHASE 2,979,784000,784,1914.7436755881147,1112.4218090513084,2476.059220850286,490.47952833333403,476.8723301041674,118.42397714383799,0.19571428571428573,0.24571428571428572,0.0
PHASE 2,980,784800,784,1914.7436755881147,1112.4218090513084,2476.059220850286,490.47952833333414,476.8723301041674,118.42397714383799,0.19571428571428573,0.24571428571428572,0.0
PHASE 2,981,785600,784,1914.7436755881147,1112.4218090513084,2476.059220850286,490.47952833333414,476.8723301041674,118.42397714383799,0.19571428571428573,0.24571428571428572,0.0
PHASE 2,982,786400,784,1914.7436755881147,1112.4218090513084,2476.059220850286,490.47952833333414,476.8723301041674,118.42397714383799,0.19571428571428573,0.24571428571428572,0.0
PHASE 2,983,787200,784,1914.7436755881147,1112.4218090513084,2476.059220850286,490.47952833333414,476.8723301041674,118.42397714383799,0.19571428571428573,0.24571428571428572,0.0
PHASE 2,984,788000,788,1914.0477388951642,1112.4218090513084,2476.059220850286,489.70729625000087,476.9533726041674,118.42338375513587,0.19571428571428573,0.24571428571428572,0.0
PHASE 2,985,788800,788,1914.0477388951642,1112.4218090513084,2476.059220850286,489.70729625000075,476.9533726041674,118.42338375513587,0.19571428571428573,0.24571428571428572,0.0
PHASE 2,986,789600,788,1914.0477388951642,1112.4218090513084,2476.059220850286,489.70729625000075,476.9533726041674,118.42338375513587,0.19571428571428573,0.24571428571428572,0.0
PHASE 2,987,790400,788,1914.0477388951642,1112.4218090513084,2476.059220850286,489.70729625000075,476.9533726041674,118.42338375513587,0.19571428571428573,0.24571428571428572,0.0
PHASE 2,988,791200,788,1914.0477388951642,1112.4218090513084,2476.059220850286,489.70729625000075,476.9533726041674,118.42338375513587,0.19571428571428573,0.24571428571428572,0.0
PHASE 2,989,792000,792,1911.1041162838478,1112.4218090513084,2476.059220850286,487.82185083333405,476.7570609375006,118.315650564138,0.19571428571428573,0.24571428571428572,0.0
PHASE 2,990,792800,792,1911.1041162838478,1112.4218090513084,2476.059220850286,487.8218508333341,476.75706093750074,118.31565056413801,0.19571428571428573,0.24571428571428572,0.0
PHASE 2,991,793600,792,1911.1041162838478,1112.4218090513084,2476.059220850286,487.8218508333341,476.75706093750074,118.31565056413801,0.19571428571428573,0.24571428571428572,0.0
PHASE 2,992,794400,792,1911.1041162838478,1112.4218090513084,2476.059220850286,487.8218508333341,476.75706093750074,118.31565056413801,0.19571428571428573,0.24571428571428572,0.0
PHASE 2,993,795200,792,1911.1041162838478,1112.4218090513084,2476.059220850286,487.8218508333341,476.75706093750074,118.31565056413801,0.19571428571428573,0.24571428571428572,0.0
PHASE 2,994,796000,796,1916.2714398659207,1112.4218090513084,2476.059220850286,488.98626041666745,477.2966280208341,118.74856892856359,0.19571428571428573,0.24571428571428572,0.0
PHASE 2,995,796800,796,1916.2714398659207,1112.4218090513084,2476.059220850286,488.98626041666733,477.296628020834,118.74856892856361,0.19571428571428573,0.24571428571428572,0.0
PHASE 2,996,797600,796,1916.2714398659207,1112.4218090513084,2476.059220850286,488.98626041666733,477.296628020834,118.74856892856361,0.19571428571428573,0.24571428571428572,0.0
PHASE 2,997,798400,796,1916.2714398659207,1112.4218090513084,2476.059220850286,488.98626041666733,477.296628020834,118.74856892856361,0.19571428571428573,0.24571428571428572,0.0
PHASE 2,998,799200,796,1916.2714398659207,1112.4218090513084,2476.059220850286,488.98626041666733,477.296628020834,118.74856892856361,0.19571428571428573,0.24571428571428572,0.0
PHASE 2,999,800000,800,1930.2547896580406,1112.4218090513084,2476.059220850286,494.2115462500007,479.277605520834,119.59570473591182,0.19571428571428573,0.24571428571428572,0.0
PHASE 2,1000,800800,800,1930.2547896580402,1112.4218090513084,2476.059220850286,494.2115462500007,479.27760552083413,119.59570473591182,0.19571428571428573,0.24571428571428572,0.0
PHASE 2,1001,801600,800,1930.2547896580402,1112.4218090513084,2476.059220850286,494.2115462500007,479.27760552083413,119.59570473591182,0.19571428571428573,0.24571428571428572,0.0
PHASE 2,1002,802400,800,1930.2547896580402,1112.4218090513084,2476.059220850286,494.2115462500007,479.27760552083413,119.59570473591182,0.19571428571428573,0.24571428571428572,0.0
PHASE 2,1003,803200,800,1930.2547896580402,1112.4218090513084,2476.059220850286,494.2115462500007,479.27760552083413,119.59570473591182,0.19571428571428573,0.24571428571428572,0.0
PHASE 2,1004,804000,804,1925.8818194504208,1112.4218090513084,2476.059220850286,495.968080833334,475.71377385416747,119.27499559537603,0.19571428571428573,0.24571428571428572,0.0
PHASE 2,1005,804800,804,1925.8818194504208,1112.4218090513084,2476.059220850286,495.9680808333341,475.71377385416747,119.27499559537603,0.19571428571428573,0.24571428571428572,0.0
PHASE 2,1006,805600,804,1925.8818194504208,1112.4218090513084,2476.059220850286,495.9680808333341,475.71377385416747,119.27499559537603,0.19571428571428573,0.24571428571428572,0.0
PHASE 2,1007,806400,804,1925.8818194504208,1112.4218090513084,2476.059220850286,495.9680808333341,475.71377385416747,119.27499559537603,0.19571428571428573,0.24571428571428572,0.0
PHASE 2,1008,807200,804,1925.8818194504208,1112.4218090513084,2476.059220850286,495.9680808333341,475.71377385416747,119.27499559537603,0.19571428571428573,0.24571428571428572,0.0
PHASE 2,1009,808000,808,1924.060975350521,1112.4218090513084,2476.059220850286,493.06417708333413,477.94032177083415,119.13205956205529,0.19571428571428573,0.24571428571428572,0.0
PHASE 2,1010,808800,808,1924.0609753505216,1112.4218090513084,2476.059220850286,493.06417708333424,477.94032177083403,119.13205956205529,0.19571428571428573,0.24571428571428572,0.0
PHASE 2,1011,809600,808,1924.0609753505216,1112.4218090513084,2476.059220850286,493.06417708333424,477.94032177083403,119.13205956205529,0.19571428571428573,0.24571428571428572,0.0
PHASE 2,1012,810400,808,1924.0609753505216,1112.4218090513084,2476.059220850286,493.06417708333424,477.94032177083403,119.13205956205529,0.19571428571428573,0.24571428571428572,0.0
PHASE 2,1013,811200,808,1924.0609753505216,1112.4218090513084,2476.059220850286,493.06417708333424,477.94032177083403,119.13205956205529,0.19571428571428573,0.24571428571428572,0.0
PHASE 2,1014,812000,812,1939.7848519280517,1112.4218090513084,2614.2415497060997,502.1377400000008,477.89593718750075,119.9688968425799,0.19571428571428573,0.24571428571428572,0.0
PHASE 2,1015,812800,812,1939.7848519280512,1112.4218090513084,2614.2415497060997,502.1377400000008,477.8959371875007,119.96889684257991,0.19571428571428573,0.24571428571428572,0.0
PHASE 2,1016,813600,812,1939.7848519280512,1112.4218090513084,2614.2415497060997,502.1377400000008,477.8959371875007,119.96889684257991,0.19571428571428573,0.24571428571428572,0.0
PHASE 2,1017,814400,812,1939.7848519280512,1112.4218090513084,2614.2415497060997,502.1377400000008,477.8959371875007,119.96889684257991,0.19571428571428573,0.24571428571428572,0.0
PHASE 2,1018,815200,812,1939.7848519280512,1112.4218090513084,2614.2415497060997,502.1377400000008,477.8959371875007,119.96889684257991,0.19571428571428573,0.24571428571428572,0.0
PHASE 2,1019,816000,816,1944.904444804556,1112.4218090513084,2614.2415497060997,504.7172741666675,479.0597188541674,120.14093147297622,0.19571428571428573,0.24571428571428572,0.0
PHASE 2,1020,816800,816,1944.9044448045563,1112.4218090513084,2614.2415497060997,504.7172741666673,479.0597188541674,120.14093147297625,0.19571428571428573,0.24571428571428572,0.0
PHASE 2,1021,817600,816,1944.9044448045563,1112.4218090513084,2614.2415497060997,504.7172741666673,479.0597188541674,120.14093147297625,0.19571428571428573,0.24571428571428572,0.0
PHASE 2,1022,818400,816,1944.9044448045563,1112.4218090513084,2614.2415497060997,504.7172741666673,479.0597188541674,120.14093147297625,0.19571428571428573,0.24571428571428572,0.0
PHASE 2,1023,819200,816,1944.9044448045563,1112.4218090513084,2614.2415497060997,504.7172741666673,479.0597188541674,120.14093147297625,0.19571428571428573,0.24571428571428572,0.0
PHASE 2,1024,820000,820,1954.3750119085907,1112.4218090513084,2614.2415497060997,509.83267000000063,479.81057135416734,120.59147131931385,0.19571428571428573,0.24571428571428572,0.0
PHASE 2,1025,820800,820,1954.3750119085907,1112.4218090513084,2614.2415497060997,509.83267000000075,479.81057135416734,120.59147131931385,0.19571428571428573,0.24571428571428572,0.0
PHASE 2,1026,821600,820,1954.3750119085907,1112.4218090513084,2614.2415497060997,509.83267000000075,479.81057135416734,120.59147131931385,0.19571428571428573,0.24571428571428572,0.0
PHASE 2,1027,822400,820,1954.3750119085907,1112.4218090513084,2614.2415497060997,509.83267000000075,479.81057135416734,120.59147131931385,0.19571428571428573,0.24571428571428572,0.0
PHASE 2,1028,823200,820,1954.3750119085907,1112.4218090513084,2614.2415497060997,509.83267000000075,479.81057135416734,120.59147131931385,0.19571428571428573,0.24571428571428572,0.0
PHASE 2,1029,824000,824,1958.540841574034,1112.4218090513084,2614.2415497060997,512.685175833334,479.7123296875007,120.76791700666101,0.19571428571428573,0.24571428571428572,0.0
PHASE 2,1030,824800,824,1958.5408415740342,1112.4218090513084,2614.2415497060997,512.685175833334,479.71232968750076,120.76791700666101,0.19571428571428573,0.24571428571428572,0.0
PHASE 2,1031,825600,824,1958.5408415740342,1112.4218090513084,2614.2415497060997,512.685175833334,479.71232968750076,120.76791700666101,0.19571428571428573,0.24571428571428572,0.0
PHASE 2,1032,826400,824,1958.5408415740342,1112.4218090513084,2614.2415497060997,512.685175833334,479.71232968750076,120.76791700666101,0.19571428571428573,0.24571428571428572,0.0
PHASE 2,1033,827200,824,1958.5408415740342,1112.4218090513084,2614.2415497060997,512.685175833334,479.71232968750076,120.76791700666101,0.19571428571428573,0.24571428571428572,0.0
PHASE 2,1034,828000,828,1965.7176526547441,1112.4218090513084,2614.2415497060997,511.53554875000077,483.72875385416745,121.30666875633307,0.19571428571428573,0.24571428571428572,0.0
PHASE 2,1035,828800,828,1965.717652654744,1112.4218090513084,2614.2415497060997,511.5355487500008,483.72875385416745,121.30666875633305,0.19571428571428573,0.24571428571428572,0.0
PHASE 2,1036,829600,828,1965.717652654744,1112.4218090513084,2614.2415497060997,511.5355487500008,483.72875385416745,121.30666875633305,0.19571428571428573,0.24571428571428572,0.0
PHASE 2,1037,830400,828,1965.717652654744,1112.4218090513084,2614.2415497060997,511.5355487500008,483.72875385416745,121.30666875633305,0.19571428571428573,0.24571428571428572,0.0
PHASE 2,1038,831200,828,1965.717652654744,1112.4218090513084,2614.2415497060997,511.5355487500008,483.72875385416745,121.30666875633305,0.19571428571428573,0.24571428571428572,0.0
PHASE 2,1039,832000,832,1981.242719582962,1112.4218090513084,2744.8766365400083,511.77678125000085,491.06234885416745,122.30044868486046,0.19571428571428573,0.24571428571428572,0.0
PHASE 2,1040,832800,832,1981.2427195829625,1112.4218090513084,2744.8766365400083,511.7767812500008,491.06234885416745,122.30044868486046,0.19571428571428573,0.24571428571428572,0.0
PHASE 2,1041,833600,832,1981.2427195829625,1112.4218090513084,2744.8766365400083,511.7767812500008,491.06234885416745,122.30044868486046,0.19571428571428573,0.24571428571428572,0.0
PHASE 2,1042,834400,832,1981.2427195829625,1112.4218090513084,2744.8766365400083,511.7767812500008,491.06234885416745,122.30044868486046,0.19571428571428573,0.24571428571428572,0.0
PHASE 2,1043,835200,832,1981.2427195829625,1112.4218090513084,2744.8766365400083,511.7767812500008,491.06234885416745,122.30044868486046,0.19571428571428573,0.24571428571428572,0.0
PHASE 2,1044,836000,836,1990.0073218717232,1112.4218090513084,2744.8766365400083,509.3514029166675,499.18927052083404,122.68333105428879,0.19571428571428573,0.24571428571428572,0.0
PHASE 2,1045,836800,836,1990.0073218717232,1112.4218090513084,2744.8766365400083,509.35140291666744,499.18927052083404,122.68333105428879,0.19571428571428573,0.24571428571428572,0.0
PHASE 2,1046,837600,836,1990.0073218717232,1112.4218090513084,2744.8766365400083,509.35140291666744,499.18927052083404,122.68333105428879,0.19571428571428573,0.24571428571428572,0.0
PHASE 2,1047,838400,836,1990.0073218717232,1112.4218090513084,2744.8766365400083,509.35140291666744,499.18927052083404,122.68333105428879,0.19571428571428573,0.24571428571428572,0.0
PHASE 2,1048,839200,836,1990.0073218717232,1112.4218090513084,2744.8766365400083,509.35140291666744,499.18927052083404,122.68333105428879,0.19571428571428573,0.24571428571428572,0.0
PHASE 2,1049,840000,840,2000.3250591764036,1112.4218090513084,2744.8766365400083,510.6024395833341,504.7030013541673,123.12745227987386,0.19571428571428573,0.24571428571428572,0.0
PHASE 2,1050,840800,840,2000.325059176403,1112.4218090513084,2744.8766365400083,510.6024395833342,504.70300135416744,123.12745227987386,0.19571428571428573,0.24571428571428572,0.0
PHASE 2,1051,841600,840,2000.325059176403,1112.4218090513084,2744.8766365400083,510.6024395833342,504.70300135416744,123.12745227987386,0.19571428571428573,0.24571428571428572,0.0
PHASE 2,1052,842400,840,2000.325059176403,1112.4218090513084,2744.8766365400083,510.6024395833342,504.70300135416744,123.12745227987386,0.19571428571428573,0.24571428571428572,0.0
PHASE 2,1053,843200,840,2000.325059176403,1112.4218090513084,2744.8766365400083,510.6024395833342,504.70300135416744,123.12745227987386,0.19571428571428573,0.24571428571428572,0.0
PHASE 2,1054,844000,844,2002.6370220554306,1112.4218090513084,2744.8766365400083,512.1627891666675,505.79868385416745,123.08444362933565,0.19571428571428573,0.24571428571428572,0.0
PHASE 2,1055,844800,844,2002.6370220554302,1112.4218090513084,2744.8766365400083,512.1627891666674,505.79868385416745,123.08444362933565,0.19571428571428573,0.24571428571428572,0.0
PHASE 2,1056,845600,844,2002.6370220554302,1112.4218090513084,2744.8766365400083,512.1627891666674,505.79868385416745,123.08444362933565,0.19571428571428573,0.24571428571428572,0.0
PHASE 2,1057,846400,844,2002.6370220554302,1112.4218090513084,2744.8766365400083,512.1627891666674,505.79868385416745,123.08444362933565,0.19571428571428573,0.24571428571428572,0.0
PHASE 2,1058,847200,844,2002.6370220554302,1112.4218090513084,2744.8766365400083,512.1627891666674,505.79868385416745,123.08444362933565,0.19571428571428573,0.24571428571428572,0.0
PHASE 2,1059,848000,848,2001.9664923640407,1112.4218090513084,2744.8766365400083,510.4855541666675,507.7907179166674,122.96127753509964,0.19571428571428573,0.24571428571428572,0.0
PHASE 2,1060,848800,848,2001.9664923640407,1112.4218090513084,2744.8766365400083,510.48555416666744,507.79071791666735,122.96127753509961,0.19571428571428573,0.24571428571428572,0.0
PHASE 2,1061,849600,848,2001.9664923640407,1112.4218090513084,2744.8766365400083,510.48555416666744,507.79071791666735,122.96127753509961,0.19571428571428573,0.24571428571428572,0.0
PHASE 2,1062,850400,848,2001.9664923640407,1112.4218090513084,2744.8766365400083,510.48555416666744,507.79071791666735,122.96127753509961,0.19571428571428573,0.24571428571428572,0.0
PHASE 2,1063,851200,848,2001.9664923640407,1112.4218090513084,2744.8766365400083,510.48555416666744,507.79071791666735,122.96127753509961,0.19571428571428573,0.24571428571428572,0.0
PHASE 2,1064,852000,852,2000.505152622314,1112.4218090513084,2744.8766365400083,510.4343704166675,508.64264041666735,122.67851772363376,0.19571428571428573,0.24571428571428572,0.0
PHASE 2,1065,852800,852,2000.505152622314,1112.4218090513084,2744.8766365400083,510.43437041666743,508.6426404166674,122.67851772363376,0.19571428571428573,0.24571428571428572,0.0
PHASE 2,1066,853600,852,2000.505152622314,1112.4218090513084,2744.8766365400083,510.43437041666743,508.6426404166674,122.67851772363376,0.19571428571428573,0.24571428571428572,0.0
PHASE 2,1067,854400,852,2000.505152622314,1112.4218090513084,2744.8766365400083,510.43437041666743,508.6426404166674,122.67851772363376,0.19571428571428573,0.24571428571428572,0.0
PHASE 2,1068,855200,852,2000.505152622314,1112.4218090513084,2744.8766365400083,510.43437041666743,508.6426404166674,122.67851772363376,0.19571428571428573,0.24571428571428572,0.0
PHASE 2,1069,856000,856,2024.8428354214816,1112.4218090513084,2744.8766365400083,516.5642650000008,517.3890807291673,123.86118621155052,0.19571428571428573,0.24571428571428572,0.0
PHASE 2,1070,856800,856,2024.8428354214818,1112.4218090513084,2744.8766365400083,516.5642650000008,517.3890807291673,123.86118621155052,0.19571428571428573,0.24571428571428572,0.0
PHASE 2,1071,857600,856,2024.8428354214818,1112.4218090513084,2744.8766365400083,516.5642650000008,517.3890807291673,123.86118621155052,0.19571428571428573,0.24571428571428572,0.0
PHASE 2,1072,858400,856,2024.8428354214818,1112.4218090513084,2744.8766365400083,516.5642650000008,517.3890807291673,123.86118621155052,0.19571428571428573,0.24571428571428572,0.0
PHASE 2,1073,859200,856,2024.8428354214818,1112.4218090513084,2744.8766365400083,516.5642650000008,517.3890807291673,123.86118621155052,0.19571428571428573,0.24571428571428572,0.0
PHASE 2,1074,860000,860,2026.500210346396,1112.4218090513084,2744.8766365400083,515.8574016666676,520.649354895834,123.74918172299816,0.19571428571428573,0.24571428571428572,0.0
PHASE 2,1075,860800,860,2026.5002103463953,1112.4218090513084,2744.8766365400083,515.8574016666674,520.6493548958339,123.74918172299816,0.19571428571428573,0.24571428571428572,0.0
PHASE 2,1076,861600,860,2026.5002103463953,1112.4218090513084,2744.8766365400083,515.8574016666674,520.6493548958339,123.74918172299816,0.19571428571428573,0.24571428571428572,0.0
PHASE 2,1077,862400,860,2026.5002103463953,1112.4218090513084,2744.8766365400083,515.8574016666674,520.6493548958339,123.74918172299816,0.19571428571428573,0.24571428571428572,0.0
PHASE 2,1078,863200,860,2026.5002103463953,1112.4218090513084,2744.8766365400083,515.8574016666674,520.6493548958339,123.74918172299816,0.19571428571428573,0.24571428571428572,0.0
PHASE 2,1079,864000,864,2036.0339353770821,1272.6731711166585,2744.8766365400083,520.9633041666674,522.264731145834,124.10073750808421,0.19571428571428573,0.24571428571428572,0.0
PHASE 2,1080,864800,864,2036.0339353770823,1272.6731711166585,2744.8766365400083,520.9633041666674,522.2647311458339,124.10073750808422,0.19571428571428573,0.24571428571428572,0.0
PHASE 2,1081,865600,864,2036.0339353770823,1272.6731711166585,2744.8766365400083,520.9633041666674,522.2647311458339,124.10073750808422,0.19571428571428573,0.24571428571428572,0.0
PHASE 2,1082,866400,864,2036.0339353770823,1272.6731711166585,2744.8766365400083,520.9633041666674,522.2647311458339,124.10073750808422,0.19571428571428573,0.24571428571428572,0.0
PHASE 2,1083,867200,864,2036.0339353770823,1272.6731711166585,2744.8766365400083,520.9633041666674,522.2647311458339,124.10073750808422,0.19571428571428573,0.24571428571428572,0.0
PHASE 2,1084,868000,868,2029.9881787301285,1272.6731711166585,2744.8766365400083,520.3305079166674,520.0062653125007,123.70642568763171,0.19571428571428573,0.24571428571428572,0.0
PHASE 2,1085,868800,868,2029.9881787301288,1272.6731711166585,2744.8766365400083,520.3305079166674,520.0062653125007,123.70642568763168,0.19571428571428573,0.24571428571428572,0.0
PHASE 2,1086,869600,868,2029.9881787301288,1272.6731711166585,2744.8766365400083,520.3305079166674,520.0062653125007,123.70642568763168,0.19571428571428573,0.24571428571428572,0.0
PHASE 2,1087,870400,868,2029.9881787301288,1272.6731711166585,2744.8766365400083,520.3305079166674,520.0062653125007,123.70642568763168,0.19571428571428573,0.24571428571428572,0.0
PHASE 2,1088,871200,868,2029.9881787301288,1272.6731711166585,2744.8766365400083,520.3305079166674,520.0062653125007,123.70642568763168,0.19571428571428573,0.24571428571428572,0.0
PHASE 2,1089,872000,872,2027.0278887409252,1272.6731711166585,2744.8766365400083,519.1518283333342,520.1296294791673,123.46830386606456,0.19571428571428573,0.24571428571428572,0.0
PHASE 2,1090,872800,872,2027.0278887409245,1272.6731711166585,2744.8766365400083,519.151828333334,520.1296294791674,123.46830386606456,0.19571428571428573,0.24571428571428572,0.0
PHASE 2,1091,873600,872,2027.0278887409245,1272.6731711166585,2744.8766365400083,519.151828333334,520.1296294791674,123.46830386606456,0.19571428571428573,0.24571428571428572,0.0
PHASE 2,1092,874400,872,2027.0278887409245,1272.6731711166585,2744.8766365400083,519.151828333334,520.1296294791674,123.46830386606456,0.19571428571428573,0.24571428571428572,0.0
PHASE 2,1093,875200,872,2027.0278887409245,1272.6731711166585,2744.8766365400083,519.151828333334,520.1296294791674,123.46830386606456,0.19571428571428573,0.24571428571428572,0.0
PHASE 2,1094,876000,876,2032.5139831315341,1272.6731711166585,2744.8766365400083,519.0092337500007,524.3697219791675,123.64187842530733,0.19571428571428573,0.24571428571428572,0.0
PHASE 2,1095,876800,876,2032.5139831315346,1272.6731711166585,2744.8766365400083,519.0092337500008,524.3697219791675,123.64187842530733,0.19571428571428573,0.24571428571428572,0.0
PHASE 2,1096,877600,876,2032.5139831315346,1272.6731711166585,2744.8766365400083,519.0092337500008,524.3697219791675,123.64187842530733,0.19571428571428573,0.24571428571428572,0.0
PHASE 2,1097,878400,876,2032.5139831315346,1272.6731711166585,2744.8766365400083,519.0092337500008,524.3697219791675,123.64187842530733,0.19571428571428573,0.24571428571428572,0.0
PHASE 2,1098,879200,876,2032.5139831315346,1272.6731711166585,2744.8766365400083,519.0092337500008,524.3697219791675,123.64187842530733,0.19571428571428573,0.24571428571428572,0.0
PHASE 2,1099,880000,880,2040.393520095587,1272.6731711166585,2744.8766365400083,520.8857841666676,527.0705253125008,124.05465132706384,0.19571428571428573,0.24571428571428572,0.0
PHASE 2,1100,880800,880,2040.393520095587,1272.6731711166585,2744.8766365400083,520.8857841666675,527.0705253125006,124.05465132706384,0.19571428571428573,0.24571428571428572,0.0
PHASE 2,1101,881600,880,2040.393520095587,1272.6731711166585,2744.8766365400083,520.8857841666675,527.0705253125006,124.05465132706384,0.19571428571428573,0.24571428571428572,0.0
PHASE 2,1102,882400,880,2040.393520095587,1272.6731711166585,2744.8766365400083,520.8857841666675,527.0705253125006,124.05465132706384,0.19571428571428573,0.24571428571428572,0.0
PHASE 2,1103,883200,880,2040.393520095587,1272.6731711166585,2744.8766365400083,520.8857841666675,527.0705253125006,124.05465132706384,0.19571428571428573,0.24571428571428572,0.0
PHASE 2,1104,884000,884,2038.1396880409898,1272.6731711166585,2744.8766365400083,518.1939608333341,530.046087395834,123.7374549764892,0.19571428571428573,0.24571428571428572,0.0
PHASE 2,1105,884800,884,2038.1396880409898,1272.6731711166585,2744.8766365400083,518.193960833334,530.0460873958341,123.7374549764892,0.19571428571428573,0.24571428571428572,0.0
PHASE 2,1106,885600,884,2038.1396880409898,1272.6731711166585,2744.8766365400083,518.193960833334,530.0460873958341,123.7374549764892,0.19571428571428573,0.24571428571428572,0.0
PHASE 2,1107,886400,884,2038.1396880409898,1272.6731711166585,2744.8766365400083,518.193960833334,530.0460873958341,123.7374549764892,0.19571428571428573,0.24571428571428572,0.0
PHASE 2,1108,887200,884,2038.1396880409898,1272.6731711166585,2744.8766365400083,518.193960833334,530.0460873958341,123.7374549764892,0.19571428571428573,0.24571428571428572,0.0
PHASE 2,1109,888000,888,2043.2085166045822,1272.6731711166585,2744.8766365400083,522.6585629166674,528.508012395834,124.00524266152155,0.19571428571428573,0.24571428571428572,0.0
PHASE 2,1110,888800,888,2043.208516604582,1272.6731711166585,2744.8766365400083,522.6585629166674,528.5080123958342,124.00524266152155,0.19571428571428573,0.24571428571428572,0.0
PHASE 2,1111,889600,888,2043.208516604582,1272.6731711166585,2744.8766365400083,522.6585629166674,528.5080123958342,124.00524266152155,0.19571428571428573,0.24571428571428572,0.0
PHASE 2,1112,890400,888,2043.208516604582,1272.6731711166585,2744.8766365400083,522.6585629166674,528.5080123958342,124.00524266152155,0.19571428571428573,0.24571428571428572,0.0
PHASE 2,1113,891200,888,2043.208516604582,1272.6731711166585,2744.8766365400083,522.6585629166674,528.5080123958342,124.00524266152155,0.19571428571428573,0.24571428571428572,0.0
PHASE 2,1114,892000,892,2051.541554788149,1272.6731711166585,2744.8766365400083,525.9346529166675,530.9716032291675,124.32941233030074,0.19571428571428573,0.24571428571428572,0.0
PHASE 2,1115,892800,892,2051.5415547881494,1272.6731711166585,2744.8766365400083,525.9346529166673,530.9716032291675,124.32941233030077,0.19571428571428573,0.24571428571428572,0.0
PHASE 2,1116,893600,892,2051.5415547881494,1272.6731711166585,2744.8766365400083,525.9346529166673,530.9716032291675,124.32941233030077,0.19571428571428573,0.24571428571428572,0.0
PHASE 2,1117,894400,892,2051.5415547881494,1272.6731711166585,2744.8766365400083,525.9346529166673,530.9716032291675,124.32941233030077,0.19571428571428573,0.24571428571428572,0.0
PHASE 2,1118,895200,892,2051.5415547881494,1272.6731711166585,2744.8766365400083,525.9346529166673,530.9716032291675,124.32941233030077,0.19571428571428573,0.24571428571428572,0.0
PHASE 2,1119,896000,896,2058.5910258876042,1272.6731711166585,2744.8766365400083,526.7745575000008,534.9131757291674,124.61291158231606,0.19571428571428573,0.24571428571428572,0.0
PHASE 2,1120,896800,896,2058.5910258876042,1272.6731711166585,2744.8766365400083,526.7745575000008,534.9131757291674,124.61291158231606,0.19571428571428573,0.24571428571428572,0.0
PHASE 2,1121,897600,896,2058.5910258876042,1272.6731711166585,2744.8766365400083,526.7745575000008,534.9131757291674,124.61291158231606,0.19571428571428573,0.24571428571428572,0.0
PHASE 2,1122,898400,896,2058.5910258876042,1272.6731711166585,2744.8766365400083,526.7745575000008,534.9131757291674,124.61291158231606,0.19571428571428573,0.24571428571428572,0.0
PHASE 2,1123,899200,896,2058.5910258876042,1272.6731711166585,2744.8766365400083,526.7745575000008,534.9131757291674,124.61291158231606,0.19571428571428573,0.24571428571428572,0.0
PHASE 2,1124,900000,900,2050.140957110191,1272.6731711166585,2744.8766365400083,526.5117087500008,531.7294932291675,123.98746939138945,0.19571428571428573,0.24571428571428572,0.0
PHASE 2,1125,900800,900,2050.140957110191,1272.6731711166585,2744.8766365400083,526.5117087500009,531.7294932291675,123.98746939138945,0.19571428571428573,0.24571428571428572,0.0
PHASE 2,1126,901600,900,2050.140957110191,1272.6731711166585,2744.8766365400083,526.5117087500009,531.7294932291675,123.98746939138945,0.19571428571428573,0.24571428571428572,0.0
PHASE 2,1127,902400,900,2050.140957110191,1272.6731711166585,2744.8766365400083,526.5117087500009,531.7294932291675,123.98746939138945,0.19571428571428573,0.24571428571428572,0.0
PHASE 2,1128,903200,900,2050.140957110191,1272.6731711166585,2744.8766365400083,526.5117087500009,531.7294932291675,123.98746939138945,0.19571428571428573,0.24571428571428572,0.0
PHASE 2,1129,904000,904,2059.1777949978755,1374.642821092029,2744.8766365400083,527.6234379166675,536.7781773958341,124.3470224606834,0.19571428571428573,0.24571428571428572,0.0
PHASE 2,1130,904800,904,2059.177794997876,1374.642821092029,2744.8766365400083,527.6234379166675,536.7781773958342,124.34702246068342,0.19571428571428573,0.24571428571428572,0.0
PHASE 2,1131,905600,904,2059.177794997876,1374.642821092029,2744.8766365400083,527.6234379166675,536.7781773958342,124.34702246068342,0.19571428571428573,0.24571428571428572,0.0
PHASE 2,1132,906400,904,2059.177794997876,1374.642821092029,2744.8766365400083,527.6234379166675,536.7781773958342,124.34702246068342,0.19571428571428573,0.24571428571428572,0.0
PHASE 2,1133,907200,904,2059.177794997876,1374.642821092029,2744.8766365400083,527.6234379166675,536.7781773958342,124.34702246068342,0.19571428571428573,0.24571428571428572,0.0
PHASE 2,1134,908000,908,2060.831197195044,1374.642821092029,2744.8766365400083,532.9059254166673,533.2336519791675,124.33645247491269,0.19571428571428573,0.24571428571428572,0.0
PHASE 2,1135,908800,908,2060.831197195044,1374.642821092029,2744.8766365400083,532.9059254166674,533.2336519791673,124.33645247491269,0.19571428571428573,0.24571428571428572,0.0
PHASE 2,1136,909600,908,2060.831197195044,1374.642821092029,2744.8766365400083,532.9059254166674,533.2336519791673,124.33645247491269,0.19571428571428573,0.24571428571428572,0.0
PHASE 2,1137,910400,908,2060.831197195044,1374.642821092029,2744.8766365400083,532.9059254166674,533.2336519791673,124.33645247491269,0.19571428571428573,0.24571428571428572,0.0
PHASE 2,1138,911200,908,2060.831197195044,1374.642821092029,2744.8766365400083,532.9059254166674,533.2336519791673,124.33645247491269,0.19571428571428573,0.24571428571428572,0.0
PHASE 2,1139,912000,912,2060.8958128742847,1374.642821092029,2744.8766365400083,532.6156562500008,534.8579065625006,124.1777812577345,0.19571428571428573,0.24571428571428572,0.0
PHASE 2,1140,912800,912,2060.8958128742843,1374.642821092029,2744.8766365400083,532.6156562500007,534.8579065625006,124.17778125773451,0.19571428571428573,0.24571428571428572,0.0
PHASE 2,1141,913600,912,2060.8958128742843,1374.642821092029,2744.8766365400083,532.6156562500007,534.8579065625006,124.17778125773451,0.19571428571428573,0.24571428571428572,0.0
PHASE 2,1142,914400,912,2060.8958128742843,1374.642821092029,2744.8766365400083,532.6156562500007,534.8579065625006,124.17778125773451,0.19571428571428573,0.24571428571428572,0.0
PHASE 2,1143,915200,912,2060.8958128742843,1374.642821092029,2744.8766365400083,532.6156562500007,534.8579065625006,124.17778125773451,0.19571428571428573,0.24571428571428572,0.0
PHASE 2,1144,916000,916,2068.5384284329475,1374.642821092029,2744.8766365400083,534.8770582291675,536.6852719791674,124.62201227808829,0.19571428571428573,0.24571428571428572,0.0
PHASE 2,1145,916800,916,2068.538428432947,1374.642821092029,2744.8766365400083,534.8770582291676,536.6852719791674,124.62201227808829,0.19571428571428573,0.24571428571428572,0.0
PHASE 2,1146,917600,916,2068.538428432947,1374.642821092029,2744.8766365400083,534.8770582291676,536.6852719791674,124.62201227808829,0.19571428571428573,0.24571428571428572,0.0
PHASE 2,1147,918400,916,2068.538428432947,1374.642821092029,2744.8766365400083,534.8770582291676,536.6852719791674,124.62201227808829,0.19571428571428573,0.24571428571428572,0.0
PHASE 2,1148,919200,916,2068.538428432947,1374.642821092029,2744.8766365400083,534.8770582291676,536.6852719791674,124.62201227808829,0.19571428571428573,0.24571428571428572,0.0
PHASE 2,1149,920000,920,2058.8730849769163,1374.642821092029,2744.8766365400083,532.1666769791675,534.644066145834,124.00779273150106,0.19571428571428573,0.24571428571428572,0.0
PHASE 2,1150,920800,920,2058.8730849769167,1374.642821092029,2744.8766365400083,532.1666769791675,534.644066145834,124.00779273150106,0.19571428571428573,0.24571428571428572,0.0
PHASE 2,1151,921600,920,2058.8730849769167,1374.642821092029,2744.8766365400083,532.1666769791675,534.644066145834,124.00779273150106,0.19571428571428573,0.24571428571428572,0.0
PHASE 2,1152,922400,920,2058.8730849769167,1374.642821092029,2744.8766365400083,532.1666769791675,534.644066145834,124.00779273150106,0.19571428571428573,0.24571428571428572,0.0
PHASE 2,1153,923200,920,2058.8730849769167,1374.642821092029,2744.8766365400083,532.1666769791675,534.644066145834,124.00779273150106,0.19571428571428573,0.24571428571428572,0.0
PHASE 2,1154,924000,924,2060.282076834724,1374.642821092029,2744.8766365400083,531.7093182291675,536.0678032291673,124.06311942206023,0.19571428571428573,0.24571428571428572,0.0
PHASE 2,1155,924800,924,2060.282076834724,1374.642821092029,2744.8766365400083,531.7093182291674,536.0678032291675,124.06311942206023,0.19571428571428573,0.24571428571428572,0.0
PHASE 2,1156,925600,924,2060.282076834724,1374.642821092029,2744.8766365400083,531.7093182291674,536.0678032291675,124.06311942206023,0.19571428571428573,0.24571428571428572,0.0
PHASE 2,1157,926400,924,2060.282076834724,1374.642821092029,2744.8766365400083,531.7093182291674,536.0678032291675,124.06311942206023,0.19571428571428573,0.24571428571428572,0.0
PHASE 2,1158,927200,924,2060.282076834724,1374.642821092029,2744.8766365400083,531.7093182291674,536.0678032291675,124.06311942206023,0.19571428571428573,0.24571428571428572,0.0
PHASE 2,1159,928000,928,2055.1839834186903,1374.642821092029,2744.8766365400083,531.9164419791673,532.2743865625007,123.87414435963936,0.19571428571428573,0.24571428571428572,0.0
PHASE 2,1160,928800,928,2055.18398341869,1374.642821092029,2744.8766365400083,531.9164419791674,532.2743865625007,123.87414435963936,0.19571428571428573,0.24571428571428572,0.0
PHASE 2,1161,929600,928,2055.18398341869,1374.642821092029,2744.8766365400083,531.9164419791674,532.2743865625007,123.87414435963936,0.19571428571428573,0.24571428571428572,0.0
PHASE 2,1162,930400,928,2055.18398341869,1374.642821092029,2744.8766365400083,531.9164419791674,532.2743865625007,123.87414435963936,0.19571428571428573,0.24571428571428572,0.0
PHASE 2,1163,931200,928,2055.18398341869,1374.642821092029,2744.8766365400083,531.9164419791674,532.2743865625007,123.87414435963936,0.19571428571428573,0.24571428571428572,0.0
PHASE 2,1164,932000,932,2048.579795105097,1374.642821092029,2695.386712717784,531.9080519791675,529.1066023958341,123.44564259127361,0.19571428571428573,0.24571428571428572,0.0
PHASE 2,1165,932800,932,2048.5797951050977,1374.642821092029,2695.386712717784,531.9080519791675,529.1066023958341,123.44564259127363,0.19571428571428573,0.24571428571428572,0.0
PHASE 2,1166,933600,932,2048.5797951050977,1374.642821092029,2695.386712717784,531.9080519791675,529.1066023958341,123.44564259127363,0.19571428571428573,0.24571428571428572,0.0
PHASE 2,1167,934400,932,2048.5797951050977,1374.642821092029,2695.386712717784,531.9080519791675,529.1066023958341,123.44564259127363,0.19571428571428573,0.24571428571428572,0.0
PHASE 2,1168,935200,932,2048.5797951050977,1374.642821092029,2695.386712717784,531.9080519791675,529.1066023958341,123.44564259127363,0.19571428571428573,0.24571428571428572,0.0
PHASE 2,1169,936000,936,2053.485740722743,1394.1940950510016,2695.386712717784,534.7280361458342,529.9460248958341,123.60145996014595,0.19571428571428573,0.24571428571428572,0.0
PHASE 2,1170,936800,936,2053.485740722743,1394.1940950510016,2695.386712717784,534.7280361458342,529.9460248958342,123.60145996014595,0.19571428571428573,0.24571428571428572,0.0
PHASE 2,1171,937600,936,2053.485740722743,1394.1940950510016,2695.386712717784,534.7280361458342,529.9460248958342,123.60145996014595,0.19571428571428573,0.24571428571428572,0.0
PHASE 2,1172,938400,936,2053.485740722743,1394.1940950510016,2695.386712717784,534.7280361458342,529.9460248958342,123.60145996014595,0.19571428571428573,0.24571428571428572,0.0
PHASE 2,1173,939200,936,2053.485740722743,1394.1940950510016,2695.386712717784,534.7280361458342,529.9460248958342,123.60145996014595,0.19571428571428573,0.24571428571428572,0.0
PHASE 2,1174,940000,940,2067.917372080395,1394.1940950510016,2695.386712717784,538.6434828125009,534.2844848958341,124.37367554651911,0.19571428571428573,0.24571428571428572,0.0
PHASE 2,1175,940800,940,2067.917372080395,1394.1940950510016,2695.386712717784,538.6434828125009,534.2844848958341,124.37367554651911,0.19571428571428573,0.24571428571428572,0.0
PHASE 2,1176,941600,940,2067.917372080395,1394.1940950510016,2695.386712717784,538.6434828125009,534.2844848958341,124.37367554651911,0.19571428571428573,0.24571428571428572,0.0
PHASE 2,1177,942400,940,2067.917372080395,1394.1940950510016,2695.386712717784,538.6434828125009,534.2844848958341,124.37367554651911,0.19571428571428573,0.24571428571428572,0.0
PHASE 2,1178,943200,940,2067.917372080395,1394.1940950510016,2695.386712717784,538.6434828125009,534.2844848958341,124.37367554651911,0.19571428571428573,0.24571428571428572,0.0
PHASE 2,1179,944000,944,2070.761178497546,1394.1940950510016,2695.386712717784,540.6491257291675,533.3228432291675,124.59865119241294,0.19571428571428573,0.24571428571428572,0.0
PHASE 2,1180,944800,944,2070.761178497546,1394.1940950510016,2695.386712717784,540.6491257291675,533.3228432291673,124.59865119241294,0.19571428571428573,0.24571428571428572,0.0
PHASE 2,1181,945600,944,2070.761178497546,1394.1940950510016,2695.386712717784,540.6491257291675,533.3228432291673,124.59865119241294,0.19571428571428573,0.24571428571428572,0.0
PHASE 2,1182,946400,944,2070.761178497546,1394.1940950510016,2695.386712717784,540.6491257291675,533.3228432291673,124.59865119241294,0.19571428571428573,0.24571428571428572,0.0
PHASE 2,1183,947200,944,2070.761178497546,1394.1940950510016,2695.386712717784,540.6491257291675,533.3228432291673,124.59865119241294,0.19571428571428573,0.24571428571428572,0.0
PHASE 2,1184,948000,948,2074.651305634929,1394.1940950510016,2695.386712717784,544.2909703125008,532.9196004166674,124.68009186323162,0.19571428571428573,0.24571428571428572,0.0
PHASE 2,1185,948800,948,2074.651305634929,1394.1940950510016,2695.386712717784,544.2909703125008,532.9196004166672,124.68009186323162,0.19571428571428573,0.24571428571428572,0.0
PHASE 2,1186,949600,948,2074.651305634929,1394.1940950510016,2695.386712717784,544.2909703125008,532.9196004166672,124.68009186323162,0.19571428571428573,0.24571428571428572,0.0
PHASE 2,1187,950400,948,2074.651305634929,1394.1940950510016,2695.386712717784,544.2909703125008,532.9196004166672,124.68009186323162,0.19571428571428573,0.24571428571428572,0.0
PHASE 2,1188,951200,948,2074.651305634929,1394.1940950510016,2695.386712717784,544.2909703125008,532.9196004166672,124.68009186323162,0.19571428571428573,0.24571428571428572,0.0
PHASE 2,1189,952000,952,2064.5126154163668,1394.1940950510016,2695.386712717784,540.4782119791674,529.8711425000006,124.27040761716125,0.19571428571428573,0.24571428571428572,0.0
PHASE 2,1190,952800,952,2064.5126154163668,1394.1940950510016,2695.386712717784,540.4782119791674,529.8711425000008,124.27040761716125,0.19571428571428573,0.24571428571428572,0.0
PHASE 2,1191,953600,952,2064.5126154163668,1394.1940950510016,2695.386712717784,540.4782119791674,529.8711425000008,124.27040761716125,0.19571428571428573,0.24571428571428572,0.0
PHASE 2,1192,954400,952,2064.5126154163668,1394.1940950510016,2695.386712717784,540.4782119791674,529.8711425000008,124.27040761716125,0.19571428571428573,0.24571428571428572,0.0
PHASE 2,1193,955200,952,2064.5126154163668,1394.1940950510016,2695.386712717784,540.4782119791674,529.8711425000008,124.27040761716125,0.19571428571428573,0.24571428571428572,0.0
PHASE 2,1194,956000,956,2047.420372908863,1368.6408156944267,2695.386712717784,534.7004032291675,525.8050516666675,123.3643647516399,0.19571428571428573,0.24571428571428572,0.0
PHASE 2,1195,956800,956,2047.4203729088636,1368.6408156944267,2695.386712717784,534.7004032291675,525.8050516666674,123.3643647516399,0.19571428571428573,0.24571428571428572,0.0
PHASE 2,1196,957600,956,2047.4203729088636,1368.6408156944267,2695.386712717784,534.7004032291675,525.8050516666674,123.3643647516399,0.19571428571428573,0.24571428571428572,0.0
PHASE 2,1197,958400,956,2047.4203729088636,1368.6408156944267,2695.386712717784,534.7004032291675,525.8050516666674,123.3643647516399,0.19571428571428573,0.24571428571428572,0.0
PHASE 2,1198,959200,956,2047.4203729088636,1368.6408156944267,2695.386712717784,534.7004032291675,525.8050516666674,123.3643647516399,0.19571428571428573,0.24571428571428572,0.0
PHASE 2,1199,960000,960,2061.445174416113,1368.6408156944267,2695.386712717784,539.3889348958342,528.995403333334,124.13260452337933,0.19571428571428573,0.24571428571428572,0.0
PHASE 2,1200,960800,960,2061.445174416113,1368.6408156944267,2695.386712717784,539.3889348958342,528.9954033333341,124.1326045233793,0.19571428571428573,0.24571428571428572,0.0
PHASE 2,1201,961600,960,2061.445174416113,1368.6408156944267,2695.386712717784,539.3889348958342,528.9954033333341,124.1326045233793,0.19571428571428573,0.24571428571428572,0.0
PHASE 2,1202,962400,960,2061.445174416113,1368.6408156944267,2695.386712717784,539.3889348958342,528.9954033333341,124.1326045233793,0.19571428571428573,0.24571428571428572,0.0
PHASE 2,1203,963200,960,2061.445174416113,1368.6408156944267,2695.386712717784,539.3889348958342,528.9954033333341,124.1326045233793,0.19571428571428573,0.24571428571428572,0.0
PHASE 2,1204,964000,964,2054.2262740032966,1368.6408156944267,2695.386712717784,537.7792932291675,526.8600004166674,123.698372544694,0.19571428571428573,0.24571428571428572,0.0
PHASE 2,1205,964800,964,2054.2262740032966,1368.6408156944267,2695.386712717784,537.7792932291675,526.8600004166675,123.698372544694,0.19571428571428573,0.24571428571428572,0.0
PHASE 2,1206,965600,964,2054.2262740032966,1368.6408156944267,2695.386712717784,537.7792932291675,526.8600004166675,123.698372544694,0.19571428571428573,0.24571428571428572,0.0
PHASE 2,1207,966400,964,2054.2262740032966,1368.6408156944267,2695.386712717784,537.7792932291675,526.8600004166675,123.698372544694,0.19571428571428573,0.24571428571428572,0.0
PHASE 2,1208,967200,964,2054.2262740032966,1368.6408156944267,2695.386712717784,537.7792932291675,526.8600004166675,123.698372544694,0.19571428571428573,0.24571428571428572,0.0
PHASE 2,1209,968000,968,2057.552722503794,1368.6408156944267,2695.386712717784,536.1535111458342,530.7532433333341,123.83074600308952,0.19571428571428573,0.24571428571428572,0.0
PHASE 2,1210,968800,968,2057.552722503794,1368.6408156944267,2695.386712717784,536.1535111458342,530.753243333334,123.83074600308952,0.19571428571428573,0.24571428571428572,0.0
PHASE 2,1211,969600,968,2057.552722503794,1368.6408156944267,2695.386712717784,536.1535111458342,530.753243333334,123.83074600308952,0.19571428571428573,0.24571428571428572,0.0
PHASE 2,1212,970400,968,2057.552722503794,1368.6408156944267,2695.386712717784,536.1535111458342,530.753243333334,123.83074600308952,0.19571428571428573,0.24571428571428572,0.0
PHASE 2,1213,971200,968,2057.552722503794,1368.6408156944267,2695.386712717784,536.1535111458342,530.753243333334,123.83074600308952,0.19571428571428573,0.24571428571428572,0.0
PHASE 2,1214,972000,972,2065.499092384811,1368.6408156944267,2695.386712717784,539.5070994791674,532.753527083334,124.15480822779988,0.19571428571428573,0.24571428571428572,0.0
PHASE 2,1215,972800,972,2065.499092384811,1368.6408156944267,2695.386712717784,539.5070994791676,532.753527083334,124.15480822779988,0.19571428571428573,0.24571428571428572,0.0
PHASE 2,1216,973600,972,2065.499092384811,1368.6408156944267,2695.386712717784,539.5070994791676,532.753527083334,124.15480822779988,0.19571428571428573,0.24571428571428572,0.0
PHASE 2,1217,974400,972,2065.499092384811,1368.6408156944267,2695.386712717784,539.5070994791676,532.753527083334,124.15480822779988,0.19571428571428573,0.24571428571428572,0.0
PHASE 2,1218,975200,972,2065.499092384811,1368.6408156944267,2695.386712717784,539.5070994791676,532.753527083334,124.15480822779988,0.19571428571428573,0.24571428571428572,0.0
PHASE 2,1219,976000,976,2074.151758177692,1368.6408156944267,2695.386712717784,543.3015732291675,534.621543333334,124.52858020191007,0.19571428571428573,0.24571428571428572,0.0
PHASE 2,1220,976800,976,2074.151758177692,1368.6408156944267,2695.386712717784,543.3015732291674,534.6215433333341,124.52858020191007,0.19571428571428573,0.24571428571428572,0.0
PHASE 2,1221,977600,976,2074.151758177692,1368.6408156944267,2695.386712717784,543.3015732291674,534.6215433333341,124.52858020191007,0.19571428571428573,0.24571428571428572,0.0
PHASE 2,1222,978400,976,2074.151758177692,1368.6408156944267,2695.386712717784,543.3015732291674,534.6215433333341,124.52858020191007,0.19571428571428573,0.24571428571428572,0.0
PHASE 2,1223,979200,976,2074.151758177692,1368.6408156944267,2695.386712717784,543.3015732291674,534.6215433333341,124.52858020191007,0.19571428571428573,0.24571428571428572,0.0
PHASE 2,1224,980000,980,2067.519914135917,1275.1576514260562,2688.8700394059188,540.2894928125007,533.7560191666673,124.18430026960479,0.19571428571428573,0.24571428571428572,0.0
PHASE 2,1225,980800,980,2067.5199141359176,1275.1576514260562,2688.8700394059188,540.2894928125008,533.7560191666674,124.18430026960479,0.19571428571428573,0.24571428571428572,0.0
PHASE 2,1226,981600,980,2067.5199141359176,1275.1576514260562,2688.8700394059188,540.2894928125008,533.7560191666674,124.18430026960479,0.19571428571428573,0.24571428571428572,0.0
PHASE 2,1227,982400,980,2067.5199141359176,1275.1576514260562,2688.8700394059188,540.2894928125008,533.7560191666674,124.18430026960479,0.19571428571428573,0.24571428571428572,0.0
PHASE 2,1228,983200,980,2067.5199141359176,1275.1576514260562,2688.8700394059188,540.2894928125008,533.7560191666674,124.18430026960479,0.19571428571428573,0.24571428571428572,0.0
PHASE 2,1229,984000,984,2064.195012824419,1275.1576514260562,2688.8700394059188,541.6297457291674,529.5124229166674,124.13160552233396,0.19571428571428573,0.24571428571428572,0.0
PHASE 2,1230,984800,984,2064.1950128244193,1275.1576514260562,2688.8700394059188,541.6297457291674,529.5124229166673,124.13160552233396,0.19571428571428573,0.24571428571428572,0.0
PHASE 2,1231,985600,984,2064.1950128244193,1275.1576514260562,2688.8700394059188,541.6297457291674,529.5124229166673,124.13160552233396,0.19571428571428573,0.24571428571428572,0.0
PHASE 2,1232,986400,984,2064.1950128244193,1275.1576514260562,2688.8700394059188,541.6297457291674,529.5124229166673,124.13160552233396,0.19571428571428573,0.24571428571428572,0.0
PHASE 2,1233,987200,984,2064.1950128244193,1275.1576514260562,2688.8700394059188,541.6297457291674,529.5124229166673,124.13160552233396,0.19571428571428573,0.24571428571428572,0.0
PHASE 2,1234,988000,988,2059.7715261035064,1275.1576514260562,2688.8700394059188,539.2799898958342,530.116995833334,123.79681754680318,0.19571428571428573,0.24571428571428572,0.0
PHASE 2,1235,988800,988,2059.7715261035064,1275.1576514260562,2688.8700394059188,539.2799898958342,530.116995833334,123.79681754680318,0.19571428571428573,0.24571428571428572,0.0
PHASE 2,1236,989600,988,2059.7715261035064,1275.1576514260562,2688.8700394059188,539.2799898958342,530.116995833334,123.79681754680318,0.19571428571428573,0.24571428571428572,0.0
PHASE 2,1237,990400,988,2059.7715261035064,1275.1576514260562,2688.8700394059188,539.2799898958342,530.116995833334,123.79681754680318,0.19571428571428573,0.24571428571428572,0.0
PHASE 2,1238,991200,988,2059.7715261035064,1275.1576514260562,2688.8700394059188,539.2799898958342,530.116995833334,123.79681754680318,0.19571428571428573,0.24571428571428572,0.0
PHASE 2,1239,992000,992,2056.050173970574,1275.1576514260562,2688.8700394059188,536.8035907291675,529.7617120833341,123.68560889477004,0.19571428571428573,0.24571428571428572,0.0
PHASE 2,1240,992800,992,2056.050173970574,1275.1576514260562,2688.8700394059188,536.8035907291674,529.761712083334,123.68560889477003,0.19571428571428573,0.24571428571428572,0.0
PHASE 2,1241,993600,992,2056.050173970574,1275.1576514260562,2688.8700394059188,536.8035907291674,529.761712083334,123.68560889477003,0.19571428571428573,0.24571428571428572,0.0
PHASE 2,1242,994400,992,2056.050173970574,1275.1576514260562,2688.8700394059188,536.8035907291674,529.761712083334,123.68560889477003,0.19571428571428573,0.24571428571428572,0.0
PHASE 2,1243,995200,992,2056.050173970574,1275.1576514260562,2688.8700394059188,536.8035907291674,529.761712083334,123.68560889477003,0.19571428571428573,0.24571428571428572,0.0
PHASE 2,1244,996000,996,2055.1448590343057,1275.1576514260562,2688.8700394059188,541.959199895834,525.4121737500006,123.4716856735698,0.19571428571428573,0.24571428571428572,0.0
PHASE 2,1245,996800,996,2055.1448590343057,1275.1576514260562,2688.8700394059188,541.959199895834,525.4121737500008,123.47168567356977,0.19571428571428573,0.24571428571428572,0.0
PHASE 2,1246,997600,996,2055.1448590343057,1275.1576514260562,2688.8700394059188,541.959199895834,525.4121737500008,123.47168567356977,0.19571428571428573,0.24571428571428572,0.0
PHASE 2,1247,998400,996,2055.1448590343057,1275.1576514260562,2688.8700394059188,541.959199895834,525.4121737500008,123.47168567356977,0.19571428571428573,0.24571428571428572,0.0
PHASE 2,1248,999200,996,2055.1448590343057,1275.1576514260562,2688.8700394059188,541.959199895834,525.4121737500008,123.47168567356977,0.19571428571428573,0.24571428571428572,0.0
PHASE 2,1249,1000000,1000,2063.0976974739206,1275.1576514260562,2688.8700394059188,541.1322140625008,529.8324791666674,124.01662553060494,0.19571428571428573,0.24571428571428572,0.0
PHASE 2,1250,1000800,1000,2063.09769747392,1275.1576514260562,2688.8700394059188,541.1322140625008,529.8324791666674,124.01662553060494,0.19571428571428573,0.24571428571428572,0.0
PHASE 2,1251,1001600,1000,2063.09769747392,1275.1576514260562,2688.8700394059188,541.1322140625008,529.8324791666674,124.01662553060494,0.19571428571428573,0.24571428571428572,0.0
PHASE 2,1252,1002400,1000,2063.09769747392,1275.1576514260562,2688.8700394059188,541.1322140625008,529.8324791666674,124.01662553060494,0.19571428571428573,0.24571428571428572,0.0
PHASE 2,1253,1003200,1000,2063.09769747392,1275.1576514260562,2688.8700394059188,541.1322140625008,529.8324791666674,124.01662553060494,0.19571428571428573,0.24571428571428572,0.0
PHASE 2,1254,1004000,1004,2067.4056223672405,1275.1576514260562,2688.8700394059188,543.9108928125008,529.3201450000008,124.27182306935336,0.19571428571428573,0.24571428571428572,0.0
PHASE 2,1255,1004800,1004,2067.4056223672405,1275.1576514260562,2688.8700394059188,543.9108928125007,529.3201450000008,124.27182306935336,0.19571428571428573,0.24571428571428572,0.0
PHASE 2,1256,1005600,1004,2067.4056223672405,1275.1576514260562,2688.8700394059188,543.9108928125007,529.3201450000008,124.27182306935336,0.19571428571428573,0.24571428571428572,0.0
PHASE 2,1257,1006400,1004,2067.4056223672405,1275.1576514260562,2688.8700394059188,543.9108928125007,529.3201450000008,124.27182306935336,0.19571428571428573,0.24571428571428572,0.0
PHASE 2,1258,1007200,1004,2067.4056223672405,1275.1576514260562,2688.8700394059188,543.9108928125007,529.3201450000008,124.27182306935336,0.19571428571428573,0.24571428571428572,0.0
PHASE 2,1259,1008000,1008,2073.015443449274,1275.1576514260562,2688.8700394059188,542.3798269791674,535.3912941666675,124.40554028794097,0.19571428571428573,0.24571428571428572,0.0
PHASE 2,1260,1008800,1008,2073.015443449274,1275.1576514260562,2688.8700394059188,542.3798269791674,535.3912941666673,124.40554028794097,0.19571428571428573,0.24571428571428572,0.0
PHASE 2,1261,1009600,1008,2073.015443449274,1275.1576514260562,2688.8700394059188,542.3798269791674,535.3912941666673,124.40554028794097,0.19571428571428573,0.24571428571428572,0.0
PHASE 2,1262,1010400,1008,2073.015443449274,1275.1576514260562,2688.8700394059188,542.3798269791674,535.3912941666673,124.40554028794097,0.19571428571428573,0.24571428571428572,0.0
PHASE 2,1263,1011200,1008,2073.015443449274,1275.1576514260562,2688.8700394059188,542.3798269791674,535.3912941666673,124.40554028794097,0.19571428571428573,0.24571428571428572,0.0
PHASE 2,1264,1012000,1012,2072.5220302931343,1275.1576514260562,2688.8700394059188,539.2047294791674,538.2771816666673,124.38001489342346,0.19571428571428573,0.24571428571428572,0.0
PHASE 2,1265,1012800,1012,2072.5220302931343,1275.1576514260562,2688.8700394059188,539.2047294791674,538.2771816666674,124.38001489342346,0.19571428571428573,0.24571428571428572,0.0
PHASE 2,1266,1013600,1012,2072.5220302931343,1275.1576514260562,2688.8700394059188,539.2047294791674,538.2771816666674,124.38001489342346,0.19571428571428573,0.24571428571428572,0.0
PHASE 2,1267,1014400,1012,2072.5220302931343,1275.1576514260562,2688.8700394059188,539.2047294791674,538.2771816666674,124.38001489342346,0.19571428571428573,0.24571428571428572,0.0
PHASE 2,1268,1015200,1012,2072.5220302931343,1275.1576514260562,2688.8700394059188,539.2047294791674,538.2771816666674,124.38001489342346,0.19571428571428573,0.24571428571428572,0.0
PHASE 2,1269,1016000,1016,2067.4377384497784,1275.1576514260562,2688.8700394059188,533.6518191666675,541.2986900000008,124.06090366039983,0.19571428571428573,0.24571428571428572,0.0
PHASE 2,1270,1016800,1016,2067.4377384497784,1275.1576514260562,2688.8700394059188,533.6518191666675,541.2986900000008,124.06090366039982,0.19571428571428573,0.24571428571428572,0.0
PHASE 2,1271,1017600,1016,2067.4377384497784,1275.1576514260562,2688.8700394059188,533.6518191666675,541.2986900000008,124.06090366039982,0.19571428571428573,0.24571428571428572,0.0
PHASE 2,1272,1018400,1016,2067.4377384497784,1275.1576514260562,2688.8700394059188,533.6518191666675,541.2986900000008,124.06090366039982,0.19571428571428573,0.24571428571428572,0.0
PHASE 2,1273,1019200,1016,2067.4377384497784,1275.1576514260562,2688.8700394059188,533.6518191666675,541.2986900000008,124.06090366039982,0.19571428571428573,0.24571428571428572,0.0
PHASE 2,1274,1020000,1020,2077.4215224138006,1275.1576514260562,2732.9460408111363,540.2368487500008,539.9687600000007,124.65198920798595,0.19571428571428573,0.24571428571428572,0.0
PHASE 2,1275,1020800,1020,2077.4215224138006,1275.1576514260562,2732.9460408111363,540.2368487500008,539.9687600000008,124.65198920798593,0.19571428571428573,0.24571428571428572,0.0
PHASE 2,1276,1021600,1020,2077.4215224138006,1275.1576514260562,2732.9460408111363,540.2368487500008,539.9687600000008,124.65198920798593,0.19571428571428573,0.24571428571428572,0.0
PHASE 2,1277,1022400,1020,2077.4215224138006,1275.1576514260562,2732.9460408111363,540.2368487500008,539.9687600000008,124.65198920798593,0.19571428571428573,0.24571428571428572,0.0
PHASE 2,1278,1023200,1020,2077.4215224138006,1275.1576514260562,2732.9460408111363,540.2368487500008,539.9687600000008,124.65198920798593,0.19571428571428573,0.24571428571428572,0.0
PHASE 2,1279,1024000,1024,2085.907193407758,1275.1576514260562,2732.9460408111363,542.2852587500008,543.617217083334,125.00058969681399,0.19571428571428573,0.24571428571428572,0.0
PHASE 2,1280,1024800,1024,2085.907193407758,1275.1576514260562,2732.9460408111363,542.2852587500007,543.6172170833339,125.000589696814,0.19571428571428573,0.24571428571428572,0.0
PHASE 2,1281,1025600,1024,2085.907193407758,1275.1576514260562,2732.9460408111363,542.2852587500007,543.6172170833339,125.000589696814,0.19571428571428573,0.24571428571428572,0.0
PHASE 2,1282,1026400,1024,2085.907193407758,1275.1576514260562,2732.9460408111363,542.2852587500007,543.6172170833339,125.000589696814,0.19571428571428573,0.24571428571428572,0.0
PHASE 2,1283,1027200,1024,2085.907193407758,1275.1576514260562,2732.9460408111363,542.2852587500007,543.6172170833339,125.000589696814,0.19571428571428573,0.24571428571428572,0.0
PHASE 2,1284,1028000,1028,2096.6770945635335,1275.1576514260562,2732.9460408111363,544.9796350000008,548.435118333334,125.40779265378609,0.19571428571428573,0.24571428571428572,0.0
PHASE 2,1285,1028800,1028,2096.6770945635335,1275.1576514260562,2732.9460408111363,544.9796350000008,548.435118333334,125.40779265378606,0.19571428571428573,0.24571428571428572,0.0
PHASE 2,1286,1029600,1028,2096.6770945635335,1275.1576514260562,2732.9460408111363,544.9796350000008,548.435118333334,125.40779265378606,0.19571428571428573,0.24571428571428572,0.0
PHASE 2,1287,1030400,1028,2096.6770945635335,1275.1576514260562,2732.9460408111363,544.9796350000008,548.435118333334,125.40779265378606,0.19571428571428573,0.24571428571428572,0.0
PHASE 2,1288,1031200,1028,2096.6770945635335,1275.1576514260562,2732.9460408111363,544.9796350000008,548.435118333334,125.40779265378606,0.19571428571428573,0.24571428571428572,0.0
PHASE 2,1289,1032000,1032,2102.1803843899484,1275.1576514260562,2732.9460408111363,544.3520083333341,551.5878729166674,125.78006289250449,0.19571428571428573,0.24571428571428572,0.0
PHASE 2,1290,1032800,1032,2102.1803843899484,1275.1576514260562,2732.9460408111363,544.3520083333341,551.5878729166674,125.78006289250446,0.19571428571428573,0.24571428571428572,0.0
PHASE 2,1291,1033600,1032,2102.1803843899484,1275.1576514260562,2732.9460408111363,544.3520083333341,551.5878729166674,125.78006289250446,0.19571428571428573,0.24571428571428572,0.0
PHASE 2,1292,1034400,1032,2102.1803843899484,1275.1576514260562,2732.9460408111363,544.3520083333341,551.5878729166674,125.78006289250446,0.19571428571428573,0.24571428571428572,0.0
PHASE 2,1293,1035200,1032,2102.1803843899484,1275.1576514260562,2732.9460408111363,544.3520083333341,551.5878729166674,125.78006289250446,0.19571428571428573,0.24571428571428572,0.0
PHASE 2,1294,1036000,1036,2111.366368098189,1275.1576514260562,2732.9460408111363,548.1727575000008,553.2337266666674,126.2449854914513,0.19571428571428573,0.24571428571428572,0.0
PHASE 2,1295,1036800,1036,2111.366368098189,1275.1576514260562,2732.9460408111363,548.1727575000008,553.2337266666674,126.2449854914513,0.19571428571428573,0.24571428571428572,0.0
PHASE 2,1296,1037600,1036,2111.366368098189,1275.1576514260562,2732.9460408111363,548.1727575000008,553.2337266666674,126.2449854914513,0.19571428571428573,0.24571428571428572,0.0
PHASE 2,1297,1038400,1036,2111.366368098189,1275.1576514260562,2732.9460408111363,548.1727575000008,553.2337266666674,126.2449854914513,0.19571428571428573,0.24571428571428572,0.0
PHASE 2,1298,1039200,1036,2111.366368098189,1275.1576514260562,2732.9460408111363,548.1727575000008,553.2337266666674,126.2449854914513,0.19571428571428573,0.24571428571428572,0.0
PHASE 2,1299,1040000,1040,2108.627266776525,1275.1576514260562,2732.9460408111363,548.5842666666674,551.1484908333341,126.1118136595767,0.19571428571428573,0.24571428571428572,0.0
PHASE 2,1300,1040800,1040,2108.627266776525,1275.1576514260562,2732.9460408111363,548.5842666666674,551.1484908333341,126.1118136595767,0.19571428571428573,0.24571428571428572,0.0
PHASE 2,1301,1041600,1040,2108.627266776525,1275.1576514260562,2732.9460408111363,548.5842666666674,551.1484908333341,126.1118136595767,0.19571428571428573,0.24571428571428572,0.0
PHASE 2,1302,1042400,1040,2108.627266776525,1275.1576514260562,2732.9460408111363,548.5842666666674,551.1484908333341,126.1118136595767,0.19571428571428573,0.24571428571428572,0.0
PHASE 2,1303,1043200,1040,2108.627266776525,1275.1576514260562,2732.9460408111363,548.5842666666674,551.1484908333341,126.1118136595767,0.19571428571428573,0.24571428571428572,0.0
PHASE 2,1304,1044000,1044,2110.423113124933,1275.1576514260562,2732.9460408111363,547.9929250000008,554.3753329166674,126.00685690104427,0.19571428571428573,0.24571428571428572,0.0
PHASE 2,1305,1044800,1044,2110.4231131249326,1275.1576514260562,2732.9460408111363,547.9929250000008,554.3753329166674,126.00685690104424,0.19571428571428573,0.24571428571428572,0.0
PHASE 2,1306,1045600,1044,2110.4231131249326,1275.1576514260562,2732.9460408111363,547.9929250000008,554.3753329166674,126.00685690104424,0.19571428571428573,0.24571428571428572,0.0
PHASE 2,1307,1046400,1044,2110.4231131249326,1275.1576514260562,2732.9460408111363,547.9929250000008,554.3753329166674,126.00685690104424,0.19571428571428573,0.24571428571428572,0.0
PHASE 2,1308,1047200,1044,2110.4231131249326,1275.1576514260562,2732.9460408111363,547.9929250000008,554.3753329166674,126.00685690104424,0.19571428571428573,0.24571428571428572,0.0
PHASE 2,1309,1048000,1048,2108.757564795728,1275.1576514260562,2732.9460408111363,544.3297095833342,557.0850250000007,125.91785377656034,0.19571428571428573,0.24571428571428572,0.0
PHASE 2,1310,1048800,1048,2108.757564795728,1275.1576514260562,2732.9460408111363,544.3297095833341,557.0850250000007,125.91785377656034,0.19571428571428573,0.24571428571428572,0.0
PHASE 2,1311,1049600,1048,2108.757564795728,1275.1576514260562,2732.9460408111363,544.3297095833341,557.0850250000007,125.91785377656034,0.19571428571428573,0.24571428571428572,0.0
PHASE 2,1312,1050400,1048,2108.757564795728,1275.1576514260562,2732.9460408111363,544.3297095833341,557.0850250000007,125.91785377656034,0.19571428571428573,0.24571428571428572,0.0
PHASE 2,1313,1051200,1048,2108.757564795728,1275.1576514260562,2732.9460408111363,544.3297095833341,557.0850250000007,125.91785377656034,0.19571428571428573,0.24571428571428572,0.0
PHASE 2,1314,1052000,1052,2115.2746605313964,1275.1576514260562,2732.9460408111363,544.9293091666674,560.379098333334,126.2457816289356,0.19571428571428573,0.24571428571428572,0.0
PHASE 2,1315,1052800,1052,2115.274660531396,1275.1576514260562,2732.9460408111363,544.9293091666674,560.379098333334,126.2457816289356,0.19571428571428573,0.24571428571428572,0.0
PHASE 2,1316,1053600,1052,2115.274660531396,1275.1576514260562,2732.9460408111363,544.9293091666674,560.379098333334,126.2457816289356,0.19571428571428573,0.24571428571428572,0.0
PHASE 2,1317,1054400,1052,2115.274660531396,1275.1576514260562,2732.9460408111363,544.9293091666674,560.379098333334,126.2457816289356,0.19571428571428573,0.24571428571428572,0.0
PHASE 2,1318,1055200,1052,2115.274660531396,1275.1576514260562,2732.9460408111363,544.9293091666674,560.379098333334,126.2457816289356,0.19571428571428573,0.24571428571428572,0.0
PHASE 2,1319,1056000,1056,2129.9503095394657,1275.1576514260562,2732.9460408111363,547.0900587500007,566.205107083334,127.08189296327775,0.19571428571428573,0.24571428571428572,0.0
PHASE 2,1320,1056800,1056,2129.950309539466,1275.1576514260562,2732.9460408111363,547.0900587500009,566.2051070833342,127.08189296327774,0.19571428571428573,0.24571428571428572,0.0
PHASE 2,1321,1057600,1056,2129.950309539466,1275.1576514260562,2732.9460408111363,547.0900587500009,566.2051070833342,127.08189296327774,0.19571428571428573,0.24571428571428572,0.0
PHASE 2,1322,1058400,1056,2129.950309539466,1275.1576514260562,2732.9460408111363,547.0900587500009,566.2051070833342,127.08189296327774,0.19571428571428573,0.24571428571428572,0.0
PHASE 2,1323,1059200,1056,2129.950309539466,1275.1576514260562,2732.9460408111363,547.0900587500009,566.2051070833342,127.08189296327774,0.19571428571428573,0.24571428571428572,0.0
PHASE 2,1324,1060000,1060,2125.374607678445,1275.1576514260562,2732.9460408111363,546.7240929166676,564.4507916666676,126.77496538690019,0.19571428571428573,0.24571428571428572,0.0
PHASE 2,1325,1060800,1060,2125.374607678445,1275.1576514260562,2732.9460408111363,546.7240929166676,564.4507916666674,126.77496538690019,0.19571428571428573,0.24571428571428572,0.0
PHASE 2,1326,1061600,1060,2125.374607678445,1275.1576514260562,2732.9460408111363,546.7240929166676,564.4507916666674,126.77496538690019,0.19571428571428573,0.24571428571428572,0.0
PHASE 2,1327,1062400,1060,2125.374607678445,1275.1576514260562,2732.9460408111363,546.7240929166676,564.4507916666674,126.77496538690019,0.19571428571428573,0.24571428571428572,0.0
PHASE 2,1328,1063200,1060,2125.374607678445,1275.1576514260562,2732.9460408111363,546.7240929166676,564.4507916666674,126.77496538690019,0.19571428571428573,0.24571428571428572,0.0
PHASE 2,1329,1064000,1064,2141.15335439657,1275.1576514260562,2732.9460408111363,549.7514708333342,569.8096000000007,127.69903544541579,0.19571428571428573,0.24571428571428572,0.0
PHASE 2,1330,1064800,1064,2141.15335439657,1275.1576514260562,2732.9460408111363,549.7514708333342,569.8096000000007,127.69903544541582,0.19571428571428573,0.24571428571428572,0.0
PHASE 2,1331,1065600,1064,2141.15335439657,1275.1576514260562,2732.9460408111363,549.7514708333342,569.8096000000007,127.69903544541582,0.19571428571428573,0.24571428571428572,0.0
PHASE 2,1332,1066400,1064,2141.15335439657,1275.1576514260562,2732.9460408111363,549.7514708333342,569.8096000000007,127.69903544541582,0.19571428571428573,0.24571428571428572,0.0
PHASE 2,1333,1067200,1064,2141.15335439657,1275.1576514260562,2732.9460408111363,549.7514708333342,569.8096000000007,127.69903544541582,0.19571428571428573,0.24571428571428572,0.0
PHASE 2,1334,1068000,1068,2134.1339595322333,1275.1576514260562,2732.9460408111363,547.2244954166675,568.3511445833341,127.31978994154017,0.19571428571428573,0.24571428571428572,0.0
PHASE 2,1335,1068800,1068,2134.1339595322333,1275.1576514260562,2732.9460408111363,547.2244954166675,568.3511445833341,127.31978994154017,0.19571428571428573,0.24571428571428572,0.0
PHASE 2,1336,1069600,1068,2134.1339595322333,1275.1576514260562,2732.9460408111363,547.2244954166675,568.3511445833341,127.31978994154017,0.19571428571428573,0.24571428571428572,0.0
PHASE 2,1337,1070400,1068,2134.1339595322333,1275.1576514260562,2732.9460408111363,547.2244954166675,568.3511445833341,127.31978994154017,0.19571428571428573,0.24571428571428572,0.0
PHASE 2,1338,1071200,1068,2134.1339595322333,1275.1576514260562,2732.9460408111363,547.2244954166675,568.3511445833341,127.31978994154017,0.19571428571428573,0.24571428571428572,0.0
PHASE 2,1339,1072000,1072,2137.614916913929,1275.1576514260562,2732.9460408111363,548.5844416666674,569.4165612500008,127.45173924966886,0.19571428571428573,0.24571428571428572,0.0
PHASE 2,1340,1072800,1072,2137.6149169139294,1275.1576514260562,2732.9460408111363,548.5844416666675,569.4165612500007,127.45173924966885,0.19571428571428573,0.24571428571428572,0.0
PHASE 2,1341,1073600,1072,2137.6149169139294,1275.1576514260562,2732.9460408111363,548.5844416666675,569.4165612500007,127.45173924966885,0.19571428571428573,0.24571428571428572,0.0
PHASE 2,1342,1074400,1072,2137.6149169139294,1275.1576514260562,2732.9460408111363,548.5844416666675,569.4165612500007,127.45173924966885,0.19571428571428573,0.24571428571428572,0.0
PHASE 2,1343,1075200,1072,2137.6149169139294,1275.1576514260562,2732.9460408111363,548.5844416666675,569.4165612500007,127.45173924966885,0.19571428571428573,0.24571428571428572,0.0
PHASE 2,1344,1076000,1076,2141.180957540539,1275.1576514260562,2732.9460408111363,552.2496795833342,567.2053462500006,127.71574146341163,0.19571428571428573,0.24571428571428572,0.0
PHASE 2,1345,1076800,1076,2141.180957540539,1275.1576514260562,2732.9460408111363,552.2496795833341,567.2053462500007,127.71574146341165,0.19571428571428573,0.24571428571428572,0.0
PHASE 2,1346,1077600,1076,2141.180957540539,1275.1576514260562,2732.9460408111363,552.2496795833341,567.2053462500007,127.71574146341165,0.19571428571428573,0.24571428571428572,0.0
PHASE 2,1347,1078400,1076,2141.180957540539,1275.1576514260562,2732.9460408111363,552.2496795833341,567.2053462500007,127.71574146341165,0.19571428571428573,0.24571428571428572,0.0
PHASE 2,1348,1079200,1076,2141.180957540539,1275.1576514260562,2732.9460408111363,552.2496795833341,567.2053462500007,127.71574146341165,0.19571428571428573,0.24571428571428572,0.0
PHASE 2,1349,1080000,1080,2143.8643860369184,1290.6008094204572,2732.9460408111363,553.8343795833341,567.1398287500008,127.8612722129592,0.19571428571428573,0.24571428571428572,0.0
PHASE 2,1350,1080800,1080,2143.864386036918,1290.6008094204572,2732.9460408111363,553.8343795833341,567.1398287500008,127.8612722129592,0.19571428571428573,0.24571428571428572,0.0
PHASE 2,1351,1081600,1080,2143.864386036918,1290.6008094204572,2732.9460408111363,553.8343795833341,567.1398287500008,127.8612722129592,0.19571428571428573,0.24571428571428572,0.0
PHASE 2,1352,1082400,1080,2143.864386036918,1290.6008094204572,2732.9460408111363,553.8343795833341,567.1398287500008,127.8612722129592,0.19571428571428573,0.24571428571428572,0.0
PHASE 2,1353,1083200,1080,2143.864386036918,1290.6008094204572,2732.9460408111363,553.8343795833341,567.1398287500008,127.8612722129592,0.19571428571428573,0.24571428571428572,0.0
PHASE 2,1354,1084000,1084,2166.0006903677777,1463.7731713996359,2732.9460408111363,561.1410404166675,573.8305212500007,128.87864108765015,0.19571428571428573,0.24571428571428572,0.0
PHASE 2,1355,1084800,1084,2166.000690367777,1463.7731713996359,2732.9460408111363,561.1410404166675,573.8305212500007,128.87864108765012,0.19571428571428573,0.24571428571428572,0.0
PHASE 2,1356,1085600,1084,2166.000690367777,1463.7731713996359,2732.9460408111363,561.1410404166675,573.8305212500007,128.87864108765012,0.19571428571428573,0.24571428571428572,0.0
PHASE 2,1357,1086400,1084,2166.000690367777,1463.7731713996359,2732.9460408111363,561.1410404166675,573.8305212500007,128.87864108765012,0.19571428571428573,0.24571428571428572,0.0
PHASE 2,1358,1087200,1084,2166.000690367777,1463.7731713996359,2732.9460408111363,561.1410404166675,573.8305212500007,128.87864108765012,0.19571428571428573,0.24571428571428572,0.0
PHASE 2,1359,1088000,1088,2178.557791683606,1463.7731713996359,2732.9460408111363,565.0319654166675,576.7017904166674,129.60300448129541,0.19571428571428573,0.24571428571428572,0.0
PHASE 2,1360,1088800,1088,2178.557791683606,1463.7731713996359,2732.9460408111363,565.0319654166674,576.7017904166673,129.60300448129541,0.19571428571428573,0.24571428571428572,0.0
PHASE 2,1361,1089600,1088,2178.557791683606,1463.7731713996359,2732.9460408111363,565.0319654166674,576.7017904166673,129.60300448129541,0.19571428571428573,0.24571428571428572,0.0
PHASE 2,1362,1090400,1088,2178.557791683606,1463.7731713996359,2732.9460408111363,565.0319654166674,576.7017904166673,129.60300448129541,0.19571428571428573,0.24571428571428572,0.0
PHASE 2,1363,1091200,1088,2178.557791683606,1463.7731713996359,2732.9460408111363,565.0319654166674,576.7017904166673,129.60300448129541,0.19571428571428573,0.24571428571428572,0.0
PHASE 2,1364,1092000,1092,2182.8157948599187,1463.7731713996359,2732.9460408111363,566.4970175000008,579.172033333334,129.64334300333448,0.19571428571428573,0.24571428571428572,0.0
PHASE 2,1365,1092800,1092,2182.8157948599187,1463.7731713996359,2732.9460408111363,566.4970175000009,579.172033333334,129.64334300333448,0.19571428571428573,0.24571428571428572,0.0
PHASE 2,1366,1093600,1092,2182.8157948599187,1463.7731713996359,2732.9460408111363,566.4970175000009,579.172033333334,129.64334300333448,0.19571428571428573,0.24571428571428572,0.0
PHASE 2,1367,1094400,1092,2182.8157948599187,1463.7731713996359,2732.9460408111363,566.4970175000009,579.172033333334,129.64334300333448,0.19571428571428573,0.24571428571428572,0.0
PHASE 2,1368,1095200,1092,2182.8157948599187,1463.7731713996359,2732.9460408111363,566.4970175000009,579.172033333334,129.64334300333448,0.19571428571428573,0.24571428571428572,0.0
PHASE 2,1369,1096000,1096,2190.094784780303,1463.7731713996359,2732.9460408111363,566.7976370833343,581.843254583334,130.18173663921584,0.19571428571428573,0.24571428571428572,0.0
PHASE 2,1370,1096800,1096,2190.0947847803036,1463.7731713996359,2732.9460408111363,566.7976370833342,581.8432545833342,130.1817366392158,0.19571428571428573,0.24571428571428572,0.0
PHASE 2,1371,1097600,1096,2190.0947847803036,1463.7731713996359,2732.9460408111363,566.7976370833342,581.8432545833342,130.1817366392158,0.19571428571428573,0.24571428571428572,0.0
PHASE 2,1372,1098400,1096,2190.0947847803036,1463.7731713996359,2732.9460408111363,566.7976370833342,581.8432545833342,130.1817366392158,0.19571428571428573,0.24571428571428572,0.0
PHASE 2,1373,1099200,1096,2190.0947847803036,1463.7731713996359,2732.9460408111363,566.7976370833342,581.8432545833342,130.1817366392158,0.19571428571428573,0.24571428571428572,0.0
PHASE 2,1374,1100000,1100,2195.7505305706454,1463.7731713996359,2732.9460408111363,570.4336195833341,582.4142395833342,130.3628339255086,0.19571428571428573,0.24571428571428572,0.0
PHASE 2,1375,1100800,1100,2195.7505305706454,1463.7731713996359,2732.9460408111363,570.4336195833342,582.414239583334,130.3628339255086,0.19571428571428573,0.24571428571428572,0.0
PHASE 2,1376,1101600,1100,2195.7505305706454,1463.7731713996359,2732.9460408111363,570.4336195833342,582.414239583334,130.3628339255086,0.19571428571428573,0.24571428571428572,0.0
PHASE 2,1377,1102400,1100,2195.7505305706454,1463.7731713996359,2732.9460408111363,570.4336195833342,582.414239583334,130.3628339255086,0.19571428571428573,0.24571428571428572,0.0
PHASE 2,1378,1103200,1100,2195.7505305706454,1463.7731713996359,2732.9460408111363,570.4336195833342,582.414239583334,130.3628339255086,0.19571428571428573,0.24571428571428572,0.0
PHASE 2,1379,1104000,1104,2202.4556478000845,1463.7731713996359,2732.9460408111363,571.6697737500008,585.6735683333341,130.63903821460505,0.19571428571428573,0.24571428571428572,0.0
PHASE 2,1380,1104800,1104,2202.455647800084,1463.7731713996359,2732.9460408111363,571.6697737500008,585.6735683333341,130.63903821460505,0.19571428571428573,0.24571428571428572,0.0
PHASE 2,1381,1105600,1104,2202.455647800084,1463.7731713996359,2732.9460408111363,571.6697737500008,585.6735683333341,130.63903821460505,0.19571428571428573,0.24571428571428572,0.0
PHASE 2,1382,1106400,1104,2202.455647800084,1463.7731713996359,2732.9460408111363,571.6697737500008,585.6735683333341,130.63903821460505,0.19571428571428573,0.24571428571428572,0.0
PHASE 2,1383,1107200,1104,2202.455647800084,1463.7731713996359,2732.9460408111363,571.6697737500008,585.6735683333341,130.63903821460505,0.19571428571428573,0.24571428571428572,0.0
PHASE 2,1384,1108000,1108,2206.0416906310725,1463.7731713996359,2732.9460408111363,578.2531462500008,580.6617441666674,130.8908500268117,0.19571428571428573,0.24571428571428572,0.0
PHASE 2,1385,1108800,1108,2206.0416906310725,1463.7731713996359,2732.9460408111363,578.2531462500008,580.6617441666673,130.8908500268117,0.19571428571428573,0.24571428571428572,0.0
PHASE 2,1386,1109600,1108,2206.0416906310725,1463.7731713996359,2732.9460408111363,578.2531462500008,580.6617441666673,130.8908500268117,0.19571428571428573,0.24571428571428572,0.0
PHASE 2,1387,1110400,1108,2206.0416906310725,1463.7731713996359,2732.9460408111363,578.2531462500008,580.6617441666673,130.8908500268117,0.19571428571428573,0.24571428571428572,0.0
PHASE 2,1388,1111200,1108,2206.0416906310725,1463.7731713996359,2732.9460408111363,578.2531462500008,580.6617441666673,130.8908500268117,0.19571428571428573,0.24571428571428572,0.0
PHASE 2,1389,1112000,1112,2196.7615979669454,1463.7731713996359,2732.9460408111363,577.2668987500008,575.1045666666673,130.54876656879574,0.19571428571428573,0.24571428571428572,0.0
PHASE 2,1390,1112800,1112,2196.761597966946,1463.7731713996359,2732.9460408111363,577.2668987500008,575.1045666666674,130.54876656879574,0.19571428571428573,0.24571428571428572,0.0
PHASE 2,1391,1113600,1112,2196.761597966946,1463.7731713996359,2732.9460408111363,577.2668987500008,575.1045666666674,130.54876656879574,0.19571428571428573,0.24571428571428572,0.0
PHASE 2,1392,1114400,1112,2196.761597966946,1463.7731713996359,2732.9460408111363,577.2668987500008,575.1045666666674,130.54876656879574,0.19571428571428573,0.24571428571428572,0.0
PHASE 2,1393,1115200,1112,2196.761597966946,1463.7731713996359,2732.9460408111363,577.2668987500008,575.1045666666674,130.54876656879574,0.19571428571428573,0.24571428571428572,0.0
PHASE 2,1394,1116000,1116,2202.0075555274407,1463.7731713996359,2732.9460408111363,580.2136050000007,574.4500875000008,130.91798287844088,0.19571428571428573,0.24571428571428572,0.0
PHASE 2,1395,1116800,1116,2202.0075555274407,1463.7731713996359,2732.9460408111363,580.2136050000007,574.4500875000007,130.9179828784409,0.19571428571428573,0.24571428571428572,0.0
PHASE 2,1396,1117600,1116,2202.0075555274407,1463.7731713996359,2732.9460408111363,580.2136050000007,574.4500875000007,130.9179828784409,0.19571428571428573,0.24571428571428572,0.0
PHASE 2,1397,1118400,1116,2202.0075555274407,1463.7731713996359,2732.9460408111363,580.2136050000007,574.4500875000007,130.9179828784409,0.19571428571428573,0.24571428571428572,0.0
PHASE 2,1398,1119200,1116,2202.0075555274407,1463.7731713996359,2732.9460408111363,580.2136050000007,574.4500875000007,130.9179828784409,0.19571428571428573,0.24571428571428572,0.0
PHASE 2,1399,1120000,1120,2208.814324254764,1463.7731713996359,2664.034597578022,579.113890833334,580.514490833334,131.148242823523,0.19571428571428573,0.24571428571428572,0.0
PHASE 2,1400,1120800,1120,2208.814324254764,1463.7731713996359,2664.034597578022,579.1138908333342,580.5144908333341,131.14824282352296,0.19571428571428573,0.24571428571428572,0.0
PHASE 2,1401,1121600,1120,2208.814324254764,1463.7731713996359,2664.034597578022,579.1138908333342,580.5144908333341,131.14824282352296,0.19571428571428573,0.24571428571428572,0.0
PHASE 2,1402,1122400,1120,2208.814324254764,1463.7731713996359,2664.034597578022,579.1138908333342,580.5144908333341,131.14824282352296,0.19571428571428573,0.24571428571428572,0.0
PHASE 2,1403,1123200,1120,2208.814324254764,1463.7731713996359,2664.034597578022,579.1138908333342,580.5144908333341,131.14824282352296,0.19571428571428573,0.24571428571428572,0.0
PHASE 2,1404,1124000,1124,2205.6618134147907,1463.7731713996359,2664.034597578022,578.6394887500007,578.9808500000007,131.0051843331096,0.19571428571428573,0.24571428571428572,0.0
PHASE 2,1405,1124800,1124,2205.661813414791,1463.7731713996359,2664.034597578022,578.6394887500009,578.9808500000007,131.0051843331096,0.19571428571428573,0.24571428571428572,0.0
PHASE 2,1406,1125600,1124,2205.661813414791,1463.7731713996359,2664.034597578022,578.6394887500009,578.9808500000007,131.0051843331096,0.19571428571428573,0.24571428571428572,0.0
PHASE 2,1407,1126400,1124,2205.661813414791,1463.7731713996359,2664.034597578022,578.6394887500009,578.9808500000007,131.0051843331096,0.19571428571428573,0.24571428571428572,0.0
PHASE 2,1408,1127200,1124,2205.661813414791,1463.7731713996359,2664.034597578022,578.6394887500009,578.9808500000007,131.0051843331096,0.19571428571428573,0.24571428571428572,0.0
PHASE 2,1409,1128000,1128,2200.390713514792,1463.7731713996359,2664.034597578022,578.9146891666675,574.7847904166674,130.83640424144286,0.19571428571428573,0.24571428571428572,0.0
PHASE 2,1410,1128800,1128,2200.390713514792,1463.7731713996359,2664.034597578022,578.9146891666675,574.7847904166674,130.83640424144286,0.19571428571428573,0.24571428571428572,0.0
PHASE 2,1411,1129600,1128,2200.390713514792,1463.7731713996359,2664.034597578022,578.9146891666675,574.7847904166674,130.83640424144286,0.19571428571428573,0.24571428571428572,0.0
PHASE 2,1412,1130400,1128,2200.390713514792,1463.7731713996359,2664.034597578022,578.9146891666675,574.7847904166674,130.83640424144286,0.19571428571428573,0.24571428571428572,0.0
PHASE 2,1413,1131200,1128,2200.390713514792,1463.7731713996359,2664.034597578022,578.9146891666675,574.7847904166674,130.83640424144286,0.19571428571428573,0.24571428571428572,0.0
PHASE 2,1414,1132000,1132,2197.647688332476,1463.7731713996359,2664.034597578022,578.2869008333342,574.7687995833339,130.57399848948677,0.19571428571428573,0.24571428571428572,0.0
PHASE 2,1415,1132800,1132,2197.647688332476,1463.7731713996359,2664.034597578022,578.2869008333341,574.768799583334,130.57399848948677,0.19571428571428573,0.24571428571428572,0.0
PHASE 2,1416,1133600,1132,2197.647688332476,1463.7731713996359,2664.034597578022,578.2869008333341,574.768799583334,130.57399848948677,0.19571428571428573,0.24571428571428572,0.0
PHASE 2,1417,1134400,1132,2197.647688332476,1463.7731713996359,2664.034597578022,578.2869008333341,574.768799583334,130.57399848948677,0.19571428571428573,0.24571428571428572,0.0
PHASE 2,1418,1135200,1132,2197.647688332476,1463.7731713996359,2664.034597578022,578.2869008333341,574.768799583334,130.57399848948677,0.19571428571428573,0.24571428571428572,0.0
PHASE 2,1419,1136000,1136,2198.859836430078,1463.7731713996359,2664.034597578022,579.3884975000008,574.0811450000007,130.67377424127034,0.19571428571428573,0.24571428571428572,0.0
PHASE 2,1420,1136800,1136,2198.8598364300774,1463.7731713996359,2664.034597578022,579.3884975000008,574.0811450000008,130.67377424127034,0.19571428571428573,0.24571428571428572,0.0
PHASE 2,1421,1137600,1136,2198.8598364300774,1463.7731713996359,2664.034597578022,579.3884975000008,574.0811450000008,130.67377424127034,0.19571428571428573,0.24571428571428572,0.0
PHASE 2,1422,1138400,1136,2198.8598364300774,1463.7731713996359,2664.034597578022,579.3884975000008,574.0811450000008,130.67377424127034,0.19571428571428573,0.24571428571428572,0.0
PHASE 2,1423,1139200,1136,2198.8598364300774,1463.7731713996359,2664.034597578022,579.3884975000008,574.0811450000008,130.67377424127034,0.19571428571428573,0.24571428571428572,0.0
PHASE 2,1424,1140000,1140,2203.965352628999,1463.7731713996359,2664.034597578022,579.9595429166675,576.7873275000007,130.90231027655207,0.19571428571428573,0.24571428571428572,0.0
PHASE 2,1425,1140800,1140,2203.9653526289985,1463.7731713996359,2664.034597578022,579.9595429166674,576.7873275000009,130.90231027655204,0.19571428571428573,0.24571428571428572,0.0
PHASE 2,1426,1141600,1140,2203.9653526289985,1463.7731713996359,2664.034597578022,579.9595429166674,576.7873275000009,130.90231027655204,0.19571428571428573,0.24571428571428572,0.0
PHASE 2,1427,1142400,1140,2203.9653526289985,1463.7731713996359,2664.034597578022,579.9595429166674,576.7873275000009,130.90231027655204,0.19571428571428573,0.24571428571428572,0.0
PHASE 2,1428,1143200,1140,2203.9653526289985,1463.7731713996359,2664.034597578022,579.9595429166674,576.7873275000009,130.90231027655204,0.19571428571428573,0.24571428571428572,0.0
PHASE 2,1429,1144000,1144,2209.6290915052823,1463.7731713996359,2664.034597578022,583.2770375000007,576.176122083334,131.27199149025418,0.19571428571428573,0.24571428571428572,0.0
PHASE 2,1430,1144800,1144,2209.6290915052823,1463.7731713996359,2664.034597578022,583.2770375000007,576.176122083334,131.27199149025418,0.19571428571428573,0.24571428571428572,0.0
PHASE 2,1431,1145600,1144,2209.6290915052823,1463.7731713996359,2664.034597578022,583.2770375000007,576.176122083334,131.27199149025418,0.19571428571428573,0.24571428571428572,0.0
PHASE 2,1432,1146400,1144,2209.6290915052823,1463.7731713996359,2664.034597578022,583.2770375000007,576.176122083334,131.27199149025418,0.19571428571428573,0.24571428571428572,0.0
PHASE 2,1433,1147200,1144,2209.6290915052823,1463.7731713996359,2664.034597578022,583.2770375000007,576.176122083334,131.27199149025418,0.19571428571428573,0.24571428571428572,0.0
PHASE 2,1434,1148000,1148,2206.934175818483,1463.7731713996359,2664.034597578022,584.7253337500007,573.0153329166674,131.14918864398743,0.19571428571428573,0.24571428571428572,0.0
PHASE 2,1435,1148800,1148,2206.9341758184833,1463.7731713996359,2664.034597578022,584.7253337500007,573.0153329166674,131.14918864398743,0.19571428571428573,0.24571428571428572,0.0
PHASE 2,1436,1149600,1148,2206.9341758184833,1463.7731713996359,2664.034597578022,584.7253337500007,573.0153329166674,131.14918864398743,0.19571428571428573,0.24571428571428572,0.0
PHASE 2,1437,1150400,1148,2206.9341758184833,1463.7731713996359,2664.034597578022,584.7253337500007,573.0153329166674,131.14918864398743,0.19571428571428573,0.24571428571428572,0.0
PHASE 2,1438,1151200,1148,2206.9341758184833,1463.7731713996359,2664.034597578022,584.7253337500007,573.0153329166674,131.14918864398743,0.19571428571428573,0.24571428571428572,0.0
PHASE 2,1439,1152000,1152,2210.072317487788,1463.7731713996359,2664.034597578022,584.1215162500007,574.8852508333341,131.3831938005671,0.19571428571428573,0.24571428571428572,0.0
PHASE 2,1440,1152800,1152,2210.0723174877876,1463.7731713996359,2664.034597578022,584.1215162500008,574.885250833334,131.38319380056714,0.19571428571428573,0.24571428571428572,0.0
PHASE 2,1441,1153600,1152,2210.0723174877876,1463.7731713996359,2664.034597578022,584.1215162500008,574.885250833334,131.38319380056714,0.19571428571428573,0.24571428571428572,0.0
PHASE 2,1442,1154400,1152,2210.0723174877876,1463.7731713996359,2664.034597578022,584.1215162500008,574.885250833334,131.38319380056714,0.19571428571428573,0.24571428571428572,0.0
PHASE 2,1443,1155200,1152,2210.0723174877876,1463.7731713996359,2664.034597578022,584.1215162500008,574.885250833334,131.38319380056714,0.19571428571428573,0.24571428571428572,0.0
PHASE 2,1444,1156000,1156,2214.176298195016,1463.7731713996359,2664.034597578022,586.7874587500007,575.7616400000006,131.45339993063723,0.19571428571428573,0.24571428571428572,0.0
PHASE 2,1445,1156800,1156,2214.1762981950155,1463.7731713996359,2664.034597578022,586.7874587500008,575.7616400000007,131.45339993063723,0.19571428571428573,0.24571428571428572,0.0
PHASE 2,1446,1157600,1156,2214.1762981950155,1463.7731713996359,2664.034597578022,586.7874587500008,575.7616400000007,131.45339993063723,0.19571428571428573,0.24571428571428572,0.0
PHASE 2,1447,1158400,1156,2214.1762981950155,1463.7731713996359,2664.034597578022,586.7874587500008,575.7616400000007,131.45339993063723,0.19571428571428573,0.24571428571428572,0.0
PHASE 2,1448,1159200,1156,2214.1762981950155,1463.7731713996359,2664.034597578022,586.7874587500008,575.7616400000007,131.45339993063723,0.19571428571428573,0.24571428571428572,0.0
PHASE 2,1449,1160000,1160,2220.4755457844735,1463.7731713996359,2664.034597578022,587.9563354166675,577.5836079166673,131.8669503064027,0.19571428571428573,0.24571428571428572,0.0
PHASE 2,1450,1160800,1160,2220.475545784473,1463.7731713996359,2664.034597578022,587.9563354166673,577.5836079166673,131.8669503064027,0.19571428571428573,0.24571428571428572,0.0
PHASE 2,1451,1161600,1160,2220.475545784473,1463.7731713996359,2664.034597578022,587.9563354166673,577.5836079166673,131.8669503064027,0.19571428571428573,0.24571428571428572,0.0
PHASE 2,1452,1162400,1160,2220.475545784473,1463.7731713996359,2664.034597578022,587.9563354166673,577.5836079166673,131.8669503064027,0.19571428571428573,0.24571428571428572,0.0
PHASE 2,1453,1163200,1160,2220.475545784473,1463.7731713996359,2664.034597578022,587.9563354166673,577.5836079166673,131.8669503064027,0.19571428571428573,0.24571428571428572,0.0
PHASE 2,1454,1164000,1164,2219.4615104899985,1463.7731713996359,2712.0626659594886,588.1653775000007,577.9884887500008,131.66345553001,0.19571428571428573,0.24571428571428572,0.0
PHASE 2,1455,1164800,1164,2219.4615104899985,1463.7731713996359,2712.0626659594886,588.1653775000008,577.9884887500008,131.66345553001,0.19571428571428573,0.24571428571428572,0.0
PHASE 2,1456,1165600,1164,2219.4615104899985,1463.7731713996359,2712.0626659594886,588.1653775000008,577.9884887500008,131.66345553001,0.19571428571428573,0.24571428571428572,0.0
PHASE 2,1457,1166400,1164,2219.4615104899985,1463.7731713996359,2712.0626659594886,588.1653775000008,577.9884887500008,131.66345553001,0.19571428571428573,0.24571428571428572,0.0
PHASE 2,1458,1167200,1164,2219.4615104899985,1463.7731713996359,2712.0626659594886,588.1653775000008,577.9884887500008,131.66345553001,0.19571428571428573,0.24571428571428572,0.0
PHASE 2,1459,1168000,1168,2231.5298979283707,1635.929976815352,2712.0626659594886,591.013022083334,581.1184512500007,132.42480307439,0.19571428571428573,0.24571428571428572,0.0
PHASE 2,1460,1168800,1168,2231.5298979283707,1635.929976815352,2712.0626659594886,591.0130220833341,581.1184512500007,132.42480307439,0.19571428571428573,0.24571428571428572,0.0
PHASE 2,1461,1169600,1168,2231.5298979283707,1635.929976815352,2712.0626659594886,591.0130220833341,581.1184512500007,132.42480307439,0.19571428571428573,0.24571428571428572,0.0
PHASE 2,1462,1170400,1168,2231.5298979283707,1635.929976815352,2712.0626659594886,591.0130220833341,581.1184512500007,132.42480307439,0.19571428571428573,0.24571428571428572,0.0
PHASE 2,1463,1171200,1168,2231.5298979283707,1635.929976815352,2712.0626659594886,591.0130220833341,581.1184512500007,132.42480307439,0.19571428571428573,0.24571428571428572,0.0
PHASE 2,1464,1172000,1172,2233.109126477655,1635.929976815352,2712.0626659594886,591.3458687500008,580.5525308333341,132.65134086180055,0.19571428571428573,0.24571428571428572,0.0
PHASE 2,1465,1172800,1172,2233.109126477655,1635.929976815352,2712.0626659594886,591.3458687500007,580.5525308333341,132.65134086180052,0.19571428571428573,0.24571428571428572,0.0
PHASE 2,1466,1173600,1172,2233.109126477655,1635.929976815352,2712.0626659594886,591.3458687500007,580.5525308333341,132.65134086180052,0.19571428571428573,0.24571428571428572,0.0
PHASE 2,1467,1174400,1172,2233.109126477655,1635.929976815352,2712.0626659594886,591.3458687500007,580.5525308333341,132.65134086180052,0.19571428571428573,0.24571428571428572,0.0
PHASE 2,1468,1175200,1172,2233.109126477655,1635.929976815352,2712.0626659594886,591.3458687500007,580.5525308333341,132.65134086180052,0.19571428571428573,0.24571428571428572,0.0
PHASE 2,1469,1176000,1176,2231.421508606321,1635.929976815352,2712.0626659594886,590.242200833334,581.3717020833341,132.47595071121717,0.19571428571428573,0.24571428571428572,0.0
PHASE 2,1470,1176800,1176,2231.4215086063214,1635.929976815352,2712.0626659594886,590.2422008333341,581.3717020833341,132.47595071121717,0.19571428571428573,0.24571428571428572,0.0
PHASE 2,1471,1177600,1176,2231.4215086063214,1635.929976815352,2712.0626659594886,590.2422008333341,581.3717020833341,132.47595071121717,0.19571428571428573,0.24571428571428572,0.0
PHASE 2,1472,1178400,1176,2231.4215086063214,1635.929976815352,2712.0626659594886,590.2422008333341,581.3717020833341,132.47595071121717,0.19571428571428573,0.24571428571428572,0.0
PHASE 2,1473,1179200,1176,2231.4215086063214,1635.929976815352,2712.0626659594886,590.2422008333341,581.3717020833341,132.47595071121717,0.19571428571428573,0.24571428571428572,0.0
PHASE 2,1474,1180000,1180,2236.859701138387,1635.929976815352,2712.0626659594886,592.4806875000008,580.930135833334,132.931109725642,0.19571428571428573,0.24571428571428572,0.0
PHASE 2,1475,1180800,1180,2236.859701138387,1635.929976815352,2712.0626659594886,592.4806875000007,580.9301358333341,132.931109725642,0.19571428571428573,0.24571428571428572,0.0
PHASE 2,1476,1181600,1180,2236.859701138387,1635.929976815352,2712.0626659594886,592.4806875000007,580.9301358333341,132.931109725642,0.19571428571428573,0.24571428571428572,0.0
PHASE 2,1477,1182400,1180,2236.859701138387,1635.929976815352,2712.0626659594886,592.4806875000007,580.9301358333341,132.931109725642,0.19571428571428573,0.24571428571428572,0.0
PHASE 2,1478,1183200,1180,2236.859701138387,1635.929976815352,2712.0626659594886,592.4806875000007,580.9301358333341,132.931109725642,0.19571428571428573,0.24571428571428572,0.0
PHASE 2,1479,1184000,1184,2244.495025807749,1635.929976815352,2835.7068182096436,591.238508333334,585.6989491666675,133.4446960384788,0.19571428571428573,0.24571428571428572,0.0
PHASE 2,1480,1184800,1184,2244.4950258077492,1635.929976815352,2835.7068182096436,591.2385083333342,585.6989491666675,133.4446960384788,0.19571428571428573,0.24571428571428572,0.0
PHASE 2,1481,1185600,1184,2244.4950258077492,1635.929976815352,2835.7068182096436,591.2385083333342,585.6989491666675,133.4446960384788,0.19571428571428573,0.24571428571428572,0.0
PHASE 2,1482,1186400,1184,2244.4950258077492,1635.929976815352,2835.7068182096436,591.2385083333342,585.6989491666675,133.4446960384788,0.19571428571428573,0.24571428571428572,0.0
PHASE 2,1483,1187200,1184,2244.4950258077492,1635.929976815352,2835.7068182096436,591.2385083333342,585.6989491666675,133.4446960384788,0.19571428571428573,0.24571428571428572,0.0
PHASE 2,1484,1188000,1188,2251.0978301791,1635.929976815352,2835.7068182096436,592.4035225000008,588.3906058333342,133.787962730731,0.19571428571428573,0.24571428571428572,0.0
PHASE 2,1485,1188800,1188,2251.0978301791,1635.929976815352,2835.7068182096436,592.4035225000008,588.3906058333342,133.787962730731,0.19571428571428573,0.24571428571428572,0.0
PHASE 2,1486,1189600,1188,2251.0978301791,1635.929976815352,2835.7068182096436,592.4035225000008,588.3906058333342,133.787962730731,0.19571428571428573,0.24571428571428572,0.0
PHASE 2,1487,1190400,1188,2251.0978301791,1635.929976815352,2835.7068182096436,592.4035225000008,588.3906058333342,133.787962730731,0.19571428571428573,0.24571428571428572,0.0
PHASE 2,1488,1191200,1188,2251.0978301791,1635.929976815352,2835.7068182096436,592.4035225000008,588.3906058333342,133.787962730731,0.19571428571428573,0.24571428571428572,0.0
PHASE 2,1489,1192000,1192,2255.1964747871198,1635.929976815352,2835.7068182096436,592.9822737500008,587.7056966666674,134.31356304631686,0.19571428571428573,0.24571428571428572,0.0
PHASE 2,1490,1192800,1192,2255.1964747871198,1635.929976815352,2835.7068182096436,592.9822737500007,587.7056966666673,134.31356304631686,0.19571428571428573,0.24571428571428572,0.0
PHASE 2,1491,1193600,1192,2255.1964747871198,1635.929976815352,2835.7068182096436,592.9822737500007,587.7056966666673,134.31356304631686,0.19571428571428573,0.24571428571428572,0.0
PHASE 2,1492,1194400,1192,2255.1964747871198,1635.929976815352,2835.7068182096436,592.9822737500007,587.7056966666673,134.31356304631686,0.19571428571428573,0.24571428571428572,0.0
PHASE 2,1493,1195200,1192,2255.1964747871198,1635.929976815352,2835.7068182096436,592.9822737500007,587.7056966666673,134.31356304631686,0.19571428571428573,0.24571428571428572,0.0
PHASE 2,1494,1196000,1196,2261.6654166866583,1635.929976815352,2835.7068182096436,593.412352083334,590.1256200000006,134.76593057542584,0.19571428571428573,0.24571428571428572,0.0
PHASE 2,1495,1196800,1196,2261.6654166866583,1635.929976815352,2835.7068182096436,593.4123520833341,590.1256200000008,134.76593057542584,0.19571428571428573,0.24571428571428572,0.0
PHASE 2,1496,1197600,1196,2261.6654166866583,1635.929976815352,2835.7068182096436,593.4123520833341,590.1256200000008,134.76593057542584,0.19571428571428573,0.24571428571428572,0.0
PHASE 2,1497,1198400,1196,2261.6654166866583,1635.929976815352,2835.7068182096436,593.4123520833341,590.1256200000008,134.76593057542584,0.19571428571428573,0.24571428571428572,0.0
PHASE 2,1498,1199200,1196,2261.6654166866583,1635.929976815352,2835.7068182096436,593.4123520833341,590.1256200000008,134.76593057542584,0.19571428571428573,0.24571428571428572,0.0
PHASE 2,1499,1200000,1200,2267.305468355635,1635.929976815352,2835.7068182096436,595.6621854166674,590.4702258333341,135.1466321382147,0.19571428571428573,0.24571428571428572,0.0
PHASE 3A,0,800,0,,,,,,,0.19571428571428573,0.24571428571428572,0.0
PHASE 3A,1,1600,0,,,,,,,0.19571428571428573,0.24571428571428572,0.0
PHASE 3A,2,2400,0,,,,,,,0.19571428571428573,0.24571428571428572,0.0
PHASE 3A,3,3200,0,,,,,,,0.19571428571428573,0.24571428571428572,0.0
PHASE 3A,4,4000,4,2242.038747967722,2100.6501958004096,2473.1985120119466,645.622363565973,499.602805632553,137.10169734615818,0.19571428571428573,0.24571428571428572,0.0
PHASE 3A,5,4800,4,2242.038747967722,2100.6501958004096,2473.1985120119466,645.622363565973,499.602805632553,137.10169734615818,0.19571428571428573,0.24571428571428572,0.0
PHASE 3A,6,5600,4,2242.038747967722,2100.6501958004096,2473.1985120119466,645.622363565973,499.602805632553,137.10169734615818,0.19571428571428573,0.24571428571428572,0.0
PHASE 3A,7,6400,4,2242.038747967722,2100.6501958004096,2473.1985120119466,645.622363565973,499.602805632553,137.10169734615818,0.19571428571428573,0.24571428571428572,0.0
PHASE 3A,8,7200,4,2242.038747967722,2100.6501958004096,2473.1985120119466,645.622363565973,499.602805632553,137.10169734615818,0.19571428571428573,0.24571428571428572,0.0
PHASE 3A,9,8000,8,2292.912606535212,1934.8615142482727,2592.1773958208055,626.3441594692717,549.107828723829,139.68257729277263,0.19571428571428573,0.24571428571428572,0.0
PHASE 3A,10,8800,8,2292.912606535212,1934.8615142482727,2592.1773958208055,626.3441594692717,549.107828723829,139.68257729277263,0.19571428571428573,0.24571428571428572,0.0
PHASE 3A,11,9600,8,2292.912606535212,1934.8615142482727,2592.1773958208055,626.3441594692717,549.107828723829,139.68257729277263,0.19571428571428573,0.24571428571428572,0.0
PHASE 3A,12,10400,8,2292.912606535212,1934.8615142482727,2592.1773958208055,626.3441594692717,549.107828723829,139.68257729277263,0.19571428571428573,0.24571428571428572,0.0
PHASE 3A,13,11200,8,2292.912606535212,1934.8615142482727,2592.1773958208055,626.3441594692717,549.107828723829,139.68257729277263,0.19571428571428573,0.24571428571428572,0.0
PHASE 3A,14,12000,12,2348.9513057751815,1934.8615142482727,2644.927138766922,608.2812134872307,612.2810110357935,141.04863515652843,0.19571428571428573,0.24571428571428572,0.0
PHASE 3A,15,12800,12,2348.9513057751815,1934.8615142482727,2644.927138766922,608.2812134872307,612.2810110357937,141.04863515652843,0.19571428571428573,0.24571428571428572,0.0
PHASE 3A,16,13600,12,2348.9513057751815,1934.8615142482727,2644.927138766922,608.2812134872307,612.2810110357937,141.04863515652843,0.19571428571428573,0.24571428571428572,0.0
PHASE 3A,17,14400,12,2348.9513057751815,1934.8615142482727,2644.927138766922,608.2812134872307,612.2810110357937,141.04863515652843,0.19571428571428573,0.24571428571428572,0.0
PHASE 3A,18,15200,12,2348.9513057751815,1934.8615142482727,2644.927138766922,608.2812134872307,612.2810110357937,141.04863515652843,0.19571428571428573,0.24571428571428572,0.0
PHASE 3A,19,16000,16,2370.1974138803585,1934.8615142482727,2753.2584178451816,605.402087707871,623.2175288127829,142.69722466997206,0.19571428571428573,0.24571428571428572,0.0
PHASE 3A,20,16800,16,2370.1974138803585,1934.8615142482727,2753.2584178451816,605.402087707871,623.2175288127829,142.69722466997203,0.19571428571428573,0.24571428571428572,0.0
PHASE 3A,21,17600,16,2370.1974138803585,1934.8615142482727,2753.2584178451816,605.402087707871,623.2175288127829,142.69722466997203,0.19571428571428573,0.24571428571428572,0.0
PHASE 3A,22,18400,16,2370.1974138803585,1934.8615142482727,2753.2584178451816,605.402087707871,623.2175288127829,142.69722466997203,0.19571428571428573,0.24571428571428572,0.0
PHASE 3A,23,19200,16,2370.1974138803585,1934.8615142482727,2753.2584178451816,605.402087707871,623.2175288127829,142.69722466997203,0.19571428571428573,0.24571428571428572,0.0
PHASE 3A,24,20000,20,2357.9912875173245,1934.8615142482727,2753.2584178451816,610.0171131978942,610.0028403404348,142.24641674738322,0.19571428571428573,0.24571428571428572,0.0
PHASE 3A,25,20800,20,2357.991287517325,1934.8615142482727,2753.2584178451816,610.0171131978941,610.0028403404348,142.24641674738322,0.19571428571428573,0.24571428571428572,0.0
PHASE 3A,26,21600,20,2357.991287517325,1934.8615142482727,2753.2584178451816,610.0171131978941,610.0028403404348,142.24641674738322,0.19571428571428573,0.24571428571428572,0.0
PHASE 3A,27,22400,20,2357.991287517325,1934.8615142482727,2753.2584178451816,610.0171131978941,610.0028403404348,142.24641674738322,0.19571428571428573,0.24571428571428572,0.0
PHASE 3A,28,23200,20,2357.991287517325,1934.8615142482727,2753.2584178451816,610.0171131978941,610.0028403404348,142.24641674738322,0.19571428571428573,0.24571428571428572,0.0
PHASE 3A,29,24000,24,2364.114108593499,1934.8615142482727,2753.2584178451816,608.7255822178635,611.7841516255361,142.95054684377132,0.19571428571428573,0.24571428571428572,0.0
PHASE 3A,30,24800,24,2364.114108593499,1934.8615142482727,2753.2584178451816,608.7255822178635,611.7841516255361,142.95054684377132,0.19571428571428573,0.24571428571428572,0.0
PHASE 3A,31,25600,24,2364.114108593499,1934.8615142482727,2753.2584178451816,608.7255822178635,611.7841516255361,142.95054684377132,0.19571428571428573,0.24571428571428572,0.0
PHASE 3A,32,26400,24,2364.114108593499,1934.8615142482727,2753.2584178451816,608.7255822178635,611.7841516255361,142.95054684377132,0.19571428571428573,0.24571428571428572,0.0
PHASE 3A,33,27200,24,2364.114108593499,1934.8615142482727,2753.2584178451816,608.7255822178635,611.7841516255361,142.95054684377132,0.19571428571428573,0.24571428571428572,0.0
PHASE 3A,34,28000,28,2347.6793310747953,1808.6537174532134,2753.2584178451816,582.3137652957183,620.5694733244414,143.0995115568384,0.19571428571428573,0.24571428571428572,0.0
PHASE 3A,35,28800,28,2347.6793310747953,1808.6537174532134,2753.2584178451816,582.3137652957183,620.5694733244416,143.0995115568384,0.19571428571428573,0.24571428571428572,0.0
PHASE 3A,36,29600,28,2347.6793310747953,1808.6537174532134,2753.2584178451816,582.3137652957183,620.5694733244416,143.0995115568384,0.19571428571428573,0.24571428571428572,0.0
PHASE 3A,37,30400,28,2347.6793310747953,1808.6537174532134,2753.2584178451816,582.3137652957183,620.5694733244416,143.0995115568384,0.19571428571428573,0.24571428571428572,0.0
PHASE 3A,38,31200,28,2347.6793310747953,1808.6537174532134,2753.2584178451816,582.3137652957183,620.5694733244416,143.0995115568384,0.19571428571428573,0.24571428571428572,0.0
PHASE 3A,39,32000,32,2344.1514887792537,1808.6537174532134,2753.2584178451816,584.495973789804,615.748388832703,142.9883907696024,0.19571428571428573,0.24571428571428572,0.0
PHASE 3A,40,32800,32,2344.1514887792537,1808.6537174532134,2753.2584178451816,584.495973789804,615.748388832703,142.98839076960238,0.19571428571428573,0.24571428571428572,0.0
PHASE 3A,41,33600,32,2344.1514887792537,1808.6537174532134,2753.2584178451816,584.495973789804,615.748388832703,142.98839076960238,0.19571428571428573,0.24571428571428572,0.0
PHASE 3A,42,34400,32,2344.1514887792537,1808.6537174532134,2753.2584178451816,584.495973789804,615.748388832703,142.98839076960238,0.19571428571428573,0.24571428571428572,0.0
PHASE 3A,43,35200,32,2344.1514887792537,1808.6537174532134,2753.2584178451816,584.495973789804,615.748388832703,142.98839076960238,0.19571428571428573,0.24571428571428572,0.0
PHASE 3A,44,36000,36,2299.900648938066,1508.1908227430276,2753.2584178451816,580.4877135278969,590.5815283378853,141.10392588404451,0.19571428571428573,0.24571428571428572,0.0
PHASE 3A,45,36800,36,2299.9006489380654,1508.1908227430276,2753.2584178451816,580.4877135278969,590.5815283378853,141.10392588404454,0.19571428571428573,0.24571428571428572,0.0
PHASE 3A,46,37600,36,2299.9006489380654,1508.1908227430276,2753.2584178451816,580.4877135278969,590.5815283378853,141.10392588404454,0.19571428571428573,0.24571428571428572,0.0
PHASE 3A,47,38400,36,2299.9006489380654,1508.1908227430276,2753.2584178451816,580.4877135278969,590.5815283378853,141.10392588404454,0.19571428571428573,0.24571428571428572,0.0
PHASE 3A,48,39200,36,2299.9006489380654,1508.1908227430276,2753.2584178451816,580.4877135278969,590.5815283378853,141.10392588404454,0.19571428571428573,0.24571428571428572,0.0
PHASE 3A,49,40000,40,2303.6027466089895,1508.1908227430276,2753.2584178451816,576.8655815571211,598.3800778956131,141.04463589454093,0.19571428571428573,0.24571428571428572,0.0
PHASE 3A,50,40800,40,2303.6027466089895,1508.1908227430276,2753.2584178451816,576.8655815571211,598.380077895613,141.04463589454093,0.19571428571428573,0.24571428571428572,0.0
PHASE 3A,51,41600,40,2303.6027466089895,1508.1908227430276,2753.2584178451816,576.8655815571211,598.380077895613,141.04463589454093,0.19571428571428573,0.24571428571428572,0.0
PHASE 3A,52,42400,40,2303.6027466089895,1508.1908227430276,2753.2584178451816,576.8655815571211,598.380077895613,141.04463589454093,0.19571428571428573,0.24571428571428572,0.0
PHASE 3A,53,43200,40,2303.6027466089895,1508.1908227430276,2753.2584178451816,576.8655815571211,598.380077895613,141.04463589454093,0.19571428571428573,0.24571428571428572,0.0
PHASE 3A,54,44000,44,2298.670089621164,1508.1908227430276,2753.2584178451816,578.568095019763,593.5667327219905,140.81690773493543,0.19571428571428573,0.24571428571428572,0.0
PHASE 3A,55,44800,44,2298.670089621164,1508.1908227430276,2753.2584178451816,578.568095019763,593.5667327219904,140.81690773493543,0.19571428571428573,0.24571428571428572,0.0
PHASE 3A,56,45600,44,2298.670089621164,1508.1908227430276,2753.2584178451816,578.568095019763,593.5667327219904,140.81690773493543,0.19571428571428573,0.24571428571428572,0.0
PHASE 3A,57,46400,44,2298.670089621164,1508.1908227430276,2753.2584178451816,578.568095019763,593.5667327219904,140.81690773493543,0.19571428571428573,0.24571428571428572,0.0
PHASE 3A,58,47200,44,2298.670089621164,1508.1908227430276,2753.2584178451816,578.568095019763,593.5667327219904,140.81690773493543,0.19571428571428573,0.24571428571428572,0.0
PHASE 3A,59,48000,48,2271.297897914424,1508.1908227430276,2753.2584178451816,570.855814915295,585.932102931356,139.31374750848073,0.19571428571428573,0.24571428571428572,0.0
PHASE 3A,60,48800,48,2271.297897914424,1508.1908227430276,2753.2584178451816,570.8558149152949,585.932102931356,139.31374750848073,0.19571428571428573,0.24571428571428572,0.0
PHASE 3A,61,49600,48,2271.297897914424,1508.1908227430276,2753.2584178451816,570.8558149152949,585.932102931356,139.31374750848073,0.19571428571428573,0.24571428571428572,0.0
PHASE 3A,62,50400,48,2271.297897914424,1508.1908227430276,2753.2584178451816,570.8558149152949,585.932102931356,139.31374750848073,0.19571428571428573,0.24571428571428572,0.0
PHASE 3A,63,51200,48,2271.297897914424,1508.1908227430276,2753.2584178451816,570.8558149152949,585.932102931356,139.31374750848073,0.19571428571428573,0.24571428571428572,0.0
PHASE 3A,64,52000,52,2231.554877181442,1376.4510713500556,2753.2584178451816,562.5903051782611,570.8367415900819,137.26597880164633,0.19571428571428573,0.24571428571428572,0.0
PHASE 3A,65,52800,52,2231.554877181441,1376.4510713500556,2753.2584178451816,562.5903051782611,570.8367415900819,137.26597880164633,0.19571428571428573,0.24571428571428572,0.0
PHASE 3A,66,53600,52,2231.554877181441,1376.4510713500556,2753.2584178451816,562.5903051782611,570.8367415900819,137.26597880164633,0.19571428571428573,0.24571428571428572,0.0
PHASE 3A,67,54400,52,2231.554877181441,1376.4510713500556,2753.2584178451816,562.5903051782611,570.8367415900819,137.26597880164633,0.19571428571428573,0.24571428571428572,0.0
PHASE 3A,68,55200,52,2231.554877181441,1376.4510713500556,2753.2584178451816,562.5903051782611,570.8367415900819,137.26597880164633,0.19571428571428573,0.24571428571428572,0.0
PHASE 3A,69,56000,56,2253.163535816492,1376.4510713500556,2756.1214601533784,568.978388124489,579.8264513919147,138.04483703751998,0.19571428571428573,0.24571428571428572,0.0
PHASE 3A,70,56800,56,2253.163535816492,1376.4510713500556,2756.1214601533784,568.978388124489,579.8264513919147,138.04483703751998,0.19571428571428573,0.24571428571428572,0.0
PHASE 3A,71,57600,56,2253.163535816492,1376.4510713500556,2756.1214601533784,568.978388124489,579.8264513919147,138.04483703751998,0.19571428571428573,0.24571428571428572,0.0
PHASE 3A,72,58400,56,2253.163535816492,1376.4510713500556,2756.1214601533784,568.978388124489,579.8264513919147,138.04483703751998,0.19571428571428573,0.24571428571428572,0.0
PHASE 3A,73,59200,56,2253.163535816492,1376.4510713500556,2756.1214601533784,568.978388124489,579.8264513919147,138.04483703751998,0.19571428571428573,0.24571428571428572,0.0
PHASE 3A,74,60000,60,2239.6562966182346,1376.4510713500556,2756.1214601533784,563.6610644446929,577.7526155298845,137.2803270804662,0.19571428571428573,0.24571428571428572,0.0
PHASE 3A,75,60800,60,2239.6562966182346,1376.4510713500556,2756.1214601533784,563.6610644446929,577.7526155298843,137.2803270804662,0.19571428571428573,0.24571428571428572,0.0
PHASE 3A,76,61600,60,2239.6562966182346,1376.4510713500556,2756.1214601533784,563.6610644446929,577.7526155298843,137.2803270804662,0.19571428571428573,0.24571428571428572,0.0
PHASE 3A,77,62400,60,2239.6562966182346,1376.4510713500556,2756.1214601533784,563.6610644446929,577.7526155298843,137.2803270804662,0.19571428571428573,0.24571428571428572,0.0
PHASE 3A,78,63200,60,2239.6562966182346,1376.4510713500556,2756.1214601533784,563.6610644446929,577.7526155298843,137.2803270804662,0.19571428571428573,0.24571428571428572,0.0
PHASE 3A,79,64000,64,2242.3640415207774,1376.4510713500556,2756.1214601533784,565.515774214469,578.2410383672615,137.32590361738977,0.19571428571428573,0.24571428571428572,0.0
PHASE 3A,80,64800,64,2242.3640415207774,1376.4510713500556,2756.1214601533784,565.515774214469,578.2410383672615,137.32590361738977,0.19571428571428573,0.24571428571428572,0.0
PHASE 3A,81,65600,64,2242.3640415207774,1376.4510713500556,2756.1214601533784,565.515774214469,578.2410383672615,137.32590361738977,0.19571428571428573,0.24571428571428572,0.0
PHASE 3A,82,66400,64,2242.3640415207774,1376.4510713500556,2756.1214601533784,565.515774214469,578.2410383672615,137.32590361738977,0.19571428571428573,0.24571428571428572,0.0
PHASE 3A,83,67200,64,2242.3640415207774,1376.4510713500556,2756.1214601533784,565.515774214469,578.2410383672615,137.32590361738977,0.19571428571428573,0.24571428571428572,0.0
PHASE 3A,84,68000,68,2253.4786175323857,1376.4510713500556,2756.1214601533784,565.3754648383607,584.1947330080421,137.98855246075686,0.19571428571428573,0.24571428571428572,0.0
PHASE 3A,85,68800,68,2253.4786175323857,1376.4510713500556,2756.1214601533784,565.3754648383606,584.1947330080421,137.98855246075686,0.19571428571428573,0.24571428571428572,0.0
PHASE 3A,86,69600,68,2253.4786175323857,1376.4510713500556,2756.1214601533784,565.3754648383606,584.1947330080421,137.98855246075686,0.19571428571428573,0.24571428571428572,0.0
PHASE 3A,87,70400,68,2253.4786175323857,1376.4510713500556,2756.1214601533784,565.3754648383606,584.1947330080421,137.98855246075686,0.19571428571428573,0.24571428571428572,0.0
PHASE 3A,88,71200,68,2253.4786175323857,1376.4510713500556,2756.1214601533784,565.3754648383606,584.1947330080421,137.98855246075686,0.19571428571428573,0.24571428571428572,0.0
PHASE 3A,89,72000,72,2250.063616418079,1376.4510713500556,2756.1214601533784,563.3833644120976,584.9287557372861,137.71893703359595,0.19571428571428573,0.24571428571428572,0.0
PHASE 3A,90,72800,72,2250.063616418079,1376.4510713500556,2756.1214601533784,563.3833644120976,584.9287557372861,137.71893703359595,0.19571428571428573,0.24571428571428572,0.0
PHASE 3A,91,73600,72,2250.063616418079,1376.4510713500556,2756.1214601533784,563.3833644120976,584.9287557372861,137.71893703359595,0.19571428571428573,0.24571428571428572,0.0
PHASE 3A,92,74400,72,2250.063616418079,1376.4510713500556,2756.1214601533784,563.3833644120976,584.9287557372861,137.71893703359595,0.19571428571428573,0.24571428571428572,0.0
PHASE 3A,93,75200,72,2250.063616418079,1376.4510713500556,2756.1214601533784,563.3833644120976,584.9287557372861,137.71893703359595,0.19571428571428573,0.24571428571428572,0.0
PHASE 3A,94,76000,76,2251.0900580715547,1376.4510713500556,2756.1214601533784,565.846421438928,583.8886334786351,137.66937539425797,0.19571428571428573,0.24571428571428572,0.0
PHASE 3A,95,76800,76,2251.0900580715547,1376.4510713500556,2756.1214601533784,565.8464214389281,583.8886334786351,137.66937539425797,0.19571428571428573,0.24571428571428572,0.0
PHASE 3A,96,77600,76,2251.0900580715547,1376.4510713500556,2756.1214601533784,565.8464214389281,583.8886334786351,137.66937539425797,0.19571428571428573,0.24571428571428572,0.0
PHASE 3A,97,78400,76,2251.0900580715547,1376.4510713500556,2756.1214601533784,565.8464214389281,583.8886334786351,137.66937539425797,0.19571428571428573,0.24571428571428572,0.0
PHASE 3A,98,79200,76,2251.0900580715547,1376.4510713500556,2756.1214601533784,565.8464214389281,583.8886334786351,137.66937539425797,0.19571428571428573,0.24571428571428572,0.0
PHASE 3A,99,80000,80,2249.979651711888,1376.4510713500556,2756.1214601533784,564.6189539452332,586.2658477110712,137.3868562569572,0.19571428571428573,0.24571428571428572,0.0
PHASE 3A,100,80800,80,2249.979651711888,1376.4510713500556,2756.1214601533784,564.6189539452332,586.2658477110712,137.38685625695717,0.19571428571428573,0.24571428571428572,0.0
PHASE 3A,101,81600,80,2249.979651711888,1376.4510713500556,2756.1214601533784,564.6189539452332,586.2658477110712,137.38685625695717,0.19571428571428573,0.24571428571428572,0.0
PHASE 3A,102,82400,80,2249.979651711888,1376.4510713500556,2756.1214601533784,564.6189539452332,586.2658477110712,137.38685625695717,0.19571428571428573,0.24571428571428572,0.0
PHASE 3A,103,83200,80,2249.979651711888,1376.4510713500556,2756.1214601533784,564.6189539452332,586.2658477110712,137.38685625695717,0.19571428571428573,0.24571428571428572,0.0
PHASE 3A,104,84000,84,2245.7089288303105,1376.4510713500556,2756.1214601533784,564.4344482931537,584.0746052716883,137.14998440819278,0.19571428571428573,0.24571428571428572,0.0
PHASE 3A,105,84800,84,2245.70892883031,1376.4510713500556,2756.1214601533784,564.4344482931535,584.0746052716883,137.14998440819278,0.19571428571428573,0.24571428571428572,0.0
PHASE 3A,106,85600,84,2245.70892883031,1376.4510713500556,2756.1214601533784,564.4344482931535,584.0746052716883,137.14998440819278,0.19571428571428573,0.24571428571428572,0.0
PHASE 3A,107,86400,84,2245.70892883031,1376.4510713500556,2756.1214601533784,564.4344482931535,584.0746052716883,137.14998440819278,0.19571428571428573,0.24571428571428572,0.0
PHASE 3A,108,87200,84,2245.70892883031,1376.4510713500556,2756.1214601533784,564.4344482931535,584.0746052716883,137.14998440819278,0.19571428571428573,0.24571428571428572,0.0
PHASE 3A,109,88000,88,2243.6054831961255,1376.4510713500556,2756.1214601533784,563.3666825644166,583.6347764246482,137.07550302589178,0.19571428571428573,0.24571428571428572,0.0
PHASE 3A,110,88800,88,2243.6054831961255,1376.4510713500556,2756.1214601533784,563.3666825644166,583.6347764246482,137.07550302589178,0.19571428571428573,0.24571428571428572,0.0
PHASE 3A,111,89600,88,2243.6054831961255,1376.4510713500556,2756.1214601533784,563.3666825644166,583.6347764246482,137.07550302589178,0.19571428571428573,0.24571428571428572,0.0
PHASE 3A,112,90400,88,2243.6054831961255,1376.4510713500556,2756.1214601533784,563.3666825644166,583.6347764246482,137.07550302589178,0.19571428571428573,0.24571428571428572,0.0
PHASE 3A,113,91200,88,2243.6054831961255,1376.4510713500556,2756.1214601533784,563.3666825644166,583.6347764246482,137.07550302589178,0.19571428571428573,0.24571428571428572,0.0
PHASE 3A,114,92000,92,2241.573539651575,1376.4510713500556,2756.1214601533784,561.0641356778749,585.7459183138997,136.8454357074843,0.19571428571428573,0.24571428571428572,0.0
PHASE 3A,115,92800,92,2241.573539651575,1376.4510713500556,2756.1214601533784,561.064135677875,585.7459183138997,136.8454357074843,0.19571428571428573,0.24571428571428572,0.0
PHASE 3A,116,93600,92,2241.573539651575,1376.4510713500556,2756.1214601533784,561.064135677875,585.7459183138997,136.8454357074843,0.19571428571428573,0.24571428571428572,0.0
PHASE 3A,117,94400,92,2241.573539651575,1376.4510713500556,2756.1214601533784,561.064135677875,585.7459183138997,136.8454357074843,0.19571428571428573,0.24571428571428572,0.0
PHASE 3A,118,95200,92,2241.573539651575,1376.4510713500556,2756.1214601533784,561.064135677875,585.7459183138997,136.8454357074843,0.19571428571428573,0.24571428571428572,0.0
PHASE 3A,119,96000,96,2245.63242204509,1376.4510713500556,2914.851031797889,560.4436477438865,589.5662817777735,136.95281156543808,0.19571428571428573,0.24571428571428572,0.0
PHASE 3A,120,96800,96,2245.63242204509,1376.4510713500556,2914.851031797889,560.4436477438865,589.5662817777736,136.95281156543808,0.19571428571428573,0.24571428571428572,0.0
PHASE 3A,121,97600,96,2245.63242204509,1376.4510713500556,2914.851031797889,560.4436477438865,589.5662817777736,136.95281156543808,0.19571428571428573,0.24571428571428572,0.0
PHASE 3A,122,98400,96,2245.63242204509,1376.4510713500556,2914.851031797889,560.4436477438865,589.5662817777736,136.95281156543808,0.19571428571428573,0.24571428571428572,0.0
PHASE 3A,123,99200,96,2245.63242204509,1376.4510713500556,2914.851031797889,560.4436477438865,589.5662817777736,136.95281156543808,0.19571428571428573,0.24571428571428572,0.0
PHASE 3A,124,100000,100,2242.18892439696,1376.4510713500556,2914.851031797889,563.3831676192236,584.8753638457599,136.74129911650644,0.19571428571428573,0.24571428571428572,0.0
PHASE 3A,125,100800,100,2242.1889243969595,1376.4510713500556,2914.851031797889,563.3831676192236,584.8753638457599,136.74129911650644,0.19571428571428573,0.24571428571428572,0.0
PHASE 3A,126,101600,100,2242.1889243969595,1376.4510713500556,2914.851031797889,563.3831676192236,584.8753638457599,136.74129911650644,0.19571428571428573,0.24571428571428572,0.0
PHASE 3A,127,102400,100,2242.1889243969595,1376.4510713500556,2914.851031797889,563.3831676192236,584.8753638457599,136.74129911650644,0.19571428571428573,0.24571428571428572,0.0
PHASE 3A,128,103200,100,2242.1889243969595,1376.4510713500556,2914.851031797889,563.3831676192236,584.8753638457599,136.74129911650644,0.19571428571428573,0.24571428571428572,0.0
PHASE 3A,129,104000,104,2244.6050391745507,1376.4510713500556,2914.851031797889,560.9573920042513,589.3962539343828,136.78142415449915,0.19571428571428573,0.24571428571428572,0.0
PHASE 3A,130,104800,104,2244.6050391745507,1376.4510713500556,2914.851031797889,560.9573920042515,589.3962539343828,136.78142415449915,0.19571428571428573,0.24571428571428572,0.0
PHASE 3A,131,105600,104,2244.6050391745507,1376.4510713500556,2914.851031797889,560.9573920042515,589.3962539343828,136.78142415449915,0.19571428571428573,0.24571428571428572,0.0
PHASE 3A,132,106400,104,2244.6050391745507,1376.4510713500556,2914.851031797889,560.9573920042515,589.3962539343828,136.78142415449915,0.19571428571428573,0.24571428571428572,0.0
PHASE 3A,133,107200,104,2244.6050391745507,1376.4510713500556,2914.851031797889,560.9573920042515,589.3962539343828,136.78142415449915,0.19571428571428573,0.24571428571428572,0.0
PHASE 3A,134,108000,108,2244.7275574043883,1376.4510713500556,2914.851031797889,558.9567686292653,591.2496105490176,136.8151472782728,0.19571428571428573,0.24571428571428572,0.0
PHASE 3A,135,108800,108,2244.7275574043883,1376.4510713500556,2914.851031797889,558.9567686292653,591.2496105490176,136.8151472782728,0.19571428571428573,0.24571428571428572,0.0
PHASE 3A,136,109600,108,2244.7275574043883,1376.4510713500556,2914.851031797889,558.9567686292653,591.2496105490176,136.8151472782728,0.19571428571428573,0.24571428571428572,0.0
PHASE 3A,137,110400,108,2244.7275574043883,1376.4510713500556,2914.851031797889,558.9567686292653,591.2496105490176,136.8151472782728,0.19571428571428573,0.24571428571428572,0.0
PHASE 3A,138,111200,108,2244.7275574043883,1376.4510713500556,2914.851031797889,558.9567686292653,591.2496105490176,136.8151472782728,0.19571428571428573,0.24571428571428572,0.0
PHASE 3A,139,112000,112,2238.2656918609327,1376.4510713500556,2914.851031797889,560.9291367078811,583.9081568972538,136.6785497819845,0.19571428571428573,0.24571428571428572,0.0
PHASE 3A,140,112800,112,2238.2656918609327,1376.4510713500556,2914.851031797889,560.929136707881,583.9081568972538,136.6785497819845,0.19571428571428573,0.24571428571428572,0.0
PHASE 3A,141,113600,112,2238.2656918609327,1376.4510713500556,2914.851031797889,560.929136707881,583.9081568972538,136.6785497819845,0.19571428571428573,0.24571428571428572,0.0
PHASE 3A,142,114400,112,2238.2656918609327,1376.4510713500556,2914.851031797889,560.929136707881,583.9081568972538,136.6785497819845,0.19571428571428573,0.24571428571428572,0.0
PHASE 3A,143,115200,112,2238.2656918609327,1376.4510713500556,2914.851031797889,560.929136707881,583.9081568972538,136.6785497819845,0.19571428571428573,0.24571428571428572,0.0
PHASE 3A,144,116000,116,2229.285327787461,1376.4510713500556,2914.851031797889,556.6692396982698,584.0986116066426,136.06468456032835,0.19571428571428573,0.24571428571428572,0.0
PHASE 3A,145,116800,116,2229.285327787461,1376.4510713500556,2914.851031797889,556.6692396982698,584.0986116066424,136.06468456032837,0.19571428571428573,0.24571428571428572,0.0
PHASE 3A,146,117600,116,2229.285327787461,1376.4510713500556,2914.851031797889,556.6692396982698,584.0986116066424,136.06468456032837,0.19571428571428573,0.24571428571428572,0.0
PHASE 3A,147,118400,116,2229.285327787461,1376.4510713500556,2914.851031797889,556.6692396982698,584.0986116066424,136.06468456032837,0.19571428571428573,0.24571428571428572,0.0
PHASE 3A,148,119200,116,2229.285327787461,1376.4510713500556,2914.851031797889,556.6692396982698,584.0986116066424,136.06468456032837,0.19571428571428573,0.24571428571428572,0.0
PHASE 3A,149,120000,120,2225.2799410001153,1376.4510713500556,2914.851031797889,550.7435863946588,585.0859732486488,136.18129766961079,0.19571428571428573,0.24571428571428572,0.0
PHASE 3A,150,120800,120,2225.279941000115,1376.4510713500556,2914.851031797889,550.7435863946588,585.0859732486489,136.18129766961079,0.19571428571428573,0.24571428571428572,0.0
PHASE 3A,151,121600,120,2225.279941000115,1376.4510713500556,2914.851031797889,550.7435863946588,585.0859732486489,136.18129766961079,0.19571428571428573,0.24571428571428572,0.0
PHASE 3A,152,122400,120,2225.279941000115,1376.4510713500556,2914.851031797889,550.7435863946588,585.0859732486489,136.18129766961079,0.19571428571428573,0.24571428571428572,0.0
PHASE 3A,153,123200,120,2225.279941000115,1376.4510713500556,2914.851031797889,550.7435863946588,585.0859732486489,136.18129766961079,0.19571428571428573,0.24571428571428572,0.0
PHASE 3A,154,124000,124,2220.023891721159,1376.4510713500556,2914.851031797889,550.4451032907839,582.288610573496,135.91127223211979,0.19571428571428573,0.24571428571428572,0.0
PHASE 3A,155,124800,124,2220.023891721158,1376.4510713500556,2914.851031797889,550.4451032907838,582.2886105734959,135.91127223211979,0.19571428571428573,0.24571428571428572,0.0
PHASE 3A,156,125600,124,2220.023891721158,1376.4510713500556,2914.851031797889,550.4451032907838,582.2886105734959,135.91127223211979,0.19571428571428573,0.24571428571428572,0.0
PHASE 3A,157,126400,124,2220.023891721158,1376.4510713500556,2914.851031797889,550.4451032907838,582.2886105734959,135.91127223211979,0.19571428571428573,0.24571428571428572,0.0
PHASE 3A,158,127200,124,2220.023891721158,1376.4510713500556,2914.851031797889,550.4451032907838,582.2886105734959,135.91127223211979,0.19571428571428573,0.24571428571428572,0.0
PHASE 3A,159,128000,128,2219.373478781832,1376.4510713500556,2914.851031797889,559.0685676229601,575.9112293572069,135.54921022521813,0.19571428571428573,0.24571428571428572,0.0
PHASE 3A,160,128800,128,2219.373478781832,1376.4510713500556,2914.851031797889,559.0685676229602,575.911229357207,135.54921022521816,0.19571428571428573,0.24571428571428572,0.0
PHASE 3A,161,129600,128,2219.373478781832,1376.4510713500556,2914.851031797889,559.0685676229602,575.911229357207,135.54921022521816,0.19571428571428573,0.24571428571428572,0.0
PHASE 3A,162,130400,128,2219.373478781832,1376.4510713500556,2914.851031797889,559.0685676229602,575.911229357207,135.54921022521816,0.19571428571428573,0.24571428571428572,0.0
PHASE 3A,163,131200,128,2219.373478781832,1376.4510713500556,2914.851031797889,559.0685676229602,575.911229357207,135.54921022521816,0.19571428571428573,0.24571428571428572,0.0
PHASE 3A,164,132000,132,2222.7341513931756,1376.4510713500556,2914.851031797889,559.1186456906547,578.6613556983867,135.61926875052694,0.19571428571428573,0.24571428571428572,0.0
PHASE 3A,165,132800,132,2222.7341513931756,1376.4510713500556,2914.851031797889,559.1186456906546,578.6613556983867,135.6192687505269,0.19571428571428573,0.24571428571428572,0.0
PHASE 3A,166,133600,132,2222.7341513931756,1376.4510713500556,2914.851031797889,559.1186456906546,578.6613556983867,135.6192687505269,0.19571428571428573,0.24571428571428572,0.0
PHASE 3A,167,134400,132,2222.7341513931756,1376.4510713500556,2914.851031797889,559.1186456906546,578.6613556983867,135.6192687505269,0.19571428571428573,0.24571428571428572,0.0
PHASE 3A,168,135200,132,2222.7341513931756,1376.4510713500556,2914.851031797889,559.1186456906546,578.6613556983867,135.6192687505269,0.19571428571428573,0.24571428571428572,0.0
PHASE 3A,169,136000,136,2231.8651480455524,1376.4510713500556,2914.851031797889,556.1193977422407,589.4729343095,135.78410199923667,0.19571428571428573,0.24571428571428572,0.0
PHASE 3A,170,136800,136,2231.865148045553,1376.4510713500556,2914.851031797889,556.1193977422407,589.4729343095,135.78410199923667,0.19571428571428573,0.24571428571428572,0.0
PHASE 3A,171,137600,136,2231.865148045553,1376.4510713500556,2914.851031797889,556.1193977422407,589.4729343095,135.78410199923667,0.19571428571428573,0.24571428571428572,0.0
PHASE 3A,172,138400,136,2231.865148045553,1376.4510713500556,2914.851031797889,556.1193977422407,589.4729343095,135.78410199923667,0.19571428571428573,0.24571428571428572,0.0
PHASE 3A,173,139200,136,2231.865148045553,1376.4510713500556,2914.851031797889,556.1193977422407,589.4729343095,135.78410199923667,0.19571428571428573,0.24571428571428572,0.0
PHASE 3A,174,140000,140,2237.1603168480706,1376.4510713500556,2914.851031797889,561.2170017290463,588.4508276908565,135.9365609285312,0.19571428571428573,0.24571428571428572,0.0
PHASE 3A,175,140800,140,2237.1603168480706,1376.4510713500556,2914.851031797889,561.2170017290464,588.4508276908565,135.9365609285312,0.19571428571428573,0.24571428571428572,0.0
PHASE 3A,176,141600,140,2237.1603168480706,1376.4510713500556,2914.851031797889,561.2170017290464,588.4508276908565,135.9365609285312,0.19571428571428573,0.24571428571428572,0.0
PHASE 3A,177,142400,140,2237.1603168480706,1376.4510713500556,2914.851031797889,561.2170017290464,588.4508276908565,135.9365609285312,0.19571428571428573,0.24571428571428572,0.0
PHASE 3A,178,143200,140,2237.1603168480706,1376.4510713500556,2914.851031797889,561.2170017290464,588.4508276908565,135.9365609285312,0.19571428571428573,0.24571428571428572,0.0
PHASE 3A,179,144000,144,2233.400990272772,1376.4510713500556,2914.851031797889,560.6350469223173,584.8261515644629,135.9924739732594,0.19571428571428573,0.24571428571428572,0.0
PHASE 3A,180,144800,144,2233.400990272772,1376.4510713500556,2914.851031797889,560.6350469223173,584.8261515644627,135.9924739732594,0.19571428571428573,0.24571428571428572,0.0
PHASE 3A,181,145600,144,2233.400990272772,1376.4510713500556,2914.851031797889,560.6350469223173,584.8261515644627,135.9924739732594,0.19571428571428573,0.24571428571428572,0.0
PHASE 3A,182,146400,144,2233.400990272772,1376.4510713500556,2914.851031797889,560.6350469223173,584.8261515644627,135.9924739732594,0.19571428571428573,0.24571428571428572,0.0
PHASE 3A,183,147200,144,2233.400990272772,1376.4510713500556,2914.851031797889,560.6350469223173,584.8261515644627,135.9924739732594,0.19571428571428573,0.24571428571428572,0.0
PHASE 3A,184,148000,148,2237.3632497774256,1376.4510713500556,2914.851031797889,564.7374673276506,584.0093961328124,136.0770482896308,0.19571428571428573,0.24571428571428572,0.0
PHASE 3A,185,148800,148,2237.363249777426,1376.4510713500556,2914.851031797889,564.7374673276506,584.0093961328125,136.0770482896308,0.19571428571428573,0.24571428571428572,0.0
PHASE 3A,186,149600,148,2237.363249777426,1376.4510713500556,2914.851031797889,564.7374673276506,584.0093961328125,136.0770482896308,0.19571428571428573,0.24571428571428572,0.0
PHASE 3A,187,150400,148,2237.363249777426,1376.4510713500556,2914.851031797889,564.7374673276506,584.0093961328125,136.0770482896308,0.19571428571428573,0.24571428571428572,0.0
PHASE 3A,188,151200,148,2237.363249777426,1376.4510713500556,2914.851031797889,564.7374673276506,584.0093961328125,136.0770482896308,0.19571428571428573,0.24571428571428572,0.0
PHASE 3A,189,152000,152,2262.300350553569,1545.911388631703,2914.851031797889,572.7010572512409,592.1128479035624,137.18580567485625,0.19571428571428573,0.24571428571428572,0.0
PHASE 3A,190,152800,152,2262.3003505535685,1545.911388631703,2914.851031797889,572.7010572512409,592.1128479035624,137.18580567485628,0.19571428571428573,0.24571428571428572,0.0
PHASE 3A,191,153600,152,2262.3003505535685,1545.911388631703,2914.851031797889,572.7010572512409,592.1128479035624,137.18580567485628,0.19571428571428573,0.24571428571428572,0.0
PHASE 3A,192,154400,152,2262.3003505535685,1545.911388631703,2914.851031797889,572.7010572512409,592.1128479035624,137.18580567485628,0.19571428571428573,0.24571428571428572,0.0
PHASE 3A,193,155200,152,2262.3003505535685,1545.911388631703,2914.851031797889,572.7010572512409,592.1128479035624,137.18580567485628,0.19571428571428573,0.24571428571428572,0.0
PHASE 3A,194,156000,156,2239.8179809705443,1545.911388631703,2914.851031797889,561.4045123087228,587.3637183811214,136.38121878509833,0.19571428571428573,0.24571428571428572,0.0
PHASE 3A,195,156800,156,2239.8179809705443,1545.911388631703,2914.851031797889,561.4045123087228,587.3637183811214,136.38121878509833,0.19571428571428573,0.24571428571428572,0.0
PHASE 3A,196,157600,156,2239.8179809705443,1545.911388631703,2914.851031797889,561.4045123087228,587.3637183811214,136.38121878509833,0.19571428571428573,0.24571428571428572,0.0
PHASE 3A,197,158400,156,2239.8179809705443,1545.911388631703,2914.851031797889,561.4045123087228,587.3637183811214,136.38121878509833,0.19571428571428573,0.24571428571428572,0.0
PHASE 3A,198,159200,156,2239.8179809705443,1545.911388631703,2914.851031797889,561.4045123087228,587.3637183811214,136.38121878509833,0.19571428571428573,0.24571428571428572,0.0
PHASE 3A,199,160000,160,2261.7626497131514,1545.911388631703,2994.1144864523812,569.5027243798598,592.4264245624039,137.47918759637182,0.19571428571428573,0.24571428571428572,0.0
PHASE 3A,200,160800,160,2261.762649713152,1545.911388631703,2994.1144864523812,569.5027243798597,592.4264245624039,137.47918759637182,0.19571428571428573,0.24571428571428572,0.0
PHASE 3A,201,161600,160,2261.762649713152,1545.911388631703,2994.1144864523812,569.5027243798597,592.4264245624039,137.47918759637182,0.19571428571428573,0.24571428571428572,0.0
PHASE 3A,202,162400,160,2261.762649713152,1545.911388631703,2994.1144864523812,569.5027243798597,592.4264245624039,137.47918759637182,0.19571428571428573,0.24571428571428572,0.0
PHASE 3A,203,163200,160,2261.762649713152,1545.911388631703,2994.1144864523812,569.5027243798597,592.4264245624039,137.47918759637182,0.19571428571428573,0.24571428571428572,0.0
PHASE 3A,204,164000,164,2270.6297557475905,1545.911388631703,2994.1144864523812,575.2389875985343,592.7025426165535,137.8360281915737,0.19571428571428573,0.24571428571428572,0.0
PHASE 3A,205,164800,164,2270.6297557475905,1545.911388631703,2994.1144864523812,575.2389875985343,592.7025426165536,137.8360281915737,0.19571428571428573,0.24571428571428572,0.0
PHASE 3A,206,165600,164,2270.6297557475905,1545.911388631703,2994.1144864523812,575.2389875985343,592.7025426165536,137.8360281915737,0.19571428571428573,0.24571428571428572,0.0
PHASE 3A,207,166400,164,2270.6297557475905,1545.911388631703,2994.1144864523812,575.2389875985343,592.7025426165536,137.8360281915737,0.19571428571428573,0.24571428571428572,0.0
PHASE 3A,208,167200,164,2270.6297557475905,1545.911388631703,2994.1144864523812,575.2389875985343,592.7025426165536,137.8360281915737,0.19571428571428573,0.24571428571428572,0.0
PHASE 3A,209,168000,168,2276.4212727154454,1545.911388631703,2994.1144864523812,578.0681470013067,594.2408862940629,138.01402992752028,0.19571428571428573,0.24571428571428572,0.0
PHASE 3A,210,168800,168,2276.421272715445,1545.911388631703,2994.1144864523812,578.0681470013067,594.2408862940628,138.01402992752028,0.19571428571428573,0.24571428571428572,0.0
PHASE 3A,211,169600,168,2276.421272715445,1545.911388631703,2994.1144864523812,578.0681470013067,594.2408862940628,138.01402992752028,0.19571428571428573,0.24571428571428572,0.0
PHASE 3A,212,170400,168,2276.421272715445,1545.911388631703,2994.1144864523812,578.0681470013067,594.2408862940628,138.01402992752028,0.19571428571428573,0.24571428571428572,0.0
PHASE 3A,213,171200,168,2276.421272715445,1545.911388631703,2994.1144864523812,578.0681470013067,594.2408862940628,138.01402992752028,0.19571428571428573,0.24571428571428572,0.0
PHASE 3A,214,172000,172,2279.2358644770043,1524.3556620353572,2994.1144864523812,577.671647355397,594.0267154385707,138.44218771039044,0.19571428571428573,0.24571428571428572,0.0
PHASE 3A,215,172800,172,2279.2358644770043,1524.3556620353572,2994.1144864523812,577.671647355397,594.0267154385707,138.44218771039044,0.19571428571428573,0.24571428571428572,0.0
PHASE 3A,216,173600,172,2279.2358644770043,1524.3556620353572,2994.1144864523812,577.671647355397,594.0267154385707,138.44218771039044,0.19571428571428573,0.24571428571428572,0.0
PHASE 3A,217,174400,172,2279.2358644770043,1524.3556620353572,2994.1144864523812,577.671647355397,594.0267154385707,138.44218771039044,0.19571428571428573,0.24571428571428572,0.0
PHASE 3A,218,175200,172,2279.2358644770043,1524.3556620353572,2994.1144864523812,577.671647355397,594.0267154385707,138.44218771039044,0.19571428571428573,0.24571428571428572,0.0
PHASE 3A,219,176000,176,2286.1123205742847,1524.3556620353572,2994.1144864523812,577.4524771770983,597.9694676228069,138.8362969718083,0.19571428571428573,0.24571428571428572,0.0
PHASE 3A,220,176800,176,2286.1123205742847,1524.3556620353572,2994.1144864523812,577.4524771770983,597.9694676228069,138.8362969718083,0.19571428571428573,0.24571428571428572,0.0
PHASE 3A,221,177600,176,2286.1123205742847,1524.3556620353572,2994.1144864523812,577.4524771770983,597.9694676228069,138.8362969718083,0.19571428571428573,0.24571428571428572,0.0
PHASE 3A,222,178400,176,2286.1123205742847,1524.3556620353572,2994.1144864523812,577.4524771770983,597.9694676228069,138.8362969718083,0.19571428571428573,0.24571428571428572,0.0
PHASE 3A,223,179200,176,2286.1123205742847,1524.3556620353572,2994.1144864523812,577.4524771770983,597.9694676228069,138.8362969718083,0.19571428571428573,0.24571428571428572,0.0
PHASE 3A,224,180000,180,2290.2302487190577,1524.3556620353572,2994.1144864523812,579.0202885272564,598.7037192702242,139.0632801152079,0.19571428571428573,0.24571428571428572,0.0
PHASE 3A,225,180800,180,2290.2302487190573,1524.3556620353572,2994.1144864523812,579.0202885272565,598.7037192702242,139.0632801152079,0.19571428571428573,0.24571428571428572,0.0
PHASE 3A,226,181600,180,2290.2302487190573,1524.3556620353572,2994.1144864523812,579.0202885272565,598.7037192702242,139.0632801152079,0.19571428571428573,0.24571428571428572,0.0
PHASE 3A,227,182400,180,2290.2302487190573,1524.3556620353572,2994.1144864523812,579.0202885272565,598.7037192702242,139.0632801152079,0.19571428571428573,0.24571428571428572,0.0
PHASE 3A,228,183200,180,2290.2302487190573,1524.3556620353572,2994.1144864523812,579.0202885272565,598.7037192702242,139.0632801152079,0.19571428571428573,0.24571428571428572,0.0
PHASE 3A,229,184000,184,2293.593684493396,1524.3556620353572,2994.1144864523812,576.2422556461522,602.0734087027565,139.40975251807174,0.19571428571428573,0.24571428571428572,0.0
PHASE 3A,230,184800,184,2293.593684493396,1524.3556620353572,2994.1144864523812,576.2422556461522,602.0734087027565,139.40975251807177,0.19571428571428573,0.24571428571428572,0.0
PHASE 3A,231,185600,184,2293.593684493396,1524.3556620353572,2994.1144864523812,576.2422556461522,602.0734087027565,139.40975251807177,0.19571428571428573,0.24571428571428572,0.0
PHASE 3A,232,186400,184,2293.593684493396,1524.3556620353572,2994.1144864523812,576.2422556461522,602.0734087027565,139.40975251807177,0.19571428571428573,0.24571428571428572,0.0
PHASE 3A,233,187200,184,2293.593684493396,1524.3556620353572,2994.1144864523812,576.2422556461522,602.0734087027565,139.40975251807177,0.19571428571428573,0.24571428571428572,0.0
PHASE 3A,234,188000,188,2304.921706764664,1524.3556620353572,2994.1144864523812,582.6245313032148,603.096034152644,139.90014266361166,0.19571428571428573,0.24571428571428572,0.0
PHASE 3A,235,188800,188,2304.921706764665,1524.3556620353572,2994.1144864523812,582.6245313032148,603.0960341526439,139.90014266361166,0.19571428571428573,0.24571428571428572,0.0
PHASE 3A,236,189600,188,2304.921706764665,1524.3556620353572,2994.1144864523812,582.6245313032148,603.0960341526439,139.90014266361166,0.19571428571428573,0.24571428571428572,0.0
PHASE 3A,237,190400,188,2304.921706764665,1524.3556620353572,2994.1144864523812,582.6245313032148,603.0960341526439,139.90014266361166,0.19571428571428573,0.24571428571428572,0.0
PHASE 3A,238,191200,188,2304.921706764665,1524.3556620353572,2994.1144864523812,582.6245313032148,603.0960341526439,139.90014266361166,0.19571428571428573,0.24571428571428572,0.0
PHASE 3A,239,192000,192,2318.9608395929404,1524.3556620353572,2994.1144864523812,587.2773489573952,605.8185234015815,140.73312090425642,0.19571428571428573,0.24571428571428572,0.0
PHASE 3A,240,192800,192,2318.9608395929404,1524.3556620353572,2994.1144864523812,587.2773489573952,605.8185234015815,140.73312090425642,0.19571428571428573,0.24571428571428572,0.0
PHASE 3A,241,193600,192,2318.9608395929404,1524.3556620353572,2994.1144864523812,587.2773489573952,605.8185234015815,140.73312090425642,0.19571428571428573,0.24571428571428572,0.0
PHASE 3A,242,194400,192,2318.9608395929404,1524.3556620353572,2994.1144864523812,587.2773489573952,605.8185234015815,140.73312090425642,0.19571428571428573,0.24571428571428572,0.0
PHASE 3A,243,195200,192,2318.9608395929404,1524.3556620353572,2994.1144864523812,587.2773489573952,605.8185234015815,140.73312090425642,0.19571428571428573,0.24571428571428572,0.0
PHASE 3A,244,196000,196,2315.02538742856,1524.3556620353572,2994.1144864523812,590.3617233424018,601.1180604332528,140.44320045662417,0.19571428571428573,0.24571428571428572,0.0
PHASE 3A,245,196800,196,2315.02538742856,1524.3556620353572,2994.1144864523812,590.3617233424018,601.1180604332528,140.44320045662417,0.19571428571428573,0.24571428571428572,0.0
PHASE 3A,246,197600,196,2315.02538742856,1524.3556620353572,2994.1144864523812,590.3617233424018,601.1180604332528,140.44320045662417,0.19571428571428573,0.24571428571428572,0.0
PHASE 3A,247,198400,196,2315.02538742856,1524.3556620353572,2994.1144864523812,590.3617233424018,601.1180604332528,140.44320045662417,0.19571428571428573,0.24571428571428572,0.0
PHASE 3A,248,199200,196,2315.02538742856,1524.3556620353572,2994.1144864523812,590.3617233424018,601.1180604332528,140.44320045662417,0.19571428571428573,0.24571428571428572,0.0
PHASE 3A,249,200000,200,2324.4622593122035,1524.3556620353572,2994.1144864523812,587.7853846902304,608.0733823916231,141.07543652880463,0.19571428571428573,0.24571428571428572,0.0
PHASE 3A,250,200800,200,2324.4622593122035,1524.3556620353572,2994.1144864523812,587.7853846902306,608.0733823916231,141.0754365288046,0.19571428571428573,0.24571428571428572,0.0
PHASE 3A,251,201600,200,2324.4622593122035,1524.3556620353572,2994.1144864523812,587.7853846902306,608.0733823916231,141.0754365288046,0.19571428571428573,0.24571428571428572,0.0
PHASE 3A,252,202400,200,2324.4622593122035,1524.3556620353572,2994.1144864523812,587.7853846902306,608.0733823916231,141.0754365288046,0.19571428571428573,0.24571428571428572,0.0
PHASE 3A,253,203200,200,2324.4622593122035,1524.3556620353572,2994.1144864523812,587.7853846902306,608.0733823916231,141.0754365288046,0.19571428571428573,0.24571428571428572,0.0
PHASE 3A,254,204000,204,2322.6321571758895,1524.3556620353572,2994.1144864523812,583.7035674532398,608.9691198729437,141.24493373122417,0.19571428571428573,0.24571428571428572,0.0
PHASE 3A,255,204800,204,2322.6321571758886,1524.3556620353572,2994.1144864523812,583.7035674532398,608.9691198729437,141.24493373122417,0.19571428571428573,0.24571428571428572,0.0
PHASE 3A,256,205600,204,2322.6321571758886,1524.3556620353572,2994.1144864523812,583.7035674532398,608.9691198729437,141.24493373122417,0.19571428571428573,0.24571428571428572,0.0
PHASE 3A,257,206400,204,2322.6321571758886,1524.3556620353572,2994.1144864523812,583.7035674532398,608.9691198729437,141.24493373122417,0.19571428571428573,0.24571428571428572,0.0
PHASE 3A,258,207200,204,2322.6321571758886,1524.3556620353572,2994.1144864523812,583.7035674532398,608.9691198729437,141.24493373122417,0.19571428571428573,0.24571428571428572,0.0
PHASE 3A,259,208000,208,2316.4152739383585,1524.3556620353572,2994.1144864523812,586.1402996100198,601.4195663479409,141.10692599756078,0.19571428571428573,0.24571428571428572,0.0
PHASE 3A,260,208800,208,2316.415273938359,1524.3556620353572,2994.1144864523812,586.1402996100198,601.4195663479409,141.10692599756078,0.19571428571428573,0.24571428571428572,0.0
PHASE 3A,261,209600,208,2316.415273938359,1524.3556620353572,2994.1144864523812,586.1402996100198,601.4195663479409,141.10692599756078,0.19571428571428573,0.24571428571428572,0.0
PHASE 3A,262,210400,208,2316.415273938359,1524.3556620353572,2994.1144864523812,586.1402996100198,601.4195663479409,141.10692599756078,0.19571428571428573,0.24571428571428572,0.0
PHASE 3A,263,211200,208,2316.415273938359,1524.3556620353572,2994.1144864523812,586.1402996100198,601.4195663479409,141.10692599756078,0.19571428571428573,0.24571428571428572,0.0
PHASE 3A,264,212000,212,2319.8164009657135,1524.3556620353572,2994.1144864523812,586.2761162043075,604.4488041647511,141.1364350745929,0.19571428571428573,0.24571428571428572,0.0
PHASE 3A,265,212800,212,2319.816400965713,1524.3556620353572,2994.1144864523812,586.2761162043075,604.4488041647511,141.1364350745929,0.19571428571428573,0.24571428571428572,0.0
PHASE 3A,266,213600,212,2319.816400965713,1524.3556620353572,2994.1144864523812,586.2761162043075,604.4488041647511,141.1364350745929,0.19571428571428573,0.24571428571428572,0.0
PHASE 3A,267,214400,212,2319.816400965713,1524.3556620353572,2994.1144864523812,586.2761162043075,604.4488041647511,141.1364350745929,0.19571428571428573,0.24571428571428572,0.0
PHASE 3A,268,215200,212,2319.816400965713,1524.3556620353572,2994.1144864523812,586.2761162043075,604.4488041647511,141.1364350745929,0.19571428571428573,0.24571428571428572,0.0
PHASE 3A,269,216000,216,2325.1554048895596,1524.3556620353572,2994.1144864523812,585.671239581526,604.1862205504714,141.91224309470633,0.19571428571428573,0.24571428571428572,0.0
PHASE 3A,270,216800,216,2325.1554048895596,1524.3556620353572,2994.1144864523812,585.6712395815259,604.1862205504714,141.91224309470633,0.19571428571428573,0.24571428571428572,0.0
PHASE 3A,271,217600,216,2325.1554048895596,1524.3556620353572,2994.1144864523812,585.6712395815259,604.1862205504714,141.91224309470633,0.19571428571428573,0.24571428571428572,0.0
PHASE 3A,272,218400,216,2325.1554048895596,1524.3556620353572,2994.1144864523812,585.6712395815259,604.1862205504714,141.91224309470633,0.19571428571428573,0.24571428571428572,0.0
PHASE 3A,273,219200,216,2325.1554048895596,1524.3556620353572,2994.1144864523812,585.6712395815259,604.1862205504714,141.91224309470633,0.19571428571428573,0.24571428571428572,0.0
PHASE 3A,274,220000,220,2327.0867900141357,1524.3556620353572,2994.1144864523812,593.7181692550864,600.0944839713228,141.65926709847682,0.19571428571428573,0.24571428571428572,0.0
PHASE 3A,275,220800,220,2327.0867900141357,1524.3556620353572,2994.1144864523812,593.7181692550865,600.0944839713228,141.65926709847682,0.19571428571428573,0.24571428571428572,0.0
PHASE 3A,276,221600,220,2327.0867900141357,1524.3556620353572,2994.1144864523812,593.7181692550865,600.0944839713228,141.65926709847682,0.19571428571428573,0.24571428571428572,0.0
PHASE 3A,277,222400,220,2327.0867900141357,1524.3556620353572,2994.1144864523812,593.7181692550865,600.0944839713228,141.65926709847682,0.19571428571428573,0.24571428571428572,0.0
PHASE 3A,278,223200,220,2327.0867900141357,1524.3556620353572,2994.1144864523812,593.7181692550865,600.0944839713228,141.65926709847682,0.19571428571428573,0.24571428571428572,0.0
PHASE 3A,279,224000,224,2324.0988058961416,1524.3556620353572,2994.1144864523812,592.404347824624,600.618979696791,141.38443479685185,0.19571428571428573,0.24571428571428572,0.0
PHASE 3A,280,224800,224,2324.098805896142,1524.3556620353572,2994.1144864523812,592.4043478246239,600.618979696791,141.38443479685185,0.19571428571428573,0.24571428571428572,0.0
PHASE 3A,281,225600,224,2324.098805896142,1524.3556620353572,2994.1144864523812,592.4043478246239,600.618979696791,141.38443479685185,0.19571428571428573,0.24571428571428572,0.0
PHASE 3A,282,226400,224,2324.098805896142,1524.3556620353572,2994.1144864523812,592.4043478246239,600.618979696791,141.38443479685185,0.19571428571428573,0.24571428571428572,0.0
PHASE 3A,283,227200,224,2324.098805896142,1524.3556620353572,2994.1144864523812,592.4043478246239,600.618979696791,141.38443479685185,0.19571428571428573,0.24571428571428572,0.0
PHASE 3A,284,228000,228,2335.452333241179,1524.3556620353572,2994.1144864523812,592.8740732718742,606.3352564566317,142.0303754390951,0.19571428571428573,0.24571428571428572,0.0
PHASE 3A,285,228800,228,2335.4523332411786,1524.3556620353572,2994.1144864523812,592.8740732718743,606.3352564566317,142.0303754390951,0.19571428571428573,0.24571428571428572,0.0
PHASE 3A,286,229600,228,2335.4523332411786,1524.3556620353572,2994.1144864523812,592.8740732718743,606.3352564566317,142.0303754390951,0.19571428571428573,0.24571428571428572,0.0
PHASE 3A,287,230400,228,2335.4523332411786,1524.3556620353572,2994.1144864523812,592.8740732718743,606.3352564566317,142.0303754390951,0.19571428571428573,0.24571428571428572,0.0
PHASE 3A,288,231200,228,2335.4523332411786,1524.3556620353572,2994.1144864523812,592.8740732718743,606.3352564566317,142.0303754390951,0.19571428571428573,0.24571428571428572,0.0
PHASE 3A,289,232000,232,2331.508210601558,1524.3556620353572,2994.1144864523812,595.663982050319,601.1557224950348,141.83606325703653,0.19571428571428573,0.24571428571428572,0.0
PHASE 3A,290,232800,232,2331.508210601558,1524.3556620353572,2994.1144864523812,595.6639820503189,601.1557224950348,141.8360632570365,0.19571428571428573,0.24571428571428572,0.0
PHASE 3A,291,233600,232,2331.508210601558,1524.3556620353572,2994.1144864523812,595.6639820503189,601.1557224950348,141.8360632570365,0.19571428571428573,0.24571428571428572,0.0
PHASE 3A,292,234400,232,2331.508210601558,1524.3556620353572,2994.1144864523812,595.6639820503189,601.1557224950348,141.8360632570365,0.19571428571428573,0.24571428571428572,0.0
PHASE 3A,293,235200,232,2331.508210601558,1524.3556620353572,2994.1144864523812,595.6639820503189,601.1557224950348,141.8360632570365,0.19571428571428573,0.24571428571428572,0.0
PHASE 3A,294,236000,236,2342.8152767430793,1524.3556620353572,2994.1144864523812,603.6327037588046,599.9057315334375,142.40960518136566,0.19571428571428573,0.24571428571428572,0.0
PHASE 3A,295,236800,236,2342.8152767430797,1524.3556620353572,2994.1144864523812,603.6327037588046,599.9057315334376,142.40960518136566,0.19571428571428573,0.24571428571428572,0.0
PHASE 3A,296,237600,236,2342.8152767430797,1524.3556620353572,2994.1144864523812,603.6327037588046,599.9057315334376,142.40960518136566,0.19571428571428573,0.24571428571428572,0.0
PHASE 3A,297,238400,236,2342.8152767430797,1524.3556620353572,2994.1144864523812,603.6327037588046,599.9057315334376,142.40960518136566,0.19571428571428573,0.24571428571428572,0.0
PHASE 3A,298,239200,236,2342.8152767430797,1524.3556620353572,2994.1144864523812,603.6327037588046,599.9057315334376,142.40960518136566,0.19571428571428573,0.24571428571428572,0.0
PHASE 3A,299,240000,240,2337.7978397739244,1524.3556620353572,2994.1144864523812,602.8898361104268,597.1620480545889,142.21824445112452,0.19571428571428573,0.24571428571428572,0.0
PHASE 3A,300,240800,240,2337.7978397739244,1524.3556620353572,2994.1144864523812,602.8898361104267,597.1620480545888,142.21824445112452,0.19571428571428573,0.24571428571428572,0.0
PHASE 3A,301,241600,240,2337.7978397739244,1524.3556620353572,2994.1144864523812,602.8898361104267,597.1620480545888,142.21824445112452,0.19571428571428573,0.24571428571428572,0.0
PHASE 3A,302,242400,240,2337.7978397739244,1524.3556620353572,2994.1144864523812,602.8898361104267,597.1620480545888,142.21824445112452,0.19571428571428573,0.24571428571428572,0.0
PHASE 3A,303,243200,240,2337.7978397739244,1524.3556620353572,2994.1144864523812,602.8898361104267,597.1620480545888,142.21824445112452,0.19571428571428573,0.24571428571428572,0.0
PHASE 3A,304,244000,244,2349.919191782373,1524.3556620353572,2994.1144864523812,606.4430085676188,603.6788092508098,142.47467174550403,0.19571428571428573,0.24571428571428572,0.0
PHASE 3A,305,244800,244,2349.9191917823728,1524.3556620353572,2994.1144864523812,606.4430085676188,603.6788092508098,142.47467174550403,0.19571428571428573,0.24571428571428572,0.0
PHASE 3A,306,245600,244,2349.9191917823728,1524.3556620353572,2994.1144864523812,606.4430085676188,603.6788092508098,142.47467174550403,0.19571428571428573,0.24571428571428572,0.0
PHASE 3A,307,246400,244,2349.9191917823728,1524.3556620353572,2994.1144864523812,606.4430085676188,603.6788092508098,142.47467174550403,0.19571428571428573,0.24571428571428572,0.0
PHASE 3A,308,247200,244,2349.9191917823728,1524.3556620353572,2994.1144864523812,606.4430085676188,603.6788092508098,142.47467174550403,0.19571428571428573,0.24571428571428572,0.0
PHASE 3A,309,248000,248,2365.9197487565093,1524.3556620353572,2994.1144864523812,609.5025148505256,609.3120200992612,143.38815172585123,0.19571428571428573,0.24571428571428572,0.0
PHASE 3A,310,248800,248,2365.9197487565093,1524.3556620353572,2994.1144864523812,609.5025148505256,609.312020099261,143.38815172585123,0.19571428571428573,0.24571428571428572,0.0
PHASE 3A,311,249600,248,2365.9197487565093,1524.3556620353572,2994.1144864523812,609.5025148505256,609.312020099261,143.38815172585123,0.19571428571428573,0.24571428571428572,0.0
PHASE 3A,312,250400,248,2365.9197487565093,1524.3556620353572,2994.1144864523812,609.5025148505256,609.312020099261,143.38815172585123,0.19571428571428573,0.24571428571428572,0.0
PHASE 3A,313,251200,248,2365.9197487565093,1524.3556620353572,2994.1144864523812,609.5025148505256,609.312020099261,143.38815172585123,0.19571428571428573,0.24571428571428572,0.0
PHASE 3A,314,252000,252,2376.1865605439393,1524.3556620353572,2994.1144864523812,612.8279617869873,611.4432697898853,143.98941612089413,0.19571428571428573,0.24571428571428572,0.0
PHASE 3A,315,252800,252,2376.1865605439393,1524.3556620353572,2994.1144864523812,612.8279617869873,611.4432697898853,143.98941612089413,0.19571428571428573,0.24571428571428572,0.0
PHASE 3A,316,253600,252,2376.1865605439393,1524.3556620353572,2994.1144864523812,612.8279617869873,611.4432697898853,143.98941612089413,0.19571428571428573,0.24571428571428572,0.0
PHASE 3A,317,254400,252,2376.1865605439393,1524.3556620353572,2994.1144864523812,612.8279617869873,611.4432697898853,143.98941612089413,0.19571428571428573,0.24571428571428572,0.0
PHASE 3A,318,255200,252,2376.1865605439393,1524.3556620353572,2994.1144864523812,612.8279617869873,611.4432697898853,143.98941612089413,0.19571428571428573,0.24571428571428572,0.0
PHASE 3A,319,256000,256,2387.6083086209946,1524.3556620353572,2994.1144864523812,624.0644917782965,606.1953414669945,144.66855942197378,0.19571428571428573,0.24571428571428572,0.0
PHASE 3A,320,256800,256,2387.6083086209937,1524.3556620353572,2994.1144864523812,624.0644917782963,606.1953414669945,144.66855942197378,0.19571428571428573,0.24571428571428572,0.0
PHASE 3A,321,257600,256,2387.6083086209937,1524.3556620353572,2994.1144864523812,624.0644917782963,606.1953414669945,144.66855942197378,0.19571428571428573,0.24571428571428572,0.0
PHASE 3A,322,258400,256,2387.6083086209937,1524.3556620353572,2994.1144864523812,624.0644917782963,606.1953414669945,144.66855942197378,0.19571428571428573,0.24571428571428572,0.0
PHASE 3A,323,259200,256,2387.6083086209937,1524.3556620353572,2994.1144864523812,624.0644917782963,606.1953414669945,144.66855942197378,0.19571428571428573,0.24571428571428572,0.0
PHASE 3A,324,260000,260,2375.6105341977513,1524.3556620353572,2832.6660246717197,618.9256635407196,604.6259319718232,144.00736733566202,0.19571428571428573,0.24571428571428572,0.0
PHASE 3A,325,260800,260,2375.6105341977513,1524.3556620353572,2832.6660246717197,618.9256635407196,604.6259319718232,144.00736733566205,0.19571428571428573,0.24571428571428572,0.0
PHASE 3A,326,261600,260,2375.6105341977513,1524.3556620353572,2832.6660246717197,618.9256635407196,604.6259319718232,144.00736733566205,0.19571428571428573,0.24571428571428572,0.0
PHASE 3A,327,262400,260,2375.6105341977513,1524.3556620353572,2832.6660246717197,618.9256635407196,604.6259319718232,144.00736733566205,0.19571428571428573,0.24571428571428572,0.0
PHASE 3A,328,263200,260,2375.6105341977513,1524.3556620353572,2832.6660246717197,618.9256635407196,604.6259319718232,144.00736733566205,0.19571428571428573,0.24571428571428572,0.0
PHASE 3A,329,264000,264,2368.264268208004,1524.3556620353572,2832.6660246717197,613.9363861113703,604.2164534191917,143.76392858469123,0.19571428571428573,0.24571428571428572,0.0
PHASE 3A,330,264800,264,2368.264268208004,1524.3556620353572,2832.6660246717197,613.9363861113703,604.2164534191917,143.76392858469123,0.19571428571428573,0.24571428571428572,0.0
PHASE 3A,331,265600,264,2368.264268208004,1524.3556620353572,2832.6660246717197,613.9363861113703,604.2164534191917,143.76392858469123,0.19571428571428573,0.24571428571428572,0.0
PHASE 3A,332,266400,264,2368.264268208004,1524.3556620353572,2832.6660246717197,613.9363861113703,604.2164534191917,143.76392858469123,0.19571428571428573,0.24571428571428572,0.0
PHASE 3A,333,267200,264,2368.264268208004,1524.3556620353572,2832.6660246717197,613.9363861113703,604.2164534191917,143.76392858469123,0.19571428571428573,0.24571428571428572,0.0
PHASE 3A,334,268000,268,2357.291924341129,1524.3556620353572,2829.8286366477705,614.7171438971342,594.2985936649388,143.53452334739302,0.19571428571428573,0.24571428571428572,0.0
PHASE 3A,335,268800,268,2357.291924341129,1524.3556620353572,2829.8286366477705,614.7171438971343,594.2985936649388,143.53452334739302,0.19571428571428573,0.24571428571428572,0.0
PHASE 3A,336,269600,268,2357.291924341129,1524.3556620353572,2829.8286366477705,614.7171438971343,594.2985936649388,143.53452334739302,0.19571428571428573,0.24571428571428572,0.0
PHASE 3A,337,270400,268,2357.291924341129,1524.3556620353572,2829.8286366477705,614.7171438971343,594.2985936649388,143.53452334739302,0.19571428571428573,0.24571428571428572,0.0
PHASE 3A,338,271200,268,2357.291924341129,1524.3556620353572,2829.8286366477705,614.7171438971343,594.2985936649388,143.53452334739302,0.19571428571428573,0.24571428571428572,0.0
PHASE 3A,339,272000,272,2358.6791330384067,1571.5990195683119,2829.8286366477705,614.5155419027246,598.510126757256,143.2066830473143,0.19571428571428573,0.24571428571428572,0.0
PHASE 3A,340,272800,272,2358.6791330384062,1571.5990195683119,2829.8286366477705,614.5155419027246,598.510126757256,143.2066830473143,0.19571428571428573,0.24571428571428572,0.0
PHASE 3A,341,273600,272,2358.6791330384062,1571.5990195683119,2829.8286366477705,614.5155419027246,598.510126757256,143.2066830473143,0.19571428571428573,0.24571428571428572,0.0
PHASE 3A,342,274400,272,2358.6791330384062,1571.5990195683119,2829.8286366477705,614.5155419027246,598.510126757256,143.2066830473143,0.19571428571428573,0.24571428571428572,0.0
PHASE 3A,343,275200,272,2358.6791330384062,1571.5990195683119,2829.8286366477705,614.5155419027246,598.510126757256,143.2066830473143,0.19571428571428573,0.24571428571428572,0.0
PHASE 3A,344,276000,276,2358.5083972787747,1571.5990195683119,2829.8286366477705,616.522704643177,595.7412245088663,143.28055851585253,0.19571428571428573,0.24571428571428572,0.0
PHASE 3A,345,276800,276,2358.5083972787747,1571.5990195683119,2829.8286366477705,616.5227046431769,595.7412245088663,143.28055851585253,0.19571428571428573,0.24571428571428572,0.0
PHASE 3A,346,277600,276,2358.5083972787747,1571.5990195683119,2829.8286366477705,616.5227046431769,595.7412245088663,143.28055851585253,0.19571428571428573,0.24571428571428572,0.0
PHASE 3A,347,278400,276,2358.5083972787747,1571.5990195683119,2829.8286366477705,616.5227046431769,595.7412245088663,143.28055851585253,0.19571428571428573,0.24571428571428572,0.0
PHASE 3A,348,279200,276,2358.5083972787747,1571.5990195683119,2829.8286366477705,616.5227046431769,595.7412245088663,143.28055851585253,0.19571428571428573,0.24571428571428572,0.0
PHASE 3A,349,280000,280,2368.7936194679714,1571.5990195683119,2872.4140617268454,621.9352767514646,595.3159902442789,143.94279405903967,0.19571428571428573,0.24571428571428572,0.0
PHASE 3A,350,280800,280,2368.7936194679714,1571.5990195683119,2872.4140617268454,621.9352767514647,595.315990244279,143.94279405903967,0.19571428571428573,0.24571428571428572,0.0
PHASE 3A,351,281600,280,2368.7936194679714,1571.5990195683119,2872.4140617268454,621.9352767514647,595.315990244279,143.94279405903967,0.19571428571428573,0.24571428571428572,0.0
PHASE 3A,352,282400,280,2368.7936194679714,1571.5990195683119,2872.4140617268454,621.9352767514647,595.315990244279,143.94279405903967,0.19571428571428573,0.24571428571428572,0.0
PHASE 3A,353,283200,280,2368.7936194679714,1571.5990195683119,2872.4140617268454,621.9352767514647,595.315990244279,143.94279405903967,0.19571428571428573,0.24571428571428572,0.0
PHASE 3A,354,284000,284,2378.385106247408,1571.5990195683119,2872.4140617268454,628.6569625645342,595.7627721960937,144.2456714358588,0.19571428571428573,0.24571428571428572,0.0
PHASE 3A,355,284800,284,2378.385106247408,1571.5990195683119,2872.4140617268454,628.6569625645342,595.7627721960938,144.2456714358588,0.19571428571428573,0.24571428571428572,0.0
PHASE 3A,356,285600,284,2378.385106247408,1571.5990195683119,2872.4140617268454,628.6569625645342,595.7627721960938,144.2456714358588,0.19571428571428573,0.24571428571428572,0.0
PHASE 3A,357,286400,284,2378.385106247408,1571.5990195683119,2872.4140617268454,628.6569625645342,595.7627721960938,144.2456714358588,0.19571428571428573,0.24571428571428572,0.0
PHASE 3A,358,287200,284,2378.385106247408,1571.5990195683119,2872.4140617268454,628.6569625645342,595.7627721960938,144.2456714358588,0.19571428571428573,0.24571428571428572,0.0
PHASE 3A,359,288000,288,2368.6128832920303,1571.5990195683119,2872.4140617268454,623.5786246700708,592.9015991949874,144.01658242838275,0.19571428571428573,0.24571428571428572,0.0
PHASE 3A,360,288800,288,2368.6128832920303,1571.5990195683119,2872.4140617268454,623.5786246700708,592.9015991949873,144.01658242838272,0.19571428571428573,0.24571428571428572,0.0
PHASE 3A,361,289600,288,2368.6128832920303,1571.5990195683119,2872.4140617268454,623.5786246700708,592.9015991949873,144.01658242838272,0.19571428571428573,0.24571428571428572,0.0
PHASE 3A,362,290400,288,2368.6128832920303,1571.5990195683119,2872.4140617268454,623.5786246700708,592.9015991949873,144.01658242838272,0.19571428571428573,0.24571428571428572,0.0
PHASE 3A,363,291200,288,2368.6128832920303,1571.5990195683119,2872.4140617268454,623.5786246700708,592.9015991949873,144.01658242838272,0.19571428571428573,0.24571428571428572,0.0
PHASE 3A,364,292000,292,2359.437639162408,1571.5990195683119,2872.4140617268454,622.665620104814,586.9922533016193,143.72247071950812,0.19571428571428573,0.24571428571428572,0.0
PHASE 3A,365,292800,292,2359.437639162408,1571.5990195683119,2872.4140617268454,622.665620104814,586.9922533016193,143.72247071950812,0.19571428571428573,0.24571428571428572,0.0
PHASE 3A,366,293600,292,2359.437639162408,1571.5990195683119,2872.4140617268454,622.665620104814,586.9922533016193,143.72247071950812,0.19571428571428573,0.24571428571428572,0.0
PHASE 3A,367,294400,292,2359.437639162408,1571.5990195683119,2872.4140617268454,622.665620104814,586.9922533016193,143.72247071950812,0.19571428571428573,0.24571428571428572,0.0
PHASE 3A,368,295200,292,2359.437639162408,1571.5990195683119,2872.4140617268454,622.665620104814,586.9922533016193,143.72247071950812,0.19571428571428573,0.24571428571428572,0.0
PHASE 3A,369,296000,296,2354.1224876756014,1531.9662770725504,2872.4140617268454,619.6775331168005,582.4112698323046,144.0042105908233,0.19571428571428573,0.24571428571428572,0.0
PHASE 3A,370,296800,296,2354.122487675601,1531.9662770725504,2872.4140617268454,619.6775331168005,582.4112698323045,144.0042105908233,0.19571428571428573,0.24571428571428572,0.0
PHASE 3A,371,297600,296,2354.122487675601,1531.9662770725504,2872.4140617268454,619.6775331168005,582.4112698323045,144.0042105908233,0.19571428571428573,0.24571428571428572,0.0
PHASE 3A,372,298400,296,2354.122487675601,1531.9662770725504,2872.4140617268454,619.6775331168005,582.4112698323045,144.0042105908233,0.19571428571428573,0.24571428571428572,0.0
PHASE 3A,373,299200,296,2354.122487675601,1531.9662770725504,2872.4140617268454,619.6775331168005,582.4112698323045,144.0042105908233,0.19571428571428573,0.24571428571428572,0.0
PHASE 3A,374,300000,300,2353.3699476248944,1531.9662770725504,2872.4140617268454,620.1026074734115,583.5363240260942,143.7163770156849,0.19571428571428573,0.24571428571428572,0.0
PHASE 3A,375,300800,300,2353.3699476248944,1531.9662770725504,2872.4140617268454,620.1026074734116,583.5363240260943,143.7163770156849,0.19571428571428573,0.24571428571428572,0.0
PHASE 3A,376,301600,300,2353.3699476248944,1531.9662770725504,2872.4140617268454,620.1026074734116,583.5363240260943,143.7163770156849,0.19571428571428573,0.24571428571428572,0.0
PHASE 3A,377,302400,300,2353.3699476248944,1531.9662770725504,2872.4140617268454,620.1026074734116,583.5363240260943,143.7163770156849,0.19571428571428573,0.24571428571428572,0.0
PHASE 3A,378,303200,300,2353.3699476248944,1531.9662770725504,2872.4140617268454,620.1026074734116,583.5363240260943,143.7163770156849,0.19571428571428573,0.24571428571428572,0.0
PHASE 3A,379,304000,304,2366.2670779262976,1531.9662770725504,2872.4140617268454,629.6010428960374,583.266838869361,144.1748995201236,0.19571428571428573,0.24571428571428572,0.0
PHASE 3A,380,304800,304,2366.267077926297,1531.9662770725504,2872.4140617268454,629.6010428960374,583.266838869361,144.1748995201236,0.19571428571428573,0.24571428571428572,0.0
PHASE 3A,381,305600,304,2366.267077926297,1531.9662770725504,2872.4140617268454,629.6010428960374,583.266838869361,144.1748995201236,0.19571428571428573,0.24571428571428572,0.0
PHASE 3A,382,306400,304,2366.267077926297,1531.9662770725504,2872.4140617268454,629.6010428960374,583.266838869361,144.1748995201236,0.19571428571428573,0.24571428571428572,0.0
PHASE 3A,383,307200,304,2366.267077926297,1531.9662770725504,2872.4140617268454,629.6010428960374,583.266838869361,144.1748995201236,0.19571428571428573,0.24571428571428572,0.0
PHASE 3A,384,308000,308,2370.2195111813357,1531.9662770725504,2872.4140617268454,627.3513831720877,590.5659713209582,144.03776958604755,0.19571428571428573,0.24571428571428572,0.0
PHASE 3A,385,308800,308,2370.219511181336,1531.9662770725504,2872.4140617268454,627.3513831720877,590.5659713209583,144.03776958604755,0.19571428571428573,0.24571428571428572,0.0
PHASE 3A,386,309600,308,2370.219511181336,1531.9662770725504,2872.4140617268454,627.3513831720877,590.5659713209583,144.03776958604755,0.19571428571428573,0.24571428571428572,0.0
PHASE 3A,387,310400,308,2370.219511181336,1531.9662770725504,2872.4140617268454,627.3513831720877,590.5659713209583,144.03776958604755,0.19571428571428573,0.24571428571428572,0.0
PHASE 3A,388,311200,308,2370.219511181336,1531.9662770725504,2872.4140617268454,627.3513831720877,590.5659713209583,144.03776958604755,0.19571428571428573,0.24571428571428572,0.0
PHASE 3A,389,312000,312,2361.027666308921,1531.9662770725504,2872.4140617268454,621.6500190419714,588.2330371437691,143.89307626540878,0.19571428571428573,0.24571428571428572,0.0
PHASE 3A,390,312800,312,2361.0276663089207,1531.9662770725504,2872.4140617268454,621.6500190419715,588.2330371437691,143.89307626540878,0.19571428571428573,0.24571428571428572,0.0
PHASE 3A,391,313600,312,2361.0276663089207,1531.9662770725504,2872.4140617268454,621.6500190419715,588.2330371437691,143.89307626540878,0.19571428571428573,0.24571428571428572,0.0
PHASE 3A,392,314400,312,2361.0276663089207,1531.9662770725504,2872.4140617268454,621.6500190419715,588.2330371437691,143.89307626540878,0.19571428571428573,0.24571428571428572,0.0
PHASE 3A,393,315200,312,2361.0276663089207,1531.9662770725504,2872.4140617268454,621.6500190419715,588.2330371437691,143.89307626540878,0.19571428571428573,0.24571428571428572,0.0
PHASE 3A,394,316000,316,2351.7985575931843,1531.9662770725504,2872.4140617268454,615.0898806377807,586.8892498600727,143.72742838692756,0.19571428571428573,0.24571428571428572,0.0
PHASE 3A,395,316800,316,2351.7985575931843,1531.9662770725504,2872.4140617268454,615.0898806377805,586.8892498600726,143.72742838692756,0.19571428571428573,0.24571428571428572,0.0
PHASE 3A,396,317600,316,2351.7985575931843,1531.9662770725504,2872.4140617268454,615.0898806377805,586.8892498600726,143.72742838692756,0.19571428571428573,0.24571428571428572,0.0
PHASE 3A,397,318400,316,2351.7985575931843,1531.9662770725504,2872.4140617268454,615.0898806377805,586.8892498600726,143.72742838692756,0.19571428571428573,0.24571428571428572,0.0
PHASE 3A,398,319200,316,2351.7985575931843,1531.9662770725504,2872.4140617268454,615.0898806377805,586.8892498600726,143.72742838692756,0.19571428571428573,0.24571428571428572,0.0
PHASE 3A,399,320000,320,2347.765410531359,1531.9662770725504,2872.4140617268454,611.7530840025719,586.0217464278593,143.74882251262727,0.19571428571428573,0.24571428571428572,0.0
PHASE 3A,400,320800,320,2347.7654105313595,1531.9662770725504,2872.4140617268454,611.753084002572,586.0217464278593,143.74882251262727,0.19571428571428573,0.24571428571428572,0.0
PHASE 3A,401,321600,320,2347.7654105313595,1531.9662770725504,2872.4140617268454,611.753084002572,586.0217464278593,143.74882251262727,0.19571428571428573,0.24571428571428572,0.0
PHASE 3A,402,322400,320,2347.7654105313595,1531.9662770725504,2872.4140617268454,611.753084002572,586.0217464278593,143.74882251262727,0.19571428571428573,0.24571428571428572,0.0
PHASE 3A,403,323200,320,2347.7654105313595,1531.9662770725504,2872.4140617268454,611.753084002572,586.0217464278593,143.74882251262727,0.19571428571428573,0.24571428571428572,0.0
PHASE 3A,404,324000,324,2360.5385347278557,1531.9662770725504,2872.4140617268454,616.6651384577567,587.6229889532947,144.53130091461182,0.19571428571428573,0.24571428571428572,0.0
PHASE 3A,405,324800,324,2360.5385347278557,1531.9662770725504,2872.4140617268454,616.6651384577568,587.6229889532947,144.53130091461182,0.19571428571428573,0.24571428571428572,0.0
PHASE 3A,406,325600,324,2360.5385347278557,1531.9662770725504,2872.4140617268454,616.6651384577568,587.6229889532947,144.53130091461182,0.19571428571428573,0.24571428571428572,0.0
PHASE 3A,407,326400,324,2360.5385347278557,1531.9662770725504,2872.4140617268454,616.6651384577568,587.6229889532947,144.53130091461182,0.19571428571428573,0.24571428571428572,0.0
PHASE 3A,408,327200,324,2360.5385347278557,1531.9662770725504,2872.4140617268454,616.6651384577568,587.6229889532947,144.53130091461182,0.19571428571428573,0.24571428571428572,0.0
PHASE 3A,409,328000,328,2357.174977151504,1531.9662770725504,2872.4140617268454,616.6183414668718,586.9281424578337,144.20356165336108,0.19571428571428573,0.24571428571428572,0.0
PHASE 3A,410,328800,328,2357.1749771515033,1531.9662770725504,2872.4140617268454,616.6183414668718,586.9281424578337,144.20356165336108,0.19571428571428573,0.24571428571428572,0.0
PHASE 3A,411,329600,328,2357.1749771515033,1531.9662770725504,2872.4140617268454,616.6183414668718,586.9281424578337,144.20356165336108,0.19571428571428573,0.24571428571428572,0.0
PHASE 3A,412,330400,328,2357.1749771515033,1531.9662770725504,2872.4140617268454,616.6183414668718,586.9281424578337,144.20356165336108,0.19571428571428573,0.24571428571428572,0.0
PHASE 3A,413,331200,328,2357.1749771515033,1531.9662770725504,2872.4140617268454,616.6183414668718,586.9281424578337,144.20356165336108,0.19571428571428573,0.24571428571428572,0.0
PHASE 3A,414,332000,332,2366.256198278915,1531.9662770725504,2872.4140617268454,615.8072535701244,593.4165389064283,144.6290507253066,0.19571428571428573,0.24571428571428572,0.0
PHASE 3A,415,332800,332,2366.256198278915,1531.9662770725504,2872.4140617268454,615.8072535701244,593.4165389064283,144.6290507253066,0.19571428571428573,0.24571428571428572,0.0
PHASE 3A,416,333600,332,2366.256198278915,1531.9662770725504,2872.4140617268454,615.8072535701244,593.4165389064283,144.6290507253066,0.19571428571428573,0.24571428571428572,0.0
PHASE 3A,417,334400,332,2366.256198278915,1531.9662770725504,2872.4140617268454,615.8072535701244,593.4165389064283,144.6290507253066,0.19571428571428573,0.24571428571428572,0.0
PHASE 3A,418,335200,332,2366.256198278915,1531.9662770725504,2872.4140617268454,615.8072535701244,593.4165389064283,144.6290507253066,0.19571428571428573,0.24571428571428572,0.0
PHASE 3A,419,336000,336,2362.6063762198146,1531.9662770725504,2872.4140617268454,613.9114341508849,592.6550077082246,144.50499179509936,0.19571428571428573,0.24571428571428572,0.0
PHASE 3A,420,336800,336,2362.606376219814,1531.9662770725504,2872.4140617268454,613.911434150885,592.6550077082246,144.50499179509936,0.19571428571428573,0.24571428571428572,0.0
PHASE 3A,421,337600,336,2362.606376219814,1531.9662770725504,2872.4140617268454,613.911434150885,592.6550077082246,144.50499179509936,0.19571428571428573,0.24571428571428572,0.0
PHASE 3A,422,338400,336,2362.606376219814,1531.9662770725504,2872.4140617268454,613.911434150885,592.6550077082246,144.50499179509936,0.19571428571428573,0.24571428571428572,0.0
PHASE 3A,423,339200,336,2362.606376219814,1531.9662770725504,2872.4140617268454,613.911434150885,592.6550077082246,144.50499179509936,0.19571428571428573,0.24571428571428572,0.0
PHASE 3A,424,340000,340,2363.640975500286,1531.9662770725504,2872.4140617268454,612.076108458837,595.0743839953465,144.56131038077427,0.19571428571428573,0.24571428571428572,0.0
PHASE 3A,425,340800,340,2363.640975500287,1531.9662770725504,2872.4140617268454,612.0761084588369,595.0743839953465,144.56131038077427,0.19571428571428573,0.24571428571428572,0.0
PHASE 3A,426,341600,340,2363.640975500287,1531.9662770725504,2872.4140617268454,612.0761084588369,595.0743839953465,144.56131038077427,0.19571428571428573,0.24571428571428572,0.0
PHASE 3A,427,342400,340,2363.640975500287,1531.9662770725504,2872.4140617268454,612.0761084588369,595.0743839953465,144.56131038077427,0.19571428571428573,0.24571428571428572,0.0
PHASE 3A,428,343200,340,2363.640975500287,1531.9662770725504,2872.4140617268454,612.0761084588369,595.0743839953465,144.56131038077427,0.19571428571428573,0.24571428571428572,0.0
PHASE 3A,429,344000,344,2367.122668606565,1531.9662770725504,2872.4140617268454,613.7489860762039,595.5224558888957,144.73140333019447,0.19571428571428573,0.24571428571428572,0.0
PHASE 3A,430,344800,344,2367.122668606565,1531.9662770725504,2872.4140617268454,613.748986076204,595.5224558888958,144.73140333019447,0.19571428571428573,0.24571428571428572,0.0
PHASE 3A,431,345600,344,2367.122668606565,1531.9662770725504,2872.4140617268454,613.748986076204,595.5224558888958,144.73140333019447,0.19571428571428573,0.24571428571428572,0.0
PHASE 3A,432,346400,344,2367.122668606565,1531.9662770725504,2872.4140617268454,613.748986076204,595.5224558888958,144.73140333019447,0.19571428571428573,0.24571428571428572,0.0
PHASE 3A,433,347200,344,2367.122668606565,1531.9662770725504,2872.4140617268454,613.748986076204,595.5224558888958,144.73140333019447,0.19571428571428573,0.24571428571428572,0.0
PHASE 3A,434,348000,348,2364.6718080827363,1531.9662770725504,2872.4140617268454,611.8086691628109,596.2845846821151,144.57231927973763,0.19571428571428573,0.24571428571428572,0.0
PHASE 3A,435,348800,348,2364.671808082737,1531.9662770725504,2872.4140617268454,611.8086691628109,596.2845846821151,144.57231927973763,0.19571428571428573,0.24571428571428572,0.0
PHASE 3A,436,349600,348,2364.671808082737,1531.9662770725504,2872.4140617268454,611.8086691628109,596.2845846821151,144.57231927973763,0.19571428571428573,0.24571428571428572,0.0
PHASE 3A,437,350400,348,2364.671808082737,1531.9662770725504,2872.4140617268454,611.8086691628109,596.2845846821151,144.57231927973763,0.19571428571428573,0.24571428571428572,0.0
PHASE 3A,438,351200,348,2364.671808082737,1531.9662770725504,2872.4140617268454,611.8086691628109,596.2845846821151,144.57231927973763,0.19571428571428573,0.24571428571428572,0.0
PHASE 3A,439,352000,352,2363.1618613617484,1531.9662770725504,2872.4140617268454,608.8721410235021,597.7361784164174,144.56919274023997,0.19571428571428573,0.24571428571428572,0.0
PHASE 3A,440,352800,352,2363.1618613617484,1531.9662770725504,2872.4140617268454,608.8721410235021,597.7361784164173,144.56919274023997,0.19571428571428573,0.24571428571428572,0.0
PHASE 3A,441,353600,352,2363.1618613617484,1531.9662770725504,2872.4140617268454,608.8721410235021,597.7361784164173,144.56919274023997,0.19571428571428573,0.24571428571428572,0.0
PHASE 3A,442,354400,352,2363.1618613617484,1531.9662770725504,2872.4140617268454,608.8721410235021,597.7361784164173,144.56919274023997,0.19571428571428573,0.24571428571428572,0.0
PHASE 3A,443,355200,352,2363.1618613617484,1531.9662770725504,2872.4140617268454,608.8721410235021,597.7361784164173,144.56919274023997,0.19571428571428573,0.24571428571428572,0.0
PHASE 3A,444,356000,356,2377.199240320204,1531.9662770725504,2872.4140617268454,609.690168897842,607.8881790058031,144.95261155208115,0.19571428571428573,0.24571428571428572,0.0
PHASE 3A,445,356800,356,2377.199240320204,1531.9662770725504,2872.4140617268454,609.690168897842,607.8881790058031,144.95261155208115,0.19571428571428573,0.24571428571428572,0.0
PHASE 3A,446,357600,356,2377.199240320204,1531.9662770725504,2872.4140617268454,609.690168897842,607.8881790058031,144.95261155208115,0.19571428571428573,0.24571428571428572,0.0
PHASE 3A,447,358400,356,2377.199240320204,1531.9662770725504,2872.4140617268454,609.690168897842,607.8881790058031,144.95261155208115,0.19571428571428573,0.24571428571428572,0.0
PHASE 3A,448,359200,356,2377.199240320204,1531.9662770725504,2872.4140617268454,609.690168897842,607.8881790058031,144.95261155208115,0.19571428571428573,0.24571428571428572,0.0
PHASE 3A,449,360000,360,2386.067564724395,1531.9662770725504,2872.4140617268454,612.2892059474095,609.2861357827614,145.56152787428925,0.19571428571428573,0.24571428571428572,0.0
PHASE 3A,450,360800,360,2386.067564724395,1531.9662770725504,2872.4140617268454,612.2892059474096,609.2861357827614,145.56152787428925,0.19571428571428573,0.24571428571428572,0.0
PHASE 3A,451,361600,360,2386.067564724395,1531.9662770725504,2872.4140617268454,612.2892059474096,609.2861357827614,145.56152787428925,0.19571428571428573,0.24571428571428572,0.0
PHASE 3A,452,362400,360,2386.067564724395,1531.9662770725504,2872.4140617268454,612.2892059474096,609.2861357827614,145.56152787428925,0.19571428571428573,0.24571428571428572,0.0
PHASE 3A,453,363200,360,2386.067564724395,1531.9662770725504,2872.4140617268454,612.2892059474096,609.2861357827614,145.56152787428925,0.19571428571428573,0.24571428571428572,0.0
PHASE 3A,454,364000,364,2401.7938921987557,1531.9662770725504,2872.4140617268454,618.0672208389096,613.4765518695312,146.2812649363006,0.19571428571428573,0.24571428571428572,0.0
PHASE 3A,455,364800,364,2401.7938921987557,1531.9662770725504,2872.4140617268454,618.0672208389096,613.4765518695311,146.2812649363006,0.19571428571428573,0.24571428571428572,0.0
PHASE 3A,456,365600,364,2401.7938921987557,1531.9662770725504,2872.4140617268454,618.0672208389096,613.4765518695311,146.2812649363006,0.19571428571428573,0.24571428571428572,0.0
PHASE 3A,457,366400,364,2401.7938921987557,1531.9662770725504,2872.4140617268454,618.0672208389096,613.4765518695311,146.2812649363006,0.19571428571428573,0.24571428571428572,0.0
PHASE 3A,458,367200,364,2401.7938921987557,1531.9662770725504,2872.4140617268454,618.0672208389096,613.4765518695311,146.2812649363006,0.19571428571428573,0.24571428571428572,0.0
PHASE 3A,459,368000,368,2410.4728844758847,1531.9662770725504,2872.4140617268454,619.5114076225625,619.53947588177,146.4277501214553,0.19571428571428573,0.24571428571428572,0.0
PHASE 3A,460,368800,368,2410.472884475885,1531.9662770725504,2872.4140617268454,619.5114076225625,619.5394758817702,146.4277501214553,0.19571428571428573,0.24571428571428572,0.0
PHASE 3A,461,369600,368,2410.472884475885,1531.9662770725504,2872.4140617268454,619.5114076225625,619.5394758817702,146.4277501214553,0.19571428571428573,0.24571428571428572,0.0
PHASE 3A,462,370400,368,2410.472884475885,1531.9662770725504,2872.4140617268454,619.5114076225625,619.5394758817702,146.4277501214553,0.19571428571428573,0.24571428571428572,0.0
PHASE 3A,463,371200,368,2410.472884475885,1531.9662770725504,2872.4140617268454,619.5114076225625,619.5394758817702,146.4277501214553,0.19571428571428573,0.24571428571428572,0.0
PHASE 3A,464,372000,372,2412.2328534488124,1531.9662770725504,2872.4140617268454,624.1612414406629,614.7106015877803,146.6701263025574,0.19571428571428573,0.24571428571428572,0.0
PHASE 3A,465,372800,372,2412.2328534488124,1531.9662770725504,2872.4140617268454,624.1612414406628,614.7106015877802,146.6701263025574,0.19571428571428573,0.24571428571428572,0.0
PHASE 3A,466,373600,372,2412.2328534488124,1531.9662770725504,2872.4140617268454,624.1612414406628,614.7106015877802,146.6701263025574,0.19571428571428573,0.24571428571428572,0.0
PHASE 3A,467,374400,372,2412.2328534488124,1531.9662770725504,2872.4140617268454,624.1612414406628,614.7106015877802,146.6701263025574,0.19571428571428573,0.24571428571428572,0.0
PHASE 3A,468,375200,372,2412.2328534488124,1531.9662770725504,2872.4140617268454,624.1612414406628,614.7106015877802,146.6701263025574,0.19571428571428573,0.24571428571428572,0.0
PHASE 3A,469,376000,376,2409.747834698667,1531.9662770725504,2872.4140617268454,618.3643805585878,619.4807331027007,146.48784012968346,0.19571428571428573,0.24571428571428572,0.0
PHASE 3A,470,376800,376,2409.747834698667,1531.9662770725504,2872.4140617268454,618.3643805585878,619.4807331027006,146.48784012968346,0.19571428571428573,0.24571428571428572,0.0
PHASE 3A,471,377600,376,2409.747834698667,1531.9662770725504,2872.4140617268454,618.3643805585878,619.4807331027006,146.48784012968346,0.19571428571428573,0.24571428571428572,0.0
PHASE 3A,472,378400,376,2409.747834698667,1531.9662770725504,2872.4140617268454,618.3643805585878,619.4807331027006,146.48784012968346,0.19571428571428573,0.24571428571428572,0.0
PHASE 3A,473,379200,376,2409.747834698667,1531.9662770725504,2872.4140617268454,618.3643805585878,619.4807331027006,146.48784012968346,0.19571428571428573,0.24571428571428572,0.0
PHASE 3A,474,380000,380,2403.837757630899,1531.9662770725504,2854.3272653906006,617.8590745949335,616.7675698170785,146.15138915237208,0.19571428571428573,0.24571428571428572,0.0
PHASE 3A,475,380800,380,2403.837757630899,1531.9662770725504,2854.3272653906006,617.8590745949336,616.7675698170787,146.15138915237208,0.19571428571428573,0.24571428571428572,0.0
PHASE 3A,476,381600,380,2403.837757630899,1531.9662770725504,2854.3272653906006,617.8590745949336,616.7675698170787,146.15138915237208,0.19571428571428573,0.24571428571428572,0.0
PHASE 3A,477,382400,380,2403.837757630899,1531.9662770725504,2854.3272653906006,617.8590745949336,616.7675698170787,146.15138915237208,0.19571428571428573,0.24571428571428572,0.0
PHASE 3A,478,383200,380,2403.837757630899,1531.9662770725504,2854.3272653906006,617.8590745949336,616.7675698170787,146.15138915237208,0.19571428571428573,0.24571428571428572,0.0
PHASE 3A,479,384000,384,2397.6881842195658,1531.9662770725504,2854.3272653906006,617.2028153272399,613.254683954133,145.90383561728532,0.19571428571428573,0.24571428571428572,0.0
PHASE 3A,480,384800,384,2397.6881842195658,1531.9662770725504,2854.3272653906006,617.2028153272398,613.254683954133,145.9038356172853,0.19571428571428573,0.24571428571428572,0.0
PHASE 3A,481,385600,384,2397.6881842195658,1531.9662770725504,2854.3272653906006,617.2028153272398,613.254683954133,145.9038356172853,0.19571428571428573,0.24571428571428572,0.0
PHASE 3A,482,386400,384,2397.6881842195658,1531.9662770725504,2854.3272653906006,617.2028153272398,613.254683954133,145.9038356172853,0.19571428571428573,0.24571428571428572,0.0
PHASE 3A,483,387200,384,2397.6881842195658,1531.9662770725504,2854.3272653906006,617.2028153272398,613.254683954133,145.9038356172853,0.19571428571428573,0.24571428571428572,0.0
PHASE 3A,484,388000,388,2403.7558668949987,1531.9662770725504,2854.3272653906006,619.8967814802178,616.4638405825857,145.92440560403568,0.19571428571428573,0.24571428571428572,0.0
PHASE 3A,485,388800,388,2403.7558668949987,1531.9662770725504,2854.3272653906006,619.8967814802178,616.4638405825857,145.92440560403568,0.19571428571428573,0.24571428571428572,0.0
PHASE 3A,486,389600,388,2403.7558668949987,1531.9662770725504,2854.3272653906006,619.8967814802178,616.4638405825857,145.92440560403568,0.19571428571428573,0.24571428571428572,0.0
PHASE 3A,487,390400,388,2403.7558668949987,1531.9662770725504,2854.3272653906006,619.8967814802178,616.4638405825857,145.92440560403568,0.19571428571428573,0.24571428571428572,0.0
PHASE 3A,488,391200,388,2403.7558668949987,1531.9662770725504,2854.3272653906006,619.8967814802178,616.4638405825857,145.92440560403568,0.19571428571428573,0.24571428571428572,0.0
PHASE 3A,489,392000,392,2412.6013485413614,1531.9662770725504,2854.3272653906006,622.1785720569845,621.2836994454697,146.14238462987464,0.19571428571428573,0.24571428571428572,0.0
PHASE 3A,490,392800,392,2412.6013485413614,1531.9662770725504,2854.3272653906006,622.1785720569845,621.2836994454696,146.14238462987464,0.19571428571428573,0.24571428571428572,0.0
PHASE 3A,491,393600,392,2412.6013485413614,1531.9662770725504,2854.3272653906006,622.1785720569845,621.2836994454696,146.14238462987464,0.19571428571428573,0.24571428571428572,0.0
PHASE 3A,492,394400,392,2412.6013485413614,1531.9662770725504,2854.3272653906006,622.1785720569845,621.2836994454696,146.14238462987464,0.19571428571428573,0.24571428571428572,0.0
PHASE 3A,493,395200,392,2412.6013485413614,1531.9662770725504,2854.3272653906006,622.1785720569845,621.2836994454696,146.14238462987464,0.19571428571428573,0.24571428571428572,0.0
PHASE 3A,494,396000,396,2429.951297268757,1568.11539981811,2854.3272653906006,629.0163729869361,627.7439115947843,146.64887658589086,0.19571428571428573,0.24571428571428572,0.0
PHASE 3A,495,396800,396,2429.9512972687567,1568.11539981811,2854.3272653906006,629.0163729869361,627.7439115947843,146.64887658589086,0.19571428571428573,0.24571428571428572,0.0
PHASE 3A,496,397600,396,2429.9512972687567,1568.11539981811,2854.3272653906006,629.0163729869361,627.7439115947843,146.64887658589086,0.19571428571428573,0.24571428571428572,0.0
PHASE 3A,497,398400,396,2429.9512972687567,1568.11539981811,2854.3272653906006,629.0163729869361,627.7439115947843,146.64887658589086,0.19571428571428573,0.24571428571428572,0.0
PHASE 3A,498,399200,396,2429.9512972687567,1568.11539981811,2854.3272653906006,629.0163729869361,627.7439115947843,146.64887658589086,0.19571428571428573,0.24571428571428572,0.0
PHASE 3A,499,400000,400,2436.855027449239,1568.11539981811,2854.3272653906006,633.0722456312254,626.9450652255293,147.1047145740718,0.19571428571428573,0.24571428571428572,0.0
PHASE 3B,0,800,0,,,,,,,0.19571428571428573,0.24571428571428572,0.0
PHASE 3B,1,1600,0,,,,,,,0.19571428571428573,0.24571428571428572,0.0
PHASE 3B,2,2400,0,,,,,,,0.19571428571428573,0.24571428571428572,0.0
PHASE 3B,3,3200,0,,,,,,,0.19571428571428573,0.24571428571428572,0.0
PHASE 3B,4,4000,4,2378.5418594565,1850.2505948465564,2611.334262402559,604.1678529780434,547.952953884827,153.30263157421504,0.19571428571428573,0.24571428571428572,0.0
PHASE 3B,5,4800,4,2378.5418594565,1850.2505948465564,2611.334262402559,604.1678529780434,547.952953884827,153.30263157421504,0.19571428571428573,0.24571428571428572,0.0
PHASE 3B,6,5600,4,2378.5418594565,1850.2505948465564,2611.334262402559,604.1678529780434,547.952953884827,153.30263157421504,0.19571428571428573,0.24571428571428572,0.0
PHASE 3B,7,6400,4,2378.5418594565,1850.2505948465564,2611.334262402559,604.1678529780434,547.952953884827,153.30263157421504,0.19571428571428573,0.24571428571428572,0.0
PHASE 3B,8,7200,4,2378.5418594565,1850.2505948465564,2611.334262402559,604.1678529780434,547.952953884827,153.30263157421504,0.19571428571428573,0.24571428571428572,0.0
PHASE 3B,9,8000,8,2530.2612782992856,1850.2505948465564,2966.8168928396517,669.6432517368345,613.4690855006893,155.89361763273203,0.19571428571428573,0.24571428571428572,0.0
PHASE 3B,10,8800,8,2530.2612782992856,1850.2505948465564,2966.8168928396517,669.6432517368345,613.4690855006893,155.89361763273203,0.19571428571428573,0.24571428571428572,0.0
PHASE 3B,11,9600,8,2530.2612782992856,1850.2505948465564,2966.8168928396517,669.6432517368345,613.4690855006893,155.89361763273203,0.19571428571428573,0.24571428571428572,0.0
PHASE 3B,12,10400,8,2530.2612782992856,1850.2505948465564,2966.8168928396517,669.6432517368345,613.4690855006893,155.89361763273203,0.19571428571428573,0.24571428571428572,0.0
PHASE 3B,13,11200,8,2530.2612782992856,1850.2505948465564,2966.8168928396517,669.6432517368345,613.4690855006893,155.89361763273203,0.19571428571428573,0.24571428571428572,0.0
PHASE 3B,14,12000,12,2569.4371173008626,1850.2505948465564,2966.8168928396517,704.9785464267887,612.3625313929174,156.51200493515645,0.19571428571428573,0.24571428571428572,0.0
PHASE 3B,15,12800,12,2569.4371173008626,1850.2505948465564,2966.8168928396517,704.9785464267885,612.3625313929173,156.51200493515645,0.19571428571428573,0.24571428571428572,0.0
PHASE 3B,16,13600,12,2569.4371173008626,1850.2505948465564,2966.8168928396517,704.9785464267885,612.3625313929173,156.51200493515645,0.19571428571428573,0.24571428571428572,0.0
PHASE 3B,17,14400,12,2569.4371173008626,1850.2505948465564,2966.8168928396517,704.9785464267885,612.3625313929173,156.51200493515645,0.19571428571428573,0.24571428571428572,0.0
PHASE 3B,18,15200,12,2569.4371173008626,1850.2505948465564,2966.8168928396517,704.9785464267885,612.3625313929173,156.51200493515645,0.19571428571428573,0.24571428571428572,0.0
PHASE 3B,19,16000,16,2555.36825160195,1850.2505948465564,2966.8168928396517,675.8563145046984,632.2905168802783,155.9026775271331,0.19571428571428573,0.24571428571428572,0.0
PHASE 3B,20,16800,16,2555.36825160195,1850.2505948465564,2966.8168928396517,675.8563145046984,632.2905168802783,155.9026775271331,0.19571428571428573,0.24571428571428572,0.0
PHASE 3B,21,17600,16,2555.36825160195,1850.2505948465564,2966.8168928396517,675.8563145046984,632.2905168802783,155.9026775271331,0.19571428571428573,0.24571428571428572,0.0
PHASE 3B,22,18400,16,2555.36825160195,1850.2505948465564,2966.8168928396517,675.8563145046984,632.2905168802783,155.9026775271331,0.19571428571428573,0.24571428571428572,0.0
PHASE 3B,23,19200,16,2555.36825160195,1850.2505948465564,2966.8168928396517,675.8563145046984,632.2905168802783,155.9026775271331,0.19571428571428573,0.24571428571428572,0.0
PHASE 3B,24,20000,20,2550.0187731230703,1850.2505948465564,2966.8168928396517,675.5539381128599,631.8831466800996,155.3227110412759,0.19571428571428573,0.24571428571428572,0.0
PHASE 3B,25,20800,20,2550.0187731230703,1850.2505948465564,2966.8168928396517,675.55393811286,631.8831466800995,155.3227110412759,0.19571428571428573,0.24571428571428572,0.0
PHASE 3B,26,21600,20,2550.0187731230703,1850.2505948465564,2966.8168928396517,675.55393811286,631.8831466800995,155.3227110412759,0.19571428571428573,0.24571428571428572,0.0
PHASE 3B,27,22400,20,2550.0187731230703,1850.2505948465564,2966.8168928396517,675.55393811286,631.8831466800995,155.3227110412759,0.19571428571428573,0.24571428571428572,0.0
PHASE 3B,28,23200,20,2550.0187731230703,1850.2505948465564,2966.8168928396517,675.55393811286,631.8831466800995,155.3227110412759,0.19571428571428573,0.24571428571428572,0.0
PHASE 3B,29,24000,24,2596.2410688140444,1850.2505948465564,3032.217733132136,704.2231988132993,635.2810106864988,157.09210741429249,0.19571428571428573,0.24571428571428572,0.0
PHASE 3B,30,24800,24,2596.2410688140444,1850.2505948465564,3032.217733132136,704.2231988132993,635.2810106864988,157.0921074142925,0.19571428571428573,0.24571428571428572,0.0
PHASE 3B,31,25600,24,2596.2410688140444,1850.2505948465564,3032.217733132136,704.2231988132993,635.2810106864988,157.0921074142925,0.19571428571428573,0.24571428571428572,0.0
PHASE 3B,32,26400,24,2596.2410688140444,1850.2505948465564,3032.217733132136,704.2231988132993,635.2810106864988,157.0921074142925,0.19571428571428573,0.24571428571428572,0.0
PHASE 3B,33,27200,24,2596.2410688140444,1850.2505948465564,3032.217733132136,704.2231988132993,635.2810106864988,157.0921074142925,0.19571428571428573,0.24571428571428572,0.0
PHASE 3B,34,28000,28,2588.342815381861,1850.2505948465564,3032.217733132136,698.8032095569946,642.2005093391882,155.9173870607212,0.19571428571428573,0.24571428571428572,0.0
PHASE 3B,35,28800,28,2588.3428153818613,1850.2505948465564,3032.217733132136,698.8032095569946,642.2005093391882,155.9173870607212,0.19571428571428573,0.24571428571428572,0.0
PHASE 3B,36,29600,28,2588.3428153818613,1850.2505948465564,3032.217733132136,698.8032095569946,642.2005093391882,155.9173870607212,0.19571428571428573,0.24571428571428572,0.0
PHASE 3B,37,30400,28,2588.3428153818613,1850.2505948465564,3032.217733132136,698.8032095569946,642.2005093391882,155.9173870607212,0.19571428571428573,0.24571428571428572,0.0
PHASE 3B,38,31200,28,2588.3428153818613,1850.2505948465564,3032.217733132136,698.8032095569946,642.2005093391882,155.9173870607212,0.19571428571428573,0.24571428571428572,0.0
PHASE 3B,39,32000,32,2583.5793626807713,1850.2505948465564,3032.217733132136,698.6075452365293,642.1680848965357,155.35046656847476,0.19571428571428573,0.24571428571428572,0.0
PHASE 3B,40,32800,32,2583.5793626807713,1850.2505948465564,3032.217733132136,698.6075452365292,642.1680848965356,155.35046656847476,0.19571428571428573,0.24571428571428572,0.0
PHASE 3B,41,33600,32,2583.5793626807713,1850.2505948465564,3032.217733132136,698.6075452365292,642.1680848965356,155.35046656847476,0.19571428571428573,0.24571428571428572,0.0
PHASE 3B,42,34400,32,2583.5793626807713,1850.2505948465564,3032.217733132136,698.6075452365292,642.1680848965356,155.35046656847476,0.19571428571428573,0.24571428571428572,0.0
PHASE 3B,43,35200,32,2583.5793626807713,1850.2505948465564,3032.217733132136,698.6075452365292,642.1680848965356,155.35046656847476,0.19571428571428573,0.24571428571428572,0.0
PHASE 3B,44,36000,36,2585.110203687714,1850.2505948465564,3032.217733132136,701.553734286894,638.7806522210443,155.59697714748353,0.19571428571428573,0.24571428571428572,0.0
PHASE 3B,45,36800,36,2585.110203687714,1850.2505948465564,3032.217733132136,701.5537342868938,638.7806522210444,155.59697714748353,0.19571428571428573,0.24571428571428572,0.0
PHASE 3B,46,37600,36,2585.110203687714,1850.2505948465564,3032.217733132136,701.5537342868938,638.7806522210444,155.59697714748353,0.19571428571428573,0.24571428571428572,0.0
PHASE 3B,47,38400,36,2585.110203687714,1850.2505948465564,3032.217733132136,701.5537342868938,638.7806522210444,155.59697714748353,0.19571428571428573,0.24571428571428572,0.0
PHASE 3B,48,39200,36,2585.110203687714,1850.2505948465564,3032.217733132136,701.5537342868938,638.7806522210444,155.59697714748353,0.19571428571428573,0.24571428571428572,0.0
PHASE 3B,49,40000,40,2582.9264422078604,1850.2505948465564,3032.217733132136,702.3849261880138,636.6867216283463,155.481849298949,0.19571428571428573,0.24571428571428572,0.0
PHASE 3B,50,40800,40,2582.9264422078604,1850.2505948465564,3032.217733132136,702.3849261880138,636.6867216283463,155.48184929894902,0.19571428571428573,0.24571428571428572,0.0
PHASE 3B,51,41600,40,2582.9264422078604,1850.2505948465564,3032.217733132136,702.3849261880138,636.6867216283463,155.48184929894902,0.19571428571428573,0.24571428571428572,0.0
PHASE 3B,52,42400,40,2582.9264422078604,1850.2505948465564,3032.217733132136,702.3849261880138,636.6867216283463,155.48184929894902,0.19571428571428573,0.24571428571428572,0.0
PHASE 3B,53,43200,40,2582.9264422078604,1850.2505948465564,3032.217733132136,702.3849261880138,636.6867216283463,155.48184929894902,0.19571428571428573,0.24571428571428572,0.0
PHASE 3B,54,44000,44,2586.789029471745,1850.2505948465564,3032.217733132136,698.1484498324369,641.9181381927602,155.84030518082992,0.19571428571428573,0.24571428571428572,0.0
PHASE 3B,55,44800,44,2586.789029471745,1850.2505948465564,3032.217733132136,698.1484498324368,641.9181381927602,155.84030518082992,0.19571428571428573,0.24571428571428572,0.0
PHASE 3B,56,45600,44,2586.789029471745,1850.2505948465564,3032.217733132136,698.1484498324368,641.9181381927602,155.84030518082992,0.19571428571428573,0.24571428571428572,0.0
PHASE 3B,57,46400,44,2586.789029471745,1850.2505948465564,3032.217733132136,698.1484498324368,641.9181381927602,155.84030518082992,0.19571428571428573,0.24571428571428572,0.0
PHASE 3B,58,47200,44,2586.789029471745,1850.2505948465564,3032.217733132136,698.1484498324368,641.9181381927602,155.84030518082992,0.19571428571428573,0.24571428571428572,0.0
PHASE 3B,59,48000,48,2584.855423902178,1850.2505948465564,3032.217733132136,696.2888358129788,644.111343009812,155.5569056349347,0.19571428571428573,0.24571428571428572,0.0
PHASE 3B,60,48800,48,2584.855423902178,1850.2505948465564,3032.217733132136,696.2888358129786,644.1113430098121,155.5569056349347,0.19571428571428573,0.24571428571428572,0.0
PHASE 3B,61,49600,48,2584.855423902178,1850.2505948465564,3032.217733132136,696.2888358129786,644.1113430098121,155.5569056349347,0.19571428571428573,0.24571428571428572,0.0
PHASE 3B,62,50400,48,2584.855423902178,1850.2505948465564,3032.217733132136,696.2888358129786,644.1113430098121,155.5569056349347,0.19571428571428573,0.24571428571428572,0.0
PHASE 3B,63,51200,48,2584.855423902178,1850.2505948465564,3032.217733132136,696.2888358129786,644.1113430098121,155.5569056349347,0.19571428571428573,0.24571428571428572,0.0
PHASE 3B,64,52000,52,2586.8120291600617,1850.2505948465564,3032.217733132136,697.5276759859287,644.7814557153143,155.56286218236374,0.19571428571428573,0.24571428571428572,0.0
PHASE 3B,65,52800,52,2586.8120291600617,1850.2505948465564,3032.217733132136,697.5276759859287,644.7814557153143,155.56286218236374,0.19571428571428573,0.24571428571428572,0.0
PHASE 3B,66,53600,52,2586.8120291600617,1850.2505948465564,3032.217733132136,697.5276759859287,644.7814557153143,155.56286218236374,0.19571428571428573,0.24571428571428572,0.0
PHASE 3B,67,54400,52,2586.8120291600617,1850.2505948465564,3032.217733132136,697.5276759859287,644.7814557153143,155.56286218236374,0.19571428571428573,0.24571428571428572,0.0
PHASE 3B,68,55200,52,2586.8120291600617,1850.2505948465564,3032.217733132136,697.5276759859287,644.7814557153143,155.56286218236374,0.19571428571428573,0.24571428571428572,0.0
PHASE 3B,69,56000,56,2593.547878549678,1850.2505948465564,3032.217733132136,699.1152995164975,646.1372579132284,156.0369151400054,0.19571428571428573,0.24571428571428572,0.0
PHASE 3B,70,56800,56,2593.547878549678,1850.2505948465564,3032.217733132136,699.1152995164975,646.1372579132284,156.0369151400054,0.19571428571428573,0.24571428571428572,0.0
PHASE 3B,71,57600,56,2593.547878549678,1850.2505948465564,3032.217733132136,699.1152995164975,646.1372579132284,156.0369151400054,0.19571428571428573,0.24571428571428572,0.0
PHASE 3B,72,58400,56,2593.547878549678,1850.2505948465564,3032.217733132136,699.1152995164975,646.1372579132284,156.0369151400054,0.19571428571428573,0.24571428571428572,0.0
PHASE 3B,73,59200,56,2593.547878549678,1850.2505948465564,3032.217733132136,699.1152995164975,646.1372579132284,156.0369151400054,0.19571428571428573,0.24571428571428572,0.0
PHASE 3B,74,60000,60,2599.679065481116,1850.2505948465564,3032.217733132136,697.7016680042868,649.9499165354948,156.50343511767807,0.19571428571428573,0.24571428571428572,0.0
PHASE 3B,75,60800,60,2599.679065481116,1850.2505948465564,3032.217733132136,697.7016680042868,649.9499165354947,156.5034351176781,0.19571428571428573,0.24571428571428572,0.0
PHASE 3B,76,61600,60,2599.679065481116,1850.2505948465564,3032.217733132136,697.7016680042868,649.9499165354947,156.5034351176781,0.19571428571428573,0.24571428571428572,0.0
PHASE 3B,77,62400,60,2599.679065481116,1850.2505948465564,3032.217733132136,697.7016680042868,649.9499165354947,156.5034351176781,0.19571428571428573,0.24571428571428572,0.0
PHASE 3B,78,63200,60,2599.679065481116,1850.2505948465564,3032.217733132136,697.7016680042868,649.9499165354947,156.5034351176781,0.19571428571428573,0.24571428571428572,0.0
PHASE 3B,79,64000,64,2587.9741349598044,1850.2505948465564,3032.217733132136,695.0551685204722,640.6892220769892,156.52871804530406,0.19571428571428573,0.24571428571428572,0.0
PHASE 3B,80,64800,64,2587.9741349598044,1850.2505948465564,3032.217733132136,695.0551685204722,640.6892220769892,156.52871804530403,0.19571428571428573,0.24571428571428572,0.0
PHASE 3B,81,65600,64,2587.9741349598044,1850.2505948465564,3032.217733132136,695.0551685204722,640.6892220769892,156.52871804530403,0.19571428571428573,0.24571428571428572,0.0
PHASE 3B,82,66400,64,2587.9741349598044,1850.2505948465564,3032.217733132136,695.0551685204722,640.6892220769892,156.52871804530403,0.19571428571428573,0.24571428571428572,0.0
PHASE 3B,83,67200,64,2587.9741349598044,1850.2505948465564,3032.217733132136,695.0551685204722,640.6892220769892,156.52871804530403,0.19571428571428573,0.24571428571428572,0.0
PHASE 3B,84,68000,68,2592.4570692267644,1850.2505948465564,3032.217733132136,695.1440361658094,642.8636589181931,156.80617176785628,0.19571428571428573,0.24571428571428572,0.0
PHASE 3B,85,68800,68,2592.457069226764,1850.2505948465564,3032.217733132136,695.1440361658094,642.863658918193,156.80617176785628,0.19571428571428573,0.24571428571428572,0.0
PHASE 3B,86,69600,68,2592.457069226764,1850.2505948465564,3032.217733132136,695.1440361658094,642.863658918193,156.80617176785628,0.19571428571428573,0.24571428571428572,0.0
PHASE 3B,87,70400,68,2592.457069226764,1850.2505948465564,3032.217733132136,695.1440361658094,642.863658918193,156.80617176785628,0.19571428571428573,0.24571428571428572,0.0
PHASE 3B,88,71200,68,2592.457069226764,1850.2505948465564,3032.217733132136,695.1440361658094,642.863658918193,156.80617176785628,0.19571428571428573,0.24571428571428572,0.0
PHASE 3B,89,72000,72,2595.3227770415597,1850.2505948465564,3032.217733132136,695.6595556360676,644.3725768962554,156.9113305636655,0.19571428571428573,0.24571428571428572,0.0
PHASE 3B,90,72800,72,2595.3227770415597,1850.2505948465564,3032.217733132136,695.6595556360676,644.3725768962554,156.9113305636655,0.19571428571428573,0.24571428571428572,0.0
PHASE 3B,91,73600,72,2595.3227770415597,1850.2505948465564,3032.217733132136,695.6595556360676,644.3725768962554,156.9113305636655,0.19571428571428573,0.24571428571428572,0.0
PHASE 3B,92,74400,72,2595.3227770415597,1850.2505948465564,3032.217733132136,695.6595556360676,644.3725768962554,156.9113305636655,0.19571428571428573,0.24571428571428572,0.0
PHASE 3B,93,75200,72,2595.3227770415597,1850.2505948465564,3032.217733132136,695.6595556360676,644.3725768962554,156.9113305636655,0.19571428571428573,0.24571428571428572,0.0
PHASE 3B,94,76000,76,2601.500803938451,1850.2505948465564,3032.217733132136,693.7104275712377,647.3255878542099,157.55809856413623,0.19571428571428573,0.24571428571428572,0.0
PHASE 3B,95,76800,76,2601.5008039384506,1850.2505948465564,3032.217733132136,693.7104275712376,647.3255878542099,157.55809856413626,0.19571428571428573,0.24571428571428572,0.0
PHASE 3B,96,77600,76,2601.5008039384506,1850.2505948465564,3032.217733132136,693.7104275712376,647.3255878542099,157.55809856413626,0.19571428571428573,0.24571428571428572,0.0
PHASE 3B,97,78400,76,2601.5008039384506,1850.2505948465564,3032.217733132136,693.7104275712376,647.3255878542099,157.55809856413626,0.19571428571428573,0.24571428571428572,0.0
PHASE 3B,98,79200,76,2601.5008039384506,1850.2505948465564,3032.217733132136,693.7104275712376,647.3255878542099,157.55809856413626,0.19571428571428573,0.24571428571428572,0.0
PHASE 3B,99,80000,80,2594.622831774206,1850.2505948465564,3032.217733132136,692.5519420190676,641.2427591971418,157.60351631976044,0.19571428571428573,0.24571428571428572,0.0
PHASE 3B,100,80800,80,2594.622831774206,1850.2505948465564,3032.217733132136,692.5519420190676,641.2427591971418,157.60351631976044,0.19571428571428573,0.24571428571428572,0.0
PHASE 3B,101,81600,80,2594.622831774206,1850.2505948465564,3032.217733132136,692.5519420190676,641.2427591971418,157.60351631976044,0.19571428571428573,0.24571428571428572,0.0
PHASE 3B,102,82400,80,2594.622831774206,1850.2505948465564,3032.217733132136,692.5519420190676,641.2427591971418,157.60351631976044,0.19571428571428573,0.24571428571428572,0.0
PHASE 3B,103,83200,80,2594.622831774206,1850.2505948465564,3032.217733132136,692.5519420190676,641.2427591971418,157.60351631976044,0.19571428571428573,0.24571428571428572,0.0
PHASE 3B,104,84000,84,2596.9948745465313,1850.2505948465564,3032.217733132136,697.6984084845723,634.3931582414082,158.11291347757967,0.19571428571428573,0.24571428571428572,0.0
PHASE 3B,105,84800,84,2596.9948745465313,1850.2505948465564,3032.217733132136,697.6984084845725,634.3931582414082,158.11291347757964,0.19571428571428573,0.24571428571428572,0.0
PHASE 3B,106,85600,84,2596.9948745465313,1850.2505948465564,3032.217733132136,697.6984084845725,634.3931582414082,158.11291347757964,0.19571428571428573,0.24571428571428572,0.0
PHASE 3B,107,86400,84,2596.9948745465313,1850.2505948465564,3032.217733132136,697.6984084845725,634.3931582414082,158.11291347757964,0.19571428571428573,0.24571428571428572,0.0
PHASE 3B,108,87200,84,2596.9948745465313,1850.2505948465564,3032.217733132136,697.6984084845725,634.3931582414082,158.11291347757964,0.19571428571428573,0.24571428571428572,0.0
PHASE 3B,109,88000,88,2584.2783498697204,1850.2505948465564,3032.217733132136,686.5974773182993,634.442354108722,157.9048148053481,0.19571428571428573,0.24571428571428572,0.0
PHASE 3B,110,88800,88,2584.2783498697204,1850.2505948465564,3032.217733132136,686.5974773182993,634.4423541087222,157.9048148053481,0.19571428571428573,0.24571428571428572,0.0
PHASE 3B,111,89600,88,2584.2783498697204,1850.2505948465564,3032.217733132136,686.5974773182993,634.4423541087222,157.9048148053481,0.19571428571428573,0.24571428571428572,0.0
PHASE 3B,112,90400,88,2584.2783498697204,1850.2505948465564,3032.217733132136,686.5974773182993,634.4423541087222,157.9048148053481,0.19571428571428573,0.24571428571428572,0.0
PHASE 3B,113,91200,88,2584.2783498697204,1850.2505948465564,3032.217733132136,686.5974773182993,634.4423541087222,157.9048148053481,0.19571428571428573,0.24571428571428572,0.0
PHASE 3B,114,92000,92,2587.9441304278785,1850.2505948465564,3032.217733132136,686.3400942380653,637.7800516484834,157.9779980676769,0.19571428571428573,0.24571428571428572,0.0
PHASE 3B,115,92800,92,2587.9441304278785,1850.2505948465564,3032.217733132136,686.3400942380653,637.7800516484833,157.9779980676769,0.19571428571428573,0.24571428571428572,0.0
PHASE 3B,116,93600,92,2587.9441304278785,1850.2505948465564,3032.217733132136,686.3400942380653,637.7800516484833,157.9779980676769,0.19571428571428573,0.24571428571428572,0.0
PHASE 3B,117,94400,92,2587.9441304278785,1850.2505948465564,3032.217733132136,686.3400942380653,637.7800516484833,157.9779980676769,0.19571428571428573,0.24571428571428572,0.0
PHASE 3B,118,95200,92,2587.9441304278785,1850.2505948465564,3032.217733132136,686.3400942380653,637.7800516484833,157.9779980676769,0.19571428571428573,0.24571428571428572,0.0
PHASE 3B,119,96000,96,2596.6549917867756,1850.2505948465564,3104.7370377283514,686.9973378535269,643.7685518054977,158.23613776597946,0.19571428571428573,0.24571428571428572,0.0
PHASE 3B,120,96800,96,2596.6549917867756,1850.2505948465564,3104.7370377283514,686.9973378535269,643.7685518054977,158.23613776597946,0.19571428571428573,0.24571428571428572,0.0
PHASE 3B,121,97600,96,2596.6549917867756,1850.2505948465564,3104.7370377283514,686.9973378535269,643.7685518054977,158.23613776597946,0.19571428571428573,0.24571428571428572,0.0
PHASE 3B,122,98400,96,2596.6549917867756,1850.2505948465564,3104.7370377283514,686.9973378535269,643.7685518054977,158.23613776597946,0.19571428571428573,0.24571428571428572,0.0
PHASE 3B,123,99200,96,2596.6549917867756,1850.2505948465564,3104.7370377283514,686.9973378535269,643.7685518054977,158.23613776597946,0.19571428571428573,0.24571428571428572,0.0
PHASE 3B,124,100000,100,2606.5508375736385,1850.2505948465564,3104.7370377283514,690.3355345437371,647.4592619137194,158.5945051395334,0.19571428571428573,0.24571428571428572,0.0
PHASE 3B,125,100800,100,2606.550837573639,1850.2505948465564,3104.7370377283514,690.3355345437371,647.4592619137193,158.5945051395334,0.19571428571428573,0.24571428571428572,0.0
PHASE 3B,126,101600,100,2606.550837573639,1850.2505948465564,3104.7370377283514,690.3355345437371,647.4592619137193,158.5945051395334,0.19571428571428573,0.24571428571428572,0.0
PHASE 3B,127,102400,100,2606.550837573639,1850.2505948465564,3104.7370377283514,690.3355345437371,647.4592619137193,158.5945051395334,0.19571428571428573,0.24571428571428572,0.0
PHASE 3B,128,103200,100,2606.550837573639,1850.2505948465564,3104.7370377283514,690.3355345437371,647.4592619137193,158.5945051395334,0.19571428571428573,0.24571428571428572,0.0
PHASE 3B,129,104000,104,2617.7084977491845,1888.372665959921,3104.7370377283514,695.1977285845783,651.7540803856144,158.84458609738454,0.19571428571428573,0.24571428571428572,0.0
PHASE 3B,130,104800,104,2617.708497749184,1888.372665959921,3104.7370377283514,695.1977285845782,651.7540803856144,158.84458609738454,0.19571428571428573,0.24571428571428572,0.0
PHASE 3B,131,105600,104,2617.708497749184,1888.372665959921,3104.7370377283514,695.1977285845782,651.7540803856144,158.84458609738454,0.19571428571428573,0.24571428571428572,0.0
PHASE 3B,132,106400,104,2617.708497749184,1888.372665959921,3104.7370377283514,695.1977285845782,651.7540803856144,158.84458609738454,0.19571428571428573,0.24571428571428572,0.0
PHASE 3B,133,107200,104,2617.708497749184,1888.372665959921,3104.7370377283514,695.1977285845782,651.7540803856144,158.84458609738454,0.19571428571428573,0.24571428571428572,0.0
PHASE 3B,134,108000,108,2619.7473322355613,1888.372665959921,3104.7370377283514,695.0403319756093,652.0700812105636,159.07961488118403,0.19571428571428573,0.24571428571428572,0.0
PHASE 3B,135,108800,108,2619.747332235561,1888.372665959921,3104.7370377283514,695.0403319756093,652.0700812105636,159.07961488118403,0.19571428571428573,0.24571428571428572,0.0
PHASE 3B,136,109600,108,2619.747332235561,1888.372665959921,3104.7370377283514,695.0403319756093,652.0700812105636,159.07961488118403,0.19571428571428573,0.24571428571428572,0.0
PHASE 3B,137,110400,108,2619.747332235561,1888.372665959921,3104.7370377283514,695.0403319756093,652.0700812105636,159.07961488118403,0.19571428571428573,0.24571428571428572,0.0
PHASE 3B,138,111200,108,2619.747332235561,1888.372665959921,3104.7370377283514,695.0403319756093,652.0700812105636,159.07961488118403,0.19571428571428573,0.24571428571428572,0.0
PHASE 3B,139,112000,112,2628.414725983899,1888.372665959921,3104.7370377283514,695.2169119218581,656.9869461442519,159.52635848973395,0.19571428571428573,0.24571428571428572,0.0
PHASE 3B,140,112800,112,2628.414725983899,1888.372665959921,3104.7370377283514,695.2169119218581,656.986946144252,159.52635848973395,0.19571428571428573,0.24571428571428572,0.0
PHASE 3B,141,113600,112,2628.414725983899,1888.372665959921,3104.7370377283514,695.2169119218581,656.986946144252,159.52635848973395,0.19571428571428573,0.24571428571428572,0.0
PHASE 3B,142,114400,112,2628.414725983899,1888.372665959921,3104.7370377283514,695.2169119218581,656.986946144252,159.52635848973395,0.19571428571428573,0.24571428571428572,0.0
PHASE 3B,143,115200,112,2628.414725983899,1888.372665959921,3104.7370377283514,695.2169119218581,656.986946144252,159.52635848973395,0.19571428571428573,0.24571428571428572,0.0
PHASE 3B,144,116000,116,2626.986657857707,1888.372665959921,3104.7370377283514,698.0853531741363,654.5575529689714,159.2929689643352,0.19571428571428573,0.24571428571428572,0.0
PHASE 3B,145,116800,116,2626.986657857707,1888.372665959921,3104.7370377283514,698.0853531741366,654.5575529689713,159.2929689643352,0.19571428571428573,0.24571428571428572,0.0
PHASE 3B,146,117600,116,2626.986657857707,1888.372665959921,3104.7370377283514,698.0853531741366,654.5575529689713,159.2929689643352,0.19571428571428573,0.24571428571428572,0.0
PHASE 3B,147,118400,116,2626.986657857707,1888.372665959921,3104.7370377283514,698.0853531741366,654.5575529689713,159.2929689643352,0.19571428571428573,0.24571428571428572,0.0
PHASE 3B,148,119200,116,2626.986657857707,1888.372665959921,3104.7370377283514,698.0853531741366,654.5575529689713,159.2929689643352,0.19571428571428573,0.24571428571428572,0.0
PHASE 3B,149,120000,120,2628.7028571871847,1888.372665959921,3104.7370377283514,698.3958211338525,655.3465442574303,159.37006147449782,0.19571428571428573,0.24571428571428572,0.0
PHASE 3B,150,120800,120,2628.7028571871847,1888.372665959921,3104.7370377283514,698.3958211338525,655.3465442574303,159.37006147449782,0.19571428571428573,0.24571428571428572,0.0
PHASE 3B,151,121600,120,2628.7028571871847,1888.372665959921,3104.7370377283514,698.3958211338525,655.3465442574303,159.37006147449782,0.19571428571428573,0.24571428571428572,0.0
PHASE 3B,152,122400,120,2628.7028571871847,1888.372665959921,3104.7370377283514,698.3958211338525,655.3465442574303,159.37006147449782,0.19571428571428573,0.24571428571428572,0.0
PHASE 3B,153,123200,120,2628.7028571871847,1888.372665959921,3104.7370377283514,698.3958211338525,655.3465442574303,159.37006147449782,0.19571428571428573,0.24571428571428572,0.0
PHASE 3B,154,124000,124,2621.0706780345317,1888.372665959921,3104.7370377283514,693.2826045710191,651.7122450173274,159.50947855578315,0.19571428571428573,0.24571428571428572,0.0
PHASE 3B,155,124800,124,2621.0706780345317,1888.372665959921,3104.7370377283514,693.2826045710189,651.7122450173274,159.50947855578315,0.19571428571428573,0.24571428571428572,0.0
PHASE 3B,156,125600,124,2621.0706780345317,1888.372665959921,3104.7370377283514,693.2826045710189,651.7122450173274,159.50947855578315,0.19571428571428573,0.24571428571428572,0.0
PHASE 3B,157,126400,124,2621.0706780345317,1888.372665959921,3104.7370377283514,693.2826045710189,651.7122450173274,159.50947855578315,0.19571428571428573,0.24571428571428572,0.0
PHASE 3B,158,127200,124,2621.0706780345317,1888.372665959921,3104.7370377283514,693.2826045710189,651.7122450173274,159.50947855578315,0.19571428571428573,0.24571428571428572,0.0
PHASE 3B,159,128000,128,2631.6641551746793,1888.372665959921,3104.7370377283514,694.0209655712694,656.1097538743389,160.19167946614374,0.19571428571428573,0.24571428571428572,0.0
PHASE 3B,160,128800,128,2631.6641551746793,1888.372665959921,3104.7370377283514,694.0209655712694,656.109753874339,160.19167946614374,0.19571428571428573,0.24571428571428572,0.0
PHASE 3B,161,129600,128,2631.6641551746793,1888.372665959921,3104.7370377283514,694.0209655712694,656.109753874339,160.19167946614374,0.19571428571428573,0.24571428571428572,0.0
PHASE 3B,162,130400,128,2631.6641551746793,1888.372665959921,3104.7370377283514,694.0209655712694,656.109753874339,160.19167946614374,0.19571428571428573,0.24571428571428572,0.0
PHASE 3B,163,131200,128,2631.6641551746793,1888.372665959921,3104.7370377283514,694.0209655712694,656.109753874339,160.19167946614374,0.19571428571428573,0.24571428571428572,0.0
PHASE 3B,164,132000,132,2639.928745867159,1888.372665959921,3104.7370377283514,698.6806440947024,654.4372400046564,160.85135772098468,0.19571428571428573,0.24571428571428572,0.0
PHASE 3B,165,132800,132,2639.928745867159,1888.372665959921,3104.7370377283514,698.6806440947025,654.4372400046565,160.85135772098468,0.19571428571428573,0.24571428571428572,0.0
PHASE 3B,166,133600,132,2639.928745867159,1888.372665959921,3104.7370377283514,698.6806440947025,654.4372400046565,160.85135772098468,0.19571428571428573,0.24571428571428572,0.0
PHASE 3B,167,134400,132,2639.928745867159,1888.372665959921,3104.7370377283514,698.6806440947025,654.4372400046565,160.85135772098468,0.19571428571428573,0.24571428571428572,0.0
PHASE 3B,168,135200,132,2639.928745867159,1888.372665959921,3104.7370377283514,698.6806440947025,654.4372400046565,160.85135772098468,0.19571428571428573,0.24571428571428572,0.0
PHASE 3B,169,136000,136,2638.183546484913,1888.372665959921,3104.7370377283514,694.6700475369342,656.986670875804,160.81585350903134,0.19571428571428573,0.24571428571428572,0.0
PHASE 3B,170,136800,136,2638.1835464849123,1888.372665959921,3104.7370377283514,694.6700475369341,656.9866708758038,160.81585350903134,0.19571428571428573,0.24571428571428572,0.0
PHASE 3B,171,137600,136,2638.1835464849123,1888.372665959921,3104.7370377283514,694.6700475369341,656.9866708758038,160.81585350903134,0.19571428571428573,0.24571428571428572,0.0
PHASE 3B,172,138400,136,2638.1835464849123,1888.372665959921,3104.7370377283514,694.6700475369341,656.9866708758038,160.81585350903134,0.19571428571428573,0.24571428571428572,0.0
PHASE 3B,173,139200,136,2638.1835464849123,1888.372665959921,3104.7370377283514,694.6700475369341,656.9866708758038,160.81585350903134,0.19571428571428573,0.24571428571428572,0.0
PHASE 3B,174,140000,140,2646.5915193278943,1888.372665959921,3104.7370377283514,695.5763645841934,660.0087515070644,161.37580040458903,0.19571428571428573,0.24571428571428572,0.0
PHASE 3B,175,140800,140,2646.5915193278943,1888.372665959921,3104.7370377283514,695.5763645841935,660.0087515070644,161.37580040458903,0.19571428571428573,0.24571428571428572,0.0
PHASE 3B,176,141600,140,2646.5915193278943,1888.372665959921,3104.7370377283514,695.5763645841935,660.0087515070644,161.37580040458903,0.19571428571428573,0.24571428571428572,0.0
PHASE 3B,177,142400,140,2646.5915193278943,1888.372665959921,3104.7370377283514,695.5763645841935,660.0087515070644,161.37580040458903,0.19571428571428573,0.24571428571428572,0.0
PHASE 3B,178,143200,140,2646.5915193278943,1888.372665959921,3104.7370377283514,695.5763645841935,660.0087515070644,161.37580040458903,0.19571428571428573,0.24571428571428572,0.0
PHASE 3B,179,144000,144,2653.821163722031,1888.372665959921,3104.7370377283514,696.7676116301732,663.2743516733703,161.7224000523203,0.19571428571428573,0.24571428571428572,0.0
PHASE 3B,180,144800,144,2653.8211637220306,1888.372665959921,3104.7370377283514,696.7676116301732,663.2743516733703,161.7224000523203,0.19571428571428573,0.24571428571428572,0.0
PHASE 3B,181,145600,144,2653.8211637220306,1888.372665959921,3104.7370377283514,696.7676116301732,663.2743516733703,161.7224000523203,0.19571428571428573,0.24571428571428572,0.0
PHASE 3B,182,146400,144,2653.8211637220306,1888.372665959921,3104.7370377283514,696.7676116301732,663.2743516733703,161.7224000523203,0.19571428571428573,0.24571428571428572,0.0
PHASE 3B,183,147200,144,2653.8211637220306,1888.372665959921,3104.7370377283514,696.7676116301732,663.2743516733703,161.7224000523203,0.19571428571428573,0.24571428571428572,0.0
PHASE 3B,184,148000,148,2664.1573209845137,1888.372665959921,3104.7370377283514,697.6701247637828,666.3893912237459,162.51222562463238,0.19571428571428573,0.24571428571428572,0.0
PHASE 3B,185,148800,148,2664.157320984514,1888.372665959921,3104.7370377283514,697.6701247637828,666.3893912237459,162.51222562463238,0.19571428571428573,0.24571428571428572,0.0
PHASE 3B,186,149600,148,2664.157320984514,1888.372665959921,3104.7370377283514,697.6701247637828,666.3893912237459,162.51222562463238,0.19571428571428573,0.24571428571428572,0.0
PHASE 3B,187,150400,148,2664.157320984514,1888.372665959921,3104.7370377283514,697.6701247637828,666.3893912237459,162.51222562463238,0.19571428571428573,0.24571428571428572,0.0
PHASE 3B,188,151200,148,2664.157320984514,1888.372665959921,3104.7370377283514,697.6701247637828,666.3893912237459,162.51222562463238,0.19571428571428573,0.24571428571428572,0.0
PHASE 3B,189,152000,152,2666.854148104858,1888.372665959921,3104.7370377283514,695.4413956931149,669.269069605682,162.7679603507668,0.19571428571428573,0.24571428571428572,0.0
PHASE 3B,190,152800,152,2666.854148104859,1888.372665959921,3104.7370377283514,695.4413956931147,669.269069605682,162.7679603507668,0.19571428571428573,0.24571428571428572,0.0
PHASE 3B,191,153600,152,2666.854148104859,1888.372665959921,3104.7370377283514,695.4413956931147,669.269069605682,162.7679603507668,0.19571428571428573,0.24571428571428572,0.0
PHASE 3B,192,154400,152,2666.854148104859,1888.372665959921,3104.7370377283514,695.4413956931147,669.269069605682,162.7679603507668,0.19571428571428573,0.24571428571428572,0.0
PHASE 3B,193,155200,152,2666.854148104859,1888.372665959921,3104.7370377283514,695.4413956931147,669.269069605682,162.7679603507668,0.19571428571428573,0.24571428571428572,0.0
PHASE 3B,194,156000,156,2668.051838034007,1888.372665959921,3104.7370377283514,691.9962297073371,672.8459495112153,162.9012073519408,0.19571428571428573,0.24571428571428572,0.0
PHASE 3B,195,156800,156,2668.051838034006,1888.372665959921,3104.7370377283514,691.9962297073369,672.8459495112153,162.9012073519408,0.19571428571428573,0.24571428571428572,0.0
PHASE 3B,196,157600,156,2668.051838034006,1888.372665959921,3104.7370377283514,691.9962297073369,672.8459495112153,162.9012073519408,0.19571428571428573,0.24571428571428572,0.0
PHASE 3B,197,158400,156,2668.051838034006,1888.372665959921,3104.7370377283514,691.9962297073369,672.8459495112153,162.9012073519408,0.19571428571428573,0.24571428571428572,0.0
PHASE 3B,198,159200,156,2668.051838034006,1888.372665959921,3104.7370377283514,691.9962297073369,672.8459495112153,162.9012073519408,0.19571428571428573,0.24571428571428572,0.0
PHASE 3B,199,160000,160,2677.892517995389,1888.372665959921,3104.7370377283514,698.6523310947949,673.1809900056575,163.2573996118761,0.19571428571428573,0.24571428571428572,0.0
PHASE 3B,200,160800,160,2677.8925179953894,1888.372665959921,3104.7370377283514,698.6523310947949,673.1809900056575,163.2573996118761,0.19571428571428573,0.24571428571428572,0.0
PHASE 3B,201,161600,160,2677.8925179953894,1888.372665959921,3104.7370377283514,698.6523310947949,673.1809900056575,163.2573996118761,0.19571428571428573,0.24571428571428572,0.0
PHASE 3B,202,162400,160,2677.8925179953894,1888.372665959921,3104.7370377283514,698.6523310947949,673.1809900056575,163.2573996118761,0.19571428571428573,0.24571428571428572,0.0
PHASE 3B,203,163200,160,2677.8925179953894,1888.372665959921,3104.7370377283514,698.6523310947949,673.1809900056575,163.2573996118761,0.19571428571428573,0.24571428571428572,0.0
PHASE 3B,204,164000,164,2689.081921587471,1888.372665959921,3104.7370377283514,698.4367136217879,682.0422955400666,163.575364053211,0.19571428571428573,0.24571428571428572,0.0
PHASE 3B,205,164800,164,2689.08192158747,1888.372665959921,3104.7370377283514,698.436713621788,682.0422955400667,163.575364053211,0.19571428571428573,0.24571428571428572,0.0
PHASE 3B,206,165600,164,2689.08192158747,1888.372665959921,3104.7370377283514,698.436713621788,682.0422955400667,163.575364053211,0.19571428571428573,0.24571428571428572,0.0
PHASE 3B,207,166400,164,2689.08192158747,1888.372665959921,3104.7370377283514,698.436713621788,682.0422955400667,163.575364053211,0.19571428571428573,0.24571428571428572,0.0
PHASE 3B,208,167200,164,2689.08192158747,1888.372665959921,3104.7370377283514,698.436713621788,682.0422955400667,163.575364053211,0.19571428571428573,0.24571428571428572,0.0
PHASE 3B,209,168000,168,2696.635512777654,1888.372665959921,3104.7370377283514,702.6438635142913,682.5291682728134,163.9328101238278,0.19571428571428573,0.24571428571428572,0.0
PHASE 3B,210,168800,168,2696.635512777654,1888.372665959921,3104.7370377283514,702.6438635142912,682.5291682728135,163.9328101238278,0.19571428571428573,0.24571428571428572,0.0
PHASE 3B,211,169600,168,2696.635512777654,1888.372665959921,3104.7370377283514,702.6438635142912,682.5291682728135,163.9328101238278,0.19571428571428573,0.24571428571428572,0.0
PHASE 3B,212,170400,168,2696.635512777654,1888.372665959921,3104.7370377283514,702.6438635142912,682.5291682728135,163.9328101238278,0.19571428571428573,0.24571428571428572,0.0
PHASE 3B,213,171200,168,2696.635512777654,1888.372665959921,3104.7370377283514,702.6438635142912,682.5291682728135,163.9328101238278,0.19571428571428573,0.24571428571428572,0.0
PHASE 3B,214,172000,172,2709.499156867582,1888.372665959921,3104.7370377283514,704.3808281840496,687.2397772587678,164.73481892810483,0.19571428571428573,0.24571428571428572,0.0
PHASE 3B,215,172800,172,2709.4991568675823,1888.372665959921,3104.7370377283514,704.3808281840496,687.2397772587678,164.73481892810483,0.19571428571428573,0.24571428571428572,0.0
PHASE 3B,216,173600,172,2709.4991568675823,1888.372665959921,3104.7370377283514,704.3808281840496,687.2397772587678,164.73481892810483,0.19571428571428573,0.24571428571428572,0.0
PHASE 3B,217,174400,172,2709.4991568675823,1888.372665959921,3104.7370377283514,704.3808281840496,687.2397772587678,164.73481892810483,0.19571428571428573,0.24571428571428572,0.0
PHASE 3B,218,175200,172,2709.4991568675823,1888.372665959921,3104.7370377283514,704.3808281840496,687.2397772587678,164.73481892810483,0.19571428571428573,0.24571428571428572,0.0
PHASE 3B,219,176000,176,2717.530427160821,1888.372665959921,3104.7370377283514,708.4268222269488,691.0093733967541,164.76177894214902,0.19571428571428573,0.24571428571428572,0.0
PHASE 3B,220,176800,176,2717.530427160822,1888.372665959921,3104.7370377283514,708.4268222269488,691.009373396754,164.76177894214902,0.19571428571428573,0.24571428571428572,0.0
PHASE 3B,221,177600,176,2717.530427160822,1888.372665959921,3104.7370377283514,708.4268222269488,691.009373396754,164.76177894214902,0.19571428571428573,0.24571428571428572,0.0
PHASE 3B,222,178400,176,2717.530427160822,1888.372665959921,3104.7370377283514,708.4268222269488,691.009373396754,164.76177894214902,0.19571428571428573,0.24571428571428572,0.0
PHASE 3B,223,179200,176,2717.530427160822,1888.372665959921,3104.7370377283514,708.4268222269488,691.009373396754,164.76177894214902,0.19571428571428573,0.24571428571428572,0.0
PHASE 3B,224,180000,180,2727.7452231838897,1888.372665959921,3104.7370377283514,708.9407862104651,698.6656012194345,165.0173544692578,0.19571428571428573,0.24571428571428572,0.0
PHASE 3B,225,180800,180,2727.7452231838897,1888.372665959921,3104.7370377283514,708.940786210465,698.6656012194346,165.01735446925784,0.19571428571428573,0.24571428571428572,0.0
PHASE 3B,226,181600,180,2727.7452231838897,1888.372665959921,3104.7370377283514,708.940786210465,698.6656012194346,165.01735446925784,0.19571428571428573,0.24571428571428572,0.0
PHASE 3B,227,182400,180,2727.7452231838897,1888.372665959921,3104.7370377283514,708.940786210465,698.6656012194346,165.01735446925784,0.19571428571428573,0.24571428571428572,0.0
PHASE 3B,228,183200,180,2727.7452231838897,1888.372665959921,3104.7370377283514,708.940786210465,698.6656012194346,165.01735446925784,0.19571428571428573,0.24571428571428572,0.0
PHASE 3B,229,184000,184,2727.2284457845153,1888.372665959921,3104.7370377283514,706.0693596885498,701.0476894252874,165.01392458384385,0.19571428571428573,0.24571428571428572,0.0
PHASE 3B,230,184800,184,2727.228445784515,1888.372665959921,3104.7370377283514,706.06935968855,701.0476894252874,165.0139245838438,0.19571428571428573,0.24571428571428572,0.0
PHASE 3B,231,185600,184,2727.228445784515,1888.372665959921,3104.7370377283514,706.06935968855,701.0476894252874,165.0139245838438,0.19571428571428573,0.24571428571428572,0.0
PHASE 3B,232,186400,184,2727.228445784515,1888.372665959921,3104.7370377283514,706.06935968855,701.0476894252874,165.0139245838438,0.19571428571428573,0.24571428571428572,0.0
PHASE 3B,233,187200,184,2727.228445784515,1888.372665959921,3104.7370377283514,706.06935968855,701.0476894252874,165.0139245838438,0.19571428571428573,0.24571428571428572,0.0
PHASE 3B,234,188000,188,2748.5821122948487,1901.887384204802,3104.7370377283514,719.6515491477335,702.3664342870096,165.82051610752222,0.19571428571428573,0.24571428571428572,0.0
PHASE 3B,235,188800,188,2748.582112294849,1901.887384204802,3104.7370377283514,719.6515491477334,702.3664342870097,165.82051610752228,0.19571428571428573,0.24571428571428572,0.0
PHASE 3B,236,189600,188,2748.582112294849,1901.887384204802,3104.7370377283514,719.6515491477334,702.3664342870097,165.82051610752228,0.19571428571428573,0.24571428571428572,0.0
PHASE 3B,237,190400,188,2748.582112294849,1901.887384204802,3104.7370377283514,719.6515491477334,702.3664342870097,165.82051610752228,0.19571428571428573,0.24571428571428572,0.0
PHASE 3B,238,191200,188,2748.582112294849,1901.887384204802,3104.7370377283514,719.6515491477334,702.3664342870097,165.82051610752228,0.19571428571428573,0.24571428571428572,0.0
PHASE 3B,239,192000,192,2740.0428529931883,1843.4969425368095,3104.7370377283514,706.8330856751738,704.2816766620236,166.11601133200784,0.19571428571428573,0.24571428571428572,0.0
PHASE 3B,240,192800,192,2740.042852993188,1843.4969425368095,3104.7370377283514,706.8330856751738,704.2816766620239,166.11601133200784,0.19571428571428573,0.24571428571428572,0.0
PHASE 3B,241,193600,192,2740.042852993188,1843.4969425368095,3104.7370377283514,706.8330856751738,704.2816766620239,166.11601133200784,0.19571428571428573,0.24571428571428572,0.0
PHASE 3B,242,194400,192,2740.042852993188,1843.4969425368095,3104.7370377283514,706.8330856751738,704.2816766620239,166.11601133200784,0.19571428571428573,0.24571428571428572,0.0
PHASE 3B,243,195200,192,2740.042852993188,1843.4969425368095,3104.7370377283514,706.8330856751738,704.2816766620239,166.11601133200784,0.19571428571428573,0.24571428571428572,0.0
PHASE 3B,244,196000,196,2743.6817003911697,1843.4969425368095,3091.414282860166,706.2777410352278,705.6466664009744,166.46966161937996,0.19571428571428573,0.24571428571428572,0.0
PHASE 3B,245,196800,196,2743.6817003911697,1843.4969425368095,3091.414282860166,706.2777410352279,705.6466664009745,166.46966161937996,0.19571428571428573,0.24571428571428572,0.0
PHASE 3B,246,197600,196,2743.6817003911697,1843.4969425368095,3091.414282860166,706.2777410352279,705.6466664009745,166.46966161937996,0.19571428571428573,0.24571428571428572,0.0
PHASE 3B,247,198400,196,2743.6817003911697,1843.4969425368095,3091.414282860166,706.2777410352279,705.6466664009745,166.46966161937996,0.19571428571428573,0.24571428571428572,0.0
PHASE 3B,248,199200,196,2743.6817003911697,1843.4969425368095,3091.414282860166,706.2777410352279,705.6466664009745,166.46966161937996,0.19571428571428573,0.24571428571428572,0.0
PHASE 3B,249,200000,200,2744.8504445683106,1843.4969425368095,3091.414282860166,707.3561267748867,705.1495063878381,166.54310142570722,0.19571428571428573,0.24571428571428572,0.0
PHASE 3B,250,200800,200,2744.850444568311,1843.4969425368095,3091.414282860166,707.3561267748867,705.1495063878381,166.54310142570722,0.19571428571428573,0.24571428571428572,0.0
PHASE 3B,251,201600,200,2744.850444568311,1843.4969425368095,3091.414282860166,707.3561267748867,705.1495063878381,166.54310142570722,0.19571428571428573,0.24571428571428572,0.0
PHASE 3B,252,202400,200,2744.850444568311,1843.4969425368095,3091.414282860166,707.3561267748867,705.1495063878381,166.54310142570722,0.19571428571428573,0.24571428571428572,0.0
PHASE 3B,253,203200,200,2744.850444568311,1843.4969425368095,3091.414282860166,707.3561267748867,705.1495063878381,166.54310142570722,0.19571428571428573,0.24571428571428572,0.0
PHASE 3B,254,204000,204,2756.788947576715,1843.4969425368095,3303.842584697741,708.4865625164779,708.8143483354739,167.43600459060426,0.19571428571428573,0.24571428571428572,0.0
PHASE 3B,255,204800,204,2756.7889475767156,1843.4969425368095,3303.842584697741,708.4865625164781,708.8143483354739,167.43600459060428,0.19571428571428573,0.24571428571428572,0.0
PHASE 3B,256,205600,204,2756.7889475767156,1843.4969425368095,3303.842584697741,708.4865625164781,708.8143483354739,167.43600459060428,0.19571428571428573,0.24571428571428572,0.0
PHASE 3B,257,206400,204,2756.7889475767156,1843.4969425368095,3303.842584697741,708.4865625164781,708.8143483354739,167.43600459060428,0.19571428571428573,0.24571428571428572,0.0
PHASE 3B,258,207200,204,2756.7889475767156,1843.4969425368095,3303.842584697741,708.4865625164781,708.8143483354739,167.43600459060428,0.19571428571428573,0.24571428571428572,0.0
PHASE 3B,259,208000,208,2762.109937349366,1843.4969425368095,3303.842584697741,708.4539064222549,711.1561056714849,167.81249065696218,0.19571428571428573,0.24571428571428572,0.0
PHASE 3B,260,208800,208,2762.109937349367,1843.4969425368095,3303.842584697741,708.4539064222548,711.1561056714849,167.81249065696218,0.19571428571428573,0.24571428571428572,0.0
PHASE 3B,261,209600,208,2762.109937349367,1843.4969425368095,3303.842584697741,708.4539064222548,711.1561056714849,167.81249065696218,0.19571428571428573,0.24571428571428572,0.0
PHASE 3B,262,210400,208,2762.109937349367,1843.4969425368095,3303.842584697741,708.4539064222548,711.1561056714849,167.81249065696218,0.19571428571428573,0.24571428571428572,0.0
PHASE 3B,263,211200,208,2762.109937349367,1843.4969425368095,3303.842584697741,708.4539064222548,711.1561056714849,167.81249065696218,0.19571428571428573,0.24571428571428572,0.0
PHASE 3B,264,212000,212,2763.344782582944,1843.4969425368095,3303.842584697741,708.17116364878,711.1410811174516,168.00406722709792,0.19571428571428573,0.24571428571428572,0.0
PHASE 3B,265,212800,212,2763.344782582944,1843.4969425368095,3303.842584697741,708.17116364878,711.1410811174517,168.00406722709795,0.19571428571428573,0.24571428571428572,0.0
PHASE 3B,266,213600,212,2763.344782582944,1843.4969425368095,3303.842584697741,708.17116364878,711.1410811174517,168.00406722709795,0.19571428571428573,0.24571428571428572,0.0
PHASE 3B,267,214400,212,2763.344782582944,1843.4969425368095,3303.842584697741,708.17116364878,711.1410811174517,168.00406722709795,0.19571428571428573,0.24571428571428572,0.0
PHASE 3B,268,215200,212,2763.344782582944,1843.4969425368095,3303.842584697741,708.17116364878,711.1410811174517,168.00406722709795,0.19571428571428573,0.24571428571428572,0.0
PHASE 3B,269,216000,216,2779.953234211916,1843.4969425368095,3303.842584697741,712.1273327209145,714.0056881331527,169.22752666974003,0.19571428571428573,0.24571428571428572,0.0
PHASE 3B,270,216800,216,2779.953234211916,1843.4969425368095,3303.842584697741,712.1273327209145,714.0056881331526,169.22752666974003,0.19571428571428573,0.24571428571428572,0.0
PHASE 3B,271,217600,216,2779.953234211916,1843.4969425368095,3303.842584697741,712.1273327209145,714.0056881331526,169.22752666974003,0.19571428571428573,0.24571428571428572,0.0
PHASE 3B,272,218400,216,2779.953234211916,1843.4969425368095,3303.842584697741,712.1273327209145,714.0056881331526,169.22752666974003,0.19571428571428573,0.24571428571428572,0.0
PHASE 3B,273,219200,216,2779.953234211916,1843.4969425368095,3303.842584697741,712.1273327209145,714.0056881331526,169.22752666974003,0.19571428571428573,0.24571428571428572,0.0
PHASE 3B,274,220000,220,2793.4701648223277,1843.4969425368095,3303.842584697741,713.4516675784951,718.9971295432405,170.12767096258307,0.19571428571428573,0.24571428571428572,0.0
PHASE 3B,275,220800,220,2793.470164822327,1843.4969425368095,3303.842584697741,713.4516675784951,718.9971295432405,170.12767096258307,0.19571428571428573,0.24571428571428572,0.0
PHASE 3B,276,221600,220,2793.470164822327,1843.4969425368095,3303.842584697741,713.4516675784951,718.9971295432405,170.12767096258307,0.19571428571428573,0.24571428571428572,0.0
PHASE 3B,277,222400,220,2793.470164822327,1843.4969425368095,3303.842584697741,713.4516675784951,718.9971295432405,170.12767096258307,0.19571428571428573,0.24571428571428572,0.0
PHASE 3B,278,223200,220,2793.470164822327,1843.4969425368095,3303.842584697741,713.4516675784951,718.9971295432405,170.12767096258307,0.19571428571428573,0.24571428571428572,0.0
PHASE 3B,279,224000,224,2797.311831385048,1843.4969425368095,3303.842584697741,712.9177304712758,723.2977431394947,170.13704472179387,0.19571428571428573,0.24571428571428572,0.0
PHASE 3B,280,224800,224,2797.311831385048,1843.4969425368095,3303.842584697741,712.9177304712757,723.2977431394949,170.1370447217938,0.19571428571428573,0.24571428571428572,0.0
PHASE 3B,281,225600,224,2797.311831385048,1843.4969425368095,3303.842584697741,712.9177304712757,723.2977431394949,170.1370447217938,0.19571428571428573,0.24571428571428572,0.0
PHASE 3B,282,226400,224,2797.311831385048,1843.4969425368095,3303.842584697741,712.9177304712757,723.2977431394949,170.1370447217938,0.19571428571428573,0.24571428571428572,0.0
PHASE 3B,283,227200,224,2797.311831385048,1843.4969425368095,3303.842584697741,712.9177304712757,723.2977431394949,170.1370447217938,0.19571428571428573,0.24571428571428572,0.0
PHASE 3B,284,228000,228,2794.1563548772147,1843.4969425368095,3303.842584697741,711.5179490166474,722.0684661928317,170.0712424584761,0.19571428571428573,0.24571428571428572,0.0
PHASE 3B,285,228800,228,2794.1563548772147,1843.4969425368095,3303.842584697741,711.5179490166474,722.0684661928317,170.07124245847604,0.19571428571428573,0.24571428571428572,0.0
PHASE 3B,286,229600,228,2794.1563548772147,1843.4969425368095,3303.842584697741,711.5179490166474,722.0684661928317,170.07124245847604,0.19571428571428573,0.24571428571428572,0.0
PHASE 3B,287,230400,228,2794.1563548772147,1843.4969425368095,3303.842584697741,711.5179490166474,722.0684661928317,170.07124245847604,0.19571428571428573,0.24571428571428572,0.0
PHASE 3B,288,231200,228,2794.1563548772147,1843.4969425368095,3303.842584697741,711.5179490166474,722.0684661928317,170.07124245847604,0.19571428571428573,0.24571428571428572,0.0
PHASE 3B,289,232000,232,2797.3293585327706,1843.4969425368095,3303.842584697741,708.3298993415734,727.3319909852158,170.20843352575682,0.19571428571428573,0.24571428571428572,0.0
PHASE 3B,290,232800,232,2797.3293585327697,1843.4969425368095,3303.842584697741,708.3298993415734,727.3319909852161,170.20843352575676,0.19571428571428573,0.24571428571428572,0.0
PHASE 3B,291,233600,232,2797.3293585327697,1843.4969425368095,3303.842584697741,708.3298993415734,727.3319909852161,170.20843352575676,0.19571428571428573,0.24571428571428572,0.0
PHASE 3B,292,234400,232,2797.3293585327697,1843.4969425368095,3303.842584697741,708.3298993415734,727.3319909852161,170.20843352575676,0.19571428571428573,0.24571428571428572,0.0
PHASE 3B,293,235200,232,2797.3293585327697,1843.4969425368095,3303.842584697741,708.3298993415734,727.3319909852161,170.20843352575676,0.19571428571428573,0.24571428571428572,0.0
PHASE 3B,294,236000,236,2804.915638671109,1843.4969425368095,3303.842584697741,712.0261341059685,727.2925394066401,170.6996206448219,0.19571428571428573,0.24571428571428572,0.0
PHASE 3B,295,236800,236,2804.9156386711084,1843.4969425368095,3303.842584697741,712.0261341059687,727.2925394066401,170.69962064482192,0.19571428571428573,0.24571428571428572,0.0
PHASE 3B,296,237600,236,2804.9156386711084,1843.4969425368095,3303.842584697741,712.0261341059687,727.2925394066401,170.69962064482192,0.19571428571428573,0.24571428571428572,0.0
PHASE 3B,297,238400,236,2804.9156386711084,1843.4969425368095,3303.842584697741,712.0261341059687,727.2925394066401,170.69962064482192,0.19571428571428573,0.24571428571428572,0.0
PHASE 3B,298,239200,236,2804.9156386711084,1843.4969425368095,3303.842584697741,712.0261341059687,727.2925394066401,170.69962064482192,0.19571428571428573,0.24571428571428572,0.0
PHASE 3B,299,240000,240,2804.324625390697,1843.4969425368095,3303.842584697741,711.2042989777992,727.0547934207264,170.75819162403081,0.19571428571428573,0.24571428571428572,0.0
PHASE 3B,300,240800,240,2804.324625390697,1843.4969425368095,3303.842584697741,711.204298977799,727.0547934207264,170.75819162403081,0.19571428571428573,0.24571428571428572,0.0
PHASE 3B,301,241600,240,2804.324625390697,1843.4969425368095,3303.842584697741,711.204298977799,727.0547934207264,170.75819162403081,0.19571428571428573,0.24571428571428572,0.0
PHASE 3B,302,242400,240,2804.324625390697,1843.4969425368095,3303.842584697741,711.204298977799,727.0547934207264,170.75819162403081,0.19571428571428573,0.24571428571428572,0.0
PHASE 3B,303,243200,240,2804.324625390697,1843.4969425368095,3303.842584697741,711.204298977799,727.0547934207264,170.75819162403081,0.19571428571428573,0.24571428571428572,0.0
PHASE 3B,304,244000,244,2807.6257162085553,1843.4969425368095,3303.842584697741,713.804227570101,725.4698449080596,171.04395546630872,0.19571428571428573,0.24571428571428572,0.0
PHASE 3B,305,244800,244,2807.625716208555,1843.4969425368095,3303.842584697741,713.8042275701009,725.4698449080595,171.04395546630877,0.19571428571428573,0.24571428571428572,0.0
PHASE 3B,306,245600,244,2807.625716208555,1843.4969425368095,3303.842584697741,713.8042275701009,725.4698449080595,171.04395546630877,0.19571428571428573,0.24571428571428572,0.0
PHASE 3B,307,246400,244,2807.625716208555,1843.4969425368095,3303.842584697741,713.8042275701009,725.4698449080595,171.04395546630877,0.19571428571428573,0.24571428571428572,0.0
PHASE 3B,308,247200,244,2807.625716208555,1843.4969425368095,3303.842584697741,713.8042275701009,725.4698449080595,171.04395546630877,0.19571428571428573,0.24571428571428572,0.0
PHASE 3B,309,248000,248,2797.0890847146234,1843.4969425368095,3303.842584697741,706.5764930890783,724.354539241881,170.76975654796755,0.19571428571428573,0.24571428571428572,0.0
PHASE 3B,310,248800,248,2797.0890847146234,1843.4969425368095,3303.842584697741,706.5764930890781,724.354539241881,170.76975654796755,0.19571428571428573,0.24571428571428572,0.0
PHASE 3B,311,249600,248,2797.0890847146234,1843.4969425368095,3303.842584697741,706.5764930890781,724.354539241881,170.76975654796755,0.19571428571428573,0.24571428571428572,0.0
PHASE 3B,312,250400,248,2797.0890847146234,1843.4969425368095,3303.842584697741,706.5764930890781,724.354539241881,170.76975654796755,0.19571428571428573,0.24571428571428572,0.0
PHASE 3B,313,251200,248,2797.0890847146234,1843.4969425368095,3303.842584697741,706.5764930890781,724.354539241881,170.76975654796755,0.19571428571428573,0.24571428571428572,0.0
PHASE 3B,314,252000,252,2799.014760488636,1843.4969425368095,3303.842584697741,710.2000388392236,720.325944925843,171.06109709045558,0.19571428571428573,0.24571428571428572,0.0
PHASE 3B,315,252800,252,2799.014760488636,1843.4969425368095,3303.842584697741,710.2000388392236,720.3259449258429,171.06109709045552,0.19571428571428573,0.24571428571428572,0.0
PHASE 3B,316,253600,252,2799.014760488636,1843.4969425368095,3303.842584697741,710.2000388392236,720.3259449258429,171.06109709045552,0.19571428571428573,0.24571428571428572,0.0
PHASE 3B,317,254400,252,2799.014760488636,1843.4969425368095,3303.842584697741,710.2000388392236,720.3259449258429,171.06109709045552,0.19571428571428573,0.24571428571428572,0.0
PHASE 3B,318,255200,252,2799.014760488636,1843.4969425368095,3303.842584697741,710.2000388392236,720.3259449258429,171.06109709045552,0.19571428571428573,0.24571428571428572,0.0
PHASE 3B,319,256000,256,2798.0090586605847,1843.4969425368095,3303.842584697741,711.7077582002952,718.042740676387,171.03231997299713,0.19571428571428573,0.24571428571428572,0.0
PHASE 3B,320,256800,256,2798.0090586605843,1843.4969425368095,3303.842584697741,711.7077582002953,718.042740676387,171.03231997299713,0.19571428571428573,0.24571428571428572,0.0
PHASE 3B,321,257600,256,2798.0090586605843,1843.4969425368095,3303.842584697741,711.7077582002953,718.042740676387,171.03231997299713,0.19571428571428573,0.24571428571428572,0.0
PHASE 3B,322,258400,256,2798.0090586605843,1843.4969425368095,3303.842584697741,711.7077582002953,718.042740676387,171.03231997299713,0.19571428571428573,0.24571428571428572,0.0
PHASE 3B,323,259200,256,2798.0090586605843,1843.4969425368095,3303.842584697741,711.7077582002953,718.042740676387,171.03231997299713,0.19571428571428573,0.24571428571428572,0.0
PHASE 3B,324,260000,260,2793.6022155397063,1843.4969425368095,3303.842584697741,703.5128435602844,720.3652707096352,171.21551265873276,0.19571428571428573,0.24571428571428572,0.0
PHASE 3B,325,260800,260,2793.6022155397072,1843.4969425368095,3303.842584697741,703.5128435602842,720.3652707096352,171.2155126587328,0.19571428571428573,0.24571428571428572,0.0
PHASE 3B,326,261600,260,2793.6022155397072,1843.4969425368095,3303.842584697741,703.5128435602842,720.3652707096352,171.2155126587328,0.19571428571428573,0.24571428571428572,0.0
PHASE 3B,327,262400,260,2793.6022155397072,1843.4969425368095,3303.842584697741,703.5128435602842,720.3652707096352,171.2155126587328,0.19571428571428573,0.24571428571428572,0.0
PHASE 3B,328,263200,260,2793.6022155397072,1843.4969425368095,3303.842584697741,703.5128435602842,720.3652707096352,171.2155126587328,0.19571428571428573,0.24571428571428572,0.0
PHASE 3B,329,264000,264,2799.1051777038692,1843.4969425368095,3303.842584697741,708.5822221459363,719.2111926670567,171.4139703613689,0.19571428571428573,0.24571428571428572,0.0
PHASE 3B,330,264800,264,2799.105177703869,1843.4969425368095,3303.842584697741,708.5822221459364,719.2111926670567,171.4139703613689,0.19571428571428573,0.24571428571428572,0.0
PHASE 3B,331,265600,264,2799.105177703869,1843.4969425368095,3303.842584697741,708.5822221459364,719.2111926670567,171.4139703613689,0.19571428571428573,0.24571428571428572,0.0
PHASE 3B,332,266400,264,2799.105177703869,1843.4969425368095,3303.842584697741,708.5822221459364,719.2111926670567,171.4139703613689,0.19571428571428573,0.24571428571428572,0.0
PHASE 3B,333,267200,264,2799.105177703869,1843.4969425368095,3303.842584697741,708.5822221459364,719.2111926670567,171.4139703613689,0.19571428571428573,0.24571428571428572,0.0
PHASE 3B,334,268000,268,2800.1020876439993,1843.4969425368095,3303.842584697741,705.6962147173524,722.2929510234317,171.51411523791126,0.19571428571428573,0.24571428571428572,0.0
PHASE 3B,335,268800,268,2800.1020876439993,1843.4969425368095,3303.842584697741,705.6962147173527,722.2929510234316,171.51411523791126,0.19571428571428573,0.24571428571428572,0.0
PHASE 3B,336,269600,268,2800.1020876439993,1843.4969425368095,3303.842584697741,705.6962147173527,722.2929510234316,171.51411523791126,0.19571428571428573,0.24571428571428572,0.0
PHASE 3B,337,270400,268,2800.1020876439993,1843.4969425368095,3303.842584697741,705.6962147173527,722.2929510234316,171.51411523791126,0.19571428571428573,0.24571428571428572,0.0
PHASE 3B,338,271200,268,2800.1020876439993,1843.4969425368095,3303.842584697741,705.6962147173527,722.2929510234316,171.51411523791126,0.19571428571428573,0.24571428571428572,0.0
PHASE 3B,339,272000,272,2797.4371313851607,1843.4969425368095,3303.842584697741,704.7044943847926,723.5397987250891,171.14910478441917,0.19571428571428573,0.24571428571428572,0.0
PHASE 3B,340,272800,272,2797.4371313851616,1843.4969425368095,3303.842584697741,704.7044943847926,723.5397987250892,171.14910478441917,0.19571428571428573,0.24571428571428572,0.0
PHASE 3B,341,273600,272,2797.4371313851616,1843.4969425368095,3303.842584697741,704.7044943847926,723.5397987250892,171.14910478441917,0.19571428571428573,0.24571428571428572,0.0
PHASE 3B,342,274400,272,2797.4371313851616,1843.4969425368095,3303.842584697741,704.7044943847926,723.5397987250892,171.14910478441917,0.19571428571428573,0.24571428571428572,0.0
PHASE 3B,343,275200,272,2797.4371313851616,1843.4969425368095,3303.842584697741,704.7044943847926,723.5397987250892,171.14910478441917,0.19571428571428573,0.24571428571428572,0.0
PHASE 3B,344,276000,276,2789.7978091871564,1843.4969425368095,3303.842584697741,696.4793969531632,722.8645473856726,171.30673310604922,0.19571428571428573,0.24571428571428572,0.0
PHASE 3B,345,276800,276,2789.797809187156,1843.4969425368095,3303.842584697741,696.4793969531634,722.8645473856726,171.30673310604922,0.19571428571428573,0.24571428571428572,0.0
PHASE 3B,346,277600,276,2789.797809187156,1843.4969425368095,3303.842584697741,696.4793969531634,722.8645473856726,171.30673310604922,0.19571428571428573,0.24571428571428572,0.0
PHASE 3B,347,278400,276,2789.797809187156,1843.4969425368095,3303.842584697741,696.4793969531634,722.8645473856726,171.30673310604922,0.19571428571428573,0.24571428571428572,0.0
PHASE 3B,348,279200,276,2789.797809187156,1843.4969425368095,3303.842584697741,696.4793969531634,722.8645473856726,171.30673310604922,0.19571428571428573,0.24571428571428572,0.0
PHASE 3B,349,280000,280,2787.6827562328895,1843.4969425368095,3303.842584697741,701.0706102624259,715.14344196549,171.43358800063092,0.19571428571428573,0.24571428571428572,0.0
PHASE 3B,350,280800,280,2787.682756232889,1843.4969425368095,3303.842584697741,701.0706102624259,715.14344196549,171.43358800063092,0.19571428571428573,0.24571428571428572,0.0
PHASE 3B,351,281600,280,2787.682756232889,1843.4969425368095,3303.842584697741,701.0706102624259,715.14344196549,171.43358800063092,0.19571428571428573,0.24571428571428572,0.0
PHASE 3B,352,282400,280,2787.682756232889,1843.4969425368095,3303.842584697741,701.0706102624259,715.14344196549,171.43358800063092,0.19571428571428573,0.24571428571428572,0.0
PHASE 3B,353,283200,280,2787.682756232889,1843.4969425368095,3303.842584697741,701.0706102624259,715.14344196549,171.43358800063092,0.19571428571428573,0.24571428571428572,0.0
PHASE 3B,354,284000,284,2799.5098648806015,1843.4969425368095,3303.842584697741,704.6276623453238,721.4668297597251,171.67692159695332,0.19571428571428573,0.24571428571428572,0.0
PHASE 3B,355,284800,284,2799.509864880602,1843.4969425368095,3303.842584697741,704.6276623453238,721.4668297597251,171.67692159695332,0.19571428571428573,0.24571428571428572,0.0
PHASE 3B,356,285600,284,2799.509864880602,1843.4969425368095,3303.842584697741,704.6276623453238,721.4668297597251,171.67692159695332,0.19571428571428573,0.24571428571428572,0.0
PHASE 3B,357,286400,284,2799.509864880602,1843.4969425368095,3303.842584697741,704.6276623453238,721.4668297597251,171.67692159695332,0.19571428571428573,0.24571428571428572,0.0
PHASE 3B,358,287200,284,2799.509864880602,1843.4969425368095,3303.842584697741,704.6276623453238,721.4668297597251,171.67692159695332,0.19571428571428573,0.24571428571428572,0.0
PHASE 3B,359,288000,288,2796.1887206805973,1843.4969425368095,3303.842584697741,701.4216438013696,723.3658929975641,171.4251479852173,0.19571428571428573,0.24571428571428572,0.0
PHASE 3B,360,288800,288,2796.188720680598,1843.4969425368095,3303.842584697741,701.4216438013696,723.3658929975641,171.42514798521734,0.19571428571428573,0.24571428571428572,0.0
PHASE 3B,361,289600,288,2796.188720680598,1843.4969425368095,3303.842584697741,701.4216438013696,723.3658929975641,171.42514798521734,0.19571428571428573,0.24571428571428572,0.0
PHASE 3B,362,290400,288,2796.188720680598,1843.4969425368095,3303.842584697741,701.4216438013696,723.3658929975641,171.42514798521734,0.19571428571428573,0.24571428571428572,0.0
PHASE 3B,363,291200,288,2796.188720680598,1843.4969425368095,3303.842584697741,701.4216438013696,723.3658929975641,171.42514798521734,0.19571428571428573,0.24571428571428572,0.0
PHASE 3B,364,292000,292,2807.5379610488385,1813.2110874778764,3303.842584697741,710.489618748507,722.5570138384543,171.8114160577439,0.19571428571428573,0.24571428571428572,0.0
PHASE 3B,365,292800,292,2807.5379610488385,1813.2110874778764,3303.842584697741,710.489618748507,722.5570138384542,171.8114160577439,0.19571428571428573,0.24571428571428572,0.0
PHASE 3B,366,293600,292,2807.5379610488385,1813.2110874778764,3303.842584697741,710.489618748507,722.5570138384542,171.8114160577439,0.19571428571428573,0.24571428571428572,0.0
PHASE 3B,367,294400,292,2807.5379610488385,1813.2110874778764,3303.842584697741,710.489618748507,722.5570138384542,171.8114160577439,0.19571428571428573,0.24571428571428572,0.0
PHASE 3B,368,295200,292,2807.5379610488385,1813.2110874778764,3303.842584697741,710.489618748507,722.5570138384542,171.8114160577439,0.19571428571428573,0.24571428571428572,0.0
PHASE 3B,369,296000,296,2802.359400275766,1813.2110874778764,3303.842584697741,714.233261967754,714.5854760671157,171.69258278012137,0.19571428571428573,0.24571428571428572,0.0
PHASE 3B,370,296800,296,2802.359400275766,1813.2110874778764,3303.842584697741,714.233261967754,714.5854760671156,171.69258278012134,0.19571428571428573,0.24571428571428572,0.0
PHASE 3B,371,297600,296,2802.359400275766,1813.2110874778764,3303.842584697741,714.233261967754,714.5854760671156,171.69258278012134,0.19571428571428573,0.24571428571428572,0.0
PHASE 3B,372,298400,296,2802.359400275766,1813.2110874778764,3303.842584697741,714.233261967754,714.5854760671156,171.69258278012134,0.19571428571428573,0.24571428571428572,0.0
PHASE 3B,373,299200,296,2802.359400275766,1813.2110874778764,3303.842584697741,714.233261967754,714.5854760671156,171.69258278012134,0.19571428571428573,0.24571428571428572,0.0
PHASE 3B,374,300000,300,2805.666996723617,1813.2110874778764,3303.842584697741,711.2886132930524,719.7497355139033,171.82858098959207,0.19571428571428573,0.24571428571428572,0.0
PHASE 3B,375,300800,300,2805.666996723617,1813.2110874778764,3303.842584697741,711.2886132930523,719.7497355139031,171.82858098959207,0.19571428571428573,0.24571428571428572,0.0
PHASE 3B,376,301600,300,2805.666996723617,1813.2110874778764,3303.842584697741,711.2886132930523,719.7497355139031,171.82858098959207,0.19571428571428573,0.24571428571428572,0.0
PHASE 3B,377,302400,300,2805.666996723617,1813.2110874778764,3303.842584697741,711.2886132930523,719.7497355139031,171.82858098959207,0.19571428571428573,0.24571428571428572,0.0
PHASE 3B,378,303200,300,2805.666996723617,1813.2110874778764,3303.842584697741,711.2886132930523,719.7497355139031,171.82858098959207,0.19571428571428573,0.24571428571428572,0.0
PHASE 3B,379,304000,304,2794.1168070752865,1813.2110874778764,3219.7290732989686,709.152987810012,717.062337848436,170.98768517711414,0.19571428571428573,0.24571428571428572,0.0
PHASE 3B,380,304800,304,2794.1168070752865,1813.2110874778764,3219.7290732989686,709.152987810012,717.0623378484363,170.98768517711417,0.19571428571428573,0.24571428571428572,0.0
PHASE 3B,381,305600,304,2794.1168070752865,1813.2110874778764,3219.7290732989686,709.152987810012,717.0623378484363,170.98768517711417,0.19571428571428573,0.24571428571428572,0.0
PHASE 3B,382,306400,304,2794.1168070752865,1813.2110874778764,3219.7290732989686,709.152987810012,717.0623378484363,170.98768517711417,0.19571428571428573,0.24571428571428572,0.0
PHASE 3B,383,307200,304,2794.1168070752865,1813.2110874778764,3219.7290732989686,709.152987810012,717.0623378484363,170.98768517711417,0.19571428571428573,0.24571428571428572,0.0
PHASE 3B,384,308000,308,2792.538066825018,1813.2110874778764,3443.560195025617,710.0178532379067,713.395664346579,171.14056865507587,0.19571428571428573,0.24571428571428572,0.0
PHASE 3B,385,308800,308,2792.5380668250173,1813.2110874778764,3443.560195025617,710.0178532379067,713.3956643465787,171.14056865507592,0.19571428571428573,0.24571428571428572,0.0
PHASE 3B,386,309600,308,2792.5380668250173,1813.2110874778764,3443.560195025617,710.0178532379067,713.3956643465787,171.14056865507592,0.19571428571428573,0.24571428571428572,0.0
PHASE 3B,387,310400,308,2792.5380668250173,1813.2110874778764,3443.560195025617,710.0178532379067,713.3956643465787,171.14056865507592,0.19571428571428573,0.24571428571428572,0.0
PHASE 3B,388,311200,308,2792.5380668250173,1813.2110874778764,3443.560195025617,710.0178532379067,713.3956643465787,171.14056865507592,0.19571428571428573,0.24571428571428572,0.0
PHASE 3B,389,312000,312,2786.891227892228,1813.2110874778764,3443.560195025617,710.0025707128174,706.7267843198288,171.27023410745724,0.19571428571428573,0.24571428571428572,0.0
PHASE 3B,390,312800,312,2786.891227892228,1813.2110874778764,3443.560195025617,710.0025707128174,706.7267843198288,171.27023410745724,0.19571428571428573,0.24571428571428572,0.0
PHASE 3B,391,313600,312,2786.891227892228,1813.2110874778764,3443.560195025617,710.0025707128174,706.7267843198288,171.27023410745724,0.19571428571428573,0.24571428571428572,0.0
PHASE 3B,392,314400,312,2786.891227892228,1813.2110874778764,3443.560195025617,710.0025707128174,706.7267843198288,171.27023410745724,0.19571428571428573,0.24571428571428572,0.0
PHASE 3B,393,315200,312,2786.891227892228,1813.2110874778764,3443.560195025617,710.0025707128174,706.7267843198288,171.27023410745724,0.19571428571428573,0.24571428571428572,0.0
PHASE 3B,394,316000,316,2788.9304804992325,1813.2110874778764,3443.560195025617,710.9283293369429,708.7876747588701,171.1518095504369,0.19571428571428573,0.24571428571428572,0.0
PHASE 3B,395,316800,316,2788.9304804992335,1813.2110874778764,3443.560195025617,710.928329336943,708.78767475887,171.1518095504369,0.19571428571428573,0.24571428571428572,0.0
PHASE 3B,396,317600,316,2788.9304804992335,1813.2110874778764,3443.560195025617,710.928329336943,708.78767475887,171.1518095504369,0.19571428571428573,0.24571428571428572,0.0
PHASE 3B,397,318400,316,2788.9304804992335,1813.2110874778764,3443.560195025617,710.928329336943,708.78767475887,171.1518095504369,0.19571428571428573,0.24571428571428572,0.0
PHASE 3B,398,319200,316,2788.9304804992335,1813.2110874778764,3443.560195025617,710.928329336943,708.78767475887,171.1518095504369,0.19571428571428573,0.24571428571428572,0.0
PHASE 3B,399,320000,320,2792.199216000254,1813.2110874778764,3443.560195025617,712.7699385762006,708.5310205277538,171.36228211204673,0.19571428571428573,0.24571428571428572,0.0
PHASE 3B,400,320800,320,2792.1992160002555,1813.2110874778764,3443.560195025617,712.7699385762006,708.5310205277539,171.36228211204678,0.19571428571428573,0.24571428571428572,0.0
PHASE 3B,401,321600,320,2792.1992160002555,1813.2110874778764,3443.560195025617,712.7699385762006,708.5310205277539,171.36228211204678,0.19571428571428573,0.24571428571428572,0.0
PHASE 3B,402,322400,320,2792.1992160002555,1813.2110874778764,3443.560195025617,712.7699385762006,708.5310205277539,171.36228211204678,0.19571428571428573,0.24571428571428572,0.0
PHASE 3B,403,323200,320,2792.1992160002555,1813.2110874778764,3443.560195025617,712.7699385762006,708.5310205277539,171.36228211204678,0.19571428571428573,0.24571428571428572,0.0
PHASE 3B,404,324000,324,2797.510780087593,1813.2110874778764,3443.560195025617,715.929405569692,710.0632009407076,171.43977169715842,0.19571428571428573,0.24571428571428572,0.0
PHASE 3B,405,324800,324,2797.5107800875926,1813.2110874778764,3443.560195025617,715.9294055696919,710.0632009407076,171.43977169715842,0.19571428571428573,0.24571428571428572,0.0
PHASE 3B,406,325600,324,2797.5107800875926,1813.2110874778764,3443.560195025617,715.9294055696919,710.0632009407076,171.43977169715842,0.19571428571428573,0.24571428571428572,0.0
PHASE 3B,407,326400,324,2797.5107800875926,1813.2110874778764,3443.560195025617,715.9294055696919,710.0632009407076,171.43977169715842,0.19571428571428573,0.24571428571428572,0.0
PHASE 3B,408,327200,324,2797.5107800875926,1813.2110874778764,3443.560195025617,715.9294055696919,710.0632009407076,171.43977169715842,0.19571428571428573,0.24571428571428572,0.0
PHASE 3B,409,328000,328,2804.6465378647745,1813.2110874778764,3443.560195025617,720.2310226734362,709.1921237369477,171.90292393180832,0.19571428571428573,0.24571428571428572,0.0
PHASE 3B,410,328800,328,2804.6465378647754,1813.2110874778764,3443.560195025617,720.2310226734364,709.1921237369476,171.90292393180832,0.19571428571428573,0.24571428571428572,0.0
PHASE 3B,411,329600,328,2804.6465378647754,1813.2110874778764,3443.560195025617,720.2310226734364,709.1921237369476,171.90292393180832,0.19571428571428573,0.24571428571428572,0.0
PHASE 3B,412,330400,328,2804.6465378647754,1813.2110874778764,3443.560195025617,720.2310226734364,709.1921237369476,171.90292393180832,0.19571428571428573,0.24571428571428572,0.0
PHASE 3B,413,331200,328,2804.6465378647754,1813.2110874778764,3443.560195025617,720.2310226734364,709.1921237369476,171.90292393180832,0.19571428571428573,0.24571428571428572,0.0
PHASE 3B,414,332000,332,2806.534981475739,1813.2110874778764,3443.560195025617,721.1902616772215,709.4366182692745,171.98851269116483,0.19571428571428573,0.24571428571428572,0.0
PHASE 3B,415,332800,332,2806.534981475738,1813.2110874778764,3443.560195025617,721.1902616772218,709.4366182692743,171.9885126911648,0.19571428571428573,0.24571428571428572,0.0
PHASE 3B,416,333600,332,2806.534981475738,1813.2110874778764,3443.560195025617,721.1902616772218,709.4366182692743,171.9885126911648,0.19571428571428573,0.24571428571428572,0.0
PHASE 3B,417,334400,332,2806.534981475738,1813.2110874778764,3443.560195025617,721.1902616772218,709.4366182692743,171.9885126911648,0.19571428571428573,0.24571428571428572,0.0
PHASE 3B,418,335200,332,2806.534981475738,1813.2110874778764,3443.560195025617,721.1902616772218,709.4366182692743,171.9885126911648,0.19571428571428573,0.24571428571428572,0.0
PHASE 3B,419,336000,336,2809.408747691582,1813.2110874778764,3443.560195025617,722.5281529139022,710.8861275350085,171.99930840534356,0.19571428571428573,0.24571428571428572,0.0
PHASE 3B,420,336800,336,2809.4087476915824,1813.2110874778764,3443.560195025617,722.528152913902,710.8861275350085,171.99930840534356,0.19571428571428573,0.24571428571428572,0.0
PHASE 3B,421,337600,336,2809.4087476915824,1813.2110874778764,3443.560195025617,722.528152913902,710.8861275350085,171.99930840534356,0.19571428571428573,0.24571428571428572,0.0
PHASE 3B,422,338400,336,2809.4087476915824,1813.2110874778764,3443.560195025617,722.528152913902,710.8861275350085,171.99930840534356,0.19571428571428573,0.24571428571428572,0.0
PHASE 3B,423,339200,336,2809.4087476915824,1813.2110874778764,3443.560195025617,722.528152913902,710.8861275350085,171.99930840534356,0.19571428571428573,0.24571428571428572,0.0
PHASE 3B,424,340000,340,2808.5597411213776,1813.2110874778764,3443.560195025617,726.0478751195562,706.4004693944962,172.01392457592516,0.19571428571428573,0.24571428571428572,0.0
PHASE 3B,425,340800,340,2808.5597411213776,1813.2110874778764,3443.560195025617,726.0478751195562,706.4004693944963,172.01392457592516,0.19571428571428573,0.24571428571428572,0.0
PHASE 3B,426,341600,340,2808.5597411213776,1813.2110874778764,3443.560195025617,726.0478751195562,706.4004693944963,172.01392457592516,0.19571428571428573,0.24571428571428572,0.0
PHASE 3B,427,342400,340,2808.5597411213776,1813.2110874778764,3443.560195025617,726.0478751195562,706.4004693944963,172.01392457592516,0.19571428571428573,0.24571428571428572,0.0
PHASE 3B,428,343200,340,2808.5597411213776,1813.2110874778764,3443.560195025617,726.0478751195562,706.4004693944963,172.01392457592516,0.19571428571428573,0.24571428571428572,0.0
PHASE 3B,429,344000,344,2811.0002222192916,1813.2110874778764,3443.560195025617,727.4464624192651,705.3595480583098,172.27427646772415,0.19571428571428573,0.24571428571428572,0.0
PHASE 3B,430,344800,344,2811.0002222192916,1813.2110874778764,3443.560195025617,727.4464624192651,705.3595480583098,172.27427646772415,0.19571428571428573,0.24571428571428572,0.0
PHASE 3B,431,345600,344,2811.0002222192916,1813.2110874778764,3443.560195025617,727.4464624192651,705.3595480583098,172.27427646772415,0.19571428571428573,0.24571428571428572,0.0
PHASE 3B,432,346400,344,2811.0002222192916,1813.2110874778764,3443.560195025617,727.4464624192651,705.3595480583098,172.27427646772415,0.19571428571428573,0.24571428571428572,0.0
PHASE 3B,433,347200,344,2811.0002222192916,1813.2110874778764,3443.560195025617,727.4464624192651,705.3595480583098,172.27427646772415,0.19571428571428573,0.24571428571428572,0.0
PHASE 3B,434,348000,348,2819.4906847200687,1813.2110874778764,3443.560195025617,737.5945149966936,702.5711908696068,172.41562235673067,0.19571428571428573,0.24571428571428572,0.0
PHASE 3B,435,348800,348,2819.49068472007,1813.2110874778764,3443.560195025617,737.5945149966934,702.571190869607,172.41562235673067,0.19571428571428573,0.24571428571428572,0.0
PHASE 3B,436,349600,348,2819.49068472007,1813.2110874778764,3443.560195025617,737.5945149966934,702.571190869607,172.41562235673067,0.19571428571428573,0.24571428571428572,0.0
PHASE 3B,437,350400,348,2819.49068472007,1813.2110874778764,3443.560195025617,737.5945149966934,702.571190869607,172.41562235673067,0.19571428571428573,0.24571428571428572,0.0
PHASE 3B,438,351200,348,2819.49068472007,1813.2110874778764,3443.560195025617,737.5945149966934,702.571190869607,172.41562235673067,0.19571428571428573,0.24571428571428572,0.0
PHASE 3B,439,352000,352,2823.597903963958,1813.2110874778764,3443.560195025617,736.4728777694427,708.7974750913195,172.29094388790895,0.19571428571428573,0.24571428571428572,0.0
PHASE 3B,440,352800,352,2823.5979039639583,1813.2110874778764,3443.560195025617,736.4728777694427,708.7974750913196,172.29094388790895,0.19571428571428573,0.24571428571428572,0.0
PHASE 3B,441,353600,352,2823.5979039639583,1813.2110874778764,3443.560195025617,736.4728777694427,708.7974750913196,172.29094388790895,0.19571428571428573,0.24571428571428572,0.0
PHASE 3B,442,354400,352,2823.5979039639583,1813.2110874778764,3443.560195025617,736.4728777694427,708.7974750913196,172.29094388790895,0.19571428571428573,0.24571428571428572,0.0
PHASE 3B,443,355200,352,2823.5979039639583,1813.2110874778764,3443.560195025617,736.4728777694427,708.7974750913196,172.29094388790895,0.19571428571428573,0.24571428571428572,0.0
PHASE 3B,444,356000,356,2828.329855043006,1813.2110874778764,3443.560195025617,736.3574980430378,711.851190670659,172.51514579117298,0.19571428571428573,0.24571428571428572,0.0
PHASE 3B,445,356800,356,2828.3298550430045,1813.2110874778764,3443.560195025617,736.357498043038,711.8511906706589,172.51514579117298,0.19571428571428573,0.24571428571428572,0.0
PHASE 3B,446,357600,356,2828.3298550430045,1813.2110874778764,3443.560195025617,736.357498043038,711.8511906706589,172.51514579117298,0.19571428571428573,0.24571428571428572,0.0
PHASE 3B,447,358400,356,2828.3298550430045,1813.2110874778764,3443.560195025617,736.357498043038,711.8511906706589,172.51514579117298,0.19571428571428573,0.24571428571428572,0.0
PHASE 3B,448,359200,356,2828.3298550430045,1813.2110874778764,3443.560195025617,736.357498043038,711.8511906706589,172.51514579117298,0.19571428571428573,0.24571428571428572,0.0
PHASE 3B,449,360000,360,2836.3546221561332,1813.2110874778764,3443.560195025617,743.2665965827789,711.4152092810167,172.70910203655185,0.19571428571428573,0.24571428571428572,0.0
PHASE 3B,450,360800,360,2836.3546221561346,1813.2110874778764,3443.560195025617,743.2665965827787,711.4152092810167,172.70910203655185,0.19571428571428573,0.24571428571428572,0.0
PHASE 3B,451,361600,360,2836.3546221561346,1813.2110874778764,3443.560195025617,743.2665965827787,711.4152092810167,172.70910203655185,0.19571428571428573,0.24571428571428572,0.0
PHASE 3B,452,362400,360,2836.3546221561346,1813.2110874778764,3443.560195025617,743.2665965827787,711.4152092810167,172.70910203655185,0.19571428571428573,0.24571428571428572,0.0
PHASE 3B,453,363200,360,2836.3546221561346,1813.2110874778764,3443.560195025617,743.2665965827787,711.4152092810167,172.70910203655185,0.19571428571428573,0.24571428571428572,0.0
PHASE 3B,454,364000,364,2843.458157479131,1813.2110874778764,3443.560195025617,743.7260596972632,713.5846731888782,173.2684280741331,0.19571428571428573,0.24571428571428572,0.0
PHASE 3B,455,364800,364,2843.458157479131,1813.2110874778764,3443.560195025617,743.7260596972632,713.5846731888781,173.2684280741331,0.19571428571428573,0.24571428571428572,0.0
PHASE 3B,456,365600,364,2843.458157479131,1813.2110874778764,3443.560195025617,743.7260596972632,713.5846731888781,173.2684280741331,0.19571428571428573,0.24571428571428572,0.0
PHASE 3B,457,366400,364,2843.458157479131,1813.2110874778764,3443.560195025617,743.7260596972632,713.5846731888781,173.2684280741331,0.19571428571428573,0.24571428571428572,0.0
PHASE 3B,458,367200,364,2843.458157479131,1813.2110874778764,3443.560195025617,743.7260596972632,713.5846731888781,173.2684280741331,0.19571428571428573,0.24571428571428572,0.0
PHASE 3B,459,368000,368,2842.535812032055,1813.2110874778764,3443.560195025617,743.4074378971409,714.3768694816846,173.09393808166323,0.19571428571428573,0.24571428571428572,0.0
PHASE 3B,460,368800,368,2842.5358120320543,1813.2110874778764,3443.560195025617,743.4074378971408,714.3768694816846,173.09393808166323,0.19571428571428573,0.24571428571428572,0.0
PHASE 3B,461,369600,368,2842.5358120320543,1813.2110874778764,3443.560195025617,743.4074378971408,714.3768694816846,173.09393808166323,0.19571428571428573,0.24571428571428572,0.0
PHASE 3B,462,370400,368,2842.5358120320543,1813.2110874778764,3443.560195025617,743.4074378971408,714.3768694816846,173.09393808166323,0.19571428571428573,0.24571428571428572,0.0
PHASE 3B,463,371200,368,2842.5358120320543,1813.2110874778764,3443.560195025617,743.4074378971408,714.3768694816846,173.09393808166323,0.19571428571428573,0.24571428571428572,0.0
PHASE 3B,464,372000,372,2841.4660655832645,1813.2110874778764,3443.560195025617,744.235140050606,711.6683215804832,173.19532549403158,0.19571428571428573,0.24571428571428572,0.0
PHASE 3B,465,372800,372,2841.4660655832645,1813.2110874778764,3443.560195025617,744.2351400506063,711.668321580483,173.19532549403152,0.19571428571428573,0.24571428571428572,0.0
PHASE 3B,466,373600,372,2841.4660655832645,1813.2110874778764,3443.560195025617,744.2351400506063,711.668321580483,173.19532549403152,0.19571428571428573,0.24571428571428572,0.0
PHASE 3B,467,374400,372,2841.4660655832645,1813.2110874778764,3443.560195025617,744.2351400506063,711.668321580483,173.19532549403152,0.19571428571428573,0.24571428571428572,0.0
PHASE 3B,468,375200,372,2841.4660655832645,1813.2110874778764,3443.560195025617,744.2351400506063,711.668321580483,173.19532549403152,0.19571428571428573,0.24571428571428572,0.0
PHASE 3B,469,376000,376,2845.5861729103285,1813.2110874778764,3443.560195025617,750.9787454661142,709.2657233116657,173.1677130165782,0.19571428571428573,0.24571428571428572,0.0
PHASE 3B,470,376800,376,2845.586172910328,1813.2110874778764,3443.560195025617,750.9787454661143,709.265723311666,173.1677130165782,0.19571428571428573,0.24571428571428572,0.0
PHASE 3B,471,377600,376,2845.586172910328,1813.2110874778764,3443.560195025617,750.9787454661143,709.265723311666,173.1677130165782,0.19571428571428573,0.24571428571428572,0.0
PHASE 3B,472,378400,376,2845.586172910328,1813.2110874778764,3443.560195025617,750.9787454661143,709.265723311666,173.1677130165782,0.19571428571428573,0.24571428571428572,0.0
PHASE 3B,473,379200,376,2845.586172910328,1813.2110874778764,3443.560195025617,750.9787454661143,709.265723311666,173.1677130165782,0.19571428571428573,0.24571428571428572,0.0
PHASE 3B,474,380000,380,2854.8737286276387,1813.2110874778764,3443.560195025617,749.8778922264534,713.9013111934391,173.88681565097795,0.19571428571428573,0.24571428571428572,0.0
PHASE 3B,475,380800,380,2854.873728627639,1813.2110874778764,3443.560195025617,749.8778922264532,713.9013111934391,173.88681565097795,0.19571428571428573,0.24571428571428572,0.0
PHASE 3B,476,381600,380,2854.873728627639,1813.2110874778764,3443.560195025617,749.8778922264532,713.9013111934391,173.88681565097795,0.19571428571428573,0.24571428571428572,0.0
PHASE 3B,477,382400,380,2854.873728627639,1813.2110874778764,3443.560195025617,749.8778922264532,713.9013111934391,173.88681565097795,0.19571428571428573,0.24571428571428572,0.0
PHASE 3B,478,383200,380,2854.873728627639,1813.2110874778764,3443.560195025617,749.8778922264532,713.9013111934391,173.88681565097795,0.19571428571428573,0.24571428571428572,0.0
PHASE 3B,479,384000,384,2848.93952340759,1813.2110874778764,3443.560195025617,746.231240223773,713.8034448463571,173.61310479219208,0.19571428571428573,0.24571428571428572,0.0
PHASE 3B,480,384800,384,2848.93952340759,1813.2110874778764,3443.560195025617,746.231240223773,713.8034448463571,173.61310479219202,0.19571428571428573,0.24571428571428572,0.0
PHASE 3B,481,385600,384,2848.93952340759,1813.2110874778764,3443.560195025617,746.231240223773,713.8034448463571,173.61310479219202,0.19571428571428573,0.24571428571428572,0.0
PHASE 3B,482,386400,384,2848.93952340759,1813.2110874778764,3443.560195025617,746.231240223773,713.8034448463571,173.61310479219202,0.19571428571428573,0.24571428571428572,0.0
PHASE 3B,483,387200,384,2848.93952340759,1813.2110874778764,3443.560195025617,746.231240223773,713.8034448463571,173.61310479219202,0.19571428571428573,0.24571428571428572,0.0
PHASE 3B,484,388000,388,2848.109185766133,1813.2110874778764,3443.560195025617,747.316722903276,710.9489041164175,173.7304448433146,0.19571428571428573,0.24571428571428572,0.0
PHASE 3B,485,388800,388,2848.109185766133,1813.2110874778764,3443.560195025617,747.316722903276,710.9489041164172,173.7304448433146,0.19571428571428573,0.24571428571428572,0.0
PHASE 3B,486,389600,388,2848.109185766133,1813.2110874778764,3443.560195025617,747.316722903276,710.9489041164172,173.7304448433146,0.19571428571428573,0.24571428571428572,0.0
PHASE 3B,487,390400,388,2848.109185766133,1813.2110874778764,3443.560195025617,747.316722903276,710.9489041164172,173.7304448433146,0.19571428571428573,0.24571428571428572,0.0
PHASE 3B,488,391200,388,2848.109185766133,1813.2110874778764,3443.560195025617,747.316722903276,710.9489041164172,173.7304448433146,0.19571428571428573,0.24571428571428572,0.0
PHASE 3B,489,392000,392,2853.656037254746,1922.2773719647794,3443.560195025617,752.7068699675452,713.4287327156203,173.44005432145724,0.19571428571428573,0.24571428571428572,0.0
PHASE 3B,490,392800,392,2853.6560372547456,1922.2773719647794,3443.560195025617,752.7068699675452,713.4287327156202,173.4400543214573,0.19571428571428573,0.24571428571428572,0.0
PHASE 3B,491,393600,392,2853.6560372547456,1922.2773719647794,3443.560195025617,752.7068699675452,713.4287327156202,173.4400543214573,0.19571428571428573,0.24571428571428572,0.0
PHASE 3B,492,394400,392,2853.6560372547456,1922.2773719647794,3443.560195025617,752.7068699675452,713.4287327156202,173.4400543214573,0.19571428571428573,0.24571428571428572,0.0
PHASE 3B,493,395200,392,2853.6560372547456,1922.2773719647794,3443.560195025617,752.7068699675452,713.4287327156202,173.4400543214573,0.19571428571428573,0.24571428571428572,0.0
PHASE 3B,494,396000,396,2864.7290241760643,1922.2773719647794,3443.560195025617,751.4744776357314,722.5719541859121,173.83532404431236,0.19571428571428573,0.24571428571428572,0.0
PHASE 3B,495,396800,396,2864.7290241760656,1922.2773719647794,3443.560195025617,751.4744776357313,722.5719541859121,173.83532404431236,0.19571428571428573,0.24571428571428572,0.0
PHASE 3B,496,397600,396,2864.7290241760656,1922.2773719647794,3443.560195025617,751.4744776357313,722.5719541859121,173.83532404431236,0.19571428571428573,0.24571428571428572,0.0
PHASE 3B,497,398400,396,2864.7290241760656,1922.2773719647794,3443.560195025617,751.4744776357313,722.5719541859121,173.83532404431236,0.19571428571428573,0.24571428571428572,0.0
PHASE 3B,498,399200,396,2864.7290241760656,1922.2773719647794,3443.560195025617,751.4744776357313,722.5719541859121,173.83532404431236,0.19571428571428573,0.24571428571428572,0.0
PHASE 3B,499,400000,400,2863.092440336404,1922.2773719647794,3443.560195025617,753.7891119942595,717.8543477666819,173.9311225719424,0.19571428571428573,0.24571428571428572,0.0
PHASE 3B,500,400800,400,2863.0924403364024,1922.2773719647794,3443.560195025617,753.7891119942594,717.8543477666819,173.9311225719424,0.19571428571428573,0.24571428571428572,0.0
PHASE 3B,501,401600,400,2863.0924403364024,1922.2773719647794,3443.560195025617,753.7891119942594,717.8543477666819,173.9311225719424,0.19571428571428573,0.24571428571428572,0.0
PHASE 3B,502,402400,400,2863.0924403364024,1922.2773719647794,3443.560195025617,753.7891119942594,717.8543477666819,173.9311225719424,0.19571428571428573,0.24571428571428572,0.0
PHASE 3B,503,403200,400,2863.0924403364024,1922.2773719647794,3443.560195025617,753.7891119942594,717.8543477666819,173.9311225719424,0.19571428571428573,0.24571428571428572,0.0
PHASE 3B,504,404000,404,2870.4609649163526,1922.2773719647794,3443.560195025617,753.8322396266502,722.0579883884533,174.3213421126659,0.19571428571428573,0.24571428571428572,0.0
PHASE 3B,505,404800,404,2870.4609649163526,1922.2773719647794,3443.560195025617,753.8322396266506,722.057988388453,174.3213421126659,0.19571428571428573,0.24571428571428572,0.0
PHASE 3B,506,405600,404,2870.4609649163526,1922.2773719647794,3443.560195025617,753.8322396266506,722.057988388453,174.3213421126659,0.19571428571428573,0.24571428571428572,0.0
PHASE 3B,507,406400,404,2870.4609649163526,1922.2773719647794,3443.560195025617,753.8322396266506,722.057988388453,174.3213421126659,0.19571428571428573,0.24571428571428572,0.0
PHASE 3B,508,407200,404,2870.4609649163526,1922.2773719647794,3443.560195025617,753.8322396266506,722.057988388453,174.3213421126659,0.19571428571428573,0.24571428571428572,0.0
PHASE 3B,509,408000,408,2877.508197435225,1922.2773719647794,3377.171112020656,755.5950317901727,727.5219827150603,174.2988978662587,0.19571428571428573,0.24571428571428572,0.0
PHASE 3B,510,408800,408,2877.508197435225,1922.2773719647794,3377.171112020656,755.5950317901727,727.5219827150604,174.2988978662587,0.19571428571428573,0.24571428571428572,0.0
PHASE 3B,511,409600,408,2877.508197435225,1922.2773719647794,3377.171112020656,755.5950317901727,727.5219827150604,174.2988978662587,0.19571428571428573,0.24571428571428572,0.0
PHASE 3B,512,410400,408,2877.508197435225,1922.2773719647794,3377.171112020656,755.5950317901727,727.5219827150604,174.2988978662587,0.19571428571428573,0.24571428571428572,0.0
PHASE 3B,513,411200,408,2877.508197435225,1922.2773719647794,3377.171112020656,755.5950317901727,727.5219827150604,174.2988978662587,0.19571428571428573,0.24571428571428572,0.0
PHASE 3B,514,412000,412,2879.4590004958272,2177.2742200631687,3377.171112020656,756.3334749488176,731.7967974385448,173.9160910135679,0.19571428571428573,0.24571428571428572,0.0
PHASE 3B,515,412800,412,2879.4590004958272,2177.2742200631687,3377.171112020656,756.3334749488176,731.7967974385446,173.9160910135679,0.19571428571428573,0.24571428571428572,0.0
PHASE 3B,516,413600,412,2879.4590004958272,2177.2742200631687,3377.171112020656,756.3334749488176,731.7967974385446,173.9160910135679,0.19571428571428573,0.24571428571428572,0.0
PHASE 3B,517,414400,412,2879.4590004958272,2177.2742200631687,3377.171112020656,756.3334749488176,731.7967974385446,173.9160910135679,0.19571428571428573,0.24571428571428572,0.0
PHASE 3B,518,415200,412,2879.4590004958272,2177.2742200631687,3377.171112020656,756.3334749488176,731.7967974385446,173.9160910135679,0.19571428571428573,0.24571428571428572,0.0
PHASE 3B,519,416000,416,2874.4524408270354,2177.2742200631687,3297.8227348742407,748.7069865356527,731.5389789113705,174.27580942251132,0.19571428571428573,0.24571428571428572,0.0
PHASE 3B,520,416800,416,2874.4524408270354,2177.2742200631687,3297.8227348742407,748.7069865356528,731.5389789113705,174.27580942251132,0.19571428571428573,0.24571428571428572,0.0
PHASE 3B,521,417600,416,2874.4524408270354,2177.2742200631687,3297.8227348742407,748.7069865356528,731.5389789113705,174.27580942251132,0.19571428571428573,0.24571428571428572,0.0
PHASE 3B,522,418400,416,2874.4524408270354,2177.2742200631687,3297.8227348742407,748.7069865356528,731.5389789113705,174.27580942251132,0.19571428571428573,0.24571428571428572,0.0
PHASE 3B,523,419200,416,2874.4524408270354,2177.2742200631687,3297.8227348742407,748.7069865356528,731.5389789113705,174.27580942251132,0.19571428571428573,0.24571428571428572,0.0
PHASE 3B,524,420000,420,2866.1488908295896,2074.228968190301,3297.8227348742407,737.7305919195039,736.1683903798512,174.0312385662891,0.19571428571428573,0.24571428571428572,0.0
PHASE 3B,525,420800,420,2866.148890829589,2074.228968190301,3297.8227348742407,737.7305919195039,736.1683903798513,174.0312385662891,0.19571428571428573,0.24571428571428572,0.0
PHASE 3B,526,421600,420,2866.148890829589,2074.228968190301,3297.8227348742407,737.7305919195039,736.1683903798513,174.0312385662891,0.19571428571428573,0.24571428571428572,0.0
PHASE 3B,527,422400,420,2866.148890829589,2074.228968190301,3297.8227348742407,737.7305919195039,736.1683903798513,174.0312385662891,0.19571428571428573,0.24571428571428572,0.0
PHASE 3B,528,423200,420,2866.148890829589,2074.228968190301,3297.8227348742407,737.7305919195039,736.1683903798513,174.0312385662891,0.19571428571428573,0.24571428571428572,0.0
PHASE 3B,529,424000,424,2864.8301917749272,2074.228968190301,3297.8227348742407,734.1121095761399,737.4561092622703,174.1577466170745,0.19571428571428573,0.24571428571428572,0.0
PHASE 3B,530,424800,424,2864.8301917749272,2074.228968190301,3297.8227348742407,734.1121095761399,737.4561092622703,174.1577466170745,0.19571428571428573,0.24571428571428572,0.0
PHASE 3B,531,425600,424,2864.8301917749272,2074.228968190301,3297.8227348742407,734.1121095761399,737.4561092622703,174.1577466170745,0.19571428571428573,0.24571428571428572,0.0
PHASE 3B,532,426400,424,2864.8301917749272,2074.228968190301,3297.8227348742407,734.1121095761399,737.4561092622703,174.1577466170745,0.19571428571428573,0.24571428571428572,0.0
PHASE 3B,533,427200,424,2864.8301917749272,2074.228968190301,3297.8227348742407,734.1121095761399,737.4561092622703,174.1577466170745,0.19571428571428573,0.24571428571428572,0.0
PHASE 3B,534,428000,428,2868.266439095663,2074.228968190301,3297.8227348742407,732.7537918245898,740.5648937355752,174.36846919194718,0.19571428571428573,0.24571428571428572,0.0
PHASE 3B,535,428800,428,2868.266439095663,2074.228968190301,3297.8227348742407,732.7537918245897,740.5648937355752,174.36846919194718,0.19571428571428573,0.24571428571428572,0.0
PHASE 3B,536,429600,428,2868.266439095663,2074.228968190301,3297.8227348742407,732.7537918245897,740.5648937355752,174.36846919194718,0.19571428571428573,0.24571428571428572,0.0
PHASE 3B,537,430400,428,2868.266439095663,2074.228968190301,3297.8227348742407,732.7537918245897,740.5648937355752,174.36846919194718,0.19571428571428573,0.24571428571428572,0.0
PHASE 3B,538,431200,428,2868.266439095663,2074.228968190301,3297.8227348742407,732.7537918245897,740.5648937355752,174.36846919194718,0.19571428571428573,0.24571428571428572,0.0
PHASE 3B,539,432000,432,2857.919209494578,2074.228968190301,3297.8227348742407,721.4733525814984,742.5939785698033,174.23148479291945,0.19571428571428573,0.24571428571428572,0.0
PHASE 3B,540,432800,432,2857.9192094945774,2074.228968190301,3297.8227348742407,721.4733525814985,742.5939785698033,174.23148479291945,0.19571428571428573,0.24571428571428572,0.0
PHASE 3B,541,433600,432,2857.9192094945774,2074.228968190301,3297.8227348742407,721.4733525814985,742.5939785698033,174.23148479291945,0.19571428571428573,0.24571428571428572,0.0
PHASE 3B,542,434400,432,2857.9192094945774,2074.228968190301,3297.8227348742407,721.4733525814985,742.5939785698033,174.23148479291945,0.19571428571428573,0.24571428571428572,0.0
PHASE 3B,543,435200,432,2857.9192094945774,2074.228968190301,3297.8227348742407,721.4733525814985,742.5939785698033,174.23148479291945,0.19571428571428573,0.24571428571428572,0.0
PHASE 3B,544,436000,436,2865.173226368779,2074.228968190301,3297.8227348742407,724.4636587183397,742.9078421615174,174.72521568612518,0.19571428571428573,0.24571428571428572,0.0
PHASE 3B,545,436800,436,2865.1732263687795,2074.228968190301,3297.8227348742407,724.4636587183397,742.9078421615172,174.72521568612515,0.19571428571428573,0.24571428571428572,0.0
PHASE 3B,546,437600,436,2865.1732263687795,2074.228968190301,3297.8227348742407,724.4636587183397,742.9078421615172,174.72521568612515,0.19571428571428573,0.24571428571428572,0.0
PHASE 3B,547,438400,436,2865.1732263687795,2074.228968190301,3297.8227348742407,724.4636587183397,742.9078421615172,174.72521568612515,0.19571428571428573,0.24571428571428572,0.0
PHASE 3B,548,439200,436,2865.1732263687795,2074.228968190301,3297.8227348742407,724.4636587183397,742.9078421615172,174.72521568612515,0.19571428571428573,0.24571428571428572,0.0
PHASE 3B,549,440000,440,2863.901171844604,2074.228968190301,3297.8227348742407,724.6815689407468,740.9793162126205,174.7800358364145,0.19571428571428573,0.24571428571428572,0.0
PHASE 3B,550,440800,440,2863.901171844604,2074.228968190301,3297.8227348742407,724.6815689407468,740.9793162126205,174.7800358364145,0.19571428571428573,0.24571428571428572,0.0
PHASE 3B,551,441600,440,2863.901171844604,2074.228968190301,3297.8227348742407,724.6815689407468,740.9793162126205,174.7800358364145,0.19571428571428573,0.24571428571428572,0.0
PHASE 3B,552,442400,440,2863.901171844604,2074.228968190301,3297.8227348742407,724.6815689407468,740.9793162126205,174.7800358364145,0.19571428571428573,0.24571428571428572,0.0
PHASE 3B,553,443200,440,2863.901171844604,2074.228968190301,3297.8227348742407,724.6815689407468,740.9793162126205,174.7800358364145,0.19571428571428573,0.24571428571428572,0.0
PHASE 3B,554,444000,444,2865.1760995769223,2074.228968190301,3297.8227348742407,723.5240939372654,743.4477084295887,174.7755371512685,0.19571428571428573,0.24571428571428572,0.0
PHASE 3B,555,444800,444,2865.176099576921,2074.228968190301,3297.8227348742407,723.5240939372654,743.4477084295887,174.7755371512685,0.19571428571428573,0.24571428571428572,0.0
PHASE 3B,556,445600,444,2865.176099576921,2074.228968190301,3297.8227348742407,723.5240939372654,743.4477084295887,174.7755371512685,0.19571428571428573,0.24571428571428572,0.0
PHASE 3B,557,446400,444,2865.176099576921,2074.228968190301,3297.8227348742407,723.5240939372654,743.4477084295887,174.7755371512685,0.19571428571428573,0.24571428571428572,0.0
PHASE 3B,558,447200,444,2865.176099576921,2074.228968190301,3297.8227348742407,723.5240939372654,743.4477084295887,174.7755371512685,0.19571428571428573,0.24571428571428572,0.0
PHASE 3B,559,448000,448,2863.956273342426,2074.228968190301,3297.8227348742407,721.3222685188053,745.3039378399358,174.66625837297082,0.19571428571428573,0.24571428571428572,0.0
PHASE 3B,560,448800,448,2863.9562733424273,2074.228968190301,3297.8227348742407,721.3222685188053,745.3039378399358,174.66625837297084,0.19571428571428573,0.24571428571428572,0.0
PHASE 3B,561,449600,448,2863.9562733424273,2074.228968190301,3297.8227348742407,721.3222685188053,745.3039378399358,174.66625837297084,0.19571428571428573,0.24571428571428572,0.0
PHASE 3B,562,450400,448,2863.9562733424273,2074.228968190301,3297.8227348742407,721.3222685188053,745.3039378399358,174.66625837297084,0.19571428571428573,0.24571428571428572,0.0
PHASE 3B,563,451200,448,2863.9562733424273,2074.228968190301,3297.8227348742407,721.3222685188053,745.3039378399358,174.66625837297084,0.19571428571428573,0.24571428571428572,0.0
PHASE 3B,564,452000,452,2866.901162323382,2074.228968190301,3297.8227348742407,722.0755835871444,745.3721101563194,174.93168357249996,0.19571428571428573,0.24571428571428572,0.0
PHASE 3B,565,452800,452,2866.9011623233805,2074.228968190301,3297.8227348742407,722.0755835871445,745.3721101563194,174.93168357249996,0.19571428571428573,0.24571428571428572,0.0
PHASE 3B,566,453600,452,2866.9011623233805,2074.228968190301,3297.8227348742407,722.0755835871445,745.3721101563194,174.93168357249996,0.19571428571428573,0.24571428571428572,0.0
PHASE 3B,567,454400,452,2866.9011623233805,2074.228968190301,3297.8227348742407,722.0755835871445,745.3721101563194,174.93168357249996,0.19571428571428573,0.24571428571428572,0.0
PHASE 3B,568,455200,452,2866.9011623233805,2074.228968190301,3297.8227348742407,722.0755835871445,745.3721101563194,174.93168357249996,0.19571428571428573,0.24571428571428572,0.0
PHASE 3B,569,456000,456,2866.1710484630703,2074.228968190301,3297.8227348742407,721.1681664813763,746.926719631785,174.75952029374912,0.19571428571428573,0.24571428571428572,0.0
PHASE 3B,570,456800,456,2866.1710484630707,2074.228968190301,3297.8227348742407,721.1681664813764,746.9267196317851,174.75952029374912,0.19571428571428573,0.24571428571428572,0.0
PHASE 3B,571,457600,456,2866.1710484630707,2074.228968190301,3297.8227348742407,721.1681664813764,746.9267196317851,174.75952029374912,0.19571428571428573,0.24571428571428572,0.0
PHASE 3B,572,458400,456,2866.1710484630707,2074.228968190301,3297.8227348742407,721.1681664813764,746.9267196317851,174.75952029374912,0.19571428571428573,0.24571428571428572,0.0
PHASE 3B,573,459200,456,2866.1710484630707,2074.228968190301,3297.8227348742407,721.1681664813764,746.9267196317851,174.75952029374912,0.19571428571428573,0.24571428571428572,0.0
PHASE 3B,574,460000,460,2863.072061933593,2074.228968190301,3251.130903534795,715.5970725153361,750.3752381197609,174.6374689123225,0.19571428571428573,0.24571428571428572,0.0
PHASE 3B,575,460800,460,2863.072061933592,2074.228968190301,3251.130903534795,715.5970725153361,750.3752381197608,174.6374689123225,0.19571428571428573,0.24571428571428572,0.0
PHASE 3B,576,461600,460,2863.072061933592,2074.228968190301,3251.130903534795,715.5970725153361,750.3752381197608,174.6374689123225,0.19571428571428573,0.24571428571428572,0.0
PHASE 3B,577,462400,460,2863.072061933592,2074.228968190301,3251.130903534795,715.5970725153361,750.3752381197608,174.6374689123225,0.19571428571428573,0.24571428571428572,0.0
PHASE 3B,578,463200,460,2863.072061933592,2074.228968190301,3251.130903534795,715.5970725153361,750.3752381197608,174.6374689123225,0.19571428571428573,0.24571428571428572,0.0
PHASE 3B,579,464000,464,2862.9812923733266,2074.228968190301,3251.130903534795,713.8921639309125,755.0267246534221,174.25780047363466,0.19571428571428573,0.24571428571428572,0.0
PHASE 3B,580,464800,464,2862.9812923733275,2074.228968190301,3251.130903534795,713.8921639309124,755.0267246534223,174.25780047363463,0.19571428571428573,0.24571428571428572,0.0
PHASE 3B,581,465600,464,2862.9812923733275,2074.228968190301,3251.130903534795,713.8921639309124,755.0267246534223,174.25780047363463,0.19571428571428573,0.24571428571428572,0.0
PHASE 3B,582,466400,464,2862.9812923733275,2074.228968190301,3251.130903534795,713.8921639309124,755.0267246534223,174.25780047363463,0.19571428571428573,0.24571428571428572,0.0
PHASE 3B,583,467200,464,2862.9812923733275,2074.228968190301,3251.130903534795,713.8921639309124,755.0267246534223,174.25780047363463,0.19571428571428573,0.24571428571428572,0.0
PHASE 3B,584,468000,468,2860.4835537568433,2074.228968190301,3251.130903534795,712.4115010270651,753.9825110738526,174.26119270700133,0.19571428571428573,0.24571428571428572,0.0
PHASE 3B,585,468800,468,2860.483553756844,2074.228968190301,3251.130903534795,712.4115010270652,753.9825110738528,174.26119270700133,0.19571428571428573,0.24571428571428572,0.0
PHASE 3B,586,469600,468,2860.483553756844,2074.228968190301,3251.130903534795,712.4115010270652,753.9825110738528,174.26119270700133,0.19571428571428573,0.24571428571428572,0.0
PHASE 3B,587,470400,468,2860.483553756844,2074.228968190301,3251.130903534795,712.4115010270652,753.9825110738528,174.26119270700133,0.19571428571428573,0.24571428571428572,0.0
PHASE 3B,588,471200,468,2860.483553756844,2074.228968190301,3251.130903534795,712.4115010270652,753.9825110738528,174.26119270700133,0.19571428571428573,0.24571428571428572,0.0
PHASE 3B,589,472000,472,2857.8842426163087,2074.228968190301,3251.130903534795,713.2432761642943,750.4447162032877,174.27453128110145,0.19571428571428573,0.24571428571428572,0.0
PHASE 3B,590,472800,472,2857.884242616309,2074.228968190301,3251.130903534795,713.2432761642942,750.4447162032874,174.27453128110147,0.19571428571428573,0.24571428571428572,0.0
PHASE 3B,591,473600,472,2857.884242616309,2074.228968190301,3251.130903534795,713.2432761642942,750.4447162032874,174.27453128110147,0.19571428571428573,0.24571428571428572,0.0
PHASE 3B,592,474400,472,2857.884242616309,2074.228968190301,3251.130903534795,713.2432761642942,750.4447162032874,174.27453128110147,0.19571428571428573,0.24571428571428572,0.0
PHASE 3B,593,475200,472,2857.884242616309,2074.228968190301,3251.130903534795,713.2432761642942,750.4447162032874,174.27453128110147,0.19571428571428573,0.24571428571428572,0.0
PHASE 3B,594,476000,476,2857.2347593296236,2074.228968190301,3251.130903534795,713.3340166773872,751.447335946556,174.05667583822077,0.19571428571428573,0.24571428571428572,0.0
PHASE 3B,595,476800,476,2857.2347593296236,2074.228968190301,3251.130903534795,713.3340166773874,751.4473359465561,174.05667583822077,0.19571428571428573,0.24571428571428572,0.0
PHASE 3B,596,477600,476,2857.2347593296236,2074.228968190301,3251.130903534795,713.3340166773874,751.4473359465561,174.05667583822077,0.19571428571428573,0.24571428571428572,0.0
PHASE 3B,597,478400,476,2857.2347593296236,2074.228968190301,3251.130903534795,713.3340166773874,751.4473359465561,174.05667583822077,0.19571428571428573,0.24571428571428572,0.0
PHASE 3B,598,479200,476,2857.2347593296236,2074.228968190301,3251.130903534795,713.3340166773874,751.4473359465561,174.05667583822077,0.19571428571428573,0.24571428571428572,0.0
PHASE 3B,599,480000,480,2854.3281989809543,2074.228968190301,3251.130903534795,710.2065164689002,756.991618814255,173.39125796223576,0.19571428571428573,0.24571428571428572,0.0
PHASE 3B,600,480800,480,2854.328198980955,2074.228968190301,3251.130903534795,710.2065164689002,756.9916188142549,173.39125796223576,0.19571428571428573,0.24571428571428572,0.0
PHASE 3B,601,481600,480,2854.328198980955,2074.228968190301,3251.130903534795,710.2065164689002,756.9916188142549,173.39125796223576,0.19571428571428573,0.24571428571428572,0.0
PHASE 3B,602,482400,480,2854.328198980955,2074.228968190301,3251.130903534795,710.2065164689002,756.9916188142549,173.39125796223576,0.19571428571428573,0.24571428571428572,0.0
PHASE 3B,603,483200,480,2854.328198980955,2074.228968190301,3251.130903534795,710.2065164689002,756.9916188142549,173.39125796223576,0.19571428571428573,0.24571428571428572,0.0
PHASE 3B,604,484000,484,2852.4365876090446,2074.228968190301,3262.590283847563,709.5260167907935,755.7911960295841,173.38992184859424,0.19571428571428573,0.24571428571428572,0.0
PHASE 3B,605,484800,484,2852.4365876090446,2074.228968190301,3262.590283847563,709.5260167907932,755.7911960295841,173.38992184859424,0.19571428571428573,0.24571428571428572,0.0
PHASE 3B,606,485600,484,2852.4365876090446,2074.228968190301,3262.590283847563,709.5260167907932,755.7911960295841,173.38992184859424,0.19571428571428573,0.24571428571428572,0.0
PHASE 3B,607,486400,484,2852.4365876090446,2074.228968190301,3262.590283847563,709.5260167907932,755.7911960295841,173.38992184859424,0.19571428571428573,0.24571428571428572,0.0
PHASE 3B,608,487200,484,2852.4365876090446,2074.228968190301,3262.590283847563,709.5260167907932,755.7911960295841,173.38992184859424,0.19571428571428573,0.24571428571428572,0.0
PHASE 3B,609,488000,488,2860.677580164396,2074.228968190301,3262.590283847563,708.1924636311455,763.0717885671894,173.6766659957685,0.19571428571428573,0.24571428571428572,0.0
PHASE 3B,610,488800,488,2860.6775801643957,2074.228968190301,3262.590283847563,708.1924636311456,763.0717885671892,173.6766659957685,0.19571428571428573,0.24571428571428572,0.0
PHASE 3B,611,489600,488,2860.6775801643957,2074.228968190301,3262.590283847563,708.1924636311456,763.0717885671892,173.6766659957685,0.19571428571428573,0.24571428571428572,0.0
PHASE 3B,612,490400,488,2860.6775801643957,2074.228968190301,3262.590283847563,708.1924636311456,763.0717885671892,173.6766659957685,0.19571428571428573,0.24571428571428572,0.0
PHASE 3B,613,491200,488,2860.6775801643957,2074.228968190301,3262.590283847563,708.1924636311456,763.0717885671892,173.6766659957685,0.19571428571428573,0.24571428571428572,0.0
PHASE 3B,614,492000,492,2862.940495492554,2074.228968190301,3262.590283847563,711.765475198273,760.1014336825209,173.88419832648106,0.19571428571428573,0.24571428571428572,0.0
PHASE 3B,615,492800,492,2862.9404954925544,2074.228968190301,3262.590283847563,711.7654751982726,760.101433682521,173.88419832648106,0.19571428571428573,0.24571428571428572,0.0
PHASE 3B,616,493600,492,2862.9404954925544,2074.228968190301,3262.590283847563,711.7654751982726,760.101433682521,173.88419832648106,0.19571428571428573,0.24571428571428572,0.0
PHASE 3B,617,494400,492,2862.9404954925544,2074.228968190301,3262.590283847563,711.7654751982726,760.101433682521,173.88419832648106,0.19571428571428573,0.24571428571428572,0.0
PHASE 3B,618,495200,492,2862.9404954925544,2074.228968190301,3262.590283847563,711.7654751982726,760.101433682521,173.88419832648106,0.19571428571428573,0.24571428571428572,0.0
PHASE 3B,619,496000,496,2856.938050339947,2074.228968190301,3262.590283847563,712.1859202793087,755.6150672365272,173.6421328530249,0.19571428571428573,0.24571428571428572,0.0
PHASE 3B,620,496800,496,2856.938050339948,2074.228968190301,3262.590283847563,712.1859202793084,755.6150672365271,173.6421328530249,0.19571428571428573,0.24571428571428572,0.0
PHASE 3B,621,497600,496,2856.938050339948,2074.228968190301,3262.590283847563,712.1859202793084,755.6150672365271,173.6421328530249,0.19571428571428573,0.24571428571428572,0.0
PHASE 3B,622,498400,496,2856.938050339948,2074.228968190301,3262.590283847563,712.1859202793084,755.6150672365271,173.6421328530249,0.19571428571428573,0.24571428571428572,0.0
PHASE 3B,623,499200,496,2856.938050339948,2074.228968190301,3262.590283847563,712.1859202793084,755.6150672365271,173.6421328530249,0.19571428571428573,0.24571428571428572,0.0
PHASE 3B,624,500000,500,2857.508669090212,2074.228968190301,3262.590283847563,710.4637666756934,759.3079249729493,173.46712218020718,0.19571428571428573,0.24571428571428572,0.0
PHASE 3B,625,500800,500,2857.508669090212,2074.228968190301,3262.590283847563,710.4637666756934,759.3079249729493,173.46712218020718,0.19571428571428573,0.24571428571428572,0.0
PHASE 3B,626,501600,500,2857.508669090212,2074.228968190301,3262.590283847563,710.4637666756934,759.3079249729493,173.46712218020718,0.19571428571428573,0.24571428571428572,0.0
PHASE 3B,627,502400,500,2857.508669090212,2074.228968190301,3262.590283847563,710.4637666756934,759.3079249729493,173.46712218020718,0.19571428571428573,0.24571428571428572,0.0
PHASE 3B,628,503200,500,2857.508669090212,2074.228968190301,3262.590283847563,710.4637666756934,759.3079249729493,173.46712218020718,0.19571428571428573,0.24571428571428572,0.0
PHASE 3B,629,504000,504,2852.855474784985,2074.228968190301,3262.590283847563,705.340382524228,758.5058007209317,173.62616144248918,0.19571428571428573,0.24571428571428572,0.0
PHASE 3B,630,504800,504,2852.8554747849844,2074.228968190301,3262.590283847563,705.3403825242277,758.5058007209319,173.62616144248918,0.19571428571428573,0.24571428571428572,0.0
PHASE 3B,631,505600,504,2852.8554747849844,2074.228968190301,3262.590283847563,705.3403825242277,758.5058007209319,173.62616144248918,0.19571428571428573,0.24571428571428572,0.0
PHASE 3B,632,506400,504,2852.8554747849844,2074.228968190301,3262.590283847563,705.3403825242277,758.5058007209319,173.62616144248918,0.19571428571428573,0.24571428571428572,0.0
PHASE 3B,633,507200,504,2852.8554747849844,2074.228968190301,3262.590283847563,705.3403825242277,758.5058007209319,173.62616144248918,0.19571428571428573,0.24571428571428572,0.0
PHASE 3B,634,508000,508,2847.1851989077036,2074.228968190301,3262.590283847563,701.8809707493568,757.5830841657095,173.46514299909072,0.19571428571428573,0.24571428571428572,0.0
PHASE 3B,635,508800,508,2847.1851989077036,2074.228968190301,3262.590283847563,701.8809707493568,757.5830841657094,173.46514299909072,0.19571428571428573,0.24571428571428572,0.0
PHASE 3B,636,509600,508,2847.1851989077036,2074.228968190301,3262.590283847563,701.8809707493568,757.5830841657094,173.46514299909072,0.19571428571428573,0.24571428571428572,0.0
PHASE 3B,637,510400,508,2847.1851989077036,2074.228968190301,3262.590283847563,701.8809707493568,757.5830841657094,173.46514299909072,0.19571428571428573,0.24571428571428572,0.0
PHASE 3B,638,511200,508,2847.1851989077036,2074.228968190301,3262.590283847563,701.8809707493568,757.5830841657094,173.46514299909072,0.19571428571428573,0.24571428571428572,0.0
PHASE 3B,639,512000,512,2855.18528197902,2074.228968190301,3594.303318274425,703.0211377418476,761.7986172208638,173.79569087704957,0.19571428571428573,0.24571428571428572,0.0
PHASE 3B,640,512800,512,2855.18528197902,2074.228968190301,3594.303318274425,703.0211377418476,761.7986172208641,173.79569087704957,0.19571428571428573,0.24571428571428572,0.0
PHASE 3B,641,513600,512,2855.18528197902,2074.228968190301,3594.303318274425,703.0211377418476,761.7986172208641,173.79569087704957,0.19571428571428573,0.24571428571428572,0.0
PHASE 3B,642,514400,512,2855.18528197902,2074.228968190301,3594.303318274425,703.0211377418476,761.7986172208641,173.79569087704957,0.19571428571428573,0.24571428571428572,0.0
PHASE 3B,643,515200,512,2855.18528197902,2074.228968190301,3594.303318274425,703.0211377418476,761.7986172208641,173.79569087704957,0.19571428571428573,0.24571428571428572,0.0
PHASE 3B,644,516000,516,2860.09285503872,2074.228968190301,3594.303318274425,711.2781166324748,761.770633653382,173.38051309411887,0.19571428571428573,0.24571428571428572,0.0
PHASE 3B,645,516800,516,2860.09285503872,2074.228968190301,3594.303318274425,711.2781166324748,761.7706336533818,173.38051309411887,0.19571428571428573,0.24571428571428572,0.0
PHASE 3B,646,517600,516,2860.09285503872,2074.228968190301,3594.303318274425,711.2781166324748,761.7706336533818,173.38051309411887,0.19571428571428573,0.24571428571428572,0.0
PHASE 3B,647,518400,516,2860.09285503872,2074.228968190301,3594.303318274425,711.2781166324748,761.7706336533818,173.38051309411887,0.19571428571428573,0.24571428571428572,0.0
PHASE 3B,648,519200,516,2860.09285503872,2074.228968190301,3594.303318274425,711.2781166324748,761.7706336533818,173.38051309411887,0.19571428571428573,0.24571428571428572,0.0
PHASE 3B,649,520000,520,2858.8062492380577,2150.316771006874,3594.303318274425,719.8771874109577,754.8120765732535,173.01462315674186,0.19571428571428573,0.24571428571428572,0.0
PHASE 3B,650,520800,520,2858.806249238058,2150.316771006874,3594.303318274425,719.8771874109574,754.8120765732538,173.01462315674186,0.19571428571428573,0.24571428571428572,0.0
PHASE 3B,651,521600,520,2858.806249238058,2150.316771006874,3594.303318274425,719.8771874109574,754.8120765732538,173.01462315674186,0.19571428571428573,0.24571428571428572,0.0
PHASE 3B,652,522400,520,2858.806249238058,2150.316771006874,3594.303318274425,719.8771874109574,754.8120765732538,173.01462315674186,0.19571428571428573,0.24571428571428572,0.0
PHASE 3B,653,523200,520,2858.806249238058,2150.316771006874,3594.303318274425,719.8771874109574,754.8120765732538,173.01462315674186,0.19571428571428573,0.24571428571428572,0.0
PHASE 3B,654,524000,524,2863.802376439647,2150.316771006874,3594.303318274425,720.5966181366321,758.3939693789514,173.10147361551893,0.19571428571428573,0.24571428571428572,0.0
PHASE 3B,655,524800,524,2863.8023764396476,2150.316771006874,3594.303318274425,720.5966181366325,758.3939693789513,173.10147361551893,0.19571428571428573,0.24571428571428572,0.0
PHASE 3B,656,525600,524,2863.8023764396476,2150.316771006874,3594.303318274425,720.5966181366325,758.3939693789513,173.10147361551893,0.19571428571428573,0.24571428571428572,0.0
PHASE 3B,657,526400,524,2863.8023764396476,2150.316771006874,3594.303318274425,720.5966181366325,758.3939693789513,173.10147361551893,0.19571428571428573,0.24571428571428572,0.0
PHASE 3B,658,527200,524,2863.8023764396476,2150.316771006874,3594.303318274425,720.5966181366325,758.3939693789513,173.10147361551893,0.19571428571428573,0.24571428571428572,0.0
PHASE 3B,659,528000,528,2860.452621357126,2150.316771006874,3594.303318274425,723.6344837294381,755.4751582755393,172.66787241902938,0.19571428571428573,0.24571428571428572,0.0
PHASE 3B,660,528800,528,2860.4526213571253,2150.316771006874,3594.303318274425,723.6344837294381,755.4751582755391,172.66787241902938,0.19571428571428573,0.24571428571428572,0.0
PHASE 3B,661,529600,528,2860.4526213571253,2150.316771006874,3594.303318274425,723.6344837294381,755.4751582755391,172.66787241902938,0.19571428571428573,0.24571428571428572,0.0
PHASE 3B,662,530400,528,2860.4526213571253,2150.316771006874,3594.303318274425,723.6344837294381,755.4751582755391,172.66787241902938,0.19571428571428573,0.24571428571428572,0.0
PHASE 3B,663,531200,528,2860.4526213571253,2150.316771006874,3594.303318274425,723.6344837294381,755.4751582755391,172.66787241902938,0.19571428571428573,0.24571428571428572,0.0
PHASE 3B,664,532000,532,2867.160754975861,2150.316771006874,3594.303318274425,735.0048079333001,749.9382636399464,172.77721042533776,0.19571428571428573,0.24571428571428572,0.0
PHASE 3B,665,532800,532,2867.160754975861,2150.316771006874,3594.303318274425,735.0048079332998,749.9382636399464,172.77721042533776,0.19571428571428573,0.24571428571428572,0.0
PHASE 3B,666,533600,532,2867.160754975861,2150.316771006874,3594.303318274425,735.0048079332998,749.9382636399464,172.77721042533776,0.19571428571428573,0.24571428571428572,0.0
PHASE 3B,667,534400,532,2867.160754975861,2150.316771006874,3594.303318274425,735.0048079332998,749.9382636399464,172.77721042533776,0.19571428571428573,0.24571428571428572,0.0
PHASE 3B,668,535200,532,2867.160754975861,2150.316771006874,3594.303318274425,735.0048079332998,749.9382636399464,172.77721042533776,0.19571428571428573,0.24571428571428572,0.0
PHASE 3B,669,536000,536,2862.773454504641,2150.316771006874,3594.303318274425,732.6268571990222,751.3976484949976,172.34361860133876,0.19571428571428573,0.24571428571428572,0.0
PHASE 3B,670,536800,536,2862.773454504641,2150.316771006874,3594.303318274425,732.6268571990223,751.3976484949977,172.34361860133876,0.19571428571428573,0.24571428571428572,0.0
PHASE 3B,671,537600,536,2862.773454504641,2150.316771006874,3594.303318274425,732.6268571990223,751.3976484949977,172.34361860133876,0.19571428571428573,0.24571428571428572,0.0
PHASE 3B,672,538400,536,2862.773454504641,2150.316771006874,3594.303318274425,732.6268571990223,751.3976484949977,172.34361860133876,0.19571428571428573,0.24571428571428572,0.0
PHASE 3B,673,539200,536,2862.773454504641,2150.316771006874,3594.303318274425,732.6268571990223,751.3976484949977,172.34361860133876,0.19571428571428573,0.24571428571428572,0.0
PHASE 3B,674,540000,540,2873.5607337072593,2150.316771006874,3594.303318274425,730.703917427767,762.0609577317717,172.5994823184762,0.19571428571428573,0.24571428571428572,0.0
PHASE 3B,675,540800,540,2873.5607337072593,2150.316771006874,3594.303318274425,730.703917427767,762.060957731772,172.5994823184762,0.19571428571428573,0.24571428571428572,0.0
PHASE 3B,676,541600,540,2873.5607337072593,2150.316771006874,3594.303318274425,730.703917427767,762.060957731772,172.5994823184762,0.19571428571428573,0.24571428571428572,0.0
PHASE 3B,677,542400,540,2873.5607337072593,2150.316771006874,3594.303318274425,730.703917427767,762.060957731772,172.5994823184762,0.19571428571428573,0.24571428571428572,0.0
PHASE 3B,678,543200,540,2873.5607337072593,2150.316771006874,3594.303318274425,730.703917427767,762.060957731772,172.5994823184762,0.19571428571428573,0.24571428571428572,0.0
PHASE 3B,679,544000,544,2866.1835371377533,2150.316771006874,3594.303318274425,731.8819713923992,759.0129267636919,171.91107987271894,0.19571428571428573,0.24571428571428572,0.0
PHASE 3B,680,544800,544,2866.1835371377542,2150.316771006874,3594.303318274425,731.8819713923992,759.0129267636918,171.91107987271894,0.19571428571428573,0.24571428571428572,0.0
PHASE 3B,681,545600,544,2866.1835371377542,2150.316771006874,3594.303318274425,731.8819713923992,759.0129267636918,171.91107987271894,0.19571428571428573,0.24571428571428572,0.0
PHASE 3B,682,546400,544,2866.1835371377542,2150.316771006874,3594.303318274425,731.8819713923992,759.0129267636918,171.91107987271894,0.19571428571428573,0.24571428571428572,0.0
PHASE 3B,683,547200,544,2866.1835371377542,2150.316771006874,3594.303318274425,731.8819713923992,759.0129267636918,171.91107987271894,0.19571428571428573,0.24571428571428572,0.0
PHASE 3B,684,548000,548,2872.7923902685566,2150.316771006874,3594.303318274425,734.1683409617773,760.9522184298796,172.2089788596236,0.19571428571428573,0.24571428571428572,0.0
PHASE 3B,685,548800,548,2872.792390268556,2150.316771006874,3594.303318274425,734.1683409617773,760.9522184298796,172.20897885962364,0.19571428571428573,0.24571428571428572,0.0
PHASE 3B,686,549600,548,2872.792390268556,2150.316771006874,3594.303318274425,734.1683409617773,760.9522184298796,172.20897885962364,0.19571428571428573,0.24571428571428572,0.0
PHASE 3B,687,550400,548,2872.792390268556,2150.316771006874,3594.303318274425,734.1683409617773,760.9522184298796,172.20897885962364,0.19571428571428573,0.24571428571428572,0.0
PHASE 3B,688,551200,548,2872.792390268556,2150.316771006874,3594.303318274425,734.1683409617773,760.9522184298796,172.20897885962364,0.19571428571428573,0.24571428571428572,0.0
PHASE 3B,689,552000,552,2873.257992964058,2150.316771006874,3594.303318274425,734.5714037161385,760.4726311936212,172.27674475679848,0.19571428571428573,0.24571428571428572,0.0
PHASE 3B,690,552800,552,2873.257992964059,2150.316771006874,3594.303318274425,734.5714037161384,760.472631193621,172.27674475679848,0.19571428571428573,0.24571428571428572,0.0
PHASE 3B,691,553600,552,2873.257992964059,2150.316771006874,3594.303318274425,734.5714037161384,760.472631193621,172.27674475679848,0.19571428571428573,0.24571428571428572,0.0
PHASE 3B,692,554400,552,2873.257992964059,2150.316771006874,3594.303318274425,734.5714037161384,760.472631193621,172.27674475679848,0.19571428571428573,0.24571428571428572,0.0
PHASE 3B,693,555200,552,2873.257992964059,2150.316771006874,3594.303318274425,734.5714037161384,760.472631193621,172.27674475679848,0.19571428571428573,0.24571428571428572,0.0
PHASE 3B,694,556000,556,2882.742674369737,2150.316771006874,3594.303318274425,742.5951516204068,758.7793707957036,172.67101899421448,0.19571428571428573,0.24571428571428572,0.0
PHASE 3B,695,556800,556,2882.7426743697365,2150.316771006874,3594.303318274425,742.595151620407,758.7793707957037,172.67101899421448,0.19571428571428573,0.24571428571428572,0.0
PHASE 3B,696,557600,556,2882.7426743697365,2150.316771006874,3594.303318274425,742.595151620407,758.7793707957037,172.67101899421448,0.19571428571428573,0.24571428571428572,0.0
PHASE 3B,697,558400,556,2882.7426743697365,2150.316771006874,3594.303318274425,742.595151620407,758.7793707957037,172.67101899421448,0.19571428571428573,0.24571428571428572,0.0
PHASE 3B,698,559200,556,2882.7426743697365,2150.316771006874,3594.303318274425,742.595151620407,758.7793707957037,172.67101899421448,0.19571428571428573,0.24571428571428572,0.0
PHASE 3B,699,560000,560,2885.1674965637562,2150.316771006874,3594.303318274425,746.6766746765423,756.5753127681915,172.73943863988904,0.19571428571428573,0.24571428571428572,0.0
PHASE 3B,700,560800,560,2885.167496563756,2150.316771006874,3594.303318274425,746.6766746765421,756.5753127681915,172.73943863988904,0.19571428571428573,0.24571428571428572,0.0
PHASE 3B,701,561600,560,2885.167496563756,2150.316771006874,3594.303318274425,746.6766746765421,756.5753127681915,172.73943863988904,0.19571428571428573,0.24571428571428572,0.0
PHASE 3B,702,562400,560,2885.167496563756,2150.316771006874,3594.303318274425,746.6766746765421,756.5753127681915,172.73943863988904,0.19571428571428573,0.24571428571428572,0.0
PHASE 3B,703,563200,560,2885.167496563756,2150.316771006874,3594.303318274425,746.6766746765421,756.5753127681915,172.73943863988904,0.19571428571428573,0.24571428571428572,0.0
PHASE 3B,704,564000,564,2884.114249751604,2150.316771006874,3594.303318274425,749.3819007056686,752.5437311316359,172.77357723929876,0.19571428571428573,0.24571428571428572,0.0
PHASE 3B,705,564800,564,2884.1142497516043,2150.316771006874,3594.303318274425,749.3819007056688,752.5437311316359,172.77357723929876,0.19571428571428573,0.24571428571428572,0.0
PHASE 3B,706,565600,564,2884.1142497516043,2150.316771006874,3594.303318274425,749.3819007056688,752.5437311316359,172.77357723929876,0.19571428571428573,0.24571428571428572,0.0
PHASE 3B,707,566400,564,2884.1142497516043,2150.316771006874,3594.303318274425,749.3819007056688,752.5437311316359,172.77357723929876,0.19571428571428573,0.24571428571428572,0.0
PHASE 3B,708,567200,564,2884.1142497516043,2150.316771006874,3594.303318274425,749.3819007056688,752.5437311316359,172.77357723929876,0.19571428571428573,0.24571428571428572,0.0
PHASE 3B,709,568000,568,2883.081629958372,2150.316771006874,3594.303318274425,749.7511624561564,751.2751530983027,172.75691430050043,0.19571428571428573,0.24571428571428572,0.0
PHASE 3B,710,568800,568,2883.0816299583735,2150.316771006874,3594.303318274425,749.7511624561564,751.2751530983026,172.75691430050045,0.19571428571428573,0.24571428571428572,0.0
PHASE 3B,711,569600,568,2883.0816299583735,2150.316771006874,3594.303318274425,749.7511624561564,751.2751530983026,172.75691430050045,0.19571428571428573,0.24571428571428572,0.0
PHASE 3B,712,570400,568,2883.0816299583735,2150.316771006874,3594.303318274425,749.7511624561564,751.2751530983026,172.75691430050045,0.19571428571428573,0.24571428571428572,0.0
PHASE 3B,713,571200,568,2883.0816299583735,2150.316771006874,3594.303318274425,749.7511624561564,751.2751530983026,172.75691430050045,0.19571428571428573,0.24571428571428572,0.0
PHASE 3B,714,572000,572,2881.927956144153,2150.316771006874,3594.303318274425,745.8715481530921,756.0150074047593,172.5051750732989,0.19571428571428573,0.24571428571428572,0.0
PHASE 3B,715,572800,572,2881.927956144153,2150.316771006874,3594.303318274425,745.8715481530921,756.0150074047597,172.5051750732989,0.19571428571428573,0.24571428571428572,0.0
PHASE 3B,716,573600,572,2881.927956144153,2150.316771006874,3594.303318274425,745.8715481530921,756.0150074047597,172.5051750732989,0.19571428571428573,0.24571428571428572,0.0
PHASE 3B,717,574400,572,2881.927956144153,2150.316771006874,3594.303318274425,745.8715481530921,756.0150074047597,172.5051750732989,0.19571428571428573,0.24571428571428572,0.0
PHASE 3B,718,575200,572,2881.927956144153,2150.316771006874,3594.303318274425,745.8715481530921,756.0150074047597,172.5051750732989,0.19571428571428573,0.24571428571428572,0.0
PHASE 3B,719,576000,576,2884.801331553976,2150.316771006874,3594.303318274425,747.9452621611384,755.640706977319,172.65192030195115,0.19571428571428573,0.24571428571428572,0.0
PHASE 3B,720,576800,576,2884.8013315539765,2150.316771006874,3594.303318274425,747.9452621611382,755.6407069773188,172.65192030195118,0.19571428571428573,0.24571428571428572,0.0
PHASE 3B,721,577600,576,2884.8013315539765,2150.316771006874,3594.303318274425,747.9452621611382,755.6407069773188,172.65192030195118,0.19571428571428573,0.24571428571428572,0.0
PHASE 3B,722,578400,576,2884.8013315539765,2150.316771006874,3594.303318274425,747.9452621611382,755.6407069773188,172.65192030195118,0.19571428571428573,0.24571428571428572,0.0
PHASE 3B,723,579200,576,2884.8013315539765,2150.316771006874,3594.303318274425,747.9452621611382,755.6407069773188,172.65192030195118,0.19571428571428573,0.24571428571428572,0.0
PHASE 3B,724,580000,580,2887.373018820254,2150.316771006874,3594.303318274425,749.8223564912681,755.3343412073574,172.7770401402148,0.19571428571428573,0.24571428571428572,0.0
PHASE 3B,725,580800,580,2887.3730188202544,2150.316771006874,3594.303318274425,749.8223564912681,755.3343412073574,172.7770401402148,0.19571428571428573,0.24571428571428572,0.0
PHASE 3B,726,581600,580,2887.3730188202544,2150.316771006874,3594.303318274425,749.8223564912681,755.3343412073574,172.7770401402148,0.19571428571428573,0.24571428571428572,0.0
PHASE 3B,727,582400,580,2887.3730188202544,2150.316771006874,3594.303318274425,749.8223564912681,755.3343412073574,172.7770401402148,0.19571428571428573,0.24571428571428572,0.0
PHASE 3B,728,583200,580,2887.3730188202544,2150.316771006874,3594.303318274425,749.8223564912681,755.3343412073574,172.7770401402148,0.19571428571428573,0.24571428571428572,0.0
PHASE 3B,729,584000,584,2900.601932655089,2150.316771006874,3594.303318274425,755.4472451151815,757.6091314306889,173.44319451366366,0.19571428571428573,0.24571428571428572,0.0
PHASE 3B,730,584800,584,2900.601932655089,2150.316771006874,3594.303318274425,755.4472451151815,757.6091314306889,173.44319451366363,0.19571428571428573,0.24571428571428572,0.0
PHASE 3B,731,585600,584,2900.601932655089,2150.316771006874,3594.303318274425,755.4472451151815,757.6091314306889,173.44319451366363,0.19571428571428573,0.24571428571428572,0.0
PHASE 3B,732,586400,584,2900.601932655089,2150.316771006874,3594.303318274425,755.4472451151815,757.6091314306889,173.44319451366363,0.19571428571428573,0.24571428571428572,0.0
PHASE 3B,733,587200,584,2900.601932655089,2150.316771006874,3594.303318274425,755.4472451151815,757.6091314306889,173.44319451366363,0.19571428571428573,0.24571428571428572,0.0
PHASE 3B,734,588000,588,2891.948980813404,2150.316771006874,3594.303318274425,755.6079993373019,751.503562857058,173.10467732739176,0.19571428571428573,0.24571428571428572,0.0
PHASE 3B,735,588800,588,2891.948980813403,2150.316771006874,3594.303318274425,755.607999337302,751.503562857058,173.1046773273918,0.19571428571428573,0.24571428571428572,0.0
PHASE 3B,736,589600,588,2891.948980813403,2150.316771006874,3594.303318274425,755.607999337302,751.503562857058,173.1046773273918,0.19571428571428573,0.24571428571428572,0.0
PHASE 3B,737,590400,588,2891.948980813403,2150.316771006874,3594.303318274425,755.607999337302,751.503562857058,173.1046773273918,0.19571428571428573,0.24571428571428572,0.0
PHASE 3B,738,591200,588,2891.948980813403,2150.316771006874,3594.303318274425,755.607999337302,751.503562857058,173.1046773273918,0.19571428571428573,0.24571428571428572,0.0
PHASE 3B,739,592000,592,2888.3910554021336,2150.316771006874,3594.303318274425,752.9000032003728,751.3769364918074,173.01426446375552,0.19571428571428573,0.24571428571428572,0.0
PHASE 3B,740,592800,592,2888.3910554021336,2150.316771006874,3594.303318274425,752.9000032003728,751.3769364918074,173.01426446375552,0.19571428571428573,0.24571428571428572,0.0
PHASE 3B,741,593600,592,2888.3910554021336,2150.316771006874,3594.303318274425,752.9000032003728,751.3769364918074,173.01426446375552,0.19571428571428573,0.24571428571428572,0.0
PHASE 3B,742,594400,592,2888.3910554021336,2150.316771006874,3594.303318274425,752.9000032003728,751.3769364918074,173.01426446375552,0.19571428571428573,0.24571428571428572,0.0
PHASE 3B,743,595200,592,2888.3910554021336,2150.316771006874,3594.303318274425,752.9000032003728,751.3769364918074,173.01426446375552,0.19571428571428573,0.24571428571428572,0.0
PHASE 3B,744,596000,596,2893.9444886059005,2150.316771006874,3594.303318274425,759.3529759143728,750.0638979078205,173.06595184797487,0.19571428571428573,0.24571428571428572,0.0
PHASE 3B,745,596800,596,2893.944488605901,2150.316771006874,3594.303318274425,759.3529759143728,750.0638979078203,173.06595184797487,0.19571428571428573,0.24571428571428572,0.0
PHASE 3B,746,597600,596,2893.944488605901,2150.316771006874,3594.303318274425,759.3529759143728,750.0638979078203,173.06595184797487,0.19571428571428573,0.24571428571428572,0.0
PHASE 3B,747,598400,596,2893.944488605901,2150.316771006874,3594.303318274425,759.3529759143728,750.0638979078203,173.06595184797487,0.19571428571428573,0.24571428571428572,0.0
PHASE 3B,748,599200,596,2893.944488605901,2150.316771006874,3594.303318274425,759.3529759143728,750.0638979078203,173.06595184797487,0.19571428571428573,0.24571428571428572,0.0
PHASE 3B,749,600000,600,2891.2954299158605,2150.316771006874,3594.303318274425,756.7436383389042,748.9658486666444,173.19824286380035,0.19571428571428573,0.24571428571428572,0.0
PHASE 3B,750,600800,600,2891.2954299158596,2150.316771006874,3594.303318274425,756.7436383389041,748.9658486666444,173.19824286380035,0.19571428571428573,0.24571428571428572,0.0
PHASE 3B,751,601600,600,2891.2954299158596,2150.316771006874,3594.303318274425,756.7436383389041,748.9658486666444,173.19824286380035,0.19571428571428573,0.24571428571428572,0.0
PHASE 3B,752,602400,600,2891.2954299158596,2150.316771006874,3594.303318274425,756.7436383389041,748.9658486666444,173.19824286380035,0.19571428571428573,0.24571428571428572,0.0
PHASE 3B,753,603200,600,2891.2954299158596,2150.316771006874,3594.303318274425,756.7436383389041,748.9658486666444,173.19824286380035,0.19571428571428573,0.24571428571428572,0.0
PHASE 3B,754,604000,604,2902.545640869368,2224.960493279265,3594.303318274425,765.7239219069882,750.0054873264476,173.35202895450297,0.19571428571428573,0.24571428571428572,0.0
PHASE 3B,755,604800,604,2902.5456408693676,2224.960493279265,3594.303318274425,765.7239219069882,750.0054873264478,173.35202895450297,0.19571428571428573,0.24571428571428572,0.0
PHASE 3B,756,605600,604,2902.5456408693676,2224.960493279265,3594.303318274425,765.7239219069882,750.0054873264478,173.35202895450297,0.19571428571428573,0.24571428571428572,0.0
PHASE 3B,757,606400,604,2902.5456408693676,2224.960493279265,3594.303318274425,765.7239219069882,750.0054873264478,173.35202895450297,0.19571428571428573,0.24571428571428572,0.0
PHASE 3B,758,607200,604,2902.5456408693676,2224.960493279265,3594.303318274425,765.7239219069882,750.0054873264478,173.35202895450297,0.19571428571428573,0.24571428571428572,0.0
PHASE 3B,759,608000,608,2903.694171324963,2224.960493279265,3594.303318274425,767.5084836040229,748.5440121171429,173.45520945048622,0.19571428571428573,0.24571428571428572,0.0
PHASE 3B,760,608800,608,2903.6941713249626,2224.960493279265,3594.303318274425,767.5084836040229,748.5440121171425,173.45520945048625,0.19571428571428573,0.24571428571428572,0.0
PHASE 3B,761,609600,608,2903.6941713249626,2224.960493279265,3594.303318274425,767.5084836040229,748.5440121171425,173.45520945048625,0.19571428571428573,0.24571428571428572,0.0
PHASE 3B,762,610400,608,2903.6941713249626,2224.960493279265,3594.303318274425,767.5084836040229,748.5440121171425,173.45520945048625,0.19571428571428573,0.24571428571428572,0.0
PHASE 3B,763,611200,608,2903.6941713249626,2224.960493279265,3594.303318274425,767.5084836040229,748.5440121171425,173.45520945048625,0.19571428571428573,0.24571428571428572,0.0
PHASE 3B,764,612000,612,2898.157178412682,2224.960493279265,3327.246586558761,759.6112329783516,748.7475952292172,173.72479377565077,0.19571428571428573,0.24571428571428572,0.0
PHASE 3B,765,612800,612,2898.1571784126822,2224.960493279265,3327.246586558761,759.6112329783516,748.7475952292173,173.7247937756507,0.19571428571428573,0.24571428571428572,0.0
PHASE 3B,766,613600,612,2898.1571784126822,2224.960493279265,3327.246586558761,759.6112329783516,748.7475952292173,173.7247937756507,0.19571428571428573,0.24571428571428572,0.0
PHASE 3B,767,614400,612,2898.1571784126822,2224.960493279265,3327.246586558761,759.6112329783516,748.7475952292173,173.7247937756507,0.19571428571428573,0.24571428571428572,0.0
PHASE 3B,768,615200,612,2898.1571784126822,2224.960493279265,3327.246586558761,759.6112329783516,748.7475952292173,173.7247937756507,0.19571428571428573,0.24571428571428572,0.0
PHASE 3B,769,616000,616,2896.627629616975,2224.960493279265,3327.246586558761,755.0941111751887,752.3929091877756,173.64257615676303,0.19571428571428573,0.24571428571428572,0.0
PHASE 3B,770,616800,616,2896.6276296169754,2224.960493279265,3327.246586558761,755.0941111751886,752.3929091877753,173.64257615676303,0.19571428571428573,0.24571428571428572,0.0
PHASE 3B,771,617600,616,2896.6276296169754,2224.960493279265,3327.246586558761,755.0941111751886,752.3929091877753,173.64257615676303,0.19571428571428573,0.24571428571428572,0.0
PHASE 3B,772,618400,616,2896.6276296169754,2224.960493279265,3327.246586558761,755.0941111751886,752.3929091877753,173.64257615676303,0.19571428571428573,0.24571428571428572,0.0
PHASE 3B,773,619200,616,2896.6276296169754,2224.960493279265,3327.246586558761,755.0941111751886,752.3929091877753,173.64257615676303,0.19571428571428573,0.24571428571428572,0.0
PHASE 3B,774,620000,620,2897.294687319084,2224.960493279265,3327.246586558761,752.8179473821795,755.1383276958456,173.66730153014396,0.19571428571428573,0.24571428571428572,0.0
PHASE 3B,775,620800,620,2897.2946873190836,2224.960493279265,3327.246586558761,752.8179473821792,755.1383276958458,173.667301530144,0.19571428571428573,0.24571428571428572,0.0
PHASE 3B,776,621600,620,2897.2946873190836,2224.960493279265,3327.246586558761,752.8179473821792,755.1383276958458,173.667301530144,0.19571428571428573,0.24571428571428572,0.0
PHASE 3B,777,622400,620,2897.2946873190836,2224.960493279265,3327.246586558761,752.8179473821792,755.1383276958458,173.667301530144,0.19571428571428573,0.24571428571428572,0.0
PHASE 3B,778,623200,620,2897.2946873190836,2224.960493279265,3327.246586558761,752.8179473821792,755.1383276958458,173.667301530144,0.19571428571428573,0.24571428571428572,0.0
PHASE 3B,779,624000,624,2890.9913688252777,2224.960493279265,3327.246586558761,750.9812223866547,752.9083506580047,173.38772447258893,0.19571428571428573,0.24571428571428572,0.0
PHASE 3B,780,624800,624,2890.9913688252786,2224.960493279265,3327.246586558761,750.9812223866548,752.9083506580047,173.3877244725889,0.19571428571428573,0.24571428571428572,0.0
PHASE 3B,781,625600,624,2890.9913688252786,2224.960493279265,3327.246586558761,750.9812223866548,752.9083506580047,173.3877244725889,0.19571428571428573,0.24571428571428572,0.0
PHASE 3B,782,626400,624,2890.9913688252786,2224.960493279265,3327.246586558761,750.9812223866548,752.9083506580047,173.3877244725889,0.19571428571428573,0.24571428571428572,0.0
PHASE 3B,783,627200,624,2890.9913688252786,2224.960493279265,3327.246586558761,750.9812223866548,752.9083506580047,173.3877244725889,0.19571428571428573,0.24571428571428572,0.0
PHASE 3B,784,628000,628,2890.7328706187623,2224.960493279265,3327.246586558761,749.6437154801779,753.2958982003714,173.47415711728812,0.19571428571428573,0.24571428571428572,0.0
PHASE 3B,785,628800,628,2890.7328706187604,2224.960493279265,3327.246586558761,749.6437154801779,753.2958982003713,173.47415711728817,0.19571428571428573,0.24571428571428572,0.0
PHASE 3B,786,629600,628,2890.7328706187604,2224.960493279265,3327.246586558761,749.6437154801779,753.2958982003713,173.47415711728817,0.19571428571428573,0.24571428571428572,0.0
PHASE 3B,787,630400,628,2890.7328706187604,2224.960493279265,3327.246586558761,749.6437154801779,753.2958982003713,173.47415711728817,0.19571428571428573,0.24571428571428572,0.0
PHASE 3B,788,631200,628,2890.7328706187604,2224.960493279265,3327.246586558761,749.6437154801779,753.2958982003713,173.47415711728817,0.19571428571428573,0.24571428571428572,0.0
PHASE 3B,789,632000,632,2898.6195867525357,2224.960493279265,3327.246586558761,751.1934566299487,758.3548076261994,173.63391531206008,0.19571428571428573,0.24571428571428572,0.0
PHASE 3B,790,632800,632,2898.619586752536,2224.960493279265,3327.246586558761,751.1934566299486,758.3548076261997,173.63391531206008,0.19571428571428573,0.24571428571428572,0.0
PHASE 3B,791,633600,632,2898.619586752536,2224.960493279265,3327.246586558761,751.1934566299486,758.3548076261997,173.63391531206008,0.19571428571428573,0.24571428571428572,0.0
PHASE 3B,792,634400,632,2898.619586752536,2224.960493279265,3327.246586558761,751.1934566299486,758.3548076261997,173.63391531206008,0.19571428571428573,0.24571428571428572,0.0
PHASE 3B,793,635200,632,2898.619586752536,2224.960493279265,3327.246586558761,751.1934566299486,758.3548076261997,173.63391531206008,0.19571428571428573,0.24571428571428572,0.0
PHASE 3B,794,636000,636,2898.629062620835,2224.960493279265,3327.246586558761,750.7485937405396,757.3541909504071,173.8157847412475,0.19571428571428573,0.24571428571428572,0.0
PHASE 3B,795,636800,636,2898.629062620835,2224.960493279265,3327.246586558761,750.7485937405398,757.354190950407,173.8157847412475,0.19571428571428573,0.24571428571428572,0.0
PHASE 3B,796,637600,636,2898.629062620835,2224.960493279265,3327.246586558761,750.7485937405398,757.354190950407,173.8157847412475,0.19571428571428573,0.24571428571428572,0.0
PHASE 3B,797,638400,636,2898.629062620835,2224.960493279265,3327.246586558761,750.7485937405398,757.354190950407,173.8157847412475,0.19571428571428573,0.24571428571428572,0.0
PHASE 3B,798,639200,636,2898.629062620835,2224.960493279265,3327.246586558761,750.7485937405398,757.354190950407,173.8157847412475,0.19571428571428573,0.24571428571428572,0.0
PHASE 3B,799,640000,640,2897.1507347132765,2224.960493279265,3327.246586558761,755.539415972182,753.1477574279525,173.55794516415415,0.19571428571428573,0.24571428571428572,0.0
PHASE 3B,800,640800,640,2897.1507347132765,2224.960493279265,3327.246586558761,755.5394159721819,753.1477574279528,173.55794516415412,0.19571428571428573,0.24571428571428572,0.0
PHASE 3B,801,641600,640,2897.1507347132765,2224.960493279265,3327.246586558761,755.5394159721819,753.1477574279528,173.55794516415412,0.19571428571428573,0.24571428571428572,0.0
PHASE 3B,802,642400,640,2897.1507347132765,2224.960493279265,3327.246586558761,755.5394159721819,753.1477574279528,173.55794516415412,0.19571428571428573,0.24571428571428572,0.0
PHASE 3B,803,643200,640,2897.1507347132765,2224.960493279265,3327.246586558761,755.5394159721819,753.1477574279528,173.55794516415412,0.19571428571428573,0.24571428571428572,0.0
PHASE 3B,804,644000,644,2900.6309362387674,2224.960493279265,3327.246586558761,753.6765484737439,756.8733848327812,173.76012536654164,0.19571428571428573,0.24571428571428572,0.0
PHASE 3B,805,644800,644,2900.630936238767,2224.960493279265,3327.246586558761,753.676548473744,756.873384832781,173.76012536654162,0.19571428571428573,0.24571428571428572,0.0
PHASE 3B,806,645600,644,2900.630936238767,2224.960493279265,3327.246586558761,753.676548473744,756.873384832781,173.76012536654162,0.19571428571428573,0.24571428571428572,0.0
PHASE 3B,807,646400,644,2900.630936238767,2224.960493279265,3327.246586558761,753.676548473744,756.873384832781,173.76012536654162,0.19571428571428573,0.24571428571428572,0.0
PHASE 3B,808,647200,644,2900.630936238767,2224.960493279265,3327.246586558761,753.676548473744,756.873384832781,173.76012536654162,0.19571428571428573,0.24571428571428572,0.0
PHASE 3B,809,648000,648,2898.036898163053,2150.5331930716025,3327.246586558761,747.4607936920526,758.3357456281672,174.03004485536556,0.19571428571428573,0.24571428571428572,0.0
PHASE 3B,810,648800,648,2898.036898163054,2150.5331930716025,3327.246586558761,747.4607936920526,758.3357456281672,174.03004485536556,0.19571428571428573,0.24571428571428572,0.0
PHASE 3B,811,649600,648,2898.036898163054,2150.5331930716025,3327.246586558761,747.4607936920526,758.3357456281672,174.03004485536556,0.19571428571428573,0.24571428571428572,0.0
PHASE 3B,812,650400,648,2898.036898163054,2150.5331930716025,3327.246586558761,747.4607936920526,758.3357456281672,174.03004485536556,0.19571428571428573,0.24571428571428572,0.0
PHASE 3B,813,651200,648,2898.036898163054,2150.5331930716025,3327.246586558761,747.4607936920526,758.3357456281672,174.03004485536556,0.19571428571428573,0.24571428571428572,0.0
PHASE 3B,814,652000,652,2901.8023308035395,2150.5331930716025,3369.130341793127,749.8966454787992,759.1648707648059,174.0926018200031,0.19571428571428573,0.24571428571428572,0.0
PHASE 3B,815,652800,652,2901.8023308035395,2150.5331930716025,3369.130341793127,749.8966454787992,759.1648707648061,174.0926018200031,0.19571428571428573,0.24571428571428572,0.0
PHASE 3B,816,653600,652,2901.8023308035395,2150.5331930716025,3369.130341793127,749.8966454787992,759.1648707648061,174.0926018200031,0.19571428571428573,0.24571428571428572,0.0
PHASE 3B,817,654400,652,2901.8023308035395,2150.5331930716025,3369.130341793127,749.8966454787992,759.1648707648061,174.0926018200031,0.19571428571428573,0.24571428571428572,0.0
PHASE 3B,818,655200,652,2901.8023308035395,2150.5331930716025,3369.130341793127,749.8966454787992,759.1648707648061,174.0926018200031,0.19571428571428573,0.24571428571428572,0.0
PHASE 3B,819,656000,656,2901.956060008478,2150.5331930716025,3369.130341793127,744.6998611497486,764.1111195432593,174.1431349144449,0.19571428571428573,0.24571428571428572,0.0
PHASE 3B,820,656800,656,2901.9560600084783,2150.5331930716025,3369.130341793127,744.6998611497486,764.1111195432593,174.1431349144449,0.19571428571428573,0.24571428571428572,0.0
PHASE 3B,821,657600,656,2901.9560600084783,2150.5331930716025,3369.130341793127,744.6998611497486,764.1111195432593,174.1431349144449,0.19571428571428573,0.24571428571428572,0.0
PHASE 3B,822,658400,656,2901.9560600084783,2150.5331930716025,3369.130341793127,744.6998611497486,764.1111195432593,174.1431349144449,0.19571428571428573,0.24571428571428572,0.0
PHASE 3B,823,659200,656,2901.9560600084783,2150.5331930716025,3369.130341793127,744.6998611497486,764.1111195432593,174.1431349144449,0.19571428571428573,0.24571428571428572,0.0
PHASE 3B,824,660000,660,2902.2753584702464,2150.5331930716025,3369.130341793127,746.1387148014962,762.3406642116269,174.22449743215137,0.19571428571428573,0.24571428571428572,0.0
PHASE 3B,825,660800,660,2902.2753584702455,2150.5331930716025,3369.130341793127,746.1387148014963,762.340664211627,174.22449743215137,0.19571428571428573,0.24571428571428572,0.0
PHASE 3B,826,661600,660,2902.2753584702455,2150.5331930716025,3369.130341793127,746.1387148014963,762.340664211627,174.22449743215137,0.19571428571428573,0.24571428571428572,0.0
PHASE 3B,827,662400,660,2902.2753584702455,2150.5331930716025,3369.130341793127,746.1387148014963,762.340664211627,174.22449743215137,0.19571428571428573,0.24571428571428572,0.0
PHASE 3B,828,663200,660,2902.2753584702455,2150.5331930716025,3369.130341793127,746.1387148014963,762.340664211627,174.22449743215137,0.19571428571428573,0.24571428571428572,0.0
PHASE 3B,829,664000,664,2893.2077838267937,2150.5331930716025,3369.130341793127,745.3358959678778,753.2945448575106,174.32216787518678,0.19571428571428573,0.24571428571428572,0.0
PHASE 3B,830,664800,664,2893.2077838267946,2150.5331930716025,3369.130341793127,745.3358959678777,753.2945448575108,174.32216787518675,0.19571428571428573,0.24571428571428572,0.0
PHASE 3B,831,665600,664,2893.2077838267946,2150.5331930716025,3369.130341793127,745.3358959678777,753.2945448575108,174.32216787518675,0.19571428571428573,0.24571428571428572,0.0
PHASE 3B,832,666400,664,2893.2077838267946,2150.5331930716025,3369.130341793127,745.3358959678777,753.2945448575108,174.32216787518675,0.19571428571428573,0.24571428571428572,0.0
PHASE 3B,833,667200,664,2893.2077838267946,2150.5331930716025,3369.130341793127,745.3358959678777,753.2945448575108,174.32216787518675,0.19571428571428573,0.24571428571428572,0.0
PHASE 3B,834,668000,668,2904.7977226428025,2150.5331930716025,3369.130341793127,751.799691729362,754.3373442673416,174.83258583077338,0.19571428571428573,0.24571428571428572,0.0
PHASE 3B,835,668800,668,2904.797722642803,2150.5331930716025,3369.130341793127,751.799691729362,754.3373442673416,174.83258583077338,0.19571428571428573,0.24571428571428572,0.0
PHASE 3B,836,669600,668,2904.797722642803,2150.5331930716025,3369.130341793127,751.799691729362,754.3373442673416,174.83258583077338,0.19571428571428573,0.24571428571428572,0.0
PHASE 3B,837,670400,668,2904.797722642803,2150.5331930716025,3369.130341793127,751.799691729362,754.3373442673416,174.83258583077338,0.19571428571428573,0.24571428571428572,0.0
PHASE 3B,838,671200,668,2904.797722642803,2150.5331930716025,3369.130341793127,751.799691729362,754.3373442673416,174.83258583077338,0.19571428571428573,0.24571428571428572,0.0
PHASE 3B,839,672000,672,2905.809443620112,2150.5331930716025,3369.130341793127,755.0313179078756,752.9882677552014,174.72373224464027,0.19571428571428573,0.24571428571428572,0.0
PHASE 3B,840,672800,672,2905.8094436201122,2150.5331930716025,3369.130341793127,755.0313179078757,752.9882677552013,174.72373224464027,0.19571428571428573,0.24571428571428572,0.0
PHASE 3B,841,673600,672,2905.8094436201122,2150.5331930716025,3369.130341793127,755.0313179078757,752.9882677552013,174.72373224464027,0.19571428571428573,0.24571428571428572,0.0
PHASE 3B,842,674400,672,2905.8094436201122,2150.5331930716025,3369.130341793127,755.0313179078757,752.9882677552013,174.72373224464027,0.19571428571428573,0.24571428571428572,0.0
PHASE 3B,843,675200,672,2905.8094436201122,2150.5331930716025,3369.130341793127,755.0313179078757,752.9882677552013,174.72373224464027,0.19571428571428573,0.24571428571428572,0.0
PHASE 3B,844,676000,676,2909.287392917127,2150.5331930716025,3369.130341793127,754.0145335380464,755.3968876716281,174.9844964634424,0.19571428571428573,0.24571428571428572,0.0
PHASE 3B,845,676800,676,2909.2873929171274,2150.5331930716025,3369.130341793127,754.0145335380464,755.3968876716282,174.9844964634424,0.19571428571428573,0.24571428571428572,0.0
PHASE 3B,846,677600,676,2909.2873929171274,2150.5331930716025,3369.130341793127,754.0145335380464,755.3968876716282,174.9844964634424,0.19571428571428573,0.24571428571428572,0.0
PHASE 3B,847,678400,676,2909.2873929171274,2150.5331930716025,3369.130341793127,754.0145335380464,755.3968876716282,174.9844964634424,0.19571428571428573,0.24571428571428572,0.0
PHASE 3B,848,679200,676,2909.2873929171274,2150.5331930716025,3369.130341793127,754.0145335380464,755.3968876716282,174.9844964634424,0.19571428571428573,0.24571428571428572,0.0
PHASE 3B,849,680000,680,2908.1104159619463,2150.5331930716025,3369.130341793127,755.3257627923642,753.4479748438564,174.91708479072645,0.19571428571428573,0.24571428571428572,0.0
PHASE 3B,850,680800,680,2908.1104159619454,2150.5331930716025,3369.130341793127,755.3257627923645,753.4479748438562,174.91708479072648,0.19571428571428573,0.24571428571428572,0.0
PHASE 3B,851,681600,680,2908.1104159619454,2150.5331930716025,3369.130341793127,755.3257627923645,753.4479748438562,174.91708479072648,0.19571428571428573,0.24571428571428572,0.0
PHASE 3B,852,682400,680,2908.1104159619454,2150.5331930716025,3369.130341793127,755.3257627923645,753.4479748438562,174.91708479072648,0.19571428571428573,0.24571428571428572,0.0
PHASE 3B,853,683200,680,2908.1104159619454,2150.5331930716025,3369.130341793127,755.3257627923645,753.4479748438562,174.91708479072648,0.19571428571428573,0.24571428571428572,0.0
PHASE 3B,854,684000,684,2912.2884838513733,2150.5331930716025,3501.158476822805,752.1757403394824,760.5913664079302,174.94017213800595,0.19571428571428573,0.24571428571428572,0.0
PHASE 3B,855,684800,684,2912.2884838513737,2150.5331930716025,3501.158476822805,752.1757403394823,760.5913664079301,174.94017213800595,0.19571428571428573,0.24571428571428572,0.0
PHASE 3B,856,685600,684,2912.2884838513737,2150.5331930716025,3501.158476822805,752.1757403394823,760.5913664079301,174.94017213800595,0.19571428571428573,0.24571428571428572,0.0
PHASE 3B,857,686400,684,2912.2884838513737,2150.5331930716025,3501.158476822805,752.1757403394823,760.5913664079301,174.94017213800595,0.19571428571428573,0.24571428571428572,0.0
PHASE 3B,858,687200,684,2912.2884838513737,2150.5331930716025,3501.158476822805,752.1757403394823,760.5913664079301,174.94017213800595,0.19571428571428573,0.24571428571428572,0.0
PHASE 3B,859,688000,688,2922.420769090195,2150.5331930716025,3501.158476822805,755.101864329242,763.469155464077,175.4812186621203,0.19571428571428573,0.24571428571428572,0.0
PHASE 3B,860,688800,688,2922.420769090195,2150.5331930716025,3501.158476822805,755.1018643292421,763.4691554640771,175.4812186621203,0.19571428571428573,0.24571428571428572,0.0
PHASE 3B,861,689600,688,2922.420769090195,2150.5331930716025,3501.158476822805,755.1018643292421,763.4691554640771,175.4812186621203,0.19571428571428573,0.24571428571428572,0.0
PHASE 3B,862,690400,688,2922.420769090195,2150.5331930716025,3501.158476822805,755.1018643292421,763.4691554640771,175.4812186621203,0.19571428571428573,0.24571428571428572,0.0
PHASE 3B,863,691200,688,2922.420769090195,2150.5331930716025,3501.158476822805,755.1018643292421,763.4691554640771,175.4812186621203,0.19571428571428573,0.24571428571428572,0.0
PHASE 3B,864,692000,692,2928.836606695398,2150.5331930716025,3501.158476822805,755.7315800176943,766.099152250224,175.87573430344582,0.19571428571428573,0.24571428571428572,0.0
PHASE 3B,865,692800,692,2928.8366066953977,2150.5331930716025,3501.158476822805,755.7315800176943,766.099152250224,175.8757343034458,0.19571428571428573,0.24571428571428572,0.0
PHASE 3B,866,693600,692,2928.8366066953977,2150.5331930716025,3501.158476822805,755.7315800176943,766.099152250224,175.8757343034458,0.19571428571428573,0.24571428571428572,0.0
PHASE 3B,867,694400,692,2928.8366066953977,2150.5331930716025,3501.158476822805,755.7315800176943,766.099152250224,175.8757343034458,0.19571428571428573,0.24571428571428572,0.0
PHASE 3B,868,695200,692,2928.8366066953977,2150.5331930716025,3501.158476822805,755.7315800176943,766.099152250224,175.8757343034458,0.19571428571428573,0.24571428571428572,0.0
PHASE 3B,869,696000,696,2916.772139917309,2150.5331930716025,3501.158476822805,747.2001668006045,765.8624284789029,175.46369307973586,0.19571428571428573,0.24571428571428572,0.0
PHASE 3B,870,696800,696,2916.772139917309,2150.5331930716025,3501.158476822805,747.2001668006045,765.8624284789028,175.46369307973586,0.19571428571428573,0.24571428571428572,0.0
PHASE 3B,871,697600,696,2916.772139917309,2150.5331930716025,3501.158476822805,747.2001668006045,765.8624284789028,175.46369307973586,0.19571428571428573,0.24571428571428572,0.0
PHASE 3B,872,698400,696,2916.772139917309,2150.5331930716025,3501.158476822805,747.2001668006045,765.8624284789028,175.46369307973586,0.19571428571428573,0.24571428571428572,0.0
PHASE 3B,873,699200,696,2916.772139917309,2150.5331930716025,3501.158476822805,747.2001668006045,765.8624284789028,175.46369307973586,0.19571428571428573,0.24571428571428572,0.0
PHASE 3B,874,700000,700,2918.251586437519,2150.5331930716025,3501.158476822805,749.3484123065263,764.4199738853686,175.5604000307136,0.19571428571428573,0.24571428571428572,0.0
PHASE 3B,875,700800,700,2918.2515864375187,2150.5331930716025,3501.158476822805,749.3484123065263,764.4199738853683,175.5604000307136,0.19571428571428573,0.24571428571428572,0.0
PHASE 3B,876,701600,700,2918.2515864375187,2150.5331930716025,3501.158476822805,749.3484123065263,764.4199738853683,175.5604000307136,0.19571428571428573,0.24571428571428572,0.0
PHASE 3B,877,702400,700,2918.2515864375187,2150.5331930716025,3501.158476822805,749.3484123065263,764.4199738853683,175.5604000307136,0.19571428571428573,0.24571428571428572,0.0
PHASE 3B,878,703200,700,2918.2515864375187,2150.5331930716025,3501.158476822805,749.3484123065263,764.4199738853683,175.5604000307136,0.19571428571428573,0.24571428571428572,0.0
PHASE 3B,879,704000,704,2922.5727268560427,2150.5331930716025,3501.158476822805,750.1497150377489,766.3848247625953,175.7547733819729,0.19571428571428573,0.24571428571428572,0.0
PHASE 3B,880,704800,704,2922.5727268560427,2150.5331930716025,3501.158476822805,750.1497150377489,766.3848247625954,175.7547733819729,0.19571428571428573,0.24571428571428572,0.0
PHASE 3B,881,705600,704,2922.5727268560427,2150.5331930716025,3501.158476822805,750.1497150377489,766.3848247625954,175.7547733819729,0.19571428571428573,0.24571428571428572,0.0
PHASE 3B,882,706400,704,2922.5727268560427,2150.5331930716025,3501.158476822805,750.1497150377489,766.3848247625954,175.7547733819729,0.19571428571428573,0.24571428571428572,0.0
PHASE 3B,883,707200,704,2922.5727268560427,2150.5331930716025,3501.158476822805,750.1497150377489,766.3848247625954,175.7547733819729,0.19571428571428573,0.24571428571428572,0.0
PHASE 3B,884,708000,708,2915.3219057905317,2150.5331930716025,3501.158476822805,741.4627685391883,768.528585208258,175.66631900539633,0.19571428571428573,0.24571428571428572,0.0
PHASE 3B,885,708800,708,2915.3219057905317,2150.5331930716025,3501.158476822805,741.4627685391882,768.528585208258,175.6663190053963,0.19571428571428573,0.24571428571428572,0.0
PHASE 3B,886,709600,708,2915.3219057905317,2150.5331930716025,3501.158476822805,741.4627685391882,768.528585208258,175.6663190053963,0.19571428571428573,0.24571428571428572,0.0
PHASE 3B,887,710400,708,2915.3219057905317,2150.5331930716025,3501.158476822805,741.4627685391882,768.528585208258,175.6663190053963,0.19571428571428573,0.24571428571428572,0.0
PHASE 3B,888,711200,708,2915.3219057905317,2150.5331930716025,3501.158476822805,741.4627685391882,768.528585208258,175.6663190053963,0.19571428571428573,0.24571428571428572,0.0
PHASE 3B,889,712000,712,2922.0853231351775,2150.5331930716025,3501.158476822805,746.2970226983235,770.9092482521648,175.60988152309676,0.19571428571428573,0.24571428571428572,0.0
PHASE 3B,890,712800,712,2922.0853231351775,2150.5331930716025,3501.158476822805,746.2970226983235,770.9092482521648,175.60988152309676,0.19571428571428573,0.24571428571428572,0.0
PHASE 3B,891,713600,712,2922.0853231351775,2150.5331930716025,3501.158476822805,746.2970226983235,770.9092482521648,175.60988152309676,0.19571428571428573,0.24571428571428572,0.0
PHASE 3B,892,714400,712,2922.0853231351775,2150.5331930716025,3501.158476822805,746.2970226983235,770.9092482521648,175.60988152309676,0.19571428571428573,0.24571428571428572,0.0
PHASE 3B,893,715200,712,2922.0853231351775,2150.5331930716025,3501.158476822805,746.2970226983235,770.9092482521648,175.60988152309676,0.19571428571428573,0.24571428571428572,0.0
PHASE 3B,894,716000,716,2922.903932428641,2150.5331930716025,3501.158476822805,748.2572600731669,770.8937370537176,175.46911691273016,0.19571428571428573,0.24571428571428572,0.0
PHASE 3B,895,716800,716,2922.9039324286405,2150.5331930716025,3501.158476822805,748.2572600731669,770.8937370537176,175.46911691273016,0.19571428571428573,0.24571428571428572,0.0
PHASE 3B,896,717600,716,2922.9039324286405,2150.5331930716025,3501.158476822805,748.2572600731669,770.8937370537176,175.46911691273016,0.19571428571428573,0.24571428571428572,0.0
PHASE 3B,897,718400,716,2922.9039324286405,2150.5331930716025,3501.158476822805,748.2572600731669,770.8937370537176,175.46911691273016,0.19571428571428573,0.24571428571428572,0.0
PHASE 3B,898,719200,716,2922.9039324286405,2150.5331930716025,3501.158476822805,748.2572600731669,770.8937370537176,175.46911691273016,0.19571428571428573,0.24571428571428572,0.0
PHASE 3B,899,720000,720,2923.433789489843,2150.5331930716025,3501.158476822805,744.055201685617,772.0075376656691,175.92138126733025,0.19571428571428573,0.24571428571428572,0.0
PHASE 3B,900,720800,720,2923.433789489843,2150.5331930716025,3501.158476822805,744.055201685617,772.0075376656689,175.92138126733028,0.19571428571428573,0.24571428571428572,0.0
PHASE 3B,901,721600,720,2923.433789489843,2150.5331930716025,3501.158476822805,744.055201685617,772.0075376656689,175.92138126733028,0.19571428571428573,0.24571428571428572,0.0
PHASE 3B,902,722400,720,2923.433789489843,2150.5331930716025,3501.158476822805,744.055201685617,772.0075376656689,175.92138126733028,0.19571428571428573,0.24571428571428572,0.0
PHASE 3B,903,723200,720,2923.433789489843,2150.5331930716025,3501.158476822805,744.055201685617,772.0075376656689,175.92138126733028,0.19571428571428573,0.24571428571428572,0.0
PHASE 3B,904,724000,724,2927.024059740581,2150.5331930716025,3501.158476822805,744.6671746154802,774.0494538264835,176.03842891233785,0.19571428571428573,0.24571428571428572,0.0
PHASE 3B,905,724800,724,2927.024059740581,2150.5331930716025,3501.158476822805,744.6671746154803,774.0494538264834,176.03842891233785,0.19571428571428573,0.24571428571428572,0.0
PHASE 3B,906,725600,724,2927.024059740581,2150.5331930716025,3501.158476822805,744.6671746154803,774.0494538264834,176.03842891233785,0.19571428571428573,0.24571428571428572,0.0
PHASE 3B,907,726400,724,2927.024059740581,2150.5331930716025,3501.158476822805,744.6671746154803,774.0494538264834,176.03842891233785,0.19571428571428573,0.24571428571428572,0.0
PHASE 3B,908,727200,724,2927.024059740581,2150.5331930716025,3501.158476822805,744.6671746154803,774.0494538264834,176.03842891233785,0.19571428571428573,0.24571428571428572,0.0
PHASE 3B,909,728000,728,2915.4059343879217,1899.5547242569394,3501.158476822805,744.983473843203,762.2107269017695,176.02646670537942,0.19571428571428573,0.24571428571428572,0.0
PHASE 3B,910,728800,728,2915.4059343879217,1899.5547242569394,3501.158476822805,744.9834738432028,762.2107269017698,176.02646670537942,0.19571428571428573,0.24571428571428572,0.0
PHASE 3B,911,729600,728,2915.4059343879217,1899.5547242569394,3501.158476822805,744.9834738432028,762.2107269017698,176.02646670537942,0.19571428571428573,0.24571428571428572,0.0
PHASE 3B,912,730400,728,2915.4059343879217,1899.5547242569394,3501.158476822805,744.9834738432028,762.2107269017698,176.02646670537942,0.19571428571428573,0.24571428571428572,0.0
PHASE 3B,913,731200,728,2915.4059343879217,1899.5547242569394,3501.158476822805,744.9834738432028,762.2107269017698,176.02646670537942,0.19571428571428573,0.24571428571428572,0.0
PHASE 3B,914,732000,732,2916.9035321233205,1899.5547242569394,3501.158476822805,744.169882702197,763.8384724144672,176.11189712584292,0.19571428571428573,0.24571428571428572,0.0
PHASE 3B,915,732800,732,2916.9035321233214,1899.5547242569394,3501.158476822805,744.1698827021972,763.8384724144672,176.11189712584292,0.19571428571428573,0.24571428571428572,0.0
PHASE 3B,916,733600,732,2916.9035321233214,1899.5547242569394,3501.158476822805,744.1698827021972,763.8384724144672,176.11189712584292,0.19571428571428573,0.24571428571428572,0.0
PHASE 3B,917,734400,732,2916.9035321233214,1899.5547242569394,3501.158476822805,744.1698827021972,763.8384724144672,176.11189712584292,0.19571428571428573,0.24571428571428572,0.0
PHASE 3B,918,735200,732,2916.9035321233214,1899.5547242569394,3501.158476822805,744.1698827021972,763.8384724144672,176.11189712584292,0.19571428571428573,0.24571428571428572,0.0
PHASE 3B,919,736000,736,2914.386516739209,1899.5547242569394,3501.158476822805,739.2088121622998,766.8210804183552,176.0445780198301,0.19571428571428573,0.24571428571428572,0.0
PHASE 3B,920,736800,736,2914.386516739208,1899.5547242569394,3501.158476822805,739.2088121622998,766.8210804183552,176.04457801983014,0.19571428571428573,0.24571428571428572,0.0
PHASE 3B,921,737600,736,2914.386516739208,1899.5547242569394,3501.158476822805,739.2088121622998,766.8210804183552,176.04457801983014,0.19571428571428573,0.24571428571428572,0.0
PHASE 3B,922,738400,736,2914.386516739208,1899.5547242569394,3501.158476822805,739.2088121622998,766.8210804183552,176.04457801983014,0.19571428571428573,0.24571428571428572,0.0
PHASE 3B,923,739200,736,2914.386516739208,1899.5547242569394,3501.158476822805,739.2088121622998,766.8210804183552,176.04457801983014,0.19571428571428573,0.24571428571428572,0.0
PHASE 3B,924,740000,740,2922.962917029279,1899.5547242569394,3501.158476822805,734.4196166028075,775.8989220800675,176.58054729331153,0.19571428571428573,0.24571428571428572,0.0
PHASE 3B,925,740800,740,2922.962917029279,1899.5547242569394,3501.158476822805,734.4196166028075,775.8989220800675,176.58054729331153,0.19571428571428573,0.24571428571428572,0.0
PHASE 3B,926,741600,740,2922.962917029279,1899.5547242569394,3501.158476822805,734.4196166028075,775.8989220800675,176.58054729331153,0.19571428571428573,0.24571428571428572,0.0
PHASE 3B,927,742400,740,2922.962917029279,1899.5547242569394,3501.158476822805,734.4196166028075,775.8989220800675,176.58054729331153,0.19571428571428573,0.24571428571428572,0.0
PHASE 3B,928,743200,740,2922.962917029279,1899.5547242569394,3501.158476822805,734.4196166028075,775.8989220800675,176.58054729331153,0.19571428571428573,0.24571428571428572,0.0
PHASE 3B,929,744000,744,2920.3169455083475,1899.5547242569394,3501.158476822805,733.5437943650836,774.344657231283,176.55356173900864,0.19571428571428573,0.24571428571428572,0.0
PHASE 3B,930,744800,744,2920.3169455083485,1899.5547242569394,3501.158476822805,733.5437943650837,774.3446572312832,176.55356173900864,0.19571428571428573,0.24571428571428572,0.0
PHASE 3B,931,745600,744,2920.3169455083485,1899.5547242569394,3501.158476822805,733.5437943650837,774.3446572312832,176.55356173900864,0.19571428571428573,0.24571428571428572,0.0
PHASE 3B,932,746400,744,2920.3169455083485,1899.5547242569394,3501.158476822805,733.5437943650837,774.3446572312832,176.55356173900864,0.19571428571428573,0.24571428571428572,0.0
PHASE 3B,933,747200,744,2920.3169455083485,1899.5547242569394,3501.158476822805,733.5437943650837,774.3446572312832,176.55356173900864,0.19571428571428573,0.24571428571428572,0.0
PHASE 3B,934,748000,748,2914.35234433841,1899.5547242569394,3501.158476822805,732.9569739568149,770.2829830604882,176.38904841514935,0.19571428571428573,0.24571428571428572,0.0
PHASE 3B,935,748800,748,2914.35234433841,1899.5547242569394,3501.158476822805,732.9569739568151,770.2829830604882,176.3890484151493,0.19571428571428573,0.24571428571428572,0.0
PHASE 3B,936,749600,748,2914.35234433841,1899.5547242569394,3501.158476822805,732.9569739568151,770.2829830604882,176.3890484151493,0.19571428571428573,0.24571428571428572,0.0
PHASE 3B,937,750400,748,2914.35234433841,1899.5547242569394,3501.158476822805,732.9569739568151,770.2829830604882,176.3890484151493,0.19571428571428573,0.24571428571428572,0.0
PHASE 3B,938,751200,748,2914.35234433841,1899.5547242569394,3501.158476822805,732.9569739568151,770.2829830604882,176.3890484151493,0.19571428571428573,0.24571428571428572,0.0
PHASE 3B,939,752000,752,2917.148013945534,1899.5547242569394,3501.158476822805,732.9472713613104,770.5937184744683,176.7008780137304,0.19571428571428573,0.24571428571428572,0.0
PHASE 3B,940,752800,752,2917.148013945534,1899.5547242569394,3501.158476822805,732.9472713613101,770.5937184744685,176.70087801373043,0.19571428571428573,0.24571428571428572,0.0
PHASE 3B,941,753600,752,2917.148013945534,1899.5547242569394,3501.158476822805,732.9472713613101,770.5937184744685,176.70087801373043,0.19571428571428573,0.24571428571428572,0.0
PHASE 3B,942,754400,752,2917.148013945534,1899.5547242569394,3501.158476822805,732.9472713613101,770.5937184744685,176.70087801373043,0.19571428571428573,0.24571428571428572,0.0
PHASE 3B,943,755200,752,2917.148013945534,1899.5547242569394,3501.158476822805,732.9472713613101,770.5937184744685,176.70087801373043,0.19571428571428573,0.24571428571428572,0.0
PHASE 3B,944,756000,756,2914.612051771426,1899.5547242569394,3501.158476822805,734.9878465993166,764.4454093082448,176.8973494829942,0.19571428571428573,0.24571428571428572,0.0
PHASE 3B,945,756800,756,2914.612051771426,1899.5547242569394,3501.158476822805,734.9878465993166,764.4454093082448,176.8973494829942,0.19571428571428573,0.24571428571428572,0.0
PHASE 3B,946,757600,756,2914.612051771426,1899.5547242569394,3501.158476822805,734.9878465993166,764.4454093082448,176.8973494829942,0.19571428571428573,0.24571428571428572,0.0
PHASE 3B,947,758400,756,2914.612051771426,1899.5547242569394,3501.158476822805,734.9878465993166,764.4454093082448,176.8973494829942,0.19571428571428573,0.24571428571428572,0.0
PHASE 3B,948,759200,756,2914.612051771426,1899.5547242569394,3501.158476822805,734.9878465993166,764.4454093082448,176.8973494829942,0.19571428571428573,0.24571428571428572,0.0
PHASE 3B,949,760000,760,2909.0612436009797,1899.5547242569394,3501.158476822805,731.0235421464776,766.2460528388001,176.47395607697396,0.19571428571428573,0.24571428571428572,0.0
PHASE 3B,950,760800,760,2909.0612436009797,1899.5547242569394,3501.158476822805,731.0235421464777,766.2460528388,176.47395607697396,0.19571428571428573,0.24571428571428572,0.0
PHASE 3B,951,761600,760,2909.0612436009797,1899.5547242569394,3501.158476822805,731.0235421464777,766.2460528388,176.47395607697396,0.19571428571428573,0.24571428571428572,0.0
PHASE 3B,952,762400,760,2909.0612436009797,1899.5547242569394,3501.158476822805,731.0235421464777,766.2460528388,176.47395607697396,0.19571428571428573,0.24571428571428572,0.0
PHASE 3B,953,763200,760,2909.0612436009797,1899.5547242569394,3501.158476822805,731.0235421464777,766.2460528388,176.47395607697396,0.19571428571428573,0.24571428571428572,0.0
PHASE 3B,954,764000,764,2928.6404503451195,1899.5547242569394,3501.158476822805,736.6223870338224,775.9601179044461,177.00724317586756,0.19571428571428573,0.24571428571428572,0.0
PHASE 3B,955,764800,764,2928.6404503451195,1899.5547242569394,3501.158476822805,736.6223870338224,775.9601179044462,177.00724317586756,0.19571428571428573,0.24571428571428572,0.0
PHASE 3B,956,765600,764,2928.6404503451195,1899.5547242569394,3501.158476822805,736.6223870338224,775.9601179044462,177.00724317586756,0.19571428571428573,0.24571428571428572,0.0
PHASE 3B,957,766400,764,2928.6404503451195,1899.5547242569394,3501.158476822805,736.6223870338224,775.9601179044462,177.00724317586756,0.19571428571428573,0.24571428571428572,0.0
PHASE 3B,958,767200,764,2928.6404503451195,1899.5547242569394,3501.158476822805,736.6223870338224,775.9601179044462,177.00724317586756,0.19571428571428573,0.24571428571428572,0.0
PHASE 3B,959,768000,768,2930.2330964964385,1899.5547242569394,3501.158476822805,735.1093674250819,778.343544906825,177.09752302057768,0.19571428571428573,0.24571428571428572,0.0
PHASE 3B,960,768800,768,2930.2330964964385,1899.5547242569394,3501.158476822805,735.1093674250819,778.343544906825,177.09752302057768,0.19571428571428573,0.24571428571428572,0.0
PHASE 3B,961,769600,768,2930.2330964964385,1899.5547242569394,3501.158476822805,735.1093674250819,778.343544906825,177.09752302057768,0.19571428571428573,0.24571428571428572,0.0
PHASE 3B,962,770400,768,2930.2330964964385,1899.5547242569394,3501.158476822805,735.1093674250819,778.343544906825,177.09752302057768,0.19571428571428573,0.24571428571428572,0.0
PHASE 3B,963,771200,768,2930.2330964964385,1899.5547242569394,3501.158476822805,735.1093674250819,778.343544906825,177.09752302057768,0.19571428571428573,0.24571428571428572,0.0
PHASE 3B,964,772000,772,2932.703328423815,1899.5547242569394,3501.158476822805,734.5778623794274,778.8722487354988,177.40665216362234,0.19571428571428573,0.24571428571428572,0.0
PHASE 3B,965,772800,772,2932.703328423815,1899.5547242569394,3501.158476822805,734.5778623794274,778.8722487354987,177.4066521636224,0.19571428571428573,0.24571428571428572,0.0
PHASE 3B,966,773600,772,2932.703328423815,1899.5547242569394,3501.158476822805,734.5778623794274,778.8722487354987,177.4066521636224,0.19571428571428573,0.24571428571428572,0.0
PHASE 3B,967,774400,772,2932.703328423815,1899.5547242569394,3501.158476822805,734.5778623794274,778.8722487354987,177.4066521636224,0.19571428571428573,0.24571428571428572,0.0
PHASE 3B,968,775200,772,2932.703328423815,1899.5547242569394,3501.158476822805,734.5778623794274,778.8722487354987,177.4066521636224,0.19571428571428573,0.24571428571428572,0.0
PHASE 3B,969,776000,776,2925.40141339765,1899.5547242569394,3501.158476822805,733.7982088996067,772.9056943490405,177.3371887686366,0.19571428571428573,0.24571428571428572,0.0
PHASE 3B,970,776800,776,2925.401413397648,1899.5547242569394,3501.158476822805,733.7982088996067,772.9056943490405,177.33718876863657,0.19571428571428573,0.24571428571428572,0.0
PHASE 3B,971,777600,776,2925.401413397648,1899.5547242569394,3501.158476822805,733.7982088996067,772.9056943490405,177.33718876863657,0.19571428571428573,0.24571428571428572,0.0
PHASE 3B,972,778400,776,2925.401413397648,1899.5547242569394,3501.158476822805,733.7982088996067,772.9056943490405,177.33718876863657,0.19571428571428573,0.24571428571428572,0.0
PHASE 3B,973,779200,776,2925.401413397648,1899.5547242569394,3501.158476822805,733.7982088996067,772.9056943490405,177.33718876863657,0.19571428571428573,0.24571428571428572,0.0
PHASE 3B,974,780000,780,2920.954345082664,1899.5547242569394,3501.158476822805,723.8465396681019,777.6710411102893,177.4295955380455,0.19571428571428573,0.24571428571428572,0.0
PHASE 3B,975,780800,780,2920.954345082664,1899.5547242569394,3501.158476822805,723.8465396681019,777.6710411102894,177.4295955380455,0.19571428571428573,0.24571428571428572,0.0
PHASE 3B,976,781600,780,2920.954345082664,1899.5547242569394,3501.158476822805,723.8465396681019,777.6710411102894,177.4295955380455,0.19571428571428573,0.24571428571428572,0.0
PHASE 3B,977,782400,780,2920.954345082664,1899.5547242569394,3501.158476822805,723.8465396681019,777.6710411102894,177.4295955380455,0.19571428571428573,0.24571428571428572,0.0
PHASE 3B,978,783200,780,2920.954345082664,1899.5547242569394,3501.158476822805,723.8465396681019,777.6710411102894,177.4295955380455,0.19571428571428573,0.24571428571428572,0.0
PHASE 3B,979,784000,784,2915.5068867545433,1899.5547242569394,3409.2005582929596,727.1613969091159,771.9373824866598,177.0510134198574,0.19571428571428573,0.24571428571428572,0.0
PHASE 3B,980,784800,784,2915.506886754544,1899.5547242569394,3409.2005582929596,727.1613969091155,771.9373824866594,177.05101341985738,0.19571428571428573,0.24571428571428572,0.0
PHASE 3B,981,785600,784,2915.506886754544,1899.5547242569394,3409.2005582929596,727.1613969091155,771.9373824866594,177.05101341985738,0.19571428571428573,0.24571428571428572,0.0
PHASE 3B,982,786400,784,2915.506886754544,1899.5547242569394,3409.2005582929596,727.1613969091155,771.9373824866594,177.05101341985738,0.19571428571428573,0.24571428571428572,0.0
PHASE 3B,983,787200,784,2915.506886754544,1899.5547242569394,3409.2005582929596,727.1613969091155,771.9373824866594,177.05101341985738,0.19571428571428573,0.24571428571428572,0.0
PHASE 3B,984,788000,788,2917.905567074451,1899.5547242569394,3409.2005582929596,727.7109440012152,773.8669222065664,177.04096260834504,0.19571428571428573,0.24571428571428572,0.0
PHASE 3B,985,788800,788,2917.905567074452,1899.5547242569394,3409.2005582929596,727.7109440012154,773.8669222065661,177.04096260834507,0.19571428571428573,0.24571428571428572,0.0
PHASE 3B,986,789600,788,2917.905567074452,1899.5547242569394,3409.2005582929596,727.7109440012154,773.8669222065661,177.04096260834507,0.19571428571428573,0.24571428571428572,0.0
PHASE 3B,987,790400,788,2917.905567074452,1899.5547242569394,3409.2005582929596,727.7109440012154,773.8669222065661,177.04096260834507,0.19571428571428573,0.24571428571428572,0.0
PHASE 3B,988,791200,788,2917.905567074452,1899.5547242569394,3409.2005582929596,727.7109440012154,773.8669222065661,177.04096260834507,0.19571428571428573,0.24571428571428572,0.0
PHASE 3B,989,792000,792,2914.1405911442907,1899.5547242569394,3409.2005582929596,725.2268880298827,776.005215210453,176.6135609880057,0.19571428571428573,0.24571428571428572,0.0
PHASE 3B,990,792800,792,2914.14059114429,1899.5547242569394,3409.2005582929596,725.2268880298825,776.0052152104533,176.61356098800567,0.19571428571428573,0.24571428571428572,0.0
PHASE 3B,991,793600,792,2914.14059114429,1899.5547242569394,3409.2005582929596,725.2268880298825,776.0052152104533,176.61356098800567,0.19571428571428573,0.24571428571428572,0.0
PHASE 3B,992,794400,792,2914.14059114429,1899.5547242569394,3409.2005582929596,725.2268880298825,776.0052152104533,176.61356098800567,0.19571428571428573,0.24571428571428572,0.0
PHASE 3B,993,795200,792,2914.14059114429,1899.5547242569394,3409.2005582929596,725.2268880298825,776.0052152104533,176.61356098800567,0.19571428571428573,0.24571428571428572,0.0
PHASE 3B,994,796000,796,2924.8989905376156,1899.5547242569394,3409.2005582929596,725.4811837253478,781.8782339357415,177.1924466095773,0.19571428571428573,0.24571428571428572,0.0
PHASE 3B,995,796800,796,2924.8989905376156,1899.5547242569394,3409.2005582929596,725.4811837253477,781.8782339357415,177.1924466095773,0.19571428571428573,0.24571428571428572,0.0
PHASE 3B,996,797600,796,2924.8989905376156,1899.5547242569394,3409.2005582929596,725.4811837253477,781.8782339357415,177.1924466095773,0.19571428571428573,0.24571428571428572,0.0
PHASE 3B,997,798400,796,2924.8989905376156,1899.5547242569394,3409.2005582929596,725.4811837253477,781.8782339357415,177.1924466095773,0.19571428571428573,0.24571428571428572,0.0
PHASE 3B,998,799200,796,2924.8989905376156,1899.5547242569394,3409.2005582929596,725.4811837253477,781.8782339357415,177.1924466095773,0.19571428571428573,0.24571428571428572,0.0
PHASE 3B,999,800000,800,2927.4611243932195,1899.5547242569394,3409.2005582929596,726.7676074735449,783.2598475516684,177.17920867101216,0.19571428571428573,0.24571428571428572,0.0
PHASE 3B,1000,800800,800,2927.4611243932195,1899.5547242569394,3409.2005582929596,726.767607473545,783.2598475516684,177.17920867101216,0.19571428571428573,0.24571428571428572,0.0
PHASE 3B,1001,801600,800,2927.4611243932195,1899.5547242569394,3409.2005582929596,726.767607473545,783.2598475516684,177.17920867101216,0.19571428571428573,0.24571428571428572,0.0
PHASE 3B,1002,802400,800,2927.4611243932195,1899.5547242569394,3409.2005582929596,726.767607473545,783.2598475516684,177.17920867101216,0.19571428571428573,0.24571428571428572,0.0
PHASE 3B,1003,803200,800,2927.4611243932195,1899.5547242569394,3409.2005582929596,726.767607473545,783.2598475516684,177.17920867101216,0.19571428571428573,0.24571428571428572,0.0
PHASE 3B,1004,804000,804,2914.2710123512184,1899.5547242569394,3409.2005582929596,718.2562217852391,782.5475053947563,176.68341064641427,0.19571428571428573,0.24571428571428572,0.0
PHASE 3B,1005,804800,804,2914.271012351218,1899.5547242569394,3409.2005582929596,718.2562217852391,782.5475053947564,176.68341064641427,0.19571428571428573,0.24571428571428572,0.0
PHASE 3B,1006,805600,804,2914.271012351218,1899.5547242569394,3409.2005582929596,718.2562217852391,782.5475053947564,176.68341064641427,0.19571428571428573,0.24571428571428572,0.0
PHASE 3B,1007,806400,804,2914.271012351218,1899.5547242569394,3409.2005582929596,718.2562217852391,782.5475053947564,176.68341064641427,0.19571428571428573,0.24571428571428572,0.0
PHASE 3B,1008,807200,804,2914.271012351218,1899.5547242569394,3409.2005582929596,718.2562217852391,782.5475053947564,176.68341064641427,0.19571428571428573,0.24571428571428572,0.0
PHASE 3B,1009,808000,808,2919.7070866637605,1899.5547242569394,3409.2005582929596,727.2925332708562,780.2457631350603,176.52109878224203,0.19571428571428573,0.24571428571428572,0.0
PHASE 3B,1010,808800,808,2919.7070866637605,1899.5547242569394,3409.2005582929596,727.2925332708562,780.2457631350601,176.52109878224203,0.19571428571428573,0.24571428571428572,0.0
PHASE 3B,1011,809600,808,2919.7070866637605,1899.5547242569394,3409.2005582929596,727.2925332708562,780.2457631350601,176.52109878224203,0.19571428571428573,0.24571428571428572,0.0
PHASE 3B,1012,810400,808,2919.7070866637605,1899.5547242569394,3409.2005582929596,727.2925332708562,780.2457631350601,176.52109878224203,0.19571428571428573,0.24571428571428572,0.0
PHASE 3B,1013,811200,808,2919.7070866637605,1899.5547242569394,3409.2005582929596,727.2925332708562,780.2457631350601,176.52109878224203,0.19571428571428573,0.24571428571428572,0.0
PHASE 3B,1014,812000,812,2911.2269545504055,1899.5547242569394,3409.2005582929596,731.8268094169649,767.8342723290335,176.44573410056236,0.19571428571428573,0.24571428571428572,0.0
PHASE 3B,1015,812800,812,2911.226954550406,1899.5547242569394,3409.2005582929596,731.8268094169651,767.8342723290338,176.44573410056236,0.19571428571428573,0.24571428571428572,0.0
PHASE 3B,1016,813600,812,2911.226954550406,1899.5547242569394,3409.2005582929596,731.8268094169651,767.8342723290338,176.44573410056236,0.19571428571428573,0.24571428571428572,0.0
PHASE 3B,1017,814400,812,2911.226954550406,1899.5547242569394,3409.2005582929596,731.8268094169651,767.8342723290338,176.44573410056236,0.19571428571428573,0.24571428571428572,0.0
PHASE 3B,1018,815200,812,2911.226954550406,1899.5547242569394,3409.2005582929596,731.8268094169651,767.8342723290338,176.44573410056236,0.19571428571428573,0.24571428571428572,0.0
PHASE 3B,1019,816000,816,2910.269258749797,1899.5547242569394,3409.2005582929596,735.5152364870702,761.8080389014146,176.61824792017538,0.19571428571428573,0.24571428571428572,0.0
PHASE 3B,1020,816800,816,2910.2692587497963,1899.5547242569394,3409.2005582929596,735.5152364870702,761.8080389014145,176.6182479201754,0.19571428571428573,0.24571428571428572,0.0
PHASE 3B,1021,817600,816,2910.2692587497963,1899.5547242569394,3409.2005582929596,735.5152364870702,761.8080389014145,176.6182479201754,0.19571428571428573,0.24571428571428572,0.0
PHASE 3B,1022,818400,816,2910.2692587497963,1899.5547242569394,3409.2005582929596,735.5152364870702,761.8080389014145,176.6182479201754,0.19571428571428573,0.24571428571428572,0.0
PHASE 3B,1023,819200,816,2910.2692587497963,1899.5547242569394,3409.2005582929596,735.5152364870702,761.8080389014145,176.6182479201754,0.19571428571428573,0.24571428571428572,0.0
PHASE 3B,1024,820000,820,2917.175438167363,1899.5547242569394,3409.2005582929596,743.7810674904377,762.5338100497958,176.35757007840263,0.19571428571428573,0.24571428571428572,0.0
PHASE 3B,1025,820800,820,2917.1754381673645,1899.5547242569394,3409.2005582929596,743.7810674904375,762.5338100497955,176.3575700784026,0.19571428571428573,0.24571428571428572,0.0
PHASE 3B,1026,821600,820,2917.1754381673645,1899.5547242569394,3409.2005582929596,743.7810674904375,762.5338100497955,176.3575700784026,0.19571428571428573,0.24571428571428572,0.0
PHASE 3B,1027,822400,820,2917.1754381673645,1899.5547242569394,3409.2005582929596,743.7810674904375,762.5338100497955,176.3575700784026,0.19571428571428573,0.24571428571428572,0.0
PHASE 3B,1028,823200,820,2917.1754381673645,1899.5547242569394,3409.2005582929596,743.7810674904375,762.5338100497955,176.3575700784026,0.19571428571428573,0.24571428571428572,0.0
PHASE 3B,1029,824000,824,2920.020908653011,1899.5547242569394,3409.2005582929596,748.41009232348,759.3917319240833,176.52738555069206,0.19571428571428573,0.24571428571428572,0.0
PHASE 3B,1030,824800,824,2920.0209086530103,1899.5547242569394,3409.2005582929596,748.41009232348,759.3917319240834,176.52738555069206,0.19571428571428573,0.24571428571428572,0.0
PHASE 3B,1031,825600,824,2920.0209086530103,1899.5547242569394,3409.2005582929596,748.41009232348,759.3917319240834,176.52738555069206,0.19571428571428573,0.24571428571428572,0.0
PHASE 3B,1032,826400,824,2920.0209086530103,1899.5547242569394,3409.2005582929596,748.41009232348,759.3917319240834,176.52738555069206,0.19571428571428573,0.24571428571428572,0.0
PHASE 3B,1033,827200,824,2920.0209086530103,1899.5547242569394,3409.2005582929596,748.41009232348,759.3917319240834,176.52738555069206,0.19571428571428573,0.24571428571428572,0.0
PHASE 3B,1034,828000,828,2934.9771123684727,2043.9521928387471,3409.2005582929596,751.9003636859663,770.17869869364,176.61225624861942,0.19571428571428573,0.24571428571428572,0.0
PHASE 3B,1035,828800,828,2934.9771123684723,2043.9521928387471,3409.2005582929596,751.9003636859663,770.1786986936401,176.61225624861945,0.19571428571428573,0.24571428571428572,0.0
PHASE 3B,1036,829600,828,2934.9771123684723,2043.9521928387471,3409.2005582929596,751.9003636859663,770.1786986936401,176.61225624861945,0.19571428571428573,0.24571428571428572,0.0
PHASE 3B,1037,830400,828,2934.9771123684723,2043.9521928387471,3409.2005582929596,751.9003636859663,770.1786986936401,176.61225624861945,0.19571428571428573,0.24571428571428572,0.0
PHASE 3B,1038,831200,828,2934.9771123684723,2043.9521928387471,3409.2005582929596,751.9003636859663,770.1786986936401,176.61225624861945,0.19571428571428573,0.24571428571428572,0.0
PHASE 3B,1039,832000,832,2933.5816386230044,2043.9521928387471,3409.2005582929596,749.4977659967985,771.6935428035541,176.5487912278426,0.19571428571428573,0.24571428571428572,0.0
PHASE 3B,1040,832800,832,2933.581638623004,2043.9521928387471,3409.2005582929596,749.4977659967985,771.693542803554,176.54879122784257,0.19571428571428573,0.24571428571428572,0.0
PHASE 3B,1041,833600,832,2933.581638623004,2043.9521928387471,3409.2005582929596,749.4977659967985,771.693542803554,176.54879122784257,0.19571428571428573,0.24571428571428572,0.0
PHASE 3B,1042,834400,832,2933.581638623004,2043.9521928387471,3409.2005582929596,749.4977659967985,771.693542803554,176.54879122784257,0.19571428571428573,0.24571428571428572,0.0
PHASE 3B,1043,835200,832,2933.581638623004,2043.9521928387471,3409.2005582929596,749.4977659967985,771.693542803554,176.54879122784257,0.19571428571428573,0.24571428571428572,0.0
PHASE 3B,1044,836000,836,2935.728513902858,2043.9521928387471,3409.2005582929596,751.5160376272948,771.0204570615152,176.6490024017672,0.19571428571428573,0.24571428571428572,0.0
PHASE 3B,1045,836800,836,2935.728513902858,2043.9521928387471,3409.2005582929596,751.5160376272946,771.0204570615153,176.64900240176723,0.19571428571428573,0.24571428571428572,0.0
PHASE 3B,1046,837600,836,2935.728513902858,2043.9521928387471,3409.2005582929596,751.5160376272946,771.0204570615153,176.64900240176723,0.19571428571428573,0.24571428571428572,0.0
PHASE 3B,1047,838400,836,2935.728513902858,2043.9521928387471,3409.2005582929596,751.5160376272946,771.0204570615153,176.64900240176723,0.19571428571428573,0.24571428571428572,0.0
PHASE 3B,1048,839200,836,2935.728513902858,2043.9521928387471,3409.2005582929596,751.5160376272946,771.0204570615153,176.64900240176723,0.19571428571428573,0.24571428571428572,0.0
PHASE 3B,1049,840000,840,2924.1541084822475,2043.9521928387471,3409.2005582929596,751.4344702668527,762.442650931885,176.28462341044988,0.19571428571428573,0.24571428571428572,0.0
PHASE 3B,1050,840800,840,2924.1541084822484,2043.9521928387471,3409.2005582929596,751.434470266853,762.4426509318848,176.28462341044988,0.19571428571428573,0.24571428571428572,0.0
PHASE 3B,1051,841600,840,2924.1541084822484,2043.9521928387471,3409.2005582929596,751.434470266853,762.4426509318848,176.28462341044988,0.19571428571428573,0.24571428571428572,0.0
PHASE 3B,1052,842400,840,2924.1541084822484,2043.9521928387471,3409.2005582929596,751.434470266853,762.4426509318848,176.28462341044988,0.19571428571428573,0.24571428571428572,0.0
PHASE 3B,1053,843200,840,2924.1541084822484,2043.9521928387471,3409.2005582929596,751.434470266853,762.4426509318848,176.28462341044988,0.19571428571428573,0.24571428571428572,0.0
PHASE 3B,1054,844000,844,2926.9423017509043,2043.9521928387471,3409.2005582929596,751.6621274460214,763.4356102798629,176.48057050313867,0.19571428571428573,0.24571428571428572,0.0
PHASE 3B,1055,844800,844,2926.9423017509043,2043.9521928387471,3409.2005582929596,751.6621274460211,763.4356102798628,176.48057050313867,0.19571428571428573,0.24571428571428572,0.0
PHASE 3B,1056,845600,844,2926.9423017509043,2043.9521928387471,3409.2005582929596,751.6621274460211,763.4356102798628,176.48057050313867,0.19571428571428573,0.24571428571428572,0.0
PHASE 3B,1057,846400,844,2926.9423017509043,2043.9521928387471,3409.2005582929596,751.6621274460211,763.4356102798628,176.48057050313867,0.19571428571428573,0.24571428571428572,0.0
PHASE 3B,1058,847200,844,2926.9423017509043,2043.9521928387471,3409.2005582929596,751.6621274460211,763.4356102798628,176.48057050313867,0.19571428571428573,0.24571428571428572,0.0
PHASE 3B,1059,848000,848,2939.8711675824893,2308.024939441319,3409.2005582929596,758.4492828099936,768.9644218887021,176.5571828604852,0.19571428571428573,0.24571428571428572,0.0
PHASE 3B,1060,848800,848,2939.8711675824893,2308.024939441319,3409.2005582929596,758.4492828099934,768.9644218887022,176.55718286048523,0.19571428571428573,0.24571428571428572,0.0
PHASE 3B,1061,849600,848,2939.8711675824893,2308.024939441319,3409.2005582929596,758.4492828099934,768.9644218887022,176.55718286048523,0.19571428571428573,0.24571428571428572,0.0
PHASE 3B,1062,850400,848,2939.8711675824893,2308.024939441319,3409.2005582929596,758.4492828099934,768.9644218887022,176.55718286048523,0.19571428571428573,0.24571428571428572,0.0
PHASE 3B,1063,851200,848,2939.8711675824893,2308.024939441319,3409.2005582929596,758.4492828099934,768.9644218887022,176.55718286048523,0.19571428571428573,0.24571428571428572,0.0
PHASE 3B,1064,852000,852,2934.5754886541413,2308.024939441319,3409.2005582929596,757.014774877538,767.2018701814362,176.2948554494069,0.19571428571428573,0.24571428571428572,0.0
PHASE 3B,1065,852800,852,2934.5754886541417,2308.024939441319,3409.2005582929596,757.0147748775379,767.2018701814363,176.2948554494069,0.19571428571428573,0.24571428571428572,0.0
PHASE 3B,1066,853600,852,2934.5754886541417,2308.024939441319,3409.2005582929596,757.0147748775379,767.2018701814363,176.2948554494069,0.19571428571428573,0.24571428571428572,0.0
PHASE 3B,1067,854400,852,2934.5754886541417,2308.024939441319,3409.2005582929596,757.0147748775379,767.2018701814363,176.2948554494069,0.19571428571428573,0.24571428571428572,0.0
PHASE 3B,1068,855200,852,2934.5754886541417,2308.024939441319,3409.2005582929596,757.0147748775379,767.2018701814363,176.2948554494069,0.19571428571428573,0.24571428571428572,0.0
PHASE 3B,1069,856000,856,2923.5653425544187,2308.024939441319,3409.2005582929596,751.3268989395879,766.6875290493522,175.69386432069575,0.19571428571428573,0.24571428571428572,0.0
PHASE 3B,1070,856800,856,2923.5653425544187,2308.024939441319,3409.2005582929596,751.3268989395881,766.6875290493521,175.69386432069572,0.19571428571428573,0.24571428571428572,0.0
PHASE 3B,1071,857600,856,2923.5653425544187,2308.024939441319,3409.2005582929596,751.3268989395881,766.6875290493521,175.69386432069572,0.19571428571428573,0.24571428571428572,0.0
PHASE 3B,1072,858400,856,2923.5653425544187,2308.024939441319,3409.2005582929596,751.3268989395881,766.6875290493521,175.69386432069572,0.19571428571428573,0.24571428571428572,0.0
PHASE 3B,1073,859200,856,2923.5653425544187,2308.024939441319,3409.2005582929596,751.3268989395881,766.6875290493521,175.69386432069572,0.19571428571428573,0.24571428571428572,0.0
PHASE 3B,1074,860000,860,2926.2786505563085,2308.024939441319,3409.2005582929596,750.4001677937044,768.2565626266609,175.9527400170039,0.19571428571428573,0.24571428571428572,0.0
PHASE 3B,1075,860800,860,2926.278650556308,2308.024939441319,3409.2005582929596,750.4001677937044,768.2565626266608,175.9527400170039,0.19571428571428573,0.24571428571428572,0.0
PHASE 3B,1076,861600,860,2926.278650556308,2308.024939441319,3409.2005582929596,750.4001677937044,768.2565626266608,175.9527400170039,0.19571428571428573,0.24571428571428572,0.0
PHASE 3B,1077,862400,860,2926.278650556308,2308.024939441319,3409.2005582929596,750.4001677937044,768.2565626266608,175.9527400170039,0.19571428571428573,0.24571428571428572,0.0
PHASE 3B,1078,863200,860,2926.278650556308,2308.024939441319,3409.2005582929596,750.4001677937044,768.2565626266608,175.9527400170039,0.19571428571428573,0.24571428571428572,0.0
PHASE 3B,1079,864000,864,2914.922596808503,2308.024939441319,3409.2005582929596,743.0466745484489,768.4181184350725,175.43222547813392,0.19571428571428573,0.24571428571428572,0.0
PHASE 3B,1080,864800,864,2914.9225968085043,2308.024939441319,3409.2005582929596,743.0466745484487,768.4181184350726,175.4322254781339,0.19571428571428573,0.24571428571428572,0.0
PHASE 3B,1081,865600,864,2914.9225968085043,2308.024939441319,3409.2005582929596,743.0466745484487,768.4181184350726,175.4322254781339,0.19571428571428573,0.24571428571428572,0.0
PHASE 3B,1082,866400,864,2914.9225968085043,2308.024939441319,3409.2005582929596,743.0466745484487,768.4181184350726,175.4322254781339,0.19571428571428573,0.24571428571428572,0.0
PHASE 3B,1083,867200,864,2914.9225968085043,2308.024939441319,3409.2005582929596,743.0466745484487,768.4181184350726,175.4322254781339,0.19571428571428573,0.24571428571428572,0.0
PHASE 3B,1084,868000,868,2905.8948957844673,2308.024939441319,3319.161850097842,738.4172209588968,766.9422382289787,175.06692957458506,0.19571428571428573,0.24571428571428572,0.0
PHASE 3B,1085,868800,868,2905.894895784467,2308.024939441319,3319.161850097842,738.4172209588968,766.9422382289786,175.0669295745851,0.19571428571428573,0.24571428571428572,0.0
PHASE 3B,1086,869600,868,2905.894895784467,2308.024939441319,3319.161850097842,738.4172209588968,766.9422382289786,175.0669295745851,0.19571428571428573,0.24571428571428572,0.0
PHASE 3B,1087,870400,868,2905.894895784467,2308.024939441319,3319.161850097842,738.4172209588968,766.9422382289786,175.0669295745851,0.19571428571428573,0.24571428571428572,0.0
PHASE 3B,1088,871200,868,2905.894895784467,2308.024939441319,3319.161850097842,738.4172209588968,766.9422382289786,175.0669295745851,0.19571428571428573,0.24571428571428572,0.0
PHASE 3B,1089,872000,872,2909.3039617011927,2308.024939441319,3348.253279023044,741.2982783611654,765.1560021251114,175.35621015187567,0.19571428571428573,0.24571428571428572,0.0
PHASE 3B,1090,872800,872,2909.3039617011927,2308.024939441319,3348.253279023044,741.2982783611654,765.1560021251115,175.35621015187567,0.19571428571428573,0.24571428571428572,0.0
PHASE 3B,1091,873600,872,2909.3039617011927,2308.024939441319,3348.253279023044,741.2982783611654,765.1560021251115,175.35621015187567,0.19571428571428573,0.24571428571428572,0.0
PHASE 3B,1092,874400,872,2909.3039617011927,2308.024939441319,3348.253279023044,741.2982783611654,765.1560021251115,175.35621015187567,0.19571428571428573,0.24571428571428572,0.0
PHASE 3B,1093,875200,872,2909.3039617011927,2308.024939441319,3348.253279023044,741.2982783611654,765.1560021251115,175.35621015187567,0.19571428571428573,0.24571428571428572,0.0
PHASE 3B,1094,876000,876,2922.684070508657,2308.024939441319,3348.253279023044,742.834420782394,773.527153104976,175.79031207767218,0.19571428571428573,0.24571428571428572,0.0
PHASE 3B,1095,876800,876,2922.684070508657,2308.024939441319,3348.253279023044,742.8344207823942,773.5271531049759,175.79031207767213,0.19571428571428573,0.24571428571428572,0.0
PHASE 3B,1096,877600,876,2922.684070508657,2308.024939441319,3348.253279023044,742.8344207823942,773.5271531049759,175.79031207767213,0.19571428571428573,0.24571428571428572,0.0
PHASE 3B,1097,878400,876,2922.684070508657,2308.024939441319,3348.253279023044,742.8344207823942,773.5271531049759,175.79031207767213,0.19571428571428573,0.24571428571428572,0.0
PHASE 3B,1098,879200,876,2922.684070508657,2308.024939441319,3348.253279023044,742.8344207823942,773.5271531049759,175.79031207767213,0.19571428571428573,0.24571428571428572,0.0
PHASE 3B,1099,880000,880,2939.308005666025,2347.4031310305054,3348.253279023044,753.7755480879913,772.5984803261985,176.61674715649067,0.19571428571428573,0.24571428571428572,0.0
PHASE 3B,1100,880800,880,2939.308005666025,2347.4031310305054,3348.253279023044,753.7755480879913,772.5984803261985,176.61674715649067,0.19571428571428573,0.24571428571428572,0.0
PHASE 3B,1101,881600,880,2939.308005666025,2347.4031310305054,3348.253279023044,753.7755480879913,772.5984803261985,176.61674715649067,0.19571428571428573,0.24571428571428572,0.0
PHASE 3B,1102,882400,880,2939.308005666025,2347.4031310305054,3348.253279023044,753.7755480879913,772.5984803261985,176.61674715649067,0.19571428571428573,0.24571428571428572,0.0
PHASE 3B,1103,883200,880,2939.308005666025,2347.4031310305054,3348.253279023044,753.7755480879913,772.5984803261985,176.61674715649067,0.19571428571428573,0.24571428571428572,0.0
PHASE 3B,1104,884000,884,2940.4888071377086,2347.4031310305054,3348.253279023044,753.3122709144034,771.4024092941154,176.97176586616015,0.19571428571428573,0.24571428571428572,0.0
PHASE 3B,1105,884800,884,2940.4888071377086,2347.4031310305054,3348.253279023044,753.3122709144035,771.4024092941154,176.9717658661602,0.19571428571428573,0.24571428571428572,0.0
PHASE 3B,1106,885600,884,2940.4888071377086,2347.4031310305054,3348.253279023044,753.3122709144035,771.4024092941154,176.9717658661602,0.19571428571428573,0.24571428571428572,0.0
PHASE 3B,1107,886400,884,2940.4888071377086,2347.4031310305054,3348.253279023044,753.3122709144035,771.4024092941154,176.9717658661602,0.19571428571428573,0.24571428571428572,0.0
PHASE 3B,1108,887200,884,2940.4888071377086,2347.4031310305054,3348.253279023044,753.3122709144035,771.4024092941154,176.9717658661602,0.19571428571428573,0.24571428571428572,0.0
PHASE 3B,1109,888000,888,2929.4204759353074,2339.7340954407227,3348.253279023044,746.3122429460335,768.9617363753501,176.76831207675207,0.19571428571428573,0.24571428571428572,0.0
PHASE 3B,1110,888800,888,2929.420475935308,2339.7340954407227,3348.253279023044,746.3122429460335,768.9617363753501,176.76831207675204,0.19571428571428573,0.24571428571428572,0.0
PHASE 3B,1111,889600,888,2929.420475935308,2339.7340954407227,3348.253279023044,746.3122429460335,768.9617363753501,176.76831207675204,0.19571428571428573,0.24571428571428572,0.0
PHASE 3B,1112,890400,888,2929.420475935308,2339.7340954407227,3348.253279023044,746.3122429460335,768.9617363753501,176.76831207675204,0.19571428571428573,0.24571428571428572,0.0
PHASE 3B,1113,891200,888,2929.420475935308,2339.7340954407227,3348.253279023044,746.3122429460335,768.9617363753501,176.76831207675204,0.19571428571428573,0.24571428571428572,0.0
PHASE 3B,1114,892000,892,2929.906429552105,2339.7340954407227,3348.253279023044,749.1952395001856,765.9122459154012,176.84986801707637,0.19571428571428573,0.24571428571428572,0.0
PHASE 3B,1115,892800,892,2929.9064295521052,2339.7340954407227,3348.253279023044,749.1952395001857,765.9122459154008,176.84986801707643,0.19571428571428573,0.24571428571428572,0.0
PHASE 3B,1116,893600,892,2929.9064295521052,2339.7340954407227,3348.253279023044,749.1952395001857,765.9122459154008,176.84986801707643,0.19571428571428573,0.24571428571428572,0.0
PHASE 3B,1117,894400,892,2929.9064295521052,2339.7340954407227,3348.253279023044,749.1952395001857,765.9122459154008,176.84986801707643,0.19571428571428573,0.24571428571428572,0.0
PHASE 3B,1118,895200,892,2929.9064295521052,2339.7340954407227,3348.253279023044,749.1952395001857,765.9122459154008,176.84986801707643,0.19571428571428573,0.24571428571428572,0.0
PHASE 3B,1119,896000,896,2922.1370670969136,2240.771479960806,3348.253279023044,751.5475164185691,756.9075766888468,176.71024674869892,0.19571428571428573,0.24571428571428572,0.0
PHASE 3B,1120,896800,896,2922.1370670969145,2240.771479960806,3348.253279023044,751.5475164185691,756.9075766888468,176.71024674869892,0.19571428571428573,0.24571428571428572,0.0
PHASE 3B,1121,897600,896,2922.1370670969145,2240.771479960806,3348.253279023044,751.5475164185691,756.9075766888468,176.71024674869892,0.19571428571428573,0.24571428571428572,0.0
PHASE 3B,1122,898400,896,2922.1370670969145,2240.771479960806,3348.253279023044,751.5475164185691,756.9075766888468,176.71024674869892,0.19571428571428573,0.24571428571428572,0.0
PHASE 3B,1123,899200,896,2922.1370670969145,2240.771479960806,3348.253279023044,751.5475164185691,756.9075766888468,176.71024674869892,0.19571428571428573,0.24571428571428572,0.0
PHASE 3B,1124,900000,900,2925.730943787486,2240.771479960806,3348.253279023044,754.959063267739,755.0069917489856,176.97061109635695,0.19571428571428573,0.24571428571428572,0.0
PHASE 3B,1125,900800,900,2925.7309437874856,2240.771479960806,3348.253279023044,754.9590632677387,755.0069917489856,176.97061109635695,0.19571428571428573,0.24571428571428572,0.0
PHASE 3B,1126,901600,900,2925.7309437874856,2240.771479960806,3348.253279023044,754.9590632677387,755.0069917489856,176.97061109635695,0.19571428571428573,0.24571428571428572,0.0
PHASE 3B,1127,902400,900,2925.7309437874856,2240.771479960806,3348.253279023044,754.9590632677387,755.0069917489856,176.97061109635695,0.19571428571428573,0.24571428571428572,0.0
PHASE 3B,1128,903200,900,2925.7309437874856,2240.771479960806,3348.253279023044,754.9590632677387,755.0069917489856,176.97061109635695,0.19571428571428573,0.24571428571428572,0.0
PHASE 3B,1129,904000,904,2937.19658911853,2240.771479960806,3348.253279023044,762.440872836116,754.9746163319817,177.47263749381588,0.19571428571428573,0.24571428571428572,0.0
PHASE 3B,1130,904800,904,2937.19658911853,2240.771479960806,3348.253279023044,762.4408728361162,754.9746163319816,177.47263749381594,0.19571428571428573,0.24571428571428572,0.0
PHASE 3B,1131,905600,904,2937.19658911853,2240.771479960806,3348.253279023044,762.4408728361162,754.9746163319816,177.47263749381594,0.19571428571428573,0.24571428571428572,0.0
PHASE 3B,1132,906400,904,2937.19658911853,2240.771479960806,3348.253279023044,762.4408728361162,754.9746163319816,177.47263749381594,0.19571428571428573,0.24571428571428572,0.0
PHASE 3B,1133,907200,904,2937.19658911853,2240.771479960806,3348.253279023044,762.4408728361162,754.9746163319816,177.47263749381594,0.19571428571428573,0.24571428571428572,0.0
PHASE 3B,1134,908000,908,2934.8428333385127,2229.498883509438,3348.253279023044,754.8265031765741,757.9349311330434,177.76017487862396,0.19571428571428573,0.24571428571428572,0.0
PHASE 3B,1135,908800,908,2934.8428333385127,2229.498883509438,3348.253279023044,754.8265031765742,757.9349311330434,177.76017487862396,0.19571428571428573,0.24571428571428572,0.0
PHASE 3B,1136,909600,908,2934.8428333385127,2229.498883509438,3348.253279023044,754.8265031765742,757.9349311330434,177.76017487862396,0.19571428571428573,0.24571428571428572,0.0
PHASE 3B,1137,910400,908,2934.8428333385127,2229.498883509438,3348.253279023044,754.8265031765742,757.9349311330434,177.76017487862396,0.19571428571428573,0.24571428571428572,0.0
PHASE 3B,1138,911200,908,2934.8428333385127,2229.498883509438,3348.253279023044,754.8265031765742,757.9349311330434,177.76017487862396,0.19571428571428573,0.24571428571428572,0.0
PHASE 3B,1139,912000,912,2932.84079377539,2229.498883509438,3348.253279023044,746.6780625226625,768.5106000772431,177.2065163969477,0.19571428571428573,0.24571428571428572,0.0
PHASE 3B,1140,912800,912,2932.8407937753905,2229.498883509438,3348.253279023044,746.6780625226623,768.5106000772431,177.2065163969477,0.19571428571428573,0.24571428571428572,0.0
PHASE 3B,1141,913600,912,2932.8407937753905,2229.498883509438,3348.253279023044,746.6780625226623,768.5106000772431,177.2065163969477,0.19571428571428573,0.24571428571428572,0.0
PHASE 3B,1142,914400,912,2932.8407937753905,2229.498883509438,3348.253279023044,746.6780625226623,768.5106000772431,177.2065163969477,0.19571428571428573,0.24571428571428572,0.0
PHASE 3B,1143,915200,912,2932.8407937753905,2229.498883509438,3348.253279023044,746.6780625226623,768.5106000772431,177.2065163969477,0.19571428571428573,0.24571428571428572,0.0
PHASE 3B,1144,916000,916,2943.3424130901626,2229.498883509438,3348.253279023044,744.9906112414858,774.6868201831082,177.95812270820832,0.19571428571428573,0.24571428571428572,0.0
PHASE 3B,1145,916800,916,2943.3424130901626,2229.498883509438,3348.253279023044,744.9906112414858,774.6868201831082,177.95812270820835,0.19571428571428573,0.24571428571428572,0.0
PHASE 3B,1146,917600,916,2943.3424130901626,2229.498883509438,3348.253279023044,744.9906112414858,774.6868201831082,177.95812270820835,0.19571428571428573,0.24571428571428572,0.0
PHASE 3B,1147,918400,916,2943.3424130901626,2229.498883509438,3348.253279023044,744.9906112414858,774.6868201831082,177.95812270820835,0.19571428571428573,0.24571428571428572,0.0
PHASE 3B,1148,919200,916,2943.3424130901626,2229.498883509438,3348.253279023044,744.9906112414858,774.6868201831082,177.95812270820835,0.19571428571428573,0.24571428571428572,0.0
PHASE 3B,1149,920000,920,2940.508653832667,2229.498883509438,3348.253279023044,744.2399414730139,770.7479486279976,178.19009546646927,0.19571428571428573,0.24571428571428572,0.0
PHASE 3B,1150,920800,920,2940.5086538326677,2229.498883509438,3348.253279023044,744.239941473014,770.7479486279976,178.19009546646927,0.19571428571428573,0.24571428571428572,0.0
PHASE 3B,1151,921600,920,2940.5086538326677,2229.498883509438,3348.253279023044,744.239941473014,770.7479486279976,178.19009546646927,0.19571428571428573,0.24571428571428572,0.0
PHASE 3B,1152,922400,920,2940.5086538326677,2229.498883509438,3348.253279023044,744.239941473014,770.7479486279976,178.19009546646927,0.19571428571428573,0.24571428571428572,0.0
PHASE 3B,1153,923200,920,2940.5086538326677,2229.498883509438,3348.253279023044,744.239941473014,770.7479486279976,178.19009546646927,0.19571428571428573,0.24571428571428572,0.0
PHASE 3B,1154,924000,924,2943.747087597634,2229.498883509438,3348.253279023044,744.5830914041668,771.9011629684787,178.407854153136,0.19571428571428573,0.24571428571428572,0.0
PHASE 3B,1155,924800,924,2943.747087597634,2229.498883509438,3348.253279023044,744.5830914041669,771.9011629684788,178.407854153136,0.19571428571428573,0.24571428571428572,0.0
PHASE 3B,1156,925600,924,2943.747087597634,2229.498883509438,3348.253279023044,744.5830914041669,771.9011629684788,178.407854153136,0.19571428571428573,0.24571428571428572,0.0
PHASE 3B,1157,926400,924,2943.747087597634,2229.498883509438,3348.253279023044,744.5830914041669,771.9011629684788,178.407854153136,0.19571428571428573,0.24571428571428572,0.0
PHASE 3B,1158,927200,924,2943.747087597634,2229.498883509438,3348.253279023044,744.5830914041669,771.9011629684788,178.407854153136,0.19571428571428573,0.24571428571428572,0.0
PHASE 3B,1159,928000,928,2943.931874482785,2229.498883509438,3352.834239610274,742.5037834814249,773.7214438093588,178.4633308990128,0.19571428571428573,0.24571428571428572,0.0
PHASE 3B,1160,928800,928,2943.931874482785,2229.498883509438,3352.834239610274,742.5037834814246,773.721443809359,178.4633308990128,0.19571428571428573,0.24571428571428572,0.0
PHASE 3B,1161,929600,928,2943.931874482785,2229.498883509438,3352.834239610274,742.5037834814246,773.721443809359,178.4633308990128,0.19571428571428573,0.24571428571428572,0.0
PHASE 3B,1162,930400,928,2943.931874482785,2229.498883509438,3352.834239610274,742.5037834814246,773.721443809359,178.4633308990128,0.19571428571428573,0.24571428571428572,0.0
PHASE 3B,1163,931200,928,2943.931874482785,2229.498883509438,3352.834239610274,742.5037834814246,773.721443809359,178.4633308990128,0.19571428571428573,0.24571428571428572,0.0
PHASE 3B,1164,932000,932,2938.173922864427,2229.498883509438,3352.834239610274,744.9487014693224,767.2226086041861,178.25032659887745,0.19571428571428573,0.24571428571428572,0.0
PHASE 3B,1165,932800,932,2938.1739228644265,2229.498883509438,3352.834239610274,744.9487014693224,767.222608604186,178.25032659887748,0.19571428571428573,0.24571428571428572,0.0
PHASE 3B,1166,933600,932,2938.1739228644265,2229.498883509438,3352.834239610274,744.9487014693224,767.222608604186,178.25032659887748,0.19571428571428573,0.24571428571428572,0.0
PHASE 3B,1167,934400,932,2938.1739228644265,2229.498883509438,3352.834239610274,744.9487014693224,767.222608604186,178.25032659887748,0.19571428571428573,0.24571428571428572,0.0
PHASE 3B,1168,935200,932,2938.1739228644265,2229.498883509438,3352.834239610274,744.9487014693224,767.222608604186,178.25032659887748,0.19571428571428573,0.24571428571428572,0.0
PHASE 3B,1169,936000,936,2942.998704278487,2229.498883509438,3352.834239610274,749.4347868829495,766.3374806096887,178.40330459824384,0.19571428571428573,0.24571428571428572,0.0
PHASE 3B,1170,936800,936,2942.998704278488,2229.498883509438,3352.834239610274,749.4347868829499,766.3374806096883,178.40330459824384,0.19571428571428573,0.24571428571428572,0.0
PHASE 3B,1171,937600,936,2942.998704278488,2229.498883509438,3352.834239610274,749.4347868829499,766.3374806096883,178.40330459824384,0.19571428571428573,0.24571428571428572,0.0
PHASE 3B,1172,938400,936,2942.998704278488,2229.498883509438,3352.834239610274,749.4347868829499,766.3374806096883,178.40330459824384,0.19571428571428573,0.24571428571428572,0.0
PHASE 3B,1173,939200,936,2942.998704278488,2229.498883509438,3352.834239610274,749.4347868829499,766.3374806096883,178.40330459824384,0.19571428571428573,0.24571428571428572,0.0
PHASE 3B,1174,940000,940,2947.2178934636004,2229.498883509438,3352.834239610274,748.6892409789366,770.0560922421732,178.559070030324,0.19571428571428573,0.24571428571428572,0.0
PHASE 3B,1175,940800,940,2947.2178934636004,2229.498883509438,3352.834239610274,748.6892409789365,770.0560922421735,178.559070030324,0.19571428571428573,0.24571428571428572,0.0
PHASE 3B,1176,941600,940,2947.2178934636004,2229.498883509438,3352.834239610274,748.6892409789365,770.0560922421735,178.559070030324,0.19571428571428573,0.24571428571428572,0.0
PHASE 3B,1177,942400,940,2947.2178934636004,2229.498883509438,3352.834239610274,748.6892409789365,770.0560922421735,178.559070030324,0.19571428571428573,0.24571428571428572,0.0
PHASE 3B,1178,943200,940,2947.2178934636004,2229.498883509438,3352.834239610274,748.6892409789365,770.0560922421735,178.559070030324,0.19571428571428573,0.24571428571428572,0.0
PHASE 3B,1179,944000,944,2945.3441596890693,2162.4755688058635,3352.834239610274,741.8252387441318,771.5563936260847,178.9953159148695,0.19571428571428573,0.24571428571428572,0.0
PHASE 3B,1180,944800,944,2945.3441596890707,2162.4755688058635,3352.834239610274,741.8252387441318,771.5563936260846,178.99531591486954,0.19571428571428573,0.24571428571428572,0.0
PHASE 3B,1181,945600,944,2945.3441596890707,2162.4755688058635,3352.834239610274,741.8252387441318,771.5563936260846,178.99531591486954,0.19571428571428573,0.24571428571428572,0.0
PHASE 3B,1182,946400,944,2945.3441596890707,2162.4755688058635,3352.834239610274,741.8252387441318,771.5563936260846,178.99531591486954,0.19571428571428573,0.24571428571428572,0.0
PHASE 3B,1183,947200,944,2945.3441596890707,2162.4755688058635,3352.834239610274,741.8252387441318,771.5563936260846,178.99531591486954,0.19571428571428573,0.24571428571428572,0.0
PHASE 3B,1184,948000,948,2927.6867647546983,2162.4755688058635,3352.834239610274,734.5206160680368,763.4214089168273,178.7180924712422,0.19571428571428573,0.24571428571428572,0.0
PHASE 3B,1185,948800,948,2927.6867647546987,2162.4755688058635,3352.834239610274,734.5206160680369,763.4214089168272,178.7180924712422,0.19571428571428573,0.24571428571428572,0.0
PHASE 3B,1186,949600,948,2927.6867647546987,2162.4755688058635,3352.834239610274,734.5206160680369,763.4214089168272,178.7180924712422,0.19571428571428573,0.24571428571428572,0.0
PHASE 3B,1187,950400,948,2927.6867647546987,2162.4755688058635,3352.834239610274,734.5206160680369,763.4214089168272,178.7180924712422,0.19571428571428573,0.24571428571428572,0.0
PHASE 3B,1188,951200,948,2927.6867647546987,2162.4755688058635,3352.834239610274,734.5206160680369,763.4214089168272,178.7180924712422,0.19571428571428573,0.24571428571428572,0.0
PHASE 3B,1189,952000,952,2927.5950340615104,2162.4755688058635,3352.834239610274,736.2796751854324,761.7307061249702,178.69808159390138,0.19571428571428573,0.24571428571428572,0.0
PHASE 3B,1190,952800,952,2927.5950340615095,2162.4755688058635,3352.834239610274,736.2796751854324,761.7307061249702,178.6980815939013,0.19571428571428573,0.24571428571428572,0.0
PHASE 3B,1191,953600,952,2927.5950340615095,2162.4755688058635,3352.834239610274,736.2796751854324,761.7307061249702,178.6980815939013,0.19571428571428573,0.24571428571428572,0.0
PHASE 3B,1192,954400,952,2927.5950340615095,2162.4755688058635,3352.834239610274,736.2796751854324,761.7307061249702,178.6980815939013,0.19571428571428573,0.24571428571428572,0.0
PHASE 3B,1193,955200,952,2927.5950340615095,2162.4755688058635,3352.834239610274,736.2796751854324,761.7307061249702,178.6980815939013,0.19571428571428573,0.24571428571428572,0.0
PHASE 3B,1194,956000,956,2940.8551116903755,2162.4755688058635,3352.834239610274,742.7582614655819,764.2807897016953,179.2270075654004,0.19571428571428573,0.24571428571428572,0.0
PHASE 3B,1195,956800,956,2940.855111690376,2162.4755688058635,3352.834239610274,742.758261465582,764.2807897016951,179.2270075654004,0.19571428571428573,0.24571428571428572,0.0
PHASE 3B,1196,957600,956,2940.855111690376,2162.4755688058635,3352.834239610274,742.758261465582,764.2807897016951,179.2270075654004,0.19571428571428573,0.24571428571428572,0.0
PHASE 3B,1197,958400,956,2940.855111690376,2162.4755688058635,3352.834239610274,742.758261465582,764.2807897016951,179.2270075654004,0.19571428571428573,0.24571428571428572,0.0
PHASE 3B,1198,959200,956,2940.855111690376,2162.4755688058635,3352.834239610274,742.758261465582,764.2807897016951,179.2270075654004,0.19571428571428573,0.24571428571428572,0.0
PHASE 3B,1199,960000,960,2933.6434768414374,2114.0074466526476,3352.834239610274,746.2059884976493,754.6959255706857,179.09269534665094,0.19571428571428573,0.24571428571428572,0.0
PHASE 3B,1200,960800,960,2933.6434768414365,2114.0074466526476,3352.834239610274,746.2059884976491,754.695925570686,179.09269534665094,0.19571428571428573,0.24571428571428572,0.0
PHASE 3B,1201,961600,960,2933.6434768414365,2114.0074466526476,3352.834239610274,746.2059884976491,754.695925570686,179.09269534665094,0.19571428571428573,0.24571428571428572,0.0
PHASE 3B,1202,962400,960,2933.6434768414365,2114.0074466526476,3352.834239610274,746.2059884976491,754.695925570686,179.09269534665094,0.19571428571428573,0.24571428571428572,0.0
PHASE 3B,1203,963200,960,2933.6434768414365,2114.0074466526476,3352.834239610274,746.2059884976491,754.695925570686,179.09269534665094,0.19571428571428573,0.24571428571428572,0.0
PHASE 3B,1204,964000,964,2934.48874508171,2114.0074466526476,3352.834239610274,747.0097997932209,754.1730450984826,179.1632375237641,0.19571428571428573,0.24571428571428572,0.0
PHASE 3B,1205,964800,964,2934.4887450817105,2114.0074466526476,3352.834239610274,747.0097997932209,754.1730450984826,179.1632375237641,0.19571428571428573,0.24571428571428572,0.0
PHASE 3B,1206,965600,964,2934.4887450817105,2114.0074466526476,3352.834239610274,747.0097997932209,754.1730450984826,179.1632375237641,0.19571428571428573,0.24571428571428572,0.0
PHASE 3B,1207,966400,964,2934.4887450817105,2114.0074466526476,3352.834239610274,747.0097997932209,754.1730450984826,179.1632375237641,0.19571428571428573,0.24571428571428572,0.0
PHASE 3B,1208,967200,964,2934.4887450817105,2114.0074466526476,3352.834239610274,747.0097997932209,754.1730450984826,179.1632375237641,0.19571428571428573,0.24571428571428572,0.0
PHASE 3B,1209,968000,968,2934.941773124384,2114.0074466526476,3352.834239610274,747.6730224734598,753.8312104728552,179.17969252227172,0.19571428571428573,0.24571428571428572,0.0
PHASE 3B,1210,968800,968,2934.941773124384,2114.0074466526476,3352.834239610274,747.6730224734598,753.8312104728552,179.17969252227172,0.19571428571428573,0.24571428571428572,0.0
PHASE 3B,1211,969600,968,2934.941773124384,2114.0074466526476,3352.834239610274,747.6730224734598,753.8312104728552,179.17969252227172,0.19571428571428573,0.24571428571428572,0.0
PHASE 3B,1212,970400,968,2934.941773124384,2114.0074466526476,3352.834239610274,747.6730224734598,753.8312104728552,179.17969252227172,0.19571428571428573,0.24571428571428572,0.0
PHASE 3B,1213,971200,968,2934.941773124384,2114.0074466526476,3352.834239610274,747.6730224734598,753.8312104728552,179.17969252227172,0.19571428571428573,0.24571428571428572,0.0
PHASE 3B,1214,972000,972,2933.8897363875058,2114.0074466526476,3352.834239610274,744.5185800679326,756.5337482010749,179.10467601482546,0.19571428571428573,0.24571428571428572,0.0
PHASE 3B,1215,972800,972,2933.8897363875058,2114.0074466526476,3352.834239610274,744.5185800679324,756.5337482010749,179.10467601482546,0.19571428571428573,0.24571428571428572,0.0
PHASE 3B,1216,973600,972,2933.8897363875058,2114.0074466526476,3352.834239610274,744.5185800679324,756.5337482010749,179.10467601482546,0.19571428571428573,0.24571428571428572,0.0
PHASE 3B,1217,974400,972,2933.8897363875058,2114.0074466526476,3352.834239610274,744.5185800679324,756.5337482010749,179.10467601482546,0.19571428571428573,0.24571428571428572,0.0
PHASE 3B,1218,975200,972,2933.8897363875058,2114.0074466526476,3352.834239610274,744.5185800679324,756.5337482010749,179.10467601482546,0.19571428571428573,0.24571428571428572,0.0
PHASE 3B,1219,976000,976,2930.9097866976845,2114.0074466526476,3352.834239610274,748.2540350744373,752.4597389832679,178.77450158001054,0.19571428571428573,0.24571428571428572,0.0
PHASE 3B,1220,976800,976,2930.9097866976845,2114.0074466526476,3352.834239610274,748.2540350744373,752.459738983268,178.77450158001054,0.19571428571428573,0.24571428571428572,0.0
PHASE 3B,1221,977600,976,2930.9097866976845,2114.0074466526476,3352.834239610274,748.2540350744373,752.459738983268,178.77450158001054,0.19571428571428573,0.24571428571428572,0.0
PHASE 3B,1222,978400,976,2930.9097866976845,2114.0074466526476,3352.834239610274,748.2540350744373,752.459738983268,178.77450158001054,0.19571428571428573,0.24571428571428572,0.0
PHASE 3B,1223,979200,976,2930.9097866976845,2114.0074466526476,3352.834239610274,748.2540350744373,752.459738983268,178.77450158001054,0.19571428571428573,0.24571428571428572,0.0
PHASE 3B,1224,980000,980,2917.050390965503,2114.0074466526476,3352.834239610274,739.121232794911,752.3668659746954,178.19528652450037,0.19571428571428573,0.24571428571428572,0.0
PHASE 3B,1225,980800,980,2917.050390965503,2114.0074466526476,3352.834239610274,739.1212327949106,752.3668659746954,178.19528652450037,0.19571428571428573,0.24571428571428572,0.0
PHASE 3B,1226,981600,980,2917.050390965503,2114.0074466526476,3352.834239610274,739.1212327949106,752.3668659746954,178.19528652450037,0.19571428571428573,0.24571428571428572,0.0
PHASE 3B,1227,982400,980,2917.050390965503,2114.0074466526476,3352.834239610274,739.1212327949106,752.3668659746954,178.19528652450037,0.19571428571428573,0.24571428571428572,0.0
PHASE 3B,1228,983200,980,2917.050390965503,2114.0074466526476,3352.834239610274,739.1212327949106,752.3668659746954,178.19528652450037,0.19571428571428573,0.24571428571428572,0.0
PHASE 3B,1229,984000,984,2914.729076324424,2114.0074466526476,3352.834239610274,738.3151555577282,752.6778336745265,177.96701088653455,0.19571428571428573,0.24571428571428572,0.0
PHASE 3B,1230,984800,984,2914.729076324425,2114.0074466526476,3352.834239610274,738.315155557728,752.6778336745264,177.96701088653455,0.19571428571428573,0.24571428571428572,0.0
PHASE 3B,1231,985600,984,2914.729076324425,2114.0074466526476,3352.834239610274,738.315155557728,752.6778336745264,177.96701088653455,0.19571428571428573,0.24571428571428572,0.0
PHASE 3B,1232,986400,984,2914.729076324425,2114.0074466526476,3352.834239610274,738.315155557728,752.6778336745264,177.96701088653455,0.19571428571428573,0.24571428571428572,0.0
PHASE 3B,1233,987200,984,2914.729076324425,2114.0074466526476,3352.834239610274,738.315155557728,752.6778336745264,177.96701088653455,0.19571428571428573,0.24571428571428572,0.0
PHASE 3B,1234,988000,988,2922.9141855054927,2114.0074466526476,3352.834239610274,745.7911993056476,752.9886590655137,178.01679089180462,0.19571428571428573,0.24571428571428572,0.0
PHASE 3B,1235,988800,988,2922.9141855054927,2114.0074466526476,3352.834239610274,745.7911993056479,752.9886590655141,178.01679089180462,0.19571428571428573,0.24571428571428572,0.0
PHASE 3B,1236,989600,988,2922.9141855054927,2114.0074466526476,3352.834239610274,745.7911993056479,752.9886590655141,178.01679089180462,0.19571428571428573,0.24571428571428572,0.0
PHASE 3B,1237,990400,988,2922.9141855054927,2114.0074466526476,3352.834239610274,745.7911993056479,752.9886590655141,178.01679089180462,0.19571428571428573,0.24571428571428572,0.0
PHASE 3B,1238,991200,988,2922.9141855054927,2114.0074466526476,3352.834239610274,745.7911993056479,752.9886590655141,178.01679089180462,0.19571428571428573,0.24571428571428572,0.0
PHASE 3B,1239,992000,992,2924.0599542055506,2114.0074466526476,3352.834239610274,743.5458605729084,754.9738806172448,178.192526626938,0.19571428571428573,0.24571428571428572,0.0
PHASE 3B,1240,992800,992,2924.0599542055506,2114.0074466526476,3352.834239610274,743.5458605729084,754.9738806172446,178.19252662693802,0.19571428571428573,0.24571428571428572,0.0
PHASE 3B,1241,993600,992,2924.0599542055506,2114.0074466526476,3352.834239610274,743.5458605729084,754.9738806172446,178.19252662693802,0.19571428571428573,0.24571428571428572,0.0
PHASE 3B,1242,994400,992,2924.0599542055506,2114.0074466526476,3352.834239610274,743.5458605729084,754.9738806172446,178.19252662693802,0.19571428571428573,0.24571428571428572,0.0
PHASE 3B,1243,995200,992,2924.0599542055506,2114.0074466526476,3352.834239610274,743.5458605729084,754.9738806172446,178.19252662693802,0.19571428571428573,0.24571428571428572,0.0
PHASE 3B,1244,996000,996,2926.580780112432,2114.0074466526476,3352.834239610274,743.2920637133439,760.2419054750686,177.88085136551572,0.19571428571428573,0.24571428571428572,0.0
PHASE 3B,1245,996800,996,2926.5807801124306,2114.0074466526476,3352.834239610274,743.2920637133439,760.2419054750686,177.8808513655157,0.19571428571428573,0.24571428571428572,0.0
PHASE 3B,1246,997600,996,2926.5807801124306,2114.0074466526476,3352.834239610274,743.2920637133439,760.2419054750686,177.8808513655157,0.19571428571428573,0.24571428571428572,0.0
PHASE 3B,1247,998400,996,2926.5807801124306,2114.0074466526476,3352.834239610274,743.2920637133439,760.2419054750686,177.8808513655157,0.19571428571428573,0.24571428571428572,0.0
PHASE 3B,1248,999200,996,2926.5807801124306,2114.0074466526476,3352.834239610274,743.2920637133439,760.2419054750686,177.8808513655157,0.19571428571428573,0.24571428571428572,0.0
PHASE 3B,1249,1000000,1000,2923.493401869068,2114.0074466526476,3352.834239610274,738.2027080018819,762.1591679159941,177.89144074391245,0.19571428571428573,0.24571428571428572,0.0
PHASE 3B,1250,1000800,1000,2923.493401869069,2114.0074466526476,3352.834239610274,738.2027080018817,762.1591679159941,177.89144074391245,0.19571428571428573,0.24571428571428572,0.0
PHASE 3B,1251,1001600,1000,2923.493401869069,2114.0074466526476,3352.834239610274,738.2027080018817,762.1591679159941,177.89144074391245,0.19571428571428573,0.24571428571428572,0.0
PHASE 3B,1252,1002400,1000,2923.493401869069,2114.0074466526476,3352.834239610274,738.2027080018817,762.1591679159941,177.89144074391245,0.19571428571428573,0.24571428571428572,0.0
PHASE 3B,1253,1003200,1000,2923.493401869069,2114.0074466526476,3352.834239610274,738.2027080018817,762.1591679159941,177.89144074391245,0.19571428571428573,0.24571428571428572,0.0
PHASE 3B,1254,1004000,1004,2910.678091275554,2053.8760798644926,3352.834239610274,736.8848715524526,752.158614000682,177.70432571531572,0.19571428571428573,0.24571428571428572,0.0
PHASE 3B,1255,1004800,1004,2910.6780912755535,2053.8760798644926,3352.834239610274,736.8848715524526,752.1586140006818,177.70432571531572,0.19571428571428573,0.24571428571428572,0.0
PHASE 3B,1256,1005600,1004,2910.6780912755535,2053.8760798644926,3352.834239610274,736.8848715524526,752.1586140006818,177.70432571531572,0.19571428571428573,0.24571428571428572,0.0
PHASE 3B,1257,1006400,1004,2910.6780912755535,2053.8760798644926,3352.834239610274,736.8848715524526,752.1586140006818,177.70432571531572,0.19571428571428573,0.24571428571428572,0.0
PHASE 3B,1258,1007200,1004,2910.6780912755535,2053.8760798644926,3352.834239610274,736.8848715524526,752.1586140006818,177.70432571531572,0.19571428571428573,0.24571428571428572,0.0
PHASE 3B,1259,1008000,1008,2922.632603774984,2053.8760798644926,3352.834239610274,749.8154322690306,749.7182020975868,177.88737117605928,0.19571428571428573,0.24571428571428572,0.0
PHASE 3B,1260,1008800,1008,2922.632603774984,2053.8760798644926,3352.834239610274,749.8154322690306,749.7182020975866,177.88737117605925,0.19571428571428573,0.24571428571428572,0.0
PHASE 3B,1261,1009600,1008,2922.632603774984,2053.8760798644926,3352.834239610274,749.8154322690306,749.7182020975866,177.88737117605925,0.19571428571428573,0.24571428571428572,0.0
PHASE 3B,1262,1010400,1008,2922.632603774984,2053.8760798644926,3352.834239610274,749.8154322690306,749.7182020975866,177.88737117605925,0.19571428571428573,0.24571428571428572,0.0
PHASE 3B,1263,1011200,1008,2922.632603774984,2053.8760798644926,3352.834239610274,749.8154322690306,749.7182020975866,177.88737117605925,0.19571428571428573,0.24571428571428572,0.0
PHASE 3B,1264,1012000,1012,2912.72077790972,2053.8760798644926,3352.834239610274,750.3431439807584,742.0579210788578,177.53996410627627,0.19571428571428573,0.24571428571428572,0.0
PHASE 3B,1265,1012800,1012,2912.720777909719,2053.8760798644926,3352.834239610274,750.3431439807587,742.0579210788578,177.53996410627627,0.19571428571428573,0.24571428571428572,0.0
PHASE 3B,1266,1013600,1012,2912.720777909719,2053.8760798644926,3352.834239610274,750.3431439807587,742.0579210788578,177.53996410627627,0.19571428571428573,0.24571428571428572,0.0
PHASE 3B,1267,1014400,1012,2912.720777909719,2053.8760798644926,3352.834239610274,750.3431439807587,742.0579210788578,177.53996410627627,0.19571428571428573,0.24571428571428572,0.0
PHASE 3B,1268,1015200,1012,2912.720777909719,2053.8760798644926,3352.834239610274,750.3431439807587,742.0579210788578,177.53996410627627,0.19571428571428573,0.24571428571428572,0.0
PHASE 3B,1269,1016000,1016,2902.1673063265507,2053.8760798644926,3352.834239610274,748.5767859828272,738.9242196711316,176.83328758408737,0.19571428571428573,0.24571428571428572,0.0
PHASE 3B,1270,1016800,1016,2902.167306326552,2053.8760798644926,3352.834239610274,748.5767859828272,738.9242196711317,176.83328758408737,0.19571428571428573,0.24571428571428572,0.0
PHASE 3B,1271,1017600,1016,2902.167306326552,2053.8760798644926,3352.834239610274,748.5767859828272,738.9242196711317,176.83328758408737,0.19571428571428573,0.24571428571428572,0.0
PHASE 3B,1272,1018400,1016,2902.167306326552,2053.8760798644926,3352.834239610274,748.5767859828272,738.9242196711317,176.83328758408737,0.19571428571428573,0.24571428571428572,0.0
PHASE 3B,1273,1019200,1016,2902.167306326552,2053.8760798644926,3352.834239610274,748.5767859828272,738.9242196711317,176.83328758408737,0.19571428571428573,0.24571428571428572,0.0
PHASE 3B,1274,1020000,1020,2901.862219938958,2053.8760798644926,3352.834239610274,750.2928375651462,737.4635706852963,176.7632264610778,0.19571428571428573,0.24571428571428572,0.0
PHASE 3B,1275,1020800,1020,2901.862219938958,2053.8760798644926,3352.834239610274,750.2928375651462,737.4635706852962,176.7632264610778,0.19571428571428573,0.24571428571428572,0.0
PHASE 3B,1276,1021600,1020,2901.862219938958,2053.8760798644926,3352.834239610274,750.2928375651462,737.4635706852962,176.7632264610778,0.19571428571428573,0.24571428571428572,0.0
PHASE 3B,1277,1022400,1020,2901.862219938958,2053.8760798644926,3352.834239610274,750.2928375651462,737.4635706852962,176.7632264610778,0.19571428571428573,0.24571428571428572,0.0
PHASE 3B,1278,1023200,1020,2901.862219938958,2053.8760798644926,3352.834239610274,750.2928375651462,737.4635706852962,176.7632264610778,0.19571428571428573,0.24571428571428572,0.0
PHASE 3B,1279,1024000,1024,2894.964250391415,2053.8760798644926,3352.834239610274,747.3830076748383,736.1640948525786,176.4271434830132,0.19571428571428573,0.24571428571428572,0.0
PHASE 3B,1280,1024800,1024,2894.964250391414,2053.8760798644926,3352.834239610274,747.3830076748383,736.1640948525786,176.4271434830132,0.19571428571428573,0.24571428571428572,0.0
PHASE 3B,1281,1025600,1024,2894.964250391414,2053.8760798644926,3352.834239610274,747.3830076748383,736.1640948525786,176.4271434830132,0.19571428571428573,0.24571428571428572,0.0
PHASE 3B,1282,1026400,1024,2894.964250391414,2053.8760798644926,3352.834239610274,747.3830076748383,736.1640948525786,176.4271434830132,0.19571428571428573,0.24571428571428572,0.0
PHASE 3B,1283,1027200,1024,2894.964250391414,2053.8760798644926,3352.834239610274,747.3830076748383,736.1640948525786,176.4271434830132,0.19571428571428573,0.24571428571428572,0.0
PHASE 3B,1284,1028000,1028,2896.0296749416425,2053.8760798644926,3286.5623740136175,744.5726972349565,739.2604266847255,176.52456887775836,0.19571428571428573,0.24571428571428572,0.0
PHASE 3B,1285,1028800,1028,2896.029674941643,2053.8760798644926,3286.5623740136175,744.5726972349564,739.2604266847255,176.52456887775836,0.19571428571428573,0.24571428571428572,0.0
PHASE 3B,1286,1029600,1028,2896.029674941643,2053.8760798644926,3286.5623740136175,744.5726972349564,739.2604266847255,176.52456887775836,0.19571428571428573,0.24571428571428572,0.0
PHASE 3B,1287,1030400,1028,2896.029674941643,2053.8760798644926,3286.5623740136175,744.5726972349564,739.2604266847255,176.52456887775836,0.19571428571428573,0.24571428571428572,0.0
PHASE 3B,1288,1031200,1028,2896.029674941643,2053.8760798644926,3286.5623740136175,744.5726972349564,739.2604266847255,176.52456887775836,0.19571428571428573,0.24571428571428572,0.0
PHASE 3B,1289,1032000,1032,2891.38725830979,2053.8760798644926,3286.5623740136175,736.228756737753,741.9295487461773,176.6536191032459,0.19571428571428573,0.24571428571428572,0.0
PHASE 3B,1290,1032800,1032,2891.3872583097905,2053.8760798644926,3286.5623740136175,736.228756737753,741.9295487461775,176.65361910324592,0.19571428571428573,0.24571428571428572,0.0
PHASE 3B,1291,1033600,1032,2891.3872583097905,2053.8760798644926,3286.5623740136175,736.228756737753,741.9295487461775,176.65361910324592,0.19571428571428573,0.24571428571428572,0.0
PHASE 3B,1292,1034400,1032,2891.3872583097905,2053.8760798644926,3286.5623740136175,736.228756737753,741.9295487461775,176.65361910324592,0.19571428571428573,0.24571428571428572,0.0
PHASE 3B,1293,1035200,1032,2891.3872583097905,2053.8760798644926,3286.5623740136175,736.228756737753,741.9295487461775,176.65361910324592,0.19571428571428573,0.24571428571428572,0.0
PHASE 3B,1294,1036000,1036,2891.4774069500295,2053.8760798644926,3286.5623740136175,736.912137774711,742.173732363344,176.54894210151036,0.19571428571428573,0.24571428571428572,0.0
PHASE 3B,1295,1036800,1036,2891.4774069500286,2053.8760798644926,3286.5623740136175,736.912137774711,742.1737323633441,176.54894210151033,0.19571428571428573,0.24571428571428572,0.0
PHASE 3B,1296,1037600,1036,2891.4774069500286,2053.8760798644926,3286.5623740136175,736.912137774711,742.1737323633441,176.54894210151033,0.19571428571428573,0.24571428571428572,0.0
PHASE 3B,1297,1038400,1036,2891.4774069500286,2053.8760798644926,3286.5623740136175,736.912137774711,742.1737323633441,176.54894210151033,0.19571428571428573,0.24571428571428572,0.0
PHASE 3B,1298,1039200,1036,2891.4774069500286,2053.8760798644926,3286.5623740136175,736.912137774711,742.1737323633441,176.54894210151033,0.19571428571428573,0.24571428571428572,0.0
PHASE 3B,1299,1040000,1040,2886.8364449097694,2053.8760798644926,3286.5623740136175,736.7441786063075,739.8632078382045,176.27863230817084,0.19571428571428573,0.24571428571428572,0.0
PHASE 3B,1300,1040800,1040,2886.8364449097694,2053.8760798644926,3286.5623740136175,736.7441786063075,739.8632078382044,176.27863230817084,0.19571428571428573,0.24571428571428572,0.0
PHASE 3B,1301,1041600,1040,2886.8364449097694,2053.8760798644926,3286.5623740136175,736.7441786063075,739.8632078382044,176.27863230817084,0.19571428571428573,0.24571428571428572,0.0
PHASE 3B,1302,1042400,1040,2886.8364449097694,2053.8760798644926,3286.5623740136175,736.7441786063075,739.8632078382044,176.27863230817084,0.19571428571428573,0.24571428571428572,0.0
PHASE 3B,1303,1043200,1040,2886.8364449097694,2053.8760798644926,3286.5623740136175,736.7441786063075,739.8632078382044,176.27863230817084,0.19571428571428573,0.24571428571428572,0.0
PHASE 3B,1304,1044000,1044,2890.8829571118117,2053.8760798644926,3286.5623740136175,744.1528368458338,739.5884301294875,175.8927112670751,0.19571428571428573,0.24571428571428572,0.0
PHASE 3B,1305,1044800,1044,2890.882957111813,2053.8760798644926,3286.5623740136175,744.1528368458338,739.5884301294875,175.8927112670751,0.19571428571428573,0.24571428571428572,0.0
PHASE 3B,1306,1045600,1044,2890.882957111813,2053.8760798644926,3286.5623740136175,744.1528368458338,739.5884301294875,175.8927112670751,0.19571428571428573,0.24571428571428572,0.0
PHASE 3B,1307,1046400,1044,2890.882957111813,2053.8760798644926,3286.5623740136175,744.1528368458338,739.5884301294875,175.8927112670751,0.19571428571428573,0.24571428571428572,0.0
PHASE 3B,1308,1047200,1044,2890.882957111813,2053.8760798644926,3286.5623740136175,744.1528368458338,739.5884301294875,175.8927112670751,0.19571428571428573,0.24571428571428572,0.0
PHASE 3B,1309,1048000,1048,2899.80046631199,2053.8760798644926,3286.5623740136175,755.4255196331662,735.7258018427945,176.08114310451742,0.19571428571428573,0.24571428571428572,0.0
PHASE 3B,1310,1048800,1048,2899.8004663119896,2053.8760798644926,3286.5623740136175,755.4255196331661,735.7258018427943,176.0811431045174,0.19571428571428573,0.24571428571428572,0.0
PHASE 3B,1311,1049600,1048,2899.8004663119896,2053.8760798644926,3286.5623740136175,755.4255196331661,735.7258018427943,176.0811431045174,0.19571428571428573,0.24571428571428572,0.0
PHASE 3B,1312,1050400,1048,2899.8004663119896,2053.8760798644926,3286.5623740136175,755.4255196331661,735.7258018427943,176.0811431045174,0.19571428571428573,0.24571428571428572,0.0
PHASE 3B,1313,1051200,1048,2899.8004663119896,2053.8760798644926,3286.5623740136175,755.4255196331661,735.7258018427943,176.0811431045174,0.19571428571428573,0.24571428571428572,0.0
PHASE 3B,1314,1052000,1052,2895.498180411182,2053.8760798644926,3286.5623740136175,752.718563515366,736.3261369110483,175.80668499810986,0.19571428571428573,0.24571428571428572,0.0
PHASE 3B,1315,1052800,1052,2895.498180411182,2053.8760798644926,3286.5623740136175,752.7185635153661,736.3261369110483,175.8066849981099,0.19571428571428573,0.24571428571428572,0.0
PHASE 3B,1316,1053600,1052,2895.498180411182,2053.8760798644926,3286.5623740136175,752.7185635153661,736.3261369110483,175.8066849981099,0.19571428571428573,0.24571428571428572,0.0
PHASE 3B,1317,1054400,1052,2895.498180411182,2053.8760798644926,3286.5623740136175,752.7185635153661,736.3261369110483,175.8066849981099,0.19571428571428573,0.24571428571428572,0.0
PHASE 3B,1318,1055200,1052,2895.498180411182,2053.8760798644926,3286.5623740136175,752.7185635153661,736.3261369110483,175.8066849981099,0.19571428571428573,0.24571428571428572,0.0
PHASE 3B,1319,1056000,1056,2894.1542962553904,2053.8760798644926,3286.5623740136175,754.8158974854327,733.0560061586871,175.7852990764228,0.19571428571428573,0.24571428571428572,0.0
PHASE 3B,1320,1056800,1056,2894.1542962553913,2053.8760798644926,3286.5623740136175,754.8158974854326,733.0560061586871,175.78529907642286,0.19571428571428573,0.24571428571428572,0.0
PHASE 3B,1321,1057600,1056,2894.1542962553913,2053.8760798644926,3286.5623740136175,754.8158974854326,733.0560061586871,175.78529907642286,0.19571428571428573,0.24571428571428572,0.0
PHASE 3B,1322,1058400,1056,2894.1542962553913,2053.8760798644926,3286.5623740136175,754.8158974854326,733.0560061586871,175.78529907642286,0.19571428571428573,0.24571428571428572,0.0
PHASE 3B,1323,1059200,1056,2894.1542962553913,2053.8760798644926,3286.5623740136175,754.8158974854326,733.0560061586871,175.78529907642286,0.19571428571428573,0.24571428571428572,0.0
PHASE 3B,1324,1060000,1060,2904.480857498832,2053.8760798644926,3306.375718668153,755.5357498594374,741.2558522878385,175.9611569189584,0.19571428571428573,0.24571428571428572,0.0
PHASE 3B,1325,1060800,1060,2904.480857498832,2053.8760798644926,3306.375718668153,755.5357498594371,741.2558522878385,175.96115691895838,0.19571428571428573,0.24571428571428572,0.0
PHASE 3B,1326,1061600,1060,2904.480857498832,2053.8760798644926,3306.375718668153,755.5357498594371,741.2558522878385,175.96115691895838,0.19571428571428573,0.24571428571428572,0.0
PHASE 3B,1327,1062400,1060,2904.480857498832,2053.8760798644926,3306.375718668153,755.5357498594371,741.2558522878385,175.96115691895838,0.19571428571428573,0.24571428571428572,0.0
PHASE 3B,1328,1063200,1060,2904.480857498832,2053.8760798644926,3306.375718668153,755.5357498594371,741.2558522878385,175.96115691895838,0.19571428571428573,0.24571428571428572,0.0
PHASE 3B,1329,1064000,1064,2885.780855084204,2053.8760798644926,3306.375718668153,746.1662829210222,737.6416268447401,175.24661816481927,0.19571428571428573,0.24571428571428572,0.0
PHASE 3B,1330,1064800,1064,2885.7808550842033,2053.8760798644926,3306.375718668153,746.1662829210225,737.6416268447401,175.24661816481927,0.19571428571428573,0.24571428571428572,0.0
PHASE 3B,1331,1065600,1064,2885.7808550842033,2053.8760798644926,3306.375718668153,746.1662829210225,737.6416268447401,175.24661816481927,0.19571428571428573,0.24571428571428572,0.0
PHASE 3B,1332,1066400,1064,2885.7808550842033,2053.8760798644926,3306.375718668153,746.1662829210225,737.6416268447401,175.24661816481927,0.19571428571428573,0.24571428571428572,0.0
PHASE 3B,1333,1067200,1064,2885.7808550842033,2053.8760798644926,3306.375718668153,746.1662829210225,737.6416268447401,175.24661816481927,0.19571428571428573,0.24571428571428572,0.0
PHASE 3B,1334,1068000,1068,2880.8404240162804,2053.8760798644926,3306.375718668153,744.8109326945179,736.5322779501595,174.9371516714646,0.19571428571428573,0.24571428571428572,0.0
PHASE 3B,1335,1068800,1068,2880.8404240162827,2053.8760798644926,3306.375718668153,744.8109326945176,736.5322779501594,174.9371516714646,0.19571428571428573,0.24571428571428572,0.0
PHASE 3B,1336,1069600,1068,2880.8404240162827,2053.8760798644926,3306.375718668153,744.8109326945176,736.5322779501594,174.9371516714646,0.19571428571428573,0.24571428571428572,0.0
PHASE 3B,1337,1070400,1068,2880.8404240162827,2053.8760798644926,3306.375718668153,744.8109326945176,736.5322779501594,174.9371516714646,0.19571428571428573,0.24571428571428572,0.0
PHASE 3B,1338,1071200,1068,2880.8404240162827,2053.8760798644926,3306.375718668153,744.8109326945176,736.5322779501594,174.9371516714646,0.19571428571428573,0.24571428571428572,0.0
PHASE 3B,1339,1072000,1072,2877.438396384131,2053.8760798644926,3306.375718668153,744.6445540622916,735.0987404246177,174.7118877371668,0.19571428571428573,0.24571428571428572,0.0
PHASE 3B,1340,1072800,1072,2877.43839638413,2053.8760798644926,3306.375718668153,744.6445540622916,735.0987404246179,174.7118877371668,0.19571428571428573,0.24571428571428572,0.0
PHASE 3B,1341,1073600,1072,2877.43839638413,2053.8760798644926,3306.375718668153,744.6445540622916,735.0987404246179,174.7118877371668,0.19571428571428573,0.24571428571428572,0.0
PHASE 3B,1342,1074400,1072,2877.43839638413,2053.8760798644926,3306.375718668153,744.6445540622916,735.0987404246179,174.7118877371668,0.19571428571428573,0.24571428571428572,0.0
PHASE 3B,1343,1075200,1072,2877.43839638413,2053.8760798644926,3306.375718668153,744.6445540622916,735.0987404246179,174.7118877371668,0.19571428571428573,0.24571428571428572,0.0
PHASE 3B,1344,1076000,1076,2866.440798287978,2053.8760798644926,3306.375718668153,731.66550418723,737.2866231082703,174.68608387407406,0.19571428571428573,0.24571428571428572,0.0
PHASE 3B,1345,1076800,1076,2866.440798287979,2053.8760798644926,3306.375718668153,731.66550418723,737.2866231082702,174.68608387407406,0.19571428571428573,0.24571428571428572,0.0
PHASE 3B,1346,1077600,1076,2866.440798287979,2053.8760798644926,3306.375718668153,731.66550418723,737.2866231082702,174.68608387407406,0.19571428571428573,0.24571428571428572,0.0
PHASE 3B,1347,1078400,1076,2866.440798287979,2053.8760798644926,3306.375718668153,731.66550418723,737.2866231082702,174.68608387407406,0.19571428571428573,0.24571428571428572,0.0
PHASE 3B,1348,1079200,1076,2866.440798287979,2053.8760798644926,3306.375718668153,731.66550418723,737.2866231082702,174.68608387407406,0.19571428571428573,0.24571428571428572,0.0
PHASE 3B,1349,1080000,1080,2871.9800988995266,2053.8760798644926,3306.375718668153,740.4094492652773,735.1124512772873,174.55727479463462,0.19571428571428573,0.24571428571428572,0.0
PHASE 3B,1350,1080800,1080,2871.9800988995266,2053.8760798644926,3306.375718668153,740.4094492652775,735.1124512772873,174.55727479463462,0.19571428571428573,0.24571428571428572,0.0
PHASE 3B,1351,1081600,1080,2871.9800988995266,2053.8760798644926,3306.375718668153,740.4094492652775,735.1124512772873,174.55727479463462,0.19571428571428573,0.24571428571428572,0.0
PHASE 3B,1352,1082400,1080,2871.9800988995266,2053.8760798644926,3306.375718668153,740.4094492652775,735.1124512772873,174.55727479463462,0.19571428571428573,0.24571428571428572,0.0
PHASE 3B,1353,1083200,1080,2871.9800988995266,2053.8760798644926,3306.375718668153,740.4094492652775,735.1124512772873,174.55727479463462,0.19571428571428573,0.24571428571428572,0.0
PHASE 3B,1354,1084000,1084,2868.3778245100825,2053.8760798644926,3306.375718668153,736.9828708986454,734.9800158571022,174.55186721930625,0.19571428571428573,0.24571428571428572,0.0
PHASE 3B,1355,1084800,1084,2868.3778245100834,2053.8760798644926,3306.375718668153,736.982870898645,734.9800158571024,174.55186721930625,0.19571428571428573,0.24571428571428572,0.0
PHASE 3B,1356,1085600,1084,2868.3778245100834,2053.8760798644926,3306.375718668153,736.982870898645,734.9800158571024,174.55186721930625,0.19571428571428573,0.24571428571428572,0.0
PHASE 3B,1357,1086400,1084,2868.3778245100834,2053.8760798644926,3306.375718668153,736.982870898645,734.9800158571024,174.55186721930625,0.19571428571428573,0.24571428571428572,0.0
PHASE 3B,1358,1087200,1084,2868.3778245100834,2053.8760798644926,3306.375718668153,736.982870898645,734.9800158571024,174.55186721930625,0.19571428571428573,0.24571428571428572,0.0
PHASE 3B,1359,1088000,1088,2867.840318648533,2053.8760798644926,3306.375718668153,734.69727680211,736.59221775341,174.5688530116409,0.19571428571428573,0.24571428571428572,0.0
PHASE 3B,1360,1088800,1088,2867.840318648533,2053.8760798644926,3306.375718668153,734.6972768021101,736.5922177534098,174.5688530116409,0.19571428571428573,0.24571428571428572,0.0
PHASE 3B,1361,1089600,1088,2867.840318648533,2053.8760798644926,3306.375718668153,734.6972768021101,736.5922177534098,174.5688530116409,0.19571428571428573,0.24571428571428572,0.0
PHASE 3B,1362,1090400,1088,2867.840318648533,2053.8760798644926,3306.375718668153,734.6972768021101,736.5922177534098,174.5688530116409,0.19571428571428573,0.24571428571428572,0.0
PHASE 3B,1363,1091200,1088,2867.840318648533,2053.8760798644926,3306.375718668153,734.6972768021101,736.5922177534098,174.5688530116409,0.19571428571428573,0.24571428571428572,0.0
PHASE 3B,1364,1092000,1092,2859.427196835911,2053.8760798644926,3306.375718668153,737.2697768186529,725.3170441208883,174.60504698706055,0.19571428571428573,0.24571428571428572,0.0
PHASE 3B,1365,1092800,1092,2859.4271968359117,2053.8760798644926,3306.375718668153,737.2697768186528,725.3170441208886,174.6050469870606,0.19571428571428573,0.24571428571428572,0.0
PHASE 3B,1366,1093600,1092,2859.4271968359117,2053.8760798644926,3306.375718668153,737.2697768186528,725.3170441208886,174.6050469870606,0.19571428571428573,0.24571428571428572,0.0
PHASE 3B,1367,1094400,1092,2859.4271968359117,2053.8760798644926,3306.375718668153,737.2697768186528,725.3170441208886,174.6050469870606,0.19571428571428573,0.24571428571428572,0.0
PHASE 3B,1368,1095200,1092,2859.4271968359117,2053.8760798644926,3306.375718668153,737.2697768186528,725.3170441208886,174.6050469870606,0.19571428571428573,0.24571428571428572,0.0
PHASE 3B,1369,1096000,1096,2853.2629443522605,2053.8760798644926,3306.375718668153,730.1877077870912,724.3699153380262,174.83816515340723,0.19571428571428573,0.24571428571428572,0.0
PHASE 3B,1370,1096800,1096,2853.26294435226,2053.8760798644926,3306.375718668153,730.1877077870913,724.3699153380261,174.8381651534072,0.19571428571428573,0.24571428571428572,0.0
PHASE 3B,1371,1097600,1096,2853.26294435226,2053.8760798644926,3306.375718668153,730.1877077870913,724.3699153380261,174.8381651534072,0.19571428571428573,0.24571428571428572,0.0
PHASE 3B,1372,1098400,1096,2853.26294435226,2053.8760798644926,3306.375718668153,730.1877077870913,724.3699153380261,174.8381651534072,0.19571428571428573,0.24571428571428572,0.0
PHASE 3B,1373,1099200,1096,2853.26294435226,2053.8760798644926,3306.375718668153,730.1877077870913,724.3699153380261,174.8381651534072,0.19571428571428573,0.24571428571428572,0.0
PHASE 3B,1374,1100000,1100,2849.6805971936915,2053.8760798644926,3306.375718668153,731.5679725117801,722.1118121426642,174.50010156742036,0.19571428571428573,0.24571428571428572,0.0
PHASE 3B,1375,1100800,1100,2849.6805971936924,2053.8760798644926,3306.375718668153,731.5679725117801,722.1118121426642,174.50010156742036,0.19571428571428573,0.24571428571428572,0.0
PHASE 3B,1376,1101600,1100,2849.6805971936924,2053.8760798644926,3306.375718668153,731.5679725117801,722.1118121426642,174.50010156742036,0.19571428571428573,0.24571428571428572,0.0
PHASE 3B,1377,1102400,1100,2849.6805971936924,2053.8760798644926,3306.375718668153,731.5679725117801,722.1118121426642,174.50010156742036,0.19571428571428573,0.24571428571428572,0.0
PHASE 3B,1378,1103200,1100,2849.6805971936924,2053.8760798644926,3306.375718668153,731.5679725117801,722.1118121426642,174.50010156742036,0.19571428571428573,0.24571428571428572,0.0
PHASE 3B,1379,1104000,1104,2854.4845873061167,2079.3754401938304,3306.375718668153,730.2836994084845,729.8511749021127,174.29371412445443,0.19571428571428573,0.24571428571428572,0.0
PHASE 3B,1380,1104800,1104,2854.4845873061167,2079.3754401938304,3306.375718668153,730.2836994084847,729.8511749021127,174.29371412445443,0.19571428571428573,0.24571428571428572,0.0
PHASE 3B,1381,1105600,1104,2854.4845873061167,2079.3754401938304,3306.375718668153,730.2836994084847,729.8511749021127,174.29371412445443,0.19571428571428573,0.24571428571428572,0.0
PHASE 3B,1382,1106400,1104,2854.4845873061167,2079.3754401938304,3306.375718668153,730.2836994084847,729.8511749021127,174.29371412445443,0.19571428571428573,0.24571428571428572,0.0
PHASE 3B,1383,1107200,1104,2854.4845873061167,2079.3754401938304,3306.375718668153,730.2836994084847,729.8511749021127,174.29371412445443,0.19571428571428573,0.24571428571428572,0.0
PHASE 3B,1384,1108000,1108,2855.743456666285,2079.3754401938304,3306.375718668153,727.5963881679266,732.2920346996484,174.48187922485315,0.19571428571428573,0.24571428571428572,0.0
PHASE 3B,1385,1108800,1108,2855.7434566662855,2079.3754401938304,3306.375718668153,727.5963881679266,732.2920346996484,174.48187922485315,0.19571428571428573,0.24571428571428572,0.0
PHASE 3B,1386,1109600,1108,2855.7434566662855,2079.3754401938304,3306.375718668153,727.5963881679266,732.2920346996484,174.48187922485315,0.19571428571428573,0.24571428571428572,0.0
PHASE 3B,1387,1110400,1108,2855.7434566662855,2079.3754401938304,3306.375718668153,727.5963881679266,732.2920346996484,174.48187922485315,0.19571428571428573,0.24571428571428572,0.0
PHASE 3B,1388,1111200,1108,2855.7434566662855,2079.3754401938304,3306.375718668153,727.5963881679266,732.2920346996484,174.48187922485315,0.19571428571428573,0.24571428571428572,0.0
PHASE 3B,1389,1112000,1112,2872.4283950714166,2079.3754401938304,3306.375718668153,730.7884946039246,739.0494389911967,175.3238076845513,0.19571428571428573,0.24571428571428572,0.0
PHASE 3B,1390,1112800,1112,2872.4283950714166,2079.3754401938304,3306.375718668153,730.7884946039246,739.0494389911967,175.3238076845513,0.19571428571428573,0.24571428571428572,0.0
PHASE 3B,1391,1113600,1112,2872.4283950714166,2079.3754401938304,3306.375718668153,730.7884946039246,739.0494389911967,175.3238076845513,0.19571428571428573,0.24571428571428572,0.0
PHASE 3B,1392,1114400,1112,2872.4283950714166,2079.3754401938304,3306.375718668153,730.7884946039246,739.0494389911967,175.3238076845513,0.19571428571428573,0.24571428571428572,0.0
PHASE 3B,1393,1115200,1112,2872.4283950714166,2079.3754401938304,3306.375718668153,730.7884946039246,739.0494389911967,175.3238076845513,0.19571428571428573,0.24571428571428572,0.0
PHASE 3B,1394,1116000,1116,2877.8579804006135,2079.3754401938304,3306.375718668153,731.5996795292792,742.7473115689355,175.43887366281436,0.19571428571428573,0.24571428571428572,0.0
PHASE 3B,1395,1116800,1116,2877.8579804006145,2079.3754401938304,3306.375718668153,731.5996795292792,742.7473115689355,175.43887366281433,0.19571428571428573,0.24571428571428572,0.0
PHASE 3B,1396,1117600,1116,2877.8579804006145,2079.3754401938304,3306.375718668153,731.5996795292792,742.7473115689355,175.43887366281433,0.19571428571428573,0.24571428571428572,0.0
PHASE 3B,1397,1118400,1116,2877.8579804006145,2079.3754401938304,3306.375718668153,731.5996795292792,742.7473115689355,175.43887366281433,0.19571428571428573,0.24571428571428572,0.0
PHASE 3B,1398,1119200,1116,2877.8579804006145,2079.3754401938304,3306.375718668153,731.5996795292792,742.7473115689355,175.43887366281433,0.19571428571428573,0.24571428571428572,0.0
PHASE 3B,1399,1120000,1120,2868.676773209249,2079.3754401938304,3306.375718668153,727.1716546812718,742.6489536699185,174.8570206072717,0.19571428571428573,0.24571428571428572,0.0
PHASE 3B,1400,1120800,1120,2868.676773209249,2079.3754401938304,3306.375718668153,727.1716546812718,742.6489536699186,174.8570206072717,0.19571428571428573,0.24571428571428572,0.0
PHASE 3B,1401,1121600,1120,2868.676773209249,2079.3754401938304,3306.375718668153,727.1716546812718,742.6489536699186,174.8570206072717,0.19571428571428573,0.24571428571428572,0.0
PHASE 3B,1402,1122400,1120,2868.676773209249,2079.3754401938304,3306.375718668153,727.1716546812718,742.6489536699186,174.8570206072717,0.19571428571428573,0.24571428571428572,0.0
PHASE 3B,1403,1123200,1120,2868.676773209249,2079.3754401938304,3306.375718668153,727.1716546812718,742.6489536699186,174.8570206072717,0.19571428571428573,0.24571428571428572,0.0
PHASE 3B,1404,1124000,1124,2866.2880851907753,2079.3754401938304,3306.375718668153,727.8071505690299,740.2225133828069,174.78230265488168,0.19571428571428573,0.24571428571428572,0.0
PHASE 3B,1405,1124800,1124,2866.2880851907753,2079.3754401938304,3306.375718668153,727.80715056903,740.2225133828068,174.7823026548817,0.19571428571428573,0.24571428571428572,0.0
PHASE 3B,1406,1125600,1124,2866.2880851907753,2079.3754401938304,3306.375718668153,727.80715056903,740.2225133828068,174.7823026548817,0.19571428571428573,0.24571428571428572,0.0
PHASE 3B,1407,1126400,1124,2866.2880851907753,2079.3754401938304,3306.375718668153,727.80715056903,740.2225133828068,174.7823026548817,0.19571428571428573,0.24571428571428572,0.0
PHASE 3B,1408,1127200,1124,2866.2880851907753,2079.3754401938304,3306.375718668153,727.80715056903,740.2225133828068,174.7823026548817,0.19571428571428573,0.24571428571428572,0.0
PHASE 3B,1409,1128000,1128,2858.7938529974745,2079.3754401938304,3306.375718668153,729.2465592834078,734.8946970438327,174.3315745837938,0.19571428571428573,0.24571428571428572,0.0
PHASE 3B,1410,1128800,1128,2858.793852997474,2079.3754401938304,3306.375718668153,729.2465592834077,734.8946970438327,174.33157458379378,0.19571428571428573,0.24571428571428572,0.0
PHASE 3B,1411,1129600,1128,2858.793852997474,2079.3754401938304,3306.375718668153,729.2465592834077,734.8946970438327,174.33157458379378,0.19571428571428573,0.24571428571428572,0.0
PHASE 3B,1412,1130400,1128,2858.793852997474,2079.3754401938304,3306.375718668153,729.2465592834077,734.8946970438327,174.33157458379378,0.19571428571428573,0.24571428571428572,0.0
PHASE 3B,1413,1131200,1128,2858.793852997474,2079.3754401938304,3306.375718668153,729.2465592834077,734.8946970438327,174.33157458379378,0.19571428571428573,0.24571428571428572,0.0
PHASE 3B,1414,1132000,1132,2847.8555864311925,1661.029025230977,3306.375718668153,725.8378447654802,728.7298927548898,174.16098111386745,0.19571428571428573,0.24571428571428572,0.0
PHASE 3B,1415,1132800,1132,2847.8555864311916,1661.029025230977,3306.375718668153,725.8378447654802,728.7298927548899,174.16098111386742,0.19571428571428573,0.24571428571428572,0.0
PHASE 3B,1416,1133600,1132,2847.8555864311916,1661.029025230977,3306.375718668153,725.8378447654802,728.7298927548899,174.16098111386742,0.19571428571428573,0.24571428571428572,0.0
PHASE 3B,1417,1134400,1132,2847.8555864311916,1661.029025230977,3306.375718668153,725.8378447654802,728.7298927548899,174.16098111386742,0.19571428571428573,0.24571428571428572,0.0
PHASE 3B,1418,1135200,1132,2847.8555864311916,1661.029025230977,3306.375718668153,725.8378447654802,728.7298927548899,174.16098111386742,0.19571428571428573,0.24571428571428572,0.0
PHASE 3B,1419,1136000,1136,2845.019959039045,1661.029025230977,3306.375718668153,723.2035575838573,728.8534403385294,174.12037013959684,0.19571428571428573,0.24571428571428572,0.0
PHASE 3B,1420,1136800,1136,2845.019959039046,1661.029025230977,3306.375718668153,723.2035575838572,728.8534403385295,174.12037013959684,0.19571428571428573,0.24571428571428572,0.0
PHASE 3B,1421,1137600,1136,2845.019959039046,1661.029025230977,3306.375718668153,723.2035575838572,728.8534403385295,174.12037013959684,0.19571428571428573,0.24571428571428572,0.0
PHASE 3B,1422,1138400,1136,2845.019959039046,1661.029025230977,3306.375718668153,723.2035575838572,728.8534403385295,174.12037013959684,0.19571428571428573,0.24571428571428572,0.0
PHASE 3B,1423,1139200,1136,2845.019959039046,1661.029025230977,3306.375718668153,723.2035575838572,728.8534403385295,174.12037013959684,0.19571428571428573,0.24571428571428572,0.0
PHASE 3B,1424,1140000,1140,2837.891021198772,1661.029025230977,3306.375718668153,721.4215023748694,726.9683509421408,173.68764598523475,0.19571428571428573,0.24571428571428572,0.0
PHASE 3B,1425,1140800,1140,2837.891021198772,1661.029025230977,3306.375718668153,721.4215023748694,726.9683509421408,173.68764598523475,0.19571428571428573,0.24571428571428572,0.0
PHASE 3B,1426,1141600,1140,2837.891021198772,1661.029025230977,3306.375718668153,721.4215023748694,726.9683509421408,173.68764598523475,0.19571428571428573,0.24571428571428572,0.0
PHASE 3B,1427,1142400,1140,2837.891021198772,1661.029025230977,3306.375718668153,721.4215023748694,726.9683509421408,173.68764598523475,0.19571428571428573,0.24571428571428572,0.0
PHASE 3B,1428,1143200,1140,2837.891021198772,1661.029025230977,3306.375718668153,721.4215023748694,726.9683509421408,173.68764598523475,0.19571428571428573,0.24571428571428572,0.0
PHASE 3B,1429,1144000,1144,2834.647150565016,1661.029025230977,3306.375718668153,721.6894082335295,722.6471138838558,173.78882855596837,0.19571428571428573,0.24571428571428572,0.0
PHASE 3B,1430,1144800,1144,2834.647150565016,1661.029025230977,3306.375718668153,721.6894082335295,722.6471138838559,173.7888285559684,0.19571428571428573,0.24571428571428572,0.0
PHASE 3B,1431,1145600,1144,2834.647150565016,1661.029025230977,3306.375718668153,721.6894082335295,722.6471138838559,173.7888285559684,0.19571428571428573,0.24571428571428572,0.0
PHASE 3B,1432,1146400,1144,2834.647150565016,1661.029025230977,3306.375718668153,721.6894082335295,722.6471138838559,173.7888285559684,0.19571428571428573,0.24571428571428572,0.0
PHASE 3B,1433,1147200,1144,2834.647150565016,1661.029025230977,3306.375718668153,721.6894082335295,722.6471138838559,173.7888285559684,0.19571428571428573,0.24571428571428572,0.0
PHASE 3B,1434,1148000,1148,2824.648103883004,1661.029025230977,3306.375718668153,708.0126068672615,730.5829210796202,173.25657199202993,0.19571428571428573,0.24571428571428572,0.0
PHASE 3B,1435,1148800,1148,2824.648103883004,1661.029025230977,3306.375718668153,708.0126068672615,730.58292107962,173.25657199202993,0.19571428571428573,0.24571428571428572,0.0
PHASE 3B,1436,1149600,1148,2824.648103883004,1661.029025230977,3306.375718668153,708.0126068672615,730.58292107962,173.25657199202993,0.19571428571428573,0.24571428571428572,0.0
PHASE 3B,1437,1150400,1148,2824.648103883004,1661.029025230977,3306.375718668153,708.0126068672615,730.58292107962,173.25657199202993,0.19571428571428573,0.24571428571428572,0.0
PHASE 3B,1438,1151200,1148,2824.648103883004,1661.029025230977,3306.375718668153,708.0126068672615,730.58292107962,173.25657199202993,0.19571428571428573,0.24571428571428572,0.0
PHASE 3B,1439,1152000,1152,2821.409196733393,1661.029025230977,3306.375718668153,708.5488688086167,726.7200925894731,173.26752941692743,0.19571428571428573,0.24571428571428572,0.0
PHASE 3B,1440,1152800,1152,2821.409196733393,1661.029025230977,3306.375718668153,708.5488688086166,726.7200925894732,173.26752941692743,0.19571428571428573,0.24571428571428572,0.0
PHASE 3B,1441,1153600,1152,2821.409196733393,1661.029025230977,3306.375718668153,708.5488688086166,726.7200925894732,173.26752941692743,0.19571428571428573,0.24571428571428572,0.0
PHASE 3B,1442,1154400,1152,2821.409196733393,1661.029025230977,3306.375718668153,708.5488688086166,726.7200925894732,173.26752941692743,0.19571428571428573,0.24571428571428572,0.0
PHASE 3B,1443,1155200,1152,2821.409196733393,1661.029025230977,3306.375718668153,708.5488688086166,726.7200925894732,173.26752941692743,0.19571428571428573,0.24571428571428572,0.0
PHASE 3B,1444,1156000,1156,2807.9806532400307,1661.029025230977,3306.375718668153,702.8567890879855,725.3937733056208,172.46626135581752,0.19571428571428573,0.24571428571428572,0.0
PHASE 3B,1445,1156800,1156,2807.98065324003,1661.029025230977,3306.375718668153,702.8567890879857,725.3937733056207,172.46626135581752,0.19571428571428573,0.24571428571428572,0.0
PHASE 3B,1446,1157600,1156,2807.98065324003,1661.029025230977,3306.375718668153,702.8567890879857,725.3937733056207,172.46626135581752,0.19571428571428573,0.24571428571428572,0.0
PHASE 3B,1447,1158400,1156,2807.98065324003,1661.029025230977,3306.375718668153,702.8567890879857,725.3937733056207,172.46626135581752,0.19571428571428573,0.24571428571428572,0.0
PHASE 3B,1448,1159200,1156,2807.98065324003,1661.029025230977,3306.375718668153,702.8567890879857,725.3937733056207,172.46626135581752,0.19571428571428573,0.24571428571428572,0.0
PHASE 3B,1449,1160000,1160,2804.342874226135,1661.029025230977,3398.1861576962992,703.2093705742532,722.6595561823179,172.3092434337102,0.19571428571428573,0.24571428571428572,0.0
PHASE 3B,1450,1160800,1160,2804.3428742261353,1661.029025230977,3398.1861576962992,703.2093705742533,722.6595561823182,172.3092434337102,0.19571428571428573,0.24571428571428572,0.0
PHASE 3B,1451,1161600,1160,2804.3428742261353,1661.029025230977,3398.1861576962992,703.2093705742533,722.6595561823182,172.3092434337102,0.19571428571428573,0.24571428571428572,0.0
PHASE 3B,1452,1162400,1160,2804.3428742261353,1661.029025230977,3398.1861576962992,703.2093705742533,722.6595561823182,172.3092434337102,0.19571428571428573,0.24571428571428572,0.0
PHASE 3B,1453,1163200,1160,2804.3428742261353,1661.029025230977,3398.1861576962992,703.2093705742533,722.6595561823182,172.3092434337102,0.19571428571428573,0.24571428571428572,0.0
PHASE 3B,1454,1164000,1164,2822.9186844229316,1661.029025230977,3398.1861576962992,711.7330770762612,727.5707434945745,172.95185798152673,0.19571428571428573,0.24571428571428572,0.0
PHASE 3B,1455,1164800,1164,2822.918684422932,1661.029025230977,3398.1861576962992,711.7330770762611,727.5707434945745,172.95185798152673,0.19571428571428573,0.24571428571428572,0.0
PHASE 3B,1456,1165600,1164,2822.918684422932,1661.029025230977,3398.1861576962992,711.7330770762611,727.5707434945745,172.95185798152673,0.19571428571428573,0.24571428571428572,0.0
PHASE 3B,1457,1166400,1164,2822.918684422932,1661.029025230977,3398.1861576962992,711.7330770762611,727.5707434945745,172.95185798152673,0.19571428571428573,0.24571428571428572,0.0
PHASE 3B,1458,1167200,1164,2822.918684422932,1661.029025230977,3398.1861576962992,711.7330770762611,727.5707434945745,172.95185798152673,0.19571428571428573,0.24571428571428572,0.0
PHASE 3B,1459,1168000,1168,2831.202394934107,1661.029025230977,3398.1861576962992,713.8931914137501,731.7273270231699,173.19773456216302,0.19571428571428573,0.24571428571428572,0.0
PHASE 3B,1460,1168800,1168,2831.2023949341055,1661.029025230977,3398.1861576962992,713.8931914137501,731.7273270231698,173.19773456216302,0.19571428571428573,0.24571428571428572,0.0
PHASE 3B,1461,1169600,1168,2831.2023949341055,1661.029025230977,3398.1861576962992,713.8931914137501,731.7273270231698,173.19773456216302,0.19571428571428573,0.24571428571428572,0.0
PHASE 3B,1462,1170400,1168,2831.2023949341055,1661.029025230977,3398.1861576962992,713.8931914137501,731.7273270231698,173.19773456216302,0.19571428571428573,0.24571428571428572,0.0
PHASE 3B,1463,1171200,1168,2831.2023949341055,1661.029025230977,3398.1861576962992,713.8931914137501,731.7273270231698,173.19773456216302,0.19571428571428573,0.24571428571428572,0.0
PHASE 3B,1464,1172000,1172,2826.9112248667075,1661.029025230977,3398.1861576962992,712.3508276420373,729.4649264560003,173.13693384609857,0.19571428571428573,0.24571428571428572,0.0
PHASE 3B,1465,1172800,1172,2826.9112248667075,1661.029025230977,3398.1861576962992,712.3508276420372,729.4649264560004,173.13693384609863,0.19571428571428573,0.24571428571428572,0.0
PHASE 3B,1466,1173600,1172,2826.9112248667075,1661.029025230977,3398.1861576962992,712.3508276420372,729.4649264560004,173.13693384609863,0.19571428571428573,0.24571428571428572,0.0
PHASE 3B,1467,1174400,1172,2826.9112248667075,1661.029025230977,3398.1861576962992,712.3508276420372,729.4649264560004,173.13693384609863,0.19571428571428573,0.24571428571428572,0.0
PHASE 3B,1468,1175200,1172,2826.9112248667075,1661.029025230977,3398.1861576962992,712.3508276420372,729.4649264560004,173.13693384609863,0.19571428571428573,0.24571428571428572,0.0
PHASE 3B,1469,1176000,1176,2834.146852123508,1661.029025230977,3398.1861576962992,722.0786711727084,726.6244364931014,173.18046805722727,0.19571428571428573,0.24571428571428572,0.0
PHASE 3B,1470,1176800,1176,2834.146852123509,1661.029025230977,3398.1861576962992,722.0786711727087,726.6244364931014,173.18046805722727,0.19571428571428573,0.24571428571428572,0.0
PHASE 3B,1471,1177600,1176,2834.146852123509,1661.029025230977,3398.1861576962992,722.0786711727087,726.6244364931014,173.18046805722727,0.19571428571428573,0.24571428571428572,0.0
PHASE 3B,1472,1178400,1176,2834.146852123509,1661.029025230977,3398.1861576962992,722.0786711727087,726.6244364931014,173.18046805722727,0.19571428571428573,0.24571428571428572,0.0
PHASE 3B,1473,1179200,1176,2834.146852123509,1661.029025230977,3398.1861576962992,722.0786711727087,726.6244364931014,173.18046805722727,0.19571428571428573,0.24571428571428572,0.0
PHASE 3B,1474,1180000,1180,2826.126022878866,1661.029025230977,3398.1861576962992,720.9335442521439,723.6923341178976,172.68751806361797,0.19571428571428573,0.24571428571428572,0.0
PHASE 3B,1475,1180800,1180,2826.126022878866,1661.029025230977,3398.1861576962992,720.9335442521436,723.6923341178975,172.68751806361797,0.19571428571428573,0.24571428571428572,0.0
PHASE 3B,1476,1181600,1180,2826.126022878866,1661.029025230977,3398.1861576962992,720.9335442521436,723.6923341178975,172.68751806361797,0.19571428571428573,0.24571428571428572,0.0
PHASE 3B,1477,1182400,1180,2826.126022878866,1661.029025230977,3398.1861576962992,720.9335442521436,723.6923341178975,172.68751806361797,0.19571428571428573,0.24571428571428572,0.0
PHASE 3B,1478,1183200,1180,2826.126022878866,1661.029025230977,3398.1861576962992,720.9335442521436,723.6923341178975,172.68751806361797,0.19571428571428573,0.24571428571428572,0.0
PHASE 3B,1479,1184000,1184,2823.588376843721,1661.029025230977,3398.1861576962992,721.7562222968121,720.3260040538211,172.68826881165097,0.19571428571428573,0.24571428571428572,0.0
PHASE 3B,1480,1184800,1184,2823.58837684372,1661.029025230977,3398.1861576962992,721.7562222968121,720.3260040538211,172.68826881165097,0.19571428571428573,0.24571428571428572,0.0
PHASE 3B,1481,1185600,1184,2823.58837684372,1661.029025230977,3398.1861576962992,721.7562222968121,720.3260040538211,172.68826881165097,0.19571428571428573,0.24571428571428572,0.0
PHASE 3B,1482,1186400,1184,2823.58837684372,1661.029025230977,3398.1861576962992,721.7562222968121,720.3260040538211,172.68826881165097,0.19571428571428573,0.24571428571428572,0.0
PHASE 3B,1483,1187200,1184,2823.58837684372,1661.029025230977,3398.1861576962992,721.7562222968121,720.3260040538211,172.68826881165097,0.19571428571428573,0.24571428571428572,0.0
PHASE 3B,1484,1188000,1188,2827.765970040267,1661.029025230977,3398.1861576962992,726.0856113078538,719.7981111082677,172.73528095303342,0.19571428571428573,0.24571428571428572,0.0
PHASE 3B,1485,1188800,1188,2827.7659700402683,1661.029025230977,3398.1861576962992,726.0856113078537,719.7981111082678,172.73528095303342,0.19571428571428573,0.24571428571428572,0.0
PHASE 3B,1486,1189600,1188,2827.7659700402683,1661.029025230977,3398.1861576962992,726.0856113078537,719.7981111082678,172.73528095303342,0.19571428571428573,0.24571428571428572,0.0
PHASE 3B,1487,1190400,1188,2827.7659700402683,1661.029025230977,3398.1861576962992,726.0856113078537,719.7981111082678,172.73528095303342,0.19571428571428573,0.24571428571428572,0.0
PHASE 3B,1488,1191200,1188,2827.7659700402683,1661.029025230977,3398.1861576962992,726.0856113078537,719.7981111082678,172.73528095303342,0.19571428571428573,0.24571428571428572,0.0
PHASE 3B,1489,1192000,1192,2839.6145768818965,1661.029025230977,3398.1861576962992,729.9057581627739,728.3679927555,172.66760324546797,0.19571428571428573,0.24571428571428572,0.0
PHASE 3B,1490,1192800,1192,2839.6145768818965,1661.029025230977,3398.1861576962992,729.9057581627739,728.3679927555,172.66760324546797,0.19571428571428573,0.24571428571428572,0.0
PHASE 3B,1491,1193600,1192,2839.6145768818965,1661.029025230977,3398.1861576962992,729.9057581627739,728.3679927555,172.66760324546797,0.19571428571428573,0.24571428571428572,0.0
PHASE 3B,1492,1194400,1192,2839.6145768818965,1661.029025230977,3398.1861576962992,729.9057581627739,728.3679927555,172.66760324546797,0.19571428571428573,0.24571428571428572,0.0
PHASE 3B,1493,1195200,1192,2839.6145768818965,1661.029025230977,3398.1861576962992,729.9057581627739,728.3679927555,172.66760324546797,0.19571428571428573,0.24571428571428572,0.0
PHASE 3B,1494,1196000,1196,2840.671547578824,1661.029025230977,3398.1861576962992,734.12177210011,721.891683188057,173.08226153634735,0.19571428571428573,0.24571428571428572,0.0
PHASE 3B,1495,1196800,1196,2840.6715475788246,1661.029025230977,3398.1861576962992,734.1217721001101,721.8916831880567,173.08226153634735,0.19571428571428573,0.24571428571428572,0.0
PHASE 3B,1496,1197600,1196,2840.6715475788246,1661.029025230977,3398.1861576962992,734.1217721001101,721.8916831880567,173.08226153634735,0.19571428571428573,0.24571428571428572,0.0
PHASE 3B,1497,1198400,1196,2840.6715475788246,1661.029025230977,3398.1861576962992,734.1217721001101,721.8916831880567,173.08226153634735,0.19571428571428573,0.24571428571428572,0.0
PHASE 3B,1498,1199200,1196,2840.6715475788246,1661.029025230977,3398.1861576962992,734.1217721001101,721.8916831880567,173.08226153634735,0.19571428571428573,0.24571428571428572,0.0
PHASE 3B,1499,1200000,1200,2841.9336212331023,1661.029025230977,3398.1861576962992,732.9209128203713,722.3035561353214,173.33864403469138,0.19571428571428573,0.24571428571428572,0.0
