phase,iter,timesteps_total,episodes_total,episode_reward_mean,episode_reward_min,episode_reward_max,policy_reward_mean/p_top,policy_reward_mean/p_bottom,policy_reward_mean/a,mean_tax/p_top,mean_tax/p_bottom,social_welfare_coin_eq_times_prod
PHASE 1,0,800,0,,,,,,,0.0,0.0,0.0
PHASE 1,1,1600,0,,,,,,,0.0,0.0,0.0
PHASE 1,2,2400,0,,,,,,,0.0,0.0,0.0
PHASE 1,3,3200,0,,,,,,,0.0,0.0,0.0
PHASE 1,4,4000,4,173.2834029904125,-45.787431833769354,540.4733746118311,76.22500000000117,45.53750000000118,6.4401128738017235,0.0,0.0,0.0
PHASE 1,5,4800,4,173.2834029904125,-45.787431833769354,540.4733746118311,76.22500000000117,45.53750000000118,6.4401128738017235,0.0,0.0,0.0
PHASE 1,6,5600,4,173.2834029904125,-45.787431833769354,540.4733746118311,76.22500000000117,45.53750000000118,6.4401128738017235,0.0,0.0,0.0
PHASE 1,7,6400,4,173.2834029904125,-45.787431833769354,540.4733746118311,76.22500000000117,45.53750000000118,6.4401128738017235,0.0,0.0,0.0
PHASE 1,8,7200,4,173.2834029904125,-45.787431833769354,540.4733746118311,76.22500000000117,45.53750000000118,6.4401128738017235,0.0,0.0,0.0
PHASE 1,9,8000,8,124.52180159430424,-63.12373530636172,540.4733746118311,63.15000000000115,43.00416666666794,2.2959543659548123,0.0,0.0,0.0
PHASE 1,10,8800,8,124.52180159430424,-63.12373530636172,540.4733746118311,63.15000000000115,43.00416666666794,2.2959543659548127,0.0,0.0,0.0
PHASE 1,11,9600,8,124.52180159430424,-63.12373530636172,540.4733746118311,63.15000000000115,43.00416666666794,2.2959543659548127,0.0,0.0,0.0
PHASE 1,12,10400,8,124.52180159430424,-63.12373530636172,540.4733746118311,63.15000000000115,43.00416666666794,2.2959543659548127,0.0,0.0,0.0
PHASE 1,13,11200,8,124.52180159430424,-63.12373530636172,540.4733746118311,63.15000000000115,43.00416666666794,2.2959543659548127,0.0,0.0,0.0
PHASE 1,14,12000,12,191.3674938397796,-63.12373530636172,540.4733746118311,74.69027777777892,55.42500000000117,7.65652700775058,0.0,0.0,0.0
PHASE 1,15,12800,12,191.3674938397796,-63.12373530636172,540.4733746118311,74.69027777777892,55.425000000001155,7.656527007750582,0.0,0.0,0.0
PHASE 1,16,13600,12,191.3674938397796,-63.12373530636172,540.4733746118311,74.69027777777892,55.425000000001155,7.656527007750582,0.0,0.0,0.0
PHASE 1,17,14400,12,191.3674938397796,-63.12373530636172,540.4733746118311,74.69027777777892,55.425000000001155,7.656527007750582,0.0,0.0,0.0
PHASE 1,18,15200,12,191.3674938397796,-63.12373530636172,540.4733746118311,74.69027777777892,55.425000000001155,7.656527007750582,0.0,0.0,0.0
PHASE 1,19,16000,16,248.71258017180315,-63.12373530636172,554.7053166390992,85.55312500000112,67.80937500000113,11.918760021476048,0.0,0.0,0.0
PHASE 1,20,16800,16,248.71258017180315,-63.12373530636172,554.7053166390992,85.55312500000112,67.80937500000113,11.918760021476048,0.0,0.0,0.0
PHASE 1,21,17600,16,248.71258017180315,-63.12373530636172,554.7053166390992,85.55312500000112,67.80937500000113,11.918760021476048,0.0,0.0,0.0
PHASE 1,22,18400,16,248.71258017180315,-63.12373530636172,554.7053166390992,85.55312500000112,67.80937500000113,11.918760021476048,0.0,0.0,0.0
PHASE 1,23,19200,16,248.71258017180315,-63.12373530636172,554.7053166390992,85.55312500000112,67.80937500000113,11.918760021476048,0.0,0.0,0.0
PHASE 1,24,20000,20,291.343413677003,-63.12373530636172,582.506159636383,88.1825000000011,82.27000000000105,15.111364209626245,0.0,0.0,0.0
PHASE 1,25,20800,20,291.343413677003,-63.12373530636172,582.506159636383,88.18250000000108,82.27000000000105,15.111364209626242,0.0,0.0,0.0
PHASE 1,26,21600,20,291.343413677003,-63.12373530636172,582.506159636383,88.18250000000108,82.27000000000105,15.111364209626242,0.0,0.0,0.0
PHASE 1,27,22400,20,291.343413677003,-63.12373530636172,582.506159636383,88.18250000000108,82.27000000000105,15.111364209626242,0.0,0.0,0.0
PHASE 1,28,23200,20,291.343413677003,-63.12373530636172,582.506159636383,88.18250000000108,82.27000000000105,15.111364209626242,0.0,0.0,0.0
PHASE 1,29,24000,24,342.7573912619764,-63.12373530636172,672.5918435467246,100.36319444444548,88.9909722222233,19.175403074413982,0.0,0.0,0.0
PHASE 1,30,24800,24,342.7573912619764,-63.12373530636172,672.5918435467246,100.36319444444548,88.9909722222233,19.175403074413982,0.0,0.0,0.0
PHASE 1,31,25600,24,342.7573912619764,-63.12373530636172,672.5918435467246,100.36319444444548,88.9909722222233,19.175403074413982,0.0,0.0,0.0
PHASE 1,32,26400,24,342.7573912619764,-63.12373530636172,672.5918435467246,100.36319444444548,88.9909722222233,19.175403074413982,0.0,0.0,0.0
PHASE 1,33,27200,24,342.7573912619764,-63.12373530636172,672.5918435467246,100.36319444444548,88.9909722222233,19.175403074413982,0.0,0.0,0.0
PHASE 1,34,28000,28,361.8087620521174,-63.12373530636172,672.5918435467246,105.37797619047724,88.98988095238204,20.93011311365778,0.0,0.0,0.0
PHASE 1,35,28800,28,361.80876205211734,-63.12373530636172,672.5918435467246,105.37797619047724,88.98988095238204,20.93011311365778,0.0,0.0,0.0
PHASE 1,36,29600,28,361.80876205211734,-63.12373530636172,672.5918435467246,105.37797619047724,88.98988095238204,20.93011311365778,0.0,0.0,0.0
PHASE 1,37,30400,28,361.80876205211734,-63.12373530636172,672.5918435467246,105.37797619047724,88.98988095238204,20.93011311365778,0.0,0.0,0.0
PHASE 1,38,31200,28,361.80876205211734,-63.12373530636172,672.5918435467246,105.37797619047724,88.98988095238204,20.93011311365778,0.0,0.0,0.0
PHASE 1,39,32000,32,364.3066905782674,-63.12373530636172,672.5918435467246,103.3208333333344,89.76875000000109,21.40213840561703,0.0,0.0,0.0
PHASE 1,40,32800,32,364.3066905782674,-63.12373530636172,672.5918435467246,103.3208333333344,89.76875000000109,21.40213840561703,0.0,0.0,0.0
PHASE 1,41,33600,32,364.3066905782674,-63.12373530636172,672.5918435467246,103.3208333333344,89.76875000000109,21.40213840561703,0.0,0.0,0.0
PHASE 1,42,34400,32,364.3066905782674,-63.12373530636172,672.5918435467246,103.3208333333344,89.76875000000109,21.40213840561703,0.0,0.0,0.0
PHASE 1,43,35200,32,364.3066905782674,-63.12373530636172,672.5918435467246,103.3208333333344,89.76875000000109,21.40213840561703,0.0,0.0,0.0
PHASE 1,44,36000,36,367.14853889242295,-63.12373530636172,672.5918435467246,103.25416666666773,89.91388888888997,21.747560417108716,0.0,0.0,0.0
PHASE 1,45,36800,36,367.14853889242295,-63.12373530636172,672.5918435467246,103.25416666666774,89.91388888888997,21.747560417108716,0.0,0.0,0.0
PHASE 1,46,37600,36,367.14853889242295,-63.12373530636172,672.5918435467246,103.25416666666774,89.91388888888997,21.747560417108716,0.0,0.0,0.0
PHASE 1,47,38400,36,367.14853889242295,-63.12373530636172,672.5918435467246,103.25416666666774,89.91388888888997,21.747560417108716,0.0,0.0,0.0
PHASE 1,48,39200,36,367.14853889242295,-63.12373530636172,672.5918435467246,103.25416666666774,89.91388888888997,21.747560417108716,0.0,0.0,0.0
PHASE 1,49,40000,40,370.52004935277205,-63.12373530636172,672.5918435467246,103.87875000000106,91.27791666666769,21.920422835763524,0.0,0.0,0.0
PHASE 1,50,40800,40,370.52004935277205,-63.12373530636172,672.5918435467246,103.87875000000106,91.27791666666769,21.920422835763524,0.0,0.0,0.0
PHASE 1,51,41600,40,370.52004935277205,-63.12373530636172,672.5918435467246,103.87875000000106,91.27791666666769,21.920422835763524,0.0,0.0,0.0
PHASE 1,52,42400,40,370.52004935277205,-63.12373530636172,672.5918435467246,103.87875000000106,91.27791666666769,21.920422835763524,0.0,0.0,0.0
PHASE 1,53,43200,40,370.52004935277205,-63.12373530636172,672.5918435467246,103.87875000000106,91.27791666666769,21.920422835763524,0.0,0.0,0.0
PHASE 1,54,44000,44,391.7453341922555,-63.12373530636172,739.7802668375771,108.86212121212229,93.45000000000105,23.67915162251709,0.0,0.0,0.0
PHASE 1,55,44800,44,391.74533419225554,-63.12373530636172,739.7802668375771,108.86212121212226,93.45000000000105,23.679151622517097,0.0,0.0,0.0
PHASE 1,56,45600,44,391.74533419225554,-63.12373530636172,739.7802668375771,108.86212121212226,93.45000000000105,23.679151622517097,0.0,0.0,0.0
PHASE 1,57,46400,44,391.74533419225554,-63.12373530636172,739.7802668375771,108.86212121212226,93.45000000000105,23.679151622517097,0.0,0.0,0.0
PHASE 1,58,47200,44,391.74533419225554,-63.12373530636172,739.7802668375771,108.86212121212226,93.45000000000105,23.679151622517097,0.0,0.0,0.0
PHASE 1,59,48000,48,402.3433151199767,-63.12373530636172,739.7802668375771,110.48541666666775,96.2708333333344,24.448383139997258,0.0,0.0,0.0
PHASE 1,60,48800,48,402.3433151199767,-63.12373530636172,739.7802668375771,110.48541666666773,96.2708333333344,24.448383139997258,0.0,0.0,0.0
PHASE 1,61,49600,48,402.3433151199767,-63.12373530636172,739.7802668375771,110.48541666666773,96.2708333333344,24.448383139997258,0.0,0.0,0.0
PHASE 1,62,50400,48,402.3433151199767,-63.12373530636172,739.7802668375771,110.48541666666773,96.2708333333344,24.448383139997258,0.0,0.0,0.0
PHASE 1,63,51200,48,402.3433151199767,-63.12373530636172,739.7802668375771,110.48541666666773,96.2708333333344,24.448383139997258,0.0,0.0,0.0
PHASE 1,64,52000,52,397.6642455956772,-63.12373530636172,739.7802668375771,110.69326923077027,95.35769230769337,23.951660507152035,0.0,0.0,0.0
PHASE 1,65,52800,52,397.6642455956771,-63.12373530636172,739.7802668375771,110.69326923077028,95.35769230769338,23.951660507152035,0.0,0.0,0.0
PHASE 1,66,53600,52,397.6642455956771,-63.12373530636172,739.7802668375771,110.69326923077028,95.35769230769338,23.951660507152035,0.0,0.0,0.0
PHASE 1,67,54400,52,397.6642455956771,-63.12373530636172,739.7802668375771,110.69326923077028,95.35769230769338,23.951660507152035,0.0,0.0,0.0
PHASE 1,68,55200,52,397.6642455956771,-63.12373530636172,739.7802668375771,110.69326923077028,95.35769230769338,23.951660507152035,0.0,0.0,0.0
PHASE 1,69,56000,56,401.8678170611766,-63.12373530636172,837.7652201630112,111.89255952381056,96.7410714285725,24.1542732635994,0.0,0.0,0.0
PHASE 1,70,56800,56,401.8678170611766,-63.12373530636172,837.7652201630112,111.89255952381056,96.7410714285725,24.154273263599404,0.0,0.0,0.0
PHASE 1,71,57600,56,401.8678170611766,-63.12373530636172,837.7652201630112,111.89255952381056,96.7410714285725,24.154273263599404,0.0,0.0,0.0
PHASE 1,72,58400,56,401.8678170611766,-63.12373530636172,837.7652201630112,111.89255952381056,96.7410714285725,24.154273263599404,0.0,0.0,0.0
PHASE 1,73,59200,56,401.8678170611766,-63.12373530636172,837.7652201630112,111.89255952381056,96.7410714285725,24.154273263599404,0.0,0.0,0.0
PHASE 1,74,60000,60,409.99592046438516,-63.12373530636172,842.1067902749377,113.9191666666677,97.61305555555666,24.80796228027017,0.0,0.0,0.0
PHASE 1,75,60800,60,409.9959204643852,-63.12373530636172,842.1067902749377,113.9191666666677,97.61305555555664,24.80796228027017,0.0,0.0,0.0
PHASE 1,76,61600,60,409.9959204643852,-63.12373530636172,842.1067902749377,113.9191666666677,97.61305555555664,24.80796228027017,0.0,0.0,0.0
PHASE 1,77,62400,60,409.9959204643852,-63.12373530636172,842.1067902749377,113.9191666666677,97.61305555555664,24.80796228027017,0.0,0.0,0.0
PHASE 1,78,63200,60,409.9959204643852,-63.12373530636172,842.1067902749377,113.9191666666677,97.61305555555664,24.80796228027017,0.0,0.0,0.0
PHASE 1,79,64000,64,421.76686411340813,-63.12373530636172,842.1067902749377,117.24609375000104,98.30755208333443,25.77665228500909,0.0,0.0,0.0
PHASE 1,80,64800,64,421.76686411340813,-63.12373530636172,842.1067902749377,117.24609375000104,98.30755208333443,25.776652285009085,0.0,0.0,0.0
PHASE 1,81,65600,64,421.76686411340813,-63.12373530636172,842.1067902749377,117.24609375000104,98.30755208333443,25.776652285009085,0.0,0.0,0.0
PHASE 1,82,66400,64,421.76686411340813,-63.12373530636172,842.1067902749377,117.24609375000104,98.30755208333443,25.776652285009085,0.0,0.0,0.0
PHASE 1,83,67200,64,421.76686411340813,-63.12373530636172,842.1067902749377,117.24609375000104,98.30755208333443,25.776652285009085,0.0,0.0,0.0
PHASE 1,84,68000,68,421.3983836193894,-63.12373530636172,842.1067902749377,116.45759803921675,97.63970588235404,25.912634962227326,0.0,0.0,0.0
PHASE 1,85,68800,68,421.39838361938945,-63.12373530636172,842.1067902749377,116.45759803921673,97.63970588235406,25.91263496222733,0.0,0.0,0.0
PHASE 1,86,69600,68,421.39838361938945,-63.12373530636172,842.1067902749377,116.45759803921673,97.63970588235406,25.91263496222733,0.0,0.0,0.0
PHASE 1,87,70400,68,421.39838361938945,-63.12373530636172,842.1067902749377,116.45759803921673,97.63970588235406,25.91263496222733,0.0,0.0,0.0
PHASE 1,88,71200,68,421.39838361938945,-63.12373530636172,842.1067902749377,116.45759803921673,97.63970588235406,25.91263496222733,0.0,0.0,0.0
PHASE 1,89,72000,72,436.2644752633984,-63.12373530636172,975.2181166449775,117.83101851851958,101.02638888889001,27.17588348199845,0.0,0.0,0.0
PHASE 1,90,72800,72,436.2644752633984,-63.12373530636172,975.2181166449775,117.83101851851958,101.02638888889001,27.17588348199845,0.0,0.0,0.0
PHASE 1,91,73600,72,436.2644752633984,-63.12373530636172,975.2181166449775,117.83101851851958,101.02638888889001,27.17588348199845,0.0,0.0,0.0
PHASE 1,92,74400,72,436.2644752633984,-63.12373530636172,975.2181166449775,117.83101851851958,101.02638888889001,27.17588348199845,0.0,0.0,0.0
PHASE 1,93,75200,72,436.2644752633984,-63.12373530636172,975.2181166449775,117.83101851851958,101.02638888889001,27.17588348199845,0.0,0.0,0.0
PHASE 1,94,76000,76,442.8691864837646,-63.12373530636172,975.2181166449775,118.41710526315893,101.80197368421166,27.831263442049032,0.0,0.0,0.0
PHASE 1,95,76800,76,442.8691864837645,-63.12373530636172,975.2181166449775,118.41710526315896,101.80197368421165,27.83126344204904,0.0,0.0,0.0
PHASE 1,96,77600,76,442.8691864837645,-63.12373530636172,975.2181166449775,118.41710526315896,101.80197368421165,27.83126344204904,0.0,0.0,0.0
PHASE 1,97,78400,76,442.8691864837645,-63.12373530636172,975.2181166449775,118.41710526315896,101.80197368421165,27.83126344204904,0.0,0.0,0.0
PHASE 1,98,79200,76,442.8691864837645,-63.12373530636172,975.2181166449775,118.41710526315896,101.80197368421165,27.83126344204904,0.0,0.0,0.0
PHASE 1,99,80000,80,461.97761386755326,-63.12373530636172,1016.0769641243756,121.67062500000107,106.01020833333446,29.2870975667768,0.0,0.0,0.0
PHASE 1,100,80800,80,461.97761386755326,-63.12373530636172,1016.0769641243756,121.67062500000107,106.01020833333446,29.2870975667768,0.0,0.0,0.0
PHASE 1,101,81600,80,461.97761386755326,-63.12373530636172,1016.0769641243756,121.67062500000107,106.01020833333446,29.2870975667768,0.0,0.0,0.0
PHASE 1,102,82400,80,461.97761386755326,-63.12373530636172,1016.0769641243756,121.67062500000107,106.01020833333446,29.2870975667768,0.0,0.0,0.0
PHASE 1,103,83200,80,461.97761386755326,-63.12373530636172,1016.0769641243756,121.67062500000107,106.01020833333446,29.2870975667768,0.0,0.0,0.0
PHASE 1,104,84000,84,473.9384595564342,-63.12373530636172,1016.0769641243756,122.64365079365184,109.63988095238207,30.206865976299497,0.0,0.0,0.0
PHASE 1,105,84800,84,473.93845955643434,-63.12373530636172,1016.0769641243756,122.64365079365189,109.63988095238206,30.2068659762995,0.0,0.0,0.0
PHASE 1,106,85600,84,473.93845955643434,-63.12373530636172,1016.0769641243756,122.64365079365189,109.63988095238206,30.2068659762995,0.0,0.0,0.0
PHASE 1,107,86400,84,473.93845955643434,-63.12373530636172,1016.0769641243756,122.64365079365189,109.63988095238206,30.2068659762995,0.0,0.0,0.0
PHASE 1,108,87200,84,473.93845955643434,-63.12373530636172,1016.0769641243756,122.64365079365189,109.63988095238206,30.2068659762995,0.0,0.0,0.0
PHASE 1,109,88000,88,482.7869855438258,-63.12373530636172,1016.0769641243756,122.00587121212233,112.9941287878799,30.973373192977338,0.0,0.0,0.0
PHASE 1,110,88800,88,482.7869855438258,-63.12373530636172,1016.0769641243756,122.00587121212233,112.9941287878799,30.973373192977338,0.0,0.0,0.0
PHASE 1,111,89600,88,482.7869855438258,-63.12373530636172,1016.0769641243756,122.00587121212233,112.9941287878799,30.973373192977338,0.0,0.0,0.0
PHASE 1,112,90400,88,482.7869855438258,-63.12373530636172,1016.0769641243756,122.00587121212233,112.9941287878799,30.973373192977338,0.0,0.0,0.0
PHASE 1,113,91200,88,482.7869855438258,-63.12373530636172,1016.0769641243756,122.00587121212233,112.9941287878799,30.973373192977338,0.0,0.0,0.0
PHASE 1,114,92000,92,493.54339033062064,-63.12373530636172,1016.0769641243756,123.36376811594312,115.12264492753735,31.882122160891857,0.0,0.0,0.0
PHASE 1,115,92800,92,493.54339033062064,-63.12373530636172,1016.0769641243756,123.36376811594315,115.12264492753735,31.882122160891857,0.0,0.0,0.0
PHASE 1,116,93600,92,493.54339033062064,-63.12373530636172,1016.0769641243756,123.36376811594315,115.12264492753735,31.882122160891857,0.0,0.0,0.0
PHASE 1,117,94400,92,493.54339033062064,-63.12373530636172,1016.0769641243756,123.36376811594315,115.12264492753735,31.882122160891857,0.0,0.0,0.0
PHASE 1,118,95200,92,493.54339033062064,-63.12373530636172,1016.0769641243756,123.36376811594315,115.12264492753735,31.882122160891857,0.0,0.0,0.0
PHASE 1,119,96000,96,500.97489830005253,-63.12373530636172,1016.0769641243756,123.25520833333447,117.25815972222335,32.55769128056116,0.0,0.0,0.0
PHASE 1,120,96800,96,500.97489830005253,-63.12373530636172,1016.0769641243756,123.25520833333445,117.25815972222335,32.55769128056116,0.0,0.0,0.0
PHASE 1,121,97600,96,500.97489830005253,-63.12373530636172,1016.0769641243756,123.25520833333445,117.25815972222335,32.55769128056116,0.0,0.0,0.0
PHASE 1,122,98400,96,500.97489830005253,-63.12373530636172,1016.0769641243756,123.25520833333445,117.25815972222335,32.55769128056116,0.0,0.0,0.0
PHASE 1,123,99200,96,500.97489830005253,-63.12373530636172,1016.0769641243756,123.25520833333445,117.25815972222335,32.55769128056116,0.0,0.0,0.0
PHASE 1,124,100000,100,497.85526477054015,-63.12373530636172,1016.0769641243756,123.17633333333443,115.67400000000114,32.3756164296499,0.0,0.0,0.0
PHASE 1,125,100800,100,497.85526477054026,-63.12373530636172,1016.0769641243756,123.17633333333445,115.67400000000114,32.3756164296499,0.0,0.0,0.0
PHASE 1,126,101600,100,497.85526477054026,-63.12373530636172,1016.0769641243756,123.17633333333445,115.67400000000114,32.3756164296499,0.0,0.0,0.0
PHASE 1,127,102400,100,497.85526477054026,-63.12373530636172,1016.0769641243756,123.17633333333445,115.67400000000114,32.3756164296499,0.0,0.0,0.0
PHASE 1,128,103200,100,497.85526477054026,-63.12373530636172,1016.0769641243756,123.17633333333445,115.67400000000114,32.3756164296499,0.0,0.0,0.0
PHASE 1,129,104000,104,509.65536533817664,-63.12373530636172,1016.0769641243756,124.79316666666782,117.49200000000116,33.42127483393777,0.0,0.0,0.0
PHASE 1,130,104800,104,509.65536533817664,-63.12373530636172,1016.0769641243756,124.79316666666777,117.49200000000117,33.42127483393778,0.0,0.0,0.0
PHASE 1,131,105600,104,509.65536533817664,-63.12373530636172,1016.0769641243756,124.79316666666777,117.49200000000117,33.42127483393778,0.0,0.0,0.0
PHASE 1,132,106400,104,509.65536533817664,-63.12373530636172,1016.0769641243756,124.79316666666777,117.49200000000117,33.42127483393778,0.0,0.0,0.0
PHASE 1,133,107200,104,509.65536533817664,-63.12373530636172,1016.0769641243756,124.79316666666777,117.49200000000117,33.42127483393778,0.0,0.0,0.0
PHASE 1,134,108000,108,530.8211772737558,16.799041250765804,1016.0769641243756,127.1111666666678,122.47866666666782,35.15391799255181,0.0,0.0,0.0
PHASE 1,135,108800,108,530.8211772737557,16.799041250765804,1016.0769641243756,127.1111666666678,122.47866666666779,35.15391799255181,0.0,0.0,0.0
PHASE 1,136,109600,108,530.8211772737557,16.799041250765804,1016.0769641243756,127.1111666666678,122.47866666666779,35.15391799255181,0.0,0.0,0.0
PHASE 1,137,110400,108,530.8211772737557,16.799041250765804,1016.0769641243756,127.1111666666678,122.47866666666779,35.15391799255181,0.0,0.0,0.0
PHASE 1,138,111200,108,530.8211772737557,16.799041250765804,1016.0769641243756,127.1111666666678,122.47866666666779,35.15391799255181,0.0,0.0,0.0
PHASE 1,139,112000,112,544.9164998404042,16.799041250765804,1016.0769641243756,129.30050000000114,124.8603333333345,36.34445831338278,0.0,0.0,0.0
PHASE 1,140,112800,112,544.9164998404043,16.799041250765804,1016.0769641243756,129.30050000000114,124.8603333333345,36.34445831338278,0.0,0.0,0.0
PHASE 1,141,113600,112,544.9164998404043,16.799041250765804,1016.0769641243756,129.30050000000114,124.8603333333345,36.34445831338278,0.0,0.0,0.0
PHASE 1,142,114400,112,544.9164998404043,16.799041250765804,1016.0769641243756,129.30050000000114,124.8603333333345,36.34445831338278,0.0,0.0,0.0
PHASE 1,143,115200,112,544.9164998404043,16.799041250765804,1016.0769641243756,129.30050000000114,124.8603333333345,36.34445831338278,0.0,0.0,0.0
PHASE 1,144,116000,116,547.0217874293094,16.799041250765804,1016.0769641243756,129.18433333333448,124.49450000000121,36.66786926199584,0.0,0.0,0.0
PHASE 1,145,116800,116,547.0217874293094,16.799041250765804,1016.0769641243756,129.1843333333345,124.49450000000122,36.66786926199584,0.0,0.0,0.0
PHASE 1,146,117600,116,547.0217874293094,16.799041250765804,1016.0769641243756,129.1843333333345,124.49450000000122,36.66786926199584,0.0,0.0,0.0
PHASE 1,147,118400,116,547.0217874293094,16.799041250765804,1016.0769641243756,129.1843333333345,124.49450000000122,36.66786926199584,0.0,0.0,0.0
PHASE 1,148,119200,116,547.0217874293094,16.799041250765804,1016.0769641243756,129.1843333333345,124.49450000000122,36.66786926199584,0.0,0.0,0.0
PHASE 1,149,120000,120,532.1016295736728,16.799041250765804,1016.0769641243756,126.6056666666679,119.72016666666795,35.7219745300412,0.0,0.0,0.0
PHASE 1,150,120800,120,532.1016295736727,16.799041250765804,1016.0769641243756,126.6056666666679,119.72016666666792,35.721974530041194,0.0,0.0,0.0
PHASE 1,151,121600,120,532.1016295736727,16.799041250765804,1016.0769641243756,126.6056666666679,119.72016666666792,35.721974530041194,0.0,0.0,0.0
PHASE 1,152,122400,120,532.1016295736727,16.799041250765804,1016.0769641243756,126.6056666666679,119.72016666666792,35.721974530041194,0.0,0.0,0.0
PHASE 1,153,123200,120,532.1016295736727,16.799041250765804,1016.0769641243756,126.6056666666679,119.72016666666792,35.721974530041194,0.0,0.0,0.0
PHASE 1,154,124000,124,513.6239437892134,-34.14091354509648,1016.0769641243756,121.02700000000128,116.47250000000129,34.515555473650565,0.0,0.0,0.0
PHASE 1,155,124800,124,513.6239437892134,-34.14091354509648,1016.0769641243756,121.02700000000127,116.4725000000013,34.515555473650565,0.0,0.0,0.0
PHASE 1,156,125600,124,513.6239437892134,-34.14091354509648,1016.0769641243756,121.02700000000127,116.4725000000013,34.515555473650565,0.0,0.0,0.0
PHASE 1,157,126400,124,513.6239437892134,-34.14091354509648,1016.0769641243756,121.02700000000127,116.4725000000013,34.515555473650565,0.0,0.0,0.0
PHASE 1,158,127200,124,513.6239437892134,-34.14091354509648,1016.0769641243756,121.02700000000127,116.4725000000013,34.515555473650565,0.0,0.0,0.0
PHASE 1,159,128000,128,498.44985692947836,-34.14091354509648,1016.0769641243756,116.37133333333465,113.92066666666804,33.51973211618366,0.0,0.0,0.0
PHASE 1,160,128800,128,498.4498569294784,-34.14091354509648,1016.0769641243756,116.37133333333465,113.92066666666804,33.51973211618366,0.0,0.0,0.0
PHASE 1,161,129600,128,498.4498569294784,-34.14091354509648,1016.0769641243756,116.37133333333465,113.92066666666804,33.51973211618366,0.0,0.0,0.0
PHASE 1,162,130400,128,498.4498569294784,-34.14091354509648,1016.0769641243756,116.37133333333465,113.92066666666804,33.51973211618366,0.0,0.0,0.0
PHASE 1,163,131200,128,498.4498569294784,-34.14091354509648,1016.0769641243756,116.37133333333465,113.92066666666804,33.51973211618366,0.0,0.0,0.0
PHASE 1,164,132000,132,498.18441120964036,-34.14091354509648,1016.0769641243756,115.272166666668,113.16533333333473,33.718363901203965,0.0,0.0,0.0
PHASE 1,165,132800,132,498.18441120964036,-34.14091354509648,1016.0769641243756,115.27216666666801,113.16533333333474,33.718363901203965,0.0,0.0,0.0
PHASE 1,166,133600,132,498.18441120964036,-34.14091354509648,1016.0769641243756,115.27216666666801,113.16533333333474,33.718363901203965,0.0,0.0,0.0
PHASE 1,167,134400,132,498.18441120964036,-34.14091354509648,1016.0769641243756,115.27216666666801,113.16533333333474,33.718363901203965,0.0,0.0,0.0
PHASE 1,168,135200,132,498.18441120964036,-34.14091354509648,1016.0769641243756,115.27216666666801,113.16533333333474,33.718363901203965,0.0,0.0,0.0
PHASE 1,169,136000,136,508.9192633933842,-34.14091354509648,1016.0769641243756,117.74966666666802,114.29966666666809,34.6087412575052,0.0,0.0,0.0
PHASE 1,170,136800,136,508.9192633933842,-34.14091354509648,1016.0769641243756,117.749666666668,114.29966666666806,34.6087412575052,0.0,0.0,0.0
PHASE 1,171,137600,136,508.9192633933842,-34.14091354509648,1016.0769641243756,117.749666666668,114.29966666666806,34.6087412575052,0.0,0.0,0.0
PHASE 1,172,138400,136,508.9192633933842,-34.14091354509648,1016.0769641243756,117.749666666668,114.29966666666806,34.6087412575052,0.0,0.0,0.0
PHASE 1,173,139200,136,508.9192633933842,-34.14091354509648,1016.0769641243756,117.749666666668,114.29966666666806,34.6087412575052,0.0,0.0,0.0
PHASE 1,174,140000,140,514.1622764396589,-34.14091354509648,1016.0769641243756,117.11333333333468,115.45250000000142,35.1995553882895,0.0,0.0,0.0
PHASE 1,175,140800,140,514.162276439659,-34.14091354509648,1016.0769641243756,117.11333333333471,115.45250000000144,35.1995553882895,0.0,0.0,0.0
PHASE 1,176,141600,140,514.162276439659,-34.14091354509648,1016.0769641243756,117.11333333333471,115.45250000000144,35.1995553882895,0.0,0.0,0.0
PHASE 1,177,142400,140,514.162276439659,-34.14091354509648,1016.0769641243756,117.11333333333471,115.45250000000144,35.1995553882895,0.0,0.0,0.0
PHASE 1,178,143200,140,514.162276439659,-34.14091354509648,1016.0769641243756,117.11333333333471,115.45250000000144,35.1995553882895,0.0,0.0,0.0
PHASE 1,179,144000,144,514.9553104387594,-34.14091354509648,1016.0769641243756,115.50100000000138,116.72616666666812,35.34101797151035,0.0,0.0,0.0
PHASE 1,180,144800,144,514.9553104387593,-34.14091354509648,1016.0769641243756,115.5010000000014,116.72616666666812,35.341017971510354,0.0,0.0,0.0
PHASE 1,181,145600,144,514.9553104387593,-34.14091354509648,1016.0769641243756,115.5010000000014,116.72616666666812,35.341017971510354,0.0,0.0,0.0
PHASE 1,182,146400,144,514.9553104387593,-34.14091354509648,1016.0769641243756,115.5010000000014,116.72616666666812,35.341017971510354,0.0,0.0,0.0
PHASE 1,183,147200,144,514.9553104387593,-34.14091354509648,1016.0769641243756,115.5010000000014,116.72616666666812,35.341017971510354,0.0,0.0,0.0
PHASE 1,184,148000,148,518.5789962659926,-34.14091354509648,1016.0769641243756,116.18966666666806,116.60366666666812,35.72320786658122,0.0,0.0,0.0
PHASE 1,185,148800,148,518.5789962659928,-34.14091354509648,1016.0769641243756,116.18966666666807,116.60366666666812,35.72320786658122,0.0,0.0,0.0
PHASE 1,186,149600,148,518.5789962659928,-34.14091354509648,1016.0769641243756,116.18966666666807,116.60366666666812,35.72320786658122,0.0,0.0,0.0
PHASE 1,187,150400,148,518.5789962659928,-34.14091354509648,1016.0769641243756,116.18966666666807,116.60366666666812,35.72320786658122,0.0,0.0,0.0
PHASE 1,188,151200,148,518.5789962659928,-34.14091354509648,1016.0769641243756,116.18966666666807,116.60366666666812,35.72320786658122,0.0,0.0,0.0
PHASE 1,189,152000,152,525.2262349996712,-34.14091354509648,1016.0769641243756,115.57466666666811,117.65833333333481,36.49915437495776,0.0,0.0,0.0
PHASE 1,190,152800,152,525.2262349996712,-34.14091354509648,1016.0769641243756,115.5746666666681,117.65833333333481,36.49915437495776,0.0,0.0,0.0
PHASE 1,191,153600,152,525.2262349996712,-34.14091354509648,1016.0769641243756,115.5746666666681,117.65833333333481,36.49915437495776,0.0,0.0,0.0
PHASE 1,192,154400,152,525.2262349996712,-34.14091354509648,1016.0769641243756,115.5746666666681,117.65833333333481,36.49915437495776,0.0,0.0,0.0
PHASE 1,193,155200,152,525.2262349996712,-34.14091354509648,1016.0769641243756,115.5746666666681,117.65833333333481,36.49915437495776,0.0,0.0,0.0
PHASE 1,194,156000,156,536.0518559780483,-34.14091354509648,1016.0769641243756,115.32883333333479,120.52383333333482,37.52489866392154,0.0,0.0,0.0
PHASE 1,195,156800,156,536.0518559780483,-34.14091354509648,1016.0769641243756,115.32883333333477,120.5238333333348,37.52489866392154,0.0,0.0,0.0
PHASE 1,196,157600,156,536.0518559780483,-34.14091354509648,1016.0769641243756,115.32883333333477,120.5238333333348,37.52489866392154,0.0,0.0,0.0
PHASE 1,197,158400,156,536.0518559780483,-34.14091354509648,1016.0769641243756,115.32883333333477,120.5238333333348,37.52489866392154,0.0,0.0,0.0
PHASE 1,198,159200,156,536.0518559780483,-34.14091354509648,1016.0769641243756,115.32883333333477,120.5238333333348,37.52489866392154,0.0,0.0,0.0
PHASE 1,199,160000,160,545.2132366309523,-34.14091354509648,1016.0769641243756,115.59266666666812,123.71466666666812,38.23823791220122,0.0,0.0,0.0
PHASE 1,200,160800,160,545.2132366309523,-34.14091354509648,1016.0769641243756,115.5926666666681,123.71466666666817,38.23823791220122,0.0,0.0,0.0
PHASE 1,201,161600,160,545.2132366309523,-34.14091354509648,1016.0769641243756,115.5926666666681,123.71466666666817,38.23823791220122,0.0,0.0,0.0
PHASE 1,202,162400,160,545.2132366309523,-34.14091354509648,1016.0769641243756,115.5926666666681,123.71466666666817,38.23823791220122,0.0,0.0,0.0
PHASE 1,203,163200,160,545.2132366309523,-34.14091354509648,1016.0769641243756,115.5926666666681,123.71466666666817,38.23823791220122,0.0,0.0,0.0
PHASE 1,204,164000,164,544.1982140464855,-34.14091354509648,1016.0769641243756,112.24966666666815,125.09483333333483,38.35671425580958,0.0,0.0,0.0
PHASE 1,205,164800,164,544.1982140464855,-34.14091354509648,1016.0769641243756,112.24966666666815,125.09483333333479,38.35671425580958,0.0,0.0,0.0
PHASE 1,206,165600,164,544.1982140464855,-34.14091354509648,1016.0769641243756,112.24966666666815,125.09483333333479,38.35671425580958,0.0,0.0,0.0
PHASE 1,207,166400,164,544.1982140464855,-34.14091354509648,1016.0769641243756,112.24966666666815,125.09483333333479,38.35671425580958,0.0,0.0,0.0
PHASE 1,208,167200,164,544.1982140464855,-34.14091354509648,1016.0769641243756,112.24966666666815,125.09483333333479,38.35671425580958,0.0,0.0,0.0
PHASE 1,209,168000,168,541.142937187725,-34.14091354509648,1016.0769641243756,111.36733333333484,123.73816666666815,38.25467964846448,0.0,0.0,0.0
PHASE 1,210,168800,168,541.142937187725,-34.14091354509648,1016.0769641243756,111.36733333333487,123.73816666666816,38.25467964846448,0.0,0.0,0.0
PHASE 1,211,169600,168,541.142937187725,-34.14091354509648,1016.0769641243756,111.36733333333487,123.73816666666816,38.25467964846448,0.0,0.0,0.0
PHASE 1,212,170400,168,541.142937187725,-34.14091354509648,1016.0769641243756,111.36733333333487,123.73816666666816,38.25467964846448,0.0,0.0,0.0
PHASE 1,213,171200,168,541.142937187725,-34.14091354509648,1016.0769641243756,111.36733333333487,123.73816666666816,38.25467964846448,0.0,0.0,0.0
PHASE 1,214,172000,172,529.2996354565477,-34.14091354509648,1016.0769641243756,108.21950000000156,121.45666666666817,37.45293359873413,0.0,0.0,0.0
PHASE 1,215,172800,172,529.2996354565477,-34.14091354509648,1016.0769641243756,108.21950000000153,121.45666666666817,37.45293359873413,0.0,0.0,0.0
PHASE 1,216,173600,172,529.2996354565477,-34.14091354509648,1016.0769641243756,108.21950000000153,121.45666666666817,37.45293359873413,0.0,0.0,0.0
PHASE 1,217,174400,172,529.2996354565477,-34.14091354509648,1016.0769641243756,108.21950000000153,121.45666666666817,37.45293359873413,0.0,0.0,0.0
PHASE 1,218,175200,172,529.2996354565477,-34.14091354509648,1016.0769641243756,108.21950000000153,121.45666666666817,37.45293359873413,0.0,0.0,0.0
PHASE 1,219,176000,176,521.4389840527836,-34.14091354509648,1016.0769641243756,104.87300000000158,120.92300000000151,36.95537300659703,0.0,0.0,0.0
PHASE 1,220,176800,176,521.4389840527836,-34.14091354509648,1016.0769641243756,104.87300000000155,120.92300000000151,36.95537300659703,0.0,0.0,0.0
PHASE 1,221,177600,176,521.4389840527836,-34.14091354509648,1016.0769641243756,104.87300000000155,120.92300000000151,36.95537300659703,0.0,0.0,0.0
PHASE 1,222,178400,176,521.4389840527836,-34.14091354509648,1016.0769641243756,104.87300000000155,120.92300000000151,36.95537300659703,0.0,0.0,0.0
PHASE 1,223,179200,176,521.4389840527836,-34.14091354509648,1016.0769641243756,104.87300000000155,120.92300000000151,36.95537300659703,0.0,0.0,0.0
PHASE 1,224,180000,180,508.52092464508115,-34.14091354509648,993.950923343583,100.27233333333494,118.36933333333485,36.23490724730109,0.0,0.0,0.0
PHASE 1,225,180800,180,508.52092464508115,-34.14091354509648,993.950923343583,100.27233333333494,118.36933333333485,36.23490724730109,0.0,0.0,0.0
PHASE 1,226,181600,180,508.52092464508115,-34.14091354509648,993.950923343583,100.27233333333494,118.36933333333485,36.23490724730109,0.0,0.0,0.0
PHASE 1,227,182400,180,508.52092464508115,-34.14091354509648,993.950923343583,100.27233333333494,118.36933333333485,36.23490724730109,0.0,0.0,0.0
PHASE 1,228,183200,180,508.52092464508115,-34.14091354509648,993.950923343583,100.27233333333494,118.36933333333485,36.23490724730109,0.0,0.0,0.0
PHASE 1,229,184000,184,504.2616002665915,-34.14091354509648,993.950923343583,98.72383333333495,117.27400000000152,36.03297086665664,0.0,0.0,0.0
PHASE 1,230,184800,184,504.26160026659164,-34.14091354509648,993.950923343583,98.72383333333494,117.27400000000154,36.03297086665664,0.0,0.0,0.0
PHASE 1,231,185600,184,504.26160026659164,-34.14091354509648,993.950923343583,98.72383333333494,117.27400000000154,36.03297086665664,0.0,0.0,0.0
PHASE 1,232,186400,184,504.26160026659164,-34.14091354509648,993.950923343583,98.72383333333494,117.27400000000154,36.03297086665664,0.0,0.0,0.0
PHASE 1,233,187200,184,504.26160026659164,-34.14091354509648,993.950923343583,98.72383333333494,117.27400000000154,36.03297086665664,0.0,0.0,0.0
PHASE 1,234,188000,188,499.42935258255704,-34.14091354509648,993.950923343583,97.95800000000162,114.79783333333489,35.834189906152375,0.0,0.0,0.0
PHASE 1,235,188800,188,499.429352582557,-34.14091354509648,993.950923343583,97.95800000000165,114.79783333333489,35.834189906152375,0.0,0.0,0.0
PHASE 1,236,189600,188,499.429352582557,-34.14091354509648,993.950923343583,97.95800000000165,114.79783333333489,35.834189906152375,0.0,0.0,0.0
PHASE 1,237,190400,188,499.429352582557,-34.14091354509648,993.950923343583,97.95800000000165,114.79783333333489,35.834189906152375,0.0,0.0,0.0
PHASE 1,238,191200,188,499.429352582557,-34.14091354509648,993.950923343583,97.95800000000165,114.79783333333489,35.834189906152375,0.0,0.0,0.0
PHASE 1,239,192000,192,489.02281049901944,-34.14091354509648,993.950923343583,97.35383333333498,110.43600000000158,35.15412214571031,0.0,0.0,0.0
PHASE 1,240,192800,192,489.02281049901944,-34.14091354509648,993.950923343583,97.35383333333495,110.43600000000158,35.15412214571031,0.0,0.0,0.0
PHASE 1,241,193600,192,489.02281049901944,-34.14091354509648,993.950923343583,97.35383333333495,110.43600000000158,35.15412214571031,0.0,0.0,0.0
PHASE 1,242,194400,192,489.02281049901944,-34.14091354509648,993.950923343583,97.35383333333495,110.43600000000158,35.15412214571031,0.0,0.0,0.0
PHASE 1,243,195200,192,489.02281049901944,-34.14091354509648,993.950923343583,97.35383333333495,110.43600000000158,35.15412214571031,0.0,0.0,0.0
PHASE 1,244,196000,196,482.0053975933224,-34.14091354509648,993.950923343583,94.93450000000165,109.13050000000162,34.742549699164826,0.0,0.0,0.0
PHASE 1,245,196800,196,482.0053975933224,-34.14091354509648,993.950923343583,94.93450000000162,109.13050000000163,34.742549699164826,0.0,0.0,0.0
PHASE 1,246,197600,196,482.0053975933224,-34.14091354509648,993.950923343583,94.93450000000162,109.13050000000163,34.742549699164826,0.0,0.0,0.0
PHASE 1,247,198400,196,482.0053975933224,-34.14091354509648,993.950923343583,94.93450000000162,109.13050000000163,34.742549699164826,0.0,0.0,0.0
PHASE 1,248,199200,196,482.0053975933224,-34.14091354509648,993.950923343583,94.93450000000162,109.13050000000163,34.742549699164826,0.0,0.0,0.0
PHASE 1,249,200000,200,490.484294029912,-34.14091354509648,993.950923343583,95.13600000000164,111.74333333333496,35.45062008707182,0.0,0.0,0.0
PHASE 1,250,200800,200,490.4842940299119,-34.14091354509648,993.950923343583,95.13600000000164,111.74333333333495,35.45062008707182,0.0,0.0,0.0
PHASE 1,251,201600,200,490.4842940299119,-34.14091354509648,993.950923343583,95.13600000000164,111.74333333333495,35.45062008707182,0.0,0.0,0.0
PHASE 1,252,202400,200,490.4842940299119,-34.14091354509648,993.950923343583,95.13600000000164,111.74333333333495,35.45062008707182,0.0,0.0,0.0
PHASE 1,253,203200,200,490.4842940299119,-34.14091354509648,993.950923343583,95.13600000000164,111.74333333333495,35.45062008707182,0.0,0.0,0.0
PHASE 1,254,204000,204,492.9039369952848,-34.14091354509648,981.2926925484272,94.45383333333497,112.34483333333493,35.76315879107667,0.0,0.0,0.0
PHASE 1,255,204800,204,492.903936995285,-34.14091354509648,981.2926925484272,94.45383333333498,112.34483333333493,35.76315879107667,0.0,0.0,0.0
PHASE 1,256,205600,204,492.903936995285,-34.14091354509648,981.2926925484272,94.45383333333498,112.34483333333493,35.76315879107667,0.0,0.0,0.0
PHASE 1,257,206400,204,492.903936995285,-34.14091354509648,981.2926925484272,94.45383333333498,112.34483333333493,35.76315879107667,0.0,0.0,0.0
PHASE 1,258,207200,204,492.903936995285,-34.14091354509648,981.2926925484272,94.45383333333498,112.34483333333493,35.76315879107667,0.0,0.0,0.0
PHASE 1,259,208000,208,489.9694091108527,-34.14091354509648,981.2926925484272,93.52333333333499,110.63500000000164,35.72638447218933,0.0,0.0,0.0
PHASE 1,260,208800,208,489.9694091108527,-34.14091354509648,981.2926925484272,93.52333333333499,110.63500000000163,35.726384472189324,0.0,0.0,0.0
PHASE 1,261,209600,208,489.9694091108527,-34.14091354509648,981.2926925484272,93.52333333333499,110.63500000000163,35.726384472189324,0.0,0.0,0.0
PHASE 1,262,210400,208,489.9694091108527,-34.14091354509648,981.2926925484272,93.52333333333499,110.63500000000163,35.726384472189324,0.0,0.0,0.0
PHASE 1,263,211200,208,489.9694091108527,-34.14091354509648,981.2926925484272,93.52333333333499,110.63500000000163,35.726384472189324,0.0,0.0,0.0
PHASE 1,264,212000,212,484.06054256709234,-34.14091354509648,981.2926925484272,91.26983333333501,108.67900000000165,35.513963654219324,0.0,0.0,0.0
PHASE 1,265,212800,212,484.06054256709234,-34.14091354509648,981.2926925484272,91.26983333333501,108.67900000000165,35.513963654219324,0.0,0.0,0.0
PHASE 1,266,213600,212,484.06054256709234,-34.14091354509648,981.2926925484272,91.26983333333501,108.67900000000165,35.513963654219324,0.0,0.0,0.0
PHASE 1,267,214400,212,484.06054256709234,-34.14091354509648,981.2926925484272,91.26983333333501,108.67900000000165,35.513963654219324,0.0,0.0,0.0
PHASE 1,268,215200,212,484.06054256709234,-34.14091354509648,981.2926925484272,91.26983333333501,108.67900000000165,35.513963654219324,0.0,0.0,0.0
PHASE 1,269,216000,216,486.85820681434234,-34.14091354509648,981.2926925484272,91.10300000000167,108.66983333333498,35.88567168512555,0.0,0.0,0.0
PHASE 1,270,216800,216,486.85820681434234,-34.14091354509648,981.2926925484272,91.10300000000164,108.66983333333498,35.88567168512555,0.0,0.0,0.0
PHASE 1,271,217600,216,486.85820681434234,-34.14091354509648,981.2926925484272,91.10300000000164,108.66983333333498,35.88567168512555,0.0,0.0,0.0
PHASE 1,272,218400,216,486.85820681434234,-34.14091354509648,981.2926925484272,91.10300000000164,108.66983333333498,35.88567168512555,0.0,0.0,0.0
PHASE 1,273,219200,216,486.85820681434234,-34.14091354509648,981.2926925484272,91.10300000000164,108.66983333333498,35.88567168512555,0.0,0.0,0.0
PHASE 1,274,220000,220,502.01186582666276,-34.14091354509648,981.2926925484272,93.85883333333496,110.89766666666829,37.15692072833229,0.0,0.0,0.0
PHASE 1,275,220800,220,502.0118658266627,-34.14091354509648,981.2926925484272,93.85883333333496,110.89766666666827,37.15692072833228,0.0,0.0,0.0
PHASE 1,276,221600,220,502.0118658266627,-34.14091354509648,981.2926925484272,93.85883333333496,110.89766666666827,37.15692072833228,0.0,0.0,0.0
PHASE 1,277,222400,220,502.0118658266627,-34.14091354509648,981.2926925484272,93.85883333333496,110.89766666666827,37.15692072833228,0.0,0.0,0.0
PHASE 1,278,223200,220,502.0118658266627,-34.14091354509648,981.2926925484272,93.85883333333496,110.89766666666827,37.15692072833228,0.0,0.0,0.0
PHASE 1,279,224000,224,525.3651055771808,81.42070786126257,981.2926925484272,99.7918333333349,114.40150000000158,38.89647153048027,0.0,0.0,0.0
PHASE 1,280,224800,224,525.3651055771809,81.42070786126257,981.2926925484272,99.7918333333349,114.40150000000155,38.89647153048027,0.0,0.0,0.0
PHASE 1,281,225600,224,525.3651055771809,81.42070786126257,981.2926925484272,99.7918333333349,114.40150000000155,38.89647153048027,0.0,0.0,0.0
PHASE 1,282,226400,224,525.3651055771809,81.42070786126257,981.2926925484272,99.7918333333349,114.40150000000155,38.89647153048027,0.0,0.0,0.0
PHASE 1,283,227200,224,525.3651055771809,81.42070786126257,981.2926925484272,99.7918333333349,114.40150000000155,38.89647153048027,0.0,0.0,0.0
PHASE 1,284,228000,228,557.7562226704179,123.04639960133954,1062.110622175496,108.81616666666818,119.37133333333485,41.1960903338014,0.0,0.0,0.0
PHASE 1,285,228800,228,557.756222670418,123.04639960133954,1062.110622175496,108.8161666666682,119.37133333333485,41.196090333801415,0.0,0.0,0.0
PHASE 1,286,229600,228,557.756222670418,123.04639960133954,1062.110622175496,108.8161666666682,119.37133333333485,41.196090333801415,0.0,0.0,0.0
PHASE 1,287,230400,228,557.756222670418,123.04639960133954,1062.110622175496,108.8161666666682,119.37133333333485,41.196090333801415,0.0,0.0,0.0
PHASE 1,288,231200,228,557.756222670418,123.04639960133954,1062.110622175496,108.8161666666682,119.37133333333485,41.196090333801415,0.0,0.0,0.0
PHASE 1,289,232000,232,577.7357010101484,123.04639960133954,1301.7800662885918,113.57716666666815,124.59866666666814,42.44498345960084,0.0,0.0,0.0
PHASE 1,290,232800,232,577.7357010101485,123.04639960133954,1301.7800662885918,113.57716666666815,124.59866666666817,42.44498345960084,0.0,0.0,0.0
PHASE 1,291,233600,232,577.7357010101485,123.04639960133954,1301.7800662885918,113.57716666666815,124.59866666666817,42.44498345960084,0.0,0.0,0.0
PHASE 1,292,234400,232,577.7357010101485,123.04639960133954,1301.7800662885918,113.57716666666815,124.59866666666817,42.44498345960084,0.0,0.0,0.0
PHASE 1,293,235200,232,577.7357010101485,123.04639960133954,1301.7800662885918,113.57716666666815,124.59866666666817,42.44498345960084,0.0,0.0,0.0
PHASE 1,294,236000,236,593.7433025903143,123.04639960133954,1365.3284550531885,116.74866666666814,128.89766666666813,43.51212115712153,0.0,0.0,0.0
PHASE 1,295,236800,236,593.7433025903144,123.04639960133954,1365.3284550531885,116.74866666666814,128.89766666666813,43.51212115712153,0.0,0.0,0.0
PHASE 1,296,237600,236,593.7433025903144,123.04639960133954,1365.3284550531885,116.74866666666814,128.89766666666813,43.51212115712153,0.0,0.0,0.0
PHASE 1,297,238400,236,593.7433025903144,123.04639960133954,1365.3284550531885,116.74866666666814,128.89766666666813,43.51212115712153,0.0,0.0,0.0
PHASE 1,298,239200,236,593.7433025903144,123.04639960133954,1365.3284550531885,116.74866666666814,128.89766666666813,43.51212115712153,0.0,0.0,0.0
PHASE 1,299,240000,240,615.3811036782339,123.04639960133954,1369.7339806349241,122.9386666666681,133.49133333333478,44.868887959778114,0.0,0.0,0.0
PHASE 1,300,240800,240,615.3811036782339,123.04639960133954,1369.7339806349241,122.93866666666808,133.4913333333348,44.86888795977811,0.0,0.0,0.0
PHASE 1,301,241600,240,615.3811036782339,123.04639960133954,1369.7339806349241,122.93866666666808,133.4913333333348,44.86888795977811,0.0,0.0,0.0
PHASE 1,302,242400,240,615.3811036782339,123.04639960133954,1369.7339806349241,122.93866666666808,133.4913333333348,44.86888795977811,0.0,0.0,0.0
PHASE 1,303,243200,240,615.3811036782339,123.04639960133954,1369.7339806349241,122.93866666666808,133.4913333333348,44.86888795977811,0.0,0.0,0.0
PHASE 1,304,244000,244,628.5855760123152,123.04639960133954,1369.7339806349241,126.74550000000141,136.15816666666814,45.71023866820486,0.0,0.0,0.0
PHASE 1,305,244800,244,628.5855760123152,123.04639960133954,1369.7339806349241,126.74550000000141,136.15816666666814,45.71023866820486,0.0,0.0,0.0
PHASE 1,306,245600,244,628.5855760123152,123.04639960133954,1369.7339806349241,126.74550000000141,136.15816666666814,45.71023866820486,0.0,0.0,0.0
PHASE 1,307,246400,244,628.5855760123152,123.04639960133954,1369.7339806349241,126.74550000000141,136.15816666666814,45.71023866820486,0.0,0.0,0.0
PHASE 1,308,247200,244,628.5855760123152,123.04639960133954,1369.7339806349241,126.74550000000141,136.15816666666814,45.71023866820486,0.0,0.0,0.0
PHASE 1,309,248000,248,653.6748149098399,123.04639960133954,1458.860923100456,132.61016666666808,142.73200000000145,47.291581030395555,0.0,0.0,0.0
PHASE 1,310,248800,248,653.67481490984,123.04639960133954,1458.860923100456,132.61016666666808,142.73200000000145,47.291581030395555,0.0,0.0,0.0
PHASE 1,311,249600,248,653.67481490984,123.04639960133954,1458.860923100456,132.61016666666808,142.73200000000145,47.291581030395555,0.0,0.0,0.0
PHASE 1,312,250400,248,653.67481490984,123.04639960133954,1458.860923100456,132.61016666666808,142.73200000000145,47.291581030395555,0.0,0.0,0.0
PHASE 1,313,251200,248,653.67481490984,123.04639960133954,1458.860923100456,132.61016666666808,142.73200000000145,47.291581030395555,0.0,0.0,0.0
PHASE 1,314,252000,252,675.9247898944093,123.04639960133954,1458.860923100456,137.28266666666804,147.8171666666681,48.85311957013327,0.0,0.0,0.0
PHASE 1,315,252800,252,675.9247898944093,123.04639960133954,1458.860923100456,137.28266666666804,147.8171666666681,48.85311957013327,0.0,0.0,0.0
PHASE 1,316,253600,252,675.9247898944093,123.04639960133954,1458.860923100456,137.28266666666804,147.8171666666681,48.85311957013327,0.0,0.0,0.0
PHASE 1,317,254400,252,675.9247898944093,123.04639960133954,1458.860923100456,137.28266666666804,147.8171666666681,48.85311957013327,0.0,0.0,0.0
PHASE 1,318,255200,252,675.9247898944093,123.04639960133954,1458.860923100456,137.28266666666804,147.8171666666681,48.85311957013327,0.0,0.0,0.0
PHASE 1,319,256000,256,690.1269521313199,123.04639960133954,1458.860923100456,142.65400000000136,150.15400000000142,49.66486901641387,0.0,0.0,0.0
PHASE 1,320,256800,256,690.1269521313199,123.04639960133954,1458.860923100456,142.65400000000133,150.15400000000142,49.66486901641386,0.0,0.0,0.0
PHASE 1,321,257600,256,690.1269521313199,123.04639960133954,1458.860923100456,142.65400000000133,150.15400000000142,49.66486901641386,0.0,0.0,0.0
PHASE 1,322,258400,256,690.1269521313199,123.04639960133954,1458.860923100456,142.65400000000133,150.15400000000142,49.66486901641386,0.0,0.0,0.0
PHASE 1,323,259200,256,690.1269521313199,123.04639960133954,1458.860923100456,142.65400000000133,150.15400000000142,49.66486901641386,0.0,0.0,0.0
PHASE 1,324,260000,260,700.405071882064,123.04639960133954,1458.860923100456,146.82033333333467,150.44633333333476,50.39230065192356,0.0,0.0,0.0
PHASE 1,325,260800,260,700.4050718820642,123.04639960133954,1458.860923100456,146.82033333333464,150.44633333333476,50.39230065192356,0.0,0.0,0.0
PHASE 1,326,261600,260,700.4050718820642,123.04639960133954,1458.860923100456,146.82033333333464,150.44633333333476,50.39230065192356,0.0,0.0,0.0
PHASE 1,327,262400,260,700.4050718820642,123.04639960133954,1458.860923100456,146.82033333333464,150.44633333333476,50.39230065192356,0.0,0.0,0.0
PHASE 1,328,263200,260,700.4050718820642,123.04639960133954,1458.860923100456,146.82033333333464,150.44633333333476,50.39230065192356,0.0,0.0,0.0
PHASE 1,329,264000,264,715.7924476859639,123.04639960133954,1458.860923100456,152.9765000000013,151.56000000000142,51.40699346074423,0.0,0.0,0.0
PHASE 1,330,264800,264,715.7924476859637,123.04639960133954,1458.860923100456,152.9765000000013,151.5600000000014,51.40699346074423,0.0,0.0,0.0
PHASE 1,331,265600,264,715.7924476859637,123.04639960133954,1458.860923100456,152.9765000000013,151.5600000000014,51.40699346074423,0.0,0.0,0.0
PHASE 1,332,266400,264,715.7924476859637,123.04639960133954,1458.860923100456,152.9765000000013,151.5600000000014,51.40699346074423,0.0,0.0,0.0
PHASE 1,333,267200,264,715.7924476859637,123.04639960133954,1458.860923100456,152.9765000000013,151.5600000000014,51.40699346074423,0.0,0.0,0.0
PHASE 1,334,268000,268,745.2955503556141,128.07650658238742,1458.860923100456,158.68766666666795,159.513166666668,53.38683962778385,0.0,0.0,0.0
PHASE 1,335,268800,268,745.2955503556143,128.07650658238742,1458.860923100456,158.68766666666795,159.513166666668,53.38683962778385,0.0,0.0,0.0
PHASE 1,336,269600,268,745.2955503556143,128.07650658238742,1458.860923100456,158.68766666666795,159.513166666668,53.38683962778385,0.0,0.0,0.0
PHASE 1,337,270400,268,745.2955503556143,128.07650658238742,1458.860923100456,158.68766666666795,159.513166666668,53.38683962778385,0.0,0.0,0.0
PHASE 1,338,271200,268,745.2955503556143,128.07650658238742,1458.860923100456,158.68766666666795,159.513166666668,53.38683962778385,0.0,0.0,0.0
PHASE 1,339,272000,272,765.3405542164978,128.07650658238742,1458.860923100456,163.66950000000125,163.06100000000131,54.82625677706084,0.0,0.0,0.0
PHASE 1,340,272800,272,765.3405542164977,128.07650658238742,1458.860923100456,163.66950000000122,163.06100000000134,54.826256777060834,0.0,0.0,0.0
PHASE 1,341,273600,272,765.3405542164977,128.07650658238742,1458.860923100456,163.66950000000122,163.06100000000134,54.826256777060834,0.0,0.0,0.0
PHASE 1,342,274400,272,765.3405542164977,128.07650658238742,1458.860923100456,163.66950000000122,163.06100000000134,54.826256777060834,0.0,0.0,0.0
PHASE 1,343,275200,272,765.3405542164977,128.07650658238742,1458.860923100456,163.66950000000122,163.06100000000134,54.826256777060834,0.0,0.0,0.0
PHASE 1,344,276000,276,795.4447599137083,211.08092687950585,1458.860923100456,172.2046666666678,169.09200000000135,56.768511655878655,0.0,0.0,0.0
PHASE 1,345,276800,276,795.4447599137084,211.08092687950585,1458.860923100456,172.2046666666678,169.09200000000132,56.76851165587866,0.0,0.0,0.0
PHASE 1,346,277600,276,795.4447599137084,211.08092687950585,1458.860923100456,172.2046666666678,169.09200000000132,56.76851165587866,0.0,0.0,0.0
PHASE 1,347,278400,276,795.4447599137084,211.08092687950585,1458.860923100456,172.2046666666678,169.09200000000132,56.76851165587866,0.0,0.0,0.0
PHASE 1,348,279200,276,795.4447599137084,211.08092687950585,1458.860923100456,172.2046666666678,169.09200000000132,56.76851165587866,0.0,0.0,0.0
PHASE 1,349,280000,280,818.9271512528621,211.08092687950585,1458.860923100456,178.2883333333345,173.89416666666796,58.34308140660616,0.0,0.0,0.0
PHASE 1,350,280800,280,818.9271512528619,211.08092687950585,1458.860923100456,178.28833333333444,173.89416666666799,58.34308140660616,0.0,0.0,0.0
PHASE 1,351,281600,280,818.9271512528619,211.08092687950585,1458.860923100456,178.28833333333444,173.89416666666799,58.34308140660616,0.0,0.0,0.0
PHASE 1,352,282400,280,818.9271512528619,211.08092687950585,1458.860923100456,178.28833333333444,173.89416666666799,58.34308140660616,0.0,0.0,0.0
PHASE 1,353,283200,280,818.9271512528619,211.08092687950585,1458.860923100456,178.28833333333444,173.89416666666799,58.34308140660616,0.0,0.0,0.0
PHASE 1,354,284000,284,835.3941304719374,211.08092687950585,1458.860923100456,181.42916666666778,177.5805000000013,59.548057975657194,0.0,0.0,0.0
PHASE 1,355,284800,284,835.3941304719374,211.08092687950585,1458.860923100456,181.42916666666778,177.5805000000013,59.548057975657194,0.0,0.0,0.0
PHASE 1,356,285600,284,835.3941304719374,211.08092687950585,1458.860923100456,181.42916666666778,177.5805000000013,59.548057975657194,0.0,0.0,0.0
PHASE 1,357,286400,284,835.3941304719374,211.08092687950585,1458.860923100456,181.42916666666778,177.5805000000013,59.548057975657194,0.0,0.0,0.0
PHASE 1,358,287200,284,835.3941304719374,211.08092687950585,1458.860923100456,181.42916666666778,177.5805000000013,59.548057975657194,0.0,0.0,0.0
PHASE 1,359,288000,288,849.1523841255155,211.08092687950585,1458.860923100456,185.6308333333344,180.71216666666794,60.35117301568758,0.0,0.0,0.0
PHASE 1,360,288800,288,849.1523841255155,211.08092687950585,1458.860923100456,185.6308333333344,180.71216666666794,60.35117301568758,0.0,0.0,0.0
PHASE 1,361,289600,288,849.1523841255155,211.08092687950585,1458.860923100456,185.6308333333344,180.71216666666794,60.35117301568758,0.0,0.0,0.0
PHASE 1,362,290400,288,849.1523841255155,211.08092687950585,1458.860923100456,185.6308333333344,180.71216666666794,60.35117301568758,0.0,0.0,0.0
PHASE 1,363,291200,288,849.1523841255155,211.08092687950585,1458.860923100456,185.6308333333344,180.71216666666794,60.35117301568758,0.0,0.0,0.0
PHASE 1,364,292000,292,872.8586099530123,211.08092687950585,1458.860923100456,190.57116666666775,187.29100000000122,61.87455541079121,0.0,0.0,0.0
PHASE 1,365,292800,292,872.8586099530122,211.08092687950585,1458.860923100456,190.57116666666775,187.2910000000012,61.87455541079121,0.0,0.0,0.0
PHASE 1,366,293600,292,872.8586099530122,211.08092687950585,1458.860923100456,190.57116666666775,187.2910000000012,61.87455541079121,0.0,0.0,0.0
PHASE 1,367,294400,292,872.8586099530122,211.08092687950585,1458.860923100456,190.57116666666775,187.2910000000012,61.87455541079121,0.0,0.0,0.0
PHASE 1,368,295200,292,872.8586099530122,211.08092687950585,1458.860923100456,190.57116666666775,187.2910000000012,61.87455541079121,0.0,0.0,0.0
PHASE 1,369,296000,296,886.401844089832,293.42728252895716,1458.860923100456,195.02250000000106,190.18983333333455,62.648688844560226,0.0,0.0,0.0
PHASE 1,370,296800,296,886.4018440898319,293.42728252895716,1458.860923100456,195.02250000000103,190.18983333333458,62.648688844560226,0.0,0.0,0.0
PHASE 1,371,297600,296,886.4018440898319,293.42728252895716,1458.860923100456,195.02250000000103,190.18983333333458,62.648688844560226,0.0,0.0,0.0
PHASE 1,372,298400,296,886.4018440898319,293.42728252895716,1458.860923100456,195.02250000000103,190.18983333333458,62.648688844560226,0.0,0.0,0.0
PHASE 1,373,299200,296,886.4018440898319,293.42728252895716,1458.860923100456,195.02250000000103,190.18983333333458,62.648688844560226,0.0,0.0,0.0
PHASE 1,374,300000,300,900.6267174673676,293.42728252895716,1458.860923100456,198.42066666666767,192.83766666666787,63.67104801675205,0.0,0.0,0.0
PHASE 1,375,300800,300,900.6267174673676,293.42728252895716,1458.860923100456,198.4206666666677,192.8376666666679,63.671048016752046,0.0,0.0,0.0
PHASE 1,376,301600,300,900.6267174673676,293.42728252895716,1458.860923100456,198.4206666666677,192.8376666666679,63.671048016752046,0.0,0.0,0.0
PHASE 1,377,302400,300,900.6267174673676,293.42728252895716,1458.860923100456,198.4206666666677,192.8376666666679,63.671048016752046,0.0,0.0,0.0
PHASE 1,378,303200,300,900.6267174673676,293.42728252895716,1458.860923100456,198.4206666666677,192.8376666666679,63.671048016752046,0.0,0.0,0.0
PHASE 1,379,304000,304,919.2593982978005,355.1391522520029,1458.860923100456,202.55300000000102,198.97566666666785,64.71634145388951,0.0,0.0,0.0
PHASE 1,380,304800,304,919.2593982978003,355.1391522520029,1458.860923100456,202.55300000000105,198.97566666666782,64.71634145388951,0.0,0.0,0.0
PHASE 1,381,305600,304,919.2593982978003,355.1391522520029,1458.860923100456,202.55300000000105,198.97566666666782,64.71634145388951,0.0,0.0,0.0
PHASE 1,382,306400,304,919.2593982978003,355.1391522520029,1458.860923100456,202.55300000000105,198.97566666666782,64.71634145388951,0.0,0.0,0.0
PHASE 1,383,307200,304,919.2593982978003,355.1391522520029,1458.860923100456,202.55300000000105,198.97566666666782,64.71634145388951,0.0,0.0,0.0
PHASE 1,384,308000,308,945.5533084934186,372.4320221432372,1458.860923100456,207.72416666666768,206.78216666666776,66.38087189500845,0.0,0.0,0.0
PHASE 1,385,308800,308,945.5533084934186,372.4320221432372,1458.860923100456,207.72416666666768,206.7821666666678,66.38087189500845,0.0,0.0,0.0
PHASE 1,386,309600,308,945.5533084934186,372.4320221432372,1458.860923100456,207.72416666666768,206.7821666666678,66.38087189500845,0.0,0.0,0.0
PHASE 1,387,310400,308,945.5533084934186,372.4320221432372,1458.860923100456,207.72416666666768,206.7821666666678,66.38087189500845,0.0,0.0,0.0
PHASE 1,388,311200,308,945.5533084934186,372.4320221432372,1458.860923100456,207.72416666666768,206.7821666666678,66.38087189500845,0.0,0.0,0.0
PHASE 1,389,312000,312,975.3544916410268,372.4320221432372,1567.6323304642979,213.48283333333438,216.81933333333438,68.13154062179291,0.0,0.0,0.0
PHASE 1,390,312800,312,975.3544916410269,372.4320221432372,1567.6323304642979,213.4828333333343,216.81933333333444,68.13154062179291,0.0,0.0,0.0
PHASE 1,391,313600,312,975.3544916410269,372.4320221432372,1567.6323304642979,213.4828333333343,216.81933333333444,68.13154062179291,0.0,0.0,0.0
PHASE 1,392,314400,312,975.3544916410269,372.4320221432372,1567.6323304642979,213.4828333333343,216.81933333333444,68.13154062179291,0.0,0.0,0.0
PHASE 1,393,315200,312,975.3544916410269,372.4320221432372,1567.6323304642979,213.4828333333343,216.81933333333444,68.13154062179291,0.0,0.0,0.0
PHASE 1,394,316000,316,995.8255856335386,372.4320221432372,1567.6323304642979,221.2838333333343,220.0220000000011,69.31496903752357,0.0,0.0,0.0
PHASE 1,395,316800,316,995.8255856335387,372.4320221432372,1567.6323304642979,221.2838333333343,220.02200000000101,69.31496903752357,0.0,0.0,0.0
PHASE 1,396,317600,316,995.8255856335387,372.4320221432372,1567.6323304642979,221.2838333333343,220.02200000000101,69.31496903752357,0.0,0.0,0.0
PHASE 1,397,318400,316,995.8255856335387,372.4320221432372,1567.6323304642979,221.2838333333343,220.02200000000101,69.31496903752357,0.0,0.0,0.0
PHASE 1,398,319200,316,995.8255856335387,372.4320221432372,1567.6323304642979,221.2838333333343,220.02200000000101,69.31496903752357,0.0,0.0,0.0
PHASE 1,399,320000,320,1018.8183787307039,564.300518749105,1567.6323304642979,228.33466666666763,224.72016666666764,70.72044317466906,0.0,0.0,0.0
PHASE 1,400,320800,320,1018.8183787307037,564.300518749105,1567.6323304642979,228.33466666666757,224.7201666666677,70.72044317466906,0.0,0.0,0.0
PHASE 1,401,321600,320,1018.8183787307037,564.300518749105,1567.6323304642979,228.33466666666757,224.7201666666677,70.72044317466906,0.0,0.0,0.0
PHASE 1,402,322400,320,1018.8183787307037,564.300518749105,1567.6323304642979,228.33466666666757,224.7201666666677,70.72044317466906,0.0,0.0,0.0
PHASE 1,403,323200,320,1018.8183787307037,564.300518749105,1567.6323304642979,228.33466666666757,224.7201666666677,70.72044317466906,0.0,0.0,0.0
PHASE 1,404,324000,324,1023.5050335644664,505.3509682430148,1567.6323304642979,228.57483333333428,226.91166666666768,71.002316695556,0.0,0.0,0.0
PHASE 1,405,324800,324,1023.5050335644665,505.3509682430148,1567.6323304642979,228.57483333333425,226.91166666666768,71.002316695556,0.0,0.0,0.0
PHASE 1,406,325600,324,1023.5050335644665,505.3509682430148,1567.6323304642979,228.57483333333425,226.91166666666768,71.002316695556,0.0,0.0,0.0
PHASE 1,407,326400,324,1023.5050335644665,505.3509682430148,1567.6323304642979,228.57483333333425,226.91166666666768,71.002316695556,0.0,0.0,0.0
PHASE 1,408,327200,324,1023.5050335644665,505.3509682430148,1567.6323304642979,228.57483333333425,226.91166666666768,71.002316695556,0.0,0.0,0.0
PHASE 1,409,328000,328,1031.3071061319733,505.3509682430148,1567.6323304642979,228.25700000000094,230.84883333333434,71.52515909982789,0.0,0.0,0.0
PHASE 1,410,328800,328,1031.3071061319733,505.3509682430148,1567.6323304642979,228.257000000001,230.84883333333437,71.5251590998279,0.0,0.0,0.0
PHASE 1,411,329600,328,1031.3071061319733,505.3509682430148,1567.6323304642979,228.257000000001,230.84883333333437,71.5251590998279,0.0,0.0,0.0
PHASE 1,412,330400,328,1031.3071061319733,505.3509682430148,1567.6323304642979,228.257000000001,230.84883333333437,71.5251590998279,0.0,0.0,0.0
PHASE 1,413,331200,328,1031.3071061319733,505.3509682430148,1567.6323304642979,228.257000000001,230.84883333333437,71.5251590998279,0.0,0.0,0.0
PHASE 1,414,332000,332,1037.2710164095117,505.3509682430148,1567.6323304642979,229.51416666666765,233.1066666666677,71.83127288452029,0.0,0.0,0.0
PHASE 1,415,332800,332,1037.2710164095117,505.3509682430148,1567.6323304642979,229.51416666666765,233.10666666666765,71.83127288452029,0.0,0.0,0.0
PHASE 1,416,333600,332,1037.2710164095117,505.3509682430148,1567.6323304642979,229.51416666666765,233.10666666666765,71.83127288452029,0.0,0.0,0.0
PHASE 1,417,334400,332,1037.2710164095117,505.3509682430148,1567.6323304642979,229.51416666666765,233.10666666666765,71.83127288452029,0.0,0.0,0.0
PHASE 1,418,335200,332,1037.2710164095117,505.3509682430148,1567.6323304642979,229.51416666666765,233.10666666666765,71.83127288452029,0.0,0.0,0.0
PHASE 1,419,336000,336,1033.4816627379366,505.3509682430148,1567.6323304642979,227.45683333333432,233.81633333333434,71.52606200890664,0.0,0.0,0.0
PHASE 1,420,336800,336,1033.4816627379366,505.3509682430148,1567.6323304642979,227.4568333333343,233.81633333333434,71.52606200890664,0.0,0.0,0.0
PHASE 1,421,337600,336,1033.4816627379366,505.3509682430148,1567.6323304642979,227.4568333333343,233.81633333333434,71.52606200890664,0.0,0.0,0.0
PHASE 1,422,338400,336,1033.4816627379366,505.3509682430148,1567.6323304642979,227.4568333333343,233.81633333333434,71.52606200890664,0.0,0.0,0.0
PHASE 1,423,339200,336,1033.4816627379366,505.3509682430148,1567.6323304642979,227.4568333333343,233.81633333333434,71.52606200890664,0.0,0.0,0.0
PHASE 1,424,340000,340,1040.5681576667212,505.3509682430148,1567.6323304642979,229.37416666666766,235.454500000001,71.96743637500472,0.0,0.0,0.0
PHASE 1,425,340800,340,1040.568157666721,505.3509682430148,1567.6323304642979,229.37416666666766,235.45450000000096,71.96743637500472,0.0,0.0,0.0
PHASE 1,426,341600,340,1040.568157666721,505.3509682430148,1567.6323304642979,229.37416666666766,235.45450000000096,71.96743637500472,0.0,0.0,0.0
PHASE 1,427,342400,340,1040.568157666721,505.3509682430148,1567.6323304642979,229.37416666666766,235.45450000000096,71.96743637500472,0.0,0.0,0.0
PHASE 1,428,343200,340,1040.568157666721,505.3509682430148,1567.6323304642979,229.37416666666766,235.45450000000096,71.96743637500472,0.0,0.0,0.0
PHASE 1,429,344000,344,1043.0008589106415,505.3509682430148,1567.6323304642979,230.18983333333432,236.4008333333343,72.05127403049477,0.0,0.0,0.0
PHASE 1,430,344800,344,1043.0008589106412,505.3509682430148,1567.6323304642979,230.18983333333432,236.4008333333343,72.05127403049477,0.0,0.0,0.0
PHASE 1,431,345600,344,1043.0008589106412,505.3509682430148,1567.6323304642979,230.18983333333432,236.4008333333343,72.05127403049477,0.0,0.0,0.0
PHASE 1,432,346400,344,1043.0008589106412,505.3509682430148,1567.6323304642979,230.18983333333432,236.4008333333343,72.05127403049477,0.0,0.0,0.0
PHASE 1,433,347200,344,1043.0008589106412,505.3509682430148,1567.6323304642979,230.18983333333432,236.4008333333343,72.05127403049477,0.0,0.0,0.0
PHASE 1,434,348000,348,1041.166795707453,505.3509682430148,1567.6323304642979,230.8333333333343,235.64516666666765,71.83603696342956,0.0,0.0,0.0
PHASE 1,435,348800,348,1041.166795707453,505.3509682430148,1567.6323304642979,230.83333333333434,235.64516666666765,71.83603696342956,0.0,0.0,0.0
PHASE 1,436,349600,348,1041.166795707453,505.3509682430148,1567.6323304642979,230.83333333333434,235.64516666666765,71.83603696342956,0.0,0.0,0.0
PHASE 1,437,350400,348,1041.166795707453,505.3509682430148,1567.6323304642979,230.83333333333434,235.64516666666765,71.83603696342956,0.0,0.0,0.0
PHASE 1,438,351200,348,1041.166795707453,505.3509682430148,1567.6323304642979,230.83333333333434,235.64516666666765,71.83603696342956,0.0,0.0,0.0
PHASE 1,439,352000,352,1039.0930170853355,505.3509682430148,1567.6323304642979,231.33916666666767,235.26616666666763,71.56096046899823,0.0,0.0,0.0
PHASE 1,440,352800,352,1039.0930170853358,505.3509682430148,1567.6323304642979,231.3391666666677,235.26616666666766,71.56096046899823,0.0,0.0,0.0
PHASE 1,441,353600,352,1039.0930170853358,505.3509682430148,1567.6323304642979,231.3391666666677,235.26616666666766,71.56096046899823,0.0,0.0,0.0
PHASE 1,442,354400,352,1039.0930170853358,505.3509682430148,1567.6323304642979,231.3391666666677,235.26616666666766,71.56096046899823,0.0,0.0,0.0
PHASE 1,443,355200,352,1039.0930170853358,505.3509682430148,1567.6323304642979,231.3391666666677,235.26616666666766,71.56096046899823,0.0,0.0,0.0
PHASE 1,444,356000,356,1040.0128252965449,505.3509682430148,1567.6323304642979,232.24750000000103,234.85916666666762,71.61326982873268,0.0,0.0,0.0
PHASE 1,445,356800,356,1040.0128252965446,505.3509682430148,1567.6323304642979,232.24750000000097,234.85916666666765,71.61326982873268,0.0,0.0,0.0
PHASE 1,446,357600,356,1040.0128252965446,505.3509682430148,1567.6323304642979,232.24750000000097,234.85916666666765,71.61326982873268,0.0,0.0,0.0
PHASE 1,447,358400,356,1040.0128252965446,505.3509682430148,1567.6323304642979,232.24750000000097,234.85916666666765,71.61326982873268,0.0,0.0,0.0
PHASE 1,448,359200,356,1040.0128252965446,505.3509682430148,1567.6323304642979,232.24750000000097,234.85916666666765,71.61326982873268,0.0,0.0,0.0
PHASE 1,449,360000,360,1028.7378300060473,464.30576126462967,1567.6323304642979,228.72133333333437,233.572500000001,70.80549958408719,0.0,0.0,0.0
PHASE 1,450,360800,360,1028.7378300060473,464.30576126462967,1567.6323304642979,228.72133333333437,233.57250000000099,70.80549958408719,0.0,0.0,0.0
PHASE 1,451,361600,360,1028.7378300060473,464.30576126462967,1567.6323304642979,228.72133333333437,233.57250000000099,70.80549958408719,0.0,0.0,0.0
PHASE 1,452,362400,360,1028.7378300060473,464.30576126462967,1567.6323304642979,228.72133333333437,233.57250000000099,70.80549958408719,0.0,0.0,0.0
PHASE 1,453,363200,360,1028.7378300060473,464.30576126462967,1567.6323304642979,228.72133333333437,233.57250000000099,70.80549958408719,0.0,0.0,0.0
PHASE 1,454,364000,364,1030.4815365260022,464.30576126462967,1567.6323304642979,228.92400000000106,236.7176666666676,70.60498373241495,0.0,0.0,0.0
PHASE 1,455,364800,364,1030.4815365260022,464.30576126462967,1567.6323304642979,228.92400000000097,236.71766666666758,70.60498373241495,0.0,0.0,0.0
PHASE 1,456,365600,364,1030.4815365260022,464.30576126462967,1567.6323304642979,228.92400000000097,236.71766666666758,70.60498373241495,0.0,0.0,0.0
PHASE 1,457,366400,364,1030.4815365260022,464.30576126462967,1567.6323304642979,228.92400000000097,236.71766666666758,70.60498373241495,0.0,0.0,0.0
PHASE 1,458,367200,364,1030.4815365260022,464.30576126462967,1567.6323304642979,228.92400000000097,236.71766666666758,70.60498373241495,0.0,0.0,0.0
PHASE 1,459,368000,368,1030.7404715178893,464.30576126462967,1567.6323304642979,230.2118333333343,237.46200000000087,70.38332977306753,0.0,0.0,0.0
PHASE 1,460,368800,368,1030.7404715178893,464.30576126462967,1567.6323304642979,230.21183333333437,237.46200000000093,70.38332977306753,0.0,0.0,0.0
PHASE 1,461,369600,368,1030.7404715178893,464.30576126462967,1567.6323304642979,230.21183333333437,237.46200000000093,70.38332977306753,0.0,0.0,0.0
PHASE 1,462,370400,368,1030.7404715178893,464.30576126462967,1567.6323304642979,230.21183333333437,237.46200000000093,70.38332977306753,0.0,0.0,0.0
PHASE 1,463,371200,368,1030.7404715178893,464.30576126462967,1567.6323304642979,230.21183333333437,237.46200000000093,70.38332977306753,0.0,0.0,0.0
PHASE 1,464,372000,372,1035.2848459119675,464.30576126462967,1567.6323304642979,234.54800000000103,237.22833333333426,70.43856407232724,0.0,0.0,0.0
PHASE 1,465,372800,372,1035.2848459119673,464.30576126462967,1567.6323304642979,234.54800000000103,237.2283333333343,70.43856407232724,0.0,0.0,0.0
PHASE 1,466,373600,372,1035.2848459119673,464.30576126462967,1567.6323304642979,234.54800000000103,237.2283333333343,70.43856407232724,0.0,0.0,0.0
PHASE 1,467,374400,372,1035.2848459119673,464.30576126462967,1567.6323304642979,234.54800000000103,237.2283333333343,70.43856407232724,0.0,0.0,0.0
PHASE 1,468,375200,372,1035.2848459119673,464.30576126462967,1567.6323304642979,234.54800000000103,237.2283333333343,70.43856407232724,0.0,0.0,0.0
PHASE 1,469,376000,376,1024.843060659243,464.30576126462967,1567.6323304642979,234.00566666666765,233.93616666666765,69.61265341573655,0.0,0.0,0.0
PHASE 1,470,376800,376,1024.8430606592433,464.30576126462967,1567.6323304642979,234.0056666666677,233.93616666666765,69.61265341573655,0.0,0.0,0.0
PHASE 1,471,377600,376,1024.8430606592433,464.30576126462967,1567.6323304642979,234.0056666666677,233.93616666666765,69.61265341573655,0.0,0.0,0.0
PHASE 1,472,378400,376,1024.8430606592433,464.30576126462967,1567.6323304642979,234.0056666666677,233.93616666666765,69.61265341573655,0.0,0.0,0.0
PHASE 1,473,379200,376,1024.8430606592433,464.30576126462967,1567.6323304642979,234.0056666666677,233.93616666666765,69.61265341573655,0.0,0.0,0.0
PHASE 1,474,380000,380,1026.2128998854337,464.30576126462967,1567.6323304642979,235.234000000001,234.96666666666766,69.50152915234368,0.0,0.0,0.0
PHASE 1,475,380800,380,1026.2128998854332,464.30576126462967,1567.6323304642979,235.234000000001,234.96666666666763,69.50152915234369,0.0,0.0,0.0
PHASE 1,476,381600,380,1026.2128998854332,464.30576126462967,1567.6323304642979,235.234000000001,234.96666666666763,69.50152915234369,0.0,0.0,0.0
PHASE 1,477,382400,380,1026.2128998854332,464.30576126462967,1567.6323304642979,235.234000000001,234.96666666666763,69.50152915234369,0.0,0.0,0.0
PHASE 1,478,383200,380,1026.2128998854332,464.30576126462967,1567.6323304642979,235.234000000001,234.96666666666763,69.50152915234369,0.0,0.0,0.0
PHASE 1,479,384000,384,1023.9819348209048,464.30576126462967,1567.6323304642979,239.14433333333432,232.6671666666676,69.02130435261097,0.0,0.0,0.0
PHASE 1,480,384800,384,1023.981934820905,464.30576126462967,1567.6323304642979,239.14433333333432,232.66716666666764,69.02130435261097,0.0,0.0,0.0
PHASE 1,481,385600,384,1023.981934820905,464.30576126462967,1567.6323304642979,239.14433333333432,232.66716666666764,69.02130435261097,0.0,0.0,0.0
PHASE 1,482,386400,384,1023.981934820905,464.30576126462967,1567.6323304642979,239.14433333333432,232.66716666666764,69.02130435261097,0.0,0.0,0.0
PHASE 1,483,387200,384,1023.981934820905,464.30576126462967,1567.6323304642979,239.14433333333432,232.66716666666764,69.02130435261097,0.0,0.0,0.0
PHASE 1,484,388000,388,1020.1990529010296,464.30576126462967,1567.6323304642979,239.77000000000098,230.93350000000098,68.68694411262668,0.0,0.0,0.0
PHASE 1,485,388800,388,1020.1990529010296,464.30576126462967,1567.6323304642979,239.77000000000098,230.93350000000092,68.68694411262668,0.0,0.0,0.0
PHASE 1,486,389600,388,1020.1990529010296,464.30576126462967,1567.6323304642979,239.77000000000098,230.93350000000092,68.68694411262668,0.0,0.0,0.0
PHASE 1,487,390400,388,1020.1990529010296,464.30576126462967,1567.6323304642979,239.77000000000098,230.93350000000092,68.68694411262668,0.0,0.0,0.0
PHASE 1,488,391200,388,1020.1990529010296,464.30576126462967,1567.6323304642979,239.77000000000098,230.93350000000092,68.68694411262668,0.0,0.0,0.0
PHASE 1,489,392000,392,1018.4306927479815,464.30576126462967,1567.6323304642979,239.58650000000097,232.27550000000093,68.32108659349565,0.0,0.0,0.0
PHASE 1,490,392800,392,1018.4306927479815,464.30576126462967,1567.6323304642979,239.58650000000097,232.27550000000093,68.32108659349564,0.0,0.0,0.0
PHASE 1,491,393600,392,1018.4306927479815,464.30576126462967,1567.6323304642979,239.58650000000097,232.27550000000093,68.32108659349564,0.0,0.0,0.0
PHASE 1,492,394400,392,1018.4306927479815,464.30576126462967,1567.6323304642979,239.58650000000097,232.27550000000093,68.32108659349564,0.0,0.0,0.0
PHASE 1,493,395200,392,1018.4306927479815,464.30576126462967,1567.6323304642979,239.58650000000097,232.27550000000093,68.32108659349564,0.0,0.0,0.0
PHASE 1,494,396000,396,1024.3150875221334,464.30576126462967,1567.6323304642979,242.13650000000095,233.72900000000092,68.55619844026472,0.0,0.0,0.0
PHASE 1,495,396800,396,1024.3150875221334,464.30576126462967,1567.6323304642979,242.13650000000095,233.72900000000092,68.55619844026474,0.0,0.0,0.0
PHASE 1,496,397600,396,1024.3150875221334,464.30576126462967,1567.6323304642979,242.13650000000095,233.72900000000092,68.55619844026474,0.0,0.0,0.0
PHASE 1,497,398400,396,1024.3150875221334,464.30576126462967,1567.6323304642979,242.13650000000095,233.72900000000092,68.55619844026474,0.0,0.0,0.0
PHASE 1,498,399200,396,1024.3150875221334,464.30576126462967,1567.6323304642979,242.13650000000095,233.72900000000092,68.55619844026474,0.0,0.0,0.0
PHASE 1,499,400000,400,1016.7317063749567,464.30576126462967,1567.6323304642979,240.1671666666676,235.03200000000095,67.69156746353443,0.0,0.0,0.0
PHASE 2,0,800,0,,,,,,,0.03285714285714286,0.03,0.0
PHASE 2,1,1600,0,,,,,,,0.037142857142857144,0.041428571428571426,0.0
PHASE 2,2,2400,0,,,,,,,0.02857142857142857,0.04714285714285714,0.0
PHASE 2,3,3200,0,,,,,,,0.04714285714285714,0.037142857142857144,0.0
PHASE 2,4,4000,4,946.7241058704792,742.4704247727209,1264.8748563894649,249.08570312500052,236.99898437500076,57.579927296306984,0.0,0.0,0.0
PHASE 2,5,4800,4,946.7241058704792,742.4704247727209,1264.8748563894649,249.08570312500052,236.99898437500076,57.579927296306984,0.03,0.041428571428571426,0.0
PHASE 2,6,5600,4,946.7241058704792,742.4704247727209,1264.8748563894649,249.08570312500052,236.99898437500076,57.579927296306984,0.03428571428571429,0.055714285714285716,0.0
PHASE 2,7,6400,4,946.7241058704792,742.4704247727209,1264.8748563894649,249.08570312500052,236.99898437500076,57.579927296306984,0.037142857142857144,0.03571428571428571,0.0
PHASE 2,8,7200,4,946.7241058704792,742.4704247727209,1264.8748563894649,249.08570312500052,236.99898437500076,57.579927296306984,0.03857142857142857,0.04857142857142858,0.0
PHASE 2,9,8000,8,974.8009398615131,742.4704247727209,1264.8748563894649,231.54255208333407,246.6884244791675,62.071245412372676,0.0,0.0,0.0
PHASE 2,10,8800,8,974.8009398615131,742.4704247727209,1264.8748563894649,231.54255208333407,246.6884244791675,62.071245412372676,0.03428571428571429,0.038571428571428576,0.0
PHASE 2,11,9600,8,974.8009398615131,742.4704247727209,1264.8748563894649,231.54255208333407,246.6884244791675,62.071245412372676,0.03285714285714286,0.04714285714285714,0.0
PHASE 2,12,10400,8,974.8009398615131,742.4704247727209,1264.8748563894649,231.54255208333407,246.6884244791675,62.071245412372676,0.03142857142857143,0.038571428571428576,0.0
PHASE 2,13,11200,8,974.8009398615131,742.4704247727209,1264.8748563894649,231.54255208333407,246.6884244791675,62.071245412372676,0.02857142857142857,0.04714285714285714,0.0
PHASE 2,14,12000,12,993.7275617940281,742.4704247727209,1264.8748563894649,239.9534743923617,254.40690104166745,62.420898294995574,0.0,0.0,0.0
PHASE 2,15,12800,12,993.7275617940282,742.4704247727209,1264.8748563894649,239.95347439236176,254.40690104166745,62.42089829499559,0.041428571428571426,0.04571428571428571,0.0
PHASE 2,16,13600,12,993.7275617940282,742.4704247727209,1264.8748563894649,239.95347439236176,254.40690104166745,62.42089829499559,0.04285714285714286,0.04428571428571428,0.0
PHASE 2,17,14400,12,993.7275617940282,742.4704247727209,1264.8748563894649,239.95347439236176,254.40690104166745,62.42089829499559,0.04,0.04,0.0
PHASE 2,18,15200,12,993.7275617940282,742.4704247727209,1264.8748563894649,239.95347439236176,254.40690104166745,62.42089829499559,0.03,0.037142857142857144,0.0
PHASE 2,19,16000,16,1026.495947338389,742.4704247727209,1330.6961125980272,242.76074381510483,265.8298697916674,64.73816671644833,0.0,0.0,0.0
PHASE 2,20,16800,16,1026.495947338389,742.4704247727209,1330.6961125980272,242.76074381510483,265.8298697916674,64.73816671644835,0.03142857142857143,0.038571428571428576,0.0
PHASE 2,21,17600,16,1026.495947338389,742.4704247727209,1330.6961125980272,242.76074381510483,265.8298697916674,64.73816671644835,0.032857142857142856,0.04428571428571428,0.0
PHASE 2,22,18400,16,1026.495947338389,742.4704247727209,1330.6961125980272,242.76074381510483,265.8298697916674,64.73816671644835,0.03571428571428572,0.03142857142857143,0.0
PHASE 2,23,19200,16,1026.495947338389,742.4704247727209,1330.6961125980272,242.76074381510483,265.8298697916674,64.73816671644835,0.03428571428571429,0.04714285714285714,0.0
PHASE 2,24,20000,20,1027.3374294489126,742.4704247727209,1330.6961125980272,248.9260065104173,261.71082291666744,64.58757500272498,0.0,0.0,0.0
PHASE 2,25,20800,20,1027.3374294489126,742.4704247727209,1330.6961125980272,248.92600651041727,261.71082291666744,64.58757500272498,0.03142857142857143,0.03428571428571429,0.0
PHASE 2,26,21600,20,1027.3374294489126,742.4704247727209,1330.6961125980272,248.92600651041727,261.71082291666744,64.58757500272498,0.02857142857142857,0.04,0.0
PHASE 2,27,22400,20,1027.3374294489126,742.4704247727209,1330.6961125980272,248.92600651041727,261.71082291666744,64.58757500272498,0.048571428571428564,0.045714285714285714,0.0
PHASE 2,28,23200,20,1027.3374294489126,742.4704247727209,1330.6961125980272,248.92600651041727,261.71082291666744,64.58757500272498,0.028571428571428574,0.04714285714285714,0.0
PHASE 2,29,24000,24,995.8170131005528,623.4990037531478,1330.6961125980272,240.00520507812573,248.97384006076473,63.35474599520405,0.0,0.0,0.0
PHASE 2,30,24800,24,995.817013100553,623.4990037531478,1330.6961125980272,240.00520507812573,248.9738400607647,63.35474599520404,0.030000000000000006,0.04714285714285714,0.0
PHASE 2,31,25600,24,995.817013100553,623.4990037531478,1330.6961125980272,240.00520507812573,248.9738400607647,63.35474599520404,0.03571428571428572,0.05142857142857142,0.0
PHASE 2,32,26400,24,995.817013100553,623.4990037531478,1330.6961125980272,240.00520507812573,248.9738400607647,63.35474599520404,0.04285714285714286,0.03857142857142857,0.0
PHASE 2,33,27200,24,995.817013100553,623.4990037531478,1330.6961125980272,240.00520507812573,248.9738400607647,63.35474599520404,0.032857142857142856,0.05,0.0
PHASE 2,34,28000,28,1017.7634103241861,623.4990037531478,1330.6961125980272,245.55853515625068,252.6983138020842,64.93832017072839,0.0,0.0,0.0
PHASE 2,35,28800,28,1017.7634103241861,623.4990037531478,1330.6961125980272,245.5585351562507,252.69831380208413,64.93832017072839,0.03,0.032857142857142856,0.0
PHASE 2,36,29600,28,1017.7634103241861,623.4990037531478,1330.6961125980272,245.5585351562507,252.69831380208413,64.93832017072839,0.04,0.04,0.0
PHASE 2,37,30400,28,1017.7634103241861,623.4990037531478,1330.6961125980272,245.5585351562507,252.69831380208413,64.93832017072839,0.025714285714285717,0.04,0.0
PHASE 2,38,31200,28,1017.7634103241861,623.4990037531478,1330.6961125980272,245.5585351562507,252.69831380208413,64.93832017072839,0.03571428571428572,0.041428571428571426,0.0
PHASE 2,39,32000,32,1012.6406046107177,623.4990037531478,1330.6961125980272,244.82606526692777,250.42453694661543,64.67375029964406,0.0,0.0,0.0
PHASE 2,40,32800,32,1012.6406046107177,623.4990037531478,1330.6961125980272,244.8260652669278,250.42453694661543,64.67375029964407,0.037142857142857144,0.041428571428571426,0.0
PHASE 2,41,33600,32,1012.6406046107177,623.4990037531478,1330.6961125980272,244.8260652669278,250.42453694661543,64.67375029964407,0.03285714285714285,0.04714285714285714,0.0
PHASE 2,42,34400,32,1012.6406046107177,623.4990037531478,1330.6961125980272,244.8260652669278,250.42453694661543,64.67375029964407,0.038571428571428576,0.051428571428571435,0.0
PHASE 2,43,35200,32,1012.6406046107177,623.4990037531478,1330.6961125980272,244.8260652669278,250.42453694661543,64.67375029964407,0.03285714285714286,0.04714285714285714,0.0
PHASE 2,44,36000,36,1010.1518008528651,623.4990037531478,1330.6961125980272,247.09361762152852,245.10120587384347,64.74462216968402,0.0,0.0,0.0
PHASE 2,45,36800,36,1010.1518008528653,623.4990037531478,1330.6961125980272,247.09361762152855,245.1012058738435,64.74462216968404,0.048571428571428564,0.037142857142857144,0.0
PHASE 2,46,37600,36,1010.1518008528653,623.4990037531478,1330.6961125980272,247.09361762152855,245.1012058738435,64.74462216968404,0.03571428571428571,0.041428571428571426,0.0
PHASE 2,47,38400,36,1010.1518008528653,623.4990037531478,1330.6961125980272,247.09361762152855,245.1012058738435,64.74462216968404,0.02857142857142857,0.04428571428571428,0.0
PHASE 2,48,39200,36,1010.1518008528653,623.4990037531478,1330.6961125980272,247.09361762152855,245.1012058738435,64.74462216968404,0.034285714285714294,0.03571428571428572,0.0
PHASE 2,49,40000,40,1023.1403141297385,623.4990037531478,1330.6961125980272,250.00283398437577,245.18288476562583,65.99432442246473,0.0,0.0,0.0
PHASE 2,50,40800,40,1023.1403141297385,623.4990037531478,1330.6961125980272,250.00283398437574,245.18288476562583,65.99432442246473,0.032857142857142856,0.03857142857142857,0.0
PHASE 2,51,41600,40,1023.1403141297385,623.4990037531478,1330.6961125980272,250.00283398437574,245.18288476562583,65.99432442246473,0.04,0.038571428571428576,0.0
PHASE 2,52,42400,40,1023.1403141297385,623.4990037531478,1330.6961125980272,250.00283398437574,245.18288476562583,65.99432442246473,0.03,0.05428571428571429,0.0
PHASE 2,53,43200,40,1023.1403141297385,623.4990037531478,1330.6961125980272,250.00283398437574,245.18288476562583,65.99432442246473,0.032857142857142856,0.04857142857142857,0.0
PHASE 2,54,44000,44,1019.9576859945759,623.4990037531478,1330.6961125980272,249.08150864109928,245.01894116950845,65.73215452299372,0.0,0.0,0.0
PHASE 2,55,44800,44,1019.957685994576,623.4990037531478,1330.6961125980272,249.08150864109928,245.01894116950837,65.73215452299372,0.02857142857142857,0.04714285714285714,0.0
PHASE 2,56,45600,44,1019.957685994576,623.4990037531478,1330.6961125980272,249.08150864109928,245.01894116950837,65.73215452299372,0.04,0.04857142857142857,0.0
PHASE 2,57,46400,44,1019.957685994576,623.4990037531478,1330.6961125980272,249.08150864109928,245.01894116950837,65.73215452299372,0.034285714285714294,0.045714285714285714,0.0
PHASE 2,58,47200,44,1019.957685994576,623.4990037531478,1330.6961125980272,249.08150864109928,245.01894116950837,65.73215452299372,0.039999999999999994,0.04428571428571428,0.0
PHASE 2,59,48000,48,1030.8173614378588,623.4990037531478,1330.6961125980272,253.08770236545215,246.51446343316056,66.40189945490374,0.0,0.0,0.0
PHASE 2,60,48800,48,1030.8173614378588,623.4990037531478,1330.6961125980272,253.08770236545215,246.51446343316056,66.40189945490374,0.05142857142857142,0.05857142857142857,0.0
PHASE 2,61,49600,48,1030.8173614378588,623.4990037531478,1330.6961125980272,253.08770236545215,246.51446343316056,66.40189945490374,0.06857142857142857,0.06142857142857143,0.0
PHASE 2,62,50400,48,1030.8173614378588,623.4990037531478,1330.6961125980272,253.08770236545215,246.51446343316056,66.40189945490374,0.04571428571428571,0.07714285714285715,0.0
PHASE 2,63,51200,48,1030.8173614378588,623.4990037531478,1330.6961125980272,253.08770236545215,246.51446343316056,66.40189945490374,0.06000000000000001,0.055714285714285716,0.0
PHASE 2,64,52000,52,1022.6693339303791,623.4990037531478,1330.6961125980272,252.95146484375073,243.80881560496877,65.7386316852055,0.0,0.0,0.0
PHASE 2,65,52800,52,1022.6693339303794,623.4990037531478,1330.6961125980272,252.95146484375076,243.80881560496877,65.7386316852055,0.04857142857142857,0.05857142857142857,0.0
PHASE 2,66,53600,52,1022.6693339303794,623.4990037531478,1330.6961125980272,252.95146484375076,243.80881560496877,65.7386316852055,0.055714285714285716,0.06714285714285714,0.0
PHASE 2,67,54400,52,1022.6693339303794,623.4990037531478,1330.6961125980272,252.95146484375076,243.80881560496877,65.7386316852055,0.05714285714285715,0.07142857142857142,0.0
PHASE 2,68,55200,52,1022.6693339303794,623.4990037531478,1330.6961125980272,252.95146484375076,243.80881560496877,65.7386316852055,0.055714285714285716,0.07428571428571429,0.0
PHASE 2,69,56000,56,1027.0914029776764,623.4990037531478,1330.6961125980272,254.64124860491145,244.92830868675676,65.94023071074915,0.0,0.0,0.0
PHASE 2,70,56800,56,1027.0914029776764,623.4990037531478,1330.6961125980272,254.64124860491145,244.92830868675676,65.94023071074916,0.05,0.05285714285714286,0.0
PHASE 2,71,57600,56,1027.0914029776764,623.4990037531478,1330.6961125980272,254.64124860491145,244.92830868675676,65.94023071074916,0.06142857142857143,0.06714285714285714,0.0
PHASE 2,72,58400,56,1027.0914029776764,623.4990037531478,1330.6961125980272,254.64124860491145,244.92830868675676,65.94023071074916,0.06000000000000001,0.0657142857142857,0.0
PHASE 2,73,59200,56,1027.0914029776764,623.4990037531478,1330.6961125980272,254.64124860491145,244.92830868675676,65.94023071074916,0.051428571428571435,0.07285714285714287,0.0
PHASE 2,74,60000,60,1020.4499853574214,623.4990037531478,1330.6961125980272,250.1823650173619,245.42728776041747,65.60504157245325,0.0,0.0,0.0
PHASE 2,75,60800,60,1020.4499853574214,623.4990037531478,1330.6961125980272,250.1823650173619,245.42728776041747,65.60504157245325,0.06285714285714286,0.054285714285714284,0.0
PHASE 2,76,61600,60,1020.4499853574214,623.4990037531478,1330.6961125980272,250.1823650173619,245.42728776041747,65.60504157245325,0.052857142857142866,0.06857142857142857,0.0
PHASE 2,77,62400,60,1020.4499853574214,623.4990037531478,1330.6961125980272,250.1823650173619,245.42728776041747,65.60504157245325,0.06428571428571431,0.06857142857142857,0.0
PHASE 2,78,63200,60,1020.4499853574214,623.4990037531478,1330.6961125980272,250.1823650173619,245.42728776041747,65.60504157245325,0.06285714285714286,0.06714285714285714,0.0
PHASE 2,79,64000,64,1020.9345190294382,623.4990037531478,1330.6961125980272,251.25807169596433,244.015207112631,65.70765502760307,0.0,0.0,0.0
PHASE 2,80,64800,64,1020.934519029438,623.4990037531478,1330.6961125980272,251.2580716959643,244.015207112631,65.70765502760307,0.0842857142857143,0.08428571428571428,0.0
PHASE 2,81,65600,64,1020.934519029438,623.4990037531478,1330.6961125980272,251.2580716959643,244.015207112631,65.70765502760307,0.08142857142857143,0.07428571428571429,0.0
PHASE 2,82,66400,64,1020.934519029438,623.4990037531478,1330.6961125980272,251.2580716959643,244.015207112631,65.70765502760307,0.07285714285714287,0.06714285714285714,0.0
PHASE 2,83,67200,64,1020.934519029438,623.4990037531478,1330.6961125980272,251.2580716959643,244.015207112631,65.70765502760307,0.09142857142857144,0.0757142857142857,0.0
PHASE 2,84,68000,68,1013.9952032592897,623.4990037531478,1330.6961125980272,250.0719167432606,241.25126225490277,65.33400303263824,0.0,0.0,0.0
PHASE 2,85,68800,68,1013.9952032592897,623.4990037531478,1330.6961125980272,250.0719167432606,241.25126225490277,65.33400303263825,0.06857142857142859,0.06857142857142857,0.0
PHASE 2,86,69600,68,1013.9952032592897,623.4990037531478,1330.6961125980272,250.0719167432606,241.25126225490277,65.33400303263825,0.08285714285714285,0.08,0.0
PHASE 2,87,70400,68,1013.9952032592897,623.4990037531478,1330.6961125980272,250.0719167432606,241.25126225490277,65.33400303263825,0.08285714285714287,0.08571428571428572,0.0
PHASE 2,88,71200,68,1013.9952032592897,623.4990037531478,1330.6961125980272,250.0719167432606,241.25126225490277,65.33400303263825,0.08714285714285716,0.06142857142857143,0.0
PHASE 2,89,72000,72,1005.0742318900496,396.773355356566,1330.6961125980272,248.94273039641283,238.23208912037114,64.73742654665566,0.0,0.0,0.0
PHASE 2,90,72800,72,1005.0742318900496,396.773355356566,1330.6961125980272,248.94273039641283,238.2320891203712,64.73742654665567,0.08571428571428573,0.07714285714285714,0.0
PHASE 2,91,73600,72,1005.0742318900496,396.773355356566,1330.6961125980272,248.94273039641283,238.2320891203712,64.73742654665567,0.07285714285714287,0.07571428571428572,0.0
PHASE 2,92,74400,72,1005.0742318900496,396.773355356566,1330.6961125980272,248.94273039641283,238.2320891203712,64.73742654665567,0.06857142857142857,0.07714285714285715,0.0
PHASE 2,93,75200,72,1005.0742318900496,396.773355356566,1330.6961125980272,248.94273039641283,238.2320891203712,64.73742654665567,0.08571428571428572,0.08285714285714285,0.0
PHASE 2,94,76000,76,1015.3679000247712,396.773355356566,1477.6957626768462,251.31538685581214,240.41678693804906,65.45446577886146,0.0,0.0,0.0
PHASE 2,95,76800,76,1015.367900024771,396.773355356566,1477.6957626768462,251.3153868558122,240.41678693804906,65.45446577886145,0.06999999999999999,0.08571428571428572,0.0
PHASE 2,96,77600,76,1015.367900024771,396.773355356566,1477.6957626768462,251.3153868558122,240.41678693804906,65.45446577886145,0.07,0.08285714285714285,0.0
PHASE 2,97,78400,76,1015.367900024771,396.773355356566,1477.6957626768462,251.3153868558122,240.41678693804906,65.45446577886145,0.07857142857142858,0.09714285714285714,0.0
PHASE 2,98,79200,76,1015.367900024771,396.773355356566,1477.6957626768462,251.3153868558122,240.41678693804906,65.45446577886145,0.08714285714285716,0.09000000000000001,0.0
PHASE 2,99,80000,80,1016.6570060542138,396.773355356566,1477.6957626768462,252.82493652343828,240.3596777343758,65.4340489745476,0.0,0.0,0.0
PHASE 2,100,80800,80,1016.6570060542139,396.773355356566,1477.6957626768462,252.82493652343828,240.3596777343758,65.4340489745476,0.07571428571428572,0.10571428571428569,0.0
PHASE 2,101,81600,80,1016.6570060542139,396.773355356566,1477.6957626768462,252.82493652343828,240.3596777343758,65.4340489745476,0.09142857142857144,0.10285714285714284,0.0
PHASE 2,102,82400,80,1016.6570060542139,396.773355356566,1477.6957626768462,252.82493652343828,240.3596777343758,65.4340489745476,0.10571428571428572,0.10571428571428572,0.0
PHASE 2,103,83200,80,1016.6570060542139,396.773355356566,1477.6957626768462,252.82493652343828,240.3596777343758,65.4340489745476,0.09000000000000001,0.07285714285714287,0.0
PHASE 2,104,84000,84,1025.4469537705718,396.773355356566,1477.6957626768462,251.86890159970318,245.08166976686584,66.06204780049822,0.0,0.0,0.0
PHASE 2,105,84800,84,1025.4469537705718,396.773355356566,1477.6957626768462,251.86890159970318,245.08166976686582,66.06204780049822,0.08571428571428572,0.10571428571428572,0.0
PHASE 2,106,85600,84,1025.4469537705718,396.773355356566,1477.6957626768462,251.86890159970318,245.08166976686582,66.06204780049822,0.09428571428571429,0.09285714285714285,0.0
PHASE 2,107,86400,84,1025.4469537705718,396.773355356566,1477.6957626768462,251.86890159970318,245.08166976686582,66.06204780049822,0.06714285714285714,0.07285714285714287,0.0
PHASE 2,108,87200,84,1025.4469537705718,396.773355356566,1477.6957626768462,251.86890159970318,245.08166976686582,66.06204780049822,0.07285714285714287,0.09142857142857144,0.0
PHASE 2,109,88000,88,1043.7114447500526,396.773355356566,1525.8057092401782,256.97215701941366,249.3443013139212,67.17437330208789,0.0,0.0,0.0
PHASE 2,110,88800,88,1043.7114447500526,396.773355356566,1525.8057092401782,256.97215701941366,249.3443013139212,67.17437330208787,0.10428571428571429,0.08714285714285715,0.0
PHASE 2,111,89600,88,1043.7114447500526,396.773355356566,1525.8057092401782,256.97215701941366,249.3443013139212,67.17437330208787,0.10142857142857145,0.10857142857142857,0.0
PHASE 2,112,90400,88,1043.7114447500526,396.773355356566,1525.8057092401782,256.97215701941366,249.3443013139212,67.17437330208787,0.07714285714285715,0.12571428571428572,0.0
PHASE 2,113,91200,88,1043.7114447500526,396.773355356566,1525.8057092401782,256.97215701941366,249.3443013139212,67.17437330208787,0.09857142857142857,0.10857142857142858,0.0
PHASE 2,114,92000,92,1045.2512006611407,396.773355356566,1525.8057092401782,257.5250005661239,250.39592023324346,67.16628498271986,0.0,0.0,0.0
PHASE 2,115,92800,92,1045.2512006611407,396.773355356566,1525.8057092401782,257.52500056612394,250.3959202332435,67.16628498271986,0.10285714285714284,0.11142857142857143,0.0
PHASE 2,116,93600,92,1045.2512006611407,396.773355356566,1525.8057092401782,257.52500056612394,250.3959202332435,67.16628498271986,0.08857142857142859,0.08142857142857143,0.0
PHASE 2,117,94400,92,1045.2512006611407,396.773355356566,1525.8057092401782,257.52500056612394,250.3959202332435,67.16628498271986,0.07285714285714287,0.08714285714285715,0.0
PHASE 2,118,95200,92,1045.2512006611407,396.773355356566,1525.8057092401782,257.52500056612394,250.3959202332435,67.16628498271986,0.0757142857142857,0.11285714285714285,0.0
PHASE 2,119,96000,96,1050.8646111820299,396.773355356566,1525.8057092401782,259.29526312934104,250.90706895616395,67.58278488706388,0.0,0.0,0.0
PHASE 2,120,96800,96,1050.8646111820299,396.773355356566,1525.8057092401782,259.295263129341,250.90706895616395,67.58278488706388,0.09857142857142859,0.10285714285714287,0.0
PHASE 2,121,97600,96,1050.8646111820299,396.773355356566,1525.8057092401782,259.295263129341,250.90706895616395,67.58278488706388,0.10142857142857145,0.12428571428571429,0.0
PHASE 2,122,98400,96,1050.8646111820299,396.773355356566,1525.8057092401782,259.295263129341,250.90706895616395,67.58278488706388,0.10857142857142858,0.11285714285714285,0.0
PHASE 2,123,99200,96,1050.8646111820299,396.773355356566,1525.8057092401782,259.295263129341,250.90706895616395,67.58278488706388,0.12142857142857144,0.13,0.0
PHASE 2,124,100000,100,1049.30661985464,396.773355356566,1525.8057092401782,256.3798330729174,252.18584140625072,67.59261817193224,0.0,0.0,0.0
PHASE 2,125,100800,100,1049.3066198546396,396.773355356566,1525.8057092401782,256.37983307291745,252.1858414062508,67.59261817193224,0.13857142857142857,0.12428571428571429,0.0
PHASE 2,126,101600,100,1049.3066198546396,396.773355356566,1525.8057092401782,256.37983307291745,252.1858414062508,67.59261817193224,0.11000000000000001,0.13142857142857145,0.0
PHASE 2,127,102400,100,1049.3066198546396,396.773355356566,1525.8057092401782,256.37983307291745,252.1858414062508,67.59261817193224,0.08571428571428572,0.10714285714285714,0.0
PHASE 2,128,103200,100,1049.3066198546396,396.773355356566,1525.8057092401782,256.37983307291745,252.1858414062508,67.59261817193224,0.13142857142857145,0.13142857142857145,0.0
PHASE 2,129,104000,104,1054.7035132865265,396.773355356566,1525.8057092401782,254.99839869791742,254.1558445312508,68.19365875716807,0.0,0.0,0.0
PHASE 2,130,104800,104,1054.7035132865265,396.773355356566,1525.8057092401782,254.99839869791742,254.15584453125072,68.19365875716807,0.14142857142857143,0.10285714285714287,0.0
PHASE 2,131,105600,104,1054.7035132865265,396.773355356566,1525.8057092401782,254.99839869791742,254.15584453125072,68.19365875716807,0.13285714285714284,0.12000000000000002,0.0
PHASE 2,132,106400,104,1054.7035132865265,396.773355356566,1525.8057092401782,254.99839869791742,254.15584453125072,68.19365875716807,0.11857142857142859,0.10428571428571429,0.0
PHASE 2,133,107200,104,1054.7035132865265,396.773355356566,1525.8057092401782,254.99839869791742,254.15584453125072,68.19365875716807,0.13428571428571429,0.11571428571428573,0.0
PHASE 2,134,108000,108,1061.1430439096184,396.773355356566,1525.8057092401782,259.1966122395841,253.70656536458407,68.52998328817971,0.0,0.0,0.0
PHASE 2,135,108800,108,1061.1430439096182,396.773355356566,1525.8057092401782,259.1966122395841,253.7065653645841,68.52998328817971,0.11000000000000001,0.14714285714285716,0.0
PHASE 2,136,109600,108,1061.1430439096182,396.773355356566,1525.8057092401782,259.1966122395841,253.7065653645841,68.52998328817971,0.09285714285714287,0.11714285714285717,0.0
PHASE 2,137,110400,108,1061.1430439096182,396.773355356566,1525.8057092401782,259.1966122395841,253.7065653645841,68.52998328817971,0.10714285714285716,0.14571428571428574,0.0
PHASE 2,138,111200,108,1061.1430439096182,396.773355356566,1525.8057092401782,259.1966122395841,253.7065653645841,68.52998328817971,0.11142857142857143,0.11142857142857143,0.0
PHASE 2,139,112000,112,1061.2040161783395,396.773355356566,1525.8057092401782,259.15662994791745,253.11426848958413,68.61663971760323,0.0,0.0,0.0
PHASE 2,140,112800,112,1061.2040161783395,396.773355356566,1525.8057092401782,259.15662994791745,253.1142684895841,68.61663971760323,0.14142857142857146,0.15714285714285717,0.0
PHASE 2,141,113600,112,1061.2040161783395,396.773355356566,1525.8057092401782,259.15662994791745,253.1142684895841,68.61663971760323,0.15714285714285717,0.14714285714285716,0.0
PHASE 2,142,114400,112,1061.2040161783395,396.773355356566,1525.8057092401782,259.15662994791745,253.1142684895841,68.61663971760323,0.1685714285714286,0.15000000000000002,0.0
PHASE 2,143,115200,112,1061.2040161783395,396.773355356566,1525.8057092401782,259.15662994791745,253.1142684895841,68.61663971760323,0.1642857142857143,0.16,0.0
PHASE 2,144,116000,116,1071.3133230460883,396.773355356566,1525.8057092401782,261.8253903645841,255.59852786458407,69.23617560211378,0.0,0.0,0.0
PHASE 2,145,116800,116,1071.3133230460883,396.773355356566,1525.8057092401782,261.8253903645841,255.59852786458404,69.23617560211378,0.13857142857142857,0.13428571428571429,0.0
PHASE 2,146,117600,116,1071.3133230460883,396.773355356566,1525.8057092401782,261.8253903645841,255.59852786458404,69.23617560211378,0.12571428571428572,0.15285714285714289,0.0
PHASE 2,147,118400,116,1071.3133230460883,396.773355356566,1525.8057092401782,261.8253903645841,255.59852786458404,69.23617560211378,0.1542857142857143,0.14285714285714288,0.0
PHASE 2,148,119200,116,1071.3133230460883,396.773355356566,1525.8057092401782,261.8253903645841,255.59852786458404,69.23617560211378,0.15714285714285717,0.14285714285714285,0.0
PHASE 2,149,120000,120,1078.5496060051842,396.773355356566,1525.8057092401782,263.0069867187508,257.50399973958406,69.7548274433551,0.0,0.0,0.0
PHASE 2,150,120800,120,1078.5496060051842,396.773355356566,1525.8057092401782,263.0069867187508,257.50399973958406,69.7548274433551,0.12285714285714286,0.13714285714285715,0.0
PHASE 2,151,121600,120,1078.5496060051842,396.773355356566,1525.8057092401782,263.0069867187508,257.50399973958406,69.7548274433551,0.17571428571428574,0.15142857142857144,0.0
PHASE 2,152,122400,120,1078.5496060051842,396.773355356566,1525.8057092401782,263.0069867187508,257.50399973958406,69.7548274433551,0.1442857142857143,0.11714285714285717,0.0
PHASE 2,153,123200,120,1078.5496060051842,396.773355356566,1525.8057092401782,263.0069867187508,257.50399973958406,69.7548274433551,0.1485714285714286,0.17428571428571432,0.0
PHASE 2,154,124000,124,1087.9073438515852,396.773355356566,1525.8057092401782,266.54979921875076,259.69185833333404,70.20821078743657,0.0,0.0,0.0
PHASE 2,155,124800,124,1087.907343851585,396.773355356566,1525.8057092401782,266.54979921875076,259.69185833333404,70.20821078743658,0.13,0.12000000000000002,0.0
PHASE 2,156,125600,124,1087.907343851585,396.773355356566,1525.8057092401782,266.54979921875076,259.69185833333404,70.20821078743658,0.15857142857142859,0.13857142857142857,0.0
PHASE 2,157,126400,124,1087.907343851585,396.773355356566,1525.8057092401782,266.54979921875076,259.69185833333404,70.20821078743658,0.15571428571428575,0.15142857142857144,0.0
PHASE 2,158,127200,124,1087.907343851585,396.773355356566,1525.8057092401782,266.54979921875076,259.69185833333404,70.20821078743658,0.15,0.14,0.0
PHASE 2,159,128000,128,1092.147030884346,396.773355356566,1525.8057092401782,266.98364088541746,262.17918020833406,70.37302622382339,0.0,0.0,0.0
PHASE 2,160,128800,128,1092.1470308843461,396.773355356566,1525.8057092401782,266.9836408854174,262.17918020833406,70.37302622382339,0.13142857142857145,0.21000000000000002,0.0
PHASE 2,161,129600,128,1092.1470308843461,396.773355356566,1525.8057092401782,266.9836408854174,262.17918020833406,70.37302622382339,0.15285714285714286,0.16285714285714287,0.0
PHASE 2,162,130400,128,1092.1470308843461,396.773355356566,1525.8057092401782,266.9836408854174,262.17918020833406,70.37302622382339,0.17142857142857143,0.13000000000000003,0.0
PHASE 2,163,131200,128,1092.1470308843461,396.773355356566,1525.8057092401782,266.9836408854174,262.17918020833406,70.37302622382339,0.14571428571428574,0.1542857142857143,0.0
PHASE 2,164,132000,132,1101.5976300181483,396.773355356566,1525.8057092401782,268.45654088541744,265.0198156250007,71.01515918846545,0.0,0.0,0.0
PHASE 2,165,132800,132,1101.597630018148,396.773355356566,1525.8057092401782,268.45654088541744,265.0198156250007,71.01515918846545,0.12571428571428572,0.1757142857142857,0.0
PHASE 2,166,133600,132,1101.597630018148,396.773355356566,1525.8057092401782,268.45654088541744,265.0198156250007,71.01515918846545,0.12428571428571429,0.21142857142857147,0.0
PHASE 2,167,134400,132,1101.597630018148,396.773355356566,1525.8057092401782,268.45654088541744,265.0198156250007,71.01515918846545,0.15,0.17571428571428577,0.0
PHASE 2,168,135200,132,1101.597630018148,396.773355356566,1525.8057092401782,268.45654088541744,265.0198156250007,71.01515918846545,0.15,0.1542857142857143,0.0
PHASE 2,169,136000,136,1110.80797648047,396.773355356566,1532.6182571855402,268.69230755208406,269.4651416666674,71.5813159077141,0.0,0.0,0.0
PHASE 2,170,136800,136,1110.8079764804702,396.773355356566,1532.6182571855402,268.69230755208406,269.46514166666736,71.5813159077141,0.15857142857142859,0.1842857142857143,0.0
PHASE 2,171,137600,136,1110.8079764804702,396.773355356566,1532.6182571855402,268.69230755208406,269.46514166666736,71.5813159077141,0.1514285714285714,0.14285714285714288,0.0
PHASE 2,172,138400,136,1110.8079764804702,396.773355356566,1532.6182571855402,268.69230755208406,269.46514166666736,71.5813159077141,0.18285714285714288,0.18142857142857144,0.0
PHASE 2,173,139200,136,1110.8079764804702,396.773355356566,1532.6182571855402,268.69230755208406,269.46514166666736,71.5813159077141,0.16142857142857142,0.1542857142857143,0.0
PHASE 2,174,140000,140,1118.416957048621,396.773355356566,1532.6182571855402,271.94976562500074,271.9304697916674,71.81709020399352,0.0,0.0,0.0
PHASE 2,175,140800,140,1118.416957048621,396.773355356566,1532.6182571855402,271.94976562500074,271.9304697916673,71.81709020399352,0.1742857142857143,0.18000000000000002,0.0
PHASE 2,176,141600,140,1118.416957048621,396.773355356566,1532.6182571855402,271.94976562500074,271.9304697916673,71.81709020399352,0.14285714285714288,0.18,0.0
PHASE 2,177,142400,140,1118.416957048621,396.773355356566,1532.6182571855402,271.94976562500074,271.9304697916673,71.81709020399352,0.1471428571428572,0.17714285714285716,0.0
PHASE 2,178,143200,140,1118.416957048621,396.773355356566,1532.6182571855402,271.94976562500074,271.9304697916673,71.81709020399352,0.2,0.1685714285714286,0.0
PHASE 2,179,144000,144,1132.0420249218967,396.773355356566,1553.1329066428962,274.153410677084,276.4051677083339,72.6854308170595,0.0,0.0,0.0
PHASE 2,180,144800,144,1132.0420249218967,396.773355356566,1553.1329066428962,274.1534106770841,276.405167708334,72.6854308170595,0.15571428571428575,0.17,0.0
PHASE 2,181,145600,144,1132.0420249218967,396.773355356566,1553.1329066428962,274.1534106770841,276.405167708334,72.6854308170595,0.18000000000000002,0.17714285714285713,0.0
PHASE 2,182,146400,144,1132.0420249218967,396.773355356566,1553.1329066428962,274.1534106770841,276.405167708334,72.6854308170595,0.13428571428571429,0.17714285714285719,0.0
PHASE 2,183,147200,144,1132.0420249218967,396.773355356566,1553.1329066428962,274.1534106770841,276.405167708334,72.6854308170595,0.1785714285714286,0.16714285714285715,0.0
PHASE 2,184,148000,148,1136.982015841392,396.773355356566,1553.1329066428962,276.44792630208406,276.84623854166733,72.96098137470477,0.0,0.0,0.0
PHASE 2,185,148800,148,1136.9820158413918,396.773355356566,1553.1329066428962,276.447926302084,276.8462385416673,72.96098137470477,0.17714285714285716,0.18285714285714286,0.0
PHASE 2,186,149600,148,1136.9820158413918,396.773355356566,1553.1329066428962,276.447926302084,276.8462385416673,72.96098137470477,0.18285714285714286,0.23000000000000004,0.0
PHASE 2,187,150400,148,1136.9820158413918,396.773355356566,1553.1329066428962,276.447926302084,276.8462385416673,72.96098137470477,0.1757142857142857,0.19714285714285715,0.0
PHASE 2,188,151200,148,1136.9820158413918,396.773355356566,1553.1329066428962,276.447926302084,276.8462385416673,72.96098137470477,0.19142857142857145,0.19285714285714284,0.0
PHASE 2,189,152000,152,1155.0385685121407,396.773355356566,1614.5099303135103,280.513388802084,281.82732083333394,74.08723235959015,0.0,0.0,0.0
PHASE 2,190,152800,152,1155.0385685121407,396.773355356566,1614.5099303135103,280.513388802084,281.827320833334,74.08723235959015,0.18857142857142856,0.17571428571428577,0.0
PHASE 2,191,153600,152,1155.0385685121407,396.773355356566,1614.5099303135103,280.513388802084,281.827320833334,74.08723235959015,0.13285714285714284,0.1842857142857143,0.0
PHASE 2,192,154400,152,1155.0385685121407,396.773355356566,1614.5099303135103,280.513388802084,281.827320833334,74.08723235959015,0.19285714285714287,0.1942857142857143,0.0
PHASE 2,193,155200,152,1155.0385685121407,396.773355356566,1614.5099303135103,280.513388802084,281.827320833334,74.08723235959015,0.1757142857142857,0.20285714285714285,0.0
PHASE 2,194,156000,156,1160.5509242998705,396.773355356566,1614.5099303135103,281.82200442708404,282.069839583334,74.58238503618149,0.0,0.0,0.0
PHASE 2,195,156800,156,1160.5509242998708,396.773355356566,1614.5099303135103,281.822004427084,282.069839583334,74.58238503618149,0.1942857142857143,0.19,0.0
PHASE 2,196,157600,156,1160.5509242998708,396.773355356566,1614.5099303135103,281.822004427084,282.069839583334,74.58238503618149,0.16285714285714287,0.21428571428571433,0.0
PHASE 2,197,158400,156,1160.5509242998708,396.773355356566,1614.5099303135103,281.822004427084,282.069839583334,74.58238503618149,0.19285714285714287,0.16285714285714287,0.0
PHASE 2,198,159200,156,1160.5509242998708,396.773355356566,1614.5099303135103,281.822004427084,282.069839583334,74.58238503618149,0.15571428571428572,0.24142857142857146,0.0
PHASE 2,199,160000,160,1173.793216674592,396.773355356566,1614.5099303135103,286.5592085937506,283.97184791666734,75.40777002052198,0.0,0.0,0.0
PHASE 2,200,160800,160,1173.7932166745918,396.773355356566,1614.5099303135103,286.55920859375067,283.97184791666734,75.40777002052198,0.22857142857142856,0.20428571428571432,0.0
PHASE 2,201,161600,160,1173.7932166745918,396.773355356566,1614.5099303135103,286.55920859375067,283.97184791666734,75.40777002052198,0.18714285714285717,0.20142857142857146,0.0
PHASE 2,202,162400,160,1173.7932166745918,396.773355356566,1614.5099303135103,286.55920859375067,283.97184791666734,75.40777002052198,0.21571428571428575,0.19714285714285715,0.0
PHASE 2,203,163200,160,1173.7932166745918,396.773355356566,1614.5099303135103,286.55920859375067,283.97184791666734,75.40777002052198,0.2257142857142857,0.22285714285714286,0.0
PHASE 2,204,164000,164,1184.8777953019444,396.773355356566,1614.5099303135103,288.8909627604173,288.115859895834,75.98387158071222,0.0,0.0,0.0
PHASE 2,205,164800,164,1184.8777953019444,396.773355356566,1614.5099303135103,288.89096276041727,288.11585989583386,75.98387158071222,0.1928571428571429,0.2485714285714286,0.0
PHASE 2,206,165600,164,1184.8777953019444,396.773355356566,1614.5099303135103,288.89096276041727,288.11585989583386,75.98387158071222,0.20857142857142857,0.2357142857142857,0.0
PHASE 2,207,166400,164,1184.8777953019444,396.773355356566,1614.5099303135103,288.89096276041727,288.11585989583386,75.98387158071222,0.22142857142857145,0.2557142857142857,0.0
PHASE 2,208,167200,164,1184.8777953019444,396.773355356566,1614.5099303135103,288.89096276041727,288.11585989583386,75.98387158071222,0.19714285714285715,0.19571428571428573,0.0
PHASE 2,209,168000,168,1203.7810870035403,396.773355356566,1614.5099303135103,293.52866380208394,293.55239296875055,77.08750377908927,0.0,0.0,0.0
PHASE 2,210,168800,168,1203.7810870035405,396.773355356566,1614.5099303135103,293.52866380208394,293.5523929687506,77.08750377908929,0.23285714285714282,0.23000000000000004,0.0
PHASE 2,211,169600,168,1203.7810870035405,396.773355356566,1614.5099303135103,293.52866380208394,293.5523929687506,77.08750377908929,0.21000000000000002,0.22428571428571428,0.0
PHASE 2,212,170400,168,1203.7810870035405,396.773355356566,1614.5099303135103,293.52866380208394,293.5523929687506,77.08750377908929,0.2157142857142857,0.2257142857142857,0.0
PHASE 2,213,171200,168,1203.7810870035405,396.773355356566,1614.5099303135103,293.52866380208394,293.5523929687506,77.08750377908929,0.17857142857142855,0.20142857142857143,0.0
PHASE 2,214,172000,172,1230.3339134583466,744.8004833010476,1645.5790576887412,298.16625130208394,302.1168997395839,78.75634530208626,0.0,0.0,0.0
PHASE 2,215,172800,172,1230.3339134583462,744.8004833010476,1645.5790576887412,298.166251302084,302.11689973958386,78.75634530208625,0.22142857142857145,0.22714285714285715,0.0
PHASE 2,216,173600,172,1230.3339134583462,744.8004833010476,1645.5790576887412,298.166251302084,302.11689973958386,78.75634530208625,0.21285714285714286,0.18857142857142856,0.0
PHASE 2,217,174400,172,1230.3339134583462,744.8004833010476,1645.5790576887412,298.166251302084,302.11689973958386,78.75634530208625,0.22714285714285715,0.2257142857142857,0.0
PHASE 2,218,175200,172,1230.3339134583462,744.8004833010476,1645.5790576887412,298.166251302084,302.11689973958386,78.75634530208625,0.23000000000000004,0.21571428571428575,0.0
PHASE 2,219,176000,176,1242.015229696733,744.8004833010476,1847.749171448971,302.665688802084,305.16528750000055,79.27303167433263,0.0,0.0,0.0
PHASE 2,220,176800,176,1242.015229696733,744.8004833010476,1847.749171448971,302.665688802084,305.16528750000055,79.27303167433263,0.22285714285714286,0.20428571428571426,0.0
PHASE 2,221,177600,176,1242.015229696733,744.8004833010476,1847.749171448971,302.665688802084,305.16528750000055,79.27303167433263,0.22142857142857145,0.2157142857142857,0.0
PHASE 2,222,178400,176,1242.015229696733,744.8004833010476,1847.749171448971,302.665688802084,305.16528750000055,79.27303167433263,0.22000000000000003,0.22999999999999998,0.0
PHASE 2,223,179200,176,1242.015229696733,744.8004833010476,1847.749171448971,302.665688802084,305.16528750000055,79.27303167433263,0.24,0.23142857142857148,0.0
PHASE 2,224,180000,180,1254.2815820002086,744.8004833010476,1847.749171448971,306.66440859375064,307.4486963541673,80.02105963153821,0.0,0.0,0.0
PHASE 2,225,180800,180,1254.2815820002086,744.8004833010476,1847.749171448971,306.6644085937506,307.4486963541673,80.0210596315382,0.23142857142857146,0.2442857142857143,0.0
PHASE 2,226,181600,180,1254.2815820002086,744.8004833010476,1847.749171448971,306.6644085937506,307.4486963541673,80.0210596315382,0.20428571428571432,0.2542857142857143,0.0
PHASE 2,227,182400,180,1254.2815820002086,744.8004833010476,1847.749171448971,306.6644085937506,307.4486963541673,80.0210596315382,0.2257142857142857,0.23714285714285718,0.0
PHASE 2,228,183200,180,1254.2815820002086,744.8004833010476,1847.749171448971,306.6644085937506,307.4486963541673,80.0210596315382,0.23571428571428577,0.26142857142857145,0.0
PHASE 2,229,184000,184,1252.3405766728108,744.8004833010476,1847.749171448971,307.8382486979172,305.6116015625006,79.86134080155084,0.0,0.0,0.0
PHASE 2,230,184800,184,1252.3405766728108,744.8004833010476,1847.749171448971,307.83824869791727,305.61160156250065,79.86134080155082,0.23714285714285718,0.23714285714285716,0.0
PHASE 2,231,185600,184,1252.3405766728108,744.8004833010476,1847.749171448971,307.83824869791727,305.61160156250065,79.86134080155082,0.26857142857142857,0.21142857142857144,0.0
PHASE 2,232,186400,184,1252.3405766728108,744.8004833010476,1847.749171448971,307.83824869791727,305.61160156250065,79.86134080155082,0.19857142857142857,0.22285714285714286,0.0
PHASE 2,233,187200,184,1252.3405766728108,744.8004833010476,1847.749171448971,307.83824869791727,305.61160156250065,79.86134080155082,0.24285714285714283,0.19285714285714287,0.0
PHASE 2,234,188000,188,1249.817419554504,744.8004833010476,1847.749171448971,307.00274869791724,304.87350546875064,79.74264567348109,0.0,0.0,0.0
PHASE 2,235,188800,188,1249.817419554504,744.8004833010476,1847.749171448971,307.00274869791724,304.87350546875064,79.7426456734811,0.16285714285714287,0.20571428571428574,0.0
PHASE 2,236,189600,188,1249.817419554504,744.8004833010476,1847.749171448971,307.00274869791724,304.87350546875064,79.7426456734811,0.19714285714285718,0.22142857142857145,0.0
PHASE 2,237,190400,188,1249.817419554504,744.8004833010476,1847.749171448971,307.00274869791724,304.87350546875064,79.7426456734811,0.21857142857142858,0.25,0.0
PHASE 2,238,191200,188,1249.817419554504,744.8004833010476,1847.749171448971,307.00274869791724,304.87350546875064,79.7426456734811,0.21000000000000002,0.21857142857142858,0.0
PHASE 2,239,192000,192,1251.1741703813238,744.8004833010476,1847.749171448971,308.1151036458339,303.7636763020839,79.91192380417725,0.0,0.0,0.0
PHASE 2,240,192800,192,1251.1741703813234,744.8004833010476,1847.749171448971,308.1151036458339,303.7636763020839,79.91192380417723,0.22142857142857145,0.21857142857142858,0.0
PHASE 2,241,193600,192,1251.1741703813234,744.8004833010476,1847.749171448971,308.1151036458339,303.7636763020839,79.91192380417723,0.24571428571428572,0.29000000000000004,0.0
PHASE 2,242,194400,192,1251.1741703813234,744.8004833010476,1847.749171448971,308.1151036458339,303.7636763020839,79.91192380417723,0.2814285714285715,0.30142857142857143,0.0
PHASE 2,243,195200,192,1251.1741703813234,744.8004833010476,1847.749171448971,308.1151036458339,303.7636763020839,79.91192380417723,0.24142857142857146,0.2442857142857143,0.0
PHASE 2,244,196000,196,1261.1750883265406,744.8004833010476,1847.749171448971,309.7827817708339,308.7709867187506,80.32766497962139,0.0,0.0,0.0
PHASE 2,245,196800,196,1261.175088326541,744.8004833010476,1847.749171448971,309.7827817708339,308.7709867187506,80.3276649796214,0.1957142857142857,0.25714285714285723,0.0
PHASE 2,246,197600,196,1261.175088326541,744.8004833010476,1847.749171448971,309.7827817708339,308.7709867187506,80.3276649796214,0.24142857142857146,0.23285714285714287,0.0
PHASE 2,247,198400,196,1261.175088326541,744.8004833010476,1847.749171448971,309.7827817708339,308.7709867187506,80.3276649796214,0.25285714285714284,0.2785714285714286,0.0
PHASE 2,248,199200,196,1261.175088326541,744.8004833010476,1847.749171448971,309.7827817708339,308.7709867187506,80.3276649796214,0.23000000000000004,0.3114285714285715,0.0
PHASE 2,249,200000,200,1281.2273575731012,744.8004833010476,1847.749171448971,318.14989921875053,312.39812838541724,81.3349162461188,0.0,0.0,0.0
PHASE 2,250,200800,200,1281.2273575731012,744.8004833010476,1847.749171448971,318.1498992187505,312.39812838541724,81.3349162461188,0.2557142857142857,0.20142857142857143,0.0
PHASE 2,251,201600,200,1281.2273575731012,744.8004833010476,1847.749171448971,318.1498992187505,312.39812838541724,81.3349162461188,0.21142857142857144,0.27,0.0
PHASE 2,252,202400,200,1281.2273575731012,744.8004833010476,1847.749171448971,318.1498992187505,312.39812838541724,81.3349162461188,0.2542857142857143,0.20571428571428574,0.0
PHASE 2,253,203200,200,1281.2273575731012,744.8004833010476,1847.749171448971,318.1498992187505,312.39812838541724,81.3349162461188,0.21857142857142858,0.26142857142857145,0.0
PHASE 2,254,204000,204,1301.2471351559711,744.8004833010476,1847.749171448971,324.8159825520838,317.7560617187506,82.3343863606446,0.0,0.0,0.0
PHASE 2,255,204800,204,1301.2471351559711,744.8004833010476,1847.749171448971,324.8159825520838,317.7560617187505,82.3343863606446,0.3028571428571428,0.23714285714285718,0.0
PHASE 2,256,205600,204,1301.2471351559711,744.8004833010476,1847.749171448971,324.8159825520838,317.7560617187505,82.3343863606446,0.22142857142857145,0.24142857142857146,0.0
PHASE 2,257,206400,204,1301.2471351559711,744.8004833010476,1847.749171448971,324.8159825520838,317.7560617187505,82.3343863606446,0.20428571428571426,0.2385714285714286,0.0
PHASE 2,258,207200,204,1301.2471351559711,744.8004833010476,1847.749171448971,324.8159825520838,317.7560617187505,82.3343863606446,0.21428571428571433,0.25428571428571434,0.0
PHASE 2,259,208000,208,1311.5160370327444,744.8004833010476,1847.749171448971,326.52224348958384,322.2294804687505,82.84553913430409,0.0,0.0,0.0
PHASE 2,260,208800,208,1311.5160370327449,744.8004833010476,1847.749171448971,326.52224348958384,322.22948046875047,82.84553913430409,0.20857142857142857,0.26428571428571435,0.0
PHASE 2,261,209600,208,1311.5160370327449,744.8004833010476,1847.749171448971,326.52224348958384,322.22948046875047,82.84553913430409,0.23714285714285718,0.2414285714285714,0.0
PHASE 2,262,210400,208,1311.5160370327449,744.8004833010476,1847.749171448971,326.52224348958384,322.22948046875047,82.84553913430409,0.25857142857142856,0.2342857142857143,0.0
PHASE 2,263,211200,208,1311.5160370327449,744.8004833010476,1847.749171448971,326.52224348958384,322.22948046875047,82.84553913430409,0.2957142857142857,0.25857142857142856,0.0
PHASE 2,264,212000,212,1333.7465009687978,744.8004833010476,1847.749171448971,332.04233177083387,327.5768190104172,84.26591877344656,0.0,0.0,0.0
PHASE 2,265,212800,212,1333.7465009687976,744.8004833010476,1847.749171448971,332.04233177083387,327.5768190104172,84.26591877344656,0.3014285714285715,0.2471428571428572,0.0
PHASE 2,266,213600,212,1333.7465009687976,744.8004833010476,1847.749171448971,332.04233177083387,327.5768190104172,84.26591877344656,0.2528571428571429,0.2871428571428572,0.0
PHASE 2,267,214400,212,1333.7465009687976,744.8004833010476,1847.749171448971,332.04233177083387,327.5768190104172,84.26591877344656,0.26000000000000006,0.23142857142857146,0.0
PHASE 2,268,215200,212,1333.7465009687976,744.8004833010476,1847.749171448971,332.04233177083387,327.5768190104172,84.26591877344656,0.26142857142857145,0.2414285714285714,0.0
PHASE 2,269,216000,216,1336.7675973864316,744.8004833010476,1847.749171448971,332.38710859375044,329.69561276041713,84.33560950403626,0.0,0.0,0.0
PHASE 2,270,216800,216,1336.7675973864318,744.8004833010476,1847.749171448971,332.3871085937506,329.6956127604172,84.33560950403626,0.27571428571428575,0.21714285714285717,0.0
PHASE 2,271,217600,216,1336.7675973864318,744.8004833010476,1847.749171448971,332.3871085937506,329.6956127604172,84.33560950403626,0.29,0.2285714285714286,0.0
PHASE 2,272,218400,216,1336.7675973864318,744.8004833010476,1847.749171448971,332.3871085937506,329.6956127604172,84.33560950403626,0.24714285714285716,0.2985714285714286,0.0
PHASE 2,273,219200,216,1336.7675973864318,744.8004833010476,1847.749171448971,332.3871085937506,329.6956127604172,84.33560950403626,0.26428571428571435,0.2885714285714286,0.0
PHASE 2,274,220000,220,1344.5397821963227,744.8004833010476,1847.749171448971,334.4215684895839,331.8606408854172,84.78219660266859,0.0,0.0,0.0
PHASE 2,275,220800,220,1344.5397821963227,744.8004833010476,1847.749171448971,334.4215684895838,331.8606408854172,84.78219660266858,0.3171428571428571,0.27285714285714285,0.0
PHASE 2,276,221600,220,1344.5397821963227,744.8004833010476,1847.749171448971,334.4215684895838,331.8606408854172,84.78219660266858,0.26142857142857145,0.21857142857142858,0.0
PHASE 2,277,222400,220,1344.5397821963227,744.8004833010476,1847.749171448971,334.4215684895838,331.8606408854172,84.78219660266858,0.2542857142857143,0.28857142857142853,0.0
PHASE 2,278,223200,220,1344.5397821963227,744.8004833010476,1847.749171448971,334.4215684895838,331.8606408854172,84.78219660266858,0.27142857142857146,0.22857142857142856,0.0
PHASE 2,279,224000,224,1356.6898903579772,744.8004833010476,1847.749171448971,334.6045132812505,337.75625546875045,85.54114020100066,0.0,0.0,0.0
PHASE 2,280,224800,224,1356.6898903579774,744.8004833010476,1847.749171448971,334.6045132812505,337.75625546875045,85.54114020100066,0.2985714285714286,0.27285714285714285,0.0
PHASE 2,281,225600,224,1356.6898903579774,744.8004833010476,1847.749171448971,334.6045132812505,337.75625546875045,85.54114020100066,0.33428571428571435,0.27142857142857146,0.0
PHASE 2,282,226400,224,1356.6898903579774,744.8004833010476,1847.749171448971,334.6045132812505,337.75625546875045,85.54114020100066,0.3028571428571428,0.3271428571428572,0.0
PHASE 2,283,227200,224,1356.6898903579774,744.8004833010476,1847.749171448971,334.6045132812505,337.75625546875045,85.54114020100066,0.2914285714285714,0.26428571428571435,0.0
PHASE 2,284,228000,228,1359.7528745948014,744.8004833010476,1847.749171448971,338.60659348958376,335.68259505208385,85.68296075664536,0.0,0.0,0.0
PHASE 2,285,228800,228,1359.7528745948011,744.8004833010476,1847.749171448971,338.60659348958376,335.6825950520837,85.68296075664536,0.24714285714285716,0.27714285714285725,0.0
PHASE 2,286,229600,228,1359.7528745948011,744.8004833010476,1847.749171448971,338.60659348958376,335.6825950520837,85.68296075664536,0.3128571428571429,0.28285714285714286,0.0
PHASE 2,287,230400,228,1359.7528745948011,744.8004833010476,1847.749171448971,338.60659348958376,335.6825950520837,85.68296075664536,0.30571428571428577,0.2828571428571429,0.0
PHASE 2,288,231200,228,1359.7528745948011,744.8004833010476,1847.749171448971,338.60659348958376,335.6825950520837,85.68296075664536,0.3571428571428572,0.27999999999999997,0.0
PHASE 2,289,232000,232,1366.5826467813426,744.8004833010476,1847.749171448971,340.3639914062504,338.1689000000004,86.00621942189022,0.0,0.0,0.0
PHASE 2,290,232800,232,1366.5826467813426,744.8004833010476,1847.749171448971,340.3639914062505,338.1689000000005,86.00621942189022,0.2671428571428572,0.33142857142857146,0.0
PHASE 2,291,233600,232,1366.5826467813426,744.8004833010476,1847.749171448971,340.3639914062505,338.1689000000005,86.00621942189022,0.28428571428571436,0.2985714285714286,0.0
PHASE 2,292,234400,232,1366.5826467813426,744.8004833010476,1847.749171448971,340.3639914062505,338.1689000000005,86.00621942189022,0.27142857142857146,0.2942857142857143,0.0
PHASE 2,293,235200,232,1366.5826467813426,744.8004833010476,1847.749171448971,340.3639914062505,338.1689000000005,86.00621942189022,0.2357142857142857,0.26142857142857145,0.0
PHASE 2,294,236000,236,1383.1700726851193,744.8004833010476,1847.749171448971,346.93297682291717,341.8379322916671,86.79989544632087,0.0,0.0,0.0
PHASE 2,295,236800,236,1383.1700726851188,744.8004833010476,1847.749171448971,346.93297682291717,341.8379322916672,86.7998954463209,0.3114285714285715,0.3371428571428572,0.0
PHASE 2,296,237600,236,1383.1700726851188,744.8004833010476,1847.749171448971,346.93297682291717,341.8379322916672,86.7998954463209,0.22142857142857145,0.27999999999999997,0.0
PHASE 2,297,238400,236,1383.1700726851188,744.8004833010476,1847.749171448971,346.93297682291717,341.8379322916672,86.7998954463209,0.3057142857142857,0.31142857142857144,0.0
PHASE 2,298,239200,236,1383.1700726851188,744.8004833010476,1847.749171448971,346.93297682291717,341.8379322916672,86.7998954463209,0.2571428571428571,0.2557142857142857,0.0
PHASE 2,299,240000,240,1391.0509652016117,744.8004833010476,1847.749171448971,347.94779062500044,345.13523437500044,87.24599252520548,0.0,0.0,0.0
PHASE 2,300,240800,240,1391.050965201612,744.8004833010476,1847.749171448971,347.9477906250005,345.1352343750005,87.24599252520548,0.3014285714285715,0.26285714285714284,0.0
PHASE 2,301,241600,240,1391.050965201612,744.8004833010476,1847.749171448971,347.9477906250005,345.1352343750005,87.24599252520548,0.2985714285714286,0.2557142857142858,0.0
PHASE 2,302,242400,240,1391.050965201612,744.8004833010476,1847.749171448971,347.9477906250005,345.1352343750005,87.24599252520548,0.2957142857142857,0.26000000000000006,0.0
PHASE 2,303,243200,240,1391.050965201612,744.8004833010476,1847.749171448971,347.9477906250005,345.1352343750005,87.24599252520548,0.31428571428571433,0.33857142857142863,0.0
PHASE 2,304,244000,244,1393.2978002849234,744.8004833010476,1847.749171448971,351.1644528645839,343.5434583333338,87.32373613587983,0.0,0.0,0.0
PHASE 2,305,244800,244,1393.2978002849234,744.8004833010476,1847.749171448971,351.1644528645838,343.5434583333338,87.32373613587984,0.2942857142857143,0.31,0.0
PHASE 2,306,245600,244,1393.2978002849234,744.8004833010476,1847.749171448971,351.1644528645838,343.5434583333338,87.32373613587984,0.2942857142857143,0.3028571428571429,0.0
PHASE 2,307,246400,244,1393.2978002849234,744.8004833010476,1847.749171448971,351.1644528645838,343.5434583333338,87.32373613587984,0.2557142857142857,0.24000000000000005,0.0
PHASE 2,308,247200,244,1393.2978002849234,744.8004833010476,1847.749171448971,351.1644528645838,343.5434583333338,87.32373613587984,0.2885714285714286,0.3185714285714286,0.0
PHASE 2,309,248000,248,1408.5396022718448,744.8004833010476,1847.749171448971,354.4557143229171,349.76157708333375,88.04028885820364,0.0,0.0,0.0
PHASE 2,310,248800,248,1408.5396022718448,744.8004833010476,1847.749171448971,354.4557143229172,349.76157708333375,88.04028885820364,0.31428571428571433,0.26857142857142857,0.0
PHASE 2,311,249600,248,1408.5396022718448,744.8004833010476,1847.749171448971,354.4557143229172,349.76157708333375,88.04028885820364,0.3042857142857143,0.2842857142857143,0.0
PHASE 2,312,250400,248,1408.5396022718448,744.8004833010476,1847.749171448971,354.4557143229172,349.76157708333375,88.04028885820364,0.30714285714285716,0.26571428571428574,0.0
PHASE 2,313,251200,248,1408.5396022718448,744.8004833010476,1847.749171448971,354.4557143229172,349.76157708333375,88.04028885820364,0.3471428571428571,0.3271428571428571,0.0
PHASE 2,314,252000,252,1415.1017127505659,744.8004833010476,1847.749171448971,355.3608111979172,353.36368437500045,88.29715214721065,0.0,0.0,0.0
PHASE 2,315,252800,252,1415.1017127505659,744.8004833010476,1847.749171448971,355.36081119791714,353.36368437500045,88.29715214721065,0.32142857142857145,0.2842857142857143,0.0
PHASE 2,316,253600,252,1415.1017127505659,744.8004833010476,1847.749171448971,355.36081119791714,353.36368437500045,88.29715214721065,0.2785714285714286,0.2914285714285715,0.0
PHASE 2,317,254400,252,1415.1017127505659,744.8004833010476,1847.749171448971,355.36081119791714,353.36368437500045,88.29715214721065,0.2914285714285714,0.2728571428571429,0.0
PHASE 2,318,255200,252,1415.1017127505659,744.8004833010476,1847.749171448971,355.36081119791714,353.36368437500045,88.29715214721065,0.2885714285714286,0.3057142857142857,0.0
PHASE 2,319,256000,256,1425.3094716838668,813.5411366211704,1847.749171448971,356.7205601562505,358.7148177083337,88.73426172741515,0.0,0.0,0.0
PHASE 2,320,256800,256,1425.309471683867,813.5411366211704,1847.749171448971,356.7205601562505,358.7148177083338,88.73426172741515,0.2971428571428572,0.3142857142857143,0.0
PHASE 2,321,257600,256,1425.309471683867,813.5411366211704,1847.749171448971,356.7205601562505,358.7148177083338,88.73426172741515,0.34,0.3828571428571429,0.0
PHASE 2,322,258400,256,1425.309471683867,813.5411366211704,1847.749171448971,356.7205601562505,358.7148177083338,88.73426172741515,0.34714285714285714,0.29714285714285715,0.0
PHASE 2,323,259200,256,1425.309471683867,813.5411366211704,1847.749171448971,356.7205601562505,358.7148177083338,88.73426172741515,0.33428571428571435,0.3157142857142857,0.0
PHASE 2,324,260000,260,1433.664006835834,813.5411366211704,1847.749171448971,357.3341018229171,362.8846895833338,89.18065192870286,0.0,0.0,0.0
PHASE 2,325,260800,260,1433.6640068358347,813.5411366211704,1847.749171448971,357.3341018229171,362.88468958333374,89.18065192870286,0.3185714285714286,0.29285714285714287,0.0
PHASE 2,326,261600,260,1433.6640068358347,813.5411366211704,1847.749171448971,357.3341018229171,362.88468958333374,89.18065192870286,0.32857142857142857,0.2985714285714286,0.0
PHASE 2,327,262400,260,1433.6640068358347,813.5411366211704,1847.749171448971,357.3341018229171,362.88468958333374,89.18065192870286,0.45714285714285713,0.2814285714285715,0.0
PHASE 2,328,263200,260,1433.6640068358347,813.5411366211704,1847.749171448971,357.3341018229171,362.88468958333374,89.18065192870286,0.3614285714285715,0.3157142857142857,0.0
PHASE 2,329,264000,264,1433.268835771801,813.5411366211704,1847.749171448971,357.024448697917,362.4087406250004,89.22945580611551,0.0,0.0,0.0
PHASE 2,330,264800,264,1433.2688357718012,813.5411366211704,1847.749171448971,357.0244486979171,362.40874062500035,89.22945580611552,0.3971428571428572,0.3542857142857143,0.0
PHASE 2,331,265600,264,1433.2688357718012,813.5411366211704,1847.749171448971,357.0244486979171,362.40874062500035,89.22945580611552,0.3285714285714286,0.31714285714285717,0.0
PHASE 2,332,266400,264,1433.2688357718012,813.5411366211704,1847.749171448971,357.0244486979171,362.40874062500035,89.22945580611552,0.30857142857142855,0.29285714285714287,0.0
PHASE 2,333,267200,264,1433.2688357718012,813.5411366211704,1847.749171448971,357.0244486979171,362.40874062500035,89.22945580611552,0.2885714285714286,0.30142857142857143,0.0
PHASE 2,334,268000,268,1435.167813899164,813.5411366211704,1847.749171448971,358.3345997395838,362.24348177083374,89.32371654859837,0.0,0.0,0.0
PHASE 2,335,268800,268,1435.167813899164,813.5411366211704,1847.749171448971,358.33459973958395,362.2434817708339,89.32371654859836,0.36571428571428577,0.31714285714285717,0.0
PHASE 2,336,269600,268,1435.167813899164,813.5411366211704,1847.749171448971,358.33459973958395,362.2434817708339,89.32371654859836,0.35571428571428576,0.38142857142857145,0.0
PHASE 2,337,270400,268,1435.167813899164,813.5411366211704,1847.749171448971,358.33459973958395,362.2434817708339,89.32371654859836,0.31,0.3514285714285714,0.0
PHASE 2,338,271200,268,1435.167813899164,813.5411366211704,1847.749171448971,358.33459973958395,362.2434817708339,89.32371654859836,0.3271428571428571,0.33857142857142863,0.0
PHASE 2,339,272000,272,1434.9771481302141,813.5411366211704,1847.749171448971,360.4893778645838,361.3177156250005,89.14625683008379,0.0,0.0,0.0
PHASE 2,340,272800,272,1434.9771481302141,813.5411366211704,1847.749171448971,360.48937786458373,361.3177156250004,89.14625683008379,0.27285714285714285,0.26857142857142857,0.0
PHASE 2,341,273600,272,1434.9771481302141,813.5411366211704,1847.749171448971,360.48937786458373,361.3177156250004,89.14625683008379,0.35428571428571437,0.35571428571428576,0.0
PHASE 2,342,274400,272,1434.9771481302141,813.5411366211704,1847.749171448971,360.48937786458373,361.3177156250004,89.14625683008379,0.3742857142857143,0.3857142857142857,0.0
PHASE 2,343,275200,272,1434.9771481302141,813.5411366211704,1847.749171448971,360.48937786458373,361.3177156250004,89.14625683008379,0.2857142857142857,0.29000000000000004,0.0
PHASE 2,344,276000,276,1443.1627716125022,813.5411366211704,1942.751043234218,360.5104559895837,364.1304500000004,89.81523320286996,0.0,0.0,0.0
PHASE 2,345,276800,276,1443.1627716125017,813.5411366211704,1942.751043234218,360.5104559895837,364.1304500000004,89.81523320286996,0.42142857142857143,0.3385714285714286,0.0
PHASE 2,346,277600,276,1443.1627716125017,813.5411366211704,1942.751043234218,360.5104559895837,364.1304500000004,89.81523320286996,0.3628571428571429,0.3757142857142858,0.0
PHASE 2,347,278400,276,1443.1627716125017,813.5411366211704,1942.751043234218,360.5104559895837,364.1304500000004,89.81523320286996,0.4128571428571428,0.3371428571428572,0.0
PHASE 2,348,279200,276,1443.1627716125017,813.5411366211704,1942.751043234218,360.5104559895837,364.1304500000004,89.81523320286996,0.3614285714285715,0.3814285714285714,0.0
PHASE 2,349,280000,280,1445.4943933734298,813.5411366211704,1942.751043234218,359.92220182291703,365.92771119791706,89.95556004407986,0.0,0.0,0.0
PHASE 2,350,280800,280,1445.49439337343,813.5411366211704,1942.751043234218,359.9222018229172,365.9277111979172,89.95556004407986,0.26857142857142857,0.3128571428571429,0.0
PHASE 2,351,281600,280,1445.49439337343,813.5411366211704,1942.751043234218,359.9222018229172,365.9277111979172,89.95556004407986,0.36142857142857143,0.3571428571428572,0.0
PHASE 2,352,282400,280,1445.49439337343,813.5411366211704,1942.751043234218,359.9222018229172,365.9277111979172,89.95556004407986,0.3442857142857143,0.3414285714285715,0.0
PHASE 2,353,283200,280,1445.49439337343,813.5411366211704,1942.751043234218,359.9222018229172,365.9277111979172,89.95556004407986,0.31,0.37714285714285717,0.0
PHASE 2,354,284000,284,1463.5524797652906,1047.9800098264527,1942.751043234218,365.42470546875046,369.65084140625055,91.0596166112919,0.0,0.0,0.0
PHASE 2,355,284800,284,1463.5524797652909,1047.9800098264527,1942.751043234218,365.4247054687504,369.6508414062505,91.0596166112919,0.3628571428571429,0.30714285714285716,0.0
PHASE 2,356,285600,284,1463.5524797652909,1047.9800098264527,1942.751043234218,365.4247054687504,369.6508414062505,91.0596166112919,0.29428571428571426,0.3400000000000001,0.0
PHASE 2,357,286400,284,1463.5524797652909,1047.9800098264527,1942.751043234218,365.4247054687504,369.6508414062505,91.0596166112919,0.3085714285714286,0.3728571428571429,0.0
PHASE 2,358,287200,284,1463.5524797652909,1047.9800098264527,1942.751043234218,365.4247054687504,369.6508414062505,91.0596166112919,0.2857142857142857,0.31000000000000005,0.0
PHASE 2,359,288000,288,1470.9989381668922,1047.9800098264527,1942.751043234218,367.2064221354171,372.0171476562505,91.47192104690886,0.0,0.0,0.0
PHASE 2,360,288800,288,1470.9989381668922,1047.9800098264527,1942.751043234218,367.20642213541714,372.0171476562505,91.47192104690886,0.3571428571428571,0.39142857142857146,0.0
PHASE 2,361,289600,288,1470.9989381668922,1047.9800098264527,1942.751043234218,367.20642213541714,372.0171476562505,91.47192104690886,0.35,0.31000000000000005,0.0
PHASE 2,362,290400,288,1470.9989381668922,1047.9800098264527,1942.751043234218,367.20642213541714,372.0171476562505,91.47192104690886,0.32999999999999996,0.33857142857142863,0.0
PHASE 2,363,291200,288,1470.9989381668922,1047.9800098264527,1942.751043234218,367.20642213541714,372.0171476562505,91.47192104690886,0.3,0.32571428571428573,0.0
PHASE 2,364,292000,292,1486.6613121890528,1047.9800098264527,1942.751043234218,371.08961588541706,377.51647109375045,92.25690315124184,0.0,0.0,0.0
PHASE 2,365,292800,292,1486.6613121890523,1047.9800098264527,1942.751043234218,371.089615885417,377.51647109375045,92.25690315124184,0.4185714285714286,0.3028571428571428,0.0
PHASE 2,366,293600,292,1486.6613121890523,1047.9800098264527,1942.751043234218,371.089615885417,377.51647109375045,92.25690315124184,0.35428571428571426,0.31142857142857144,0.0
PHASE 2,367,294400,292,1486.6613121890523,1047.9800098264527,1942.751043234218,371.089615885417,377.51647109375045,92.25690315124184,0.40428571428571425,0.3157142857142857,0.0
PHASE 2,368,295200,292,1486.6613121890523,1047.9800098264527,1942.751043234218,371.089615885417,377.51647109375045,92.25690315124184,0.3514285714285715,0.3985714285714286,0.0
PHASE 2,369,296000,296,1488.8824646929083,1047.9800098264527,1942.751043234218,373.01395234375036,375.06885442708386,92.59995724026547,0.0,0.0,0.0
PHASE 2,370,296800,296,1488.8824646929081,1047.9800098264527,1942.751043234218,373.01395234375036,375.06885442708386,92.59995724026547,0.40714285714285714,0.32571428571428573,0.0
PHASE 2,371,297600,296,1488.8824646929081,1047.9800098264527,1942.751043234218,373.01395234375036,375.06885442708386,92.59995724026547,0.4685714285714285,0.37714285714285717,0.0
PHASE 2,372,298400,296,1488.8824646929081,1047.9800098264527,1942.751043234218,373.01395234375036,375.06885442708386,92.59995724026547,0.32571428571428573,0.42000000000000004,0.0
PHASE 2,373,299200,296,1488.8824646929081,1047.9800098264527,1942.751043234218,373.01395234375036,375.06885442708386,92.59995724026547,0.4314285714285715,0.3185714285714286,0.0
PHASE 2,374,300000,300,1486.6106611955609,1047.9800098264527,1942.751043234218,373.2359523437504,373.75056171875053,92.45301839163865,0.0,0.0,0.0
PHASE 2,375,300800,300,1486.6106611955609,1047.9800098264527,1942.751043234218,373.23595234375034,373.7505617187505,92.45301839163865,0.44000000000000006,0.38000000000000006,0.0
PHASE 2,376,301600,300,1486.6106611955609,1047.9800098264527,1942.751043234218,373.23595234375034,373.7505617187505,92.45301839163865,0.41142857142857137,0.43,0.0
PHASE 2,377,302400,300,1486.6106611955609,1047.9800098264527,1942.751043234218,373.23595234375034,373.7505617187505,92.45301839163865,0.3642857142857143,0.41000000000000003,0.0
PHASE 2,378,303200,300,1486.6106611955609,1047.9800098264527,1942.751043234218,373.23595234375034,373.7505617187505,92.45301839163865,0.3928571428571429,0.41571428571428576,0.0
PHASE 2,379,304000,304,1479.0648756984374,1047.9800098264527,1942.751043234218,373.02979817708365,370.0432429687505,91.99897931908143,0.0,0.0,0.0
PHASE 2,380,304800,304,1479.064875698438,1047.9800098264527,1942.751043234218,373.02979817708365,370.0432429687504,91.99897931908143,0.34571428571428575,0.26999999999999996,0.0
PHASE 2,381,305600,304,1479.064875698438,1047.9800098264527,1942.751043234218,373.02979817708365,370.0432429687504,91.99897931908143,0.42000000000000004,0.35714285714285715,0.0
PHASE 2,382,306400,304,1479.064875698438,1047.9800098264527,1942.751043234218,373.02979817708365,370.0432429687504,91.99897931908143,0.42142857142857143,0.3628571428571429,0.0
PHASE 2,383,307200,304,1479.064875698438,1047.9800098264527,1942.751043234218,373.02979817708365,370.0432429687504,91.99897931908143,0.3671428571428571,0.39285714285714285,0.0
PHASE 2,384,308000,308,1475.916980883148,1047.9800098264527,1942.751043234218,370.43361744791696,370.31757838541716,91.89572313123276,0.0,0.0,0.0
PHASE 2,385,308800,308,1475.9169808831473,1047.9800098264527,1942.751043234218,370.4336174479171,370.31757838541716,91.89572313123276,0.43285714285714283,0.3585714285714286,0.0
PHASE 2,386,309600,308,1475.9169808831473,1047.9800098264527,1942.751043234218,370.4336174479171,370.31757838541716,91.89572313123276,0.35714285714285715,0.30285714285714294,0.0
PHASE 2,387,310400,308,1475.9169808831473,1047.9800098264527,1942.751043234218,370.4336174479171,370.31757838541716,91.89572313123276,0.40714285714285714,0.3828571428571429,0.0
PHASE 2,388,311200,308,1475.9169808831473,1047.9800098264527,1942.751043234218,370.4336174479171,370.31757838541716,91.89572313123276,0.41428571428571426,0.3771428571428571,0.0
PHASE 2,389,312000,312,1476.0712607474102,1047.9800098264527,1942.751043234218,370.9825330729171,371.06463776041716,91.75301123926573,0.0,0.0,0.0
PHASE 2,390,312800,312,1476.071260747411,1047.9800098264527,1942.751043234218,370.9825330729171,371.0646377604171,91.75301123926573,0.3814285714285715,0.43571428571428567,0.0
PHASE 2,391,313600,312,1476.071260747411,1047.9800098264527,1942.751043234218,370.9825330729171,371.0646377604171,91.75301123926573,0.3585714285714286,0.37,0.0
PHASE 2,392,314400,312,1476.071260747411,1047.9800098264527,1942.751043234218,370.9825330729171,371.0646377604171,91.75301123926573,0.3485714285714286,0.4185714285714286,0.0
PHASE 2,393,315200,312,1476.071260747411,1047.9800098264527,1942.751043234218,370.9825330729171,371.0646377604171,91.75301123926573,0.3614285714285715,0.3728571428571429,0.0
PHASE 2,394,316000,316,1472.745026309537,1047.9800098264527,1942.751043234218,373.71780104166714,366.79857838541716,91.52858086031264,0.0,0.0,0.0
PHASE 2,395,316800,316,1472.7450263095368,1047.9800098264527,1942.751043234218,373.71780104166714,366.79857838541716,91.52858086031264,0.3185714285714286,0.38428571428571434,0.0
PHASE 2,396,317600,316,1472.7450263095368,1047.9800098264527,1942.751043234218,373.71780104166714,366.79857838541716,91.52858086031264,0.4114285714285715,0.37142857142857144,0.0
PHASE 2,397,318400,316,1472.7450263095368,1047.9800098264527,1942.751043234218,373.71780104166714,366.79857838541716,91.52858086031264,0.3442857142857143,0.4271428571428572,0.0
PHASE 2,398,319200,316,1472.7450263095368,1047.9800098264527,1942.751043234218,373.71780104166714,366.79857838541716,91.52858086031264,0.41000000000000003,0.42000000000000004,0.0
PHASE 2,399,320000,320,1475.3013651811534,1047.9800098264527,1942.751043234218,375.5125447916671,366.33496484375047,91.6817319432233,0.0,0.0,0.0
PHASE 2,400,320800,320,1475.3013651811532,1047.9800098264527,1942.751043234218,375.5125447916671,366.3349648437504,91.6817319432233,0.36714285714285716,0.36714285714285716,0.0
PHASE 2,401,321600,320,1475.3013651811532,1047.9800098264527,1942.751043234218,375.5125447916671,366.3349648437504,91.6817319432233,0.3528571428571429,0.44000000000000006,0.0
PHASE 2,402,322400,320,1475.3013651811532,1047.9800098264527,1942.751043234218,375.5125447916671,366.3349648437504,91.6817319432233,0.31428571428571433,0.5014285714285714,0.0
PHASE 2,403,323200,320,1475.3013651811532,1047.9800098264527,1942.751043234218,375.5125447916671,366.3349648437504,91.6817319432233,0.38428571428571434,0.4142857142857143,0.0
PHASE 2,404,324000,324,1479.7980833094948,1047.9800098264527,1942.751043234218,379.864001041667,366.41335859375044,91.69009045926609,0.0,0.0,0.0
PHASE 2,405,324800,324,1479.7980833094948,1047.9800098264527,1942.751043234218,379.86400104166705,366.4133585937504,91.69009045926609,0.4942857142857144,0.41714285714285715,0.0
PHASE 2,406,325600,324,1479.7980833094948,1047.9800098264527,1942.751043234218,379.86400104166705,366.4133585937504,91.69009045926609,0.4514285714285714,0.4642857142857143,0.0
PHASE 2,407,326400,324,1479.7980833094948,1047.9800098264527,1942.751043234218,379.86400104166705,366.4133585937504,91.69009045926609,0.34285714285714286,0.3985714285714287,0.0
PHASE 2,408,327200,324,1479.7980833094948,1047.9800098264527,1942.751043234218,379.86400104166705,366.4133585937504,91.69009045926609,0.42714285714285716,0.35571428571428576,0.0
PHASE 2,409,328000,328,1482.7485126967379,1047.9800098264527,1942.751043234218,379.35452500000036,369.3326460937504,91.75766770037983,0.0,0.0,0.0
PHASE 2,410,328800,328,1482.748512696738,1047.9800098264527,1942.751043234218,379.3545250000003,369.3326460937504,91.75766770037983,0.45285714285714285,0.4557142857142858,0.0
PHASE 2,411,329600,328,1482.748512696738,1047.9800098264527,1942.751043234218,379.3545250000003,369.3326460937504,91.75766770037983,0.4471428571428572,0.4185714285714286,0.0
PHASE 2,412,330400,328,1482.748512696738,1047.9800098264527,1942.751043234218,379.3545250000003,369.3326460937504,91.75766770037983,0.4514285714285714,0.39714285714285713,0.0
PHASE 2,413,331200,328,1482.748512696738,1047.9800098264527,1942.751043234218,379.3545250000003,369.3326460937504,91.75766770037983,0.4185714285714285,0.34714285714285714,0.0
PHASE 2,414,332000,332,1486.4300002136051,1113.8656566630098,1942.751043234218,383.188460416667,368.1496661458337,91.88648420639458,0.0,0.0,0.0
PHASE 2,415,332800,332,1486.4300002136047,1113.8656566630098,1942.751043234218,383.18846041666706,368.14966614583375,91.8864842063946,0.40714285714285714,0.39571428571428574,0.0
PHASE 2,416,333600,332,1486.4300002136047,1113.8656566630098,1942.751043234218,383.18846041666706,368.14966614583375,91.8864842063946,0.4228571428571429,0.43428571428571433,0.0
PHASE 2,417,334400,332,1486.4300002136047,1113.8656566630098,1942.751043234218,383.18846041666706,368.14966614583375,91.8864842063946,0.4128571428571429,0.4757142857142858,0.0
PHASE 2,418,335200,332,1486.4300002136047,1113.8656566630098,1942.751043234218,383.18846041666706,368.14966614583375,91.8864842063946,0.42428571428571427,0.4114285714285715,0.0
PHASE 2,419,336000,336,1480.4716006039305,1113.8656566630098,1942.751043234218,379.92906875000045,368.4221169270838,91.51505186586232,0.0,0.0,0.0
PHASE 2,420,336800,336,1480.471600603931,1113.8656566630098,1942.751043234218,379.9290687500004,368.4221169270837,91.51505186586233,0.41428571428571426,0.3785714285714286,0.0
PHASE 2,421,337600,336,1480.471600603931,1113.8656566630098,1942.751043234218,379.9290687500004,368.4221169270837,91.51505186586233,0.43000000000000005,0.5042857142857142,0.0
PHASE 2,422,338400,336,1480.471600603931,1113.8656566630098,1942.751043234218,379.9290687500004,368.4221169270837,91.51505186586233,0.3885714285714286,0.4257142857142858,0.0
PHASE 2,423,339200,336,1480.471600603931,1113.8656566630098,1942.751043234218,379.9290687500004,368.4221169270837,91.51505186586233,0.31285714285714283,0.45285714285714296,0.0
PHASE 2,424,340000,340,1479.5976660553927,1113.8656566630098,1942.751043234218,378.89632395833365,368.6143731770837,91.51087111500343,0.0,0.0,0.0
PHASE 2,425,340800,340,1479.5976660553922,1113.8656566630098,1942.751043234218,378.89632395833377,368.61437317708373,91.51087111500343,0.43571428571428567,0.42857142857142866,0.0
PHASE 2,426,341600,340,1479.5976660553922,1113.8656566630098,1942.751043234218,378.89632395833377,368.61437317708373,91.51087111500343,0.35714285714285715,0.43000000000000005,0.0
PHASE 2,427,342400,340,1479.5976660553922,1113.8656566630098,1942.751043234218,378.89632395833377,368.61437317708373,91.51087111500343,0.43428571428571433,0.45714285714285713,0.0
PHASE 2,428,343200,340,1479.5976660553922,1113.8656566630098,1942.751043234218,378.89632395833377,368.61437317708373,91.51087111500343,0.4128571428571428,0.41571428571428565,0.0
PHASE 2,429,344000,344,1487.4552455125483,1113.8656566630098,1942.751043234218,380.63992916666706,371.8714325520839,91.86798547423136,0.0,0.0,0.0
PHASE 2,430,344800,344,1487.4552455125493,1113.8656566630098,1942.751043234218,380.63992916666706,371.8714325520838,91.86798547423136,0.41571428571428576,0.2957142857142857,0.0
PHASE 2,431,345600,344,1487.4552455125493,1113.8656566630098,1942.751043234218,380.63992916666706,371.8714325520838,91.86798547423136,0.3742857142857143,0.34714285714285714,0.0
PHASE 2,432,346400,344,1487.4552455125493,1113.8656566630098,1942.751043234218,380.63992916666706,371.8714325520838,91.86798547423136,0.32857142857142857,0.43714285714285717,0.0
PHASE 2,433,347200,344,1487.4552455125493,1113.8656566630098,1942.751043234218,380.63992916666706,371.8714325520838,91.86798547423136,0.45,0.3942857142857143,0.0
PHASE 2,434,348000,348,1482.6486021329006,1113.8656566630098,1942.751043234218,377.6520583333338,371.92406692708374,91.6340596090669,0.0,0.0,0.0
PHASE 2,435,348800,348,1482.6486021329006,1113.8656566630098,1942.751043234218,377.6520583333338,371.92406692708374,91.63405960906688,0.35857142857142854,0.3985714285714286,0.0
PHASE 2,436,349600,348,1482.6486021329006,1113.8656566630098,1942.751043234218,377.6520583333338,371.92406692708374,91.63405960906688,0.39857142857142863,0.45285714285714296,0.0
PHASE 2,437,350400,348,1482.6486021329006,1113.8656566630098,1942.751043234218,377.6520583333338,371.92406692708374,91.63405960906688,0.4257142857142857,0.5342857142857144,0.0
PHASE 2,438,351200,348,1482.6486021329006,1113.8656566630098,1942.751043234218,377.6520583333338,371.92406692708374,91.63405960906688,0.4257142857142858,0.4471428571428572,0.0
PHASE 2,439,352000,352,1480.1949795713604,1113.8656566630098,1942.751043234218,377.7430781250004,369.55286380208383,91.612379705541,0.0,0.0,0.0
PHASE 2,440,352800,352,1480.1949795713601,1113.8656566630098,1942.751043234218,377.7430781250003,369.5528638020837,91.612379705541,0.43714285714285717,0.38,0.0
PHASE 2,441,353600,352,1480.1949795713601,1113.8656566630098,1942.751043234218,377.7430781250003,369.5528638020837,91.612379705541,0.42428571428571427,0.41571428571428565,0.0
PHASE 2,442,354400,352,1480.1949795713601,1113.8656566630098,1942.751043234218,377.7430781250003,369.5528638020837,91.612379705541,0.38,0.4257142857142857,0.0
PHASE 2,443,355200,352,1480.1949795713601,1113.8656566630098,1942.751043234218,377.7430781250003,369.5528638020837,91.612379705541,0.3914285714285714,0.34714285714285714,0.0
PHASE 2,444,356000,356,1478.4966642564582,1093.177024080622,1942.751043234218,378.7808770833337,367.70404921875047,91.5014672443032,0.0,0.0,0.0
PHASE 2,445,356800,356,1478.4966642564582,1093.177024080622,1942.751043234218,378.7808770833337,367.70404921875047,91.5014672443032,0.39,0.44142857142857145,0.0
PHASE 2,446,357600,356,1478.4966642564582,1093.177024080622,1942.751043234218,378.7808770833337,367.70404921875047,91.5014672443032,0.4314285714285715,0.3728571428571429,0.0
PHASE 2,447,358400,356,1478.4966642564582,1093.177024080622,1942.751043234218,378.7808770833337,367.70404921875047,91.5014672443032,0.43285714285714294,0.4628571428571429,0.0
PHASE 2,448,359200,356,1478.4966642564582,1093.177024080622,1942.751043234218,378.7808770833337,367.70404921875047,91.5014672443032,0.42714285714285716,0.4314285714285715,0.0
PHASE 2,449,360000,360,1473.0311070432967,874.9387269232805,1942.751043234218,380.4413718750004,363.64007187500044,91.11870791166821,0.0,0.0,0.0
PHASE 2,450,360800,360,1473.0311070432967,874.9387269232805,1942.751043234218,380.4413718750004,363.6400718750005,91.1187079116682,0.3471428571428571,0.3757142857142857,0.0
PHASE 2,451,361600,360,1473.0311070432967,874.9387269232805,1942.751043234218,380.4413718750004,363.6400718750005,91.1187079116682,0.36,0.3985714285714286,0.0
PHASE 2,452,362400,360,1473.0311070432967,874.9387269232805,1942.751043234218,380.4413718750004,363.6400718750005,91.1187079116682,0.42857142857142866,0.3857142857142858,0.0
PHASE 2,453,363200,360,1473.0311070432967,874.9387269232805,1942.751043234218,380.4413718750004,363.6400718750005,91.1187079116682,0.42000000000000004,0.4628571428571429,0.0
PHASE 2,454,364000,364,1484.6028410783954,874.9387269232805,1942.751043234218,385.0629895833337,366.0409354166672,91.68736450980552,0.0,0.0,0.0
PHASE 2,455,364800,364,1484.6028410783956,874.9387269232805,1942.751043234218,385.0629895833337,366.04093541666697,91.68736450980552,0.45714285714285713,0.40285714285714286,0.0
PHASE 2,456,365600,364,1484.6028410783956,874.9387269232805,1942.751043234218,385.0629895833337,366.04093541666697,91.68736450980552,0.46142857142857147,0.43714285714285717,0.0
PHASE 2,457,366400,364,1484.6028410783956,874.9387269232805,1942.751043234218,385.0629895833337,366.04093541666697,91.68736450980552,0.41571428571428576,0.4557142857142858,0.0
PHASE 2,458,367200,364,1484.6028410783956,874.9387269232805,1942.751043234218,385.0629895833337,366.04093541666697,91.68736450980552,0.39142857142857146,0.4757142857142858,0.0
PHASE 2,459,368000,368,1489.0565604230273,874.9387269232805,1942.751043234218,385.7946520833337,367.990110416667,91.90897474038462,0.0,0.0,0.0
PHASE 2,460,368800,368,1489.0565604230273,874.9387269232805,1942.751043234218,385.7946520833337,367.990110416667,91.90897474038462,0.3628571428571429,0.4828571428571428,0.0
PHASE 2,461,369600,368,1489.0565604230273,874.9387269232805,1942.751043234218,385.7946520833337,367.990110416667,91.90897474038462,0.28571428571428575,0.4642857142857143,0.0
PHASE 2,462,370400,368,1489.0565604230273,874.9387269232805,1942.751043234218,385.7946520833337,367.990110416667,91.90897474038462,0.3928571428571429,0.43285714285714294,0.0
PHASE 2,463,371200,368,1489.0565604230273,874.9387269232805,1942.751043234218,385.7946520833337,367.990110416667,91.90897474038462,0.38428571428571434,0.4028571428571429,0.0
PHASE 2,464,372000,372,1486.6891166740897,874.9387269232805,1942.751043234218,385.3924625000003,367.1229156250005,91.77171731864237,0.0,0.0,0.0
PHASE 2,465,372800,372,1486.6891166740895,874.9387269232805,1942.751043234218,385.3924625000004,367.12291562500036,91.77171731864233,0.3485714285714286,0.3942857142857143,0.0
PHASE 2,466,373600,372,1486.6891166740895,874.9387269232805,1942.751043234218,385.3924625000004,367.12291562500036,91.77171731864233,0.38428571428571423,0.4128571428571429,0.0
PHASE 2,467,374400,372,1486.6891166740895,874.9387269232805,1942.751043234218,385.3924625000004,367.12291562500036,91.77171731864233,0.4514285714285715,0.40714285714285714,0.0
PHASE 2,468,375200,372,1486.6891166740895,874.9387269232805,1942.751043234218,385.3924625000004,367.12291562500036,91.77171731864233,0.43428571428571433,0.3814285714285715,0.0
PHASE 2,469,376000,376,1479.8174574523914,874.9387269232805,1855.3756541168432,384.2476390625004,366.21524791666707,91.16932130915913,0.0,0.0,0.0
PHASE 2,470,376800,376,1479.8174574523919,874.9387269232805,1855.3756541168432,384.2476390625003,366.215247916667,91.16932130915913,0.39571428571428574,0.4,0.0
PHASE 2,471,377600,376,1479.8174574523919,874.9387269232805,1855.3756541168432,384.2476390625003,366.215247916667,91.16932130915913,0.49142857142857144,0.3885714285714286,0.0
PHASE 2,472,378400,376,1479.8174574523919,874.9387269232805,1855.3756541168432,384.2476390625003,366.215247916667,91.16932130915913,0.40714285714285714,0.36000000000000004,0.0
PHASE 2,473,379200,376,1479.8174574523919,874.9387269232805,1855.3756541168432,384.2476390625003,366.215247916667,91.16932130915913,0.41571428571428576,0.47142857142857153,0.0
PHASE 2,474,380000,380,1485.690273955168,874.9387269232805,1855.3756541168432,385.4315380208336,368.60826145833363,91.45630930950612,0.0,0.0,0.0
PHASE 2,475,380800,380,1485.690273955168,874.9387269232805,1855.3756541168432,385.43153802083367,368.6082614583336,91.45630930950611,0.4,0.40285714285714286,0.0
PHASE 2,476,381600,380,1485.690273955168,874.9387269232805,1855.3756541168432,385.43153802083367,368.6082614583336,91.45630930950611,0.42285714285714293,0.37142857142857144,0.0
PHASE 2,477,382400,380,1485.690273955168,874.9387269232805,1855.3756541168432,385.43153802083367,368.6082614583336,91.45630930950611,0.45999999999999996,0.36714285714285716,0.0
PHASE 2,478,383200,380,1485.690273955168,874.9387269232805,1855.3756541168432,385.43153802083367,368.6082614583336,91.45630930950611,0.3885714285714286,0.4314285714285715,0.0
PHASE 2,479,384000,384,1483.5111590204483,874.9387269232805,1820.8073818643709,384.18759218750034,370.4801593750003,91.10542593224953,0.0,0.0,0.0
PHASE 2,480,384800,384,1483.511159020448,874.9387269232805,1820.8073818643709,384.1875921875003,370.4801593750003,91.10542593224955,0.41714285714285715,0.40428571428571425,0.0
PHASE 2,481,385600,384,1483.511159020448,874.9387269232805,1820.8073818643709,384.1875921875003,370.4801593750003,91.10542593224955,0.42428571428571427,0.43285714285714294,0.0
PHASE 2,482,386400,384,1483.511159020448,874.9387269232805,1820.8073818643709,384.1875921875003,370.4801593750003,91.10542593224955,0.41571428571428576,0.40285714285714286,0.0
PHASE 2,483,387200,384,1483.511159020448,874.9387269232805,1820.8073818643709,384.1875921875003,370.4801593750003,91.10542593224955,0.3857142857142858,0.38428571428571423,0.0
PHASE 2,484,388000,388,1479.0027999372523,874.9387269232805,1820.8073818643709,383.6246546875003,369.9098395833336,90.68353820830845,0.0,0.0,0.0
PHASE 2,485,388800,388,1479.0027999372523,874.9387269232805,1820.8073818643709,383.62465468750037,369.9098395833336,90.68353820830845,0.4228571428571429,0.4671428571428572,0.0
PHASE 2,486,389600,388,1479.0027999372523,874.9387269232805,1820.8073818643709,383.62465468750037,369.9098395833336,90.68353820830845,0.36571428571428577,0.35571428571428576,0.0
PHASE 2,487,390400,388,1479.0027999372523,874.9387269232805,1820.8073818643709,383.62465468750037,369.9098395833336,90.68353820830845,0.49142857142857144,0.4228571428571429,0.0
PHASE 2,488,391200,388,1479.0027999372523,874.9387269232805,1820.8073818643709,383.62465468750037,369.9098395833336,90.68353820830845,0.41714285714285726,0.3585714285714286,0.0
PHASE 2,489,392000,392,1475.9735118866188,874.9387269232805,1820.8073818643709,383.48341197916704,367.973471354167,90.56457856916663,0.0,0.0,0.0
PHASE 2,490,392800,392,1475.9735118866186,874.9387269232805,1820.8073818643709,383.483411979167,367.973471354167,90.56457856916663,0.3957142857142857,0.4471428571428572,0.0
PHASE 2,491,393600,392,1475.9735118866186,874.9387269232805,1820.8073818643709,383.483411979167,367.973471354167,90.56457856916663,0.35000000000000003,0.3985714285714286,0.0
PHASE 2,492,394400,392,1475.9735118866186,874.9387269232805,1820.8073818643709,383.483411979167,367.973471354167,90.56457856916663,0.4428571428571429,0.3628571428571429,0.0
PHASE 2,493,395200,392,1475.9735118866186,874.9387269232805,1820.8073818643709,383.483411979167,367.973471354167,90.56457856916663,0.3685714285714286,0.39000000000000007,0.0
PHASE 2,494,396000,396,1473.6589100554352,874.9387269232805,1820.8073818643709,380.34641510416697,371.8807588541669,90.1789670121436,0.0,0.0,0.0
PHASE 2,495,396800,396,1473.6589100554352,874.9387269232805,1820.8073818643709,380.3464151041669,371.8807588541669,90.1789670121436,0.37,0.4757142857142857,0.0
PHASE 2,496,397600,396,1473.6589100554352,874.9387269232805,1820.8073818643709,380.3464151041669,371.8807588541669,90.1789670121436,0.4442857142857143,0.38000000000000006,0.0
PHASE 2,497,398400,396,1473.6589100554352,874.9387269232805,1820.8073818643709,380.3464151041669,371.8807588541669,90.1789670121436,0.34285714285714286,0.33,0.0
PHASE 2,498,399200,396,1473.6589100554352,874.9387269232805,1820.8073818643709,380.3464151041669,371.8807588541669,90.1789670121436,0.35285714285714287,0.37142857142857144,0.0
PHASE 2,499,400000,400,1475.8771695042471,874.9387269232805,1820.8073818643709,380.02952343750025,373.2137953125003,90.32923134428677,0.0,0.0,0.0
PHASE 2,500,400800,400,1475.8771695042474,874.9387269232805,1820.8073818643709,380.0295234375003,373.2137953125003,90.32923134428678,0.35428571428571426,0.3871428571428571,0.0
PHASE 2,501,401600,400,1475.8771695042474,874.9387269232805,1820.8073818643709,380.0295234375003,373.2137953125003,90.32923134428678,0.40714285714285714,0.3914285714285714,0.0
PHASE 2,502,402400,400,1475.8771695042474,874.9387269232805,1820.8073818643709,380.0295234375003,373.2137953125003,90.32923134428678,0.4071428571428572,0.49142857142857144,0.0
PHASE 2,503,403200,400,1475.8771695042474,874.9387269232805,1820.8073818643709,380.0295234375003,373.2137953125003,90.32923134428678,0.40857142857142864,0.47714285714285715,0.0
PHASE 2,504,404000,404,1483.6159274591957,874.9387269232805,1820.8073818643709,381.2403723958336,376.14932552083366,90.77827869282217,0.0,0.0,0.0
PHASE 2,505,404800,404,1483.6159274591962,874.9387269232805,1820.8073818643709,381.2403723958336,376.1493255208337,90.77827869282217,0.4,0.32428571428571434,0.0
PHASE 2,506,405600,404,1483.6159274591962,874.9387269232805,1820.8073818643709,381.2403723958336,376.1493255208337,90.77827869282217,0.49000000000000005,0.42000000000000004,0.0
PHASE 2,507,406400,404,1483.6159274591962,874.9387269232805,1820.8073818643709,381.2403723958336,376.1493255208337,90.77827869282217,0.4128571428571428,0.3742857142857143,0.0
PHASE 2,508,407200,404,1483.6159274591962,874.9387269232805,1820.8073818643709,381.2403723958336,376.1493255208337,90.77827869282217,0.3628571428571429,0.38428571428571434,0.0
PHASE 2,509,408000,408,1498.5856558230066,874.9387269232805,1863.5764819158267,386.5784265625002,379.320268229167,91.58587012892353,0.0,0.0,0.0
PHASE 2,510,408800,408,1498.5856558230062,874.9387269232805,1863.5764819158267,386.5784265625002,379.32026822916697,91.58587012892353,0.46571428571428575,0.4628571428571429,0.0
PHASE 2,511,409600,408,1498.5856558230062,874.9387269232805,1863.5764819158267,386.5784265625002,379.32026822916697,91.58587012892353,0.4514285714285714,0.4357142857142858,0.0
PHASE 2,512,410400,408,1498.5856558230062,874.9387269232805,1863.5764819158267,386.5784265625002,379.32026822916697,91.58587012892353,0.4257142857142857,0.37,0.0
PHASE 2,513,411200,408,1498.5856558230062,874.9387269232805,1863.5764819158267,386.5784265625002,379.32026822916697,91.58587012892353,0.3757142857142858,0.3728571428571429,0.0
PHASE 2,514,412000,412,1490.9589583808847,874.9387269232805,1863.5764819158267,385.4048265625003,375.820293229167,91.21672982365813,0.0,0.0,0.0
PHASE 2,515,412800,412,1490.958958380884,874.9387269232805,1863.5764819158267,385.4048265625004,375.820293229167,91.21672982365813,0.4071428571428572,0.39142857142857146,0.0
PHASE 2,516,413600,412,1490.958958380884,874.9387269232805,1863.5764819158267,385.4048265625004,375.820293229167,91.21672982365813,0.3642857142857143,0.4128571428571429,0.0
PHASE 2,517,414400,412,1490.958958380884,874.9387269232805,1863.5764819158267,385.4048265625004,375.820293229167,91.21672982365813,0.3342857142857143,0.4471428571428572,0.0
PHASE 2,518,415200,412,1490.958958380884,874.9387269232805,1863.5764819158267,385.4048265625004,375.820293229167,91.21672982365813,0.43000000000000005,0.4442857142857143,0.0
PHASE 2,519,416000,416,1490.475331833959,874.9387269232805,1863.5764819158267,383.51597552083365,377.1167046875003,91.23033145320927,0.0,0.0,0.0
PHASE 2,520,416800,416,1490.4753318339594,874.9387269232805,1863.5764819158267,383.5159755208336,377.1167046875003,91.23033145320926,0.3985714285714286,0.35285714285714287,0.0
PHASE 2,521,417600,416,1490.4753318339594,874.9387269232805,1863.5764819158267,383.5159755208336,377.1167046875003,91.23033145320926,0.36571428571428577,0.41714285714285726,0.0
PHASE 2,522,418400,416,1490.4753318339594,874.9387269232805,1863.5764819158267,383.5159755208336,377.1167046875003,91.23033145320926,0.45714285714285713,0.46428571428571425,0.0
PHASE 2,523,419200,416,1490.4753318339594,874.9387269232805,1863.5764819158267,383.5159755208336,377.1167046875003,91.23033145320926,0.43,0.47714285714285715,0.0
PHASE 2,524,420000,420,1480.6953651645617,874.9387269232805,1863.5764819158267,378.60109010416693,377.5669901041669,90.56591061953426,0.0,0.0,0.0
PHASE 2,525,420800,420,1480.6953651645613,874.9387269232805,1863.5764819158267,378.60109010416704,377.5669901041669,90.56591061953428,0.3628571428571429,0.4314285714285715,0.0
PHASE 2,526,421600,420,1480.6953651645613,874.9387269232805,1863.5764819158267,378.60109010416704,377.5669901041669,90.56591061953428,0.4057142857142857,0.41999999999999993,0.0
PHASE 2,527,422400,420,1480.6953651645613,874.9387269232805,1863.5764819158267,378.60109010416704,377.5669901041669,90.56591061953428,0.4,0.39428571428571435,0.0
PHASE 2,528,423200,420,1480.6953651645613,874.9387269232805,1863.5764819158267,378.60109010416704,377.5669901041669,90.56591061953428,0.40857142857142853,0.46571428571428575,0.0
PHASE 2,529,424000,424,1477.567163063903,874.9387269232805,1863.5764819158267,377.60221093750033,375.70282135416693,90.53276634653528,0.0,0.0,0.0
PHASE 2,530,424800,424,1477.5671630639033,874.9387269232805,1863.5764819158267,377.6022109375002,375.7028213541669,90.53276634653528,0.4314285714285715,0.46571428571428586,0.0
PHASE 2,531,425600,424,1477.5671630639033,874.9387269232805,1863.5764819158267,377.6022109375002,375.7028213541669,90.53276634653528,0.37,0.41571428571428576,0.0
PHASE 2,532,426400,424,1477.5671630639033,874.9387269232805,1863.5764819158267,377.6022109375002,375.7028213541669,90.53276634653528,0.3628571428571429,0.38,0.0
PHASE 2,533,427200,424,1477.5671630639033,874.9387269232805,1863.5764819158267,377.6022109375002,375.7028213541669,90.53276634653528,0.42142857142857154,0.4514285714285715,0.0
PHASE 2,534,428000,428,1492.8834026461436,874.9387269232805,1960.917794147814,380.8298088541669,379.97555156250024,91.50975527869042,0.0,0.0,0.0
PHASE 2,535,428800,428,1492.8834026461438,874.9387269232805,1960.917794147814,380.8298088541669,379.97555156250024,91.50975527869045,0.43000000000000005,0.40857142857142853,0.0
PHASE 2,536,429600,428,1492.8834026461438,874.9387269232805,1960.917794147814,380.8298088541669,379.97555156250024,91.50975527869045,0.4185714285714286,0.4128571428571428,0.0
PHASE 2,537,430400,428,1492.8834026461438,874.9387269232805,1960.917794147814,380.8298088541669,379.97555156250024,91.50975527869045,0.4542857142857143,0.36,0.0
PHASE 2,538,431200,428,1492.8834026461438,874.9387269232805,1960.917794147814,380.8298088541669,379.97555156250024,91.50975527869045,0.3871428571428571,0.43571428571428567,0.0
PHASE 2,539,432000,432,1492.2189692146173,874.9387269232805,1960.917794147814,378.94017135416686,381.254946354167,91.50298143829136,0.0,0.0,0.0
PHASE 2,540,432800,432,1492.2189692146173,874.9387269232805,1960.917794147814,378.940171354167,381.25494635416703,91.50298143829136,0.3757142857142858,0.3514285714285715,0.0
PHASE 2,541,433600,432,1492.2189692146173,874.9387269232805,1960.917794147814,378.940171354167,381.25494635416703,91.50298143829136,0.33857142857142863,0.5042857142857143,0.0
PHASE 2,542,434400,432,1492.2189692146173,874.9387269232805,1960.917794147814,378.940171354167,381.25494635416703,91.50298143829136,0.3342857142857143,0.3085714285714286,0.0
PHASE 2,543,435200,432,1492.2189692146173,874.9387269232805,1960.917794147814,378.940171354167,381.25494635416703,91.50298143829136,0.49857142857142855,0.45,0.0
PHASE 2,544,436000,436,1489.0152606781776,874.9387269232805,1960.917794147814,379.9944859375002,379.03375494791703,91.24837747410103,0.0,0.0,0.0
PHASE 2,545,436800,436,1489.0152606781778,874.9387269232805,1960.917794147814,379.99448593750026,379.033754947917,91.24837747410103,0.53,0.41714285714285715,0.0
PHASE 2,546,437600,436,1489.0152606781778,874.9387269232805,1960.917794147814,379.99448593750026,379.033754947917,91.24837747410103,0.4428571428571429,0.3985714285714286,0.0
PHASE 2,547,438400,436,1489.0152606781778,874.9387269232805,1960.917794147814,379.99448593750026,379.033754947917,91.24837747410103,0.4128571428571429,0.42428571428571427,0.0
PHASE 2,548,439200,436,1489.0152606781778,874.9387269232805,1960.917794147814,379.99448593750026,379.033754947917,91.24837747410103,0.3828571428571429,0.3828571428571429,0.0
PHASE 2,549,440000,440,1495.9239057889345,874.9387269232805,1960.917794147814,382.5499484375003,380.8783059895837,91.56195642023724,0.0,0.0,0.0
PHASE 2,550,440800,440,1495.9239057889345,874.9387269232805,1960.917794147814,382.5499484375003,380.8783059895837,91.56195642023724,0.472857142857143,0.37142857142857144,0.0
PHASE 2,551,441600,440,1495.9239057889345,874.9387269232805,1960.917794147814,382.5499484375003,380.8783059895837,91.56195642023724,0.4685714285714286,0.4,0.0
PHASE 2,552,442400,440,1495.9239057889345,874.9387269232805,1960.917794147814,382.5499484375003,380.8783059895837,91.56195642023724,0.3571428571428571,0.5085714285714287,0.0
PHASE 2,553,443200,440,1495.9239057889345,874.9387269232805,1960.917794147814,382.5499484375003,380.8783059895837,91.56195642023724,0.39571428571428574,0.4671428571428572,0.0
PHASE 2,554,444000,444,1490.543339698978,874.9387269232805,1960.917794147814,379.95827343750034,380.234198697917,91.29385844545088,0.0,0.0,0.0
PHASE 2,555,444800,444,1490.543339698978,874.9387269232805,1960.917794147814,379.9582734375002,380.234198697917,91.29385844545088,0.37428571428571433,0.4842857142857143,0.0
PHASE 2,556,445600,444,1490.543339698978,874.9387269232805,1960.917794147814,379.9582734375002,380.234198697917,91.29385844545088,0.42714285714285716,0.46571428571428575,0.0
PHASE 2,557,446400,444,1490.543339698978,874.9387269232805,1960.917794147814,379.9582734375002,380.234198697917,91.29385844545088,0.4514285714285714,0.47142857142857153,0.0
PHASE 2,558,447200,444,1490.543339698978,874.9387269232805,1960.917794147814,379.9582734375002,380.234198697917,91.29385844545088,0.4028571428571429,0.41571428571428576,0.0
PHASE 2,559,448000,448,1499.617754728898,874.9387269232805,1960.917794147814,382.93058385416697,381.29594244791696,91.92390355335765,0.0,0.0,0.0
PHASE 2,560,448800,448,1499.6177547288983,874.9387269232805,1960.917794147814,382.930583854167,381.2959424479169,91.92390355335765,0.2985714285714286,0.3314285714285715,0.0
PHASE 2,561,449600,448,1499.6177547288983,874.9387269232805,1960.917794147814,382.930583854167,381.2959424479169,91.92390355335765,0.3742857142857143,0.32142857142857145,0.0
PHASE 2,562,450400,448,1499.6177547288983,874.9387269232805,1960.917794147814,382.930583854167,381.2959424479169,91.92390355335765,0.39142857142857146,0.4571428571428572,0.0
PHASE 2,563,451200,448,1499.6177547288983,874.9387269232805,1960.917794147814,382.930583854167,381.2959424479169,91.92390355335765,0.3957142857142858,0.4557142857142858,0.0
PHASE 2,564,452000,452,1500.056447069964,874.9387269232805,1960.917794147814,381.84026822916707,383.0514320312503,91.89559335119924,0.0,0.0,0.0
PHASE 2,565,452800,452,1500.056447069964,874.9387269232805,1960.917794147814,381.84026822916707,383.0514320312503,91.89559335119924,0.39,0.3371428571428572,0.0
PHASE 2,566,453600,452,1500.056447069964,874.9387269232805,1960.917794147814,381.84026822916707,383.0514320312503,91.89559335119924,0.3871428571428572,0.37142857142857144,0.0
PHASE 2,567,454400,452,1500.056447069964,874.9387269232805,1960.917794147814,381.84026822916707,383.0514320312503,91.89559335119924,0.43714285714285717,0.5042857142857143,0.0
PHASE 2,568,455200,452,1500.056447069964,874.9387269232805,1960.917794147814,381.84026822916707,383.0514320312503,91.89559335119924,0.34571428571428575,0.3614285714285715,0.0
PHASE 2,569,456000,456,1504.5029214319586,874.9387269232805,1960.917794147814,383.7241078125004,384.45115598958364,92.04095720374036,0.0,0.0,0.0
PHASE 2,570,456800,456,1504.5029214319586,874.9387269232805,1960.917794147814,383.7241078125002,384.45115598958364,92.04095720374036,0.40285714285714286,0.40857142857142853,0.0
PHASE 2,571,457600,456,1504.5029214319586,874.9387269232805,1960.917794147814,383.7241078125002,384.45115598958364,92.04095720374036,0.4257142857142857,0.3185714285714286,0.0
PHASE 2,572,458400,456,1504.5029214319586,874.9387269232805,1960.917794147814,383.7241078125002,384.45115598958364,92.04095720374036,0.38857142857142857,0.35857142857142865,0.0
PHASE 2,573,459200,456,1504.5029214319586,874.9387269232805,1960.917794147814,383.7241078125002,384.45115598958364,92.04095720374036,0.4,0.4357142857142858,0.0
PHASE 2,574,460000,460,1516.7881385371456,985.6994997208504,1960.917794147814,387.09976796875026,388.0377625000003,92.70632600855562,0.0,0.0,0.0
PHASE 2,575,460800,460,1516.7881385371452,985.6994997208504,1960.917794147814,387.09976796875037,388.03776250000027,92.70632600855562,0.41714285714285715,0.4114285714285715,0.0
PHASE 2,576,461600,460,1516.7881385371452,985.6994997208504,1960.917794147814,387.09976796875037,388.03776250000027,92.70632600855562,0.3085714285714286,0.4614285714285716,0.0
PHASE 2,577,462400,460,1516.7881385371452,985.6994997208504,1960.917794147814,387.09976796875037,388.03776250000027,92.70632600855562,0.43,0.4385714285714285,0.0
PHASE 2,578,463200,460,1516.7881385371452,985.6994997208504,1960.917794147814,387.09976796875037,388.03776250000027,92.70632600855562,0.34142857142857147,0.37,0.0
PHASE 2,579,464000,464,1509.7888628160729,985.6994997208504,1960.917794147814,384.3782695312504,386.56668020833354,92.35548913456729,0.0,0.0,0.0
PHASE 2,580,464800,464,1509.7888628160733,985.6994997208504,1960.917794147814,384.3782695312504,386.56668020833354,92.35548913456729,0.3857142857142857,0.48428571428571426,0.0
PHASE 2,581,465600,464,1509.7888628160733,985.6994997208504,1960.917794147814,384.3782695312504,386.56668020833354,92.35548913456729,0.4671428571428571,0.4185714285714286,0.0
PHASE 2,582,466400,464,1509.7888628160733,985.6994997208504,1960.917794147814,384.3782695312504,386.56668020833354,92.35548913456729,0.3171428571428571,0.4,0.0
PHASE 2,583,467200,464,1509.7888628160733,985.6994997208504,1960.917794147814,384.3782695312504,386.56668020833354,92.35548913456729,0.37714285714285717,0.4014285714285715,0.0
PHASE 2,584,468000,468,1512.0840542297829,985.6994997208504,1985.3544915125017,383.82224973958364,388.4843937500002,92.47217634253089,0.0,0.0,0.0
PHASE 2,585,468800,468,1512.0840542297822,985.6994997208504,1985.3544915125017,383.8222497395837,388.4843937500002,92.47217634253089,0.35857142857142865,0.3871428571428572,0.0
PHASE 2,586,469600,468,1512.0840542297822,985.6994997208504,1985.3544915125017,383.8222497395837,388.4843937500002,92.47217634253089,0.35428571428571437,0.4271428571428572,0.0
PHASE 2,587,470400,468,1512.0840542297822,985.6994997208504,1985.3544915125017,383.8222497395837,388.4843937500002,92.47217634253089,0.3742857142857143,0.40857142857142853,0.0
PHASE 2,588,471200,468,1512.0840542297822,985.6994997208504,1985.3544915125017,383.8222497395837,388.4843937500002,92.47217634253089,0.49142857142857144,0.45857142857142863,0.0
PHASE 2,589,472000,472,1510.4559029690108,985.6994997208504,1985.3544915125017,384.3445039062504,387.4128489583337,92.33731876305951,0.0,0.0,0.0
PHASE 2,590,472800,472,1510.4559029690113,985.6994997208504,1985.3544915125017,384.34450390625034,387.4128489583335,92.33731876305951,0.33428571428571424,0.4128571428571429,0.0
PHASE 2,591,473600,472,1510.4559029690113,985.6994997208504,1985.3544915125017,384.34450390625034,387.4128489583335,92.33731876305951,0.47428571428571437,0.45714285714285713,0.0
PHASE 2,592,474400,472,1510.4559029690113,985.6994997208504,1985.3544915125017,384.34450390625034,387.4128489583335,92.33731876305951,0.38428571428571423,0.3614285714285715,0.0
PHASE 2,593,475200,472,1510.4559029690113,985.6994997208504,1985.3544915125017,384.34450390625034,387.4128489583335,92.33731876305951,0.32142857142857145,0.4014285714285714,0.0
PHASE 2,594,476000,476,1515.0396556130547,985.6994997208504,1985.3544915125017,385.23377213541704,388.65610000000015,92.64372293471077,0.0,0.0,0.0
PHASE 2,595,476800,476,1515.0396556130543,985.6994997208504,1985.3544915125017,385.2337721354169,388.6561000000003,92.64372293471075,0.39714285714285713,0.4014285714285714,0.0
PHASE 2,596,477600,476,1515.0396556130543,985.6994997208504,1985.3544915125017,385.2337721354169,388.6561000000003,92.64372293471075,0.4228571428571429,0.4757142857142857,0.0
PHASE 2,597,478400,476,1515.0396556130543,985.6994997208504,1985.3544915125017,385.2337721354169,388.6561000000003,92.64372293471075,0.4828571428571428,0.4057142857142857,0.0
PHASE 2,598,479200,476,1515.0396556130543,985.6994997208504,1985.3544915125017,385.2337721354169,388.6561000000003,92.64372293471075,0.4257142857142857,0.46571428571428575,0.0
PHASE 2,599,480000,480,1515.1645017670598,985.6994997208504,1985.3544915125017,385.99189921875023,387.4496500000003,92.71536906854475,0.0,0.0,0.0
PHASE 2,600,480800,480,1515.1645017670598,985.6994997208504,1985.3544915125017,385.99189921875035,387.4496500000003,92.71536906854475,0.4757142857142857,0.4514285714285714,0.0
PHASE 2,601,481600,480,1515.1645017670598,985.6994997208504,1985.3544915125017,385.99189921875035,387.4496500000003,92.71536906854475,0.4000000000000001,0.4171428571428571,0.0
PHASE 2,602,482400,480,1515.1645017670598,985.6994997208504,1985.3544915125017,385.99189921875035,387.4496500000003,92.71536906854475,0.34285714285714286,0.4442857142857143,0.0
PHASE 2,603,483200,480,1515.1645017670598,985.6994997208504,1985.3544915125017,385.99189921875035,387.4496500000003,92.71536906854475,0.38857142857142857,0.33000000000000007,0.0
PHASE 2,604,484000,484,1518.187938336258,985.6994997208504,1985.3544915125017,387.6149013020836,386.407035416667,93.02075020219446,0.0,0.0,0.0
PHASE 2,605,484800,484,1518.1879383362582,985.6994997208504,1985.3544915125017,387.6149013020837,386.40703541666704,93.02075020219445,0.43999999999999995,0.45857142857142863,0.0
PHASE 2,606,485600,484,1518.1879383362582,985.6994997208504,1985.3544915125017,387.6149013020837,386.40703541666704,93.02075020219445,0.34285714285714286,0.45714285714285713,0.0
PHASE 2,607,486400,484,1518.1879383362582,985.6994997208504,1985.3544915125017,387.6149013020837,386.40703541666704,93.02075020219445,0.32285714285714284,0.34285714285714286,0.0
PHASE 2,608,487200,484,1518.1879383362582,985.6994997208504,1985.3544915125017,387.6149013020837,386.40703541666704,93.02075020219445,0.3228571428571429,0.49857142857142855,0.0
PHASE 2,609,488000,488,1522.164915884134,985.6994997208504,1985.3544915125017,387.89543463541696,387.8332302083337,93.304531380054,0.0,0.0,0.0
PHASE 2,610,488800,488,1522.1649158841337,985.6994997208504,1985.3544915125017,387.89543463541696,387.83323020833353,93.304531380054,0.36428571428571427,0.3928571428571429,0.0
PHASE 2,611,489600,488,1522.1649158841337,985.6994997208504,1985.3544915125017,387.89543463541696,387.83323020833353,93.304531380054,0.39714285714285713,0.3942857142857143,0.0
PHASE 2,612,490400,488,1522.1649158841337,985.6994997208504,1985.3544915125017,387.89543463541696,387.83323020833353,93.304531380054,0.35714285714285715,0.3757142857142857,0.0
PHASE 2,613,491200,488,1522.1649158841337,985.6994997208504,1985.3544915125017,387.89543463541696,387.83323020833353,93.304531380054,0.38000000000000006,0.32571428571428573,0.0
PHASE 2,614,492000,492,1527.141879261103,985.6994997208504,1985.3544915125017,387.70589296875033,390.3595072916669,93.63455987509191,0.0,0.0,0.0
PHASE 2,615,492800,492,1527.1418792611032,985.6994997208504,1985.3544915125017,387.7058929687502,390.3595072916669,93.63455987509192,0.44857142857142857,0.36428571428571427,0.0
PHASE 2,616,493600,492,1527.1418792611032,985.6994997208504,1985.3544915125017,387.7058929687502,390.3595072916669,93.63455987509192,0.36,0.4757142857142858,0.0
PHASE 2,617,494400,492,1527.1418792611032,985.6994997208504,1985.3544915125017,387.7058929687502,390.3595072916669,93.63455987509192,0.42000000000000004,0.45857142857142863,0.0
PHASE 2,618,495200,492,1527.1418792611032,985.6994997208504,1985.3544915125017,387.7058929687502,390.3595072916669,93.63455987509192,0.43285714285714294,0.3728571428571429,0.0
PHASE 2,619,496000,496,1533.0283907602995,985.6994997208504,1985.3544915125017,392.91010338541696,388.27041041666695,93.98098461978314,0.0,0.0,0.0
PHASE 2,620,496800,496,1533.0283907602995,985.6994997208504,1985.3544915125017,392.91010338541696,388.270410416667,93.98098461978311,0.4014285714285715,0.4871428571428572,0.0
PHASE 2,621,497600,496,1533.0283907602995,985.6994997208504,1985.3544915125017,392.91010338541696,388.270410416667,93.98098461978311,0.3685714285714286,0.4057142857142858,0.0
PHASE 2,622,498400,496,1533.0283907602995,985.6994997208504,1985.3544915125017,392.91010338541696,388.270410416667,93.98098461978311,0.39571428571428574,0.4642857142857143,0.0
PHASE 2,623,499200,496,1533.0283907602995,985.6994997208504,1985.3544915125017,392.91010338541696,388.270410416667,93.98098461978311,0.3757142857142858,0.4442857142857143,0.0
PHASE 2,624,500000,500,1529.9788300096918,985.6994997208504,1985.3544915125017,389.0465356770837,390.62570937500027,93.78832311970731,0.0,0.0,0.0
PHASE 2,625,500800,500,1529.9788300096918,985.6994997208504,1985.3544915125017,389.04653567708357,390.62570937500027,93.78832311970729,0.42857142857142866,0.4185714285714287,0.0
PHASE 2,626,501600,500,1529.9788300096918,985.6994997208504,1985.3544915125017,389.04653567708357,390.62570937500027,93.78832311970729,0.4257142857142858,0.3614285714285715,0.0
PHASE 2,627,502400,500,1529.9788300096918,985.6994997208504,1985.3544915125017,389.04653567708357,390.62570937500027,93.78832311970729,0.35428571428571426,0.42857142857142855,0.0
PHASE 2,628,503200,500,1529.9788300096918,985.6994997208504,1985.3544915125017,389.04653567708357,390.62570937500027,93.78832311970729,0.40857142857142853,0.3442857142857143,0.0
PHASE 2,629,504000,504,1519.2020057497098,985.6994997208504,1985.3544915125017,385.94466901041693,388.3756395833336,93.11021214450108,0.0,0.0,0.0
PHASE 2,630,504800,504,1519.2020057497093,985.6994997208504,1985.3544915125017,385.944669010417,388.3756395833336,93.11021214450108,0.47142857142857136,0.38142857142857145,0.0
PHASE 2,631,505600,504,1519.2020057497093,985.6994997208504,1985.3544915125017,385.944669010417,388.3756395833336,93.11021214450108,0.31285714285714283,0.4128571428571428,0.0
PHASE 2,632,506400,504,1519.2020057497093,985.6994997208504,1985.3544915125017,385.944669010417,388.3756395833336,93.11021214450108,0.32285714285714284,0.38571428571428573,0.0
PHASE 2,633,507200,504,1519.2020057497093,985.6994997208504,1985.3544915125017,385.944669010417,388.3756395833336,93.11021214450108,0.3957142857142858,0.4514285714285714,0.0
PHASE 2,634,508000,508,1508.533597978179,985.6994997208504,1985.3544915125017,383.0002929687504,386.3746971354169,92.39482598425754,0.0,0.0,0.0
PHASE 2,635,508800,508,1508.5335979781792,985.6994997208504,1985.3544915125017,383.0002929687502,386.3746971354169,92.39482598425754,0.3928571428571429,0.46000000000000013,0.0
PHASE 2,636,509600,508,1508.5335979781792,985.6994997208504,1985.3544915125017,383.0002929687502,386.3746971354169,92.39482598425754,0.37714285714285717,0.3885714285714286,0.0
PHASE 2,637,510400,508,1508.5335979781792,985.6994997208504,1985.3544915125017,383.0002929687502,386.3746971354169,92.39482598425754,0.3757142857142857,0.4257142857142857,0.0
PHASE 2,638,511200,508,1508.5335979781792,985.6994997208504,1985.3544915125017,383.0002929687502,386.3746971354169,92.39482598425754,0.33285714285714285,0.48,0.0
PHASE 2,639,512000,512,1509.794410680616,985.6994997208504,1985.3544915125017,384.2501408854169,387.0577382812503,92.31081643924972,0.0,0.0,0.0
PHASE 2,640,512800,512,1509.794410680616,985.6994997208504,1985.3544915125017,384.250140885417,387.0577382812503,92.31081643924972,0.3242857142857143,0.49000000000000005,0.0
PHASE 2,641,513600,512,1509.794410680616,985.6994997208504,1985.3544915125017,384.250140885417,387.0577382812503,92.31081643924972,0.4385714285714286,0.41571428571428576,0.0
PHASE 2,642,514400,512,1509.794410680616,985.6994997208504,1985.3544915125017,384.250140885417,387.0577382812503,92.31081643924972,0.38285714285714284,0.4314285714285715,0.0
PHASE 2,643,515200,512,1509.794410680616,985.6994997208504,1985.3544915125017,384.250140885417,387.0577382812503,92.31081643924972,0.4057142857142857,0.4642857142857143,0.0
PHASE 2,644,516000,516,1518.9554261231187,985.6994997208504,1985.3544915125017,385.0310804687503,390.9965747395836,92.8659713643543,0.0,0.0,0.0
PHASE 2,645,516800,516,1518.9554261231183,985.6994997208504,1985.3544915125017,385.03108046875036,390.99657473958354,92.8659713643543,0.4014285714285714,0.4057142857142857,0.0
PHASE 2,646,517600,516,1518.9554261231183,985.6994997208504,1985.3544915125017,385.03108046875036,390.99657473958354,92.8659713643543,0.44714285714285723,0.43,0.0
PHASE 2,647,518400,516,1518.9554261231183,985.6994997208504,1985.3544915125017,385.03108046875036,390.99657473958354,92.8659713643543,0.39428571428571424,0.4257142857142857,0.0
PHASE 2,648,519200,516,1518.9554261231183,985.6994997208504,1985.3544915125017,385.03108046875036,390.99657473958354,92.8659713643543,0.3371428571428572,0.44571428571428573,0.0
PHASE 2,649,520000,520,1536.359351462857,985.6994997208504,1985.3544915125017,391.2481065104171,394.6917976562502,93.80243091203015,0.0,0.0,0.0
PHASE 2,650,520800,520,1536.3593514628571,985.6994997208504,1985.3544915125017,391.2481065104171,394.6917976562503,93.80243091203015,0.35714285714285715,0.42000000000000004,0.0
PHASE 2,651,521600,520,1536.3593514628571,985.6994997208504,1985.3544915125017,391.2481065104171,394.6917976562503,93.80243091203015,0.39,0.36000000000000004,0.0
PHASE 2,652,522400,520,1536.3593514628571,985.6994997208504,1985.3544915125017,391.2481065104171,394.6917976562503,93.80243091203015,0.43285714285714283,0.4428571428571429,0.0
PHASE 2,653,523200,520,1536.3593514628571,985.6994997208504,1985.3544915125017,391.2481065104171,394.6917976562503,93.80243091203015,0.42142857142857143,0.3885714285714286,0.0
PHASE 2,654,524000,524,1537.3882048276382,985.6994997208504,1985.3544915125017,392.3096950520837,394.7202820312504,93.79477846804444,0.0,0.0,0.0
PHASE 2,655,524800,524,1537.3882048276382,985.6994997208504,1985.3544915125017,392.3096950520836,394.72028203125024,93.79477846804444,0.40285714285714286,0.44142857142857145,0.0
PHASE 2,656,525600,524,1537.3882048276382,985.6994997208504,1985.3544915125017,392.3096950520836,394.72028203125024,93.79477846804444,0.33857142857142863,0.4242857142857144,0.0
PHASE 2,657,526400,524,1537.3882048276382,985.6994997208504,1985.3544915125017,392.3096950520836,394.72028203125024,93.79477846804444,0.4742857142857143,0.3828571428571429,0.0
PHASE 2,658,527200,524,1537.3882048276382,985.6994997208504,1985.3544915125017,392.3096950520836,394.72028203125024,93.79477846804444,0.4671428571428572,0.46571428571428575,0.0
PHASE 2,659,528000,528,1526.1914309120193,985.6994997208504,1985.3544915125017,390.87948880208364,390.4972830729169,93.10183237963366,0.0,0.0,0.0
PHASE 2,660,528800,528,1526.1914309120195,985.6994997208504,1985.3544915125017,390.87948880208364,390.49728307291707,93.10183237963369,0.4514285714285714,0.45,0.0
PHASE 2,661,529600,528,1526.1914309120195,985.6994997208504,1985.3544915125017,390.87948880208364,390.49728307291707,93.10183237963369,0.33571428571428574,0.3642857142857143,0.0
PHASE 2,662,530400,528,1526.1914309120195,985.6994997208504,1985.3544915125017,390.87948880208364,390.49728307291707,93.10183237963369,0.37857142857142856,0.49000000000000005,0.0
PHASE 2,663,531200,528,1526.1914309120195,985.6994997208504,1985.3544915125017,390.87948880208364,390.49728307291707,93.10183237963369,0.44000000000000006,0.39571428571428574,0.0
PHASE 2,664,532000,532,1530.5470434591905,985.6994997208504,1985.3544915125017,391.2209398437504,393.48674505208373,93.2299198204258,0.0,0.0,0.0
PHASE 2,665,532800,532,1530.5470434591905,985.6994997208504,1985.3544915125017,391.2209398437504,393.48674505208356,93.22991982042578,0.45,0.45428571428571435,0.0
PHASE 2,666,533600,532,1530.5470434591905,985.6994997208504,1985.3544915125017,391.2209398437504,393.48674505208356,93.22991982042578,0.4428571428571429,0.5142857142857143,0.0
PHASE 2,667,534400,532,1530.5470434591905,985.6994997208504,1985.3544915125017,391.2209398437504,393.48674505208356,93.22991982042578,0.4257142857142857,0.4757142857142858,0.0
PHASE 2,668,535200,532,1530.5470434591905,985.6994997208504,1985.3544915125017,391.2209398437504,393.48674505208356,93.22991982042578,0.3728571428571429,0.35,0.0
PHASE 2,669,536000,536,1536.6382398970652,985.6994997208504,1985.3544915125017,391.555765885417,396.63336901041686,93.55613812516022,0.0,0.0,0.0
PHASE 2,670,536800,536,1536.6382398970652,985.6994997208504,1985.3544915125017,391.55576588541703,396.633369010417,93.5561381251602,0.4742857142857143,0.5071428571428571,0.0
PHASE 2,671,537600,536,1536.6382398970652,985.6994997208504,1985.3544915125017,391.55576588541703,396.633369010417,93.5561381251602,0.38,0.4742857142857143,0.0
PHASE 2,672,538400,536,1536.6382398970652,985.6994997208504,1985.3544915125017,391.55576588541703,396.633369010417,93.5561381251602,0.4757142857142858,0.4142857142857144,0.0
PHASE 2,673,539200,536,1536.6382398970652,985.6994997208504,1985.3544915125017,391.55576588541703,396.633369010417,93.5561381251602,0.42714285714285716,0.46142857142857147,0.0
PHASE 2,674,540000,540,1525.9481697361268,968.8455290107943,1985.3544915125017,387.6666544270837,395.45168671875035,92.85372857379274,0.0,0.0,0.0
PHASE 2,675,540800,540,1525.9481697361261,968.8455290107943,1985.3544915125017,387.66665442708364,395.4516867187503,92.85372857379276,0.45714285714285713,0.42857142857142855,0.0
PHASE 2,676,541600,540,1525.9481697361261,968.8455290107943,1985.3544915125017,387.66665442708364,395.4516867187503,92.85372857379276,0.4442857142857143,0.42857142857142855,0.0
PHASE 2,677,542400,540,1525.9481697361261,968.8455290107943,1985.3544915125017,387.66665442708364,395.4516867187503,92.85372857379276,0.42714285714285716,0.4471428571428572,0.0
PHASE 2,678,543200,540,1525.9481697361261,968.8455290107943,1985.3544915125017,387.66665442708364,395.4516867187503,92.85372857379276,0.41571428571428576,0.40428571428571436,0.0
PHASE 2,679,544000,544,1534.9581730016082,968.8455290107943,1985.3544915125017,391.13128671875035,397.7200119791669,93.26335928796775,0.0,0.0,0.0
PHASE 2,680,544800,544,1534.9581730016082,968.8455290107943,1985.3544915125017,391.1312867187503,397.7200119791668,93.26335928796775,0.41,0.4185714285714285,0.0
PHASE 2,681,545600,544,1534.9581730016082,968.8455290107943,1985.3544915125017,391.1312867187503,397.7200119791668,93.26335928796775,0.4357142857142858,0.38428571428571434,0.0
PHASE 2,682,546400,544,1534.9581730016082,968.8455290107943,1985.3544915125017,391.1312867187503,397.7200119791668,93.26335928796775,0.3985714285714286,0.3628571428571428,0.0
PHASE 2,683,547200,544,1534.9581730016082,968.8455290107943,1985.3544915125017,391.1312867187503,397.7200119791668,93.26335928796775,0.3642857142857143,0.37,0.0
PHASE 2,684,548000,548,1521.9765274836986,968.8455290107943,1985.3544915125017,388.280597135417,394.9232098958335,92.3465900565623,0.0,0.0,0.0
PHASE 2,685,548800,548,1521.9765274836984,968.8455290107943,1985.3544915125017,388.280597135417,394.92320989583357,92.3465900565623,0.4471428571428572,0.47857142857142865,0.0
PHASE 2,686,549600,548,1521.9765274836984,968.8455290107943,1985.3544915125017,388.280597135417,394.92320989583357,92.3465900565623,0.40857142857142864,0.45,0.0
PHASE 2,687,550400,548,1521.9765274836984,968.8455290107943,1985.3544915125017,388.280597135417,394.92320989583357,92.3465900565623,0.42142857142857143,0.3928571428571429,0.0
PHASE 2,688,551200,548,1521.9765274836984,968.8455290107943,1985.3544915125017,388.280597135417,394.92320989583357,92.3465900565623,0.44142857142857145,0.4442857142857143,0.0
PHASE 2,689,552000,552,1538.4087037635106,968.8455290107943,2100.4712320840804,394.26977421875034,397.97279114583364,93.27076729987216,0.0,0.0,0.0
PHASE 2,690,552800,552,1538.4087037635106,968.8455290107943,2100.4712320840804,394.26977421875034,397.97279114583364,93.27076729987216,0.44571428571428573,0.35428571428571426,0.0
PHASE 2,691,553600,552,1538.4087037635106,968.8455290107943,2100.4712320840804,394.26977421875034,397.97279114583364,93.27076729987216,0.4671428571428571,0.41,0.0
PHASE 2,692,554400,552,1538.4087037635106,968.8455290107943,2100.4712320840804,394.26977421875034,397.97279114583364,93.27076729987216,0.4685714285714286,0.44142857142857145,0.0
PHASE 2,693,555200,552,1538.4087037635106,968.8455290107943,2100.4712320840804,394.26977421875034,397.97279114583364,93.27076729987216,0.4014285714285714,0.42000000000000004,0.0
PHASE 2,694,556000,556,1534.9830104595408,968.8455290107943,2100.4712320840804,391.2301773437503,399.27615468750025,93.05958480354253,0.0,0.0,0.0
PHASE 2,695,556800,556,1534.9830104595403,968.8455290107943,2100.4712320840804,391.2301773437504,399.2761546875003,93.05958480354253,0.43,0.4514285714285714,0.0
PHASE 2,696,557600,556,1534.9830104595403,968.8455290107943,2100.4712320840804,391.2301773437504,399.2761546875003,93.05958480354253,0.4800000000000001,0.42000000000000004,0.0
PHASE 2,697,558400,556,1534.9830104595403,968.8455290107943,2100.4712320840804,391.2301773437504,399.2761546875003,93.05958480354253,0.4685714285714287,0.4842857142857143,0.0
PHASE 2,698,559200,556,1534.9830104595403,968.8455290107943,2100.4712320840804,391.2301773437504,399.2761546875003,93.05958480354253,0.32999999999999996,0.4542857142857143,0.0
PHASE 2,699,560000,560,1527.0428149157628,968.8455290107943,2100.4712320840804,386.269399479167,399.56827864583363,92.65064209885168,0.0,0.0,0.0
PHASE 2,700,560800,560,1527.0428149157628,968.8455290107943,2100.4712320840804,386.269399479167,399.56827864583363,92.65064209885172,0.4257142857142857,0.43,0.0
PHASE 2,701,561600,560,1527.0428149157628,968.8455290107943,2100.4712320840804,386.269399479167,399.56827864583363,92.65064209885172,0.4114285714285715,0.4128571428571429,0.0
PHASE 2,702,562400,560,1527.0428149157628,968.8455290107943,2100.4712320840804,386.269399479167,399.56827864583363,92.65064209885172,0.4314285714285715,0.42000000000000004,0.0
PHASE 2,703,563200,560,1527.0428149157628,968.8455290107943,2100.4712320840804,386.269399479167,399.56827864583363,92.65064209885172,0.38,0.3928571428571429,0.0
PHASE 2,704,564000,564,1531.9389685967828,968.8455290107943,2100.4712320840804,389.6562708333337,400.0754036458336,92.77591176470864,0.0,0.0,0.0
PHASE 2,705,564800,564,1531.9389685967833,968.8455290107943,2100.4712320840804,389.6562708333337,400.07540364583366,92.77591176470861,0.44857142857142857,0.3814285714285715,0.0
PHASE 2,706,565600,564,1531.9389685967833,968.8455290107943,2100.4712320840804,389.6562708333337,400.07540364583366,92.77591176470861,0.5014285714285714,0.4228571428571429,0.0
PHASE 2,707,566400,564,1531.9389685967833,968.8455290107943,2100.4712320840804,389.6562708333337,400.07540364583366,92.77591176470861,0.46571428571428575,0.4642857142857143,0.0
PHASE 2,708,567200,564,1531.9389685967833,968.8455290107943,2100.4712320840804,389.6562708333337,400.07540364583366,92.77591176470861,0.44142857142857145,0.43714285714285717,0.0
PHASE 2,709,568000,568,1527.0467700611023,968.8455290107943,2100.4712320840804,388.47974791666707,398.832699479167,92.4667903331653,0.0,0.0,0.0
PHASE 2,710,568800,568,1527.0467700611016,968.8455290107943,2100.4712320840804,388.47974791666695,398.832699479167,92.4667903331653,0.47000000000000003,0.3371428571428572,0.0
PHASE 2,711,569600,568,1527.0467700611016,968.8455290107943,2100.4712320840804,388.47974791666695,398.832699479167,92.4667903331653,0.39714285714285713,0.42857142857142866,0.0
PHASE 2,712,570400,568,1527.0467700611016,968.8455290107943,2100.4712320840804,388.47974791666695,398.832699479167,92.4667903331653,0.4314285714285714,0.44142857142857145,0.0
PHASE 2,713,571200,568,1527.0467700611016,968.8455290107943,2100.4712320840804,388.47974791666695,398.832699479167,92.4667903331653,0.4057142857142857,0.43428571428571433,0.0
PHASE 2,714,572000,572,1522.1712604300867,968.8455290107943,2100.4712320840804,384.789863541667,399.5145859375003,92.23335136887157,0.0,0.0,0.0
PHASE 2,715,572800,572,1522.171260430087,968.8455290107943,2100.4712320840804,384.78986354166705,399.5145859375002,92.23335136887157,0.46571428571428575,0.4357142857142858,0.0
PHASE 2,716,573600,572,1522.171260430087,968.8455290107943,2100.4712320840804,384.78986354166705,399.5145859375002,92.23335136887157,0.39,0.44000000000000006,0.0
PHASE 2,717,574400,572,1522.171260430087,968.8455290107943,2100.4712320840804,384.78986354166705,399.5145859375002,92.23335136887157,0.45714285714285713,0.5185714285714286,0.0
PHASE 2,718,575200,572,1522.171260430087,968.8455290107943,2100.4712320840804,384.78986354166705,399.5145859375002,92.23335136887157,0.40428571428571425,0.39571428571428574,0.0
PHASE 2,719,576000,576,1519.7390094767138,968.8455290107943,2100.4712320840804,384.55480677083375,399.28021406250025,91.98799858042908,0.0,0.0,0.0
PHASE 2,720,576800,576,1519.7390094767136,968.8455290107943,2100.4712320840804,384.55480677083375,399.28021406250014,91.9879985804291,0.3814285714285714,0.43285714285714294,0.0
PHASE 2,721,577600,576,1519.7390094767136,968.8455290107943,2100.4712320840804,384.55480677083375,399.28021406250014,91.9879985804291,0.3728571428571429,0.38,0.0
PHASE 2,722,578400,576,1519.7390094767136,968.8455290107943,2100.4712320840804,384.55480677083375,399.28021406250014,91.9879985804291,0.41714285714285715,0.43285714285714294,0.0
PHASE 2,723,579200,576,1519.7390094767136,968.8455290107943,2100.4712320840804,384.55480677083375,399.28021406250014,91.9879985804291,0.37142857142857144,0.4685714285714286,0.0
PHASE 2,724,580000,580,1519.0501289021731,968.8455290107943,2100.4712320840804,383.15543072916705,400.4828880208335,91.92647626902821,0.0,0.0,0.0
PHASE 2,725,580800,580,1519.0501289021731,968.8455290107943,2100.4712320840804,383.15543072916705,400.4828880208336,91.92647626902819,0.42857142857142866,0.3371428571428572,0.0
PHASE 2,726,581600,580,1519.0501289021731,968.8455290107943,2100.4712320840804,383.15543072916705,400.4828880208336,91.92647626902819,0.4185714285714286,0.4842857142857143,0.0
PHASE 2,727,582400,580,1519.0501289021731,968.8455290107943,2100.4712320840804,383.15543072916705,400.4828880208336,91.92647626902819,0.44142857142857145,0.45285714285714296,0.0
PHASE 2,728,583200,580,1519.0501289021731,968.8455290107943,2100.4712320840804,383.15543072916705,400.4828880208336,91.92647626902819,0.4128571428571428,0.40428571428571436,0.0
PHASE 2,729,584000,584,1511.0045773846725,882.0394339640609,2100.4712320840804,379.91196822916703,400.824218229167,91.28354886579876,0.0,0.0,0.0
PHASE 2,730,584800,584,1511.0045773846725,882.0394339640609,2100.4712320840804,379.911968229167,400.82421822916695,91.28354886579875,0.3685714285714286,0.3614285714285715,0.0
PHASE 2,731,585600,584,1511.0045773846725,882.0394339640609,2100.4712320840804,379.911968229167,400.82421822916695,91.28354886579875,0.4271428571428572,0.40714285714285714,0.0
PHASE 2,732,586400,584,1511.0045773846725,882.0394339640609,2100.4712320840804,379.911968229167,400.82421822916695,91.28354886579875,0.4971428571428572,0.34714285714285714,0.0
PHASE 2,733,587200,584,1511.0045773846725,882.0394339640609,2100.4712320840804,379.911968229167,400.82421822916695,91.28354886579875,0.3871428571428571,0.4257142857142857,0.0
PHASE 2,734,588000,588,1519.765502563637,882.0394339640609,2172.368277676405,382.3614755208336,401.94810468750023,91.93199029441935,0.0,0.0,0.0
PHASE 2,735,588800,588,1519.765502563637,882.0394339640609,2172.368277676405,382.3614755208338,401.9481046875003,91.93199029441938,0.38,0.45,0.0
PHASE 2,736,589600,588,1519.765502563637,882.0394339640609,2172.368277676405,382.3614755208338,401.9481046875003,91.93199029441938,0.40714285714285714,0.37142857142857144,0.0
PHASE 2,737,590400,588,1519.765502563637,882.0394339640609,2172.368277676405,382.3614755208338,401.9481046875003,91.93199029441938,0.46714285714285725,0.45,0.0
PHASE 2,738,591200,588,1519.765502563637,882.0394339640609,2172.368277676405,382.3614755208338,401.9481046875003,91.93199029441938,0.3385714285714286,0.4385714285714286,0.0
PHASE 2,739,592000,592,1528.427993813044,882.0394339640609,2172.368277676405,385.42318072916714,403.8574640625003,92.39341862767859,0.0,0.0,0.0
PHASE 2,740,592800,592,1528.427993813044,882.0394339640609,2172.368277676405,385.423180729167,403.85746406250036,92.39341862767859,0.3957142857142858,0.38428571428571434,0.0
PHASE 2,741,593600,592,1528.427993813044,882.0394339640609,2172.368277676405,385.423180729167,403.85746406250036,92.39341862767859,0.3857142857142857,0.4057142857142857,0.0
PHASE 2,742,594400,592,1528.427993813044,882.0394339640609,2172.368277676405,385.423180729167,403.85746406250036,92.39341862767859,0.42857142857142855,0.32714285714285724,0.0
PHASE 2,743,595200,592,1528.427993813044,882.0394339640609,2172.368277676405,385.423180729167,403.85746406250036,92.39341862767859,0.3885714285714286,0.4385714285714286,0.0
PHASE 2,744,596000,596,1535.82634995209,882.0394339640609,2172.368277676405,386.347327604167,407.35449427083375,92.76556600964278,0.0,0.0,0.0
PHASE 2,745,596800,596,1535.8263499520901,882.0394339640609,2172.368277676405,386.3473276041669,407.35449427083375,92.76556600964278,0.49142857142857144,0.3928571428571429,0.0
PHASE 2,746,597600,596,1535.8263499520901,882.0394339640609,2172.368277676405,386.3473276041669,407.35449427083375,92.76556600964278,0.5228571428571428,0.4,0.0
PHASE 2,747,598400,596,1535.8263499520901,882.0394339640609,2172.368277676405,386.3473276041669,407.35449427083375,92.76556600964278,0.47142857142857153,0.4228571428571429,0.0
PHASE 2,748,599200,596,1535.8263499520901,882.0394339640609,2172.368277676405,386.3473276041669,407.35449427083375,92.76556600964278,0.40428571428571436,0.45,0.0
PHASE 2,749,600000,600,1537.3970999593068,882.0394339640609,2172.368277676405,391.795865104167,403.64824114583377,92.7441242136698,0.0,0.0,0.0
PHASE 2,750,600800,600,1537.3970999593066,882.0394339640609,2172.368277676405,391.79586510416704,403.6482411458338,92.7441242136698,0.3942857142857143,0.43428571428571433,0.0
PHASE 2,751,601600,600,1537.3970999593066,882.0394339640609,2172.368277676405,391.79586510416704,403.6482411458338,92.7441242136698,0.39,0.4257142857142858,0.0
PHASE 2,752,602400,600,1537.3970999593066,882.0394339640609,2172.368277676405,391.79586510416704,403.6482411458338,92.7441242136698,0.3242857142857143,0.4642857142857143,0.0
PHASE 2,753,603200,600,1537.3970999593066,882.0394339640609,2172.368277676405,391.79586510416704,403.6482411458338,92.7441242136698,0.3685714285714286,0.32285714285714284,0.0
PHASE 2,754,604000,604,1542.7356838152741,882.0394339640609,2172.368277676405,394.015486979167,405.1291671875004,92.94887870608261,0.0,0.0,0.0
PHASE 2,755,604800,604,1542.7356838152743,882.0394339640609,2172.368277676405,394.015486979167,405.1291671875003,92.94887870608261,0.4114285714285715,0.40857142857142864,0.0
PHASE 2,756,605600,604,1542.7356838152743,882.0394339640609,2172.368277676405,394.015486979167,405.1291671875003,92.94887870608261,0.26999999999999996,0.3471428571428572,0.0
PHASE 2,757,606400,604,1542.7356838152743,882.0394339640609,2172.368277676405,394.015486979167,405.1291671875003,92.94887870608261,0.3771428571428572,0.39714285714285713,0.0
PHASE 2,758,607200,604,1542.7356838152743,882.0394339640609,2172.368277676405,394.015486979167,405.1291671875003,92.94887870608261,0.41000000000000003,0.4385714285714285,0.0
PHASE 2,759,608000,608,1551.6053472826961,882.0394339640609,2172.368277676405,396.97599739583376,407.1514898437503,93.43473250539587,0.0,0.0,0.0
PHASE 2,760,608800,608,1551.6053472826961,882.0394339640609,2172.368277676405,396.97599739583376,407.15148984375037,93.43473250539587,0.39714285714285713,0.4271428571428572,0.0
PHASE 2,761,609600,608,1551.6053472826961,882.0394339640609,2172.368277676405,396.97599739583376,407.15148984375037,93.43473250539587,0.5071428571428571,0.5085714285714286,0.0
PHASE 2,762,610400,608,1551.6053472826961,882.0394339640609,2172.368277676405,396.97599739583376,407.15148984375037,93.43473250539587,0.40857142857142853,0.4142857142857143,0.0
PHASE 2,763,611200,608,1551.6053472826961,882.0394339640609,2172.368277676405,396.97599739583376,407.15148984375037,93.43473250539587,0.4757142857142858,0.45857142857142863,0.0
PHASE 2,764,612000,612,1562.5170931314217,882.0394339640609,2172.368277676405,400.7260984375004,409.68354140625036,94.01343166096586,0.0,0.0,0.0
PHASE 2,765,612800,612,1562.5170931314215,882.0394339640609,2172.368277676405,400.72609843750024,409.6835414062503,94.01343166096585,0.4128571428571429,0.42142857142857154,0.0
PHASE 2,766,613600,612,1562.5170931314215,882.0394339640609,2172.368277676405,400.72609843750024,409.6835414062503,94.01343166096585,0.3771428571428571,0.4485714285714287,0.0
PHASE 2,767,614400,612,1562.5170931314215,882.0394339640609,2172.368277676405,400.72609843750024,409.6835414062503,94.01343166096585,0.4557142857142858,0.4385714285714286,0.0
PHASE 2,768,615200,612,1562.5170931314215,882.0394339640609,2172.368277676405,400.72609843750024,409.6835414062503,94.01343166096585,0.4371428571428571,0.38,0.0
PHASE 2,769,616000,616,1563.2884602002437,882.0394339640609,2172.368277676405,402.62283072916694,408.96618307291703,93.96243079977687,0.0,0.0,0.0
PHASE 2,770,616800,616,1563.288460200244,882.0394339640609,2172.368277676405,402.62283072916694,408.96618307291703,93.96243079977685,0.35428571428571426,0.3685714285714286,0.0
PHASE 2,771,617600,616,1563.288460200244,882.0394339640609,2172.368277676405,402.62283072916694,408.96618307291703,93.96243079977685,0.42714285714285716,0.3628571428571429,0.0
PHASE 2,772,618400,616,1563.288460200244,882.0394339640609,2172.368277676405,402.62283072916694,408.96618307291703,93.96243079977685,0.2957142857142857,0.4671428571428572,0.0
PHASE 2,773,619200,616,1563.288460200244,882.0394339640609,2172.368277676405,402.62283072916694,408.96618307291703,93.96243079977685,0.39571428571428574,0.3928571428571429,0.0
PHASE 2,774,620000,620,1568.0060588371462,882.0394339640609,2172.368277676405,405.08516093750035,408.74710807291706,94.27172372834787,0.0,0.0,0.0
PHASE 2,775,620800,620,1568.0060588371462,882.0394339640609,2172.368277676405,405.08516093750035,408.74710807291706,94.27172372834788,0.43714285714285717,0.4928571428571429,0.0
PHASE 2,776,621600,620,1568.0060588371462,882.0394339640609,2172.368277676405,405.08516093750035,408.74710807291706,94.27172372834788,0.3628571428571429,0.41571428571428576,0.0
PHASE 2,777,622400,620,1568.0060588371462,882.0394339640609,2172.368277676405,405.08516093750035,408.74710807291706,94.27172372834788,0.46142857142857147,0.35285714285714287,0.0
PHASE 2,778,623200,620,1568.0060588371462,882.0394339640609,2172.368277676405,405.08516093750035,408.74710807291706,94.27172372834788,0.35428571428571437,0.3642857142857142,0.0
PHASE 2,779,624000,624,1567.9367609258024,882.0394339640609,2172.368277676405,403.20222031250034,410.74414687500047,94.24879921729458,0.0,0.0,0.0
PHASE 2,780,624800,624,1567.9367609258024,882.0394339640609,2172.368277676405,403.20222031250034,410.74414687500047,94.24879921729458,0.38571428571428573,0.40285714285714286,0.0
PHASE 2,781,625600,624,1567.9367609258024,882.0394339640609,2172.368277676405,403.20222031250034,410.74414687500047,94.24879921729458,0.40428571428571425,0.4185714285714286,0.0
PHASE 2,782,626400,624,1567.9367609258024,882.0394339640609,2172.368277676405,403.20222031250034,410.74414687500047,94.24879921729458,0.35000000000000003,0.36000000000000004,0.0
PHASE 2,783,627200,624,1567.9367609258024,882.0394339640609,2172.368277676405,403.20222031250034,410.74414687500047,94.24879921729458,0.38428571428571423,0.3771428571428571,0.0
PHASE 2,784,628000,628,1574.339704417616,882.0394339640609,2172.368277676405,404.32384322916704,413.6837281250004,94.54151663293786,0.0,0.0,0.0
PHASE 2,785,628800,628,1574.3397044176163,882.0394339640609,2172.368277676405,404.3238432291671,413.68372812500036,94.54151663293786,0.4014285714285714,0.3828571428571429,0.0
PHASE 2,786,629600,628,1574.3397044176163,882.0394339640609,2172.368277676405,404.3238432291671,413.68372812500036,94.54151663293786,0.42000000000000004,0.41571428571428576,0.0
PHASE 2,787,630400,628,1574.3397044176163,882.0394339640609,2172.368277676405,404.3238432291671,413.68372812500036,94.54151663293786,0.4385714285714286,0.4257142857142858,0.0
PHASE 2,788,631200,628,1574.3397044176163,882.0394339640609,2172.368277676405,404.3238432291671,413.68372812500036,94.54151663293786,0.43285714285714294,0.3585714285714286,0.0
PHASE 2,789,632000,632,1577.7036440868376,882.0394339640609,2172.368277676405,406.7666776041671,413.36269531250036,94.69678389627819,0.0,0.0,0.0
PHASE 2,790,632800,632,1577.7036440868376,882.0394339640609,2172.368277676405,406.76667760416706,413.3626953125004,94.69678389627818,0.41142857142857137,0.3828571428571429,0.0
PHASE 2,791,633600,632,1577.7036440868376,882.0394339640609,2172.368277676405,406.76667760416706,413.3626953125004,94.69678389627818,0.4314285714285715,0.4014285714285714,0.0
PHASE 2,792,634400,632,1577.7036440868376,882.0394339640609,2172.368277676405,406.76667760416706,413.3626953125004,94.69678389627818,0.4257142857142858,0.42285714285714293,0.0
PHASE 2,793,635200,632,1577.7036440868376,882.0394339640609,2172.368277676405,406.76667760416706,413.3626953125004,94.69678389627818,0.42000000000000004,0.41000000000000003,0.0
PHASE 2,794,636000,636,1581.0888022949503,882.0394339640609,2172.368277676405,407.0695213541671,414.4719734375004,94.94341343791726,0.0,0.0,0.0
PHASE 2,795,636800,636,1581.0888022949503,882.0394339640609,2172.368277676405,407.069521354167,414.47197343750037,94.94341343791726,0.34142857142857147,0.42857142857142855,0.0
PHASE 2,796,637600,636,1581.0888022949503,882.0394339640609,2172.368277676405,407.069521354167,414.47197343750037,94.94341343791726,0.3857142857142858,0.3885714285714286,0.0
PHASE 2,797,638400,636,1581.0888022949503,882.0394339640609,2172.368277676405,407.069521354167,414.47197343750037,94.94341343791726,0.4771428571428572,0.40285714285714286,0.0
PHASE 2,798,639200,636,1581.0888022949503,882.0394339640609,2172.368277676405,407.069521354167,414.47197343750037,94.94341343791726,0.4114285714285715,0.4700000000000001,0.0
PHASE 2,799,640000,640,1591.8972136045234,882.0394339640609,2172.368277676405,414.15554947916695,413.4739078125004,95.5334695391142,0.0,0.0,0.0
PHASE 2,800,640800,640,1591.8972136045234,882.0394339640609,2172.368277676405,414.155549479167,413.47390781250033,95.53346953911421,0.45,0.46571428571428564,0.0
PHASE 2,801,641600,640,1591.8972136045234,882.0394339640609,2172.368277676405,414.155549479167,413.47390781250033,95.53346953911421,0.4771428571428572,0.39428571428571435,0.0
PHASE 2,802,642400,640,1591.8972136045234,882.0394339640609,2172.368277676405,414.155549479167,413.47390781250033,95.53346953911421,0.42285714285714276,0.48571428571428577,0.0
PHASE 2,803,643200,640,1591.8972136045234,882.0394339640609,2172.368277676405,414.155549479167,413.47390781250033,95.53346953911421,0.5057142857142858,0.32999999999999996,0.0
PHASE 2,804,644000,644,1579.573875427875,882.0394339640609,2172.368277676405,411.7014765625004,409.4778950520837,94.79931297666846,0.0,0.0,0.0
PHASE 2,805,644800,644,1579.573875427875,882.0394339640609,2172.368277676405,411.7014765625004,409.4778950520838,94.79931297666845,0.46142857142857147,0.43714285714285717,0.0
PHASE 2,806,645600,644,1579.573875427875,882.0394339640609,2172.368277676405,411.7014765625004,409.4778950520838,94.79931297666845,0.48999999999999994,0.4871428571428571,0.0
PHASE 2,807,646400,644,1579.573875427875,882.0394339640609,2172.368277676405,411.7014765625004,409.4778950520838,94.79931297666845,0.4228571428571429,0.4471428571428572,0.0
PHASE 2,808,647200,644,1579.573875427875,882.0394339640609,2172.368277676405,411.7014765625004,409.4778950520838,94.79931297666845,0.43428571428571433,0.4128571428571429,0.0
PHASE 2,809,648000,648,1579.7716525521632,882.0394339640609,2172.368277676405,412.53011093750035,408.66811171875037,94.82167873699602,0.0,0.0,0.0
PHASE 2,810,648800,648,1579.771652552163,882.0394339640609,2172.368277676405,412.53011093750035,408.6681117187504,94.82167873699603,0.35571428571428576,0.43571428571428567,0.0
PHASE 2,811,649600,648,1579.771652552163,882.0394339640609,2172.368277676405,412.53011093750035,408.6681117187504,94.82167873699603,0.3485714285714286,0.36714285714285716,0.0
PHASE 2,812,650400,648,1579.771652552163,882.0394339640609,2172.368277676405,412.53011093750035,408.6681117187504,94.82167873699603,0.43,0.3585714285714286,0.0
PHASE 2,813,651200,648,1579.771652552163,882.0394339640609,2172.368277676405,412.53011093750035,408.6681117187504,94.82167873699603,0.3942857142857143,0.3928571428571429,0.0
PHASE 2,814,652000,652,1568.2791842852791,882.0394339640609,2172.368277676405,410.7088453125003,404.7871002604172,94.09790483905209,0.0,0.0,0.0
PHASE 2,815,652800,652,1568.2791842852791,882.0394339640609,2172.368277676405,410.70884531250044,404.78710026041716,94.09790483905209,0.43999999999999995,0.4057142857142857,0.0
PHASE 2,816,653600,652,1568.2791842852791,882.0394339640609,2172.368277676405,410.70884531250044,404.78710026041716,94.09790483905209,0.41428571428571426,0.4757142857142858,0.0
PHASE 2,817,654400,652,1568.2791842852791,882.0394339640609,2172.368277676405,410.70884531250044,404.78710026041716,94.09790483905209,0.41571428571428576,0.4471428571428572,0.0
PHASE 2,818,655200,652,1568.2791842852791,882.0394339640609,2172.368277676405,410.70884531250044,404.78710026041716,94.09790483905209,0.4514285714285714,0.3771428571428571,0.0
PHASE 2,819,656000,656,1575.4056784500497,882.0394339640609,2172.368277676405,412.6485276041671,406.31109635416715,94.55575681147126,0.0,0.0,0.0
PHASE 2,820,656800,656,1575.4056784500492,882.0394339640609,2172.368277676405,412.64852760416704,406.3110963541671,94.55575681147126,0.3685714285714286,0.37857142857142856,0.0
PHASE 2,821,657600,656,1575.4056784500492,882.0394339640609,2172.368277676405,412.64852760416704,406.3110963541671,94.55575681147126,0.45285714285714296,0.48285714285714293,0.0
PHASE 2,822,658400,656,1575.4056784500492,882.0394339640609,2172.368277676405,412.64852760416704,406.3110963541671,94.55575681147126,0.3685714285714286,0.4385714285714285,0.0
PHASE 2,823,659200,656,1575.4056784500492,882.0394339640609,2172.368277676405,412.64852760416704,406.3110963541671,94.55575681147126,0.4385714285714286,0.4185714285714286,0.0
PHASE 2,824,660000,660,1583.7131968811736,882.0394339640609,2172.368277676405,416.4764932291671,408.2069348958337,94.87872109452842,0.0,0.0,0.0
PHASE 2,825,660800,660,1583.7131968811739,882.0394339640609,2172.368277676405,416.4764932291671,408.20693489583374,94.87872109452842,0.3514285714285714,0.3928571428571429,0.0
PHASE 2,826,661600,660,1583.7131968811739,882.0394339640609,2172.368277676405,416.4764932291671,408.20693489583374,94.87872109452842,0.34571428571428575,0.3628571428571429,0.0
PHASE 2,827,662400,660,1583.7131968811739,882.0394339640609,2172.368277676405,416.4764932291671,408.20693489583374,94.87872109452842,0.41428571428571426,0.3857142857142858,0.0
PHASE 2,828,663200,660,1583.7131968811739,882.0394339640609,2172.368277676405,416.4764932291671,408.20693489583374,94.87872109452842,0.45999999999999996,0.3771428571428571,0.0
PHASE 2,829,664000,664,1584.6274387377653,882.0394339640609,2172.368277676405,415.27485156250043,410.0322494791671,94.91504221201907,0.0,0.0,0.0
PHASE 2,830,664800,664,1584.6274387377653,882.0394339640609,2172.368277676405,415.27485156250043,410.032249479167,94.91504221201907,0.4014285714285714,0.5071428571428572,0.0
PHASE 2,831,665600,664,1584.6274387377653,882.0394339640609,2172.368277676405,415.27485156250043,410.032249479167,94.91504221201907,0.36142857142857143,0.4928571428571429,0.0
PHASE 2,832,666400,664,1584.6274387377653,882.0394339640609,2172.368277676405,415.27485156250043,410.032249479167,94.91504221201907,0.4614285714285714,0.3857142857142858,0.0
PHASE 2,833,667200,664,1584.6274387377653,882.0394339640609,2172.368277676405,415.27485156250043,410.032249479167,94.91504221201907,0.47285714285714286,0.3985714285714286,0.0
PHASE 2,834,668000,668,1585.3911008928546,882.0394339640609,2172.368277676405,415.1995036458338,410.6254567708337,94.94576755953013,0.0,0.0,0.0
PHASE 2,835,668800,668,1585.391100892855,882.0394339640609,2172.368277676405,415.19950364583366,410.62545677083375,94.94576755953014,0.4757142857142858,0.4128571428571429,0.0
PHASE 2,836,669600,668,1585.391100892855,882.0394339640609,2172.368277676405,415.19950364583366,410.62545677083375,94.94576755953014,0.4142857142857143,0.39,0.0
PHASE 2,837,670400,668,1585.391100892855,882.0394339640609,2172.368277676405,415.19950364583366,410.62545677083375,94.94576755953014,0.3085714285714286,0.34571428571428575,0.0
PHASE 2,838,671200,668,1585.391100892855,882.0394339640609,2172.368277676405,415.19950364583366,410.62545677083375,94.94576755953014,0.3185714285714286,0.42857142857142855,0.0
PHASE 2,839,672000,672,1602.6674046647468,882.0394339640609,2172.368277676405,418.1825161458336,417.17132812500046,95.914195049246,0.0,0.0,0.0
PHASE 2,840,672800,672,1602.6674046647468,882.0394339640609,2172.368277676405,418.18251614583363,417.17132812500034,95.914195049246,0.42857142857142866,0.4642857142857143,0.0
PHASE 2,841,673600,672,1602.6674046647468,882.0394339640609,2172.368277676405,418.18251614583363,417.17132812500034,95.914195049246,0.43714285714285717,0.4514285714285714,0.0
PHASE 2,842,674400,672,1602.6674046647468,882.0394339640609,2172.368277676405,418.18251614583363,417.17132812500034,95.914195049246,0.4357142857142858,0.4600000000000001,0.0
PHASE 2,843,675200,672,1602.6674046647468,882.0394339640609,2172.368277676405,418.18251614583363,417.17132812500034,95.914195049246,0.4057142857142857,0.4071428571428572,0.0
PHASE 2,844,676000,676,1611.4712824505993,882.0394339640609,2172.368277676405,421.01357708333364,419.6530645833337,96.35058009799857,0.0,0.0,0.0
PHASE 2,845,676800,676,1611.4712824505993,882.0394339640609,2172.368277676405,421.01357708333376,419.6530645833337,96.35058009799859,0.44142857142857145,0.3614285714285715,0.0
PHASE 2,846,677600,676,1611.4712824505993,882.0394339640609,2172.368277676405,421.01357708333376,419.6530645833337,96.35058009799859,0.4014285714285714,0.4357142857142858,0.0
PHASE 2,847,678400,676,1611.4712824505993,882.0394339640609,2172.368277676405,421.01357708333376,419.6530645833337,96.35058009799859,0.39714285714285713,0.43571428571428567,0.0
PHASE 2,848,679200,676,1611.4712824505993,882.0394339640609,2172.368277676405,421.01357708333376,419.6530645833337,96.35058009799859,0.5342857142857144,0.4471428571428572,0.0
PHASE 2,849,680000,680,1614.3744180174917,882.0394339640609,2172.368277676405,422.1263552083338,421.06308854166707,96.39812178344346,0.0,0.0,0.0
PHASE 2,850,680800,680,1614.3744180174917,882.0394339640609,2172.368277676405,422.1263552083337,421.063088541667,96.39812178344346,0.45714285714285713,0.43428571428571433,0.0
PHASE 2,851,681600,680,1614.3744180174917,882.0394339640609,2172.368277676405,422.1263552083337,421.063088541667,96.39812178344346,0.33714285714285713,0.37142857142857155,0.0
PHASE 2,852,682400,680,1614.3744180174917,882.0394339640609,2172.368277676405,422.1263552083337,421.063088541667,96.39812178344346,0.41000000000000003,0.41571428571428576,0.0
PHASE 2,853,683200,680,1614.3744180174917,882.0394339640609,2172.368277676405,422.1263552083337,421.063088541667,96.39812178344346,0.3442857142857143,0.4471428571428572,0.0
PHASE 2,854,684000,684,1617.1127841270268,995.68989023431,2172.368277676405,423.88352604166704,420.2971343750003,96.61651546380213,0.0,0.0,0.0
PHASE 2,855,684800,684,1617.1127841270268,995.68989023431,2172.368277676405,423.883526041667,420.2971343750003,96.61651546380212,0.4028571428571429,0.41714285714285715,0.0
PHASE 2,856,685600,684,1617.1127841270268,995.68989023431,2172.368277676405,423.883526041667,420.2971343750003,96.61651546380212,0.48857142857142855,0.47857142857142865,0.0
PHASE 2,857,686400,684,1617.1127841270268,995.68989023431,2172.368277676405,423.883526041667,420.2971343750003,96.61651546380212,0.4757142857142858,0.42142857142857143,0.0
PHASE 2,858,687200,684,1617.1127841270268,995.68989023431,2172.368277676405,423.883526041667,420.2971343750003,96.61651546380212,0.39,0.43571428571428583,0.0
PHASE 2,859,688000,688,1621.5285083792864,995.68989023431,2093.090315186163,425.90957708333366,422.68437291666703,96.6168197974179,0.0,0.0,0.0
PHASE 2,860,688800,688,1621.5285083792864,995.68989023431,2093.090315186163,425.90957708333366,422.68437291666703,96.6168197974179,0.40857142857142864,0.36,0.0
PHASE 2,861,689600,688,1621.5285083792864,995.68989023431,2093.090315186163,425.90957708333366,422.68437291666703,96.6168197974179,0.4357142857142858,0.40428571428571436,0.0
PHASE 2,862,690400,688,1621.5285083792864,995.68989023431,2093.090315186163,425.90957708333366,422.68437291666703,96.6168197974179,0.40428571428571436,0.4257142857142857,0.0
PHASE 2,863,691200,688,1621.5285083792864,995.68989023431,2093.090315186163,425.90957708333366,422.68437291666703,96.6168197974179,0.4128571428571428,0.41714285714285715,0.0
PHASE 2,864,692000,692,1611.9376895215246,995.68989023431,2093.090315186163,424.518329166667,419.5559770833337,95.98292290894766,0.0,0.0,0.0
PHASE 2,865,692800,692,1611.9376895215248,995.68989023431,2093.090315186163,424.51832916666694,419.55597708333363,95.98292290894766,0.44571428571428573,0.43714285714285717,0.0
PHASE 2,866,693600,692,1611.9376895215248,995.68989023431,2093.090315186163,424.51832916666694,419.55597708333363,95.98292290894766,0.33714285714285713,0.3742857142857143,0.0
PHASE 2,867,694400,692,1611.9376895215248,995.68989023431,2093.090315186163,424.51832916666694,419.55597708333363,95.98292290894766,0.4614285714285714,0.42857142857142866,0.0
PHASE 2,868,695200,692,1611.9376895215248,995.68989023431,2093.090315186163,424.51832916666694,419.55597708333363,95.98292290894766,0.40857142857142864,0.4642857142857143,0.0
PHASE 2,869,696000,696,1605.9767019557198,995.68989023431,2093.090315186163,422.3344843750003,418.02228333333363,95.70249178093032,0.0,0.0,0.0
PHASE 2,870,696800,696,1605.9767019557198,995.68989023431,2093.090315186163,422.33448437500033,418.02228333333363,95.70249178093032,0.40857142857142853,0.4114285714285715,0.0
PHASE 2,871,697600,696,1605.9767019557198,995.68989023431,2093.090315186163,422.33448437500033,418.02228333333363,95.70249178093032,0.44857142857142857,0.42000000000000004,0.0
PHASE 2,872,698400,696,1605.9767019557198,995.68989023431,2093.090315186163,422.33448437500033,418.02228333333363,95.70249178093032,0.4271428571428572,0.47428571428571437,0.0
PHASE 2,873,699200,696,1605.9767019557198,995.68989023431,2093.090315186163,422.33448437500033,418.02228333333363,95.70249178093032,0.4185714285714286,0.42142857142857143,0.0
PHASE 2,874,700000,700,1610.5596875497097,995.68989023431,2093.090315186163,419.21988958333367,422.39565026041697,96.11801846325204,0.0,0.0,0.0
PHASE 2,875,700800,700,1610.5596875497095,995.68989023431,2093.090315186163,419.2198895833337,422.39565026041697,96.11801846325203,0.3985714285714286,0.41428571428571426,0.0
PHASE 2,876,701600,700,1610.5596875497095,995.68989023431,2093.090315186163,419.2198895833337,422.39565026041697,96.11801846325203,0.4128571428571428,0.4514285714285714,0.0
PHASE 2,877,702400,700,1610.5596875497095,995.68989023431,2093.090315186163,419.2198895833337,422.39565026041697,96.11801846325203,0.47000000000000003,0.4585714285714285,0.0
PHASE 2,878,703200,700,1610.5596875497095,995.68989023431,2093.090315186163,419.2198895833337,422.39565026041697,96.11801846325203,0.41714285714285715,0.42857142857142866,0.0
PHASE 2,879,704000,704,1611.4874635172255,995.68989023431,2093.090315186163,420.5085281250004,421.073444010417,96.23818642273316,0.0,0.0,0.0
PHASE 2,880,704800,704,1611.4874635172255,995.68989023431,2093.090315186163,420.5085281250003,421.07344401041695,96.23818642273316,0.44000000000000006,0.4185714285714286,0.0
PHASE 2,881,705600,704,1611.4874635172255,995.68989023431,2093.090315186163,420.5085281250003,421.07344401041695,96.23818642273316,0.3814285714285714,0.40285714285714286,0.0
PHASE 2,882,706400,704,1611.4874635172255,995.68989023431,2093.090315186163,420.5085281250003,421.07344401041695,96.23818642273316,0.4685714285714287,0.4057142857142858,0.0
PHASE 2,883,707200,704,1611.4874635172255,995.68989023431,2093.090315186163,420.5085281250003,421.07344401041695,96.23818642273316,0.3128571428571429,0.4,0.0
PHASE 2,884,708000,708,1612.7415536418312,995.68989023431,2093.090315186163,420.75835729166704,421.3205750000003,96.33282766877768,0.0,0.0,0.0
PHASE 2,885,708800,708,1612.7415536418316,995.68989023431,2093.090315186163,420.758357291667,421.3205750000003,96.33282766877768,0.42142857142857143,0.3485714285714286,0.0
PHASE 2,886,709600,708,1612.7415536418316,995.68989023431,2093.090315186163,420.758357291667,421.3205750000003,96.33282766877768,0.29714285714285715,0.4471428571428572,0.0
PHASE 2,887,710400,708,1612.7415536418316,995.68989023431,2093.090315186163,420.758357291667,421.3205750000003,96.33282766877768,0.40857142857142853,0.4,0.0
PHASE 2,888,711200,708,1612.7415536418316,995.68989023431,2093.090315186163,420.758357291667,421.3205750000003,96.33282766877768,0.43714285714285717,0.4800000000000001,0.0
PHASE 2,889,712000,712,1602.2316919247307,995.68989023431,2093.090315186163,416.5749833333336,419.535491666667,95.7651521155984,0.0,0.0,0.0
PHASE 2,890,712800,712,1602.2316919247305,995.68989023431,2093.090315186163,416.5749833333337,419.5354916666671,95.76515211559837,0.4185714285714286,0.37428571428571433,0.0
PHASE 2,891,713600,712,1602.2316919247305,995.68989023431,2093.090315186163,416.5749833333337,419.5354916666671,95.76515211559837,0.4257142857142857,0.47000000000000003,0.0
PHASE 2,892,714400,712,1602.2316919247305,995.68989023431,2093.090315186163,416.5749833333337,419.5354916666671,95.76515211559837,0.46571428571428575,0.3957142857142857,0.0
PHASE 2,893,715200,712,1602.2316919247305,995.68989023431,2093.090315186163,416.5749833333337,419.5354916666671,95.76515211559837,0.37142857142857144,0.4128571428571429,0.0
PHASE 2,894,716000,716,1601.3306293599273,995.68989023431,2093.090315186163,416.210810416667,418.7447760416671,95.79688036270628,0.0,0.0,0.0
PHASE 2,895,716800,716,1601.3306293599273,995.68989023431,2093.090315186163,416.210810416667,418.7447760416671,95.79688036270625,0.49000000000000005,0.4314285714285715,0.0
PHASE 2,896,717600,716,1601.3306293599273,995.68989023431,2093.090315186163,416.210810416667,418.7447760416671,95.79688036270625,0.4257142857142857,0.4685714285714287,0.0
PHASE 2,897,718400,716,1601.3306293599273,995.68989023431,2093.090315186163,416.210810416667,418.7447760416671,95.79688036270625,0.3271428571428572,0.5414285714285715,0.0
PHASE 2,898,719200,716,1601.3306293599273,995.68989023431,2093.090315186163,416.210810416667,418.7447760416671,95.79688036270625,0.3628571428571429,0.4014285714285714,0.0
PHASE 2,899,720000,720,1598.5326925893876,995.68989023431,2085.9402478121156,412.5433718750003,421.119704166667,95.60870206847223,0.0,0.0,0.0
PHASE 2,900,720800,720,1598.5326925893876,995.68989023431,2085.9402478121156,412.5433718750003,421.119704166667,95.60870206847223,0.3885714285714286,0.3757142857142858,0.0
PHASE 2,901,721600,720,1598.5326925893876,995.68989023431,2085.9402478121156,412.5433718750003,421.119704166667,95.60870206847223,0.40428571428571425,0.4057142857142857,0.0
PHASE 2,902,722400,720,1598.5326925893876,995.68989023431,2085.9402478121156,412.5433718750003,421.119704166667,95.60870206847223,0.3628571428571429,0.3185714285714286,0.0
PHASE 2,903,723200,720,1598.5326925893876,995.68989023431,2085.9402478121156,412.5433718750003,421.119704166667,95.60870206847223,0.3928571428571429,0.4257142857142858,0.0
PHASE 2,904,724000,724,1607.9894035469663,995.68989023431,2085.9402478121156,417.03355208333363,421.45474453125024,96.18763836655496,0.0,0.0,0.0
PHASE 2,905,724800,724,1607.9894035469658,995.68989023431,2085.9402478121156,417.0335520833336,421.4547445312503,96.18763836655496,0.45000000000000007,0.32285714285714284,0.0
PHASE 2,906,725600,724,1607.9894035469658,995.68989023431,2085.9402478121156,417.0335520833336,421.4547445312503,96.18763836655496,0.36000000000000004,0.34428571428571425,0.0
PHASE 2,907,726400,724,1607.9894035469658,995.68989023431,2085.9402478121156,417.0335520833336,421.4547445312503,96.18763836655496,0.4271428571428572,0.3728571428571429,0.0
PHASE 2,908,727200,724,1607.9894035469658,995.68989023431,2085.9402478121156,417.0335520833336,421.4547445312503,96.18763836655496,0.3757142857142857,0.3385714285714285,0.0
PHASE 2,909,728000,728,1611.040385592117,1021.1438496375144,2012.225101913307,416.9397489583336,421.00007578125036,96.637570106574,0.0,0.0,0.0
PHASE 2,910,728800,728,1611.0403855921177,1021.1438496375144,2012.225101913307,416.9397489583336,421.00007578125025,96.63757010657399,0.37142857142857144,0.4,0.0
PHASE 2,911,729600,728,1611.0403855921177,1021.1438496375144,2012.225101913307,416.9397489583336,421.00007578125025,96.63757010657399,0.4014285714285714,0.3885714285714286,0.0
PHASE 2,912,730400,728,1611.0403855921177,1021.1438496375144,2012.225101913307,416.9397489583336,421.00007578125025,96.63757010657399,0.39,0.3857142857142858,0.0
PHASE 2,913,731200,728,1611.0403855921177,1021.1438496375144,2012.225101913307,416.9397489583336,421.00007578125025,96.63757010657399,0.4585714285714285,0.35857142857142865,0.0
PHASE 2,914,732000,732,1608.6084366097234,1021.1438496375144,2012.225101913307,415.1279375000003,421.2328299479169,96.53095864523294,0.0,0.0,0.0
PHASE 2,915,732800,732,1608.6084366097232,1021.1438496375144,2012.225101913307,415.1279375000003,421.2328299479169,96.53095864523297,0.4742857142857143,0.4114285714285715,0.0
PHASE 2,916,733600,732,1608.6084366097232,1021.1438496375144,2012.225101913307,415.1279375000003,421.2328299479169,96.53095864523297,0.39142857142857146,0.3557142857142857,0.0
PHASE 2,917,734400,732,1608.6084366097232,1021.1438496375144,2012.225101913307,415.1279375000003,421.2328299479169,96.53095864523297,0.41,0.3185714285714286,0.0
PHASE 2,918,735200,732,1608.6084366097232,1021.1438496375144,2012.225101913307,415.1279375000003,421.2328299479169,96.53095864523297,0.40428571428571436,0.4014285714285714,0.0
PHASE 2,919,736000,736,1613.5566536888111,1021.1438496375144,2047.9627395607681,417.509476822917,420.9730018229169,96.88427188037946,0.0,0.0,0.0
PHASE 2,920,736800,736,1613.5566536888114,1021.1438496375144,2047.9627395607681,417.509476822917,420.973001822917,96.88427188037946,0.4742857142857143,0.3957142857142858,0.0
PHASE 2,921,737600,736,1613.5566536888114,1021.1438496375144,2047.9627395607681,417.509476822917,420.973001822917,96.88427188037946,0.4671428571428572,0.47142857142857153,0.0
PHASE 2,922,738400,736,1613.5566536888114,1021.1438496375144,2047.9627395607681,417.509476822917,420.973001822917,96.88427188037946,0.3857142857142858,0.42285714285714293,0.0
PHASE 2,923,739200,736,1613.5566536888114,1021.1438496375144,2047.9627395607681,417.509476822917,420.973001822917,96.88427188037946,0.43428571428571433,0.42000000000000004,0.0
PHASE 2,924,740000,740,1608.441449556091,1021.1438496375144,2047.9627395607681,412.5492591145837,422.4953247395837,96.67460821274766,0.0,0.0,0.0
PHASE 2,925,740800,740,1608.441449556091,1021.1438496375144,2047.9627395607681,412.5492591145836,422.49532473958357,96.67460821274766,0.43571428571428567,0.4057142857142857,0.0
PHASE 2,926,741600,740,1608.441449556091,1021.1438496375144,2047.9627395607681,412.5492591145836,422.49532473958357,96.67460821274766,0.4671428571428572,0.38142857142857145,0.0
PHASE 2,927,742400,740,1608.441449556091,1021.1438496375144,2047.9627395607681,412.5492591145836,422.49532473958357,96.67460821274766,0.3542857142857143,0.3928571428571429,0.0
PHASE 2,928,743200,740,1608.441449556091,1021.1438496375144,2047.9627395607681,412.5492591145836,422.49532473958357,96.67460821274766,0.4128571428571429,0.3857142857142858,0.0
PHASE 2,929,744000,744,1621.590740048867,1021.1438496375144,2047.9627395607681,416.6030101562503,425.03057057291693,97.49464491496978,0.0,0.0,0.0
PHASE 2,930,744800,744,1621.590740048867,1021.1438496375144,2047.9627395607681,416.6030101562504,425.030570572917,97.49464491496978,0.4600000000000001,0.40714285714285714,0.0
PHASE 2,931,745600,744,1621.590740048867,1021.1438496375144,2047.9627395607681,416.6030101562504,425.030570572917,97.49464491496978,0.4514285714285714,0.45000000000000007,0.0
PHASE 2,932,746400,744,1621.590740048867,1021.1438496375144,2047.9627395607681,416.6030101562504,425.030570572917,97.49464491496978,0.37,0.32285714285714284,0.0
PHASE 2,933,747200,744,1621.590740048867,1021.1438496375144,2047.9627395607681,416.6030101562504,425.030570572917,97.49464491496978,0.49714285714285716,0.37857142857142856,0.0
PHASE 2,934,748000,748,1632.5482974624329,1094.0568726392228,2047.9627395607681,421.04022161458363,425.89288619791705,98.20189870624908,0.0,0.0,0.0
PHASE 2,935,748800,748,1632.5482974624329,1094.0568726392228,2047.9627395607681,421.04022161458374,425.89288619791694,98.20189870624908,0.3771428571428571,0.3557142857142857,0.0
PHASE 2,936,749600,748,1632.5482974624329,1094.0568726392228,2047.9627395607681,421.04022161458374,425.89288619791694,98.20189870624908,0.4257142857142858,0.43428571428571433,0.0
PHASE 2,937,750400,748,1632.5482974624329,1094.0568726392228,2047.9627395607681,421.04022161458374,425.89288619791694,98.20189870624908,0.44571428571428573,0.4928571428571429,0.0
PHASE 2,938,751200,748,1632.5482974624329,1094.0568726392228,2047.9627395607681,421.04022161458374,425.89288619791694,98.20189870624908,0.49857142857142855,0.3514285714285715,0.0
PHASE 2,939,752000,752,1631.114101977622,1094.0568726392228,2047.9627395607681,416.2911278645837,428.1571091145836,98.33323312481456,0.0,0.0,0.0
PHASE 2,940,752800,752,1631.1141019776226,1094.0568726392228,2047.9627395607681,416.29112786458376,428.1571091145837,98.33323312481456,0.43428571428571433,0.4257142857142858,0.0
PHASE 2,941,753600,752,1631.1141019776226,1094.0568726392228,2047.9627395607681,416.29112786458376,428.1571091145837,98.33323312481456,0.5071428571428571,0.43,0.0
PHASE 2,942,754400,752,1631.1141019776226,1094.0568726392228,2047.9627395607681,416.29112786458376,428.1571091145837,98.33323312481456,0.44000000000000006,0.40285714285714286,0.0
PHASE 2,943,755200,752,1631.1141019776226,1094.0568726392228,2047.9627395607681,416.29112786458376,428.1571091145837,98.33323312481456,0.37,0.40428571428571425,0.0
PHASE 2,944,756000,756,1639.1812630308298,1094.0568726392228,2121.7012934247714,419.1189528645838,428.5560921875004,98.93827724735104,0.0,0.0,0.0
PHASE 2,945,756800,756,1639.18126303083,1094.0568726392228,2121.7012934247714,419.1189528645836,428.5560921875003,98.93827724735104,0.4314285714285714,0.3828571428571429,0.0
PHASE 2,946,757600,756,1639.18126303083,1094.0568726392228,2121.7012934247714,419.1189528645836,428.5560921875003,98.93827724735104,0.41714285714285715,0.3757142857142858,0.0
PHASE 2,947,758400,756,1639.18126303083,1094.0568726392228,2121.7012934247714,419.1189528645836,428.5560921875003,98.93827724735104,0.36714285714285716,0.40857142857142853,0.0
PHASE 2,948,759200,756,1639.18126303083,1094.0568726392228,2121.7012934247714,419.1189528645836,428.5560921875003,98.93827724735104,0.4185714285714286,0.4128571428571428,0.0
PHASE 2,949,760000,760,1643.0182539883897,1094.0568726392228,2121.7012934247714,419.7612216145837,429.2808640625003,99.247021038921,0.0,0.0,0.0
PHASE 2,950,760800,760,1643.018253988389,1094.0568726392228,2121.7012934247714,419.7612216145837,429.28086406250026,99.247021038921,0.48571428571428577,0.3771428571428571,0.0
PHASE 2,951,761600,760,1643.018253988389,1094.0568726392228,2121.7012934247714,419.7612216145837,429.28086406250026,99.247021038921,0.46571428571428575,0.4442857142857143,0.0
PHASE 2,952,762400,760,1643.018253988389,1094.0568726392228,2121.7012934247714,419.7612216145837,429.28086406250026,99.247021038921,0.39000000000000007,0.4442857142857143,0.0
PHASE 2,953,763200,760,1643.018253988389,1094.0568726392228,2121.7012934247714,419.7612216145837,429.28086406250026,99.247021038921,0.40714285714285714,0.32285714285714284,0.0
PHASE 2,954,764000,764,1653.792039275152,1094.0568726392228,2137.8912387393234,422.88393802083374,430.77827135416703,100.01622873752676,0.0,0.0,0.0
PHASE 2,955,764800,764,1653.7920392751528,1094.0568726392228,2137.8912387393234,422.8839380208337,430.7782713541671,100.01622873752676,0.41714285714285715,0.43285714285714294,0.0
PHASE 2,956,765600,764,1653.7920392751528,1094.0568726392228,2137.8912387393234,422.8839380208337,430.7782713541671,100.01622873752676,0.38000000000000006,0.4057142857142857,0.0
PHASE 2,957,766400,764,1653.7920392751528,1094.0568726392228,2137.8912387393234,422.8839380208337,430.7782713541671,100.01622873752676,0.4,0.32571428571428573,0.0
PHASE 2,958,767200,764,1653.7920392751528,1094.0568726392228,2137.8912387393234,422.8839380208337,430.7782713541671,100.01622873752676,0.3728571428571429,0.38142857142857145,0.0
PHASE 2,959,768000,768,1664.331589353775,1094.0568726392228,2137.8912387393234,427.68512864583363,431.2872557291671,100.66990062235458,0.0,0.0,0.0
PHASE 2,960,768800,768,1664.3315893537747,1094.0568726392228,2137.8912387393234,427.6851286458337,431.2872557291671,100.66990062235458,0.4142857142857143,0.4542857142857143,0.0
PHASE 2,961,769600,768,1664.3315893537747,1094.0568726392228,2137.8912387393234,427.6851286458337,431.2872557291671,100.66990062235458,0.36571428571428577,0.43000000000000005,0.0
PHASE 2,962,770400,768,1664.3315893537747,1094.0568726392228,2137.8912387393234,427.6851286458337,431.2872557291671,100.66990062235458,0.4057142857142857,0.3942857142857143,0.0
PHASE 2,963,771200,768,1664.3315893537747,1094.0568726392228,2137.8912387393234,427.6851286458337,431.2872557291671,100.66990062235458,0.41000000000000003,0.4185714285714287,0.0
PHASE 2,964,772000,772,1658.9811161061073,1094.0568726392228,2137.8912387393234,428.8756880208337,427.4289645833338,100.33455793775043,0.0,0.0,0.0
PHASE 2,965,772800,772,1658.9811161061073,1094.0568726392228,2137.8912387393234,428.87568802083376,427.4289645833338,100.33455793775043,0.4957142857142857,0.4628571428571429,0.0
PHASE 2,966,773600,772,1658.9811161061073,1094.0568726392228,2137.8912387393234,428.87568802083376,427.4289645833338,100.33455793775043,0.37428571428571433,0.42857142857142866,0.0
PHASE 2,967,774400,772,1658.9811161061073,1094.0568726392228,2137.8912387393234,428.87568802083376,427.4289645833338,100.33455793775043,0.47857142857142854,0.3814285714285715,0.0
PHASE 2,968,775200,772,1658.9811161061073,1094.0568726392228,2137.8912387393234,428.87568802083376,427.4289645833338,100.33455793775043,0.41000000000000003,0.35285714285714287,0.0
PHASE 2,969,776000,776,1671.918297945332,1094.0568726392228,2384.980081790032,432.9403796875004,428.78506145833376,101.27410709994523,0.0,0.0,0.0
PHASE 2,970,776800,776,1671.918297945332,1094.0568726392228,2384.980081790032,432.9403796875003,428.7850614583338,101.27410709994521,0.36714285714285716,0.3614285714285714,0.0
PHASE 2,971,777600,776,1671.918297945332,1094.0568726392228,2384.980081790032,432.9403796875003,428.7850614583338,101.27410709994521,0.3771428571428571,0.42857142857142866,0.0
PHASE 2,972,778400,776,1671.918297945332,1094.0568726392228,2384.980081790032,432.9403796875003,428.7850614583338,101.27410709994521,0.4171428571428571,0.3757142857142857,0.0
PHASE 2,973,779200,776,1671.918297945332,1094.0568726392228,2384.980081790032,432.9403796875003,428.7850614583338,101.27410709994521,0.4214285714285714,0.44571428571428584,0.0
PHASE 2,974,780000,780,1678.844041119581,1094.0568726392228,2384.980081790032,433.4649544270836,430.7733354166671,101.82571890948675,0.0,0.0,0.0
PHASE 2,975,780800,780,1678.8440411195809,1094.0568726392228,2384.980081790032,433.4649544270836,430.7733354166672,101.82571890948675,0.3685714285714286,0.45857142857142863,0.0
PHASE 2,976,781600,780,1678.8440411195809,1094.0568726392228,2384.980081790032,433.4649544270836,430.7733354166672,101.82571890948675,0.44142857142857145,0.37,0.0
PHASE 2,977,782400,780,1678.8440411195809,1094.0568726392228,2384.980081790032,433.4649544270836,430.7733354166672,101.82571890948675,0.41,0.4685714285714285,0.0
PHASE 2,978,783200,780,1678.8440411195809,1094.0568726392228,2384.980081790032,433.4649544270836,430.7733354166672,101.82571890948675,0.39714285714285713,0.4557142857142858,0.0
PHASE 2,979,784000,784,1680.9638614670748,1094.0568726392228,2384.980081790032,432.87951692708367,431.4975906250005,102.0733442393821,0.0,0.0,0.0
PHASE 2,980,784800,784,1680.9638614670748,1094.0568726392228,2384.980081790032,432.8795169270837,431.4975906250004,102.0733442393821,0.5228571428571429,0.40285714285714286,0.0
PHASE 2,981,785600,784,1680.9638614670748,1094.0568726392228,2384.980081790032,432.8795169270837,431.4975906250004,102.0733442393821,0.45857142857142863,0.4414285714285714,0.0
PHASE 2,982,786400,784,1680.9638614670748,1094.0568726392228,2384.980081790032,432.8795169270837,431.4975906250004,102.0733442393821,0.39142857142857146,0.4014285714285715,0.0
PHASE 2,983,787200,784,1680.9638614670748,1094.0568726392228,2384.980081790032,432.8795169270837,431.4975906250004,102.0733442393821,0.36,0.38000000000000006,0.0
PHASE 2,984,788000,788,1679.1037254368255,1094.0568726392228,2384.980081790032,430.84991901041707,431.54225000000037,102.08894455330926,0.0,0.0,0.0
PHASE 2,985,788800,788,1679.1037254368257,1094.0568726392228,2384.980081790032,430.849919010417,431.5422500000004,102.08894455330926,0.3514285714285715,0.3571428571428571,0.0
PHASE 2,986,789600,788,1679.1037254368257,1094.0568726392228,2384.980081790032,430.849919010417,431.5422500000004,102.08894455330926,0.4242857142857142,0.4314285714285714,0.0
PHASE 2,987,790400,788,1679.1037254368257,1094.0568726392228,2384.980081790032,430.849919010417,431.5422500000004,102.08894455330926,0.41571428571428576,0.43714285714285717,0.0
PHASE 2,988,791200,788,1679.1037254368257,1094.0568726392228,2384.980081790032,430.849919010417,431.5422500000004,102.08894455330926,0.3857142857142858,0.37142857142857144,0.0
PHASE 2,989,792000,792,1686.2730340661415,1094.0568726392228,2384.980081790032,432.562169010417,433.5776281250004,102.51665461634883,0.0,0.0,0.0
PHASE 2,990,792800,792,1686.273034066142,1094.0568726392228,2384.980081790032,432.56216901041705,433.5776281250004,102.51665461634883,0.43571428571428567,0.3371428571428572,0.0
PHASE 2,991,793600,792,1686.273034066142,1094.0568726392228,2384.980081790032,432.56216901041705,433.5776281250004,102.51665461634883,0.49428571428571433,0.4614285714285714,0.0
PHASE 2,992,794400,792,1686.273034066142,1094.0568726392228,2384.980081790032,432.56216901041705,433.5776281250004,102.51665461634883,0.5,0.45428571428571435,0.0
PHASE 2,993,795200,792,1686.273034066142,1094.0568726392228,2384.980081790032,432.56216901041705,433.5776281250004,102.51665461634883,0.41571428571428576,0.2942857142857143,0.0
PHASE 2,994,796000,796,1685.2576292439676,1094.0568726392228,2384.980081790032,432.5181085937504,433.07907291666714,102.45755596670213,0.0,0.0,0.0
PHASE 2,995,796800,796,1685.2576292439676,1094.0568726392228,2384.980081790032,432.5181085937504,433.0790729166671,102.45755596670213,0.44857142857142857,0.5671428571428572,0.0
PHASE 2,996,797600,796,1685.2576292439676,1094.0568726392228,2384.980081790032,432.5181085937504,433.0790729166671,102.45755596670213,0.3757142857142857,0.53,0.0
PHASE 2,997,798400,796,1685.2576292439676,1094.0568726392228,2384.980081790032,432.5181085937504,433.0790729166671,102.45755596670213,0.42714285714285716,0.44857142857142857,0.0
PHASE 2,998,799200,796,1685.2576292439676,1094.0568726392228,2384.980081790032,432.5181085937504,433.0790729166671,102.45755596670213,0.4128571428571429,0.4428571428571429,0.0
PHASE 2,999,800000,800,1689.4845324909695,1094.0568726392228,2384.980081790032,436.53435234375036,432.28199244791705,102.58352346242124,0.0,0.0,0.0
PHASE 2,1000,800800,800,1689.484532490969,1094.0568726392228,2384.980081790032,436.5343523437504,432.281992447917,102.58352346242124,0.4128571428571429,0.39142857142857146,0.0
PHASE 2,1001,801600,800,1689.484532490969,1094.0568726392228,2384.980081790032,436.5343523437504,432.281992447917,102.58352346242124,0.4014285714285715,0.45857142857142863,0.0
PHASE 2,1002,802400,800,1689.484532490969,1094.0568726392228,2384.980081790032,436.5343523437504,432.281992447917,102.58352346242124,0.43,0.40285714285714286,0.0
PHASE 2,1003,803200,800,1689.484532490969,1094.0568726392228,2384.980081790032,436.5343523437504,432.281992447917,102.58352346242124,0.48999999999999994,0.38857142857142857,0.0
PHASE 2,1004,804000,804,1692.9082083431263,1094.0568726392228,2384.980081790032,433.7822148437504,436.25996015625043,102.85825416789929,0.0,0.0,0.0
PHASE 2,1005,804800,804,1692.9082083431265,1094.0568726392228,2384.980081790032,433.78221484375047,436.25996015625043,102.85825416789929,0.41714285714285715,0.42000000000000004,0.0
PHASE 2,1006,805600,804,1692.9082083431265,1094.0568726392228,2384.980081790032,433.78221484375047,436.25996015625043,102.85825416789929,0.4142857142857144,0.39714285714285713,0.0
PHASE 2,1007,806400,804,1692.9082083431265,1094.0568726392228,2384.980081790032,433.78221484375047,436.25996015625043,102.85825416789929,0.49142857142857144,0.45857142857142874,0.0
PHASE 2,1008,807200,804,1692.9082083431265,1094.0568726392228,2384.980081790032,433.78221484375047,436.25996015625043,102.85825416789929,0.40285714285714286,0.41000000000000003,0.0
PHASE 2,1009,808000,808,1699.3955010889692,1094.0568726392228,2384.980081790032,436.7939825520838,435.16328437500044,103.42977927024421,0.0,0.0,0.0
PHASE 2,1010,808800,808,1699.3955010889686,1094.0568726392228,2384.980081790032,436.79398255208366,435.16328437500044,103.42977927024421,0.42000000000000004,0.4014285714285714,0.0
PHASE 2,1011,809600,808,1699.3955010889686,1094.0568726392228,2384.980081790032,436.79398255208366,435.16328437500044,103.42977927024421,0.5228571428571429,0.4428571428571429,0.0
PHASE 2,1012,810400,808,1699.3955010889686,1094.0568726392228,2384.980081790032,436.79398255208366,435.16328437500044,103.42977927024421,0.43428571428571433,0.38428571428571434,0.0
PHASE 2,1013,811200,808,1699.3955010889686,1094.0568726392228,2384.980081790032,436.79398255208366,435.16328437500044,103.42977927024421,0.4057142857142857,0.3585714285714286,0.0
PHASE 2,1014,812000,812,1709.1143285922576,1094.0568726392228,2384.980081790032,439.7439888020836,436.24772916666706,104.14032632794711,0.0,0.0,0.0
PHASE 2,1015,812800,812,1709.1143285922578,1094.0568726392228,2384.980081790032,439.7439888020838,436.24772916666706,104.14032632794711,0.4385714285714285,0.4385714285714286,0.0
PHASE 2,1016,813600,812,1709.1143285922578,1094.0568726392228,2384.980081790032,439.7439888020838,436.24772916666706,104.14032632794711,0.5014285714285714,0.3942857142857143,0.0
PHASE 2,1017,814400,812,1709.1143285922578,1094.0568726392228,2384.980081790032,439.7439888020838,436.24772916666706,104.14032632794711,0.4014285714285714,0.4257142857142857,0.0
PHASE 2,1018,815200,812,1709.1143285922578,1094.0568726392228,2384.980081790032,439.7439888020838,436.24772916666706,104.14032632794711,0.4228571428571429,0.41999999999999993,0.0
PHASE 2,1019,816000,816,1708.4850257160697,1094.0568726392228,2384.980081790032,437.5710398437504,438.9210343750004,103.99911893717379,0.0,0.0,0.0
PHASE 2,1020,816800,816,1708.4850257160697,1094.0568726392228,2384.980081790032,437.5710398437503,438.9210343750003,103.99911893717379,0.37142857142857144,0.4,0.0
PHASE 2,1021,817600,816,1708.4850257160697,1094.0568726392228,2384.980081790032,437.5710398437503,438.9210343750003,103.99911893717379,0.44000000000000006,0.3885714285714286,0.0
PHASE 2,1022,818400,816,1708.4850257160697,1094.0568726392228,2384.980081790032,437.5710398437503,438.9210343750003,103.99911893717379,0.5085714285714287,0.4600000000000001,0.0
PHASE 2,1023,819200,816,1708.4850257160697,1094.0568726392228,2384.980081790032,437.5710398437503,438.9210343750003,103.99911893717379,0.45285714285714285,0.40285714285714286,0.0
PHASE 2,1024,820000,820,1708.714976272549,1094.0568726392228,2384.980081790032,439.14087630208365,437.53635729166706,104.00471783485872,0.0,0.0,0.0
PHASE 2,1025,820800,820,1708.714976272549,1094.0568726392228,2384.980081790032,439.1408763020837,437.5363572916672,104.00471783485871,0.35571428571428576,0.43714285714285717,0.0
PHASE 2,1026,821600,820,1708.714976272549,1094.0568726392228,2384.980081790032,439.1408763020837,437.5363572916672,104.00471783485871,0.43428571428571433,0.3885714285714286,0.0
PHASE 2,1027,822400,820,1708.714976272549,1094.0568726392228,2384.980081790032,439.1408763020837,437.5363572916672,104.00471783485871,0.5857142857142857,0.4142857142857143,0.0
PHASE 2,1028,823200,820,1708.714976272549,1094.0568726392228,2384.980081790032,439.1408763020837,437.5363572916672,104.00471783485871,0.39,0.42857142857142866,0.0
PHASE 2,1029,824000,824,1708.0366601550338,1094.0568726392228,2384.980081790032,436.50995651041706,439.2862458333338,104.03005722641942,0.0,0.0,0.0
PHASE 2,1030,824800,824,1708.0366601550338,1094.0568726392228,2384.980081790032,436.50995651041706,439.28624583333374,104.03005722641942,0.49428571428571433,0.40428571428571425,0.0
PHASE 2,1031,825600,824,1708.0366601550338,1094.0568726392228,2384.980081790032,436.50995651041706,439.28624583333374,104.03005722641942,0.36714285714285716,0.40428571428571425,0.0
PHASE 2,1032,826400,824,1708.0366601550338,1094.0568726392228,2384.980081790032,436.50995651041706,439.28624583333374,104.03005722641942,0.4214285714285714,0.3,0.0
PHASE 2,1033,827200,824,1708.0366601550338,1094.0568726392228,2384.980081790032,436.50995651041706,439.28624583333374,104.03005722641942,0.4057142857142857,0.3628571428571429,0.0
PHASE 2,1034,828000,828,1707.2738127577668,1094.0568726392228,2384.980081790032,436.03137213541703,440.53401354166704,103.83855338509441,0.0,0.0,0.0
PHASE 2,1035,828800,828,1707.2738127577668,1094.0568726392228,2384.980081790032,436.031372135417,440.5340135416671,103.83855338509444,0.4271428571428572,0.43714285714285717,0.0
PHASE 2,1036,829600,828,1707.2738127577668,1094.0568726392228,2384.980081790032,436.031372135417,440.5340135416671,103.83855338509444,0.4271428571428572,0.44571428571428584,0.0
PHASE 2,1037,830400,828,1707.2738127577668,1094.0568726392228,2384.980081790032,436.031372135417,440.5340135416671,103.83855338509444,0.472857142857143,0.4485714285714287,0.0
PHASE 2,1038,831200,828,1707.2738127577668,1094.0568726392228,2384.980081790032,436.031372135417,440.5340135416671,103.83855338509444,0.4571428571428572,0.35285714285714287,0.0
PHASE 2,1039,832000,832,1714.7265468026287,1094.0568726392228,2384.980081790032,437.3831554687503,443.2453479166671,104.26225542716048,0.0,0.0,0.0
PHASE 2,1040,832800,832,1714.7265468026285,1094.0568726392228,2384.980081790032,437.38315546875043,443.245347916667,104.26225542716048,0.37,0.4585714285714285,0.0
PHASE 2,1041,833600,832,1714.7265468026285,1094.0568726392228,2384.980081790032,437.38315546875043,443.245347916667,104.26225542716048,0.3942857142857143,0.4142857142857143,0.0
PHASE 2,1042,834400,832,1714.7265468026285,1094.0568726392228,2384.980081790032,437.38315546875043,443.245347916667,104.26225542716048,0.44571428571428573,0.3685714285714286,0.0
PHASE 2,1043,835200,832,1714.7265468026285,1094.0568726392228,2384.980081790032,437.38315546875043,443.245347916667,104.26225542716048,0.5057142857142857,0.4742857142857143,0.0
PHASE 2,1044,836000,836,1712.9958900288586,1094.0568726392228,2384.980081790032,437.5443421875005,442.9349291666671,104.06457733434543,0.0,0.0,0.0
PHASE 2,1045,836800,836,1712.9958900288589,1094.0568726392228,2384.980081790032,437.54434218750043,442.93492916666713,104.06457733434543,0.38428571428571434,0.3942857142857143,0.0
PHASE 2,1046,837600,836,1712.9958900288589,1094.0568726392228,2384.980081790032,437.54434218750043,442.93492916666713,104.06457733434543,0.4800000000000001,0.40428571428571425,0.0
PHASE 2,1047,838400,836,1712.9958900288589,1094.0568726392228,2384.980081790032,437.54434218750043,442.93492916666713,104.06457733434543,0.43285714285714294,0.4471428571428572,0.0
PHASE 2,1048,839200,836,1712.9958900288589,1094.0568726392228,2384.980081790032,437.54434218750043,442.93492916666713,104.06457733434543,0.36,0.4585714285714285,0.0
PHASE 2,1049,840000,840,1721.2470170469223,1221.3794172611106,2384.980081790032,439.8392838541671,444.2880833333339,104.63995623243686,0.0,0.0,0.0
PHASE 2,1050,840800,840,1721.2470170469223,1221.3794172611106,2384.980081790032,439.839283854167,444.28808333333376,104.63995623243686,0.4471428571428572,0.3728571428571429,0.0
PHASE 2,1051,841600,840,1721.2470170469223,1221.3794172611106,2384.980081790032,439.839283854167,444.28808333333376,104.63995623243686,0.49428571428571433,0.40714285714285714,0.0
PHASE 2,1052,842400,840,1721.2470170469223,1221.3794172611106,2384.980081790032,439.839283854167,444.28808333333376,104.63995623243686,0.3814285714285715,0.39714285714285713,0.0
PHASE 2,1053,843200,840,1721.2470170469223,1221.3794172611106,2384.980081790032,439.839283854167,444.28808333333376,104.63995623243686,0.4871428571428572,0.40428571428571436,0.0
PHASE 2,1054,844000,844,1724.2577805628432,1221.3794172611106,2384.980081790032,440.2437890625003,446.39376250000043,104.702528625052,0.0,0.0,0.0
PHASE 2,1055,844800,844,1724.2577805628432,1221.3794172611106,2384.980081790032,440.24378906250035,446.39376250000043,104.70252862505198,0.42714285714285716,0.3585714285714286,0.0
PHASE 2,1056,845600,844,1724.2577805628432,1221.3794172611106,2384.980081790032,440.24378906250035,446.39376250000043,104.70252862505198,0.4014285714285714,0.40857142857142864,0.0
PHASE 2,1057,846400,844,1724.2577805628432,1221.3794172611106,2384.980081790032,440.24378906250035,446.39376250000043,104.70252862505198,0.43428571428571433,0.43,0.0
PHASE 2,1058,847200,844,1724.2577805628432,1221.3794172611106,2384.980081790032,440.24378906250035,446.39376250000043,104.70252862505198,0.35285714285714287,0.3942857142857143,0.0
PHASE 2,1059,848000,848,1719.3149191363307,1131.8883858511545,2384.980081790032,436.9298609375003,447.3224708333338,104.38282342069611,0.0,0.0,0.0
PHASE 2,1060,848800,848,1719.3149191363307,1131.8883858511545,2384.980081790032,436.9298609375004,447.32247083333374,104.38282342069611,0.4271428571428572,0.34714285714285714,0.0
PHASE 2,1061,849600,848,1719.3149191363307,1131.8883858511545,2384.980081790032,436.9298609375004,447.32247083333374,104.38282342069611,0.4,0.44285714285714295,0.0
PHASE 2,1062,850400,848,1719.3149191363307,1131.8883858511545,2384.980081790032,436.9298609375004,447.32247083333374,104.38282342069611,0.3614285714285715,0.4185714285714287,0.0
PHASE 2,1063,851200,848,1719.3149191363307,1131.8883858511545,2384.980081790032,436.9298609375004,447.32247083333374,104.38282342069611,0.4314285714285715,0.33428571428571435,0.0
PHASE 2,1064,852000,852,1724.083792221453,1131.8883858511545,2384.980081790032,441.465777604167,447.3104708333337,104.41344297300304,0.0,0.0,0.0
PHASE 2,1065,852800,852,1724.0837922214532,1131.8883858511545,2384.980081790032,441.465777604167,447.31047083333374,104.41344297300306,0.3542857142857143,0.35857142857142865,0.0
PHASE 2,1066,853600,852,1724.0837922214532,1131.8883858511545,2384.980081790032,441.465777604167,447.31047083333374,104.41344297300306,0.3557142857142857,0.40857142857142864,0.0
PHASE 2,1067,854400,852,1724.0837922214532,1131.8883858511545,2384.980081790032,441.465777604167,447.31047083333374,104.41344297300306,0.4557142857142858,0.44000000000000006,0.0
PHASE 2,1068,855200,852,1724.0837922214532,1131.8883858511545,2384.980081790032,441.465777604167,447.31047083333374,104.41344297300306,0.43428571428571433,0.3585714285714286,0.0
PHASE 2,1069,856000,856,1715.9523932384138,1131.8883858511545,2384.980081790032,438.91346718750026,447.3169968750004,103.7152411469982,0.0,0.0,0.0
PHASE 2,1070,856800,856,1715.9523932384132,1131.8883858511545,2384.980081790032,438.9134671875004,447.3169968750003,103.71524114699818,0.45285714285714296,0.38,0.0
PHASE 2,1071,857600,856,1715.9523932384132,1131.8883858511545,2384.980081790032,438.9134671875004,447.3169968750003,103.71524114699818,0.4571428571428572,0.3442857142857143,0.0
PHASE 2,1072,858400,856,1715.9523932384132,1131.8883858511545,2384.980081790032,438.9134671875004,447.3169968750003,103.71524114699818,0.4314285714285715,0.4185714285714286,0.0
PHASE 2,1073,859200,856,1715.9523932384132,1131.8883858511545,2384.980081790032,438.9134671875004,447.3169968750003,103.71524114699818,0.44142857142857145,0.3414285714285715,0.0
PHASE 2,1074,860000,860,1713.8305740981314,1131.8883858511545,2384.980081790032,439.34020859375045,446.3571333333337,103.51665402139004,0.0,0.0,0.0
PHASE 2,1075,860800,860,1713.8305740981314,1131.8883858511545,2384.980081790032,439.34020859375033,446.3571333333337,103.51665402139004,0.34285714285714286,0.46142857142857147,0.0
PHASE 2,1076,861600,860,1713.8305740981314,1131.8883858511545,2384.980081790032,439.34020859375033,446.3571333333337,103.51665402139004,0.47428571428571437,0.38000000000000006,0.0
PHASE 2,1077,862400,860,1713.8305740981314,1131.8883858511545,2384.980081790032,439.34020859375033,446.3571333333337,103.51665402139004,0.5128571428571428,0.4385714285714286,0.0
PHASE 2,1078,863200,860,1713.8305740981314,1131.8883858511545,2384.980081790032,439.34020859375033,446.3571333333337,103.51665402139004,0.3785714285714286,0.32428571428571434,0.0
PHASE 2,1079,864000,864,1708.5318700373143,1131.8883858511545,2384.980081790032,438.0624192708337,446.0973625000003,103.04651103331915,0.0,0.0,0.0
PHASE 2,1080,864800,864,1708.5318700373143,1131.8883858511545,2384.980081790032,438.06241927083363,446.0973625000004,103.04651103331915,0.3985714285714286,0.4942857142857144,0.0
PHASE 2,1081,865600,864,1708.5318700373143,1131.8883858511545,2384.980081790032,438.06241927083363,446.0973625000004,103.04651103331915,0.3985714285714286,0.3885714285714286,0.0
PHASE 2,1082,866400,864,1708.5318700373143,1131.8883858511545,2384.980081790032,438.06241927083363,446.0973625000004,103.04651103331915,0.4714285714285714,0.4471428571428572,0.0
PHASE 2,1083,867200,864,1708.5318700373143,1131.8883858511545,2384.980081790032,438.06241927083363,446.0973625000004,103.04651103331915,0.3728571428571429,0.3871428571428571,0.0
PHASE 2,1084,868000,868,1713.7654331511142,1131.8883858511545,2384.980081790032,439.4164505208336,449.0564364583337,103.16156827150255,0.0,0.0,0.0
PHASE 2,1085,868800,868,1713.7654331511142,1131.8883858511545,2384.980081790032,439.4164505208337,449.0564364583338,103.16156827150255,0.35285714285714287,0.3814285714285714,0.0
PHASE 2,1086,869600,868,1713.7654331511142,1131.8883858511545,2384.980081790032,439.4164505208337,449.0564364583338,103.16156827150255,0.4471428571428572,0.4028571428571429,0.0
PHASE 2,1087,870400,868,1713.7654331511142,1131.8883858511545,2384.980081790032,439.4164505208337,449.0564364583338,103.16156827150255,0.4228571428571429,0.3728571428571429,0.0
PHASE 2,1088,871200,868,1713.7654331511142,1131.8883858511545,2384.980081790032,439.4164505208337,449.0564364583338,103.16156827150255,0.4357142857142858,0.36000000000000004,0.0
PHASE 2,1089,872000,872,1716.2581667113814,1131.8883858511545,2384.980081790032,440.98866510416707,448.1162083333337,103.3941616592443,0.0,0.0,0.0
PHASE 2,1090,872800,872,1716.2581667113816,1131.8883858511545,2384.980081790032,440.988665104167,448.1162083333337,103.3941616592443,0.41714285714285715,0.3514285714285715,0.0
PHASE 2,1091,873600,872,1716.2581667113816,1131.8883858511545,2384.980081790032,440.988665104167,448.1162083333337,103.3941616592443,0.41,0.39571428571428574,0.0
PHASE 2,1092,874400,872,1716.2581667113816,1131.8883858511545,2384.980081790032,440.988665104167,448.1162083333337,103.3941616592443,0.47285714285714286,0.4242857142857142,0.0
PHASE 2,1093,875200,872,1716.2581667113816,1131.8883858511545,2384.980081790032,440.988665104167,448.1162083333337,103.3941616592443,0.43714285714285717,0.4185714285714287,0.0
PHASE 2,1094,876000,876,1701.8231551410124,1131.8883858511545,2125.0407433452688,439.4193598958337,443.28313333333375,102.39008273898973,0.0,0.0,0.0
PHASE 2,1095,876800,876,1701.8231551410124,1131.8883858511545,2125.0407433452688,439.4193598958337,443.28313333333375,102.39008273898973,0.4357142857142858,0.35,0.0
PHASE 2,1096,877600,876,1701.8231551410124,1131.8883858511545,2125.0407433452688,439.4193598958337,443.28313333333375,102.39008273898973,0.43285714285714294,0.3928571428571429,0.0
PHASE 2,1097,878400,876,1701.8231551410124,1131.8883858511545,2125.0407433452688,439.4193598958337,443.28313333333375,102.39008273898973,0.36714285714285716,0.35857142857142865,0.0
PHASE 2,1098,879200,876,1701.8231551410124,1131.8883858511545,2125.0407433452688,439.4193598958337,443.28313333333375,102.39008273898973,0.4185714285714286,0.4671428571428572,0.0
PHASE 2,1099,880000,880,1698.3851819447007,1131.8883858511545,2034.222955189161,438.761523697917,443.0864645833337,102.06714920794039,0.0,0.0,0.0
PHASE 2,1100,880800,880,1698.3851819447007,1131.8883858511545,2034.222955189161,438.7615236979169,443.0864645833338,102.06714920794039,0.4271428571428572,0.38000000000000006,0.0
PHASE 2,1101,881600,880,1698.3851819447007,1131.8883858511545,2034.222955189161,438.7615236979169,443.0864645833338,102.06714920794039,0.3885714285714286,0.35571428571428576,0.0
PHASE 2,1102,882400,880,1698.3851819447007,1131.8883858511545,2034.222955189161,438.7615236979169,443.0864645833338,102.06714920794039,0.44571428571428573,0.48571428571428577,0.0
PHASE 2,1103,883200,880,1698.3851819447007,1131.8883858511545,2034.222955189161,438.7615236979169,443.0864645833338,102.06714920794039,0.40285714285714286,0.51,0.0
PHASE 2,1104,884000,884,1708.7966928647427,1131.8883858511545,2062.820548437917,444.8095294270836,444.98633437500047,102.3751036328414,0.0,0.0,0.0
PHASE 2,1105,884800,884,1708.7966928647431,1131.8883858511545,2062.820548437917,444.8095294270837,444.98633437500035,102.3751036328414,0.4628571428571429,0.47285714285714286,0.0
PHASE 2,1106,885600,884,1708.7966928647431,1131.8883858511545,2062.820548437917,444.8095294270837,444.98633437500035,102.3751036328414,0.4585714285714285,0.44142857142857145,0.0
PHASE 2,1107,886400,884,1708.7966928647431,1131.8883858511545,2062.820548437917,444.8095294270837,444.98633437500035,102.3751036328414,0.36571428571428577,0.45999999999999996,0.0
PHASE 2,1108,887200,884,1708.7966928647431,1131.8883858511545,2062.820548437917,444.8095294270837,444.98633437500035,102.3751036328414,0.4314285714285714,0.4014285714285714,0.0
PHASE 2,1109,888000,888,1708.8748399777667,1131.8883858511545,2062.820548437917,448.3617606770837,442.82478541666694,102.21103673551112,0.0,0.0,0.0
PHASE 2,1110,888800,888,1708.8748399777664,1131.8883858511545,2062.820548437917,448.3617606770837,442.82478541666705,102.21103673551112,0.44000000000000006,0.41142857142857137,0.0
PHASE 2,1111,889600,888,1708.8748399777664,1131.8883858511545,2062.820548437917,448.3617606770837,442.82478541666705,102.21103673551112,0.44571428571428573,0.3857142857142857,0.0
PHASE 2,1112,890400,888,1708.8748399777664,1131.8883858511545,2062.820548437917,448.3617606770837,442.82478541666705,102.21103673551112,0.5242857142857142,0.41571428571428576,0.0
PHASE 2,1113,891200,888,1708.8748399777664,1131.8883858511545,2062.820548437917,448.3617606770837,442.82478541666705,102.21103673551112,0.4257142857142857,0.5028571428571429,0.0
PHASE 2,1114,892000,892,1713.6678647604585,1131.8883858511545,2083.602107159948,448.476615885417,445.49561562500037,102.46195415626433,0.0,0.0,0.0
PHASE 2,1115,892800,892,1713.6678647604585,1131.8883858511545,2083.602107159948,448.476615885417,445.4956156250004,102.46195415626433,0.3242857142857143,0.36571428571428577,0.0
PHASE 2,1116,893600,892,1713.6678647604585,1131.8883858511545,2083.602107159948,448.476615885417,445.4956156250004,102.46195415626433,0.4271428571428572,0.4714285714285714,0.0
PHASE 2,1117,894400,892,1713.6678647604585,1131.8883858511545,2083.602107159948,448.476615885417,445.4956156250004,102.46195415626433,0.41,0.44571428571428584,0.0
PHASE 2,1118,895200,892,1713.6678647604585,1131.8883858511545,2083.602107159948,448.476615885417,445.4956156250004,102.46195415626433,0.45285714285714296,0.3671428571428572,0.0
PHASE 2,1119,896000,896,1726.2288907186273,1131.8883858511545,2159.390781643267,449.97237630208366,451.1288729166671,103.14095518749372,0.0,0.0,0.0
PHASE 2,1120,896800,896,1726.2288907186273,1131.8883858511545,2159.390781643267,449.97237630208366,451.12887291666704,103.14095518749369,0.40714285714285714,0.4171428571428571,0.0
PHASE 2,1121,897600,896,1726.2288907186273,1131.8883858511545,2159.390781643267,449.97237630208366,451.12887291666704,103.14095518749369,0.41000000000000003,0.4600000000000001,0.0
PHASE 2,1122,898400,896,1726.2288907186273,1131.8883858511545,2159.390781643267,449.97237630208366,451.12887291666704,103.14095518749369,0.3857142857142857,0.4257142857142857,0.0
PHASE 2,1123,899200,896,1726.2288907186273,1131.8883858511545,2159.390781643267,449.97237630208366,451.12887291666704,103.14095518749369,0.5014285714285716,0.40285714285714286,0.0
PHASE 2,1124,900000,900,1728.5436003480822,1131.8883858511545,2159.390781643267,451.07574088541696,451.68557187500033,103.22278594846713,0.0,0.0,0.0
PHASE 2,1125,900800,900,1728.5436003480825,1131.8883858511545,2159.390781643267,451.07574088541696,451.68557187500033,103.22278594846713,0.3514285714285714,0.4128571428571429,0.0
PHASE 2,1126,901600,900,1728.5436003480825,1131.8883858511545,2159.390781643267,451.07574088541696,451.68557187500033,103.22278594846713,0.38285714285714284,0.45714285714285713,0.0
PHASE 2,1127,902400,900,1728.5436003480825,1131.8883858511545,2159.390781643267,451.07574088541696,451.68557187500033,103.22278594846713,0.49142857142857155,0.41142857142857137,0.0
PHASE 2,1128,903200,900,1728.5436003480825,1131.8883858511545,2159.390781643267,451.07574088541696,451.68557187500033,103.22278594846713,0.40714285714285714,0.40428571428571425,0.0
PHASE 2,1129,904000,904,1742.4085100152058,1131.8883858511545,2378.7405357928374,456.59277734375036,454.29303854166704,103.94033676623243,0.0,0.0,0.0
PHASE 2,1130,904800,904,1742.4085100152056,1131.8883858511545,2378.7405357928374,456.59277734375036,454.29303854166704,103.94033676623243,0.4185714285714285,0.40857142857142853,0.0
PHASE 2,1131,905600,904,1742.4085100152056,1131.8883858511545,2378.7405357928374,456.59277734375036,454.29303854166704,103.94033676623243,0.4700000000000001,0.38285714285714284,0.0
PHASE 2,1132,906400,904,1742.4085100152056,1131.8883858511545,2378.7405357928374,456.59277734375036,454.29303854166704,103.94033676623243,0.46428571428571425,0.4385714285714286,0.0
PHASE 2,1133,907200,904,1742.4085100152056,1131.8883858511545,2378.7405357928374,456.59277734375036,454.29303854166704,103.94033676623243,0.4642857142857143,0.3728571428571429,0.0
PHASE 2,1134,908000,908,1750.1715497285165,1131.8883858511545,2378.7405357928374,458.7612263020837,458.31899375000035,104.13641620956295,0.0,0.0,0.0
PHASE 2,1135,908800,908,1750.1715497285168,1131.8883858511545,2378.7405357928374,458.7612263020837,458.31899375000035,104.13641620956294,0.5228571428571429,0.4114285714285715,0.0
PHASE 2,1136,909600,908,1750.1715497285168,1131.8883858511545,2378.7405357928374,458.7612263020837,458.31899375000035,104.13641620956294,0.46571428571428564,0.4700000000000001,0.0
PHASE 2,1137,910400,908,1750.1715497285168,1131.8883858511545,2378.7405357928374,458.7612263020837,458.31899375000035,104.13641620956294,0.42000000000000004,0.49428571428571433,0.0
PHASE 2,1138,911200,908,1750.1715497285168,1131.8883858511545,2378.7405357928374,458.7612263020837,458.31899375000035,104.13641620956294,0.43285714285714294,0.3857142857142857,0.0
PHASE 2,1139,912000,912,1745.1102488628458,1025.1333320956142,2378.7405357928374,455.85456380208365,459.21902291666703,103.75458276802043,0.0,0.0,0.0
PHASE 2,1140,912800,912,1745.1102488628458,1025.1333320956142,2378.7405357928374,455.8545638020837,459.219022916667,103.75458276802044,0.42000000000000004,0.3914285714285714,0.0
PHASE 2,1141,913600,912,1745.1102488628458,1025.1333320956142,2378.7405357928374,455.8545638020837,459.219022916667,103.75458276802044,0.4142857142857143,0.4671428571428572,0.0
PHASE 2,1142,914400,912,1745.1102488628458,1025.1333320956142,2378.7405357928374,455.8545638020837,459.219022916667,103.75458276802044,0.40857142857142864,0.36714285714285716,0.0
PHASE 2,1143,915200,912,1745.1102488628458,1025.1333320956142,2378.7405357928374,455.8545638020837,459.219022916667,103.75458276802044,0.3242857142857143,0.3885714285714286,0.0
PHASE 2,1144,916000,916,1747.530210340163,1025.1333320956142,2378.7405357928374,459.8067489583337,456.56362083333363,103.89498006857055,0.0,0.0,0.0
PHASE 2,1145,916800,916,1747.5302103401634,1025.1333320956142,2378.7405357928374,459.8067489583337,456.5636208333337,103.89498006857056,0.472857142857143,0.35285714285714287,0.0
PHASE 2,1146,917600,916,1747.5302103401634,1025.1333320956142,2378.7405357928374,459.8067489583337,456.5636208333337,103.89498006857056,0.4885714285714286,0.4128571428571429,0.0
PHASE 2,1147,918400,916,1747.5302103401634,1025.1333320956142,2378.7405357928374,459.8067489583337,456.5636208333337,103.89498006857056,0.3528571428571429,0.42857142857142866,0.0
PHASE 2,1148,919200,916,1747.5302103401634,1025.1333320956142,2378.7405357928374,459.8067489583337,456.5636208333337,103.89498006857056,0.35571428571428576,0.3742857142857143,0.0
PHASE 2,1149,920000,920,1756.106264876498,1025.1333320956142,2378.7405357928374,461.9999958333337,459.3634364583337,104.34285407311246,0.0,0.0,0.0
PHASE 2,1150,920800,920,1756.1062648764982,1025.1333320956142,2378.7405357928374,461.99999583333374,459.36343645833375,104.34285407311246,0.4314285714285715,0.3514285714285714,0.0
PHASE 2,1151,921600,920,1756.1062648764982,1025.1333320956142,2378.7405357928374,461.99999583333374,459.36343645833375,104.34285407311246,0.41000000000000003,0.4257142857142857,0.0
PHASE 2,1152,922400,920,1756.1062648764982,1025.1333320956142,2378.7405357928374,461.99999583333374,459.36343645833375,104.34285407311246,0.5200000000000001,0.3828571428571429,0.0
PHASE 2,1153,923200,920,1756.1062648764982,1025.1333320956142,2378.7405357928374,461.99999583333374,459.36343645833375,104.34285407311246,0.41000000000000003,0.37857142857142856,0.0
PHASE 2,1154,924000,924,1756.5377281953433,1025.1333320956142,2378.7405357928374,465.082410416667,457.3129989583337,104.26778985255132,0.0,0.0,0.0
PHASE 2,1155,924800,924,1756.5377281953429,1025.1333320956142,2378.7405357928374,465.08241041666696,457.31299895833376,104.26778985255132,0.4628571428571428,0.47714285714285715,0.0
PHASE 2,1156,925600,924,1756.5377281953429,1025.1333320956142,2378.7405357928374,465.08241041666696,457.31299895833376,104.26778985255132,0.44285714285714295,0.4,0.0
PHASE 2,1157,926400,924,1756.5377281953429,1025.1333320956142,2378.7405357928374,465.08241041666696,457.31299895833376,104.26778985255132,0.3885714285714286,0.3614285714285715,0.0
PHASE 2,1158,927200,924,1756.5377281953429,1025.1333320956142,2378.7405357928374,465.08241041666696,457.31299895833376,104.26778985255132,0.4257142857142858,0.42857142857142855,0.0
PHASE 2,1159,928000,928,1754.6297637355958,1025.1333320956142,2378.7405357928374,465.965657291667,455.2514489583338,104.1765821857079,0.0,0.0,0.0
PHASE 2,1160,928800,928,1754.6297637355958,1025.1333320956142,2378.7405357928374,465.965657291667,455.2514489583337,104.17658218570789,0.41000000000000003,0.3814285714285715,0.0
PHASE 2,1161,929600,928,1754.6297637355958,1025.1333320956142,2378.7405357928374,465.965657291667,455.2514489583337,104.17658218570789,0.3728571428571429,0.5314285714285714,0.0
PHASE 2,1162,930400,928,1754.6297637355958,1025.1333320956142,2378.7405357928374,465.965657291667,455.2514489583337,104.17658218570789,0.4,0.3871428571428571,0.0
PHASE 2,1163,931200,928,1754.6297637355958,1025.1333320956142,2378.7405357928374,465.965657291667,455.2514489583337,104.17658218570789,0.4057142857142857,0.4371428571428571,0.0
PHASE 2,1164,932000,932,1756.9268157119345,1025.1333320956142,2378.7405357928374,468.24273125000036,454.084476041667,104.32495105254195,0.0,0.0,0.0
PHASE 2,1165,932800,932,1756.9268157119345,1025.1333320956142,2378.7405357928374,468.24273125000036,454.084476041667,104.32495105254196,0.4114285714285715,0.3871428571428571,0.0
PHASE 2,1166,933600,932,1756.9268157119345,1025.1333320956142,2378.7405357928374,468.24273125000036,454.084476041667,104.32495105254196,0.3114285714285715,0.4214285714285714,0.0
PHASE 2,1167,934400,932,1756.9268157119345,1025.1333320956142,2378.7405357928374,468.24273125000036,454.084476041667,104.32495105254196,0.4214285714285714,0.36714285714285716,0.0
PHASE 2,1168,935200,932,1756.9268157119345,1025.1333320956142,2378.7405357928374,468.24273125000036,454.084476041667,104.32495105254196,0.3571428571428572,0.4428571428571429,0.0
PHASE 2,1169,936000,936,1750.4168189429695,1025.1333320956142,2378.7405357928374,466.4547031250004,451.3193864583336,104.08034116996299,0.0,0.0,0.0
PHASE 2,1170,936800,936,1750.4168189429695,1025.1333320956142,2378.7405357928374,466.4547031250003,451.3193864583336,104.08034116996298,0.44857142857142857,0.45285714285714296,0.0
PHASE 2,1171,937600,936,1750.4168189429695,1025.1333320956142,2378.7405357928374,466.4547031250003,451.3193864583336,104.08034116996298,0.5414285714285714,0.4057142857142857,0.0
PHASE 2,1172,938400,936,1750.4168189429695,1025.1333320956142,2378.7405357928374,466.4547031250003,451.3193864583336,104.08034116996298,0.45714285714285713,0.49714285714285716,0.0
PHASE 2,1173,939200,936,1750.4168189429695,1025.1333320956142,2378.7405357928374,466.4547031250003,451.3193864583336,104.08034116996298,0.36571428571428577,0.34285714285714286,0.0
PHASE 2,1174,940000,940,1748.5790580253376,1025.1333320956142,2378.7405357928374,467.73465000000033,450.7578312500003,103.76082209692562,0.0,0.0,0.0
PHASE 2,1175,940800,940,1748.5790580253372,1025.1333320956142,2378.7405357928374,467.7346500000003,450.7578312500003,103.76082209692562,0.35857142857142865,0.4742857142857143,0.0
PHASE 2,1176,941600,940,1748.5790580253372,1025.1333320956142,2378.7405357928374,467.7346500000003,450.7578312500003,103.76082209692562,0.36857142857142855,0.3642857142857143,0.0
PHASE 2,1177,942400,940,1748.5790580253372,1025.1333320956142,2378.7405357928374,467.7346500000003,450.7578312500003,103.76082209692562,0.40714285714285714,0.5414285714285715,0.0
PHASE 2,1178,943200,940,1748.5790580253372,1025.1333320956142,2378.7405357928374,467.7346500000003,450.7578312500003,103.76082209692562,0.4257142857142857,0.40857142857142853,0.0
PHASE 2,1179,944000,944,1744.1070938916987,1025.1333320956142,2378.7405357928374,465.72535416666693,449.81370052083366,103.57100490053327,0.0,0.0,0.0
PHASE 2,1180,944800,944,1744.1070938916982,1025.1333320956142,2378.7405357928374,465.72535416666693,449.8137005208337,103.57100490053327,0.4614285714285714,0.3685714285714286,0.0
PHASE 2,1181,945600,944,1744.1070938916982,1025.1333320956142,2378.7405357928374,465.72535416666693,449.8137005208337,103.57100490053327,0.3985714285714286,0.46142857142857147,0.0
PHASE 2,1182,946400,944,1744.1070938916982,1025.1333320956142,2378.7405357928374,465.72535416666693,449.8137005208337,103.57100490053327,0.45285714285714296,0.41714285714285715,0.0
PHASE 2,1183,947200,944,1744.1070938916982,1025.1333320956142,2378.7405357928374,465.72535416666693,449.8137005208337,103.57100490053327,0.43285714285714294,0.3728571428571429,0.0
PHASE 2,1184,948000,948,1756.128143938505,1025.1333320956142,2378.7405357928374,469.3347562500003,453.1546130208337,104.20484683346757,0.0,0.0,0.0
PHASE 2,1185,948800,948,1756.1281439385054,1025.1333320956142,2378.7405357928374,469.33475625000034,453.1546130208337,104.20484683346757,0.39142857142857146,0.44857142857142857,0.0
PHASE 2,1186,949600,948,1756.1281439385054,1025.1333320956142,2378.7405357928374,469.33475625000034,453.1546130208337,104.20484683346757,0.4514285714285714,0.37285714285714283,0.0
PHASE 2,1187,950400,948,1756.1281439385054,1025.1333320956142,2378.7405357928374,469.33475625000034,453.1546130208337,104.20484683346757,0.4071428571428572,0.42857142857142855,0.0
PHASE 2,1188,951200,948,1756.1281439385054,1025.1333320956142,2378.7405357928374,469.33475625000034,453.1546130208337,104.20484683346757,0.4,0.4128571428571428,0.0
PHASE 2,1189,952000,952,1767.7878922602022,1025.1333320956142,2378.7405357928374,473.738906510417,455.6347973958337,104.80177354425263,0.0,0.0,0.0
PHASE 2,1190,952800,952,1767.7878922602024,1025.1333320956142,2378.7405357928374,473.738906510417,455.6347973958336,104.80177354425263,0.4557142857142858,0.3871428571428571,0.0
PHASE 2,1191,953600,952,1767.7878922602024,1025.1333320956142,2378.7405357928374,473.738906510417,455.6347973958336,104.80177354425263,0.3871428571428572,0.4114285714285715,0.0
PHASE 2,1192,954400,952,1767.7878922602024,1025.1333320956142,2378.7405357928374,473.738906510417,455.6347973958336,104.80177354425263,0.4685714285714286,0.42142857142857143,0.0
PHASE 2,1193,955200,952,1767.7878922602024,1025.1333320956142,2378.7405357928374,473.738906510417,455.6347973958336,104.80177354425263,0.42428571428571427,0.4714285714285714,0.0
PHASE 2,1194,956000,956,1769.0254757066527,1025.1333320956142,2378.7405357928374,477.1816335937503,452.5856380208336,104.90727551151721,0.0,0.0,0.0
PHASE 2,1195,956800,956,1769.0254757066525,1025.1333320956142,2378.7405357928374,477.1816335937503,452.5856380208337,104.90727551151721,0.3757142857142858,0.43714285714285717,0.0
PHASE 2,1196,957600,956,1769.0254757066525,1025.1333320956142,2378.7405357928374,477.1816335937503,452.5856380208337,104.90727551151721,0.41000000000000003,0.38142857142857145,0.0
PHASE 2,1197,958400,956,1769.0254757066525,1025.1333320956142,2378.7405357928374,477.1816335937503,452.5856380208337,104.90727551151721,0.43285714285714283,0.4642857142857143,0.0
PHASE 2,1198,959200,956,1769.0254757066525,1025.1333320956142,2378.7405357928374,477.1816335937503,452.5856380208337,104.90727551151721,0.34714285714285714,0.40428571428571425,0.0
PHASE 2,1199,960000,960,1775.9273883501273,1025.1333320956142,2378.7405357928374,479.2295911458337,454.20030781250045,105.31218617398282,0.0,0.0,0.0
PHASE 2,1200,960800,960,1775.927388350127,1025.1333320956142,2378.7405357928374,479.2295911458337,454.20030781250045,105.31218617398285,0.4014285714285714,0.48571428571428577,0.0
PHASE 2,1201,961600,960,1775.927388350127,1025.1333320956142,2378.7405357928374,479.2295911458337,454.20030781250045,105.31218617398285,0.39142857142857146,0.4742857142857143,0.0
PHASE 2,1202,962400,960,1775.927388350127,1025.1333320956142,2378.7405357928374,479.2295911458337,454.20030781250045,105.31218617398285,0.37,0.49857142857142855,0.0
PHASE 2,1203,963200,960,1775.927388350127,1025.1333320956142,2378.7405357928374,479.2295911458337,454.20030781250045,105.31218617398285,0.54,0.5185714285714286,0.0
PHASE 2,1204,964000,964,1772.3970403368971,1025.1333320956142,2378.7405357928374,476.486074479167,455.1439786458337,105.09587340149575,0.0,0.0,0.0
PHASE 2,1205,964800,964,1772.3970403368971,1025.1333320956142,2378.7405357928374,476.48607447916686,455.1439786458337,105.09587340149578,0.3742857142857143,0.4,0.0
PHASE 2,1206,965600,964,1772.3970403368971,1025.1333320956142,2378.7405357928374,476.48607447916686,455.1439786458337,105.09587340149578,0.4271428571428572,0.4814285714285715,0.0
PHASE 2,1207,966400,964,1772.3970403368971,1025.1333320956142,2378.7405357928374,476.48607447916686,455.1439786458337,105.09587340149578,0.3571428571428571,0.36714285714285716,0.0
PHASE 2,1208,967200,964,1772.3970403368971,1025.1333320956142,2378.7405357928374,476.48607447916686,455.1439786458337,105.09587340149578,0.37428571428571433,0.4628571428571429,0.0
PHASE 2,1209,968000,968,1761.7418863533937,1025.1333320956142,2378.7405357928374,472.7184307291669,452.7756140625004,104.53098019522452,0.0,0.0,0.0
PHASE 2,1210,968800,968,1761.7418863533937,1025.1333320956142,2378.7405357928374,472.71843072916704,452.7756140625003,104.53098019522449,0.4057142857142858,0.4385714285714285,0.0
PHASE 2,1211,969600,968,1761.7418863533937,1025.1333320956142,2378.7405357928374,472.71843072916704,452.7756140625003,104.53098019522449,0.39,0.3728571428571429,0.0
PHASE 2,1212,970400,968,1761.7418863533937,1025.1333320956142,2378.7405357928374,472.71843072916704,452.7756140625003,104.53098019522449,0.3628571428571429,0.44000000000000006,0.0
PHASE 2,1213,971200,968,1761.7418863533937,1025.1333320956142,2378.7405357928374,472.71843072916704,452.7756140625003,104.53098019522449,0.40714285714285714,0.42142857142857154,0.0
PHASE 2,1214,972000,972,1759.8600371223658,1025.1333320956142,2378.7405357928374,471.36452760416694,454.18165156250035,104.28923224447085,0.0,0.0,0.0
PHASE 2,1215,972800,972,1759.8600371223658,1025.1333320956142,2378.7405357928374,471.364527604167,454.1816515625004,104.28923224447088,0.472857142857143,0.35857142857142865,0.0
PHASE 2,1216,973600,972,1759.8600371223658,1025.1333320956142,2378.7405357928374,471.364527604167,454.1816515625004,104.28923224447088,0.3342857142857143,0.5,0.0
PHASE 2,1217,974400,972,1759.8600371223658,1025.1333320956142,2378.7405357928374,471.364527604167,454.1816515625004,104.28923224447088,0.3557142857142857,0.3928571428571429,0.0
PHASE 2,1218,975200,972,1759.8600371223658,1025.1333320956142,2378.7405357928374,471.364527604167,454.1816515625004,104.28923224447088,0.4,0.5057142857142857,0.0
PHASE 2,1219,976000,976,1760.1898127830616,1025.1333320956142,2378.7405357928374,468.6372296875004,457.3241140625004,104.27855862914116,0.0,0.0,0.0
PHASE 2,1220,976800,976,1760.1898127830616,1025.1333320956142,2378.7405357928374,468.6372296875003,457.32411406250026,104.27855862914116,0.39714285714285713,0.42428571428571427,0.0
PHASE 2,1221,977600,976,1760.1898127830616,1025.1333320956142,2378.7405357928374,468.6372296875003,457.32411406250026,104.27855862914116,0.46428571428571425,0.4357142857142858,0.0
PHASE 2,1222,978400,976,1760.1898127830616,1025.1333320956142,2378.7405357928374,468.6372296875003,457.32411406250026,104.27855862914116,0.3871428571428572,0.39857142857142863,0.0
PHASE 2,1223,979200,976,1760.1898127830616,1025.1333320956142,2378.7405357928374,468.6372296875003,457.32411406250026,104.27855862914116,0.3928571428571429,0.47285714285714286,0.0
PHASE 2,1224,980000,980,1769.554308740373,1025.1333320956142,2378.7405357928374,474.6487953125003,457.7937276041669,104.6389732279718,0.0,0.0,0.0
PHASE 2,1225,980800,980,1769.5543087403726,1025.1333320956142,2378.7405357928374,474.6487953125003,457.7937276041671,104.6389732279718,0.4314285714285715,0.47142857142857136,0.0
PHASE 2,1226,981600,980,1769.5543087403726,1025.1333320956142,2378.7405357928374,474.6487953125003,457.7937276041671,104.6389732279718,0.4171428571428571,0.4814285714285715,0.0
PHASE 2,1227,982400,980,1769.5543087403726,1025.1333320956142,2378.7405357928374,474.6487953125003,457.7937276041671,104.6389732279718,0.4185714285714286,0.4014285714285715,0.0
PHASE 2,1228,983200,980,1769.5543087403726,1025.1333320956142,2378.7405357928374,474.6487953125003,457.7937276041671,104.6389732279718,0.39714285714285713,0.3728571428571429,0.0
PHASE 2,1229,984000,984,1767.2693259133812,1025.1333320956142,2378.7405357928374,473.2581833333336,457.0833411458337,104.61597517928553,0.0,0.0,0.0
PHASE 2,1230,984800,984,1767.2693259133819,1025.1333320956142,2378.7405357928374,473.2581833333336,457.0833411458337,104.61597517928553,0.47857142857142854,0.4057142857142857,0.0
PHASE 2,1231,985600,984,1767.2693259133819,1025.1333320956142,2378.7405357928374,473.2581833333336,457.0833411458337,104.61597517928553,0.45,0.46142857142857147,0.0
PHASE 2,1232,986400,984,1767.2693259133819,1025.1333320956142,2378.7405357928374,473.2581833333336,457.0833411458337,104.61597517928553,0.4000000000000001,0.4242857142857144,0.0
PHASE 2,1233,987200,984,1767.2693259133819,1025.1333320956142,2378.7405357928374,473.2581833333336,457.0833411458337,104.61597517928553,0.40857142857142853,0.5142857142857145,0.0
PHASE 2,1234,988000,988,1769.007449995458,1025.1333320956142,2378.7405357928374,472.1603190104169,459.71253385416696,104.64182464136789,0.0,0.0,0.0
PHASE 2,1235,988800,988,1769.0074499954578,1025.1333320956142,2378.7405357928374,472.160319010417,459.7125338541671,104.64182464136789,0.4757142857142858,0.40714285714285714,0.0
PHASE 2,1236,989600,988,1769.0074499954578,1025.1333320956142,2378.7405357928374,472.160319010417,459.7125338541671,104.64182464136789,0.37142857142857144,0.42000000000000004,0.0
PHASE 2,1237,990400,988,1769.0074499954578,1025.1333320956142,2378.7405357928374,472.160319010417,459.7125338541671,104.64182464136789,0.38571428571428573,0.39571428571428574,0.0
PHASE 2,1238,991200,988,1769.0074499954578,1025.1333320956142,2378.7405357928374,472.160319010417,459.7125338541671,104.64182464136789,0.39428571428571424,0.4442857142857143,0.0
PHASE 2,1239,992000,992,1765.9604755210175,1025.1333320956142,2378.7405357928374,470.9163492187503,459.95016822916705,104.38674475914621,0.0,0.0,0.0
PHASE 2,1240,992800,992,1765.9604755210175,1025.1333320956142,2378.7405357928374,470.9163492187504,459.95016822916693,104.38674475914621,0.3814285714285715,0.4514285714285714,0.0
PHASE 2,1241,993600,992,1765.9604755210175,1025.1333320956142,2378.7405357928374,470.9163492187504,459.95016822916693,104.38674475914621,0.45714285714285713,0.4271428571428572,0.0
PHASE 2,1242,994400,992,1765.9604755210175,1025.1333320956142,2378.7405357928374,470.9163492187504,459.95016822916693,104.38674475914621,0.5257142857142857,0.48285714285714293,0.0
PHASE 2,1243,995200,992,1765.9604755210175,1025.1333320956142,2378.7405357928374,470.9163492187504,459.95016822916693,104.38674475914621,0.38285714285714284,0.4628571428571428,0.0
PHASE 2,1244,996000,996,1757.335894373952,1025.1333320956142,2378.7405357928374,470.5155578125004,456.30450989583363,103.81447833321094,0.0,0.0,0.0
PHASE 2,1245,996800,996,1757.335894373952,1025.1333320956142,2378.7405357928374,470.5155578125003,456.3045098958337,103.81447833321091,0.4028571428571429,0.5342857142857143,0.0
PHASE 2,1246,997600,996,1757.335894373952,1025.1333320956142,2378.7405357928374,470.5155578125003,456.3045098958337,103.81447833321091,0.4314285714285715,0.45000000000000007,0.0
PHASE 2,1247,998400,996,1757.335894373952,1025.1333320956142,2378.7405357928374,470.5155578125003,456.3045098958337,103.81447833321091,0.3914285714285714,0.4342857142857143,0.0
PHASE 2,1248,999200,996,1757.335894373952,1025.1333320956142,2378.7405357928374,470.5155578125003,456.3045098958337,103.81447833321091,0.34714285714285714,0.45,0.0
PHASE 2,1249,1000000,1000,1762.7410544728791,1025.1333320956142,2378.7405357928374,471.6230348958336,458.129780729167,104.1235298559935,0.0,0.0,0.0
PHASE 2,1250,1000800,1000,1762.7410544728791,1025.1333320956142,2378.7405357928374,471.6230348958336,458.1297807291669,104.1235298559935,0.48571428571428565,0.3442857142857143,0.0
PHASE 2,1251,1001600,1000,1762.7410544728791,1025.1333320956142,2378.7405357928374,471.6230348958336,458.1297807291669,104.1235298559935,0.4257142857142857,0.33571428571428574,0.0
PHASE 2,1252,1002400,1000,1762.7410544728791,1025.1333320956142,2378.7405357928374,471.6230348958336,458.1297807291669,104.1235298559935,0.49285714285714277,0.4771428571428572,0.0
PHASE 2,1253,1003200,1000,1762.7410544728791,1025.1333320956142,2378.7405357928374,471.6230348958336,458.1297807291669,104.1235298559935,0.39714285714285713,0.3985714285714286,0.0
PHASE 2,1254,1004000,1004,1762.1175240466869,1025.1333320956142,2372.4737505913436,471.8649223958336,458.2806609375003,103.99649258917795,0.0,0.0,0.0
PHASE 2,1255,1004800,1004,1762.1175240466866,1025.1333320956142,2372.4737505913436,471.86492239583373,458.2806609375004,103.99649258917795,0.43714285714285717,0.4757142857142858,0.0
PHASE 2,1256,1005600,1004,1762.1175240466866,1025.1333320956142,2372.4737505913436,471.86492239583373,458.2806609375004,103.99649258917795,0.3942857142857143,0.41714285714285715,0.0
PHASE 2,1257,1006400,1004,1762.1175240466866,1025.1333320956142,2372.4737505913436,471.86492239583373,458.2806609375004,103.99649258917795,0.3757142857142857,0.40285714285714286,0.0
PHASE 2,1258,1007200,1004,1762.1175240466866,1025.1333320956142,2372.4737505913436,471.86492239583373,458.2806609375004,103.99649258917795,0.4357142857142858,0.4000000000000001,0.0
PHASE 2,1259,1008000,1008,1749.1859239099485,1025.1333320956142,2254.5763290866917,465.61013281250035,457.44396822916707,103.26647785854401,0.0,0.0,0.0
PHASE 2,1260,1008800,1008,1749.1859239099485,1025.1333320956142,2254.5763290866917,465.6101328125003,457.443968229167,103.26647785854402,0.48285714285714293,0.39714285714285713,0.0
PHASE 2,1261,1009600,1008,1749.1859239099485,1025.1333320956142,2254.5763290866917,465.6101328125003,457.443968229167,103.26647785854402,0.45714285714285713,0.41,0.0
PHASE 2,1262,1010400,1008,1749.1859239099485,1025.1333320956142,2254.5763290866917,465.6101328125003,457.443968229167,103.26647785854402,0.35285714285714287,0.42428571428571427,0.0
PHASE 2,1263,1011200,1008,1749.1859239099485,1025.1333320956142,2254.5763290866917,465.6101328125003,457.443968229167,103.26647785854402,0.3957142857142858,0.47142857142857153,0.0
PHASE 2,1264,1012000,1012,1759.3486658447043,1129.5407370105074,2254.5763290866917,471.2826536458337,458.28595260416694,103.7225074493471,0.0,0.0,0.0
PHASE 2,1265,1012800,1012,1759.3486658447043,1129.5407370105074,2254.5763290866917,471.28265364583365,458.28595260416705,103.7225074493471,0.4057142857142857,0.3371428571428571,0.0
PHASE 2,1266,1013600,1012,1759.3486658447043,1129.5407370105074,2254.5763290866917,471.28265364583365,458.28595260416705,103.7225074493471,0.42142857142857143,0.44857142857142857,0.0
PHASE 2,1267,1014400,1012,1759.3486658447043,1129.5407370105074,2254.5763290866917,471.28265364583365,458.28595260416705,103.7225074493471,0.3642857142857143,0.4428571428571429,0.0
PHASE 2,1268,1015200,1012,1759.3486658447043,1129.5407370105074,2254.5763290866917,471.28265364583365,458.28595260416705,103.7225074493471,0.46571428571428564,0.4714285714285714,0.0
PHASE 2,1269,1016000,1016,1767.6081669381115,1129.5407370105074,2254.5763290866917,471.3167434895836,462.49175260416706,104.22495885555425,0.0,0.0,0.0
PHASE 2,1270,1016800,1016,1767.6081669381115,1129.5407370105074,2254.5763290866917,471.3167434895836,462.491752604167,104.22495885555429,0.42142857142857154,0.4271428571428572,0.0
PHASE 2,1271,1017600,1016,1767.6081669381115,1129.5407370105074,2254.5763290866917,471.3167434895836,462.491752604167,104.22495885555429,0.41,0.4442857142857143,0.0
PHASE 2,1272,1018400,1016,1767.6081669381115,1129.5407370105074,2254.5763290866917,471.3167434895836,462.491752604167,104.22495885555429,0.43714285714285717,0.4,0.0
PHASE 2,1273,1019200,1016,1767.6081669381115,1129.5407370105074,2254.5763290866917,471.3167434895836,462.491752604167,104.22495885555429,0.4614285714285714,0.4600000000000001,0.0
PHASE 2,1274,1020000,1020,1765.5848656056055,1129.5407370105074,2233.4339625516486,469.0044757812503,462.3487286458336,104.27895764732442,0.0,0.0,0.0
PHASE 2,1275,1020800,1020,1765.5848656056055,1129.5407370105074,2233.4339625516486,469.0044757812504,462.3487286458338,104.27895764732442,0.42714285714285716,0.44571428571428573,0.0
PHASE 2,1276,1021600,1020,1765.5848656056055,1129.5407370105074,2233.4339625516486,469.0044757812504,462.3487286458338,104.27895764732442,0.46571428571428575,0.3871428571428571,0.0
PHASE 2,1277,1022400,1020,1765.5848656056055,1129.5407370105074,2233.4339625516486,469.0044757812504,462.3487286458338,104.27895764732442,0.3971428571428572,0.46142857142857147,0.0
PHASE 2,1278,1023200,1020,1765.5848656056055,1129.5407370105074,2233.4339625516486,469.0044757812504,462.3487286458338,104.27895764732442,0.39,0.44000000000000006,0.0
PHASE 2,1279,1024000,1024,1775.5868016900486,1129.5407370105074,2233.4339625516486,471.30133828125037,465.5288994791671,104.84457049121309,0.0,0.0,0.0
PHASE 2,1280,1024800,1024,1775.5868016900483,1129.5407370105074,2233.4339625516486,471.3013382812503,465.5288994791671,104.84457049121309,0.3714285714285714,0.44571428571428573,0.0
PHASE 2,1281,1025600,1024,1775.5868016900483,1129.5407370105074,2233.4339625516486,471.3013382812503,465.5288994791671,104.84457049121309,0.4571428571428572,0.4628571428571429,0.0
PHASE 2,1282,1026400,1024,1775.5868016900483,1129.5407370105074,2233.4339625516486,471.3013382812503,465.5288994791671,104.84457049121309,0.4800000000000001,0.43285714285714294,0.0
PHASE 2,1283,1027200,1024,1775.5868016900483,1129.5407370105074,2233.4339625516486,471.3013382812503,465.5288994791671,104.84457049121309,0.3914285714285714,0.45999999999999996,0.0
PHASE 2,1284,1028000,1028,1784.0403800202853,1129.5407370105074,2233.4339625516486,471.96334036458364,469.34581927083366,105.34140254811773,0.0,0.0,0.0
PHASE 2,1285,1028800,1028,1784.0403800202857,1129.5407370105074,2233.4339625516486,471.96334036458364,469.34581927083366,105.34140254811773,0.3585714285714286,0.36142857142857143,0.0
PHASE 2,1286,1029600,1028,1784.0403800202857,1129.5407370105074,2233.4339625516486,471.96334036458364,469.34581927083366,105.34140254811773,0.36000000000000004,0.41714285714285715,0.0
PHASE 2,1287,1030400,1028,1784.0403800202857,1129.5407370105074,2233.4339625516486,471.96334036458364,469.34581927083366,105.34140254811773,0.4714285714285714,0.4028571428571429,0.0
PHASE 2,1288,1031200,1028,1784.0403800202857,1129.5407370105074,2233.4339625516486,471.96334036458364,469.34581927083366,105.34140254811773,0.5057142857142858,0.3714285714285715,0.0
PHASE 2,1289,1032000,1032,1783.2700967138926,1129.5407370105074,2233.4339625516486,474.711520572917,466.89564088541704,105.20786690695402,0.0,0.0,0.0
PHASE 2,1290,1032800,1032,1783.2700967138921,1129.5407370105074,2233.4339625516486,474.711520572917,466.8956408854171,105.20786690695404,0.42428571428571427,0.48285714285714293,0.0
PHASE 2,1291,1033600,1032,1783.2700967138921,1129.5407370105074,2233.4339625516486,474.711520572917,466.8956408854171,105.20786690695404,0.4385714285714286,0.4271428571428572,0.0
PHASE 2,1292,1034400,1032,1783.2700967138921,1129.5407370105074,2233.4339625516486,474.711520572917,466.8956408854171,105.20786690695404,0.39,0.49714285714285705,0.0
PHASE 2,1293,1035200,1032,1783.2700967138921,1129.5407370105074,2233.4339625516486,474.711520572917,466.8956408854171,105.20786690695404,0.44857142857142857,0.4357142857142858,0.0
PHASE 2,1294,1036000,1036,1794.5989847758483,1129.5407370105074,2233.4339625516486,479.5645122395836,469.71818671875036,105.6645357271986,0.0,0.0,0.0
PHASE 2,1295,1036800,1036,1794.5989847758485,1129.5407370105074,2233.4339625516486,479.5645122395836,469.71818671875036,105.6645357271986,0.4685714285714286,0.40285714285714286,0.0
PHASE 2,1296,1037600,1036,1794.5989847758485,1129.5407370105074,2233.4339625516486,479.5645122395836,469.71818671875036,105.6645357271986,0.45,0.43714285714285717,0.0
PHASE 2,1297,1038400,1036,1794.5989847758485,1129.5407370105074,2233.4339625516486,479.5645122395836,469.71818671875036,105.6645357271986,0.3585714285714286,0.49142857142857144,0.0
PHASE 2,1298,1039200,1036,1794.5989847758485,1129.5407370105074,2233.4339625516486,479.5645122395836,469.71818671875036,105.6645357271986,0.3828571428571429,0.4314285714285714,0.0
PHASE 2,1299,1040000,1040,1815.9761370694769,1129.5407370105074,2369.0634352447055,486.39321432291695,473.9799429687504,106.9503724722355,0.0,0.0,0.0
PHASE 2,1300,1040800,1040,1815.9761370694769,1129.5407370105074,2369.0634352447055,486.39321432291695,473.9799429687504,106.9503724722355,0.4128571428571429,0.4685714285714287,0.0
PHASE 2,1301,1041600,1040,1815.9761370694769,1129.5407370105074,2369.0634352447055,486.39321432291695,473.9799429687504,106.9503724722355,0.41571428571428576,0.4714285714285714,0.0
PHASE 2,1302,1042400,1040,1815.9761370694769,1129.5407370105074,2369.0634352447055,486.39321432291695,473.9799429687504,106.9503724722355,0.4171428571428571,0.4742857142857143,0.0
PHASE 2,1303,1043200,1040,1815.9761370694769,1129.5407370105074,2369.0634352447055,486.39321432291695,473.9799429687504,106.9503724722355,0.44000000000000006,0.38428571428571434,0.0
PHASE 2,1304,1044000,1044,1832.429070456393,1129.5407370105074,2369.0634352447055,491.72306432291697,477.51258593750043,107.89917752450647,0.0,0.0,0.0
PHASE 2,1305,1044800,1044,1832.4290704563932,1129.5407370105074,2369.0634352447055,491.72306432291697,477.5125859375003,107.89917752450647,0.41714285714285715,0.5257142857142857,0.0
PHASE 2,1306,1045600,1044,1832.4290704563932,1129.5407370105074,2369.0634352447055,491.72306432291697,477.5125859375003,107.89917752450647,0.44000000000000006,0.4514285714285714,0.0
PHASE 2,1307,1046400,1044,1832.4290704563932,1129.5407370105074,2369.0634352447055,491.72306432291697,477.5125859375003,107.89917752450647,0.49142857142857144,0.45285714285714296,0.0
PHASE 2,1308,1047200,1044,1832.4290704563932,1129.5407370105074,2369.0634352447055,491.72306432291697,477.5125859375003,107.89917752450647,0.42857142857142855,0.42857142857142866,0.0
PHASE 2,1309,1048000,1048,1823.8431035591673,1129.5407370105074,2369.0634352447055,490.7711802083337,473.9406546875003,107.39140858292612,0.0,0.0,0.0
PHASE 2,1310,1048800,1048,1823.843103559167,1129.5407370105074,2369.0634352447055,490.7711802083336,473.9406546875003,107.39140858292612,0.44142857142857145,0.40428571428571436,0.0
PHASE 2,1311,1049600,1048,1823.843103559167,1129.5407370105074,2369.0634352447055,490.7711802083336,473.9406546875003,107.39140858292612,0.4014285714285714,0.4742857142857143,0.0
PHASE 2,1312,1050400,1048,1823.843103559167,1129.5407370105074,2369.0634352447055,490.7711802083336,473.9406546875003,107.39140858292612,0.4842857142857143,0.3757142857142858,0.0
PHASE 2,1313,1051200,1048,1823.843103559167,1129.5407370105074,2369.0634352447055,490.7711802083336,473.9406546875003,107.39140858292612,0.4942857142857142,0.3857142857142858,0.0
PHASE 2,1314,1052000,1052,1814.2014859815517,1129.5407370105074,2369.0634352447055,483.96203307291694,475.6944421875003,106.81812634015135,0.0,0.0,0.0
PHASE 2,1315,1052800,1052,1814.2014859815515,1129.5407370105074,2369.0634352447055,483.96203307291694,475.6944421875003,106.81812634015134,0.4414285714285714,0.4771428571428572,0.0
PHASE 2,1316,1053600,1052,1814.2014859815515,1129.5407370105074,2369.0634352447055,483.96203307291694,475.6944421875003,106.81812634015134,0.3871428571428571,0.34714285714285714,0.0
PHASE 2,1317,1054400,1052,1814.2014859815515,1129.5407370105074,2369.0634352447055,483.96203307291694,475.6944421875003,106.81812634015134,0.40285714285714286,0.3942857142857143,0.0
PHASE 2,1318,1055200,1052,1814.2014859815515,1129.5407370105074,2369.0634352447055,483.96203307291694,475.6944421875003,106.81812634015134,0.38,0.4842857142857143,0.0
PHASE 2,1319,1056000,1056,1816.969742830961,1129.5407370105074,2369.0634352447055,483.8837018229169,478.253933854167,106.85401339424416,0.0,0.0,0.0
PHASE 2,1320,1056800,1056,1816.9697428309605,1129.5407370105074,2369.0634352447055,483.883701822917,478.253933854167,106.85401339424416,0.4828571428571428,0.4514285714285714,0.0
PHASE 2,1321,1057600,1056,1816.9697428309605,1129.5407370105074,2369.0634352447055,483.883701822917,478.253933854167,106.85401339424416,0.45999999999999996,0.34571428571428575,0.0
PHASE 2,1322,1058400,1056,1816.9697428309605,1129.5407370105074,2369.0634352447055,483.883701822917,478.253933854167,106.85401339424416,0.42000000000000004,0.4542857142857143,0.0
PHASE 2,1323,1059200,1056,1816.9697428309605,1129.5407370105074,2369.0634352447055,483.883701822917,478.253933854167,106.85401339424416,0.34285714285714286,0.5042857142857142,0.0
PHASE 2,1324,1060000,1060,1818.5551062514396,1129.5407370105074,2369.0634352447055,484.9053601562503,479.1477776041669,106.81274606138737,0.0,0.0,0.0
PHASE 2,1325,1060800,1060,1818.5551062514396,1129.5407370105074,2369.0634352447055,484.90536015625025,479.1477776041669,106.81274606138736,0.4271428571428572,0.49857142857142855,0.0
PHASE 2,1326,1061600,1060,1818.5551062514396,1129.5407370105074,2369.0634352447055,484.90536015625025,479.1477776041669,106.81274606138736,0.3685714285714286,0.40428571428571425,0.0
PHASE 2,1327,1062400,1060,1818.5551062514396,1129.5407370105074,2369.0634352447055,484.90536015625025,479.1477776041669,106.81274606138736,0.42428571428571427,0.4114285714285715,0.0
PHASE 2,1328,1063200,1060,1818.5551062514396,1129.5407370105074,2369.0634352447055,484.90536015625025,479.1477776041669,106.81274606138736,0.3985714285714286,0.4928571428571429,0.0
PHASE 2,1329,1064000,1064,1829.7674688069574,1129.5407370105074,2369.0634352447055,491.45355911458364,479.3598161458335,107.3692616933271,0.0,0.0,0.0
PHASE 2,1330,1064800,1064,1829.7674688069574,1129.5407370105074,2369.0634352447055,491.45355911458364,479.35981614583363,107.3692616933271,0.4314285714285715,0.4585714285714285,0.0
PHASE 2,1331,1065600,1064,1829.7674688069574,1129.5407370105074,2369.0634352447055,491.45355911458364,479.35981614583363,107.3692616933271,0.3571428571428571,0.42142857142857154,0.0
PHASE 2,1332,1066400,1064,1829.7674688069574,1129.5407370105074,2369.0634352447055,491.45355911458364,479.35981614583363,107.3692616933271,0.3642857142857142,0.47000000000000003,0.0
PHASE 2,1333,1067200,1064,1829.7674688069574,1129.5407370105074,2369.0634352447055,491.45355911458364,479.35981614583363,107.3692616933271,0.4800000000000001,0.4257142857142857,0.0
PHASE 2,1334,1068000,1068,1834.8172936591984,1129.5407370105074,2369.0634352447055,493.6070601562502,479.9174067708336,107.66160334152384,0.0,0.0,0.0
PHASE 2,1335,1068800,1068,1834.8172936591984,1129.5407370105074,2369.0634352447055,493.6070601562504,479.9174067708337,107.66160334152386,0.35714285714285715,0.42285714285714293,0.0
PHASE 2,1336,1069600,1068,1834.8172936591984,1129.5407370105074,2369.0634352447055,493.6070601562504,479.9174067708337,107.66160334152386,0.41,0.5371428571428571,0.0
PHASE 2,1337,1070400,1068,1834.8172936591984,1129.5407370105074,2369.0634352447055,493.6070601562504,479.9174067708337,107.66160334152386,0.44142857142857145,0.52,0.0
PHASE 2,1338,1071200,1068,1834.8172936591984,1129.5407370105074,2369.0634352447055,493.6070601562504,479.9174067708337,107.66160334152386,0.4428571428571429,0.41714285714285715,0.0
PHASE 2,1339,1072000,1072,1842.4445008111043,1330.7017756088128,2369.0634352447055,497.1101820312504,480.5919098958337,108.09280111051217,0.0,0.0,0.0
PHASE 2,1340,1072800,1072,1842.4445008111047,1330.7017756088128,2369.0634352447055,497.11018203125036,480.5919098958336,108.09280111051217,0.4314285714285715,0.41000000000000003,0.0
PHASE 2,1341,1073600,1072,1842.4445008111047,1330.7017756088128,2369.0634352447055,497.11018203125036,480.5919098958336,108.09280111051217,0.34714285714285714,0.42428571428571427,0.0
PHASE 2,1342,1074400,1072,1842.4445008111047,1330.7017756088128,2369.0634352447055,497.11018203125036,480.5919098958336,108.09280111051217,0.38428571428571434,0.47000000000000003,0.0
PHASE 2,1343,1075200,1072,1842.4445008111047,1330.7017756088128,2369.0634352447055,497.11018203125036,480.5919098958336,108.09280111051217,0.33857142857142863,0.5014285714285716,0.0
PHASE 2,1344,1076000,1076,1847.4134996301725,1320.340622491553,2369.0634352447055,499.9016882812503,481.0072317708336,108.31307244727078,0.0,0.0,0.0
PHASE 2,1345,1076800,1076,1847.4134996301725,1320.340622491553,2369.0634352447055,499.9016882812503,481.0072317708336,108.31307244727078,0.4557142857142858,0.4228571428571429,0.0
PHASE 2,1346,1077600,1076,1847.4134996301725,1320.340622491553,2369.0634352447055,499.9016882812503,481.0072317708336,108.31307244727078,0.5042857142857142,0.41571428571428565,0.0
PHASE 2,1347,1078400,1076,1847.4134996301725,1320.340622491553,2369.0634352447055,499.9016882812503,481.0072317708336,108.31307244727078,0.45285714285714285,0.46571428571428575,0.0
PHASE 2,1348,1079200,1076,1847.4134996301725,1320.340622491553,2369.0634352447055,499.9016882812503,481.0072317708336,108.31307244727078,0.3728571428571429,0.3757142857142858,0.0
PHASE 2,1349,1080000,1080,1847.4724468752445,1320.340622491553,2370.1907630559954,498.1540945312502,482.1708911458336,108.39343264977975,0.0,0.0,0.0
PHASE 2,1350,1080800,1080,1847.4724468752445,1320.340622491553,2370.1907630559954,498.1540945312502,482.17089114583365,108.39343264977977,0.4600000000000001,0.42857142857142866,0.0
PHASE 2,1351,1081600,1080,1847.4724468752445,1320.340622491553,2370.1907630559954,498.1540945312502,482.17089114583365,108.39343264977977,0.43714285714285717,0.39000000000000007,0.0
PHASE 2,1352,1082400,1080,1847.4724468752445,1320.340622491553,2370.1907630559954,498.1540945312502,482.17089114583365,108.39343264977977,0.3771428571428571,0.43285714285714294,0.0
PHASE 2,1353,1083200,1080,1847.4724468752445,1320.340622491553,2370.1907630559954,498.1540945312502,482.17089114583365,108.39343264977977,0.4571428571428572,0.4014285714285714,0.0
PHASE 2,1354,1084000,1084,1855.2422805242106,1320.340622491553,2370.1907630559954,497.94191432291694,486.71067343750036,108.82371159548384,0.0,0.0,0.0
PHASE 2,1355,1084800,1084,1855.2422805242106,1320.340622491553,2370.1907630559954,497.94191432291694,486.7106734375003,108.82371159548384,0.40714285714285714,0.47714285714285715,0.0
PHASE 2,1356,1085600,1084,1855.2422805242106,1320.340622491553,2370.1907630559954,497.94191432291694,486.7106734375003,108.82371159548384,0.4185714285714286,0.48285714285714293,0.0
PHASE 2,1357,1086400,1084,1855.2422805242106,1320.340622491553,2370.1907630559954,497.94191432291694,486.7106734375003,108.82371159548384,0.3685714285714286,0.41571428571428576,0.0
PHASE 2,1358,1087200,1084,1855.2422805242106,1320.340622491553,2370.1907630559954,497.94191432291694,486.7106734375003,108.82371159548384,0.3728571428571429,0.46142857142857147,0.0
PHASE 2,1359,1088000,1088,1864.9895501015956,1320.340622491553,2370.1907630559954,499.34725781250023,490.4366497395836,109.40070531869874,0.0,0.0,0.0
PHASE 2,1360,1088800,1088,1864.9895501015956,1320.340622491553,2370.1907630559954,499.34725781250023,490.4366497395837,109.40070531869874,0.4228571428571429,0.38000000000000006,0.0
PHASE 2,1361,1089600,1088,1864.9895501015956,1320.340622491553,2370.1907630559954,499.34725781250023,490.4366497395837,109.40070531869874,0.47000000000000003,0.41999999999999993,0.0
PHASE 2,1362,1090400,1088,1864.9895501015956,1320.340622491553,2370.1907630559954,499.34725781250023,490.4366497395837,109.40070531869874,0.4128571428571429,0.45857142857142863,0.0
PHASE 2,1363,1091200,1088,1864.9895501015956,1320.340622491553,2370.1907630559954,499.34725781250023,490.4366497395837,109.40070531869874,0.34571428571428575,0.49142857142857144,0.0
PHASE 2,1364,1092000,1092,1872.5964288643383,1320.340622491553,2502.7765040641807,503.17412656250025,489.1903247395837,110.0289971952916,0.0,0.0,0.0
PHASE 2,1365,1092800,1092,1872.5964288643381,1320.340622491553,2502.7765040641807,503.1741265625003,489.1903247395837,110.0289971952916,0.3242857142857143,0.51,0.0
PHASE 2,1366,1093600,1092,1872.5964288643381,1320.340622491553,2502.7765040641807,503.1741265625003,489.1903247395837,110.0289971952916,0.3871428571428572,0.4557142857142858,0.0
PHASE 2,1367,1094400,1092,1872.5964288643381,1320.340622491553,2502.7765040641807,503.1741265625003,489.1903247395837,110.0289971952916,0.40857142857142864,0.4385714285714286,0.0
PHASE 2,1368,1095200,1092,1872.5964288643381,1320.340622491553,2502.7765040641807,503.1741265625003,489.1903247395837,110.0289971952916,0.47000000000000003,0.4628571428571429,0.0
PHASE 2,1369,1096000,1096,1879.3475557587421,1320.340622491553,2502.7765040641807,502.3060242187502,493.0650997395837,110.49705397506095,0.0,0.0,0.0
PHASE 2,1370,1096800,1096,1879.3475557587424,1320.340622491553,2502.7765040641807,502.30602421875034,493.0650997395837,110.49705397506094,0.43428571428571433,0.41714285714285715,0.0
PHASE 2,1371,1097600,1096,1879.3475557587424,1320.340622491553,2502.7765040641807,502.30602421875034,493.0650997395837,110.49705397506094,0.3885714285714286,0.45428571428571435,0.0
PHASE 2,1372,1098400,1096,1879.3475557587424,1320.340622491553,2502.7765040641807,502.30602421875034,493.0650997395837,110.49705397506094,0.4200000000000001,0.3842857142857143,0.0
PHASE 2,1373,1099200,1096,1879.3475557587424,1320.340622491553,2502.7765040641807,502.30602421875034,493.0650997395837,110.49705397506094,0.45857142857142863,0.4614285714285716,0.0
PHASE 2,1374,1100000,1100,1875.274131876119,1320.340622491553,2502.7765040641807,501.233815885417,492.1106445312504,110.24120893244137,0.0,0.0,0.0
PHASE 2,1375,1100800,1100,1875.274131876119,1320.340622491553,2502.7765040641807,501.2338158854169,492.11064453125044,110.24120893244137,0.4685714285714286,0.3985714285714286,0.0
PHASE 2,1376,1101600,1100,1875.274131876119,1320.340622491553,2502.7765040641807,501.2338158854169,492.11064453125044,110.24120893244137,0.45285714285714296,0.4757142857142857,0.0
PHASE 2,1377,1102400,1100,1875.274131876119,1320.340622491553,2502.7765040641807,501.2338158854169,492.11064453125044,110.24120893244137,0.4157142857142858,0.4585714285714285,0.0
PHASE 2,1378,1103200,1100,1875.274131876119,1320.340622491553,2502.7765040641807,501.2338158854169,492.11064453125044,110.24120893244137,0.4557142857142857,0.44571428571428573,0.0
PHASE 2,1379,1104000,1104,1885.7715715548122,1320.340622491553,2502.7765040641807,506.42219192708353,493.28909453125044,110.75753563706971,0.0,0.0,0.0
PHASE 2,1380,1104800,1104,1885.7715715548122,1320.340622491553,2502.7765040641807,506.42219192708365,493.2890945312504,110.75753563706972,0.34142857142857147,0.49000000000000005,0.0
PHASE 2,1381,1105600,1104,1885.7715715548122,1320.340622491553,2502.7765040641807,506.42219192708365,493.2890945312504,110.75753563706972,0.44571428571428573,0.35000000000000003,0.0
PHASE 2,1382,1106400,1104,1885.7715715548122,1320.340622491553,2502.7765040641807,506.42219192708365,493.2890945312504,110.75753563706972,0.39428571428571435,0.4871428571428572,0.0
PHASE 2,1383,1107200,1104,1885.7715715548122,1320.340622491553,2502.7765040641807,506.42219192708365,493.2890945312504,110.75753563706972,0.4114285714285715,0.3571428571428571,0.0
PHASE 2,1384,1108000,1108,1895.9025738037399,1320.340622491553,2502.7765040641807,509.99769088541694,495.7966851562503,111.26352472026915,0.0,0.0,0.0
PHASE 2,1385,1108800,1108,1895.9025738037399,1320.340622491553,2502.7765040641807,509.99769088541694,495.79668515625036,111.26352472026915,0.4114285714285715,0.3757142857142858,0.0
PHASE 2,1386,1109600,1108,1895.9025738037399,1320.340622491553,2502.7765040641807,509.99769088541694,495.79668515625036,111.26352472026915,0.4014285714285714,0.37857142857142856,0.0
PHASE 2,1387,1110400,1108,1895.9025738037399,1320.340622491553,2502.7765040641807,509.99769088541694,495.79668515625036,111.26352472026915,0.42142857142857143,0.46714285714285725,0.0
PHASE 2,1388,1111200,1108,1895.9025738037399,1320.340622491553,2502.7765040641807,509.99769088541694,495.79668515625036,111.26352472026915,0.43428571428571433,0.4142857142857143,0.0
PHASE 2,1389,1112000,1112,1897.382061647807,1320.340622491553,2502.7765040641807,507.35284505208364,498.7864007812505,111.4053519768192,0.0,0.0,0.0
PHASE 2,1390,1112800,1112,1897.382061647807,1320.340622491553,2502.7765040641807,507.35284505208364,498.7864007812504,111.4053519768192,0.44571428571428573,0.4628571428571429,0.0
PHASE 2,1391,1113600,1112,1897.382061647807,1320.340622491553,2502.7765040641807,507.35284505208364,498.7864007812504,111.4053519768192,0.3757142857142858,0.43714285714285717,0.0
PHASE 2,1392,1114400,1112,1897.382061647807,1320.340622491553,2502.7765040641807,507.35284505208364,498.7864007812504,111.4053519768192,0.4228571428571429,0.4871428571428572,0.0
PHASE 2,1393,1115200,1112,1897.382061647807,1320.340622491553,2502.7765040641807,507.35284505208364,498.7864007812504,111.4053519768192,0.42857142857142866,0.44571428571428573,0.0
PHASE 2,1394,1116000,1116,1905.099709193435,1320.340622491553,2502.7765040641807,512.0982023437504,498.40540208333374,111.82451309580404,0.0,0.0,0.0
PHASE 2,1395,1116800,1116,1905.0997091934353,1320.340622491553,2502.7765040641807,512.0982023437504,498.4054020833337,111.82451309580401,0.4071428571428572,0.39285714285714285,0.0
PHASE 2,1396,1117600,1116,1905.0997091934353,1320.340622491553,2502.7765040641807,512.0982023437504,498.4054020833337,111.82451309580401,0.3942857142857143,0.3614285714285714,0.0
PHASE 2,1397,1118400,1116,1905.0997091934353,1320.340622491553,2502.7765040641807,512.0982023437504,498.4054020833337,111.82451309580401,0.3828571428571429,0.5242857142857144,0.0
PHASE 2,1398,1119200,1116,1905.0997091934353,1320.340622491553,2502.7765040641807,512.0982023437504,498.4054020833337,111.82451309580401,0.3671428571428571,0.3757142857142857,0.0
PHASE 2,1399,1120000,1120,1920.1075127305187,1320.340622491553,2502.7765040641807,518.7530960937503,500.940804166667,112.5517015587728,0.0,0.0,0.0
PHASE 2,1400,1120800,1120,1920.1075127305187,1320.340622491553,2502.7765040641807,518.7530960937502,500.9408041666669,112.5517015587728,0.46428571428571425,0.48,0.0
PHASE 2,1401,1121600,1120,1920.1075127305187,1320.340622491553,2502.7765040641807,518.7530960937502,500.9408041666669,112.5517015587728,0.45285714285714285,0.3771428571428571,0.0
PHASE 2,1402,1122400,1120,1920.1075127305187,1320.340622491553,2502.7765040641807,518.7530960937502,500.9408041666669,112.5517015587728,0.42857142857142866,0.4871428571428572,0.0
PHASE 2,1403,1123200,1120,1920.1075127305187,1320.340622491553,2502.7765040641807,518.7530960937502,500.9408041666669,112.5517015587728,0.3828571428571429,0.49714285714285716,0.0
PHASE 2,1404,1124000,1124,1918.5847216134218,1320.340622491553,2502.7765040641807,519.1103210937503,500.8893885416669,112.32312649726082,0.0,0.0,0.0
PHASE 2,1405,1124800,1124,1918.5847216134216,1320.340622491553,2502.7765040641807,519.1103210937503,500.889388541667,112.3231264972608,0.3557142857142857,0.4128571428571429,0.0
PHASE 2,1406,1125600,1124,1918.5847216134216,1320.340622491553,2502.7765040641807,519.1103210937503,500.889388541667,112.3231264972608,0.4185714285714286,0.4142857142857143,0.0
PHASE 2,1407,1126400,1124,1918.5847216134216,1320.340622491553,2502.7765040641807,519.1103210937503,500.889388541667,112.3231264972608,0.45857142857142863,0.43285714285714294,0.0
PHASE 2,1408,1127200,1124,1918.5847216134216,1320.340622491553,2502.7765040641807,519.1103210937503,500.889388541667,112.3231264972608,0.46571428571428575,0.4228571428571429,0.0
PHASE 2,1409,1128000,1128,1923.0444866335756,1320.340622491553,2502.7765040641807,521.338240885417,502.6795854166671,112.3783325414469,0.0,0.0,0.0
PHASE 2,1410,1128800,1128,1923.0444866335758,1320.340622491553,2502.7765040641807,521.338240885417,502.67958541666695,112.3783325414469,0.40428571428571436,0.43428571428571433,0.0
PHASE 2,1411,1129600,1128,1923.0444866335758,1320.340622491553,2502.7765040641807,521.338240885417,502.67958541666695,112.3783325414469,0.4757142857142857,0.4114285714285715,0.0
PHASE 2,1412,1130400,1128,1923.0444866335758,1320.340622491553,2502.7765040641807,521.338240885417,502.67958541666695,112.3783325414469,0.5014285714285716,0.5399999999999999,0.0
PHASE 2,1413,1131200,1128,1923.0444866335758,1320.340622491553,2502.7765040641807,521.338240885417,502.67958541666695,112.3783325414469,0.42000000000000004,0.47857142857142865,0.0
PHASE 2,1414,1132000,1132,1924.1222414059712,1320.340622491553,2502.7765040641807,518.886912760417,506.16142630208356,112.38423779294432,0.0,0.0,0.0
PHASE 2,1415,1132800,1132,1924.1222414059716,1320.340622491553,2502.7765040641807,518.886912760417,506.1614263020836,112.38423779294429,0.41,0.4671428571428572,0.0
PHASE 2,1416,1133600,1132,1924.1222414059716,1320.340622491553,2502.7765040641807,518.886912760417,506.1614263020836,112.38423779294429,0.3714285714285715,0.40714285714285714,0.0
PHASE 2,1417,1134400,1132,1924.1222414059716,1320.340622491553,2502.7765040641807,518.886912760417,506.1614263020836,112.38423779294429,0.3642857142857143,0.5328571428571429,0.0
PHASE 2,1418,1135200,1132,1924.1222414059716,1320.340622491553,2502.7765040641807,518.886912760417,506.1614263020836,112.38423779294429,0.47428571428571437,0.4571428571428572,0.0
PHASE 2,1419,1136000,1136,1926.3579841107005,1320.340622491553,2502.7765040641807,517.1781835937503,508.91374531250034,112.53325690056681,0.0,0.0,0.0
PHASE 2,1420,1136800,1136,1926.3579841107007,1320.340622491553,2502.7765040641807,517.1781835937503,508.9137453125002,112.53325690056683,0.34142857142857147,0.43000000000000005,0.0
PHASE 2,1421,1137600,1136,1926.3579841107007,1320.340622491553,2502.7765040641807,517.1781835937503,508.9137453125002,112.53325690056683,0.49428571428571433,0.3557142857142857,0.0
PHASE 2,1422,1138400,1136,1926.3579841107007,1320.340622491553,2502.7765040641807,517.1781835937503,508.9137453125002,112.53325690056683,0.42142857142857143,0.4685714285714286,0.0
PHASE 2,1423,1139200,1136,1926.3579841107007,1320.340622491553,2502.7765040641807,517.1781835937503,508.9137453125002,112.53325690056683,0.42142857142857143,0.4428571428571429,0.0
PHASE 2,1424,1140000,1140,1908.676889306744,1320.340622491553,2502.7765040641807,513.548787760417,502.9988885416669,111.51615162559315,0.0,0.0,0.0
PHASE 2,1425,1140800,1140,1908.6768893067442,1320.340622491553,2502.7765040641807,513.548787760417,502.99888854166704,111.51615162559315,0.4542857142857143,0.5,0.0
PHASE 2,1426,1141600,1140,1908.6768893067442,1320.340622491553,2502.7765040641807,513.548787760417,502.99888854166704,111.51615162559315,0.49142857142857144,0.42857142857142855,0.0
PHASE 2,1427,1142400,1140,1908.6768893067442,1320.340622491553,2502.7765040641807,513.548787760417,502.99888854166704,111.51615162559315,0.4557142857142857,0.4514285714285714,0.0
PHASE 2,1428,1143200,1140,1908.6768893067442,1320.340622491553,2502.7765040641807,513.548787760417,502.99888854166704,111.51615162559315,0.40857142857142864,0.4257142857142858,0.0
PHASE 2,1429,1144000,1144,1901.053982221426,1320.340622491553,2502.7765040641807,508.0780606770837,504.21023437500037,111.09571089617845,0.0,0.0,0.0
PHASE 2,1430,1144800,1144,1901.0539822214257,1320.340622491553,2502.7765040641807,508.0780606770837,504.21023437500037,111.09571089617843,0.36000000000000004,0.5142857142857143,0.0
PHASE 2,1431,1145600,1144,1901.0539822214257,1320.340622491553,2502.7765040641807,508.0780606770837,504.21023437500037,111.09571089617843,0.3728571428571429,0.5028571428571429,0.0
PHASE 2,1432,1146400,1144,1901.0539822214257,1320.340622491553,2502.7765040641807,508.0780606770837,504.21023437500037,111.09571089617843,0.3228571428571429,0.48285714285714293,0.0
PHASE 2,1433,1147200,1144,1901.0539822214257,1320.340622491553,2502.7765040641807,508.0780606770837,504.21023437500037,111.09571089617843,0.35285714285714287,0.42000000000000004,0.0
PHASE 2,1434,1148000,1148,1900.6827992457079,1289.21941656726,2502.7765040641807,504.6044177083337,507.69490729166705,111.04793428072415,0.0,0.0,0.0
PHASE 2,1435,1148800,1148,1900.6827992457079,1289.21941656726,2502.7765040641807,504.60441770833364,507.69490729166705,111.04793428072415,0.47857142857142865,0.4314285714285714,0.0
PHASE 2,1436,1149600,1148,1900.6827992457079,1289.21941656726,2502.7765040641807,504.60441770833364,507.69490729166705,111.04793428072415,0.44000000000000006,0.42142857142857143,0.0
PHASE 2,1437,1150400,1148,1900.6827992457079,1289.21941656726,2502.7765040641807,504.60441770833364,507.69490729166705,111.04793428072415,0.40857142857142853,0.42000000000000004,0.0
PHASE 2,1438,1151200,1148,1900.6827992457079,1289.21941656726,2502.7765040641807,504.60441770833364,507.69490729166705,111.04793428072415,0.33857142857142863,0.43428571428571433,0.0
PHASE 2,1439,1152000,1152,1914.7331632664914,1289.21941656726,2502.7765040641807,510.6992497395837,508.13208645833373,111.98772838358249,0.0,0.0,0.0
PHASE 2,1440,1152800,1152,1914.7331632664914,1289.21941656726,2502.7765040641807,510.6992497395836,508.13208645833373,111.9877283835825,0.3985714285714286,0.49142857142857144,0.0
PHASE 2,1441,1153600,1152,1914.7331632664914,1289.21941656726,2502.7765040641807,510.6992497395836,508.13208645833373,111.9877283835825,0.4214285714285714,0.3871428571428571,0.0
PHASE 2,1442,1154400,1152,1914.7331632664914,1289.21941656726,2502.7765040641807,510.6992497395836,508.13208645833373,111.9877283835825,0.4257142857142857,0.42428571428571427,0.0
PHASE 2,1443,1155200,1152,1914.7331632664914,1289.21941656726,2502.7765040641807,510.6992497395836,508.13208645833373,111.9877283835825,0.39571428571428574,0.5085714285714287,0.0
PHASE 2,1444,1156000,1156,1929.3783143363366,1289.21941656726,2502.7765040641807,510.73032786458367,516.5570760416671,112.76136380377153,0.0,0.0,0.0
PHASE 2,1445,1156800,1156,1929.3783143363366,1289.21941656726,2502.7765040641807,510.7303278645837,516.557076041667,112.76136380377153,0.4600000000000001,0.4871428571428571,0.0
PHASE 2,1446,1157600,1156,1929.3783143363366,1289.21941656726,2502.7765040641807,510.7303278645837,516.557076041667,112.76136380377153,0.39142857142857146,0.45857142857142863,0.0
PHASE 2,1447,1158400,1156,1929.3783143363366,1289.21941656726,2502.7765040641807,510.7303278645837,516.557076041667,112.76136380377153,0.4614285714285714,0.45,0.0
PHASE 2,1448,1159200,1156,1929.3783143363366,1289.21941656726,2502.7765040641807,510.7303278645837,516.557076041667,112.76136380377153,0.4271428571428572,0.41714285714285715,0.0
PHASE 2,1449,1160000,1160,1940.2051881208938,1289.21941656726,2502.7765040641807,513.6942872395837,519.8265268229169,113.33554675731003,0.0,0.0,0.0
PHASE 2,1450,1160800,1160,1940.205188120894,1289.21941656726,2502.7765040641807,513.6942872395837,519.826526822917,113.33554675731004,0.4057142857142857,0.4471428571428572,0.0
PHASE 2,1451,1161600,1160,1940.205188120894,1289.21941656726,2502.7765040641807,513.6942872395837,519.826526822917,113.33554675731004,0.3328571428571429,0.41,0.0
PHASE 2,1452,1162400,1160,1940.205188120894,1289.21941656726,2502.7765040641807,513.6942872395837,519.826526822917,113.33554675731004,0.4957142857142857,0.3985714285714286,0.0
PHASE 2,1453,1163200,1160,1940.205188120894,1289.21941656726,2502.7765040641807,513.6942872395837,519.826526822917,113.33554675731004,0.3728571428571429,0.49857142857142855,0.0
PHASE 2,1454,1164000,1164,1934.572181518302,1289.21941656726,2502.7765040641807,512.013623697917,517.0782059895837,113.18504397886103,0.0,0.0,0.0
PHASE 2,1455,1164800,1164,1934.5721815183022,1289.21941656726,2502.7765040641807,512.0136236979171,517.0782059895837,113.18504397886103,0.43428571428571433,0.4557142857142857,0.0
PHASE 2,1456,1165600,1164,1934.5721815183022,1289.21941656726,2502.7765040641807,512.0136236979171,517.0782059895837,113.18504397886103,0.3585714285714286,0.4871428571428572,0.0
PHASE 2,1457,1166400,1164,1934.5721815183022,1289.21941656726,2502.7765040641807,512.0136236979171,517.0782059895837,113.18504397886103,0.37,0.3828571428571429,0.0
PHASE 2,1458,1167200,1164,1934.5721815183022,1289.21941656726,2502.7765040641807,512.0136236979171,517.0782059895837,113.18504397886103,0.3728571428571429,0.4842857142857143,0.0
PHASE 2,1459,1168000,1168,1946.5540021167442,1289.21941656726,2502.7765040641807,514.6956507812504,520.9327966145837,113.86569434012476,0.0,0.0,0.0
PHASE 2,1460,1168800,1168,1946.5540021167444,1289.21941656726,2502.7765040641807,514.6956507812503,520.9327966145837,113.86569434012476,0.3928571428571429,0.46142857142857147,0.0
PHASE 2,1461,1169600,1168,1946.5540021167444,1289.21941656726,2502.7765040641807,514.6956507812503,520.9327966145837,113.86569434012476,0.4514285714285714,0.4428571428571429,0.0
PHASE 2,1462,1170400,1168,1946.5540021167444,1289.21941656726,2502.7765040641807,514.6956507812503,520.9327966145837,113.86569434012476,0.32142857142857145,0.5199999999999999,0.0
PHASE 2,1463,1171200,1168,1946.5540021167444,1289.21941656726,2502.7765040641807,514.6956507812503,520.9327966145837,113.86569434012476,0.4685714285714286,0.45285714285714285,0.0
PHASE 2,1464,1172000,1172,1959.275116196788,1289.21941656726,2502.7765040641807,516.1817434895836,526.4457872395838,114.5809481834636,0.0,0.0,0.0
PHASE 2,1465,1172800,1172,1959.2751161967878,1289.21941656726,2502.7765040641807,516.1817434895836,526.4457872395836,114.5809481834636,0.3757142857142858,0.4700000000000001,0.0
PHASE 2,1466,1173600,1172,1959.2751161967878,1289.21941656726,2502.7765040641807,516.1817434895836,526.4457872395836,114.5809481834636,0.37142857142857144,0.47857142857142854,0.0
PHASE 2,1467,1174400,1172,1959.2751161967878,1289.21941656726,2502.7765040641807,516.1817434895836,526.4457872395836,114.5809481834636,0.41142857142857137,0.4114285714285716,0.0
PHASE 2,1468,1175200,1172,1959.2751161967878,1289.21941656726,2502.7765040641807,516.1817434895836,526.4457872395836,114.5809481834636,0.4442857142857144,0.45999999999999996,0.0
PHASE 2,1469,1176000,1176,1967.946484084882,1289.21941656726,2502.7765040641807,516.3289736979169,529.7065591145837,115.23886890905871,0.0,0.0,0.0
PHASE 2,1470,1176800,1176,1967.946484084882,1289.21941656726,2502.7765040641807,516.328973697917,529.7065591145837,115.2388689090587,0.4,0.4128571428571428,0.0
PHASE 2,1471,1177600,1176,1967.946484084882,1289.21941656726,2502.7765040641807,516.328973697917,529.7065591145837,115.2388689090587,0.41714285714285715,0.47428571428571437,0.0
PHASE 2,1472,1178400,1176,1967.946484084882,1289.21941656726,2502.7765040641807,516.328973697917,529.7065591145837,115.2388689090587,0.40428571428571425,0.5257142857142857,0.0
PHASE 2,1473,1179200,1176,1967.946484084882,1289.21941656726,2502.7765040641807,516.328973697917,529.7065591145837,115.2388689090587,0.43285714285714294,0.3642857142857142,0.0
PHASE 2,1474,1180000,1180,1968.163037594918,1289.21941656726,2502.7765040641807,513.8242976562503,531.2546403645837,115.38551244677161,0.0,0.0,0.0
PHASE 2,1475,1180800,1180,1968.1630375949183,1289.21941656726,2502.7765040641807,513.8242976562503,531.2546403645837,115.38551244677159,0.5028571428571429,0.4814285714285715,0.0
PHASE 2,1476,1181600,1180,1968.1630375949183,1289.21941656726,2502.7765040641807,513.8242976562503,531.2546403645837,115.38551244677159,0.41571428571428565,0.39428571428571435,0.0
PHASE 2,1477,1182400,1180,1968.1630375949183,1289.21941656726,2502.7765040641807,513.8242976562503,531.2546403645837,115.38551244677159,0.4314285714285715,0.47000000000000003,0.0
PHASE 2,1478,1183200,1180,1968.1630375949183,1289.21941656726,2502.7765040641807,513.8242976562503,531.2546403645837,115.38551244677159,0.54,0.44857142857142857,0.0
PHASE 2,1479,1184000,1184,1966.7606834287044,1289.21941656726,2502.7765040641807,512.8685091145836,531.6453903645837,115.28084799370319,0.0,0.0,0.0
PHASE 2,1480,1184800,1184,1966.760683428704,1289.21941656726,2502.7765040641807,512.8685091145837,531.6453903645836,115.28084799370319,0.3871428571428572,0.3871428571428572,0.0
PHASE 2,1481,1185600,1184,1966.760683428704,1289.21941656726,2502.7765040641807,512.8685091145837,531.6453903645836,115.28084799370319,0.4314285714285714,0.3942857142857143,0.0
PHASE 2,1482,1186400,1184,1966.760683428704,1289.21941656726,2502.7765040641807,512.8685091145837,531.6453903645836,115.28084799370319,0.39714285714285713,0.5357142857142858,0.0
PHASE 2,1483,1187200,1184,1966.760683428704,1289.21941656726,2502.7765040641807,512.8685091145837,531.6453903645836,115.28084799370319,0.49000000000000005,0.38,0.0
PHASE 2,1484,1188000,1188,1955.9134224236511,1289.21941656726,2502.7765040641807,509.2066476562504,528.365627604167,114.79264339541525,0.0,0.0,0.0
PHASE 2,1485,1188800,1188,1955.9134224236516,1289.21941656726,2502.7765040641807,509.2066476562504,528.365627604167,114.79264339541525,0.33857142857142863,0.48428571428571426,0.0
PHASE 2,1486,1189600,1188,1955.9134224236516,1289.21941656726,2502.7765040641807,509.2066476562504,528.365627604167,114.79264339541525,0.42714285714285716,0.5199999999999999,0.0
PHASE 2,1487,1190400,1188,1955.9134224236516,1289.21941656726,2502.7765040641807,509.2066476562504,528.365627604167,114.79264339541525,0.42142857142857143,0.45285714285714285,0.0
PHASE 2,1488,1191200,1188,1955.9134224236516,1289.21941656726,2502.7765040641807,509.2066476562504,528.365627604167,114.79264339541525,0.39714285714285713,0.4871428571428572,0.0
PHASE 2,1489,1192000,1192,1959.9706117520182,1289.21941656726,2471.677573558207,510.8143518229171,530.8504851562503,114.7882218466173,0.0,0.0,0.0
PHASE 2,1490,1192800,1192,1959.9706117520182,1289.21941656726,2471.677573558207,510.8143518229171,530.8504851562503,114.7882218466173,0.40428571428571425,0.4185714285714285,0.0
PHASE 2,1491,1193600,1192,1959.9706117520182,1289.21941656726,2471.677573558207,510.8143518229171,530.8504851562503,114.7882218466173,0.4128571428571429,0.45,0.0
PHASE 2,1492,1194400,1192,1959.9706117520182,1289.21941656726,2471.677573558207,510.8143518229171,530.8504851562503,114.7882218466173,0.3771428571428571,0.49714285714285716,0.0
PHASE 2,1493,1195200,1192,1959.9706117520182,1289.21941656726,2471.677573558207,510.8143518229171,530.8504851562503,114.7882218466173,0.4685714285714286,0.5528571428571428,0.0
PHASE 2,1494,1196000,1196,1973.0713937064916,1289.21941656726,2704.959689833424,516.9596622395837,533.1454570312503,115.37078430446807,0.0,0.0,0.0
PHASE 2,1495,1196800,1196,1973.0713937064916,1289.21941656726,2704.959689833424,516.9596622395836,533.1454570312503,115.37078430446807,0.3314285714285715,0.39,0.0
PHASE 2,1496,1197600,1196,1973.0713937064916,1289.21941656726,2704.959689833424,516.9596622395836,533.1454570312503,115.37078430446807,0.4242857142857144,0.49000000000000005,0.0
PHASE 2,1497,1198400,1196,1973.0713937064916,1289.21941656726,2704.959689833424,516.9596622395836,533.1454570312503,115.37078430446807,0.48142857142857143,0.3814285714285714,0.0
PHASE 2,1498,1199200,1196,1973.0713937064916,1289.21941656726,2704.959689833424,516.9596622395836,533.1454570312503,115.37078430446807,0.41714285714285715,0.4057142857142857,0.0
PHASE 2,1499,1200000,1200,1978.7458193672594,1289.21941656726,2704.959689833424,518.2534622395837,535.3494955729169,115.64285769435581,0.0,0.0,0.0
PHASE 3A,0,800,0,,,,,,,0.3985714285714286,0.54,0.0
PHASE 3A,1,1600,0,,,,,,,0.45285714285714296,0.4228571428571429,0.0
PHASE 3A,2,2400,0,,,,,,,0.40428571428571436,0.4442857142857143,0.0
PHASE 3A,3,3200,0,,,,,,,0.36,0.37857142857142867,0.0
PHASE 3A,4,4000,4,1912.398623832238,1703.2728999156316,2332.9636189221283,467.5077343750005,520.6573437500005,115.52919321341344,0.0,0.0,0.0
PHASE 3A,5,4800,4,1912.398623832238,1703.2728999156316,2332.9636189221283,467.5077343750005,520.6573437500005,115.52919321341344,0.3271428571428571,0.41000000000000003,0.0
PHASE 3A,6,5600,4,1912.398623832238,1703.2728999156316,2332.9636189221283,467.5077343750005,520.6573437500005,115.52919321341344,0.38,0.3885714285714286,0.0
PHASE 3A,7,6400,4,1912.398623832238,1703.2728999156316,2332.9636189221283,467.5077343750005,520.6573437500005,115.52919321341344,0.4257142857142857,0.4771428571428572,0.0
PHASE 3A,8,7200,4,1912.398623832238,1703.2728999156316,2332.9636189221283,467.5077343750005,520.6573437500005,115.52919321341344,0.42428571428571427,0.4614285714285714,0.0
PHASE 3A,9,8000,8,1866.8517871633512,1703.2728999156316,2332.9636189221283,486.73197916666703,496.98335937500036,110.3920560777189,0.0,0.0,0.0
PHASE 3A,10,8800,8,1866.8517871633512,1703.2728999156316,2332.9636189221283,486.73197916666703,496.98335937500036,110.3920560777189,0.42142857142857143,0.39,0.0
PHASE 3A,11,9600,8,1866.8517871633512,1703.2728999156316,2332.9636189221283,486.73197916666703,496.98335937500036,110.3920560777189,0.4900000000000001,0.3871428571428572,0.0
PHASE 3A,12,10400,8,1866.8517871633512,1703.2728999156316,2332.9636189221283,486.73197916666703,496.98335937500036,110.3920560777189,0.43000000000000005,0.4128571428571428,0.0
PHASE 3A,13,11200,8,1866.8517871633512,1703.2728999156316,2332.9636189221283,486.73197916666703,496.98335937500036,110.3920560777189,0.4442857142857143,0.4442857142857143,0.0
PHASE 3A,14,12000,12,1947.3090790108965,1703.2728999156316,2380.2771987101273,502.49554687500034,531.2084288194447,114.20063791456532,0.0,0.0,0.0
PHASE 3A,15,12800,12,1947.309079010897,1703.2728999156316,2380.2771987101273,502.49554687500023,531.2084288194447,114.20063791456532,0.4542857142857143,0.3442857142857143,0.0
PHASE 3A,16,13600,12,1947.309079010897,1703.2728999156316,2380.2771987101273,502.49554687500023,531.2084288194447,114.20063791456532,0.4185714285714286,0.4,0.0
PHASE 3A,17,14400,12,1947.309079010897,1703.2728999156316,2380.2771987101273,502.49554687500023,531.2084288194447,114.20063791456532,0.4000000000000001,0.5385714285714286,0.0
PHASE 3A,18,15200,12,1947.309079010897,1703.2728999156316,2380.2771987101273,502.49554687500023,531.2084288194447,114.20063791456532,0.3685714285714286,0.5142857142857143,0.0
PHASE 3A,19,16000,16,1954.9378081281202,1703.2728999156316,2380.2771987101273,513.0032942708337,526.090924479167,114.48044867227387,0.0,0.0,0.0
PHASE 3A,20,16800,16,1954.9378081281202,1703.2728999156316,2380.2771987101273,513.0032942708337,526.090924479167,114.48044867227384,0.39,0.42428571428571427,0.0
PHASE 3A,21,17600,16,1954.9378081281202,1703.2728999156316,2380.2771987101273,513.0032942708337,526.090924479167,114.48044867227384,0.4685714285714286,0.4642857142857143,0.0
PHASE 3A,22,18400,16,1954.9378081281202,1703.2728999156316,2380.2771987101273,513.0032942708337,526.090924479167,114.48044867227384,0.3628571428571429,0.3871428571428572,0.0
PHASE 3A,23,19200,16,1954.9378081281202,1703.2728999156316,2380.2771987101273,513.0032942708337,526.090924479167,114.48044867227384,0.39714285714285713,0.4685714285714286,0.0
PHASE 3A,24,20000,20,1993.1688100094939,1703.2728999156316,2486.1153154681265,518.0280781250002,544.650619791667,116.31126401161221,0.0,0.0,0.0
PHASE 3A,25,20800,20,1993.1688100094939,1703.2728999156316,2486.1153154681265,518.0280781250003,544.650619791667,116.31126401161221,0.4257142857142858,0.49857142857142855,0.0
PHASE 3A,26,21600,20,1993.1688100094939,1703.2728999156316,2486.1153154681265,518.0280781250003,544.650619791667,116.31126401161221,0.42000000000000004,0.4600000000000001,0.0
PHASE 3A,27,22400,20,1993.1688100094939,1703.2728999156316,2486.1153154681265,518.0280781250003,544.650619791667,116.31126401161221,0.4471428571428572,0.3628571428571429,0.0
PHASE 3A,28,23200,20,1993.1688100094939,1703.2728999156316,2486.1153154681265,518.0280781250003,544.650619791667,116.31126401161221,0.36714285714285716,0.43285714285714294,0.0
PHASE 3A,29,24000,24,1981.3618017916367,1703.2728999156316,2486.1153154681265,520.6776215277781,536.6523307291669,115.50398119184517,0.0,0.0,0.0
PHASE 3A,30,24800,24,1981.3618017916367,1703.2728999156316,2486.1153154681265,520.6776215277781,536.6523307291669,115.50398119184517,0.4814285714285715,0.45285714285714285,0.0
PHASE 3A,31,25600,24,1981.3618017916367,1703.2728999156316,2486.1153154681265,520.6776215277781,536.6523307291669,115.50398119184517,0.4871428571428571,0.4057142857142858,0.0
PHASE 3A,32,26400,24,1981.3618017916367,1703.2728999156316,2486.1153154681265,520.6776215277781,536.6523307291669,115.50398119184517,0.45285714285714285,0.3971428571428572,0.0
PHASE 3A,33,27200,24,1981.3618017916367,1703.2728999156316,2486.1153154681265,520.6776215277781,536.6523307291669,115.50398119184517,0.3985714285714286,0.46142857142857147,0.0
PHASE 3A,34,28000,28,1995.5877373456733,1703.2728999156316,2486.1153154681265,530.024109933036,538.5146065848216,115.88112760348567,0.0,0.0,0.0
PHASE 3A,35,28800,28,1995.5877373456733,1703.2728999156316,2486.1153154681265,530.024109933036,538.5146065848218,115.88112760348567,0.35571428571428576,0.3885714285714286,0.0
PHASE 3A,36,29600,28,1995.5877373456733,1703.2728999156316,2486.1153154681265,530.024109933036,538.5146065848218,115.88112760348567,0.45000000000000007,0.48571428571428577,0.0
PHASE 3A,37,30400,28,1995.5877373456733,1703.2728999156316,2486.1153154681265,530.024109933036,538.5146065848218,115.88112760348567,0.42000000000000004,0.3285714285714286,0.0
PHASE 3A,38,31200,28,1995.5877373456733,1703.2728999156316,2486.1153154681265,530.024109933036,538.5146065848218,115.88112760348567,0.3485714285714286,0.5242857142857142,0.0
PHASE 3A,39,32000,32,1976.5060048868759,1245.7588442857423,2486.1153154681265,524.6984301757815,532.7678588867191,114.87996447805548,0.0,0.0,0.0
PHASE 3A,40,32800,32,1976.5060048868759,1245.7588442857423,2486.1153154681265,524.6984301757815,532.7678588867191,114.87996447805547,0.4014285714285714,0.4885714285714286,0.0
PHASE 3A,41,33600,32,1976.5060048868759,1245.7588442857423,2486.1153154681265,524.6984301757815,532.7678588867191,114.87996447805547,0.4357142857142858,0.4714285714285714,0.0
PHASE 3A,42,34400,32,1976.5060048868759,1245.7588442857423,2486.1153154681265,524.6984301757815,532.7678588867191,114.87996447805547,0.4871428571428572,0.3871428571428572,0.0
PHASE 3A,43,35200,32,1976.5060048868759,1245.7588442857423,2486.1153154681265,524.6984301757815,532.7678588867191,114.87996447805547,0.34571428571428575,0.39857142857142863,0.0
PHASE 3A,44,36000,36,1979.802713414135,1245.7588442857423,2486.1153154681265,528.1973314525466,530.2451453993058,115.17002957029396,0.0,0.0,0.0
PHASE 3A,45,36800,36,1979.802713414135,1245.7588442857423,2486.1153154681265,528.1973314525466,530.2451453993058,115.17002957029399,0.4714285714285714,0.4071428571428572,0.0
PHASE 3A,46,37600,36,1979.802713414135,1245.7588442857423,2486.1153154681265,528.1973314525466,530.2451453993058,115.17002957029399,0.4128571428571428,0.49714285714285705,0.0
PHASE 3A,47,38400,36,1979.802713414135,1245.7588442857423,2486.1153154681265,528.1973314525466,530.2451453993058,115.17002957029399,0.45285714285714296,0.44142857142857145,0.0
PHASE 3A,48,39200,36,1979.802713414135,1245.7588442857423,2486.1153154681265,528.1973314525466,530.2451453993058,115.17002957029399,0.36,0.48285714285714293,0.0
PHASE 3A,49,40000,40,1973.8807020018678,1245.7588442857423,2486.1153154681265,529.2191113281253,524.2262558593753,115.05441685180445,0.0,0.0,0.0
PHASE 3A,50,40800,40,1973.8807020018678,1245.7588442857423,2486.1153154681265,529.2191113281253,524.2262558593753,115.05441685180445,0.37857142857142856,0.4800000000000001,0.0
PHASE 3A,51,41600,40,1973.8807020018678,1245.7588442857423,2486.1153154681265,529.2191113281253,524.2262558593753,115.05441685180445,0.41142857142857137,0.43000000000000005,0.0
PHASE 3A,52,42400,40,1973.8807020018678,1245.7588442857423,2486.1153154681265,529.2191113281253,524.2262558593753,115.05441685180445,0.43714285714285717,0.5285714285714287,0.0
PHASE 3A,53,43200,40,1973.8807020018678,1245.7588442857423,2486.1153154681265,529.2191113281253,524.2262558593753,115.05441685180445,0.42142857142857143,0.5014285714285714,0.0
PHASE 3A,54,44000,44,1977.3690279303157,1245.7588442857423,2486.1153154681265,525.60445016572,530.7215654592806,115.1303765381731,0.0,0.0,0.0
PHASE 3A,55,44800,44,1977.3690279303157,1245.7588442857423,2486.1153154681265,525.60445016572,530.7215654592806,115.1303765381731,0.4057142857142858,0.42857142857142866,0.0
PHASE 3A,56,45600,44,1977.3690279303157,1245.7588442857423,2486.1153154681265,525.60445016572,530.7215654592806,115.1303765381731,0.5042857142857142,0.44857142857142857,0.0
PHASE 3A,57,46400,44,1977.3690279303157,1245.7588442857423,2486.1153154681265,525.60445016572,530.7215654592806,115.1303765381731,0.45,0.49714285714285716,0.0
PHASE 3A,58,47200,44,1977.3690279303157,1245.7588442857423,2486.1153154681265,525.60445016572,530.7215654592806,115.1303765381731,0.33857142857142863,0.4585714285714285,0.0
PHASE 3A,59,48000,48,1977.1553784330665,1245.7588442857423,2486.1153154681265,519.7260129123267,538.1067865668405,114.91532236924597,0.0,0.0,0.0
PHASE 3A,60,48800,48,1977.1553784330665,1245.7588442857423,2486.1153154681265,519.7260129123267,538.1067865668405,114.91532236924597,0.4185714285714285,0.46571428571428575,0.0
PHASE 3A,61,49600,48,1977.1553784330665,1245.7588442857423,2486.1153154681265,519.7260129123267,538.1067865668405,114.91532236924597,0.3785714285714286,0.49857142857142855,0.0
PHASE 3A,62,50400,48,1977.1553784330665,1245.7588442857423,2486.1153154681265,519.7260129123267,538.1067865668405,114.91532236924597,0.3814285714285714,0.5057142857142858,0.0
PHASE 3A,63,51200,48,1977.1553784330665,1245.7588442857423,2486.1153154681265,519.7260129123267,538.1067865668405,114.91532236924597,0.4014285714285714,0.4614285714285716,0.0
PHASE 3A,64,52000,52,1987.1390431783789,1245.7588442857423,2486.1153154681265,518.2891281049683,544.8111583533656,115.50484459001424,0.0,0.0,0.0
PHASE 3A,65,52800,52,1987.1390431783786,1245.7588442857423,2486.1153154681265,518.2891281049683,544.8111583533656,115.50484459001424,0.3571428571428572,0.43428571428571433,0.0
PHASE 3A,66,53600,52,1987.1390431783786,1245.7588442857423,2486.1153154681265,518.2891281049683,544.8111583533656,115.50484459001424,0.40857142857142864,0.35285714285714287,0.0
PHASE 3A,67,54400,52,1987.1390431783786,1245.7588442857423,2486.1153154681265,518.2891281049683,544.8111583533656,115.50484459001424,0.39142857142857146,0.41142857142857137,0.0
PHASE 3A,68,55200,52,1987.1390431783786,1245.7588442857423,2486.1153154681265,518.2891281049683,544.8111583533656,115.50484459001424,0.3228571428571429,0.4057142857142858,0.0
PHASE 3A,69,56000,56,1984.7881203007328,1245.7588442857423,2486.1153154681265,516.1024604724705,545.5715583147324,115.38926268919997,0.0,0.0,0.0
PHASE 3A,70,56800,56,1984.7881203007328,1245.7588442857423,2486.1153154681265,516.1024604724705,545.5715583147324,115.38926268919998,0.4442857142857143,0.3128571428571429,0.0
PHASE 3A,71,57600,56,1984.7881203007328,1245.7588442857423,2486.1153154681265,516.1024604724705,545.5715583147324,115.38926268919998,0.37428571428571433,0.48142857142857143,0.0
PHASE 3A,72,58400,56,1984.7881203007328,1245.7588442857423,2486.1153154681265,516.1024604724705,545.5715583147324,115.38926268919998,0.44142857142857145,0.37428571428571433,0.0
PHASE 3A,73,59200,56,1984.7881203007328,1245.7588442857423,2486.1153154681265,516.1024604724705,545.5715583147324,115.38926268919998,0.45714285714285713,0.44857142857142857,0.0
PHASE 3A,74,60000,60,1988.45644468678,1245.7588442857423,2486.1153154681265,524.539240885417,539.6867942708336,115.52880119132482,0.0,0.0,0.0
PHASE 3A,75,60800,60,1988.4564446867798,1245.7588442857423,2486.1153154681265,524.539240885417,539.6867942708336,115.52880119132479,0.3771428571428572,0.4942857142857144,0.0
PHASE 3A,76,61600,60,1988.4564446867798,1245.7588442857423,2486.1153154681265,524.539240885417,539.6867942708336,115.52880119132479,0.40285714285714286,0.49714285714285716,0.0
PHASE 3A,77,62400,60,1988.4564446867798,1245.7588442857423,2486.1153154681265,524.539240885417,539.6867942708336,115.52880119132479,0.44571428571428573,0.4800000000000001,0.0
PHASE 3A,78,63200,60,1988.4564446867798,1245.7588442857423,2486.1153154681265,524.539240885417,539.6867942708336,115.52880119132479,0.3514285714285714,0.46571428571428575,0.0
PHASE 3A,79,64000,64,1980.9244760968381,1245.7588442857423,2486.1153154681265,522.9192036946617,537.6285392252606,115.04709164712314,0.0,0.0,0.0
PHASE 3A,80,64800,64,1980.9244760968381,1245.7588442857423,2486.1153154681265,522.9192036946617,537.6285392252606,115.04709164712315,0.4271428571428572,0.41571428571428576,0.0
PHASE 3A,81,65600,64,1980.9244760968381,1245.7588442857423,2486.1153154681265,522.9192036946617,537.6285392252606,115.04709164712315,0.44857142857142857,0.36714285714285716,0.0
PHASE 3A,82,66400,64,1980.9244760968381,1245.7588442857423,2486.1153154681265,522.9192036946617,537.6285392252606,115.04709164712315,0.35571428571428576,0.4314285714285715,0.0
PHASE 3A,83,67200,64,1980.9244760968381,1245.7588442857423,2486.1153154681265,522.9192036946617,537.6285392252606,115.04709164712315,0.41714285714285715,0.48,0.0
PHASE 3A,84,68000,68,1987.396119107925,1245.7588442857423,2486.1153154681265,524.8019159773288,538.3724195772061,115.5277229441823,0.0,0.0,0.0
PHASE 3A,85,68800,68,1987.396119107925,1245.7588442857423,2486.1153154681265,524.8019159773288,538.3724195772061,115.5277229441823,0.4600000000000001,0.39,0.0
PHASE 3A,86,69600,68,1987.396119107925,1245.7588442857423,2486.1153154681265,524.8019159773288,538.3724195772061,115.5277229441823,0.5114285714285715,0.42142857142857154,0.0
PHASE 3A,87,70400,68,1987.396119107925,1245.7588442857423,2486.1153154681265,524.8019159773288,538.3724195772061,115.5277229441823,0.33142857142857146,0.42714285714285716,0.0
PHASE 3A,88,71200,68,1987.396119107925,1245.7588442857423,2486.1153154681265,524.8019159773288,538.3724195772061,115.5277229441823,0.4,0.49428571428571433,0.0
PHASE 3A,89,72000,72,1981.3512341164128,1245.7588442857423,2486.1153154681265,523.2688480179402,536.6360380497687,115.1807935060966,0.0,0.0,0.0
PHASE 3A,90,72800,72,1981.3512341164128,1245.7588442857423,2486.1153154681265,523.2688480179402,536.6360380497687,115.1807935060966,0.32142857142857145,0.4871428571428572,0.0
PHASE 3A,91,73600,72,1981.3512341164128,1245.7588442857423,2486.1153154681265,523.2688480179402,536.6360380497687,115.1807935060966,0.3914285714285714,0.4642857142857143,0.0
PHASE 3A,92,74400,72,1981.3512341164128,1245.7588442857423,2486.1153154681265,523.2688480179402,536.6360380497687,115.1807935060966,0.42428571428571427,0.45714285714285713,0.0
PHASE 3A,93,75200,72,1981.3512341164128,1245.7588442857423,2486.1153154681265,523.2688480179402,536.6360380497687,115.1807935060966,0.3885714285714286,0.48142857142857143,0.0
PHASE 3A,94,76000,76,1981.2597430038988,1245.7588442857423,2486.1153154681265,521.0041800301539,538.9016234923247,115.16924243518612,0.0,0.0,0.0
PHASE 3A,95,76800,76,1981.2597430038984,1245.7588442857423,2486.1153154681265,521.0041800301539,538.9016234923248,115.16924243518612,0.3814285714285715,0.41714285714285715,0.0
PHASE 3A,96,77600,76,1981.2597430038984,1245.7588442857423,2486.1153154681265,521.0041800301539,538.9016234923248,115.16924243518612,0.33,0.3985714285714286,0.0
PHASE 3A,97,78400,76,1981.2597430038984,1245.7588442857423,2486.1153154681265,521.0041800301539,538.9016234923248,115.16924243518612,0.47285714285714286,0.4257142857142857,0.0
PHASE 3A,98,79200,76,1981.2597430038984,1245.7588442857423,2486.1153154681265,521.0041800301539,538.9016234923248,115.16924243518612,0.4514285714285715,0.42142857142857143,0.0
PHASE 3A,99,80000,80,1980.2325136591746,1245.7588442857423,2486.1153154681265,523.4367405598962,536.0141656901045,115.09770092615534,0.0,0.0,0.0
PHASE 3A,100,80800,80,1980.2325136591746,1245.7588442857423,2486.1153154681265,523.4367405598962,536.0141656901044,115.09770092615534,0.40428571428571425,0.43285714285714294,0.0
PHASE 3A,101,81600,80,1980.2325136591746,1245.7588442857423,2486.1153154681265,523.4367405598962,536.0141656901044,115.09770092615534,0.38857142857142857,0.4571428571428572,0.0
PHASE 3A,102,82400,80,1980.2325136591746,1245.7588442857423,2486.1153154681265,523.4367405598962,536.0141656901044,115.09770092615534,0.49142857142857144,0.4314285714285715,0.0
PHASE 3A,103,83200,80,1980.2325136591746,1245.7588442857423,2486.1153154681265,523.4367405598962,536.0141656901044,115.09770092615534,0.47142857142857136,0.3985714285714286,0.0
PHASE 3A,104,84000,84,1990.028943180428,1245.7588442857423,2486.1153154681265,524.738500434028,540.2278317212304,115.6328263781547,0.0,0.0,0.0
PHASE 3A,105,84800,84,1990.028943180428,1245.7588442857423,2486.1153154681265,524.7385004340281,540.2278317212305,115.6328263781547,0.45285714285714285,0.42857142857142855,0.0
PHASE 3A,106,85600,84,1990.028943180428,1245.7588442857423,2486.1153154681265,524.7385004340281,540.2278317212305,115.6328263781547,0.4314285714285715,0.47857142857142854,0.0
PHASE 3A,107,86400,84,1990.028943180428,1245.7588442857423,2486.1153154681265,524.7385004340281,540.2278317212305,115.6328263781547,0.42857142857142866,0.48857142857142855,0.0
PHASE 3A,108,87200,84,1990.028943180428,1245.7588442857423,2486.1153154681265,524.7385004340281,540.2278317212305,115.6328263781547,0.47142857142857153,0.4557142857142858,0.0
PHASE 3A,109,88000,88,1983.8764626134493,1245.7588442857423,2486.1153154681265,522.7951381983904,539.1607960464017,115.24006604609076,0.0,0.0,0.0
PHASE 3A,110,88800,88,1983.8764626134498,1245.7588442857423,2486.1153154681265,522.7951381983904,539.1607960464017,115.24006604609076,0.43714285714285717,0.48,0.0
PHASE 3A,111,89600,88,1983.8764626134498,1245.7588442857423,2486.1153154681265,522.7951381983904,539.1607960464017,115.24006604609076,0.41000000000000003,0.41714285714285715,0.0
PHASE 3A,112,90400,88,1983.8764626134498,1245.7588442857423,2486.1153154681265,522.7951381983904,539.1607960464017,115.24006604609076,0.39857142857142863,0.4742857142857143,0.0
PHASE 3A,113,91200,88,1983.8764626134498,1245.7588442857423,2486.1153154681265,522.7951381983904,539.1607960464017,115.24006604609076,0.45428571428571435,0.3971428571428572,0.0
PHASE 3A,114,92000,92,1984.1305167031358,1245.7588442857423,2486.1153154681265,523.0865939198372,538.6625373641306,115.29767317740452,0.0,0.0,0.0
PHASE 3A,115,92800,92,1984.1305167031355,1245.7588442857423,2486.1153154681265,523.0865939198372,538.6625373641307,115.29767317740452,0.39428571428571435,0.40428571428571436,0.0
PHASE 3A,116,93600,92,1984.1305167031355,1245.7588442857423,2486.1153154681265,523.0865939198372,538.6625373641307,115.29767317740452,0.4214285714285714,0.3871428571428572,0.0
PHASE 3A,117,94400,92,1984.1305167031355,1245.7588442857423,2486.1153154681265,523.0865939198372,538.6625373641307,115.29767317740452,0.3785714285714286,0.4428571428571429,0.0
PHASE 3A,118,95200,92,1984.1305167031355,1245.7588442857423,2486.1153154681265,523.0865939198372,538.6625373641307,115.29767317740452,0.39,0.43000000000000005,0.0
PHASE 3A,119,96000,96,1979.2943173619587,1245.7588442857423,2486.1153154681265,524.841394042969,534.1976972113717,115.03190326346089,0.0,0.0,0.0
PHASE 3A,120,96800,96,1979.2943173619587,1245.7588442857423,2486.1153154681265,524.8413940429691,534.1976972113717,115.0319032634609,0.4485714285714287,0.40428571428571436,0.0
PHASE 3A,121,97600,96,1979.2943173619587,1245.7588442857423,2486.1153154681265,524.8413940429691,534.1976972113717,115.0319032634609,0.4842857142857143,0.5185714285714286,0.0
PHASE 3A,122,98400,96,1979.2943173619587,1245.7588442857423,2486.1153154681265,524.8413940429691,534.1976972113717,115.0319032634609,0.41571428571428576,0.4628571428571429,0.0
PHASE 3A,123,99200,96,1979.2943173619587,1245.7588442857423,2486.1153154681265,524.8413940429691,534.1976972113717,115.0319032634609,0.4514285714285714,0.5000000000000001,0.0
PHASE 3A,124,100000,100,1979.7560527646108,1245.7588442857423,2488.910781480491,525.409048697917,533.430189322917,115.1146018429807,0.0,0.0,0.0
PHASE 3A,125,100800,100,1979.7560527646106,1245.7588442857423,2488.910781480491,525.4090486979171,533.4301893229169,115.11460184298072,0.49000000000000005,0.40714285714285714,0.0
PHASE 3A,126,101600,100,1979.7560527646106,1245.7588442857423,2488.910781480491,525.4090486979171,533.4301893229169,115.11460184298072,0.5157142857142858,0.43285714285714294,0.0
PHASE 3A,127,102400,100,1979.7560527646106,1245.7588442857423,2488.910781480491,525.4090486979171,533.4301893229169,115.11460184298072,0.38857142857142857,0.35285714285714287,0.0
PHASE 3A,128,103200,100,1979.7560527646106,1245.7588442857423,2488.910781480491,525.4090486979171,533.4301893229169,115.11460184298072,0.49142857142857144,0.5485714285714286,0.0
PHASE 3A,129,104000,104,1980.4210529362226,1245.7588442857423,2488.910781480491,527.593358072917,533.2370934895837,114.948825171724,0.0,0.0,0.0
PHASE 3A,130,104800,104,1980.4210529362226,1245.7588442857423,2488.910781480491,527.593358072917,533.2370934895837,114.94882517172402,0.42428571428571427,0.44571428571428573,0.0
PHASE 3A,131,105600,104,1980.4210529362226,1245.7588442857423,2488.910781480491,527.593358072917,533.2370934895837,114.94882517172402,0.3985714285714286,0.4771428571428572,0.0
PHASE 3A,132,106400,104,1980.4210529362226,1245.7588442857423,2488.910781480491,527.593358072917,533.2370934895837,114.94882517172402,0.4071428571428572,0.46142857142857147,0.0
PHASE 3A,133,107200,104,1980.4210529362226,1245.7588442857423,2488.910781480491,527.593358072917,533.2370934895837,114.94882517172402,0.43714285714285717,0.45,0.0
PHASE 3A,134,108000,108,1996.1806632349515,1245.7588442857423,2488.910781480491,532.4247716145837,536.852662760417,115.8629036075027,0.0,0.0,0.0
PHASE 3A,135,108800,108,1996.1806632349517,1245.7588442857423,2488.910781480491,532.4247716145836,536.8526627604169,115.86290360750269,0.34142857142857147,0.4014285714285714,0.0
PHASE 3A,136,109600,108,1996.1806632349517,1245.7588442857423,2488.910781480491,532.4247716145836,536.8526627604169,115.86290360750269,0.41,0.5314285714285715,0.0
PHASE 3A,137,110400,108,1996.1806632349517,1245.7588442857423,2488.910781480491,532.4247716145836,536.8526627604169,115.86290360750269,0.3885714285714286,0.4271428571428572,0.0
PHASE 3A,138,111200,108,1996.1806632349517,1245.7588442857423,2488.910781480491,532.4247716145836,536.8526627604169,115.86290360750269,0.43285714285714283,0.5128571428571429,0.0
PHASE 3A,139,112000,112,1994.8696298352118,1245.7588442857423,2488.910781480491,533.1827781250004,534.9364065104169,115.8438056499831,0.0,0.0,0.0
PHASE 3A,140,112800,112,1994.869629835212,1245.7588442857423,2488.910781480491,533.1827781250004,534.9364065104169,115.8438056499831,0.3757142857142857,0.4314285714285714,0.0
PHASE 3A,141,113600,112,1994.869629835212,1245.7588442857423,2488.910781480491,533.1827781250004,534.9364065104169,115.8438056499831,0.42857142857142866,0.5042857142857143,0.0
PHASE 3A,142,114400,112,1994.869629835212,1245.7588442857423,2488.910781480491,533.1827781250004,534.9364065104169,115.8438056499831,0.4114285714285715,0.4800000000000001,0.0
PHASE 3A,143,115200,112,1994.869629835212,1245.7588442857423,2488.910781480491,533.1827781250004,534.9364065104169,115.8438056499831,0.3757142857142857,0.4585714285714285,0.0
PHASE 3A,144,116000,116,1995.3737024132738,1245.7588442857423,2488.910781480491,534.247122916667,534.5203304687502,115.82578112849086,0.0,0.0,0.0
PHASE 3A,145,116800,116,1995.3737024132736,1245.7588442857423,2488.910781480491,534.2471229166671,534.5203304687503,115.82578112849083,0.4028571428571429,0.4800000000000001,0.0
PHASE 3A,146,117600,116,1995.3737024132736,1245.7588442857423,2488.910781480491,534.2471229166671,534.5203304687503,115.82578112849083,0.4185714285714286,0.4228571428571429,0.0
PHASE 3A,147,118400,116,1995.3737024132736,1245.7588442857423,2488.910781480491,534.2471229166671,534.5203304687503,115.82578112849083,0.3885714285714286,0.44142857142857145,0.0
PHASE 3A,148,119200,116,1995.3737024132736,1245.7588442857423,2488.910781480491,534.2471229166671,534.5203304687503,115.82578112849083,0.43714285714285717,0.48285714285714293,0.0
PHASE 3A,149,120000,120,1980.8259467081373,1152.0941596750004,2488.910781480491,529.9868596354171,530.1972757812503,115.08022641144267,0.0,0.0,0.0
PHASE 3A,150,120800,120,1980.8259467081373,1152.0941596750004,2488.910781480491,529.986859635417,530.1972757812504,115.08022641144267,0.3742857142857143,0.41571428571428576,0.0
PHASE 3A,151,121600,120,1980.8259467081373,1152.0941596750004,2488.910781480491,529.986859635417,530.1972757812504,115.08022641144267,0.5471428571428572,0.47285714285714286,0.0
PHASE 3A,152,122400,120,1980.8259467081373,1152.0941596750004,2488.910781480491,529.986859635417,530.1972757812504,115.08022641144267,0.4271428571428572,0.40857142857142853,0.0
PHASE 3A,153,123200,120,1980.8259467081373,1152.0941596750004,2488.910781480491,529.986859635417,530.1972757812504,115.08022641144267,0.4000000000000001,0.5000000000000001,0.0
PHASE 3A,154,124000,124,1988.9602262391218,1152.0941596750004,2488.910781480491,531.0131533854169,534.168336979167,115.47234198432614,0.0,0.0,0.0
PHASE 3A,155,124800,124,1988.9602262391218,1152.0941596750004,2488.910781480491,531.013153385417,534.168336979167,115.47234198432614,0.41999999999999993,0.44857142857142857,0.0
PHASE 3A,156,125600,124,1988.9602262391218,1152.0941596750004,2488.910781480491,531.013153385417,534.168336979167,115.47234198432614,0.44714285714285723,0.45999999999999996,0.0
PHASE 3A,157,126400,124,1988.9602262391218,1152.0941596750004,2488.910781480491,531.013153385417,534.168336979167,115.47234198432614,0.3757142857142858,0.4514285714285714,0.0
PHASE 3A,158,127200,124,1988.9602262391218,1152.0941596750004,2488.910781480491,531.013153385417,534.168336979167,115.47234198432614,0.43285714285714294,0.4442857142857143,0.0
PHASE 3A,159,128000,128,1994.4936201434614,1152.0941596750004,2594.175367248441,529.692393229167,537.9947169270836,115.8508137484103,0.0,0.0,0.0
PHASE 3A,160,128800,128,1994.4936201434614,1152.0941596750004,2594.175367248441,529.692393229167,537.9947169270837,115.8508137484103,0.3271428571428571,0.44571428571428573,0.0
PHASE 3A,161,129600,128,1994.4936201434614,1152.0941596750004,2594.175367248441,529.692393229167,537.9947169270837,115.8508137484103,0.40285714285714286,0.49857142857142867,0.0
PHASE 3A,162,130400,128,1994.4936201434614,1152.0941596750004,2594.175367248441,529.692393229167,537.9947169270837,115.8508137484103,0.4928571428571429,0.3728571428571429,0.0
PHASE 3A,163,131200,128,1994.4936201434614,1152.0941596750004,2594.175367248441,529.692393229167,537.9947169270837,115.8508137484103,0.3742857142857143,0.46571428571428575,0.0
PHASE 3A,164,132000,132,1991.8800493048648,1152.0941596750004,2594.175367248441,528.1726984375003,537.9874044270837,115.71499330504408,0.0,0.0,0.0
PHASE 3A,165,132800,132,1991.8800493048648,1152.0941596750004,2594.175367248441,528.1726984375003,537.9874044270836,115.71499330504408,0.3985714285714286,0.5171428571428571,0.0
PHASE 3A,166,133600,132,1991.8800493048648,1152.0941596750004,2594.175367248441,528.1726984375003,537.9874044270836,115.71499330504408,0.43285714285714283,0.4557142857142857,0.0
PHASE 3A,167,134400,132,1991.8800493048648,1152.0941596750004,2594.175367248441,528.1726984375003,537.9874044270836,115.71499330504408,0.40285714285714286,0.45,0.0
PHASE 3A,168,135200,132,1991.8800493048648,1152.0941596750004,2594.175367248441,528.1726984375003,537.9874044270836,115.71499330504408,0.4257142857142857,0.43714285714285717,0.0
PHASE 3A,169,136000,136,1992.165874167211,1152.0941596750004,2594.175367248441,527.4769130208336,538.949662760417,115.71741229825415,0.0,0.0,0.0
PHASE 3A,170,136800,136,1992.1658741672106,1152.0941596750004,2594.175367248441,527.4769130208335,538.949662760417,115.71741229825415,0.4571428571428572,0.43285714285714283,0.0
PHASE 3A,171,137600,136,1992.1658741672106,1152.0941596750004,2594.175367248441,527.4769130208335,538.949662760417,115.71741229825415,0.41,0.4671428571428571,0.0
PHASE 3A,172,138400,136,1992.1658741672106,1152.0941596750004,2594.175367248441,527.4769130208335,538.949662760417,115.71741229825415,0.4571428571428572,0.3928571428571429,0.0
PHASE 3A,173,139200,136,1992.1658741672106,1152.0941596750004,2594.175367248441,527.4769130208335,538.949662760417,115.71741229825415,0.3942857142857143,0.4028571428571429,0.0
PHASE 3A,174,140000,140,1998.7101901115082,1152.0941596750004,2594.175367248441,527.5461411458336,543.5404200520836,115.95295361420808,0.0,0.0,0.0
PHASE 3A,175,140800,140,1998.7101901115086,1152.0941596750004,2594.175367248441,527.5461411458336,543.5404200520836,115.95295361420808,0.39,0.45000000000000007,0.0
PHASE 3A,176,141600,140,1998.7101901115086,1152.0941596750004,2594.175367248441,527.5461411458336,543.5404200520836,115.95295361420808,0.48428571428571426,0.49142857142857144,0.0
PHASE 3A,177,142400,140,1998.7101901115086,1152.0941596750004,2594.175367248441,527.5461411458336,543.5404200520836,115.95295361420808,0.40428571428571425,0.46428571428571425,0.0
PHASE 3A,178,143200,140,1998.7101901115086,1152.0941596750004,2594.175367248441,527.5461411458336,543.5404200520836,115.95295361420808,0.34,0.4442857142857143,0.0
PHASE 3A,179,144000,144,1999.6549350385642,1152.0941596750004,2594.175367248441,532.2404432291669,538.4779804687503,116.11706391758999,0.0,0.0,0.0
PHASE 3A,180,144800,144,1999.6549350385642,1152.0941596750004,2594.175367248441,532.240443229167,538.4779804687504,116.11706391758999,0.4185714285714286,0.4385714285714286,0.0
PHASE 3A,181,145600,144,1999.6549350385642,1152.0941596750004,2594.175367248441,532.240443229167,538.4779804687504,116.11706391758999,0.5042857142857142,0.44571428571428573,0.0
PHASE 3A,182,146400,144,1999.6549350385642,1152.0941596750004,2594.175367248441,532.240443229167,538.4779804687504,116.11706391758999,0.48571428571428577,0.40285714285714286,0.0
PHASE 3A,183,147200,144,1999.6549350385642,1152.0941596750004,2594.175367248441,532.240443229167,538.4779804687504,116.11706391758999,0.5085714285714286,0.4114285714285715,0.0
PHASE 3A,184,148000,148,1999.8382615303726,1152.0941596750004,2594.175367248441,535.3994776041669,534.5296419270836,116.2386427498996,0.0,0.0,0.0
PHASE 3A,185,148800,148,1999.8382615303728,1152.0941596750004,2594.175367248441,535.399477604167,534.5296419270836,116.2386427498996,0.47714285714285715,0.5228571428571429,0.0
PHASE 3A,186,149600,148,1999.8382615303728,1152.0941596750004,2594.175367248441,535.399477604167,534.5296419270836,116.2386427498996,0.41000000000000003,0.4257142857142858,0.0
PHASE 3A,187,150400,148,1999.8382615303728,1152.0941596750004,2594.175367248441,535.399477604167,534.5296419270836,116.2386427498996,0.3785714285714286,0.41000000000000003,0.0
PHASE 3A,188,151200,148,1999.8382615303728,1152.0941596750004,2594.175367248441,535.399477604167,534.5296419270836,116.2386427498996,0.4271428571428572,0.49142857142857144,0.0
PHASE 3A,189,152000,152,1993.7358907579453,1152.0941596750004,2594.175367248441,535.9094015625003,531.3453315104169,115.81014471063781,0.0,0.0,0.0
PHASE 3A,190,152800,152,1993.7358907579453,1152.0941596750004,2594.175367248441,535.9094015625003,531.345331510417,115.81014471063783,0.4557142857142857,0.4114285714285715,0.0
PHASE 3A,191,153600,152,1993.7358907579453,1152.0941596750004,2594.175367248441,535.9094015625003,531.345331510417,115.81014471063783,0.41571428571428576,0.4185714285714286,0.0
PHASE 3A,192,154400,152,1993.7358907579453,1152.0941596750004,2594.175367248441,535.9094015625003,531.345331510417,115.81014471063783,0.3771428571428572,0.4257142857142857,0.0
PHASE 3A,193,155200,152,1993.7358907579453,1152.0941596750004,2594.175367248441,535.9094015625003,531.345331510417,115.81014471063783,0.4242857142857144,0.4185714285714286,0.0
PHASE 3A,194,156000,156,1998.557696393405,1152.0941596750004,2594.175367248441,539.4406796875003,530.8156195312504,116.03767464684117,0.0,0.0,0.0
PHASE 3A,195,156800,156,1998.5576963934052,1152.0941596750004,2594.175367248441,539.4406796875003,530.8156195312503,116.03767464684115,0.4357142857142858,0.4428571428571429,0.0
PHASE 3A,196,157600,156,1998.5576963934052,1152.0941596750004,2594.175367248441,539.4406796875003,530.8156195312503,116.03767464684115,0.38428571428571423,0.42000000000000004,0.0
PHASE 3A,197,158400,156,1998.5576963934052,1152.0941596750004,2594.175367248441,539.4406796875003,530.8156195312503,116.03767464684115,0.38,0.4514285714285714,0.0
PHASE 3A,198,159200,156,1998.5576963934052,1152.0941596750004,2594.175367248441,539.4406796875003,530.8156195312503,116.03767464684115,0.39571428571428574,0.40857142857142853,0.0
PHASE 3A,199,160000,160,1999.728807936493,1152.0941596750004,2594.175367248441,533.1429671875002,537.2166281250003,116.17115157800849,0.0,0.0,0.0
PHASE 3A,200,160800,160,1999.7288079364935,1152.0941596750004,2594.175367248441,533.1429671875003,537.2166281250003,116.1711515780085,0.43714285714285717,0.4571428571428572,0.0
PHASE 3A,201,161600,160,1999.7288079364935,1152.0941596750004,2594.175367248441,533.1429671875003,537.2166281250003,116.1711515780085,0.47714285714285715,0.5228571428571429,0.0
PHASE 3A,202,162400,160,1999.7288079364935,1152.0941596750004,2594.175367248441,533.1429671875003,537.2166281250003,116.1711515780085,0.4385714285714286,0.39714285714285713,0.0
PHASE 3A,203,163200,160,1999.7288079364935,1152.0941596750004,2594.175367248441,533.1429671875003,537.2166281250003,116.1711515780085,0.44142857142857145,0.4014285714285714,0.0
PHASE 3A,204,164000,164,2012.2728065093509,1152.0941596750004,2594.175367248441,536.4806710937503,540.259419791667,116.94158945300101,0.0,0.0,0.0
PHASE 3A,205,164800,164,2012.2728065093509,1152.0941596750004,2594.175367248441,536.4806710937504,540.2594197916669,116.94158945300101,0.36142857142857143,0.41000000000000003,0.0
PHASE 3A,206,165600,164,2012.2728065093509,1152.0941596750004,2594.175367248441,536.4806710937504,540.2594197916669,116.94158945300101,0.44857142857142857,0.36857142857142866,0.0
PHASE 3A,207,166400,164,2012.2728065093509,1152.0941596750004,2594.175367248441,536.4806710937504,540.2594197916669,116.94158945300101,0.46571428571428575,0.5057142857142858,0.0
PHASE 3A,208,167200,164,2012.2728065093509,1152.0941596750004,2594.175367248441,536.4806710937504,540.2594197916669,116.94158945300101,0.4014285714285714,0.4371428571428571,0.0
PHASE 3A,209,168000,168,2005.216513231013,1152.0941596750004,2594.175367248441,534.421622135417,538.789519791667,116.50067141300063,0.0,0.0,0.0
PHASE 3A,210,168800,168,2005.2165132310129,1152.0941596750004,2594.175367248441,534.421622135417,538.7895197916669,116.50067141300063,0.40285714285714286,0.47857142857142865,0.0
PHASE 3A,211,169600,168,2005.2165132310129,1152.0941596750004,2594.175367248441,534.421622135417,538.7895197916669,116.50067141300063,0.42428571428571427,0.45571428571428585,0.0
PHASE 3A,212,170400,168,2005.2165132310129,1152.0941596750004,2594.175367248441,534.421622135417,538.7895197916669,116.50067141300063,0.40857142857142853,0.4,0.0
PHASE 3A,213,171200,168,2005.2165132310129,1152.0941596750004,2594.175367248441,534.421622135417,538.7895197916669,116.50067141300063,0.4128571428571429,0.4742857142857143,0.0
PHASE 3A,214,172000,172,2012.5073861914664,1152.0941596750004,2594.175367248441,536.7509169270837,540.3204299479169,116.9295049145677,0.0,0.0,0.0
PHASE 3A,215,172800,172,2012.5073861914661,1152.0941596750004,2594.175367248441,536.7509169270837,540.320429947917,116.9295049145677,0.4471428571428572,0.4585714285714285,0.0
PHASE 3A,216,173600,172,2012.5073861914661,1152.0941596750004,2594.175367248441,536.7509169270837,540.320429947917,116.9295049145677,0.4,0.4757142857142858,0.0
PHASE 3A,217,174400,172,2012.5073861914661,1152.0941596750004,2594.175367248441,536.7509169270837,540.320429947917,116.9295049145677,0.42857142857142866,0.4314285714285715,0.0
PHASE 3A,218,175200,172,2012.5073861914661,1152.0941596750004,2594.175367248441,536.7509169270837,540.320429947917,116.9295049145677,0.4014285714285714,0.46571428571428575,0.0
PHASE 3A,219,176000,176,2013.077358282699,1152.0941596750004,2594.175367248441,539.5146752604169,538.227842447917,116.91685507180509,0.0,0.0,0.0
PHASE 3A,220,176800,176,2013.0773582826985,1152.0941596750004,2594.175367248441,539.5146752604171,538.227842447917,116.91685507180507,0.4185714285714286,0.49428571428571433,0.0
PHASE 3A,221,177600,176,2013.0773582826985,1152.0941596750004,2594.175367248441,539.5146752604171,538.227842447917,116.91685507180507,0.37857142857142856,0.4057142857142857,0.0
PHASE 3A,222,178400,176,2013.0773582826985,1152.0941596750004,2594.175367248441,539.5146752604171,538.227842447917,116.91685507180507,0.5114285714285715,0.3928571428571429,0.0
PHASE 3A,223,179200,176,2013.0773582826985,1152.0941596750004,2594.175367248441,539.5146752604171,538.227842447917,116.91685507180507,0.42714285714285716,0.38,0.0
PHASE 3A,224,180000,180,2012.9113477006238,1152.0941596750004,2594.175367248441,536.4021851562504,540.7752406250004,116.9667402399311,0.0,0.0,0.0
PHASE 3A,225,180800,180,2012.9113477006238,1152.0941596750004,2594.175367248441,536.4021851562503,540.7752406250003,116.96674023993111,0.4371428571428571,0.4,0.0
PHASE 3A,226,181600,180,2012.9113477006238,1152.0941596750004,2594.175367248441,536.4021851562503,540.7752406250003,116.96674023993111,0.36571428571428577,0.4557142857142857,0.0
PHASE 3A,227,182400,180,2012.9113477006238,1152.0941596750004,2594.175367248441,536.4021851562503,540.7752406250003,116.96674023993111,0.3742857142857144,0.5557142857142858,0.0
PHASE 3A,228,183200,180,2012.9113477006238,1152.0941596750004,2594.175367248441,536.4021851562503,540.7752406250003,116.96674023993111,0.4028571428571429,0.45714285714285713,0.0
PHASE 3A,229,184000,184,2006.0295924035433,1152.0941596750004,2594.175367248441,535.5782726562503,537.749676822917,116.58770536555657,0.0,0.0,0.0
PHASE 3A,230,184800,184,2006.0295924035436,1152.0941596750004,2594.175367248441,535.5782726562503,537.7496768229171,116.58770536555657,0.35571428571428576,0.36714285714285716,0.0
PHASE 3A,231,185600,184,2006.0295924035436,1152.0941596750004,2594.175367248441,535.5782726562503,537.7496768229171,116.58770536555657,0.45285714285714285,0.42000000000000004,0.0
PHASE 3A,232,186400,184,2006.0295924035436,1152.0941596750004,2594.175367248441,535.5782726562503,537.7496768229171,116.58770536555657,0.40428571428571436,0.4357142857142858,0.0
PHASE 3A,233,187200,184,2006.0295924035436,1152.0941596750004,2594.175367248441,535.5782726562503,537.7496768229171,116.58770536555657,0.46571428571428575,0.35571428571428576,0.0
PHASE 3A,234,188000,188,2010.3696668430428,1152.0941596750004,2594.175367248441,537.938439322917,537.2297986979171,116.90017860278549,0.0,0.0,0.0
PHASE 3A,235,188800,188,2010.3696668430428,1152.0941596750004,2594.175367248441,537.938439322917,537.229798697917,116.90017860278549,0.44142857142857145,0.3942857142857143,0.0
PHASE 3A,236,189600,188,2010.3696668430428,1152.0941596750004,2594.175367248441,537.938439322917,537.229798697917,116.90017860278549,0.412857142857143,0.43999999999999995,0.0
PHASE 3A,237,190400,188,2010.3696668430428,1152.0941596750004,2594.175367248441,537.938439322917,537.229798697917,116.90017860278549,0.4057142857142858,0.4385714285714286,0.0
PHASE 3A,238,191200,188,2010.3696668430428,1152.0941596750004,2594.175367248441,537.938439322917,537.229798697917,116.90017860278549,0.3828571428571429,0.4428571428571429,0.0
PHASE 3A,239,192000,192,2019.6975422740472,1152.0941596750004,2594.175367248441,539.9085809895837,539.8804992187503,117.48855775822358,0.0,0.0,0.0
PHASE 3A,240,192800,192,2019.6975422740472,1152.0941596750004,2594.175367248441,539.9085809895837,539.8804992187503,117.48855775822358,0.39142857142857146,0.4871428571428572,0.0
PHASE 3A,241,193600,192,2019.6975422740472,1152.0941596750004,2594.175367248441,539.9085809895837,539.8804992187503,117.48855775822358,0.45714285714285713,0.43714285714285717,0.0
PHASE 3A,242,194400,192,2019.6975422740472,1152.0941596750004,2594.175367248441,539.9085809895837,539.8804992187503,117.48855775822358,0.3685714285714286,0.4257142857142857,0.0
PHASE 3A,243,195200,192,2019.6975422740472,1152.0941596750004,2594.175367248441,539.9085809895837,539.8804992187503,117.48855775822358,0.41000000000000003,0.3928571428571429,0.0
PHASE 3A,244,196000,196,2034.872881663585,1152.0941596750004,2594.175367248441,542.050520572917,546.2211932291669,118.32514598269692,0.0,0.0,0.0
PHASE 3A,245,196800,196,2034.872881663585,1152.0941596750004,2594.175367248441,542.0505205729171,546.2211932291669,118.32514598269692,0.3885714285714286,0.4014285714285715,0.0
PHASE 3A,246,197600,196,2034.872881663585,1152.0941596750004,2594.175367248441,542.0505205729171,546.2211932291669,118.32514598269692,0.4,0.3400000000000001,0.0
PHASE 3A,247,198400,196,2034.872881663585,1152.0941596750004,2594.175367248441,542.0505205729171,546.2211932291669,118.32514598269692,0.4185714285714286,0.3985714285714286,0.0
PHASE 3A,248,199200,196,2034.872881663585,1152.0941596750004,2594.175367248441,542.0505205729171,546.2211932291669,118.32514598269692,0.3614285714285715,0.43285714285714294,0.0
PHASE 3A,249,200000,200,2041.2959250478305,1152.0941596750004,2594.175367248441,543.8337984375004,548.3355609375003,118.6408207091131,0.0,0.0,0.0
PHASE 3A,250,200800,200,2041.2959250478305,1152.0941596750004,2594.175367248441,543.8337984375003,548.3355609375003,118.6408207091131,0.36857142857142855,0.3771428571428571,0.0
PHASE 3A,251,201600,200,2041.2959250478305,1152.0941596750004,2594.175367248441,543.8337984375003,548.3355609375003,118.6408207091131,0.4514285714285714,0.41000000000000003,0.0
PHASE 3A,252,202400,200,2041.2959250478305,1152.0941596750004,2594.175367248441,543.8337984375003,548.3355609375003,118.6408207091131,0.4442857142857143,0.45999999999999996,0.0
PHASE 3A,253,203200,200,2041.2959250478305,1152.0941596750004,2594.175367248441,543.8337984375003,548.3355609375003,118.6408207091131,0.4142857142857143,0.4257142857142857,0.0
PHASE 3A,254,204000,204,2057.6024933413205,1152.0941596750004,2594.175367248441,548.2694078125002,552.9426817708337,119.54880046975755,0.0,0.0,0.0
PHASE 3A,255,204800,204,2057.6024933413205,1152.0941596750004,2594.175367248441,548.2694078125004,552.9426817708336,119.54880046975755,0.4142857142857143,0.39714285714285713,0.0
PHASE 3A,256,205600,204,2057.6024933413205,1152.0941596750004,2594.175367248441,548.2694078125004,552.9426817708336,119.54880046975755,0.4185714285714286,0.4057142857142857,0.0
PHASE 3A,257,206400,204,2057.6024933413205,1152.0941596750004,2594.175367248441,548.2694078125004,552.9426817708336,119.54880046975755,0.4428571428571429,0.5414285714285715,0.0
PHASE 3A,258,207200,204,2057.6024933413205,1152.0941596750004,2594.175367248441,548.2694078125004,552.9426817708336,119.54880046975755,0.40857142857142853,0.43428571428571433,0.0
PHASE 3A,259,208000,208,2058.047263158343,1152.0941596750004,2594.175367248441,547.9443796875004,552.8978260416669,119.6506321786562,0.0,0.0,0.0
PHASE 3A,260,208800,208,2058.0472631583425,1152.0941596750004,2594.175367248441,547.9443796875004,552.897826041667,119.65063217865618,0.4200000000000001,0.5242857142857144,0.0
PHASE 3A,261,209600,208,2058.0472631583425,1152.0941596750004,2594.175367248441,547.9443796875004,552.897826041667,119.65063217865618,0.41142857142857137,0.3828571428571429,0.0
PHASE 3A,262,210400,208,2058.0472631583425,1152.0941596750004,2594.175367248441,547.9443796875004,552.897826041667,119.65063217865618,0.4385714285714286,0.46571428571428586,0.0
PHASE 3A,263,211200,208,2058.0472631583425,1152.0941596750004,2594.175367248441,547.9443796875004,552.897826041667,119.65063217865618,0.32,0.4057142857142858,0.0
PHASE 3A,264,212000,212,2061.5170003211006,1152.0941596750004,2594.175367248441,548.691873697917,554.2725875000003,119.81906739040708,0.0,0.0,0.0
PHASE 3A,265,212800,212,2061.5170003211,1152.0941596750004,2594.175367248441,548.691873697917,554.2725875000003,119.81906739040708,0.45285714285714285,0.3942857142857143,0.0
PHASE 3A,266,213600,212,2061.5170003211,1152.0941596750004,2594.175367248441,548.691873697917,554.2725875000003,119.81906739040708,0.43000000000000005,0.5171428571428571,0.0
PHASE 3A,267,214400,212,2061.5170003211,1152.0941596750004,2594.175367248441,548.691873697917,554.2725875000003,119.81906739040708,0.34714285714285714,0.45857142857142863,0.0
PHASE 3A,268,215200,212,2061.5170003211,1152.0941596750004,2594.175367248441,548.691873697917,554.2725875000003,119.81906739040708,0.4185714285714287,0.5028571428571429,0.0
PHASE 3A,269,216000,216,2062.5306137575712,1152.0941596750004,2594.175367248441,546.2472002604171,556.471476041667,119.97649218194512,0.0,0.0,0.0
PHASE 3A,270,216800,216,2062.5306137575717,1152.0941596750004,2594.175367248441,546.247200260417,556.4714760416671,119.9764921819451,0.4385714285714285,0.40428571428571436,0.0
PHASE 3A,271,217600,216,2062.5306137575717,1152.0941596750004,2594.175367248441,546.247200260417,556.4714760416671,119.9764921819451,0.39571428571428574,0.4114285714285715,0.0
PHASE 3A,272,218400,216,2062.5306137575717,1152.0941596750004,2594.175367248441,546.247200260417,556.4714760416671,119.9764921819451,0.4128571428571429,0.4742857142857143,0.0
PHASE 3A,273,219200,216,2062.5306137575717,1152.0941596750004,2594.175367248441,546.247200260417,556.4714760416671,119.9764921819451,0.3614285714285715,0.5114285714285713,0.0
PHASE 3A,274,220000,220,2074.17571996198,1291.1359354742776,2594.175367248441,549.9966385416669,559.4170109375004,120.59525881036072,0.0,0.0,0.0
PHASE 3A,275,220800,220,2074.1757199619806,1291.1359354742776,2594.175367248441,549.996638541667,559.4170109375003,120.59525881036073,0.45285714285714285,0.4014285714285714,0.0
PHASE 3A,276,221600,220,2074.1757199619806,1291.1359354742776,2594.175367248441,549.996638541667,559.4170109375003,120.59525881036073,0.4257142857142857,0.47285714285714286,0.0
PHASE 3A,277,222400,220,2074.1757199619806,1291.1359354742776,2594.175367248441,549.996638541667,559.4170109375003,120.59525881036073,0.4385714285714286,0.42142857142857143,0.0
PHASE 3A,278,223200,220,2074.1757199619806,1291.1359354742776,2594.175367248441,549.996638541667,559.4170109375003,120.59525881036073,0.3814285714285715,0.44142857142857145,0.0
PHASE 3A,279,224000,224,2074.1825288349683,1291.1359354742776,2594.175367248441,551.7391927083337,556.9225497395836,120.6900982983905,0.0,0.0,0.0
PHASE 3A,280,224800,224,2074.182528834968,1291.1359354742776,2594.175367248441,551.7391927083337,556.9225497395836,120.6900982983905,0.40857142857142853,0.36571428571428577,0.0
PHASE 3A,281,225600,224,2074.182528834968,1291.1359354742776,2594.175367248441,551.7391927083337,556.9225497395836,120.6900982983905,0.4442857142857143,0.5314285714285715,0.0
PHASE 3A,282,226400,224,2074.182528834968,1291.1359354742776,2594.175367248441,551.7391927083337,556.9225497395836,120.6900982983905,0.3614285714285715,0.39142857142857135,0.0
PHASE 3A,283,227200,224,2074.182528834968,1291.1359354742776,2594.175367248441,551.7391927083337,556.9225497395836,120.6900982983905,0.41714285714285715,0.42714285714285716,0.0
PHASE 3A,284,228000,228,2069.2667758657767,1291.1359354742776,2525.1445885133735,553.1309802083337,552.2929393229169,120.4803570418249,0.0,0.0,0.0
PHASE 3A,285,228800,228,2069.2667758657767,1291.1359354742776,2525.1445885133735,553.1309802083335,552.2929393229169,120.4803570418249,0.38571428571428573,0.4471428571428572,0.0
PHASE 3A,286,229600,228,2069.2667758657767,1291.1359354742776,2525.1445885133735,553.1309802083335,552.2929393229169,120.4803570418249,0.46714285714285725,0.45714285714285713,0.0
PHASE 3A,287,230400,228,2069.2667758657767,1291.1359354742776,2525.1445885133735,553.1309802083335,552.2929393229169,120.4803570418249,0.3771428571428572,0.4185714285714286,0.0
PHASE 3A,288,231200,228,2069.2667758657767,1291.1359354742776,2525.1445885133735,553.1309802083335,552.2929393229169,120.4803570418249,0.472857142857143,0.4071428571428572,0.0
PHASE 3A,289,232000,232,2081.5461297303073,1291.1359354742776,2525.1445885133735,559.2631562500003,552.4371195312502,121.2307317436413,0.0,0.0,0.0
PHASE 3A,290,232800,232,2081.5461297303073,1291.1359354742776,2525.1445885133735,559.2631562500003,552.4371195312503,121.23073174364131,0.36714285714285716,0.4014285714285714,0.0
PHASE 3A,291,233600,232,2081.5461297303073,1291.1359354742776,2525.1445885133735,559.2631562500003,552.4371195312503,121.23073174364131,0.46142857142857147,0.4814285714285715,0.0
PHASE 3A,292,234400,232,2081.5461297303073,1291.1359354742776,2525.1445885133735,559.2631562500003,552.4371195312503,121.23073174364131,0.33571428571428574,0.39142857142857146,0.0
PHASE 3A,293,235200,232,2081.5461297303073,1291.1359354742776,2525.1445885133735,559.2631562500003,552.4371195312503,121.23073174364131,0.3500000000000001,0.4,0.0
PHASE 3A,294,236000,236,2081.988515832332,1291.1359354742776,2525.1445885133735,558.9754677083337,552.8548945312504,121.26976919910247,0.0,0.0,0.0
PHASE 3A,295,236800,236,2081.988515832332,1291.1359354742776,2525.1445885133735,558.9754677083336,552.8548945312504,121.26976919910247,0.4442857142857143,0.49857142857142867,0.0
PHASE 3A,296,237600,236,2081.988515832332,1291.1359354742776,2525.1445885133735,558.9754677083336,552.8548945312504,121.26976919910247,0.32,0.5228571428571429,0.0
PHASE 3A,297,238400,236,2081.988515832332,1291.1359354742776,2525.1445885133735,558.9754677083336,552.8548945312504,121.26976919910247,0.42000000000000004,0.4342857142857143,0.0
PHASE 3A,298,239200,236,2081.988515832332,1291.1359354742776,2525.1445885133735,558.9754677083336,552.8548945312504,121.26976919910247,0.3871428571428571,0.40857142857142864,0.0
PHASE 3A,299,240000,240,2076.5470045530055,1291.1359354742776,2525.1445885133735,555.0070520833335,553.1481455729171,121.04897586210329,0.0,0.0,0.0
PHASE 3A,300,240800,240,2076.5470045530055,1291.1359354742776,2525.1445885133735,555.0070520833335,553.148145572917,121.04897586210329,0.4185714285714286,0.43285714285714294,0.0
PHASE 3A,301,241600,240,2076.5470045530055,1291.1359354742776,2525.1445885133735,555.0070520833335,553.148145572917,121.04897586210329,0.3757142857142858,0.3571428571428572,0.0
PHASE 3A,302,242400,240,2076.5470045530055,1291.1359354742776,2525.1445885133735,555.0070520833335,553.148145572917,121.04897586210329,0.43,0.39571428571428574,0.0
PHASE 3A,303,243200,240,2076.5470045530055,1291.1359354742776,2525.1445885133735,555.0070520833335,553.148145572917,121.04897586210329,0.4828571428571428,0.49857142857142855,0.0
PHASE 3A,304,244000,244,2073.1145223392555,1291.1359354742776,2525.1445885133735,551.5511031250003,554.8738726562503,120.8361933197595,0.0,0.0,0.0
PHASE 3A,305,244800,244,2073.1145223392555,1291.1359354742776,2525.1445885133735,551.5511031250003,554.8738726562503,120.83619331975952,0.48428571428571426,0.4999999999999999,0.0
PHASE 3A,306,245600,244,2073.1145223392555,1291.1359354742776,2525.1445885133735,551.5511031250003,554.8738726562503,120.83619331975952,0.4342857142857143,0.4685714285714286,0.0
PHASE 3A,307,246400,244,2073.1145223392555,1291.1359354742776,2525.1445885133735,551.5511031250003,554.8738726562503,120.83619331975952,0.4742857142857143,0.42714285714285705,0.0
PHASE 3A,308,247200,244,2073.1145223392555,1291.1359354742776,2525.1445885133735,551.5511031250003,554.8738726562503,120.83619331975952,0.35,0.4200000000000001,0.0
PHASE 3A,309,248000,248,2070.6717409142275,1291.1359354742776,2525.1445885133735,551.3332218750003,554.0306466145837,120.66348405308919,0.0,0.0,0.0
PHASE 3A,310,248800,248,2070.6717409142275,1291.1359354742776,2525.1445885133735,551.3332218750003,554.0306466145837,120.66348405308919,0.4471428571428572,0.40285714285714286,0.0
PHASE 3A,311,249600,248,2070.6717409142275,1291.1359354742776,2525.1445885133735,551.3332218750003,554.0306466145837,120.66348405308919,0.47714285714285715,0.31000000000000005,0.0
PHASE 3A,312,250400,248,2070.6717409142275,1291.1359354742776,2525.1445885133735,551.3332218750003,554.0306466145837,120.66348405308919,0.39714285714285713,0.4442857142857143,0.0
PHASE 3A,313,251200,248,2070.6717409142275,1291.1359354742776,2525.1445885133735,551.3332218750003,554.0306466145837,120.66348405308919,0.44142857142857145,0.40857142857142853,0.0
PHASE 3A,314,252000,252,2070.8477470054777,1291.1359354742776,2525.1445885133735,551.961019791667,552.6869562500003,120.77497137048509,0.0,0.0,0.0
PHASE 3A,315,252800,252,2070.847747005478,1291.1359354742776,2525.1445885133735,551.961019791667,552.6869562500003,120.77497137048508,0.39714285714285713,0.4628571428571429,0.0
PHASE 3A,316,253600,252,2070.847747005478,1291.1359354742776,2525.1445885133735,551.961019791667,552.6869562500003,120.77497137048508,0.4428571428571429,0.4714285714285714,0.0
PHASE 3A,317,254400,252,2070.847747005478,1291.1359354742776,2525.1445885133735,551.961019791667,552.6869562500003,120.77497137048508,0.47000000000000003,0.37571428571428567,0.0
PHASE 3A,318,255200,252,2070.847747005478,1291.1359354742776,2525.1445885133735,551.961019791667,552.6869562500003,120.77497137048508,0.38,0.4014285714285714,0.0
PHASE 3A,319,256000,256,2055.396089620779,1291.1359354742776,2525.1445885133735,547.1834427083337,547.942979947917,120.03370837057473,0.0,0.0,0.0
PHASE 3A,320,256800,256,2055.396089620779,1291.1359354742776,2525.1445885133735,547.1834427083336,547.942979947917,120.03370837057473,0.4514285714285714,0.4757142857142858,0.0
PHASE 3A,321,257600,256,2055.396089620779,1291.1359354742776,2525.1445885133735,547.1834427083336,547.942979947917,120.03370837057473,0.39571428571428574,0.44142857142857145,0.0
PHASE 3A,322,258400,256,2055.396089620779,1291.1359354742776,2525.1445885133735,547.1834427083336,547.942979947917,120.03370837057473,0.37714285714285717,0.4257142857142857,0.0
PHASE 3A,323,259200,256,2055.396089620779,1291.1359354742776,2525.1445885133735,547.1834427083336,547.942979947917,120.03370837057473,0.5257142857142857,0.4571428571428572,0.0
PHASE 3A,324,260000,260,2039.9006368253579,1291.1359354742776,2525.1445885133735,541.8973812500003,544.7127757812503,119.16130997427203,0.0,0.0,0.0
PHASE 3A,325,260800,260,2039.900636825358,1291.1359354742776,2525.1445885133735,541.8973812500003,544.7127757812503,119.16130997427203,0.41000000000000003,0.4628571428571429,0.0
PHASE 3A,326,261600,260,2039.900636825358,1291.1359354742776,2525.1445885133735,541.8973812500003,544.7127757812503,119.16130997427203,0.43285714285714283,0.4757142857142858,0.0
PHASE 3A,327,262400,260,2039.900636825358,1291.1359354742776,2525.1445885133735,541.8973812500003,544.7127757812503,119.16130997427203,0.43714285714285717,0.4114285714285715,0.0
PHASE 3A,328,263200,260,2039.900636825358,1291.1359354742776,2525.1445885133735,541.8973812500003,544.7127757812503,119.16130997427203,0.5257142857142858,0.43142857142857133,0.0
PHASE 3A,329,264000,264,2034.7576278893287,1291.1359354742776,2525.1445885133735,542.7149075520837,541.222008072917,118.85258903304954,0.0,0.0,0.0
PHASE 3A,330,264800,264,2034.7576278893282,1291.1359354742776,2525.1445885133735,542.7149075520838,541.222008072917,118.85258903304955,0.35428571428571426,0.46142857142857147,0.0
PHASE 3A,331,265600,264,2034.7576278893282,1291.1359354742776,2525.1445885133735,542.7149075520838,541.222008072917,118.85258903304955,0.42428571428571427,0.34142857142857147,0.0
PHASE 3A,332,266400,264,2034.7576278893282,1291.1359354742776,2525.1445885133735,542.7149075520838,541.222008072917,118.85258903304955,0.49857142857142867,0.46571428571428575,0.0
PHASE 3A,333,267200,264,2034.7576278893282,1291.1359354742776,2525.1445885133735,542.7149075520838,541.222008072917,118.85258903304955,0.4542857142857143,0.5042857142857143,0.0
PHASE 3A,334,268000,268,2043.6135726937355,1291.1359354742776,2525.1445885133735,544.5011585937503,544.8167320312504,119.28696025860042,0.0,0.0,0.0
PHASE 3A,335,268800,268,2043.6135726937357,1291.1359354742776,2525.1445885133735,544.5011585937503,544.8167320312502,119.28696025860042,0.49428571428571433,0.46428571428571425,0.0
PHASE 3A,336,269600,268,2043.6135726937357,1291.1359354742776,2525.1445885133735,544.5011585937503,544.8167320312502,119.28696025860042,0.48571428571428577,0.51,0.0
PHASE 3A,337,270400,268,2043.6135726937357,1291.1359354742776,2525.1445885133735,544.5011585937503,544.8167320312502,119.28696025860042,0.42000000000000004,0.41714285714285715,0.0
PHASE 3A,338,271200,268,2043.6135726937357,1291.1359354742776,2525.1445885133735,544.5011585937503,544.8167320312502,119.28696025860042,0.4128571428571429,0.4542857142857143,0.0
PHASE 3A,339,272000,272,2040.6711978184865,1291.1359354742776,2525.1445885133735,541.3267742187503,545.8471807291669,119.18715535882963,0.0,0.0,0.0
PHASE 3A,340,272800,272,2040.6711978184865,1291.1359354742776,2525.1445885133735,541.3267742187503,545.8471807291669,119.18715535882963,0.4,0.44142857142857145,0.0
PHASE 3A,341,273600,272,2040.6711978184865,1291.1359354742776,2525.1445885133735,541.3267742187503,545.8471807291669,119.18715535882963,0.41571428571428576,0.4357142857142858,0.0
PHASE 3A,342,274400,272,2040.6711978184865,1291.1359354742776,2525.1445885133735,541.3267742187503,545.8471807291669,119.18715535882963,0.42428571428571427,0.42428571428571427,0.0
PHASE 3A,343,275200,272,2040.6711978184865,1291.1359354742776,2525.1445885133735,541.3267742187503,545.8471807291669,119.18715535882963,0.39714285714285713,0.3742857142857143,0.0
PHASE 3A,344,276000,276,2039.975622479884,1291.1359354742776,2525.1445885133735,539.6332919270836,546.6967630208335,119.20569594150433,0.0,0.0,0.0
PHASE 3A,345,276800,276,2039.975622479884,1291.1359354742776,2525.1445885133735,539.6332919270837,546.6967630208337,119.20569594150433,0.39,0.46714285714285725,0.0
PHASE 3A,346,277600,276,2039.975622479884,1291.1359354742776,2525.1445885133735,539.6332919270837,546.6967630208337,119.20569594150433,0.4,0.42714285714285716,0.0
PHASE 3A,347,278400,276,2039.975622479884,1291.1359354742776,2525.1445885133735,539.6332919270837,546.6967630208337,119.20569594150433,0.3342857142857143,0.47428571428571437,0.0
PHASE 3A,348,279200,276,2039.975622479884,1291.1359354742776,2525.1445885133735,539.6332919270837,546.6967630208337,119.20569594150433,0.38142857142857145,0.4571428571428572,0.0
PHASE 3A,349,280000,280,2033.7889591477267,1249.3422969193498,2525.1445885133735,537.809176822917,544.8757505208337,118.88800397550557,0.0,0.0,0.0
PHASE 3A,350,280800,280,2033.7889591477265,1249.3422969193498,2525.1445885133735,537.809176822917,544.8757505208337,118.88800397550554,0.34857142857142864,0.4585714285714285,0.0
PHASE 3A,351,281600,280,2033.7889591477265,1249.3422969193498,2525.1445885133735,537.809176822917,544.8757505208337,118.88800397550554,0.4271428571428572,0.5428571428571429,0.0
PHASE 3A,352,282400,280,2033.7889591477265,1249.3422969193498,2525.1445885133735,537.809176822917,544.8757505208337,118.88800397550554,0.4057142857142858,0.39571428571428574,0.0
PHASE 3A,353,283200,280,2033.7889591477265,1249.3422969193498,2525.1445885133735,537.809176822917,544.8757505208337,118.88800397550554,0.42857142857142855,0.39428571428571435,0.0
PHASE 3A,354,284000,284,2026.3947340323764,1249.3422969193498,2525.1445885133735,537.2861143229169,540.4840062500003,118.57807668244091,0.0,0.0,0.0
PHASE 3A,355,284800,284,2026.3947340323764,1249.3422969193498,2525.1445885133735,537.286114322917,540.4840062500003,118.57807668244091,0.3828571428571429,0.4114285714285715,0.0
PHASE 3A,356,285600,284,2026.3947340323764,1249.3422969193498,2525.1445885133735,537.286114322917,540.4840062500003,118.57807668244091,0.3628571428571429,0.5342857142857144,0.0
PHASE 3A,357,286400,284,2026.3947340323764,1249.3422969193498,2525.1445885133735,537.286114322917,540.4840062500003,118.57807668244091,0.3857142857142857,0.42428571428571427,0.0
PHASE 3A,358,287200,284,2026.3947340323764,1249.3422969193498,2525.1445885133735,537.286114322917,540.4840062500003,118.57807668244091,0.4057142857142858,0.34285714285714286,0.0
PHASE 3A,359,288000,288,2025.0307416387514,1249.3422969193498,2525.1445885133735,535.3667304687503,541.6351593750004,118.50360647438367,0.0,0.0,0.0
PHASE 3A,360,288800,288,2025.0307416387516,1249.3422969193498,2525.1445885133735,535.3667304687505,541.6351593750004,118.50360647438367,0.46571428571428575,0.40285714285714286,0.0
PHASE 3A,361,289600,288,2025.0307416387516,1249.3422969193498,2525.1445885133735,535.3667304687505,541.6351593750004,118.50360647438367,0.34571428571428575,0.47857142857142854,0.0
PHASE 3A,362,290400,288,2025.0307416387516,1249.3422969193498,2525.1445885133735,535.3667304687505,541.6351593750004,118.50360647438367,0.42428571428571427,0.41000000000000003,0.0
PHASE 3A,363,291200,288,2025.0307416387516,1249.3422969193498,2525.1445885133735,535.3667304687505,541.6351593750004,118.50360647438367,0.38,0.47000000000000003,0.0
PHASE 3A,364,292000,292,2014.119229482973,1249.3422969193498,2525.1445885133735,532.8370835937505,539.2155000000005,117.75833073616137,0.0,0.0,0.0
PHASE 3A,365,292800,292,2014.1192294829725,1249.3422969193498,2525.1445885133735,532.8370835937505,539.2155000000004,117.75833073616137,0.31285714285714283,0.5042857142857142,0.0
PHASE 3A,366,293600,292,2014.1192294829725,1249.3422969193498,2525.1445885133735,532.8370835937505,539.2155000000004,117.75833073616137,0.4071428571428572,0.4671428571428572,0.0
PHASE 3A,367,294400,292,2014.1192294829725,1249.3422969193498,2525.1445885133735,532.8370835937505,539.2155000000004,117.75833073616137,0.4314285714285714,0.4628571428571428,0.0
PHASE 3A,368,295200,292,2014.1192294829725,1249.3422969193498,2525.1445885133735,532.8370835937505,539.2155000000004,117.75833073616137,0.3685714285714286,0.37857142857142856,0.0
PHASE 3A,369,296000,296,2002.05044699277,1249.3422969193498,2525.1445885133735,528.4791523437505,536.5976906250004,117.12170050301113,0.0,0.0,0.0
PHASE 3A,370,296800,296,2002.0504469927698,1249.3422969193498,2525.1445885133735,528.4791523437503,536.5976906250003,117.12170050301113,0.4557142857142857,0.3771428571428571,0.0
PHASE 3A,371,297600,296,2002.0504469927698,1249.3422969193498,2525.1445885133735,528.4791523437503,536.5976906250003,117.12170050301113,0.41571428571428576,0.49142857142857144,0.0
PHASE 3A,372,298400,296,2002.0504469927698,1249.3422969193498,2525.1445885133735,528.4791523437503,536.5976906250003,117.12170050301113,0.4828571428571428,0.47857142857142854,0.0
PHASE 3A,373,299200,296,2002.0504469927698,1249.3422969193498,2525.1445885133735,528.4791523437503,536.5976906250003,117.12170050301113,0.5071428571428572,0.5585714285714286,0.0
PHASE 3A,374,300000,300,1997.9940431204197,1249.3422969193498,2525.1445885133735,525.911421354167,536.2764661458336,116.975769452561,0.0,0.0,0.0
PHASE 3A,375,300800,300,1997.9940431204197,1249.3422969193498,2525.1445885133735,525.911421354167,536.2764661458336,116.975769452561,0.38142857142857145,0.4785714285714285,0.0
PHASE 3A,376,301600,300,1997.9940431204197,1249.3422969193498,2525.1445885133735,525.911421354167,536.2764661458336,116.975769452561,0.42142857142857143,0.3614285714285715,0.0
PHASE 3A,377,302400,300,1997.9940431204197,1249.3422969193498,2525.1445885133735,525.911421354167,536.2764661458336,116.975769452561,0.45285714285714285,0.34714285714285714,0.0
PHASE 3A,378,303200,300,1997.9940431204197,1249.3422969193498,2525.1445885133735,525.911421354167,536.2764661458336,116.975769452561,0.3871428571428571,0.48285714285714293,0.0
PHASE 3A,379,304000,304,1976.7838272902893,1249.3422969193498,2486.3963930818204,519.5043015625004,530.4289098958337,115.85632697900313,0.0,0.0,0.0
PHASE 3A,380,304800,304,1976.7838272902895,1249.3422969193498,2486.3963930818204,519.5043015625004,530.4289098958337,115.85632697900313,0.4128571428571429,0.42000000000000004,0.0
PHASE 3A,381,305600,304,1976.7838272902895,1249.3422969193498,2486.3963930818204,519.5043015625004,530.4289098958337,115.85632697900313,0.43285714285714283,0.4314285714285715,0.0
PHASE 3A,382,306400,304,1976.7838272902895,1249.3422969193498,2486.3963930818204,519.5043015625004,530.4289098958337,115.85632697900313,0.3857142857142857,0.3871428571428572,0.0
PHASE 3A,383,307200,304,1976.7838272902895,1249.3422969193498,2486.3963930818204,519.5043015625004,530.4289098958337,115.85632697900313,0.45428571428571435,0.42142857142857154,0.0
PHASE 3A,384,308000,308,1961.4351069995753,1249.3422969193498,2486.3963930818204,512.3983015625004,529.048521354167,114.99853551037222,0.0,0.0,0.0
PHASE 3A,385,308800,308,1961.4351069995753,1249.3422969193498,2486.3963930818204,512.3983015625004,529.048521354167,114.99853551037224,0.37428571428571433,0.36714285714285716,0.0
PHASE 3A,386,309600,308,1961.4351069995753,1249.3422969193498,2486.3963930818204,512.3983015625004,529.048521354167,114.99853551037224,0.4514285714285714,0.4257142857142857,0.0
PHASE 3A,387,310400,308,1961.4351069995753,1249.3422969193498,2486.3963930818204,512.3983015625004,529.048521354167,114.99853551037224,0.45,0.49714285714285716,0.0
PHASE 3A,388,311200,308,1961.4351069995753,1249.3422969193498,2486.3963930818204,512.3983015625004,529.048521354167,114.99853551037224,0.40857142857142853,0.4114285714285715,0.0
PHASE 3A,389,312000,312,1946.6496346313652,1249.3422969193498,2486.3963930818204,506.4680041666671,526.3990015625003,114.22282861278345,0.0,0.0,0.0
PHASE 3A,390,312800,312,1946.649634631365,1249.3422969193498,2486.3963930818204,506.468004166667,526.3990015625003,114.22282861278345,0.43714285714285717,0.43714285714285717,0.0
PHASE 3A,391,313600,312,1946.649634631365,1249.3422969193498,2486.3963930818204,506.468004166667,526.3990015625003,114.22282861278345,0.3371428571428572,0.41571428571428576,0.0
PHASE 3A,392,314400,312,1946.649634631365,1249.3422969193498,2486.3963930818204,506.468004166667,526.3990015625003,114.22282861278345,0.42428571428571427,0.3628571428571429,0.0
PHASE 3A,393,315200,312,1946.649634631365,1249.3422969193498,2486.3963930818204,506.468004166667,526.3990015625003,114.22282861278345,0.3514285714285714,0.44000000000000006,0.0
PHASE 3A,394,316000,316,1935.386912102042,1249.3422969193498,2486.3963930818204,503.782027604167,523.4976640625003,113.51340255443054,0.0,0.0,0.0
PHASE 3A,395,316800,316,1935.3869121020427,1249.3422969193498,2486.3963930818204,503.782027604167,523.4976640625002,113.5134025544305,0.3985714285714286,0.40428571428571436,0.0
PHASE 3A,396,317600,316,1935.3869121020427,1249.3422969193498,2486.3963930818204,503.782027604167,523.4976640625002,113.5134025544305,0.4228571428571429,0.42857142857142855,0.0
PHASE 3A,397,318400,316,1935.3869121020427,1249.3422969193498,2486.3963930818204,503.782027604167,523.4976640625002,113.5134025544305,0.4828571428571428,0.4114285714285715,0.0
PHASE 3A,398,319200,316,1935.3869121020427,1249.3422969193498,2486.3963930818204,503.782027604167,523.4976640625002,113.5134025544305,0.4585714285714285,0.43428571428571433,0.0
PHASE 3A,399,320000,320,1940.5729428241646,1249.3422969193498,2506.703368553389,506.5347546875003,523.6479942708337,113.79877423323734,0.0,0.0,0.0
PHASE 3A,400,320800,320,1940.5729428241646,1249.3422969193498,2506.703368553389,506.5347546875003,523.6479942708337,113.79877423323737,0.3714285714285714,0.3928571428571429,0.0
PHASE 3A,401,321600,320,1940.5729428241646,1249.3422969193498,2506.703368553389,506.5347546875003,523.6479942708337,113.79877423323737,0.4314285714285715,0.4428571428571429,0.0
PHASE 3A,402,322400,320,1940.5729428241646,1249.3422969193498,2506.703368553389,506.5347546875003,523.6479942708337,113.79877423323737,0.4471428571428572,0.4000000000000001,0.0
PHASE 3A,403,323200,320,1940.5729428241646,1249.3422969193498,2506.703368553389,506.5347546875003,523.6479942708337,113.79877423323737,0.41,0.40714285714285714,0.0
PHASE 3A,404,324000,324,1911.9009396072374,1169.7804020765782,2506.703368553389,499.0298890625002,514.7287796875003,112.26778385716314,0.0,0.0,0.0
PHASE 3A,405,324800,324,1911.9009396072374,1169.7804020765782,2506.703368553389,499.0298890625004,514.7287796875003,112.26778385716312,0.5185714285714286,0.52,0.0
PHASE 3A,406,325600,324,1911.9009396072374,1169.7804020765782,2506.703368553389,499.0298890625004,514.7287796875003,112.26778385716312,0.34714285714285714,0.4871428571428572,0.0
PHASE 3A,407,326400,324,1911.9009396072374,1169.7804020765782,2506.703368553389,499.0298890625004,514.7287796875003,112.26778385716312,0.4,0.4014285714285714,0.0
PHASE 3A,408,327200,324,1911.9009396072374,1169.7804020765782,2506.703368553389,499.0298890625004,514.7287796875003,112.26778385716312,0.4185714285714287,0.40857142857142864,0.0
PHASE 3A,409,328000,328,1894.793620137658,1169.7804020765782,2506.703368553389,495.41167968750034,508.71214479166696,111.3337244573198,0.0,0.0,0.0
PHASE 3A,410,328800,328,1894.7936201376585,1169.7804020765782,2506.703368553389,495.4116796875003,508.71214479166696,111.3337244573198,0.3857142857142858,0.36000000000000004,0.0
PHASE 3A,411,329600,328,1894.7936201376585,1169.7804020765782,2506.703368553389,495.4116796875003,508.71214479166696,111.3337244573198,0.3871428571428572,0.4800000000000001,0.0
PHASE 3A,412,330400,328,1894.7936201376585,1169.7804020765782,2506.703368553389,495.4116796875003,508.71214479166696,111.3337244573198,0.40857142857142853,0.41000000000000003,0.0
PHASE 3A,413,331200,328,1894.7936201376585,1169.7804020765782,2506.703368553389,495.4116796875003,508.71214479166696,111.3337244573198,0.34142857142857147,0.45999999999999996,0.0
PHASE 3A,414,332000,332,1888.525448003096,1169.7804020765782,2506.703368553389,488.871185416667,512.0086466145837,110.95570199648893,0.0,0.0,0.0
PHASE 3A,415,332800,332,1888.5254480030967,1169.7804020765782,2506.703368553389,488.87118541666706,512.0086466145835,110.95570199648893,0.3771428571428572,0.3814285714285715,0.0
PHASE 3A,416,333600,332,1888.5254480030967,1169.7804020765782,2506.703368553389,488.87118541666706,512.0086466145835,110.95570199648893,0.43714285714285717,0.42714285714285716,0.0
PHASE 3A,417,334400,332,1888.5254480030967,1169.7804020765782,2506.703368553389,488.87118541666706,512.0086466145835,110.95570199648893,0.4557142857142858,0.39571428571428574,0.0
PHASE 3A,418,335200,332,1888.5254480030967,1169.7804020765782,2506.703368553389,488.87118541666706,512.0086466145835,110.95570199648893,0.4385714285714286,0.3871428571428571,0.0
PHASE 3A,419,336000,336,1879.7971740497098,1169.7804020765782,2506.703368553389,487.08507500000036,509.1113583333336,110.45009258955531,0.0,0.0,0.0
PHASE 3A,420,336800,336,1879.7971740497096,1169.7804020765782,2506.703368553389,487.08507500000036,509.1113583333336,110.45009258955534,0.45857142857142863,0.4642857142857143,0.0
PHASE 3A,421,337600,336,1879.7971740497096,1169.7804020765782,2506.703368553389,487.08507500000036,509.1113583333336,110.45009258955534,0.4714285714285714,0.5371428571428571,0.0
PHASE 3A,422,338400,336,1879.7971740497096,1169.7804020765782,2506.703368553389,487.08507500000036,509.1113583333336,110.45009258955534,0.40857142857142864,0.49000000000000005,0.0
PHASE 3A,423,339200,336,1879.7971740497096,1169.7804020765782,2506.703368553389,487.08507500000036,509.1113583333336,110.45009258955534,0.34285714285714286,0.4142857142857143,0.0
PHASE 3A,424,340000,340,1867.7081577165472,1169.7804020765782,2506.703368553389,487.7360312500004,501.9237348958337,109.7560489463475,0.0,0.0,0.0
PHASE 3A,425,340800,340,1867.7081577165468,1169.7804020765782,2506.703368553389,487.7360312500003,501.9237348958336,109.7560489463475,0.49142857142857144,0.4742857142857143,0.0
PHASE 3A,426,341600,340,1867.7081577165468,1169.7804020765782,2506.703368553389,487.7360312500003,501.9237348958336,109.7560489463475,0.43,0.45,0.0
PHASE 3A,427,342400,340,1867.7081577165468,1169.7804020765782,2506.703368553389,487.7360312500003,501.9237348958336,109.7560489463475,0.4514285714285715,0.5228571428571429,0.0
PHASE 3A,428,343200,340,1867.7081577165468,1169.7804020765782,2506.703368553389,487.7360312500003,501.9237348958336,109.7560489463475,0.3685714285714286,0.4228571428571429,0.0
PHASE 3A,429,344000,344,1864.3662014963493,1169.7804020765782,2509.5791873924227,485.869254166667,502.0656057291669,109.55391770007263,0.0,0.0,0.0
PHASE 3A,430,344800,344,1864.3662014963495,1169.7804020765782,2509.5791873924227,485.869254166667,502.0656057291669,109.55391770007265,0.40428571428571425,0.4542857142857143,0.0
PHASE 3A,431,345600,344,1864.3662014963495,1169.7804020765782,2509.5791873924227,485.869254166667,502.0656057291669,109.55391770007265,0.4557142857142858,0.49000000000000005,0.0
PHASE 3A,432,346400,344,1864.3662014963495,1169.7804020765782,2509.5791873924227,485.869254166667,502.0656057291669,109.55391770007265,0.49857142857142855,0.48285714285714293,0.0
PHASE 3A,433,347200,344,1864.3662014963495,1169.7804020765782,2509.5791873924227,485.869254166667,502.0656057291669,109.55391770007265,0.4428571428571429,0.4514285714285714,0.0
PHASE 3A,434,348000,348,1865.7628005997256,1169.7804020765782,2509.5791873924227,483.7815114583337,504.3962437500003,109.69813067393223,0.0,0.0,0.0
PHASE 3A,435,348800,348,1865.7628005997256,1169.7804020765782,2509.5791873924227,483.7815114583337,504.39624375000034,109.69813067393223,0.4814285714285715,0.4142857142857143,0.0
PHASE 3A,436,349600,348,1865.7628005997256,1169.7804020765782,2509.5791873924227,483.7815114583337,504.39624375000034,109.69813067393223,0.32999999999999996,0.4685714285714285,0.0
PHASE 3A,437,350400,348,1865.7628005997256,1169.7804020765782,2509.5791873924227,483.7815114583337,504.39624375000034,109.69813067393223,0.42285714285714293,0.40428571428571425,0.0
PHASE 3A,438,351200,348,1865.7628005997256,1169.7804020765782,2509.5791873924227,483.7815114583337,504.39624375000034,109.69813067393223,0.3985714285714286,0.4842857142857143,0.0
PHASE 3A,439,352000,352,1868.895934747831,1169.7804020765782,2509.5791873924227,485.13449270833365,504.594970572917,109.8958089333309,0.0,0.0,0.0
PHASE 3A,440,352800,352,1868.8959347478312,1169.7804020765782,2509.5791873924227,485.13449270833365,504.59497057291696,109.89580893333088,0.4314285714285715,0.5128571428571428,0.0
PHASE 3A,441,353600,352,1868.8959347478312,1169.7804020765782,2509.5791873924227,485.13449270833365,504.59497057291696,109.89580893333088,0.4571428571428572,0.41571428571428576,0.0
PHASE 3A,442,354400,352,1868.8959347478312,1169.7804020765782,2509.5791873924227,485.13449270833365,504.59497057291696,109.89580893333088,0.4757142857142857,0.37714285714285717,0.0
PHASE 3A,443,355200,352,1868.8959347478312,1169.7804020765782,2509.5791873924227,485.13449270833365,504.59497057291696,109.89580893333088,0.4557142857142858,0.42857142857142866,0.0
PHASE 3A,444,356000,356,1875.325828543207,1169.7804020765782,2509.5791873924227,485.85034062500034,507.7241614583337,110.21891580749251,0.0,0.0,0.0
PHASE 3A,445,356800,356,1875.325828543207,1169.7804020765782,2509.5791873924227,485.85034062500034,507.7241614583335,110.21891580749251,0.39571428571428574,0.5442857142857143,0.0
PHASE 3A,446,357600,356,1875.325828543207,1169.7804020765782,2509.5791873924227,485.85034062500034,507.7241614583335,110.21891580749251,0.3242857142857143,0.4442857142857143,0.0
PHASE 3A,447,358400,356,1875.325828543207,1169.7804020765782,2509.5791873924227,485.85034062500034,507.7241614583335,110.21891580749251,0.39714285714285724,0.36,0.0
PHASE 3A,448,359200,356,1875.325828543207,1169.7804020765782,2509.5791873924227,485.85034062500034,507.7241614583335,110.21891580749251,0.4600000000000001,0.4757142857142857,0.0
PHASE 3A,449,360000,360,1884.37719068517,1169.7804020765782,2509.5791873924227,490.13985208333366,507.25356171875023,110.87297211039417,0.0,0.0,0.0
PHASE 3A,450,360800,360,1884.3771906851698,1169.7804020765782,2509.5791873924227,490.1398520833336,507.2535617187503,110.87297211039414,0.44857142857142857,0.4542857142857143,0.0
PHASE 3A,451,361600,360,1884.3771906851698,1169.7804020765782,2509.5791873924227,490.1398520833336,507.2535617187503,110.87297211039414,0.3242857142857143,0.3757142857142857,0.0
PHASE 3A,452,362400,360,1884.3771906851698,1169.7804020765782,2509.5791873924227,490.1398520833336,507.2535617187503,110.87297211039414,0.43285714285714283,0.37857142857142856,0.0
PHASE 3A,453,363200,360,1884.3771906851698,1169.7804020765782,2509.5791873924227,490.1398520833336,507.2535617187503,110.87297211039414,0.4371428571428571,0.46714285714285725,0.0
PHASE 3A,454,364000,364,1882.9923635693756,1169.7804020765782,2509.5791873924227,486.93520625000036,509.2186304687503,110.85481585633661,0.0,0.0,0.0
PHASE 3A,455,364800,364,1882.9923635693763,1169.7804020765782,2509.5791873924227,486.9352062500002,509.2186304687503,110.85481585633661,0.49142857142857144,0.4185714285714287,0.0
PHASE 3A,456,365600,364,1882.9923635693763,1169.7804020765782,2509.5791873924227,486.9352062500002,509.2186304687503,110.85481585633661,0.42428571428571427,0.46142857142857147,0.0
PHASE 3A,457,366400,364,1882.9923635693763,1169.7804020765782,2509.5791873924227,486.9352062500002,509.2186304687503,110.85481585633661,0.45999999999999996,0.47142857142857153,0.0
PHASE 3A,458,367200,364,1882.9923635693763,1169.7804020765782,2509.5791873924227,486.9352062500002,509.2186304687503,110.85481585633661,0.3728571428571429,0.5028571428571429,0.0
PHASE 3A,459,368000,368,1883.2196649524544,1169.7804020765782,2509.5791873924227,487.35349687500025,508.97040963541696,110.86196980526306,0.0,0.0,0.0
PHASE 3A,460,368800,368,1883.219664952454,1169.7804020765782,2509.5791873924227,487.35349687500036,508.9704096354169,110.86196980526306,0.41142857142857137,0.43428571428571433,0.0
PHASE 3A,461,369600,368,1883.219664952454,1169.7804020765782,2509.5791873924227,487.35349687500036,508.9704096354169,110.86196980526306,0.39571428571428574,0.4314285714285715,0.0
PHASE 3A,462,370400,368,1883.219664952454,1169.7804020765782,2509.5791873924227,487.35349687500036,508.9704096354169,110.86196980526306,0.4014285714285714,0.40428571428571425,0.0
PHASE 3A,463,371200,368,1883.219664952454,1169.7804020765782,2509.5791873924227,487.35349687500036,508.9704096354169,110.86196980526306,0.43428571428571433,0.42428571428571427,0.0
PHASE 3A,464,372000,372,1883.0153254351565,1169.7804020765782,2509.5791873924227,488.27387812500035,507.94656276041684,110.84936056872588,0.0,0.0,0.0
PHASE 3A,465,372800,372,1883.0153254351567,1169.7804020765782,2509.5791873924227,488.27387812500024,507.94656276041684,110.8493605687259,0.4071428571428572,0.4385714285714286,0.0
PHASE 3A,466,373600,372,1883.0153254351567,1169.7804020765782,2509.5791873924227,488.27387812500024,507.94656276041684,110.8493605687259,0.4314285714285714,0.42000000000000004,0.0
PHASE 3A,467,374400,372,1883.0153254351567,1169.7804020765782,2509.5791873924227,488.27387812500024,507.94656276041684,110.8493605687259,0.46142857142857147,0.46142857142857147,0.0
PHASE 3A,468,375200,372,1883.0153254351567,1169.7804020765782,2509.5791873924227,488.27387812500024,507.94656276041684,110.8493605687259,0.3985714285714287,0.4714285714285714,0.0
PHASE 3A,469,376000,376,1883.2923726614047,1169.7804020765782,2509.5791873924227,489.6664390625003,506.6582843750002,110.87095615299644,0.0,0.0,0.0
PHASE 3A,470,376800,376,1883.2923726614047,1169.7804020765782,2509.5791873924227,489.6664390625003,506.6582843750002,110.87095615299644,0.4514285714285714,0.4614285714285714,0.0
PHASE 3A,471,377600,376,1883.2923726614047,1169.7804020765782,2509.5791873924227,489.6664390625003,506.6582843750002,110.87095615299644,0.36000000000000004,0.49142857142857144,0.0
PHASE 3A,472,378400,376,1883.2923726614047,1169.7804020765782,2509.5791873924227,489.6664390625003,506.6582843750002,110.87095615299644,0.40857142857142853,0.46571428571428575,0.0
PHASE 3A,473,379200,376,1883.2923726614047,1169.7804020765782,2509.5791873924227,489.6664390625003,506.6582843750002,110.87095615299644,0.37,0.46571428571428575,0.0
PHASE 3A,474,380000,380,1894.2653922885104,1169.7804020765782,2509.5791873924227,494.6308046875003,508.0068450520836,111.4534678186243,0.0,0.0,0.0
PHASE 3A,475,380800,380,1894.2653922885106,1169.7804020765782,2509.5791873924227,494.6308046875003,508.0068450520837,111.4534678186243,0.4514285714285714,0.41000000000000003,0.0
PHASE 3A,476,381600,380,1894.2653922885106,1169.7804020765782,2509.5791873924227,494.6308046875003,508.0068450520837,111.4534678186243,0.3314285714285714,0.47285714285714286,0.0
PHASE 3A,477,382400,380,1894.2653922885106,1169.7804020765782,2509.5791873924227,494.6308046875003,508.0068450520837,111.4534678186243,0.3757142857142857,0.4757142857142858,0.0
PHASE 3A,478,383200,380,1894.2653922885106,1169.7804020765782,2509.5791873924227,494.6308046875003,508.0068450520837,111.4534678186243,0.4742857142857143,0.43428571428571416,0.0
PHASE 3A,479,384000,384,1899.3200551767645,1169.7804020765782,2509.5791873924227,494.016530729167,511.329585416667,111.74674237887486,0.0,0.0,0.0
PHASE 3A,480,384800,384,1899.3200551767648,1169.7804020765782,2509.5791873924227,494.0165307291671,511.329585416667,111.74674237887484,0.4314285714285714,0.4,0.0
PHASE 3A,481,385600,384,1899.3200551767648,1169.7804020765782,2509.5791873924227,494.0165307291671,511.329585416667,111.74674237887484,0.4128571428571428,0.5071428571428572,0.0
PHASE 3A,482,386400,384,1899.3200551767648,1169.7804020765782,2509.5791873924227,494.0165307291671,511.329585416667,111.74674237887484,0.33999999999999997,0.43571428571428567,0.0
PHASE 3A,483,387200,384,1899.3200551767648,1169.7804020765782,2509.5791873924227,494.0165307291671,511.329585416667,111.74674237887484,0.4,0.48571428571428577,0.0
PHASE 3A,484,388000,388,1903.639925411952,1169.7804020765782,2509.5791873924227,496.132613541667,511.1619500000003,112.0431702337941,0.0,0.0,0.0
PHASE 3A,485,388800,388,1903.6399254119513,1169.7804020765782,2509.5791873924227,496.132613541667,511.1619500000003,112.0431702337941,0.3885714285714286,0.4771428571428572,0.0
PHASE 3A,486,389600,388,1903.6399254119513,1169.7804020765782,2509.5791873924227,496.132613541667,511.1619500000003,112.0431702337941,0.40714285714285714,0.3514285714285714,0.0
PHASE 3A,487,390400,388,1903.6399254119513,1169.7804020765782,2509.5791873924227,496.132613541667,511.1619500000003,112.0431702337941,0.42857142857142855,0.4800000000000001,0.0
PHASE 3A,488,391200,388,1903.6399254119513,1169.7804020765782,2509.5791873924227,496.132613541667,511.1619500000003,112.0431702337941,0.42428571428571427,0.42857142857142855,0.0
PHASE 3A,489,392000,392,1909.4094248325866,1169.7804020765782,2509.5791873924227,499.26906979166694,510.37264713541697,112.47096348819645,0.0,0.0,0.0
PHASE 3A,490,392800,392,1909.4094248325869,1169.7804020765782,2509.5791873924227,499.26906979166694,510.3726471354169,112.47096348819646,0.41000000000000003,0.47000000000000003,0.0
PHASE 3A,491,393600,392,1909.4094248325869,1169.7804020765782,2509.5791873924227,499.26906979166694,510.3726471354169,112.47096348819646,0.37142857142857144,0.4842857142857143,0.0
PHASE 3A,492,394400,392,1909.4094248325869,1169.7804020765782,2509.5791873924227,499.26906979166694,510.3726471354169,112.47096348819646,0.53,0.4685714285714286,0.0
PHASE 3A,493,395200,392,1909.4094248325869,1169.7804020765782,2509.5791873924227,499.26906979166694,510.3726471354169,112.47096348819646,0.4842857142857143,0.44571428571428573,0.0
PHASE 3A,494,396000,396,1915.179763626673,1169.7804020765782,2602.9719896264824,501.974126041667,510.76705963541696,112.8048222437072,0.0,0.0,0.0
PHASE 3A,495,396800,396,1915.1797636266729,1169.7804020765782,2602.9719896264824,501.974126041667,510.76705963541696,112.8048222437072,0.4114285714285715,0.4357142857142858,0.0
PHASE 3A,496,397600,396,1915.1797636266729,1169.7804020765782,2602.9719896264824,501.974126041667,510.76705963541696,112.8048222437072,0.38428571428571434,0.4642857142857143,0.0
PHASE 3A,497,398400,396,1915.1797636266729,1169.7804020765782,2602.9719896264824,501.974126041667,510.76705963541696,112.8048222437072,0.39714285714285713,0.4671428571428572,0.0
PHASE 3A,498,399200,396,1915.1797636266729,1169.7804020765782,2602.9719896264824,501.974126041667,510.76705963541696,112.8048222437072,0.3828571428571429,0.52,0.0
PHASE 3A,499,400000,400,1908.4355634341887,1169.7804020765782,2602.9719896264824,501.8661604166669,506.64462109375035,112.49059774048011,0.0,0.0,0.0
PHASE 3B,0,800,0,,,,,,,0.36,0.4271428571428572,0.0
PHASE 3B,1,1600,0,,,,,,,0.4685714285714286,0.46142857142857147,0.0
PHASE 3B,2,2400,0,,,,,,,0.43428571428571433,0.48,0.0
PHASE 3B,3,3200,0,,,,,,,0.4257142857142857,0.42142857142857143,0.0
PHASE 3B,4,4000,4,1669.5548793678586,1090.2035474118,2066.3552919107224,480.09333333333376,388.9137500000005,100.06847450431967,0.0,0.0,0.0
PHASE 3B,5,4800,4,1669.5548793678586,1090.2035474118,2066.3552919107224,480.09333333333376,388.9137500000005,100.06847450431967,0.3685714285714286,0.4128571428571429,0.0
PHASE 3B,6,5600,4,1669.5548793678586,1090.2035474118,2066.3552919107224,480.09333333333376,388.9137500000005,100.06847450431967,0.39142857142857146,0.45999999999999996,0.0
PHASE 3B,7,6400,4,1669.5548793678586,1090.2035474118,2066.3552919107224,480.09333333333376,388.9137500000005,100.06847450431967,0.36571428571428577,0.41142857142857137,0.0
PHASE 3B,8,7200,4,1669.5548793678586,1090.2035474118,2066.3552919107224,480.09333333333376,388.9137500000005,100.06847450431967,0.3728571428571429,0.46142857142857147,0.0
PHASE 3B,9,8000,8,1894.9088631419843,1090.2035474118,2454.8874360539594,506.0666927083337,485.85713541666706,112.87312937713017,0.0,0.0,0.0
PHASE 3B,10,8800,8,1894.9088631419843,1090.2035474118,2454.8874360539594,506.0666927083337,485.85713541666706,112.87312937713017,0.48999999999999994,0.39571428571428574,0.0
PHASE 3B,11,9600,8,1894.9088631419843,1090.2035474118,2454.8874360539594,506.0666927083337,485.85713541666706,112.87312937713017,0.4557142857142858,0.3985714285714286,0.0
PHASE 3B,12,10400,8,1894.9088631419843,1090.2035474118,2454.8874360539594,506.0666927083337,485.85713541666706,112.87312937713017,0.35714285714285715,0.40857142857142864,0.0
PHASE 3B,13,11200,8,1894.9088631419843,1090.2035474118,2454.8874360539594,506.0666927083337,485.85713541666706,112.87312937713017,0.3628571428571429,0.49000000000000005,0.0
PHASE 3B,14,12000,12,1989.832180337481,1090.2035474118,2454.8874360539594,525.8700195312504,519.385633680556,118.072065890717,0.0,0.0,0.0
PHASE 3B,15,12800,12,1989.8321803374804,1090.2035474118,2454.8874360539594,525.8700195312503,519.385633680556,118.072065890717,0.40714285714285714,0.42857142857142855,0.0
PHASE 3B,16,13600,12,1989.8321803374804,1090.2035474118,2454.8874360539594,525.8700195312503,519.385633680556,118.072065890717,0.4185714285714286,0.35571428571428576,0.0
PHASE 3B,17,14400,12,1989.8321803374804,1090.2035474118,2454.8874360539594,525.8700195312503,519.385633680556,118.072065890717,0.3942857142857143,0.4342857142857143,0.0
PHASE 3B,18,15200,12,1989.8321803374804,1090.2035474118,2454.8874360539594,525.8700195312503,519.385633680556,118.072065890717,0.3828571428571429,0.44857142857142857,0.0
PHASE 3B,19,16000,16,2038.0377236063332,1090.2035474118,2490.0042001740762,528.2004378255212,545.8579036458337,120.49742276688025,0.0,0.0,0.0
PHASE 3B,20,16800,16,2038.0377236063332,1090.2035474118,2490.0042001740762,528.2004378255212,545.8579036458337,120.49742276688026,0.34428571428571425,0.4671428571428572,0.0
PHASE 3B,21,17600,16,2038.0377236063332,1090.2035474118,2490.0042001740762,528.2004378255212,545.8579036458337,120.49742276688026,0.4514285714285715,0.37142857142857144,0.0
PHASE 3B,22,18400,16,2038.0377236063332,1090.2035474118,2490.0042001740762,528.2004378255212,545.8579036458337,120.49742276688026,0.3385714285714286,0.42428571428571427,0.0
PHASE 3B,23,19200,16,2038.0377236063332,1090.2035474118,2490.0042001740762,528.2004378255212,545.8579036458337,120.49742276688026,0.47000000000000003,0.4928571428571429,0.0
PHASE 3B,24,20000,20,2050.40407864813,1090.2035474118,2490.0042001740762,520.716819010417,562.8683906250002,120.8523586265972,0.0,0.0,0.0
PHASE 3B,25,20800,20,2050.40407864813,1090.2035474118,2490.0042001740762,520.7168190104171,562.8683906250003,120.8523586265972,0.5471428571428573,0.4442857142857143,0.0
PHASE 3B,26,21600,20,2050.40407864813,1090.2035474118,2490.0042001740762,520.7168190104171,562.8683906250003,120.8523586265972,0.4342857142857143,0.4428571428571429,0.0
PHASE 3B,27,22400,20,2050.40407864813,1090.2035474118,2490.0042001740762,520.7168190104171,562.8683906250003,120.8523586265972,0.4685714285714286,0.4685714285714285,0.0
PHASE 3B,28,23200,20,2050.40407864813,1090.2035474118,2490.0042001740762,520.7168190104171,562.8683906250003,120.8523586265972,0.5342857142857144,0.43000000000000005,0.0
PHASE 3B,29,24000,24,2064.3734526199028,1090.2035474118,2576.6488855100088,538.3676182725698,554.075108506945,121.491340730057,0.0,0.0,0.0
PHASE 3B,30,24800,24,2064.3734526199028,1090.2035474118,2576.6488855100088,538.3676182725698,554.075108506945,121.491340730057,0.472857142857143,0.35714285714285715,0.0
PHASE 3B,31,25600,24,2064.3734526199028,1090.2035474118,2576.6488855100088,538.3676182725698,554.075108506945,121.491340730057,0.3728571428571429,0.41000000000000003,0.0
PHASE 3B,32,26400,24,2064.3734526199028,1090.2035474118,2576.6488855100088,538.3676182725698,554.075108506945,121.491340730057,0.4128571428571429,0.3257142857142858,0.0
PHASE 3B,33,27200,24,2064.3734526199028,1090.2035474118,2576.6488855100088,538.3676182725698,554.075108506945,121.491340730057,0.43000000000000005,0.4057142857142857,0.0
PHASE 3B,34,28000,28,2059.100568901237,1090.2035474118,2576.6488855100088,544.2789853050598,548.4303869047623,120.79889958643535,0.0,0.0,0.0
PHASE 3B,35,28800,28,2059.100568901237,1090.2035474118,2576.6488855100088,544.2789853050598,548.4303869047623,120.79889958643535,0.5657142857142856,0.4628571428571429,0.0
PHASE 3B,36,29600,28,2059.100568901237,1090.2035474118,2576.6488855100088,544.2789853050598,548.4303869047623,120.79889958643535,0.4314285714285714,0.45000000000000007,0.0
PHASE 3B,37,30400,28,2059.100568901237,1090.2035474118,2576.6488855100088,544.2789853050598,548.4303869047623,120.79889958643535,0.3957142857142858,0.38571428571428573,0.0
PHASE 3B,38,31200,28,2059.100568901237,1090.2035474118,2576.6488855100088,544.2789853050598,548.4303869047623,120.79889958643535,0.33,0.4585714285714285,0.0
PHASE 3B,39,32000,32,2078.9075062510874,1090.2035474118,2576.6488855100088,545.6460262044274,556.9951562500005,122.03329047459107,0.0,0.0,0.0
PHASE 3B,40,32800,32,2078.9075062510874,1090.2035474118,2576.6488855100088,545.6460262044275,556.9951562500005,122.03329047459107,0.33428571428571435,0.38857142857142857,0.0
PHASE 3B,41,33600,32,2078.9075062510874,1090.2035474118,2576.6488855100088,545.6460262044275,556.9951562500005,122.03329047459107,0.4314285714285714,0.5185714285714286,0.0
PHASE 3B,42,34400,32,2078.9075062510874,1090.2035474118,2576.6488855100088,545.6460262044275,556.9951562500005,122.03329047459107,0.3685714285714286,0.4814285714285715,0.0
PHASE 3B,43,35200,32,2078.9075062510874,1090.2035474118,2576.6488855100088,545.6460262044275,556.9951562500005,122.03329047459107,0.38428571428571423,0.44571428571428584,0.0
PHASE 3B,44,36000,36,2099.912707161375,1090.2035474118,2576.6488855100088,551.6545876736116,562.772870370371,123.18565613968288,0.0,0.0,0.0
PHASE 3B,45,36800,36,2099.9127071613752,1090.2035474118,2576.6488855100088,551.6545876736114,562.7728703703708,123.18565613968288,0.3942857142857143,0.4228571428571429,0.0
PHASE 3B,46,37600,36,2099.9127071613752,1090.2035474118,2576.6488855100088,551.6545876736114,562.7728703703708,123.18565613968288,0.4271428571428572,0.43285714285714294,0.0
PHASE 3B,47,38400,36,2099.9127071613752,1090.2035474118,2576.6488855100088,551.6545876736114,562.7728703703708,123.18565613968288,0.44857142857142857,0.4257142857142857,0.0
PHASE 3B,48,39200,36,2099.9127071613752,1090.2035474118,2576.6488855100088,551.6545876736114,562.7728703703708,123.18565613968288,0.4771428571428572,0.49857142857142855,0.0
PHASE 3B,49,40000,40,2098.102068934065,1090.2035474118,2576.6488855100088,548.6931601562504,564.3842395833337,123.12808364931884,0.0,0.0,0.0
PHASE 3B,50,40800,40,2098.102068934065,1090.2035474118,2576.6488855100088,548.6931601562504,564.3842395833337,123.12808364931882,0.40428571428571436,0.57,0.0
PHASE 3B,51,41600,40,2098.102068934065,1090.2035474118,2576.6488855100088,548.6931601562504,564.3842395833337,123.12808364931882,0.48571428571428577,0.3785714285714286,0.0
PHASE 3B,52,42400,40,2098.102068934065,1090.2035474118,2576.6488855100088,548.6931601562504,564.3842395833337,123.12808364931882,0.47857142857142854,0.5357142857142858,0.0
PHASE 3B,53,43200,40,2098.102068934065,1090.2035474118,2576.6488855100088,548.6931601562504,564.3842395833337,123.12808364931882,0.3857142857142858,0.38428571428571423,0.0
PHASE 3B,54,44000,44,2105.5073785550408,1090.2035474118,2576.6488855100088,551.6724307528413,566.1959351325763,123.45487658371184,0.0,0.0,0.0
PHASE 3B,55,44800,44,2105.507378555041,1090.2035474118,2576.6488855100088,551.6724307528413,566.1959351325762,123.45487658371185,0.4757142857142858,0.37,0.0
PHASE 3B,56,45600,44,2105.507378555041,1090.2035474118,2576.6488855100088,551.6724307528413,566.1959351325762,123.45487658371185,0.49857142857142867,0.4057142857142858,0.0
PHASE 3B,57,46400,44,2105.507378555041,1090.2035474118,2576.6488855100088,551.6724307528413,566.1959351325762,123.45487658371185,0.4071428571428572,0.38571428571428573,0.0
PHASE 3B,58,47200,44,2105.507378555041,1090.2035474118,2576.6488855100088,551.6724307528413,566.1959351325762,123.45487658371185,0.4357142857142858,0.4957142857142857,0.0
PHASE 3B,59,48000,48,2085.897920296251,1090.2035474118,2576.6488855100088,548.2647281901045,560.5366221788199,122.13707124092457,0.0,0.0,0.0
PHASE 3B,60,48800,48,2085.897920296251,1090.2035474118,2576.6488855100088,548.2647281901045,560.5366221788199,122.13707124092457,0.5014285714285714,0.38285714285714284,0.0
PHASE 3B,61,49600,48,2085.897920296251,1090.2035474118,2576.6488855100088,548.2647281901045,560.5366221788199,122.13707124092457,0.40857142857142853,0.42714285714285716,0.0
PHASE 3B,62,50400,48,2085.897920296251,1090.2035474118,2576.6488855100088,548.2647281901045,560.5366221788199,122.13707124092457,0.35428571428571437,0.5599999999999999,0.0
PHASE 3B,63,51200,48,2085.897920296251,1090.2035474118,2576.6488855100088,548.2647281901045,560.5366221788199,122.13707124092457,0.48571428571428577,0.4614285714285714,0.0
PHASE 3B,64,52000,52,2090.6120875569654,1090.2035474118,2576.6488855100088,551.0904762620196,559.4118619791672,122.51371866448133,0.0,0.0,0.0
PHASE 3B,65,52800,52,2090.6120875569654,1090.2035474118,2576.6488855100088,551.0904762620196,559.4118619791672,122.51371866448133,0.3971428571428572,0.44571428571428573,0.0
PHASE 3B,66,53600,52,2090.6120875569654,1090.2035474118,2576.6488855100088,551.0904762620196,559.4118619791672,122.51371866448133,0.4600000000000001,0.49142857142857144,0.0
PHASE 3B,67,54400,52,2090.6120875569654,1090.2035474118,2576.6488855100088,551.0904762620196,559.4118619791672,122.51371866448133,0.40428571428571436,0.4642857142857143,0.0
PHASE 3B,68,55200,52,2090.6120875569654,1090.2035474118,2576.6488855100088,551.0904762620196,559.4118619791672,122.51371866448133,0.36999999999999994,0.39571428571428574,0.0
PHASE 3B,69,56000,56,2084.8408944352914,1090.2035474118,2576.6488855100088,549.3463741629467,557.1298725818457,122.29558096132135,0.0,0.0,0.0
PHASE 3B,70,56800,56,2084.8408944352914,1090.2035474118,2576.6488855100088,549.3463741629467,557.1298725818457,122.29558096132135,0.4257142857142858,0.4314285714285715,0.0
PHASE 3B,71,57600,56,2084.8408944352914,1090.2035474118,2576.6488855100088,549.3463741629467,557.1298725818457,122.29558096132135,0.36000000000000004,0.29714285714285715,0.0
PHASE 3B,72,58400,56,2084.8408944352914,1090.2035474118,2576.6488855100088,549.3463741629467,557.1298725818457,122.29558096132135,0.46142857142857147,0.37142857142857144,0.0
PHASE 3B,73,59200,56,2084.8408944352914,1090.2035474118,2576.6488855100088,549.3463741629467,557.1298725818457,122.29558096132135,0.4542857142857143,0.3942857142857143,0.0
PHASE 3B,74,60000,60,2080.7148473237507,1090.2035474118,2576.6488855100088,548.4694110243058,555.4797717013894,122.09570807476591,0.0,0.0,0.0
PHASE 3B,75,60800,60,2080.7148473237507,1090.2035474118,2576.6488855100088,548.4694110243058,555.4797717013894,122.09570807476592,0.4385714285714286,0.4514285714285714,0.0
PHASE 3B,76,61600,60,2080.7148473237507,1090.2035474118,2576.6488855100088,548.4694110243058,555.4797717013894,122.09570807476592,0.31428571428571433,0.4757142857142858,0.0
PHASE 3B,77,62400,60,2080.7148473237507,1090.2035474118,2576.6488855100088,548.4694110243058,555.4797717013894,122.09570807476592,0.45999999999999996,0.3828571428571429,0.0
PHASE 3B,78,63200,60,2080.7148473237507,1090.2035474118,2576.6488855100088,548.4694110243058,555.4797717013894,122.09570807476592,0.4028571428571429,0.4142857142857143,0.0
PHASE 3B,79,64000,64,2077.428990469825,1090.2035474118,2576.6488855100088,543.3132092285159,557.7131705729171,122.05032633355795,0.0,0.0,0.0
PHASE 3B,80,64800,64,2077.428990469825,1090.2035474118,2576.6488855100088,543.3132092285159,557.7131705729171,122.05032633355795,0.43428571428571433,0.4385714285714286,0.0
PHASE 3B,81,65600,64,2077.428990469825,1090.2035474118,2576.6488855100088,543.3132092285159,557.7131705729171,122.05032633355795,0.4014285714285714,0.4771428571428572,0.0
PHASE 3B,82,66400,64,2077.428990469825,1090.2035474118,2576.6488855100088,543.3132092285159,557.7131705729171,122.05032633355795,0.48285714285714293,0.4885714285714286,0.0
PHASE 3B,83,67200,64,2077.428990469825,1090.2035474118,2576.6488855100088,543.3132092285159,557.7131705729171,122.05032633355795,0.30714285714285716,0.5014285714285714,0.0
PHASE 3B,84,68000,68,2091.3527523907933,1090.2035474118,2615.30714023014,548.1986194087012,561.0427558210788,122.76392214513555,0.0,0.0,0.0
PHASE 3B,85,68800,68,2091.352752390793,1090.2035474118,2615.30714023014,548.1986194087012,561.0427558210789,122.76392214513555,0.37714285714285717,0.4757142857142858,0.0
PHASE 3B,86,69600,68,2091.352752390793,1090.2035474118,2615.30714023014,548.1986194087012,561.0427558210789,122.76392214513555,0.4557142857142857,0.41000000000000014,0.0
PHASE 3B,87,70400,68,2091.352752390793,1090.2035474118,2615.30714023014,548.1986194087012,561.0427558210789,122.76392214513555,0.39,0.4514285714285714,0.0
PHASE 3B,88,71200,68,2091.352752390793,1090.2035474118,2615.30714023014,548.1986194087012,561.0427558210789,122.76392214513555,0.4128571428571429,0.4471428571428572,0.0
PHASE 3B,89,72000,72,2084.2537872889134,1090.2035474118,2615.30714023014,547.1148506221068,558.5336328125004,122.3256629817974,0.0,0.0,0.0
PHASE 3B,90,72800,72,2084.2537872889134,1090.2035474118,2615.30714023014,547.1148506221068,558.5336328125004,122.32566298179742,0.45999999999999996,0.36142857142857143,0.0
PHASE 3B,91,73600,72,2084.2537872889134,1090.2035474118,2615.30714023014,547.1148506221068,558.5336328125004,122.32566298179742,0.4385714285714286,0.4442857142857144,0.0
PHASE 3B,92,74400,72,2084.2537872889134,1090.2035474118,2615.30714023014,547.1148506221068,558.5336328125004,122.32566298179742,0.35285714285714287,0.40285714285714286,0.0
PHASE 3B,93,75200,72,2084.2537872889134,1090.2035474118,2615.30714023014,547.1148506221068,558.5336328125004,122.32566298179742,0.4800000000000001,0.5228571428571429,0.0
PHASE 3B,94,76000,76,2087.2709900267632,1090.2035474118,2615.30714023014,549.1602408854169,558.0402316337724,122.50881468845587,0.0,0.0,0.0
PHASE 3B,95,76800,76,2087.2709900267632,1090.2035474118,2615.30714023014,549.160240885417,558.0402316337722,122.50881468845584,0.35571428571428576,0.44000000000000006,0.0
PHASE 3B,96,77600,76,2087.2709900267632,1090.2035474118,2615.30714023014,549.160240885417,558.0402316337722,122.50881468845584,0.36142857142857143,0.5071428571428571,0.0
PHASE 3B,97,78400,76,2087.2709900267632,1090.2035474118,2615.30714023014,549.160240885417,558.0402316337722,122.50881468845584,0.4385714285714286,0.36714285714285716,0.0
PHASE 3B,98,79200,76,2087.2709900267632,1090.2035474118,2615.30714023014,549.160240885417,558.0402316337722,122.50881468845584,0.3885714285714285,0.41,0.0
PHASE 3B,99,80000,80,2080.5853908527492,1090.2035474118,2615.30714023014,546.0320390625004,557.0513880208338,122.18774547118603,0.0,0.0,0.0
PHASE 3B,100,80800,80,2080.5853908527492,1090.2035474118,2615.30714023014,546.0320390625004,557.0513880208337,122.187745471186,0.4128571428571428,0.46142857142857147,0.0
PHASE 3B,101,81600,80,2080.5853908527492,1090.2035474118,2615.30714023014,546.0320390625004,557.0513880208337,122.187745471186,0.37142857142857144,0.4557142857142858,0.0
PHASE 3B,102,82400,80,2080.5853908527492,1090.2035474118,2615.30714023014,546.0320390625004,557.0513880208337,122.187745471186,0.39428571428571435,0.4814285714285715,0.0
PHASE 3B,103,83200,80,2080.5853908527492,1090.2035474118,2615.30714023014,546.0320390625004,557.0513880208337,122.187745471186,0.42142857142857143,0.52,0.0
PHASE 3B,104,84000,84,2096.508326381454,1090.2035474118,2615.30714023014,548.3372991071432,564.3988448660718,122.97152280103901,0.0,0.0,0.0
PHASE 3B,105,84800,84,2096.5083263814545,1090.2035474118,2615.30714023014,548.3372991071432,564.3988448660717,122.97152280103901,0.42142857142857143,0.48571428571428577,0.0
PHASE 3B,106,85600,84,2096.5083263814545,1090.2035474118,2615.30714023014,548.3372991071432,564.3988448660717,122.97152280103901,0.4385714285714286,0.43714285714285717,0.0
PHASE 3B,107,86400,84,2096.5083263814545,1090.2035474118,2615.30714023014,548.3372991071432,564.3988448660717,122.97152280103901,0.40428571428571425,0.43285714285714294,0.0
PHASE 3B,108,87200,84,2096.5083263814545,1090.2035474118,2615.30714023014,548.3372991071432,564.3988448660717,122.97152280103901,0.38428571428571434,0.43714285714285717,0.0
PHASE 3B,109,88000,88,2100.6145983283636,1090.2035474118,2615.30714023014,550.2838695549245,564.087603574811,123.28039064983767,0.0,0.0,0.0
PHASE 3B,110,88800,88,2100.614598328364,1090.2035474118,2615.30714023014,550.2838695549245,564.087603574811,123.28039064983767,0.5142857142857143,0.5,0.0
PHASE 3B,111,89600,88,2100.614598328364,1090.2035474118,2615.30714023014,550.2838695549245,564.087603574811,123.28039064983767,0.43000000000000005,0.4642857142857143,0.0
PHASE 3B,112,90400,88,2100.614598328364,1090.2035474118,2615.30714023014,550.2838695549245,564.087603574811,123.28039064983767,0.42000000000000004,0.46571428571428575,0.0
PHASE 3B,113,91200,88,2100.614598328364,1090.2035474118,2615.30714023014,550.2838695549245,564.087603574811,123.28039064983767,0.34714285714285714,0.4128571428571429,0.0
PHASE 3B,114,92000,92,2105.895672221348,1090.2035474118,2615.30714023014,549.4344437839677,567.7586430027178,123.58782317934195,0.0,0.0,0.0
PHASE 3B,115,92800,92,2105.895672221348,1090.2035474118,2615.30714023014,549.4344437839678,567.7586430027179,123.58782317934195,0.3928571428571429,0.5014285714285714,0.0
PHASE 3B,116,93600,92,2105.895672221348,1090.2035474118,2615.30714023014,549.4344437839678,567.7586430027179,123.58782317934195,0.4842857142857143,0.44000000000000006,0.0
PHASE 3B,117,94400,92,2105.895672221348,1090.2035474118,2615.30714023014,549.4344437839678,567.7586430027179,123.58782317934195,0.4185714285714286,0.41571428571428576,0.0
PHASE 3B,118,95200,92,2105.895672221348,1090.2035474118,2615.30714023014,549.4344437839678,567.7586430027179,123.58782317934195,0.4885714285714286,0.46571428571428564,0.0
PHASE 3B,119,96000,96,2106.9154941919187,1090.2035474118,2615.30714023014,548.1988731553823,569.4825233289935,123.65426221345201,0.0,0.0,0.0
PHASE 3B,120,96800,96,2106.9154941919187,1090.2035474118,2615.30714023014,548.1988731553823,569.4825233289935,123.65426221345204,0.4057142857142857,0.4257142857142857,0.0
PHASE 3B,121,97600,96,2106.9154941919187,1090.2035474118,2615.30714023014,548.1988731553823,569.4825233289935,123.65426221345204,0.44714285714285723,0.44714285714285706,0.0
PHASE 3B,122,98400,96,2106.9154941919187,1090.2035474118,2615.30714023014,548.1988731553823,569.4825233289935,123.65426221345204,0.4514285714285714,0.45999999999999996,0.0
PHASE 3B,123,99200,96,2106.9154941919187,1090.2035474118,2615.30714023014,548.1988731553823,569.4825233289935,123.65426221345204,0.45,0.4771428571428572,0.0
PHASE 3B,124,100000,100,2112.9586862178085,1090.2035474118,2615.30714023014,549.1782140625004,571.938149479167,123.98029033452693,0.0,0.0,0.0
PHASE 3B,125,100800,100,2112.9586862178094,1090.2035474118,2615.30714023014,549.1782140625004,571.9381494791671,123.98029033452693,0.49857142857142855,0.4671428571428571,0.0
PHASE 3B,126,101600,100,2112.9586862178094,1090.2035474118,2615.30714023014,549.1782140625004,571.9381494791671,123.98029033452693,0.41142857142857137,0.53,0.0
PHASE 3B,127,102400,100,2112.9586862178094,1090.2035474118,2615.30714023014,549.1782140625004,571.9381494791671,123.98029033452693,0.3942857142857143,0.48142857142857143,0.0
PHASE 3B,128,103200,100,2112.9586862178094,1090.2035474118,2615.30714023014,549.1782140625004,571.9381494791671,123.98029033452693,0.38000000000000006,0.5185714285714285,0.0
PHASE 3B,129,104000,104,2144.135269864607,1426.3235907365258,2985.8385357722127,556.7900098958337,582.2617755208337,125.6354355560018,0.0,0.0,0.0
PHASE 3B,130,104800,104,2144.1352698646065,1426.3235907365258,2985.8385357722127,556.7900098958336,582.2617755208337,125.6354355560018,0.4714285714285714,0.42857142857142855,0.0
PHASE 3B,131,105600,104,2144.1352698646065,1426.3235907365258,2985.8385357722127,556.7900098958336,582.2617755208337,125.6354355560018,0.4257142857142857,0.4514285714285714,0.0
PHASE 3B,132,106400,104,2144.1352698646065,1426.3235907365258,2985.8385357722127,556.7900098958336,582.2617755208337,125.6354355560018,0.4385714285714286,0.4714285714285714,0.0
PHASE 3B,133,107200,104,2144.1352698646065,1426.3235907365258,2985.8385357722127,556.7900098958336,582.2617755208337,125.6354355560018,0.34571428571428575,0.4628571428571429,0.0
PHASE 3B,134,108000,108,2144.9077866902203,1426.3235907365258,2985.8385357722127,556.9462348958335,582.877602604167,125.63549364878683,0.0,0.0,0.0
PHASE 3B,135,108800,108,2144.9077866902207,1426.3235907365258,2985.8385357722127,556.9462348958335,582.877602604167,125.63549364878685,0.4828571428571428,0.42000000000000004,0.0
PHASE 3B,136,109600,108,2144.9077866902207,1426.3235907365258,2985.8385357722127,556.9462348958335,582.877602604167,125.63549364878685,0.49857142857142855,0.49571428571428583,0.0
PHASE 3B,137,110400,108,2144.9077866902207,1426.3235907365258,2985.8385357722127,556.9462348958335,582.877602604167,125.63549364878685,0.39571428571428574,0.3814285714285715,0.0
PHASE 3B,138,111200,108,2144.9077866902207,1426.3235907365258,2985.8385357722127,556.9462348958335,582.877602604167,125.63549364878685,0.45,0.4557142857142857,0.0
PHASE 3B,139,112000,112,2133.282074456009,1426.3235907365258,2985.8385357722127,553.3883898437502,579.4747328125003,125.0523689749792,0.0,0.0,0.0
PHASE 3B,140,112800,112,2133.282074456009,1426.3235907365258,2985.8385357722127,553.3883898437504,579.4747328125003,125.05236897497917,0.5000000000000001,0.4814285714285715,0.0
PHASE 3B,141,113600,112,2133.282074456009,1426.3235907365258,2985.8385357722127,553.3883898437504,579.4747328125003,125.05236897497917,0.3928571428571429,0.40714285714285714,0.0
PHASE 3B,142,114400,112,2133.282074456009,1426.3235907365258,2985.8385357722127,553.3883898437504,579.4747328125003,125.05236897497917,0.3114285714285715,0.47857142857142854,0.0
PHASE 3B,143,115200,112,2133.282074456009,1426.3235907365258,2985.8385357722127,553.3883898437504,579.4747328125003,125.05236897497917,0.4800000000000001,0.4914285714285714,0.0
PHASE 3B,144,116000,116,2130.7201783332603,1426.3235907365258,2985.8385357722127,552.5952419270837,578.026856510417,125.01225998697937,0.0,0.0,0.0
PHASE 3B,145,116800,116,2130.72017833326,1426.3235907365258,2985.8385357722127,552.5952419270837,578.026856510417,125.01225998697939,0.43285714285714294,0.4700000000000001,0.0
PHASE 3B,146,117600,116,2130.72017833326,1426.3235907365258,2985.8385357722127,552.5952419270837,578.026856510417,125.01225998697939,0.42142857142857154,0.4871428571428572,0.0
PHASE 3B,147,118400,116,2130.72017833326,1426.3235907365258,2985.8385357722127,552.5952419270837,578.026856510417,125.01225998697939,0.4642857142857143,0.4442857142857143,0.0
PHASE 3B,148,119200,116,2130.72017833326,1426.3235907365258,2985.8385357722127,552.5952419270837,578.026856510417,125.01225998697939,0.3942857142857143,0.45857142857142863,0.0
PHASE 3B,149,120000,120,2123.718448560261,1346.275926045778,2985.8385357722127,552.389570572917,572.7556406250003,124.82165467030241,0.0,0.0,0.0
PHASE 3B,150,120800,120,2123.718448560261,1346.275926045778,2985.8385357722127,552.389570572917,572.7556406250004,124.8216546703024,0.4385714285714286,0.4585714285714285,0.0
PHASE 3B,151,121600,120,2123.718448560261,1346.275926045778,2985.8385357722127,552.389570572917,572.7556406250004,124.8216546703024,0.4271428571428572,0.44000000000000006,0.0
PHASE 3B,152,122400,120,2123.718448560261,1346.275926045778,2985.8385357722127,552.389570572917,572.7556406250004,124.8216546703024,0.44571428571428573,0.4457142857142856,0.0
PHASE 3B,153,123200,120,2123.718448560261,1346.275926045778,2985.8385357722127,552.389570572917,572.7556406250004,124.8216546703024,0.37,0.4,0.0
PHASE 3B,154,124000,124,2120.88431742562,1346.275926045778,2985.8385357722127,546.719951822917,576.1817656250004,124.74782499722227,0.0,0.0,0.0
PHASE 3B,155,124800,124,2120.88431742562,1346.275926045778,2985.8385357722127,546.7199518229171,576.1817656250004,124.74782499722227,0.42000000000000004,0.3542857142857143,0.0
PHASE 3B,156,125600,124,2120.88431742562,1346.275926045778,2985.8385357722127,546.7199518229171,576.1817656250004,124.74782499722227,0.4057142857142858,0.5557142857142857,0.0
PHASE 3B,157,126400,124,2120.88431742562,1346.275926045778,2985.8385357722127,546.7199518229171,576.1817656250004,124.74782499722227,0.38285714285714284,0.40285714285714286,0.0
PHASE 3B,158,127200,124,2120.88431742562,1346.275926045778,2985.8385357722127,546.7199518229171,576.1817656250004,124.74782499722227,0.38857142857142857,0.4771428571428572,0.0
PHASE 3B,159,128000,128,2121.9092044571107,1346.275926045778,2985.8385357722127,544.9245164062503,577.2625239583336,124.9652705115754,0.0,0.0,0.0
PHASE 3B,160,128800,128,2121.9092044571107,1346.275926045778,2985.8385357722127,544.9245164062502,577.2625239583338,124.96527051157538,0.44857142857142857,0.44142857142857145,0.0
PHASE 3B,161,129600,128,2121.9092044571107,1346.275926045778,2985.8385357722127,544.9245164062502,577.2625239583338,124.96527051157538,0.47285714285714286,0.46571428571428586,0.0
PHASE 3B,162,130400,128,2121.9092044571107,1346.275926045778,2985.8385357722127,544.9245164062502,577.2625239583338,124.96527051157538,0.44000000000000006,0.47857142857142854,0.0
PHASE 3B,163,131200,128,2121.9092044571107,1346.275926045778,2985.8385357722127,544.9245164062502,577.2625239583338,124.96527051157538,0.45,0.4342857142857143,0.0
PHASE 3B,164,132000,132,2114.0412681646553,1346.275926045778,2985.8385357722127,544.5327299479169,573.3722554687504,124.51703534350803,0.0,0.0,0.0
PHASE 3B,165,132800,132,2114.041268164656,1346.275926045778,2985.8385357722127,544.532729947917,573.3722554687504,124.51703534350803,0.4471428571428572,0.5,0.0
PHASE 3B,166,133600,132,2114.041268164656,1346.275926045778,2985.8385357722127,544.532729947917,573.3722554687504,124.51703534350803,0.4571428571428572,0.44571428571428573,0.0
PHASE 3B,167,134400,132,2114.041268164656,1346.275926045778,2985.8385357722127,544.532729947917,573.3722554687504,124.51703534350803,0.45285714285714285,0.5385714285714286,0.0
PHASE 3B,168,135200,132,2114.041268164656,1346.275926045778,2985.8385357722127,544.532729947917,573.3722554687504,124.51703534350803,0.3957142857142857,0.5228571428571428,0.0
PHASE 3B,169,136000,136,2101.7066090733874,1346.275926045778,2985.8385357722127,541.0226723958338,570.0956867187504,123.82353124486,0.0,0.0,0.0
PHASE 3B,170,136800,136,2101.706609073388,1346.275926045778,2985.8385357722127,541.0226723958336,570.0956867187504,123.82353124486,0.5271428571428571,0.39142857142857146,0.0
PHASE 3B,171,137600,136,2101.706609073388,1346.275926045778,2985.8385357722127,541.0226723958336,570.0956867187504,123.82353124486,0.47714285714285715,0.44857142857142857,0.0
PHASE 3B,172,138400,136,2101.706609073388,1346.275926045778,2985.8385357722127,541.0226723958336,570.0956867187504,123.82353124486,0.4742857142857143,0.43000000000000005,0.0
PHASE 3B,173,139200,136,2101.706609073388,1346.275926045778,2985.8385357722127,541.0226723958336,570.0956867187504,123.82353124486,0.36571428571428577,0.3657142857142857,0.0
PHASE 3B,174,140000,140,2096.2209687080617,1346.275926045778,2985.8385357722127,540.2342281250004,567.4749169270838,123.56397795700678,0.0,0.0,0.0
PHASE 3B,175,140800,140,2096.220968708062,1346.275926045778,2985.8385357722127,540.2342281250003,567.4749169270837,123.56397795700677,0.4600000000000001,0.4057142857142857,0.0
PHASE 3B,176,141600,140,2096.220968708062,1346.275926045778,2985.8385357722127,540.2342281250003,567.4749169270837,123.56397795700677,0.5228571428571429,0.3271428571428571,0.0
PHASE 3B,177,142400,140,2096.220968708062,1346.275926045778,2985.8385357722127,540.2342281250003,567.4749169270837,123.56397795700677,0.47714285714285715,0.3885714285714286,0.0
PHASE 3B,178,143200,140,2096.220968708062,1346.275926045778,2985.8385357722127,540.2342281250003,567.4749169270837,123.56397795700677,0.40857142857142864,0.47857142857142854,0.0
PHASE 3B,179,144000,144,2095.4385291281633,1346.275926045778,2985.8385357722127,538.712926822917,567.5747575520837,123.64385559415484,0.0,0.0,0.0
PHASE 3B,180,144800,144,2095.4385291281633,1346.275926045778,2985.8385357722127,538.712926822917,567.5747575520837,123.64385559415487,0.52,0.4142857142857143,0.0
PHASE 3B,181,145600,144,2095.4385291281633,1346.275926045778,2985.8385357722127,538.712926822917,567.5747575520837,123.64385559415487,0.4514285714285715,0.4871428571428572,0.0
PHASE 3B,182,146400,144,2095.4385291281633,1346.275926045778,2985.8385357722127,538.712926822917,567.5747575520837,123.64385559415487,0.44571428571428573,0.4,0.0
PHASE 3B,183,147200,144,2095.4385291281633,1346.275926045778,2985.8385357722127,538.712926822917,567.5747575520837,123.64385559415487,0.4514285714285714,0.3957142857142857,0.0
PHASE 3B,184,148000,148,2110.72082589829,1346.275926045778,2985.8385357722127,542.2763382812503,570.957086197917,124.68592517740007,0.0,0.0,0.0
PHASE 3B,185,148800,148,2110.7208258982905,1346.275926045778,2985.8385357722127,542.2763382812503,570.9570861979171,124.68592517740007,0.41000000000000003,0.3628571428571429,0.0
PHASE 3B,186,149600,148,2110.7208258982905,1346.275926045778,2985.8385357722127,542.2763382812503,570.9570861979171,124.68592517740007,0.40285714285714286,0.39714285714285713,0.0
PHASE 3B,187,150400,148,2110.7208258982905,1346.275926045778,2985.8385357722127,542.2763382812503,570.9570861979171,124.68592517740007,0.40428571428571425,0.3685714285714286,0.0
PHASE 3B,188,151200,148,2110.7208258982905,1346.275926045778,2985.8385357722127,542.2763382812503,570.9570861979171,124.68592517740007,0.44000000000000006,0.472857142857143,0.0
PHASE 3B,189,152000,152,2107.3074481508943,1346.275926045778,2985.8385357722127,542.9219268229169,568.2510747395838,124.51680582355881,0.0,0.0,0.0
PHASE 3B,190,152800,152,2107.3074481508943,1346.275926045778,2985.8385357722127,542.921926822917,568.2510747395837,124.51680582355883,0.42428571428571427,0.3771428571428571,0.0
PHASE 3B,191,153600,152,2107.3074481508943,1346.275926045778,2985.8385357722127,542.921926822917,568.2510747395837,124.51680582355883,0.47285714285714286,0.3928571428571429,0.0
PHASE 3B,192,154400,152,2107.3074481508943,1346.275926045778,2985.8385357722127,542.921926822917,568.2510747395837,124.51680582355883,0.45714285714285713,0.33142857142857146,0.0
PHASE 3B,193,155200,152,2107.3074481508943,1346.275926045778,2985.8385357722127,542.921926822917,568.2510747395837,124.51680582355883,0.4514285714285715,0.4571428571428572,0.0
PHASE 3B,194,156000,156,2107.6723167768637,1346.275926045778,2985.8385357722127,543.1375674479169,567.7755924479171,124.59489461013847,0.0,0.0,0.0
PHASE 3B,195,156800,156,2107.672316776863,1346.275926045778,2985.8385357722127,543.1375674479169,567.7755924479171,124.59489461013847,0.4385714285714286,0.38428571428571434,0.0
PHASE 3B,196,157600,156,2107.672316776863,1346.275926045778,2985.8385357722127,543.1375674479169,567.7755924479171,124.59489461013847,0.4142857142857143,0.3942857142857143,0.0
PHASE 3B,197,158400,156,2107.672316776863,1346.275926045778,2985.8385357722127,543.1375674479169,567.7755924479171,124.59489461013847,0.5557142857142858,0.4642857142857143,0.0
PHASE 3B,198,159200,156,2107.672316776863,1346.275926045778,2985.8385357722127,543.1375674479169,567.7755924479171,124.59489461013847,0.4185714285714285,0.4600000000000001,0.0
PHASE 3B,199,160000,160,2100.8901984379186,1346.275926045778,2985.8385357722127,539.234528385417,567.2183559895838,124.30466425787448,0.0,0.0,0.0
PHASE 3B,200,160800,160,2100.8901984379186,1346.275926045778,2985.8385357722127,539.2345283854171,567.2183559895838,124.3046642578745,0.3985714285714286,0.5085714285714286,0.0
PHASE 3B,201,161600,160,2100.8901984379186,1346.275926045778,2985.8385357722127,539.2345283854171,567.2183559895838,124.3046642578745,0.4714285714285714,0.3985714285714286,0.0
PHASE 3B,202,162400,160,2100.8901984379186,1346.275926045778,2985.8385357722127,539.2345283854171,567.2183559895838,124.3046642578745,0.39142857142857146,0.4428571428571429,0.0
PHASE 3B,203,163200,160,2100.8901984379186,1346.275926045778,2985.8385357722127,539.2345283854171,567.2183559895838,124.3046642578745,0.4814285714285715,0.4028571428571429,0.0
PHASE 3B,204,164000,164,2105.5645911904985,1346.275926045778,2985.8385357722127,542.550798697917,566.3447242187505,124.58363353423866,0.0,0.0,0.0
PHASE 3B,205,164800,164,2105.564591190498,1346.275926045778,2985.8385357722127,542.550798697917,566.3447242187505,124.58363353423866,0.30857142857142855,0.48571428571428577,0.0
PHASE 3B,206,165600,164,2105.564591190498,1346.275926045778,2985.8385357722127,542.550798697917,566.3447242187505,124.58363353423866,0.4357142857142858,0.46571428571428575,0.0
PHASE 3B,207,166400,164,2105.564591190498,1346.275926045778,2985.8385357722127,542.550798697917,566.3447242187505,124.58363353423866,0.44857142857142857,0.37428571428571433,0.0
PHASE 3B,208,167200,164,2105.564591190498,1346.275926045778,2985.8385357722127,542.550798697917,566.3447242187505,124.58363353423866,0.41000000000000003,0.4885714285714286,0.0
PHASE 3B,209,168000,168,2101.718870211275,1346.275926045778,2985.8385357722127,544.6942080729169,561.3278242187503,124.46210473996081,0.0,0.0,0.0
PHASE 3B,210,168800,168,2101.7188702112753,1346.275926045778,2985.8385357722127,544.6942080729169,561.3278242187504,124.4621047399608,0.45,0.40428571428571425,0.0
PHASE 3B,211,169600,168,2101.7188702112753,1346.275926045778,2985.8385357722127,544.6942080729169,561.3278242187504,124.4621047399608,0.4628571428571428,0.47285714285714286,0.0
PHASE 3B,212,170400,168,2101.7188702112753,1346.275926045778,2985.8385357722127,544.6942080729169,561.3278242187504,124.4621047399608,0.4471428571428572,0.4257142857142857,0.0
PHASE 3B,213,171200,168,2101.7188702112753,1346.275926045778,2985.8385357722127,544.6942080729169,561.3278242187504,124.4621047399608,0.4014285714285715,0.4357142857142858,0.0
PHASE 3B,214,172000,172,2108.246006234929,1346.275926045778,2985.8385357722127,546.1585882812503,562.5639190104171,124.94043736791751,0.0,0.0,0.0
PHASE 3B,215,172800,172,2108.246006234929,1346.275926045778,2985.8385357722127,546.1585882812502,562.5639190104171,124.94043736791751,0.36,0.37,0.0
PHASE 3B,216,173600,172,2108.246006234929,1346.275926045778,2985.8385357722127,546.1585882812502,562.5639190104171,124.94043736791751,0.49000000000000005,0.3714285714285715,0.0
PHASE 3B,217,174400,172,2108.246006234929,1346.275926045778,2985.8385357722127,546.1585882812502,562.5639190104171,124.94043736791751,0.41714285714285715,0.3785714285714286,0.0
PHASE 3B,218,175200,172,2108.246006234929,1346.275926045778,2985.8385357722127,546.1585882812502,562.5639190104171,124.94043736791751,0.45285714285714285,0.5242857142857144,0.0
PHASE 3B,219,176000,176,2112.7502455587655,1346.275926045778,2985.8385357722127,549.0938085937503,561.5213450520837,125.26688648912615,0.0,0.0,0.0
PHASE 3B,220,176800,176,2112.7502455587655,1346.275926045778,2985.8385357722127,549.0938085937503,561.5213450520837,125.26688648912615,0.5657142857142857,0.45999999999999996,0.0
PHASE 3B,221,177600,176,2112.7502455587655,1346.275926045778,2985.8385357722127,549.0938085937503,561.5213450520837,125.26688648912615,0.5085714285714287,0.48428571428571426,0.0
PHASE 3B,222,178400,176,2112.7502455587655,1346.275926045778,2985.8385357722127,549.0938085937503,561.5213450520837,125.26688648912615,0.4542857142857143,0.3842857142857143,0.0
PHASE 3B,223,179200,176,2112.7502455587655,1346.275926045778,2985.8385357722127,549.0938085937503,561.5213450520837,125.26688648912615,0.4757142857142858,0.4757142857142857,0.0
PHASE 3B,224,180000,180,2126.3012971984126,1346.275926045778,2985.8385357722127,552.990151041667,565.5058065104171,125.9756674558009,0.0,0.0,0.0
PHASE 3B,225,180800,180,2126.301297198413,1346.275926045778,2985.8385357722127,552.9901510416671,565.5058065104171,125.9756674558009,0.44857142857142857,0.4600000000000001,0.0
PHASE 3B,226,181600,180,2126.301297198413,1346.275926045778,2985.8385357722127,552.9901510416671,565.5058065104171,125.9756674558009,0.3871428571428572,0.39428571428571435,0.0
PHASE 3B,227,182400,180,2126.301297198413,1346.275926045778,2985.8385357722127,552.9901510416671,565.5058065104171,125.9756674558009,0.3885714285714285,0.5157142857142858,0.0
PHASE 3B,228,183200,180,2126.301297198413,1346.275926045778,2985.8385357722127,552.9901510416671,565.5058065104171,125.9756674558009,0.36714285714285716,0.3728571428571429,0.0
PHASE 3B,229,184000,184,2119.208854110573,1346.275926045778,2985.8385357722127,551.1206697916671,561.7382083333337,125.79374699820639,0.0,0.0,0.0
PHASE 3B,230,184800,184,2119.2088541105727,1346.275926045778,2985.8385357722127,551.1206697916671,561.7382083333337,125.79374699820639,0.46571428571428575,0.4442857142857143,0.0
PHASE 3B,231,185600,184,2119.2088541105727,1346.275926045778,2985.8385357722127,551.1206697916671,561.7382083333337,125.79374699820639,0.48142857142857143,0.3985714285714286,0.0
PHASE 3B,232,186400,184,2119.2088541105727,1346.275926045778,2985.8385357722127,551.1206697916671,561.7382083333337,125.79374699820639,0.44714285714285723,0.38428571428571434,0.0
PHASE 3B,233,187200,184,2119.2088541105727,1346.275926045778,2985.8385357722127,551.1206697916671,561.7382083333337,125.79374699820639,0.43285714285714294,0.44857142857142857,0.0
PHASE 3B,234,188000,188,2113.1270521896863,1346.275926045778,2985.8385357722127,546.7188885416671,562.1042427083337,125.53799011747056,0.0,0.0,0.0
PHASE 3B,235,188800,188,2113.1270521896863,1346.275926045778,2985.8385357722127,546.7188885416671,562.1042427083338,125.53799011747056,0.40285714285714286,0.5357142857142858,0.0
PHASE 3B,236,189600,188,2113.1270521896863,1346.275926045778,2985.8385357722127,546.7188885416671,562.1042427083338,125.53799011747056,0.4971428571428572,0.4114285714285715,0.0
PHASE 3B,237,190400,188,2113.1270521896863,1346.275926045778,2985.8385357722127,546.7188885416671,562.1042427083338,125.53799011747056,0.42857142857142866,0.4685714285714285,0.0
PHASE 3B,238,191200,188,2113.1270521896863,1346.275926045778,2985.8385357722127,546.7188885416671,562.1042427083338,125.53799011747056,0.45285714285714285,0.38,0.0
PHASE 3B,239,192000,192,2120.198510177246,1346.275926045778,2985.8385357722127,549.5016898437505,563.1752479166671,125.94019655211349,0.0,0.0,0.0
PHASE 3B,240,192800,192,2120.1985101772466,1346.275926045778,2985.8385357722127,549.5016898437503,563.1752479166671,125.94019655211349,0.44571428571428573,0.5371428571428573,0.0
PHASE 3B,241,193600,192,2120.1985101772466,1346.275926045778,2985.8385357722127,549.5016898437503,563.1752479166671,125.94019655211349,0.4385714285714286,0.45857142857142863,0.0
PHASE 3B,242,194400,192,2120.1985101772466,1346.275926045778,2985.8385357722127,549.5016898437503,563.1752479166671,125.94019655211349,0.4342857142857143,0.47428571428571437,0.0
PHASE 3B,243,195200,192,2120.1985101772466,1346.275926045778,2985.8385357722127,549.5016898437503,563.1752479166671,125.94019655211349,0.41714285714285715,0.4357142857142858,0.0
PHASE 3B,244,196000,196,2126.407429120357,1346.275926045778,2985.8385357722127,552.7263567708337,562.9378927083337,126.34289745515855,0.0,0.0,0.0
PHASE 3B,245,196800,196,2126.407429120357,1346.275926045778,2985.8385357722127,552.7263567708338,562.9378927083338,126.34289745515855,0.4600000000000001,0.4757142857142857,0.0
PHASE 3B,246,197600,196,2126.407429120357,1346.275926045778,2985.8385357722127,552.7263567708338,562.9378927083338,126.34289745515855,0.45000000000000007,0.3757142857142857,0.0
PHASE 3B,247,198400,196,2126.407429120357,1346.275926045778,2985.8385357722127,552.7263567708338,562.9378927083338,126.34289745515855,0.4357142857142858,0.4185714285714286,0.0
PHASE 3B,248,199200,196,2126.407429120357,1346.275926045778,2985.8385357722127,552.7263567708338,562.9378927083338,126.34289745515855,0.4471428571428572,0.43,0.0
PHASE 3B,249,200000,200,2122.213621781383,1346.275926045778,2985.8385357722127,553.0298984375005,559.4784468750005,126.21315955861998,0.0,0.0,0.0
PHASE 3B,250,200800,200,2122.2136217813827,1346.275926045778,2985.8385357722127,553.0298984375004,559.4784468750005,126.21315955861998,0.4,0.4642857142857143,0.0
PHASE 3B,251,201600,200,2122.2136217813827,1346.275926045778,2985.8385357722127,553.0298984375004,559.4784468750005,126.21315955861998,0.4642857142857144,0.3671428571428571,0.0
PHASE 3B,252,202400,200,2122.2136217813827,1346.275926045778,2985.8385357722127,553.0298984375004,559.4784468750005,126.21315955861998,0.37,0.3228571428571429,0.0
PHASE 3B,253,203200,200,2122.2136217813827,1346.275926045778,2985.8385357722127,553.0298984375004,559.4784468750005,126.21315955861998,0.40428571428571436,0.3885714285714286,0.0
PHASE 3B,254,204000,204,2107.6663712353616,1346.275926045778,2622.137799946651,549.4506473958337,553.6600989583337,125.56945311015909,0.0,0.0,0.0
PHASE 3B,255,204800,204,2107.6663712353616,1346.275926045778,2622.137799946651,549.4506473958337,553.6600989583338,125.5694531101591,0.4442857142857143,0.42285714285714276,0.0
PHASE 3B,256,205600,204,2107.6663712353616,1346.275926045778,2622.137799946651,549.4506473958337,553.6600989583338,125.5694531101591,0.43,0.4385714285714286,0.0
PHASE 3B,257,206400,204,2107.6663712353616,1346.275926045778,2622.137799946651,549.4506473958337,553.6600989583338,125.5694531101591,0.4671428571428571,0.4400000000000001,0.0
PHASE 3B,258,207200,204,2107.6663712353616,1346.275926045778,2622.137799946651,549.4506473958337,553.6600989583338,125.5694531101591,0.44142857142857145,0.47000000000000003,0.0
PHASE 3B,259,208000,208,2114.9342863653646,1346.275926045778,2647.736232168119,548.0860109375004,558.4947312500004,126.04419302224284,0.0,0.0,0.0
PHASE 3B,260,208800,208,2114.9342863653646,1346.275926045778,2647.736232168119,548.0860109375003,558.4947312500004,126.04419302224282,0.4671428571428571,0.3757142857142858,0.0
PHASE 3B,261,209600,208,2114.9342863653646,1346.275926045778,2647.736232168119,548.0860109375003,558.4947312500004,126.04419302224282,0.43999999999999995,0.4928571428571429,0.0
PHASE 3B,262,210400,208,2114.9342863653646,1346.275926045778,2647.736232168119,548.0860109375003,558.4947312500004,126.04419302224282,0.4928571428571429,0.49857142857142855,0.0
PHASE 3B,263,211200,208,2114.9342863653646,1346.275926045778,2647.736232168119,548.0860109375003,558.4947312500004,126.04419302224282,0.40285714285714286,0.38428571428571423,0.0
PHASE 3B,264,212000,212,2125.9989117792393,1346.275926045778,2647.736232168119,552.0197828125002,560.2229385416671,126.71952380314379,0.0,0.0,0.0
PHASE 3B,265,212800,212,2125.9989117792393,1346.275926045778,2647.736232168119,552.0197828125004,560.2229385416671,126.71952380314379,0.44571428571428584,0.3728571428571429,0.0
PHASE 3B,266,213600,212,2125.9989117792393,1346.275926045778,2647.736232168119,552.0197828125004,560.2229385416671,126.71952380314379,0.46571428571428575,0.44857142857142857,0.0
PHASE 3B,267,214400,212,2125.9989117792393,1346.275926045778,2647.736232168119,552.0197828125004,560.2229385416671,126.71952380314379,0.4585714285714285,0.47000000000000003,0.0
PHASE 3B,268,215200,212,2125.9989117792393,1346.275926045778,2647.736232168119,552.0197828125004,560.2229385416671,126.71952380314379,0.32,0.4471428571428572,0.0
PHASE 3B,269,216000,216,2127.4982393591104,1346.275926045778,2647.736232168119,554.5229692708338,558.168615885417,126.85083177536723,0.0,0.0,0.0
PHASE 3B,270,216800,216,2127.498239359111,1346.275926045778,2647.736232168119,554.5229692708338,558.1686158854171,126.85083177536723,0.40285714285714286,0.4542857142857143,0.0
PHASE 3B,271,217600,216,2127.498239359111,1346.275926045778,2647.736232168119,554.5229692708338,558.1686158854171,126.85083177536723,0.45000000000000007,0.48571428571428577,0.0
PHASE 3B,272,218400,216,2127.498239359111,1346.275926045778,2647.736232168119,554.5229692708338,558.1686158854171,126.85083177536723,0.47857142857142865,0.4185714285714286,0.0
PHASE 3B,273,219200,216,2127.498239359111,1346.275926045778,2647.736232168119,554.5229692708338,558.1686158854171,126.85083177536723,0.4714285714285714,0.47857142857142865,0.0
PHASE 3B,274,220000,220,2142.297989883342,1356.059921896897,2647.736232168119,561.2885114583337,560.6650567708336,127.54305270678168,0.0,0.0,0.0
PHASE 3B,275,220800,220,2142.297989883342,1356.059921896897,2647.736232168119,561.2885114583337,560.6650567708336,127.54305270678168,0.34,0.41571428571428576,0.0
PHASE 3B,276,221600,220,2142.297989883342,1356.059921896897,2647.736232168119,561.2885114583337,560.6650567708336,127.54305270678168,0.44571428571428573,0.45999999999999996,0.0
PHASE 3B,277,222400,220,2142.297989883342,1356.059921896897,2647.736232168119,561.2885114583337,560.6650567708336,127.54305270678168,0.4114285714285715,0.4128571428571428,0.0
PHASE 3B,278,223200,220,2142.297989883342,1356.059921896897,2647.736232168119,561.2885114583337,560.6650567708336,127.54305270678168,0.43285714285714294,0.5042857142857142,0.0
PHASE 3B,279,224000,224,2148.944941921718,1356.059921896897,2647.736232168119,565.9114200520837,559.5729109375003,127.93257636652656,0.0,0.0,0.0
PHASE 3B,280,224800,224,2148.944941921718,1356.059921896897,2647.736232168119,565.9114200520836,559.5729109375003,127.93257636652656,0.39,0.5157142857142858,0.0
PHASE 3B,281,225600,224,2148.944941921718,1356.059921896897,2647.736232168119,565.9114200520836,559.5729109375003,127.93257636652656,0.4642857142857143,0.4771428571428572,0.0
PHASE 3B,282,226400,224,2148.944941921718,1356.059921896897,2647.736232168119,565.9114200520836,559.5729109375003,127.93257636652656,0.49142857142857144,0.47857142857142865,0.0
PHASE 3B,283,227200,224,2148.944941921718,1356.059921896897,2647.736232168119,565.9114200520836,559.5729109375003,127.93257636652656,0.4700000000000001,0.44571428571428573,0.0
PHASE 3B,284,228000,228,2159.246518761189,1356.059921896897,2647.736232168119,569.275237760417,562.1490786458337,128.4777752943771,0.0,0.0,0.0
PHASE 3B,285,228800,228,2159.246518761189,1356.059921896897,2647.736232168119,569.2752377604171,562.1490786458337,128.47777529437707,0.4700000000000001,0.3814285714285715,0.0
PHASE 3B,286,229600,228,2159.246518761189,1356.059921896897,2647.736232168119,569.2752377604171,562.1490786458337,128.47777529437707,0.40428571428571436,0.44571428571428573,0.0
PHASE 3B,287,230400,228,2159.246518761189,1356.059921896897,2647.736232168119,569.2752377604171,562.1490786458337,128.47777529437707,0.4771428571428572,0.3728571428571429,0.0
PHASE 3B,288,231200,228,2159.246518761189,1356.059921896897,2647.736232168119,569.2752377604171,562.1490786458337,128.47777529437707,0.34142857142857147,0.45428571428571435,0.0
PHASE 3B,289,232000,232,2177.4043327362424,1356.059921896897,2647.736232168119,573.6855304687506,567.9179231770838,129.47510988631086,0.0,0.0,0.0
PHASE 3B,290,232800,232,2177.404332736243,1356.059921896897,2647.736232168119,573.6855304687505,567.9179231770838,129.47510988631086,0.47000000000000003,0.4257142857142856,0.0
PHASE 3B,291,233600,232,2177.404332736243,1356.059921896897,2647.736232168119,573.6855304687505,567.9179231770838,129.47510988631086,0.5257142857142858,0.3728571428571429,0.0
PHASE 3B,292,234400,232,2177.404332736243,1356.059921896897,2647.736232168119,573.6855304687505,567.9179231770838,129.47510988631086,0.4228571428571429,0.41571428571428576,0.0
PHASE 3B,293,235200,232,2177.404332736243,1356.059921896897,2647.736232168119,573.6855304687505,567.9179231770838,129.47510988631086,0.40428571428571436,0.5157142857142858,0.0
PHASE 3B,294,236000,236,2185.054405278044,1356.059921896897,2647.736232168119,576.9073934895838,567.4116210937505,130.09192383684842,0.0,0.0,0.0
PHASE 3B,295,236800,236,2185.054405278044,1356.059921896897,2647.736232168119,576.9073934895838,567.4116210937505,130.09192383684842,0.45285714285714296,0.43999999999999995,0.0
PHASE 3B,296,237600,236,2185.054405278044,1356.059921896897,2647.736232168119,576.9073934895838,567.4116210937505,130.09192383684842,0.51,0.4257142857142857,0.0
PHASE 3B,297,238400,236,2185.054405278044,1356.059921896897,2647.736232168119,576.9073934895838,567.4116210937505,130.09192383684842,0.45857142857142863,0.34714285714285714,0.0
PHASE 3B,298,239200,236,2185.054405278044,1356.059921896897,2647.736232168119,576.9073934895838,567.4116210937505,130.09192383684842,0.4128571428571428,0.43714285714285717,0.0
PHASE 3B,299,240000,240,2200.7527690985285,1543.7934733642664,2693.7541205946736,578.7929742187505,573.8342377604172,131.01569463992993,0.0,0.0,0.0
PHASE 3B,300,240800,240,2200.7527690985285,1543.7934733642664,2693.7541205946736,578.7929742187505,573.8342377604172,131.01569463992993,0.4,0.39,0.0
PHASE 3B,301,241600,240,2200.7527690985285,1543.7934733642664,2693.7541205946736,578.7929742187505,573.8342377604172,131.01569463992993,0.4257142857142857,0.41,0.0
PHASE 3B,302,242400,240,2200.7527690985285,1543.7934733642664,2693.7541205946736,578.7929742187505,573.8342377604172,131.01569463992993,0.3028571428571429,0.4228571428571429,0.0
PHASE 3B,303,243200,240,2200.7527690985285,1543.7934733642664,2693.7541205946736,578.7929742187505,573.8342377604172,131.01569463992993,0.44142857142857145,0.49428571428571433,0.0
PHASE 3B,304,244000,244,2199.655024832015,1543.7934733642664,2693.7541205946736,578.8781523437505,572.1767419270838,131.07501632015735,0.0,0.0,0.0
PHASE 3B,305,244800,244,2199.655024832015,1543.7934733642664,2693.7541205946736,578.8781523437505,572.1767419270838,131.07501632015735,0.42000000000000004,0.4800000000000001,0.0
PHASE 3B,306,245600,244,2199.655024832015,1543.7934733642664,2693.7541205946736,578.8781523437505,572.1767419270838,131.07501632015735,0.41000000000000003,0.40428571428571436,0.0
PHASE 3B,307,246400,244,2199.655024832015,1543.7934733642664,2693.7541205946736,578.8781523437505,572.1767419270838,131.07501632015735,0.42857142857142866,0.4671428571428571,0.0
PHASE 3B,308,247200,244,2199.655024832015,1543.7934733642664,2693.7541205946736,578.8781523437505,572.1767419270838,131.07501632015735,0.4542857142857143,0.45,0.0
PHASE 3B,309,248000,248,2193.053359255554,1543.7934733642664,2693.7541205946736,576.2851763020838,570.4007825520837,130.79592505018297,0.0,0.0,0.0
PHASE 3B,310,248800,248,2193.053359255554,1543.7934733642664,2693.7541205946736,576.2851763020838,570.4007825520838,130.79592505018297,0.5028571428571429,0.41714285714285715,0.0
PHASE 3B,311,249600,248,2193.053359255554,1543.7934733642664,2693.7541205946736,576.2851763020838,570.4007825520838,130.79592505018297,0.45999999999999996,0.4700000000000001,0.0
PHASE 3B,312,250400,248,2193.053359255554,1543.7934733642664,2693.7541205946736,576.2851763020838,570.4007825520838,130.79592505018297,0.39,0.47714285714285715,0.0
PHASE 3B,313,251200,248,2193.053359255554,1543.7934733642664,2693.7541205946736,576.2851763020838,570.4007825520838,130.79592505018297,0.43285714285714294,0.4314285714285714,0.0
PHASE 3B,314,252000,252,2201.9140117273714,1543.7934733642664,2693.7541205946736,577.5684294270837,573.6731544270838,131.33405348416005,0.0,0.0,0.0
PHASE 3B,315,252800,252,2201.914011727372,1543.7934733642664,2693.7541205946736,577.5684294270836,573.6731544270839,131.33405348416005,0.4571428571428572,0.49714285714285716,0.0
PHASE 3B,316,253600,252,2201.914011727372,1543.7934733642664,2693.7541205946736,577.5684294270836,573.6731544270839,131.33405348416005,0.38,0.43000000000000005,0.0
PHASE 3B,317,254400,252,2201.914011727372,1543.7934733642664,2693.7541205946736,577.5684294270836,573.6731544270839,131.33405348416005,0.4071428571428572,0.4514285714285714,0.0
PHASE 3B,318,255200,252,2201.914011727372,1543.7934733642664,2693.7541205946736,577.5684294270836,573.6731544270839,131.33405348416005,0.4585714285714285,0.5199999999999999,0.0
PHASE 3B,319,256000,256,2213.721049411177,1543.7934733642664,2693.7541205946736,579.7596804687503,578.2291908854171,131.9665222571355,0.0,0.0,0.0
PHASE 3B,320,256800,256,2213.721049411177,1543.7934733642664,2693.7541205946736,579.7596804687504,578.2291908854171,131.9665222571355,0.4771428571428572,0.3757142857142857,0.0
PHASE 3B,321,257600,256,2213.721049411177,1543.7934733642664,2693.7541205946736,579.7596804687504,578.2291908854171,131.9665222571355,0.42000000000000004,0.4,0.0
PHASE 3B,322,258400,256,2213.721049411177,1543.7934733642664,2693.7541205946736,579.7596804687504,578.2291908854171,131.9665222571355,0.43285714285714294,0.3985714285714286,0.0
PHASE 3B,323,259200,256,2213.721049411177,1543.7934733642664,2693.7541205946736,579.7596804687504,578.2291908854171,131.9665222571355,0.4442857142857143,0.5314285714285715,0.0
PHASE 3B,324,260000,260,2224.377370194472,1568.321833273892,2693.7541205946736,585.5123684895839,578.2901773437504,132.57185304515173,0.0,0.0,0.0
PHASE 3B,325,260800,260,2224.377370194472,1568.321833273892,2693.7541205946736,585.5123684895837,578.2901773437504,132.57185304515173,0.3957142857142857,0.4871428571428572,0.0
PHASE 3B,326,261600,260,2224.377370194472,1568.321833273892,2693.7541205946736,585.5123684895837,578.2901773437504,132.57185304515173,0.3742857142857143,0.4957142857142857,0.0
PHASE 3B,327,262400,260,2224.377370194472,1568.321833273892,2693.7541205946736,585.5123684895837,578.2901773437504,132.57185304515173,0.3857142857142858,0.4628571428571429,0.0
PHASE 3B,328,263200,260,2224.377370194472,1568.321833273892,2693.7541205946736,585.5123684895837,578.2901773437504,132.57185304515173,0.32285714285714284,0.44857142857142857,0.0
PHASE 3B,329,264000,264,2228.6736856235775,1568.321833273892,2693.7541205946736,588.178806510417,578.3357731770838,132.76988824201908,0.0,0.0,0.0
PHASE 3B,330,264800,264,2228.6736856235766,1568.321833273892,2693.7541205946736,588.1788065104171,578.3357731770836,132.76988824201908,0.41,0.3885714285714286,0.0
PHASE 3B,331,265600,264,2228.6736856235766,1568.321833273892,2693.7541205946736,588.1788065104171,578.3357731770836,132.76988824201908,0.4442857142857143,0.52,0.0
PHASE 3B,332,266400,264,2228.6736856235766,1568.321833273892,2693.7541205946736,588.1788065104171,578.3357731770836,132.76988824201908,0.4257142857142857,0.4228571428571429,0.0
PHASE 3B,333,267200,264,2228.6736856235766,1568.321833273892,2693.7541205946736,588.1788065104171,578.3357731770836,132.76988824201908,0.46142857142857147,0.5385714285714286,0.0
PHASE 3B,334,268000,268,2229.8329453037236,1568.321833273892,2693.7541205946736,585.568181510417,581.8559627604171,132.80110012912084,0.0,0.0,0.0
PHASE 3B,335,268800,268,2229.8329453037236,1568.321833273892,2693.7541205946736,585.5681815104172,581.8559627604171,132.80110012912084,0.42000000000000004,0.4900000000000001,0.0
PHASE 3B,336,269600,268,2229.8329453037236,1568.321833273892,2693.7541205946736,585.5681815104172,581.8559627604171,132.80110012912084,0.4185714285714286,0.3742857142857143,0.0
PHASE 3B,337,270400,268,2229.8329453037236,1568.321833273892,2693.7541205946736,585.5681815104172,581.8559627604171,132.80110012912084,0.37714285714285717,0.43428571428571433,0.0
PHASE 3B,338,271200,268,2229.8329453037236,1568.321833273892,2693.7541205946736,585.5681815104172,581.8559627604171,132.80110012912084,0.42142857142857143,0.4685714285714286,0.0
PHASE 3B,339,272000,272,2236.7092523022993,1568.321833273892,2693.7541205946736,586.972075260417,583.8051273437504,133.24150621227608,0.0,0.0,0.0
PHASE 3B,340,272800,272,2236.7092523022993,1568.321833273892,2693.7541205946736,586.9720752604171,583.8051273437503,133.24150621227608,0.42857142857142866,0.41571428571428576,0.0
PHASE 3B,341,273600,272,2236.7092523022993,1568.321833273892,2693.7541205946736,586.9720752604171,583.8051273437503,133.24150621227608,0.3785714285714286,0.49857142857142855,0.0
PHASE 3B,342,274400,272,2236.7092523022993,1568.321833273892,2693.7541205946736,586.9720752604171,583.8051273437503,133.24150621227608,0.35571428571428576,0.48142857142857143,0.0
PHASE 3B,343,275200,272,2236.7092523022993,1568.321833273892,2693.7541205946736,586.9720752604171,583.8051273437503,133.24150621227608,0.4585714285714285,0.43285714285714294,0.0
PHASE 3B,344,276000,276,2243.596613498188,1568.321833273892,2693.7541205946736,587.747770572917,587.0189325520837,133.6037387966581,0.0,0.0,0.0
PHASE 3B,345,276800,276,2243.596613498188,1568.321833273892,2693.7541205946736,587.747770572917,587.0189325520838,133.6037387966581,0.40714285714285714,0.3285714285714286,0.0
PHASE 3B,346,277600,276,2243.596613498188,1568.321833273892,2693.7541205946736,587.747770572917,587.0189325520838,133.6037387966581,0.48142857142857143,0.49142857142857144,0.0
PHASE 3B,347,278400,276,2243.596613498188,1568.321833273892,2693.7541205946736,587.747770572917,587.0189325520838,133.6037387966581,0.39,0.40714285714285714,0.0
PHASE 3B,348,279200,276,2243.596613498188,1568.321833273892,2693.7541205946736,587.747770572917,587.0189325520838,133.6037387966581,0.4,0.4742857142857143,0.0
PHASE 3B,349,280000,280,2239.0957725591347,1568.321833273892,2693.7541205946736,587.7204164062505,583.3045617187505,133.50884930427637,0.0,0.0,0.0
PHASE 3B,350,280800,280,2239.0957725591347,1568.321833273892,2693.7541205946736,587.7204164062505,583.3045617187504,133.50884930427637,0.41714285714285715,0.39571428571428574,0.0
PHASE 3B,351,281600,280,2239.0957725591347,1568.321833273892,2693.7541205946736,587.7204164062505,583.3045617187504,133.50884930427637,0.38428571428571423,0.4142857142857143,0.0
PHASE 3B,352,282400,280,2239.0957725591347,1568.321833273892,2693.7541205946736,587.7204164062505,583.3045617187504,133.50884930427637,0.3514285714285714,0.40857142857142864,0.0
PHASE 3B,353,283200,280,2239.0957725591347,1568.321833273892,2693.7541205946736,587.7204164062505,583.3045617187504,133.50884930427637,0.47142857142857153,0.4057142857142858,0.0
PHASE 3B,354,284000,284,2241.8997939099672,1568.321833273892,2693.7541205946736,590.8870955729171,582.2285864583338,133.59801398484913,0.0,0.0,0.0
PHASE 3B,355,284800,284,2241.8997939099672,1568.321833273892,2693.7541205946736,590.887095572917,582.2285864583338,133.59801398484913,0.4557142857142858,0.45714285714285713,0.0
PHASE 3B,356,285600,284,2241.8997939099672,1568.321833273892,2693.7541205946736,590.887095572917,582.2285864583338,133.59801398484913,0.4642857142857143,0.35714285714285715,0.0
PHASE 3B,357,286400,284,2241.8997939099672,1568.321833273892,2693.7541205946736,590.887095572917,582.2285864583338,133.59801398484913,0.39714285714285713,0.43428571428571433,0.0
PHASE 3B,358,287200,284,2241.8997939099672,1568.321833273892,2693.7541205946736,590.887095572917,582.2285864583338,133.59801398484913,0.46142857142857147,0.4257142857142858,0.0
PHASE 3B,359,288000,288,2242.3241067815534,1224.6574964700471,2693.7541205946736,592.9548226562504,580.4865250000005,133.61034489067245,0.0,0.0,0.0
PHASE 3B,360,288800,288,2242.3241067815534,1224.6574964700471,2693.7541205946736,592.9548226562504,580.4865250000005,133.61034489067245,0.4228571428571429,0.44857142857142857,0.0
PHASE 3B,361,289600,288,2242.3241067815534,1224.6574964700471,2693.7541205946736,592.9548226562504,580.4865250000005,133.61034489067245,0.4671428571428572,0.41571428571428576,0.0
PHASE 3B,362,290400,288,2242.3241067815534,1224.6574964700471,2693.7541205946736,592.9548226562504,580.4865250000005,133.61034489067245,0.3928571428571429,0.44142857142857145,0.0
PHASE 3B,363,291200,288,2242.3241067815534,1224.6574964700471,2693.7541205946736,592.9548226562504,580.4865250000005,133.61034489067245,0.4871428571428572,0.4957142857142857,0.0
PHASE 3B,364,292000,292,2231.042114181946,1224.6574964700471,2693.7541205946736,590.5616893229171,575.8601447916672,133.07753500842992,0.0,0.0,0.0
PHASE 3B,365,292800,292,2231.0421141819465,1224.6574964700471,2693.7541205946736,590.5616893229171,575.8601447916672,133.07753500842992,0.42857142857142866,0.47285714285714286,0.0
PHASE 3B,366,293600,292,2231.0421141819465,1224.6574964700471,2693.7541205946736,590.5616893229171,575.8601447916672,133.07753500842992,0.3742857142857143,0.4128571428571429,0.0
PHASE 3B,367,294400,292,2231.0421141819465,1224.6574964700471,2693.7541205946736,590.5616893229171,575.8601447916672,133.07753500842992,0.3771428571428571,0.39,0.0
PHASE 3B,368,295200,292,2231.0421141819465,1224.6574964700471,2693.7541205946736,590.5616893229171,575.8601447916672,133.07753500842992,0.36857142857142855,0.4714285714285714,0.0
PHASE 3B,369,296000,296,2225.5134946173903,1224.6574964700471,2693.7541205946736,589.0354122395838,574.5739604166672,132.738015245152,0.0,0.0,0.0
PHASE 3B,370,296800,296,2225.5134946173903,1224.6574964700471,2693.7541205946736,589.0354122395837,574.5739604166672,132.738015245152,0.53,0.3585714285714286,0.0
PHASE 3B,371,297600,296,2225.5134946173903,1224.6574964700471,2693.7541205946736,589.0354122395837,574.5739604166672,132.738015245152,0.35428571428571426,0.4014285714285714,0.0
PHASE 3B,372,298400,296,2225.5134946173903,1224.6574964700471,2693.7541205946736,589.0354122395837,574.5739604166672,132.738015245152,0.4557142857142857,0.51,0.0
PHASE 3B,373,299200,296,2225.5134946173903,1224.6574964700471,2693.7541205946736,589.0354122395837,574.5739604166672,132.738015245152,0.42142857142857143,0.49000000000000005,0.0
PHASE 3B,374,300000,300,2229.5999195109684,1224.6574964700471,2693.7541205946736,588.0133880208338,577.6353854166671,132.99389325919321,0.0,0.0,0.0
PHASE 3B,375,300800,300,2229.5999195109684,1224.6574964700471,2693.7541205946736,588.0133880208338,577.6353854166671,132.99389325919321,0.41571428571428565,0.34571428571428575,0.0
PHASE 3B,376,301600,300,2229.5999195109684,1224.6574964700471,2693.7541205946736,588.0133880208338,577.6353854166671,132.99389325919321,0.4057142857142857,0.4357142857142858,0.0
PHASE 3B,377,302400,300,2229.5999195109684,1224.6574964700471,2693.7541205946736,588.0133880208338,577.6353854166671,132.99389325919321,0.41714285714285726,0.40857142857142864,0.0
PHASE 3B,378,303200,300,2229.5999195109684,1224.6574964700471,2693.7541205946736,588.0133880208338,577.6353854166671,132.99389325919321,0.4600000000000001,0.5057142857142857,0.0
PHASE 3B,379,304000,304,2240.574004500223,1224.6574964700471,2693.7541205946736,588.503127604167,583.3272718750004,133.59295062764167,0.0,0.0,0.0
PHASE 3B,380,304800,304,2240.5740045002235,1224.6574964700471,2693.7541205946736,588.503127604167,583.3272718750004,133.59295062764167,0.3885714285714286,0.42714285714285716,0.0
PHASE 3B,381,305600,304,2240.5740045002235,1224.6574964700471,2693.7541205946736,588.503127604167,583.3272718750004,133.59295062764167,0.41571428571428576,0.4671428571428572,0.0
PHASE 3B,382,306400,304,2240.5740045002235,1224.6574964700471,2693.7541205946736,588.503127604167,583.3272718750004,133.59295062764167,0.4600000000000001,0.4557142857142858,0.0
PHASE 3B,383,307200,304,2240.5740045002235,1224.6574964700471,2693.7541205946736,588.503127604167,583.3272718750004,133.59295062764167,0.41571428571428576,0.4514285714285714,0.0
PHASE 3B,384,308000,308,2227.5729003373713,1224.6574964700471,2693.7541205946736,587.6708130208337,576.870213541667,132.87898422186845,0.0,0.0,0.0
PHASE 3B,385,308800,308,2227.572900337372,1224.6574964700471,2693.7541205946736,587.6708130208339,576.8702135416672,132.87898422186848,0.51,0.41571428571428576,0.0
PHASE 3B,386,309600,308,2227.572900337372,1224.6574964700471,2693.7541205946736,587.6708130208339,576.8702135416672,132.87898422186848,0.4557142857142857,0.4714285714285714,0.0
PHASE 3B,387,310400,308,2227.572900337372,1224.6574964700471,2693.7541205946736,587.6708130208339,576.8702135416672,132.87898422186848,0.43714285714285717,0.3871428571428571,0.0
PHASE 3B,388,311200,308,2227.572900337372,1224.6574964700471,2693.7541205946736,587.6708130208339,576.8702135416672,132.87898422186848,0.4071428571428572,0.39714285714285713,0.0
PHASE 3B,389,312000,312,2232.105101718369,1224.6574964700471,2693.7541205946736,585.5185421875005,581.9415635416672,133.0806244986598,0.0,0.0,0.0
PHASE 3B,390,312800,312,2232.1051017183686,1224.6574964700471,2693.7541205946736,585.5185421875004,581.9415635416672,133.0806244986598,0.42000000000000004,0.35714285714285715,0.0
PHASE 3B,391,313600,312,2232.1051017183686,1224.6574964700471,2693.7541205946736,585.5185421875004,581.9415635416672,133.0806244986598,0.4257142857142858,0.3885714285714286,0.0
PHASE 3B,392,314400,312,2232.1051017183686,1224.6574964700471,2693.7541205946736,585.5185421875004,581.9415635416672,133.0806244986598,0.33714285714285713,0.54,0.0
PHASE 3B,393,315200,312,2232.1051017183686,1224.6574964700471,2693.7541205946736,585.5185421875004,581.9415635416672,133.0806244986598,0.43,0.36,0.0
PHASE 3B,394,316000,316,2249.226527271328,1224.6574964700471,2814.6958163270483,588.815043229167,588.4669979166671,133.99306076569644,0.0,0.0,0.0
PHASE 3B,395,316800,316,2249.2265272713285,1224.6574964700471,2814.6958163270483,588.815043229167,588.4669979166672,133.99306076569644,0.4242857142857144,0.4957142857142857,0.0
PHASE 3B,396,317600,316,2249.2265272713285,1224.6574964700471,2814.6958163270483,588.815043229167,588.4669979166672,133.99306076569644,0.44571428571428584,0.36142857142857143,0.0
PHASE 3B,397,318400,316,2249.2265272713285,1224.6574964700471,2814.6958163270483,588.815043229167,588.4669979166672,133.99306076569644,0.4228571428571429,0.48428571428571426,0.0
PHASE 3B,398,319200,316,2249.2265272713285,1224.6574964700471,2814.6958163270483,588.815043229167,588.4669979166672,133.99306076569644,0.4385714285714286,0.4014285714285714,0.0
PHASE 3B,399,320000,320,2252.34221646519,1224.6574964700471,2814.6958163270483,587.8883692708338,590.6429750000005,134.22635902430406,0.0,0.0,0.0
PHASE 3B,400,320800,320,2252.34221646519,1224.6574964700471,2814.6958163270483,587.8883692708338,590.6429750000004,134.2263590243041,0.4057142857142857,0.45285714285714285,0.0
PHASE 3B,401,321600,320,2252.34221646519,1224.6574964700471,2814.6958163270483,587.8883692708338,590.6429750000004,134.2263590243041,0.4714285714285714,0.45999999999999996,0.0
PHASE 3B,402,322400,320,2252.34221646519,1224.6574964700471,2814.6958163270483,587.8883692708338,590.6429750000004,134.2263590243041,0.4114285714285715,0.42857142857142855,0.0
PHASE 3B,403,323200,320,2252.34221646519,1224.6574964700471,2814.6958163270483,587.8883692708338,590.6429750000004,134.2263590243041,0.4114285714285715,0.4714285714285714,0.0
PHASE 3B,404,324000,324,2255.2999517935204,1224.6574964700471,2814.6958163270483,590.2680690104171,590.3537916666671,134.3347613895642,0.0,0.0,0.0
PHASE 3B,405,324800,324,2255.2999517935204,1224.6574964700471,2814.6958163270483,590.268069010417,590.3537916666671,134.33476138956416,0.44000000000000006,0.41000000000000003,0.0
PHASE 3B,406,325600,324,2255.2999517935204,1224.6574964700471,2814.6958163270483,590.268069010417,590.3537916666671,134.33476138956416,0.4642857142857143,0.472857142857143,0.0
PHASE 3B,407,326400,324,2255.2999517935204,1224.6574964700471,2814.6958163270483,590.268069010417,590.3537916666671,134.33476138956416,0.45,0.4057142857142857,0.0
PHASE 3B,408,327200,324,2255.2999517935204,1224.6574964700471,2814.6958163270483,590.268069010417,590.3537916666671,134.33476138956416,0.43,0.5214285714285716,0.0
PHASE 3B,409,328000,328,2264.631073810618,1224.6574964700471,2814.6958163270483,591.5524648437503,592.8280750000006,135.03131674586797,0.0,0.0,0.0
PHASE 3B,410,328800,328,2264.631073810618,1224.6574964700471,2814.6958163270483,591.5524648437504,592.8280750000004,135.031316745868,0.42000000000000004,0.4442857142857143,0.0
PHASE 3B,411,329600,328,2264.631073810618,1224.6574964700471,2814.6958163270483,591.5524648437504,592.8280750000004,135.031316745868,0.43714285714285717,0.4871428571428571,0.0
PHASE 3B,412,330400,328,2264.631073810618,1224.6574964700471,2814.6958163270483,591.5524648437504,592.8280750000004,135.031316745868,0.44857142857142857,0.43,0.0
PHASE 3B,413,331200,328,2264.631073810618,1224.6574964700471,2814.6958163270483,591.5524648437504,592.8280750000004,135.031316745868,0.5028571428571429,0.4071428571428572,0.0
PHASE 3B,414,332000,332,2262.437998692368,1224.6574964700471,2814.6958163270483,592.3208033854171,589.9833000000003,135.01673691337845,0.0,0.0,0.0
PHASE 3B,415,332800,332,2262.437998692368,1224.6574964700471,2814.6958163270483,592.3208033854171,589.9833000000006,135.01673691337842,0.4357142857142858,0.4185714285714287,0.0
PHASE 3B,416,333600,332,2262.437998692368,1224.6574964700471,2814.6958163270483,592.3208033854171,589.9833000000006,135.01673691337842,0.4800000000000001,0.49428571428571433,0.0
PHASE 3B,417,334400,332,2262.437998692368,1224.6574964700471,2814.6958163270483,592.3208033854171,589.9833000000006,135.01673691337842,0.3871428571428571,0.4885714285714286,0.0
PHASE 3B,418,335200,332,2262.437998692368,1224.6574964700471,2814.6958163270483,592.3208033854171,589.9833000000006,135.01673691337842,0.45,0.5442857142857143,0.0
PHASE 3B,419,336000,336,2274.7149895690877,1224.6574964700471,2814.6958163270483,594.3422684895838,594.8751872395839,135.68719172999963,0.0,0.0,0.0
PHASE 3B,420,336800,336,2274.7149895690877,1224.6574964700471,2814.6958163270483,594.3422684895838,594.8751872395839,135.68719172999963,0.3857142857142857,0.3928571428571429,0.0
PHASE 3B,421,337600,336,2274.7149895690877,1224.6574964700471,2814.6958163270483,594.3422684895838,594.8751872395839,135.68719172999963,0.4314285714285714,0.51,0.0
PHASE 3B,422,338400,336,2274.7149895690877,1224.6574964700471,2814.6958163270483,594.3422684895838,594.8751872395839,135.68719172999963,0.4514285714285714,0.40285714285714286,0.0
PHASE 3B,423,339200,336,2274.7149895690877,1224.6574964700471,2814.6958163270483,594.3422684895838,594.8751872395839,135.68719172999963,0.42000000000000004,0.4642857142857143,0.0
PHASE 3B,424,340000,340,2270.0909994507783,1224.6574964700471,2814.6958163270483,593.6192059895837,593.0132911458338,135.43231278942972,0.0,0.0,0.0
PHASE 3B,425,340800,340,2270.0909994507783,1224.6574964700471,2814.6958163270483,593.6192059895837,593.0132911458337,135.43231278942972,0.39,0.45285714285714296,0.0
PHASE 3B,426,341600,340,2270.0909994507783,1224.6574964700471,2814.6958163270483,593.6192059895837,593.0132911458337,135.43231278942972,0.4642857142857144,0.4357142857142858,0.0
PHASE 3B,427,342400,340,2270.0909994507783,1224.6574964700471,2814.6958163270483,593.6192059895837,593.0132911458337,135.43231278942972,0.43285714285714294,0.47285714285714286,0.0
PHASE 3B,428,343200,340,2270.0909994507783,1224.6574964700471,2814.6958163270483,593.6192059895837,593.0132911458337,135.43231278942972,0.4057142857142857,0.43285714285714283,0.0
PHASE 3B,429,344000,344,2280.2194698598714,1224.6574964700471,2814.6958163270483,596.5844695312504,596.8894578125004,135.84319281452474,0.0,0.0,0.0
PHASE 3B,430,344800,344,2280.2194698598714,1224.6574964700471,2814.6958163270483,596.5844695312504,596.8894578125005,135.84319281452474,0.41714285714285715,0.4314285714285714,0.0
PHASE 3B,431,345600,344,2280.2194698598714,1224.6574964700471,2814.6958163270483,596.5844695312504,596.8894578125005,135.84319281452474,0.42857142857142866,0.4842857142857143,0.0
PHASE 3B,432,346400,344,2280.2194698598714,1224.6574964700471,2814.6958163270483,596.5844695312504,596.8894578125005,135.84319281452474,0.4314285714285715,0.4057142857142858,0.0
PHASE 3B,433,347200,344,2280.2194698598714,1224.6574964700471,2814.6958163270483,596.5844695312504,596.8894578125005,135.84319281452474,0.44571428571428573,0.44571428571428573,0.0
PHASE 3B,434,348000,348,2284.681650844723,1224.6574964700471,2814.6958163270483,595.5052028645838,600.5920942708339,136.07304421367303,0.0,0.0,0.0
PHASE 3B,435,348800,348,2284.681650844723,1224.6574964700471,2814.6958163270483,595.5052028645838,600.5920942708337,136.073044213673,0.45285714285714285,0.48285714285714293,0.0
PHASE 3B,436,349600,348,2284.681650844723,1224.6574964700471,2814.6958163270483,595.5052028645838,600.5920942708337,136.073044213673,0.3942857142857143,0.41714285714285715,0.0
PHASE 3B,437,350400,348,2284.681650844723,1224.6574964700471,2814.6958163270483,595.5052028645838,600.5920942708337,136.073044213673,0.45857142857142863,0.4242857142857144,0.0
PHASE 3B,438,351200,348,2284.681650844723,1224.6574964700471,2814.6958163270483,595.5052028645838,600.5920942708337,136.073044213673,0.41714285714285715,0.47142857142857153,0.0
PHASE 3B,439,352000,352,2290.241554104355,1224.6574964700471,2814.6958163270483,596.0451507812505,602.9844442708338,136.40149488154373,0.0,0.0,0.0
PHASE 3B,440,352800,352,2290.2415541043556,1224.6574964700471,2814.6958163270483,596.0451507812504,602.9844442708338,136.40149488154373,0.44142857142857145,0.4385714285714286,0.0
PHASE 3B,441,353600,352,2290.2415541043556,1224.6574964700471,2814.6958163270483,596.0451507812504,602.9844442708338,136.40149488154373,0.34285714285714286,0.4514285714285714,0.0
PHASE 3B,442,354400,352,2290.2415541043556,1224.6574964700471,2814.6958163270483,596.0451507812504,602.9844442708338,136.40149488154373,0.41571428571428565,0.5342857142857143,0.0
PHASE 3B,443,355200,352,2290.2415541043556,1224.6574964700471,2814.6958163270483,596.0451507812504,602.9844442708338,136.40149488154373,0.41000000000000003,0.4742857142857143,0.0
PHASE 3B,444,356000,356,2292.9634588547633,1224.6574964700471,2814.6958163270483,595.2700039062505,604.861080729167,136.60404677742804,0.0,0.0,0.0
PHASE 3B,445,356800,356,2292.963458854763,1224.6574964700471,2814.6958163270483,595.2700039062505,604.8610807291672,136.60404677742804,0.37428571428571433,0.47000000000000003,0.0
PHASE 3B,446,357600,356,2292.963458854763,1224.6574964700471,2814.6958163270483,595.2700039062505,604.8610807291672,136.60404677742804,0.4471428571428572,0.49428571428571433,0.0
PHASE 3B,447,358400,356,2292.963458854763,1224.6574964700471,2814.6958163270483,595.2700039062505,604.8610807291672,136.60404677742804,0.4800000000000001,0.5214285714285715,0.0
PHASE 3B,448,359200,356,2292.963458854763,1224.6574964700471,2814.6958163270483,595.2700039062505,604.8610807291672,136.60404677742804,0.34714285714285714,0.48571428571428577,0.0
PHASE 3B,449,360000,360,2291.5322666823977,1224.6574964700471,2814.6958163270483,595.4697640625004,603.9963046875004,136.50827474155926,0.0,0.0,0.0
PHASE 3B,450,360800,360,2291.532266682398,1224.6574964700471,2814.6958163270483,595.4697640625004,603.9963046875005,136.50827474155926,0.36000000000000004,0.4242857142857144,0.0
PHASE 3B,451,361600,360,2291.532266682398,1224.6574964700471,2814.6958163270483,595.4697640625004,603.9963046875005,136.50827474155926,0.4128571428571428,0.5171428571428571,0.0
PHASE 3B,452,362400,360,2291.532266682398,1224.6574964700471,2814.6958163270483,595.4697640625004,603.9963046875005,136.50827474155926,0.3914285714285714,0.42714285714285716,0.0
PHASE 3B,453,363200,360,2291.532266682398,1224.6574964700471,2814.6958163270483,595.4697640625004,603.9963046875005,136.50827474155926,0.4014285714285714,0.45,0.0
PHASE 3B,454,364000,364,2296.031286824995,1224.6574964700471,2814.6958163270483,595.3424151041671,605.7262515625005,136.87032751980047,0.0,0.0,0.0
PHASE 3B,455,364800,364,2296.0312868249944,1224.6574964700471,2814.6958163270483,595.3424151041671,605.7262515625005,136.87032751980047,0.44285714285714295,0.41142857142857137,0.0
PHASE 3B,456,365600,364,2296.0312868249944,1224.6574964700471,2814.6958163270483,595.3424151041671,605.7262515625005,136.87032751980047,0.4200000000000001,0.4071428571428572,0.0
PHASE 3B,457,366400,364,2296.0312868249944,1224.6574964700471,2814.6958163270483,595.3424151041671,605.7262515625005,136.87032751980047,0.44142857142857145,0.43714285714285717,0.0
PHASE 3B,458,367200,364,2296.0312868249944,1224.6574964700471,2814.6958163270483,595.3424151041671,605.7262515625005,136.87032751980047,0.5128571428571429,0.49857142857142855,0.0
PHASE 3B,459,368000,368,2284.4030670561706,1224.6574964700471,2814.6958163270483,589.3662526041671,603.3954588541671,136.45516944973895,0.0,0.0,0.0
PHASE 3B,460,368800,368,2284.4030670561706,1224.6574964700471,2814.6958163270483,589.3662526041671,603.3954588541671,136.45516944973895,0.46428571428571425,0.49000000000000005,0.0
PHASE 3B,461,369600,368,2284.4030670561706,1224.6574964700471,2814.6958163270483,589.3662526041671,603.3954588541671,136.45516944973895,0.4385714285714286,0.47000000000000003,0.0
PHASE 3B,462,370400,368,2284.4030670561706,1224.6574964700471,2814.6958163270483,589.3662526041671,603.3954588541671,136.45516944973895,0.46571428571428586,0.51,0.0
PHASE 3B,463,371200,368,2284.4030670561706,1224.6574964700471,2814.6958163270483,589.3662526041671,603.3954588541671,136.45516944973895,0.39571428571428574,0.40714285714285714,0.0
PHASE 3B,464,372000,372,2277.7111861862954,1224.6574964700471,2814.6958163270483,588.5599421875005,600.9640057291671,136.02340478371295,0.0,0.0,0.0
PHASE 3B,465,372800,372,2277.7111861862954,1224.6574964700471,2814.6958163270483,588.5599421875006,600.9640057291672,136.02340478371292,0.4614285714285714,0.48,0.0
PHASE 3B,466,373600,372,2277.7111861862954,1224.6574964700471,2814.6958163270483,588.5599421875006,600.9640057291672,136.02340478371292,0.3942857142857143,0.49428571428571433,0.0
PHASE 3B,467,374400,372,2277.7111861862954,1224.6574964700471,2814.6958163270483,588.5599421875006,600.9640057291672,136.02340478371292,0.43428571428571433,0.45285714285714285,0.0
PHASE 3B,468,375200,372,2277.7111861862954,1224.6574964700471,2814.6958163270483,588.5599421875006,600.9640057291672,136.02340478371292,0.39,0.3985714285714286,0.0
PHASE 3B,469,376000,376,2277.9433107644722,1224.6574964700471,2814.6958163270483,584.8337036458339,603.6344713541672,136.18439197056819,0.0,0.0,0.0
PHASE 3B,470,376800,376,2277.9433107644722,1224.6574964700471,2814.6958163270483,584.8337036458338,603.6344713541671,136.18439197056819,0.4800000000000001,0.4828571428571428,0.0
PHASE 3B,471,377600,376,2277.9433107644722,1224.6574964700471,2814.6958163270483,584.8337036458338,603.6344713541671,136.18439197056819,0.4800000000000001,0.41000000000000003,0.0
PHASE 3B,472,378400,376,2277.9433107644722,1224.6574964700471,2814.6958163270483,584.8337036458338,603.6344713541671,136.18439197056819,0.41571428571428576,0.44000000000000006,0.0
PHASE 3B,473,379200,376,2277.9433107644722,1224.6574964700471,2814.6958163270483,584.8337036458338,603.6344713541671,136.18439197056819,0.44857142857142857,0.47000000000000003,0.0
PHASE 3B,474,380000,380,2275.895119518757,1224.6574964700471,2814.6958163270483,583.3224723958338,603.8085223958337,136.0955155908955,0.0,0.0,0.0
PHASE 3B,475,380800,380,2275.8951195187574,1224.6574964700471,2814.6958163270483,583.3224723958338,603.8085223958338,136.0955155908955,0.47285714285714286,0.4314285714285714,0.0
PHASE 3B,476,381600,380,2275.8951195187574,1224.6574964700471,2814.6958163270483,583.3224723958338,603.8085223958338,136.0955155908955,0.4642857142857143,0.5285714285714286,0.0
PHASE 3B,477,382400,380,2275.8951195187574,1224.6574964700471,2814.6958163270483,583.3224723958338,603.8085223958338,136.0955155908955,0.34571428571428575,0.5528571428571428,0.0
PHASE 3B,478,383200,380,2275.8951195187574,1224.6574964700471,2814.6958163270483,583.3224723958338,603.8085223958338,136.0955155908955,0.4357142857142858,0.41428571428571426,0.0
PHASE 3B,479,384000,384,2269.9035368021887,1224.6574964700471,2814.6958163270483,580.5389734375004,602.4898765625005,135.85933585028283,0.0,0.0,0.0
PHASE 3B,480,384800,384,2269.9035368021896,1224.6574964700471,2814.6958163270483,580.5389734375004,602.4898765625005,135.8593358502828,0.4671428571428571,0.4385714285714286,0.0
PHASE 3B,481,385600,384,2269.9035368021896,1224.6574964700471,2814.6958163270483,580.5389734375004,602.4898765625005,135.8593358502828,0.4514285714285715,0.4357142857142858,0.0
PHASE 3B,482,386400,384,2269.9035368021896,1224.6574964700471,2814.6958163270483,580.5389734375004,602.4898765625005,135.8593358502828,0.42857142857142866,0.4200000000000001,0.0
PHASE 3B,483,387200,384,2269.9035368021896,1224.6574964700471,2814.6958163270483,580.5389734375004,602.4898765625005,135.8593358502828,0.46571428571428575,0.40428571428571425,0.0
PHASE 3B,484,388000,388,2285.070242064699,1389.5084695478924,2814.6958163270483,582.3290223958338,609.3313244791672,136.67623689872153,0.0,0.0,0.0
PHASE 3B,485,388800,388,2285.070242064699,1389.5084695478924,2814.6958163270483,582.3290223958339,609.3313244791672,136.67623689872156,0.4185714285714286,0.44714285714285723,0.0
PHASE 3B,486,389600,388,2285.070242064699,1389.5084695478924,2814.6958163270483,582.3290223958339,609.3313244791672,136.67623689872156,0.4928571428571429,0.4257142857142857,0.0
PHASE 3B,487,390400,388,2285.070242064699,1389.5084695478924,2814.6958163270483,582.3290223958339,609.3313244791672,136.67623689872156,0.3928571428571429,0.42857142857142855,0.0
PHASE 3B,488,391200,388,2285.070242064699,1389.5084695478924,2814.6958163270483,582.3290223958339,609.3313244791672,136.67623689872156,0.4242857142857144,0.4142857142857143,0.0
PHASE 3B,489,392000,392,2292.0681208386873,1389.5084695478924,2814.6958163270483,585.6646796875006,610.1903494791673,137.0266364590118,0.0,0.0,0.0
PHASE 3B,490,392800,392,2292.0681208386877,1389.5084695478924,2814.6958163270483,585.6646796875004,610.1903494791673,137.0266364590118,0.4742857142857143,0.47285714285714286,0.0
PHASE 3B,491,393600,392,2292.0681208386877,1389.5084695478924,2814.6958163270483,585.6646796875004,610.1903494791673,137.0266364590118,0.3928571428571429,0.4557142857142858,0.0
PHASE 3B,492,394400,392,2292.0681208386877,1389.5084695478924,2814.6958163270483,585.6646796875004,610.1903494791673,137.0266364590118,0.4471428571428572,0.4800000000000001,0.0
PHASE 3B,493,395200,392,2292.0681208386877,1389.5084695478924,2814.6958163270483,585.6646796875004,610.1903494791673,137.0266364590118,0.38428571428571434,0.3728571428571429,0.0
PHASE 3B,494,396000,396,2295.698081263944,1389.5084695478924,2814.6958163270483,586.5505869791672,610.2792953125005,137.35852487154378,0.0,0.0,0.0
PHASE 3B,495,396800,396,2295.6980812639445,1389.5084695478924,2814.6958163270483,586.5505869791672,610.2792953125005,137.35852487154378,0.52,0.5371428571428571,0.0
PHASE 3B,496,397600,396,2295.6980812639445,1389.5084695478924,2814.6958163270483,586.5505869791672,610.2792953125005,137.35852487154378,0.4357142857142858,0.43,0.0
PHASE 3B,497,398400,396,2295.6980812639445,1389.5084695478924,2814.6958163270483,586.5505869791672,610.2792953125005,137.35852487154378,0.45999999999999996,0.43285714285714283,0.0
PHASE 3B,498,399200,396,2295.6980812639445,1389.5084695478924,2814.6958163270483,586.5505869791672,610.2792953125005,137.35852487154378,0.3871428571428572,0.48285714285714293,0.0
PHASE 3B,499,400000,400,2295.5627243147615,1389.5084695478924,2814.6958163270483,590.6926372395837,606.0906776041672,137.34742618388546,0.0,0.0,0.0
PHASE 3B,500,400800,400,2295.5627243147615,1389.5084695478924,2814.6958163270483,590.6926372395837,606.0906776041671,137.34742618388546,0.40714285714285714,0.41,0.0
PHASE 3B,501,401600,400,2295.5627243147615,1389.5084695478924,2814.6958163270483,590.6926372395837,606.0906776041671,137.34742618388546,0.4671428571428572,0.42857142857142855,0.0
PHASE 3B,502,402400,400,2295.5627243147615,1389.5084695478924,2814.6958163270483,590.6926372395837,606.0906776041671,137.34742618388546,0.42857142857142855,0.44857142857142857,0.0
PHASE 3B,503,403200,400,2295.5627243147615,1389.5084695478924,2814.6958163270483,590.6926372395837,606.0906776041671,137.34742618388546,0.47000000000000003,0.45714285714285713,0.0
PHASE 3B,504,404000,404,2297.768772865741,1389.5084695478924,2814.6958163270483,590.9098414062505,606.5522057291671,137.53834071629953,0.0,0.0,0.0
PHASE 3B,505,404800,404,2297.768772865741,1389.5084695478924,2814.6958163270483,590.9098414062505,606.5522057291671,137.53834071629953,0.4571428571428572,0.582857142857143,0.0
PHASE 3B,506,405600,404,2297.768772865741,1389.5084695478924,2814.6958163270483,590.9098414062505,606.5522057291671,137.53834071629953,0.45857142857142863,0.4057142857142857,0.0
PHASE 3B,507,406400,404,2297.768772865741,1389.5084695478924,2814.6958163270483,590.9098414062505,606.5522057291671,137.53834071629953,0.4257142857142858,0.39142857142857146,0.0
PHASE 3B,508,407200,404,2297.768772865741,1389.5084695478924,2814.6958163270483,590.9098414062505,606.5522057291671,137.53834071629953,0.41571428571428565,0.42000000000000004,0.0
PHASE 3B,509,408000,408,2316.4644573427404,1555.4976070296734,2814.6958163270483,594.7376070312505,612.1234877604171,138.7004203188932,0.0,0.0,0.0
PHASE 3B,510,408800,408,2316.4644573427404,1555.4976070296734,2814.6958163270483,594.7376070312505,612.1234877604172,138.70042031889318,0.45285714285714285,0.4314285714285715,0.0
PHASE 3B,511,409600,408,2316.4644573427404,1555.4976070296734,2814.6958163270483,594.7376070312505,612.1234877604172,138.70042031889318,0.32999999999999996,0.3928571428571429,0.0
PHASE 3B,512,410400,408,2316.4644573427404,1555.4976070296734,2814.6958163270483,594.7376070312505,612.1234877604172,138.70042031889318,0.39142857142857146,0.48142857142857143,0.0
PHASE 3B,513,411200,408,2316.4644573427404,1555.4976070296734,2814.6958163270483,594.7376070312505,612.1234877604172,138.70042031889318,0.3542857142857143,0.4828571428571428,0.0
PHASE 3B,514,412000,412,2318.8816557764467,1555.4976070296734,2814.6958163270483,598.8336195312504,608.7345294270839,138.91418835227316,0.0,0.0,0.0
PHASE 3B,515,412800,412,2318.881655776446,1555.4976070296734,2814.6958163270483,598.8336195312506,608.7345294270839,138.91418835227313,0.5428571428571429,0.4700000000000001,0.0
PHASE 3B,516,413600,412,2318.881655776446,1555.4976070296734,2814.6958163270483,598.8336195312506,608.7345294270839,138.91418835227313,0.4957142857142857,0.5242857142857142,0.0
PHASE 3B,517,414400,412,2318.881655776446,1555.4976070296734,2814.6958163270483,598.8336195312506,608.7345294270839,138.91418835227313,0.45285714285714285,0.4128571428571429,0.0
PHASE 3B,518,415200,412,2318.881655776446,1555.4976070296734,2814.6958163270483,598.8336195312506,608.7345294270839,138.91418835227313,0.2942857142857143,0.5714285714285715,0.0
PHASE 3B,519,416000,416,2311.8214007634715,1555.4976070296734,2768.9037764383233,599.1052018229173,603.9231190104172,138.59913499127626,0.0,0.0,0.0
PHASE 3B,520,416800,416,2311.821400763472,1555.4976070296734,2768.9037764383233,599.1052018229173,603.9231190104172,138.5991349912763,0.5028571428571429,0.4928571428571429,0.0
PHASE 3B,521,417600,416,2311.821400763472,1555.4976070296734,2768.9037764383233,599.1052018229173,603.9231190104172,138.5991349912763,0.38000000000000006,0.43714285714285717,0.0
PHASE 3B,522,418400,416,2311.821400763472,1555.4976070296734,2768.9037764383233,599.1052018229173,603.9231190104172,138.5991349912763,0.47142857142857136,0.39571428571428574,0.0
PHASE 3B,523,419200,416,2311.821400763472,1555.4976070296734,2768.9037764383233,599.1052018229173,603.9231190104172,138.5991349912763,0.4357142857142858,0.4871428571428572,0.0
PHASE 3B,524,420000,420,2309.0536079394146,1448.0321690897997,2801.7242806735826,597.9110018229171,603.5122044270838,138.45380021118572,0.0,0.0,0.0
PHASE 3B,525,420800,420,2309.053607939414,1448.0321690897997,2801.7242806735826,597.9110018229171,603.5122044270838,138.4538002111857,0.41714285714285715,0.4471428571428572,0.0
PHASE 3B,526,421600,420,2309.053607939414,1448.0321690897997,2801.7242806735826,597.9110018229171,603.5122044270838,138.4538002111857,0.4414285714285714,0.45428571428571435,0.0
PHASE 3B,527,422400,420,2309.053607939414,1448.0321690897997,2801.7242806735826,597.9110018229171,603.5122044270838,138.4538002111857,0.40428571428571425,0.4385714285714286,0.0
PHASE 3B,528,423200,420,2309.053607939414,1448.0321690897997,2801.7242806735826,597.9110018229171,603.5122044270838,138.4538002111857,0.5,0.5085714285714286,0.0
PHASE 3B,529,424000,424,2311.8484794118303,1448.0321690897997,2801.7242806735826,596.7690893229171,605.5958908854171,138.68543740044603,0.0,0.0,0.0
PHASE 3B,530,424800,424,2311.8484794118303,1448.0321690897997,2801.7242806735826,596.7690893229172,605.5958908854171,138.68543740044603,0.40428571428571436,0.41571428571428576,0.0
PHASE 3B,531,425600,424,2311.8484794118303,1448.0321690897997,2801.7242806735826,596.7690893229172,605.5958908854171,138.68543740044603,0.4142857142857143,0.49428571428571433,0.0
PHASE 3B,532,426400,424,2311.8484794118303,1448.0321690897997,2801.7242806735826,596.7690893229172,605.5958908854171,138.68543740044603,0.4185714285714286,0.5171428571428571,0.0
PHASE 3B,533,427200,424,2311.8484794118303,1448.0321690897997,2801.7242806735826,596.7690893229172,605.5958908854171,138.68543740044603,0.34142857142857147,0.4271428571428572,0.0
PHASE 3B,534,428000,428,2300.845301660097,1448.0321690897997,2801.7242806735826,593.2643372395839,603.7323481770838,137.98107703043772,0.0,0.0,0.0
PHASE 3B,535,428800,428,2300.8453016600974,1448.0321690897997,2801.7242806735826,593.2643372395838,603.7323481770837,137.98107703043772,0.4942857142857142,0.45285714285714285,0.0
PHASE 3B,536,429600,428,2300.8453016600974,1448.0321690897997,2801.7242806735826,593.2643372395838,603.7323481770837,137.98107703043772,0.4128571428571429,0.5485714285714286,0.0
PHASE 3B,537,430400,428,2300.8453016600974,1448.0321690897997,2801.7242806735826,593.2643372395838,603.7323481770837,137.98107703043772,0.38571428571428573,0.5028571428571429,0.0
PHASE 3B,538,431200,428,2300.8453016600974,1448.0321690897997,2801.7242806735826,593.2643372395838,603.7323481770837,137.98107703043772,0.45,0.47000000000000003,0.0
PHASE 3B,539,432000,432,2304.4722456171085,1448.0321690897997,2801.7242806735826,592.0711789062505,606.8954888020837,138.1881972386058,0.0,0.0,0.0
PHASE 3B,540,432800,432,2304.472245617109,1448.0321690897997,2801.7242806735826,592.0711789062505,606.8954888020838,138.1881972386058,0.4071428571428572,0.4471428571428572,0.0
PHASE 3B,541,433600,432,2304.472245617109,1448.0321690897997,2801.7242806735826,592.0711789062505,606.8954888020838,138.1881972386058,0.40857142857142853,0.32142857142857145,0.0
PHASE 3B,542,434400,432,2304.472245617109,1448.0321690897997,2801.7242806735826,592.0711789062505,606.8954888020838,138.1881972386058,0.4,0.41714285714285715,0.0
PHASE 3B,543,435200,432,2304.472245617109,1448.0321690897997,2801.7242806735826,592.0711789062505,606.8954888020838,138.1881972386058,0.43428571428571433,0.44857142857142857,0.0
PHASE 3B,544,436000,436,2293.840782562462,1448.0321690897997,2801.7242806735826,588.2761434895839,604.8909416666671,137.58421217578544,0.0,0.0,0.0
PHASE 3B,545,436800,436,2293.8407825624627,1448.0321690897997,2801.7242806735826,588.2761434895839,604.8909416666672,137.58421217578544,0.4757142857142857,0.36714285714285716,0.0
PHASE 3B,546,437600,436,2293.8407825624627,1448.0321690897997,2801.7242806735826,588.2761434895839,604.8909416666672,137.58421217578544,0.4271428571428572,0.34142857142857147,0.0
PHASE 3B,547,438400,436,2293.8407825624627,1448.0321690897997,2801.7242806735826,588.2761434895839,604.8909416666672,137.58421217578544,0.4885714285714286,0.5242857142857142,0.0
PHASE 3B,548,439200,436,2293.8407825624627,1448.0321690897997,2801.7242806735826,588.2761434895839,604.8909416666672,137.58421217578544,0.42000000000000004,0.4071428571428572,0.0
PHASE 3B,549,440000,440,2294.6158122113643,1448.0321690897997,2801.7242806735826,589.5039236979172,603.8662627604173,137.65570321913782,0.0,0.0,0.0
PHASE 3B,550,440800,440,2294.6158122113643,1448.0321690897997,2801.7242806735826,589.5039236979172,603.866262760417,137.65570321913782,0.4557142857142858,0.4800000000000001,0.0
PHASE 3B,551,441600,440,2294.6158122113643,1448.0321690897997,2801.7242806735826,589.5039236979172,603.866262760417,137.65570321913782,0.42000000000000004,0.4585714285714285,0.0
PHASE 3B,552,442400,440,2294.6158122113643,1448.0321690897997,2801.7242806735826,589.5039236979172,603.866262760417,137.65570321913782,0.3485714285714286,0.40285714285714286,0.0
PHASE 3B,553,443200,440,2294.6158122113643,1448.0321690897997,2801.7242806735826,589.5039236979172,603.866262760417,137.65570321913782,0.4742857142857143,0.46142857142857147,0.0
PHASE 3B,554,444000,444,2284.323697888461,1448.0321690897997,2801.7242806735826,587.0352643229172,599.478409635417,137.22625299127492,0.0,0.0,0.0
PHASE 3B,555,444800,444,2284.3236978884606,1448.0321690897997,2801.7242806735826,587.0352643229172,599.4784096354172,137.22625299127492,0.36000000000000004,0.4185714285714286,0.0
PHASE 3B,556,445600,444,2284.3236978884606,1448.0321690897997,2801.7242806735826,587.0352643229172,599.4784096354172,137.22625299127492,0.5071428571428571,0.4957142857142857,0.0
PHASE 3B,557,446400,444,2284.3236978884606,1448.0321690897997,2801.7242806735826,587.0352643229172,599.4784096354172,137.22625299127492,0.5157142857142858,0.43285714285714294,0.0
PHASE 3B,558,447200,444,2284.3236978884606,1448.0321690897997,2801.7242806735826,587.0352643229172,599.4784096354172,137.22625299127492,0.42285714285714293,0.5014285714285714,0.0
PHASE 3B,559,448000,448,2290.682804858571,1448.0321690897997,2801.7242806735826,592.1908205729172,598.3478018229173,137.51802280785122,0.0,0.0,0.0
PHASE 3B,560,448800,448,2290.682804858571,1448.0321690897997,2801.7242806735826,592.1908205729173,598.3478018229172,137.51802280785125,0.4185714285714286,0.45999999999999996,0.0
PHASE 3B,561,449600,448,2290.682804858571,1448.0321690897997,2801.7242806735826,592.1908205729173,598.3478018229172,137.51802280785125,0.48285714285714293,0.4114285714285715,0.0
PHASE 3B,562,450400,448,2290.682804858571,1448.0321690897997,2801.7242806735826,592.1908205729173,598.3478018229172,137.51802280785125,0.4,0.39714285714285713,0.0
PHASE 3B,563,451200,448,2290.682804858571,1448.0321690897997,2801.7242806735826,592.1908205729173,598.3478018229172,137.51802280785125,0.41714285714285715,0.4714285714285714,0.0
PHASE 3B,564,452000,452,2291.249242838085,1448.0321690897997,2801.7242806735826,591.259555989584,599.4840278645838,137.56320737299887,0.0,0.0,0.0
PHASE 3B,565,452800,452,2291.2492428380856,1448.0321690897997,2801.7242806735826,591.2595559895839,599.4840278645838,137.56320737299885,0.5214285714285716,0.49000000000000005,0.0
PHASE 3B,566,453600,452,2291.2492428380856,1448.0321690897997,2801.7242806735826,591.2595559895839,599.4840278645838,137.56320737299885,0.4385714285714286,0.4142857142857143,0.0
PHASE 3B,567,454400,452,2291.2492428380856,1448.0321690897997,2801.7242806735826,591.2595559895839,599.4840278645838,137.56320737299885,0.39428571428571435,0.4428571428571429,0.0
PHASE 3B,568,455200,452,2291.2492428380856,1448.0321690897997,2801.7242806735826,591.2595559895839,599.4840278645838,137.56320737299885,0.3671428571428571,0.53,0.0
PHASE 3B,569,456000,456,2287.0763719060396,1448.0321690897997,2801.7242806735826,591.4042950520839,597.1107893229172,137.320160941389,0.0,0.0,0.0
PHASE 3B,570,456800,456,2287.0763719060396,1448.0321690897997,2801.7242806735826,591.4042950520839,597.1107893229171,137.320160941389,0.46000000000000013,0.46285714285714297,0.0
PHASE 3B,571,457600,456,2287.0763719060396,1448.0321690897997,2801.7242806735826,591.4042950520839,597.1107893229171,137.320160941389,0.43428571428571433,0.42000000000000004,0.0
PHASE 3B,572,458400,456,2287.0763719060396,1448.0321690897997,2801.7242806735826,591.4042950520839,597.1107893229171,137.320160941389,0.4485714285714287,0.4585714285714285,0.0
PHASE 3B,573,459200,456,2287.0763719060396,1448.0321690897997,2801.7242806735826,591.4042950520839,597.1107893229171,137.320160941389,0.49428571428571433,0.43714285714285717,0.0
PHASE 3B,574,460000,460,2300.4303716071754,1448.0321690897997,2801.7242806735826,594.2808463541671,602.0215861979171,138.0159923818956,0.0,0.0,0.0
PHASE 3B,575,460800,460,2300.4303716071754,1448.0321690897997,2801.7242806735826,594.2808463541671,602.0215861979173,138.0159923818956,0.47571428571428565,0.4842857142857143,0.0
PHASE 3B,576,461600,460,2300.4303716071754,1448.0321690897997,2801.7242806735826,594.2808463541671,602.0215861979173,138.0159923818956,0.49714285714285716,0.48571428571428577,0.0
PHASE 3B,577,462400,460,2300.4303716071754,1448.0321690897997,2801.7242806735826,594.2808463541671,602.0215861979173,138.0159923818956,0.4014285714285714,0.49428571428571433,0.0
PHASE 3B,578,463200,460,2300.4303716071754,1448.0321690897997,2801.7242806735826,594.2808463541671,602.0215861979173,138.0159923818956,0.42428571428571427,0.3885714285714286,0.0
PHASE 3B,579,464000,464,2296.6516481856183,1448.0321690897997,2801.7242806735826,591.3225213541671,603.1019184895838,137.77840104274262,0.0,0.0,0.0
PHASE 3B,580,464800,464,2296.651648185618,1448.0321690897997,2801.7242806735826,591.3225213541671,603.1019184895838,137.77840104274262,0.45428571428571435,0.4557142857142857,0.0
PHASE 3B,581,465600,464,2296.651648185618,1448.0321690897997,2801.7242806735826,591.3225213541671,603.1019184895838,137.77840104274262,0.51,0.5171428571428571,0.0
PHASE 3B,582,466400,464,2296.651648185618,1448.0321690897997,2801.7242806735826,591.3225213541671,603.1019184895838,137.77840104274262,0.4571428571428572,0.5342857142857144,0.0
PHASE 3B,583,467200,464,2296.651648185618,1448.0321690897997,2801.7242806735826,591.3225213541671,603.1019184895838,137.77840104274262,0.42142857142857154,0.43285714285714294,0.0
PHASE 3B,584,468000,468,2309.855942227524,1448.0321690897997,2801.7242806735826,595.5772369791671,607.4869726562505,138.34896657402263,0.0,0.0,0.0
PHASE 3B,585,468800,468,2309.855942227524,1448.0321690897997,2801.7242806735826,595.5772369791673,607.4869726562505,138.34896657402263,0.45714285714285713,0.5171428571428572,0.0
PHASE 3B,586,469600,468,2309.855942227524,1448.0321690897997,2801.7242806735826,595.5772369791673,607.4869726562505,138.34896657402263,0.4228571428571429,0.4842857142857143,0.0
PHASE 3B,587,470400,468,2309.855942227524,1448.0321690897997,2801.7242806735826,595.5772369791673,607.4869726562505,138.34896657402263,0.39714285714285713,0.3728571428571429,0.0
PHASE 3B,588,471200,468,2309.855942227524,1448.0321690897997,2801.7242806735826,595.5772369791673,607.4869726562505,138.34896657402263,0.4885714285714286,0.46000000000000013,0.0
PHASE 3B,589,472000,472,2323.6466984202825,1448.0321690897997,2801.7242806735826,597.7574515625006,612.9980007812505,139.11140575957572,0.0,0.0,0.0
PHASE 3B,590,472800,472,2323.6466984202825,1448.0321690897997,2801.7242806735826,597.7574515625005,612.9980007812504,139.11140575957572,0.4142857142857143,0.52,0.0
PHASE 3B,591,473600,472,2323.6466984202825,1448.0321690897997,2801.7242806735826,597.7574515625005,612.9980007812504,139.11140575957572,0.5014285714285714,0.4442857142857143,0.0
PHASE 3B,592,474400,472,2323.6466984202825,1448.0321690897997,2801.7242806735826,597.7574515625005,612.9980007812504,139.11140575957572,0.45285714285714285,0.5242857142857142,0.0
PHASE 3B,593,475200,472,2323.6466984202825,1448.0321690897997,2801.7242806735826,597.7574515625005,612.9980007812504,139.11140575957572,0.47857142857142865,0.44571428571428584,0.0
PHASE 3B,594,476000,476,2322.0744017843385,1448.0321690897997,2801.7242806735826,599.1005830729171,611.5825049479172,138.92391422044741,0.0,0.0,0.0
PHASE 3B,595,476800,476,2322.0744017843385,1448.0321690897997,2801.7242806735826,599.1005830729172,611.5825049479172,138.92391422044741,0.5042857142857142,0.4885714285714286,0.0
PHASE 3B,596,477600,476,2322.0744017843385,1448.0321690897997,2801.7242806735826,599.1005830729172,611.5825049479172,138.92391422044741,0.4714285714285714,0.41714285714285715,0.0
PHASE 3B,597,478400,476,2322.0744017843385,1448.0321690897997,2801.7242806735826,599.1005830729172,611.5825049479172,138.92391422044741,0.4628571428571428,0.49142857142857144,0.0
PHASE 3B,598,479200,476,2322.0744017843385,1448.0321690897997,2801.7242806735826,599.1005830729172,611.5825049479172,138.92391422044741,0.4128571428571429,0.42714285714285716,0.0
PHASE 3B,599,480000,480,2329.2766567384842,1448.0321690897997,2801.7242806735826,602.3654851562505,613.0699559895838,139.23015194909064,0.0,0.0,0.0
PHASE 3B,600,480800,480,2329.2766567384847,1448.0321690897997,2801.7242806735826,602.3654851562505,613.069955989584,139.23015194909064,0.49142857142857144,0.5471428571428572,0.0
PHASE 3B,601,481600,480,2329.2766567384847,1448.0321690897997,2801.7242806735826,602.3654851562505,613.069955989584,139.23015194909064,0.3985714285714286,0.4542857142857143,0.0
PHASE 3B,602,482400,480,2329.2766567384847,1448.0321690897997,2801.7242806735826,602.3654851562505,613.069955989584,139.23015194909064,0.4685714285714286,0.42142857142857143,0.0
PHASE 3B,603,483200,480,2329.2766567384847,1448.0321690897997,2801.7242806735826,602.3654851562505,613.069955989584,139.23015194909064,0.4814285714285715,0.48571428571428577,0.0
PHASE 3B,604,484000,484,2332.017202434068,1448.0321690897997,2801.7242806735826,605.3745330729171,612.2150611979172,139.30345102041372,0.0,0.0,0.0
PHASE 3B,605,484800,484,2332.0172024340686,1448.0321690897997,2801.7242806735826,605.3745330729173,612.2150611979173,139.30345102041372,0.5185714285714286,0.46571428571428575,0.0
PHASE 3B,606,485600,484,2332.0172024340686,1448.0321690897997,2801.7242806735826,605.3745330729173,612.2150611979173,139.30345102041372,0.4885714285714286,0.47857142857142865,0.0
PHASE 3B,607,486400,484,2332.0172024340686,1448.0321690897997,2801.7242806735826,605.3745330729173,612.2150611979173,139.30345102041372,0.39714285714285713,0.47428571428571437,0.0
PHASE 3B,608,487200,484,2332.0172024340686,1448.0321690897997,2801.7242806735826,605.3745330729173,612.2150611979173,139.30345102041372,0.3771428571428571,0.41571428571428576,0.0
PHASE 3B,609,488000,488,2328.0813766149313,1448.0321690897997,2801.7242806735826,607.6080546875005,608.1620153645839,139.0389133203653,0.0,0.0,0.0
PHASE 3B,610,488800,488,2328.0813766149313,1448.0321690897997,2801.7242806735826,607.6080546875005,608.1620153645838,139.0389133203653,0.43428571428571433,0.472857142857143,0.0
PHASE 3B,611,489600,488,2328.0813766149313,1448.0321690897997,2801.7242806735826,607.6080546875005,608.1620153645838,139.0389133203653,0.4642857142857143,0.4542857142857143,0.0
PHASE 3B,612,490400,488,2328.0813766149313,1448.0321690897997,2801.7242806735826,607.6080546875005,608.1620153645838,139.0389133203653,0.4228571428571429,0.472857142857143,0.0
PHASE 3B,613,491200,488,2328.0813766149313,1448.0321690897997,2801.7242806735826,607.6080546875005,608.1620153645838,139.0389133203653,0.4957142857142857,0.4885714285714286,0.0
PHASE 3B,614,492000,492,2330.0688609681815,1448.0321690897997,2801.7242806735826,607.6356536458338,609.3930091145838,139.13002477597985,0.0,0.0,0.0
PHASE 3B,615,492800,492,2330.0688609681815,1448.0321690897997,2801.7242806735826,607.6356536458337,609.3930091145837,139.13002477597985,0.4071428571428572,0.5328571428571429,0.0
PHASE 3B,616,493600,492,2330.0688609681815,1448.0321690897997,2801.7242806735826,607.6356536458337,609.3930091145837,139.13002477597985,0.49428571428571433,0.48,0.0
PHASE 3B,617,494400,492,2330.0688609681815,1448.0321690897997,2801.7242806735826,607.6356536458337,609.3930091145837,139.13002477597985,0.48571428571428577,0.42142857142857143,0.0
PHASE 3B,618,495200,492,2330.0688609681815,1448.0321690897997,2801.7242806735826,607.6356536458337,609.3930091145837,139.13002477597985,0.5285714285714286,0.3814285714285714,0.0
PHASE 3B,619,496000,496,2341.3331445354083,1448.0321690897997,2801.7242806735826,610.8336109375005,613.1619320312504,139.66720019584162,0.0,0.0,0.0
PHASE 3B,620,496800,496,2341.333144535408,1448.0321690897997,2801.7242806735826,610.8336109375006,613.1619320312506,139.66720019584162,0.4742857142857143,0.4314285714285715,0.0
PHASE 3B,621,497600,496,2341.333144535408,1448.0321690897997,2801.7242806735826,610.8336109375006,613.1619320312506,139.66720019584162,0.4242857142857144,0.45,0.0
PHASE 3B,622,498400,496,2341.333144535408,1448.0321690897997,2801.7242806735826,610.8336109375006,613.1619320312506,139.66720019584162,0.5171428571428571,0.48571428571428577,0.0
PHASE 3B,623,499200,496,2341.333144535408,1448.0321690897997,2801.7242806735826,610.8336109375006,613.1619320312506,139.66720019584162,0.4642857142857143,0.43285714285714294,0.0
PHASE 3B,624,500000,500,2351.5541144804315,1448.0321690897997,2817.9877919836467,610.2457380208339,620.1737257812506,140.141831334803,0.0,0.0,0.0
PHASE 3B,625,500800,500,2351.5541144804315,1448.0321690897997,2817.9877919836467,610.2457380208339,620.1737257812505,140.141831334803,0.4071428571428572,0.4442857142857143,0.0
PHASE 3B,626,501600,500,2351.5541144804315,1448.0321690897997,2817.9877919836467,610.2457380208339,620.1737257812505,140.141831334803,0.3871428571428572,0.45,0.0
PHASE 3B,627,502400,500,2351.5541144804315,1448.0321690897997,2817.9877919836467,610.2457380208339,620.1737257812505,140.141831334803,0.4642857142857143,0.40285714285714286,0.0
PHASE 3B,628,503200,500,2351.5541144804315,1448.0321690897997,2817.9877919836467,610.2457380208339,620.1737257812505,140.141831334803,0.52,0.43714285714285717,0.0
PHASE 3B,629,504000,504,2353.532666177261,1448.0321690897997,2968.002667957991,612.6970973958338,619.8920513020838,140.11793968492756,0.0,0.0,0.0
PHASE 3B,630,504800,504,2353.5326661772615,1448.0321690897997,2968.002667957991,612.6970973958338,619.8920513020838,140.11793968492756,0.4571428571428572,0.4628571428571428,0.0
PHASE 3B,631,505600,504,2353.5326661772615,1448.0321690897997,2968.002667957991,612.6970973958338,619.8920513020838,140.11793968492756,0.43428571428571433,0.52,0.0
PHASE 3B,632,506400,504,2353.5326661772615,1448.0321690897997,2968.002667957991,612.6970973958338,619.8920513020838,140.11793968492756,0.44142857142857145,0.4642857142857143,0.0
PHASE 3B,633,507200,504,2353.5326661772615,1448.0321690897997,2968.002667957991,612.6970973958338,619.8920513020838,140.11793968492756,0.4642857142857144,0.4928571428571429,0.0
PHASE 3B,634,508000,508,2349.686955229521,1448.0321690897997,2968.002667957991,615.3132182291672,615.7016869791672,139.834006252658,0.0,0.0,0.0
PHASE 3B,635,508800,508,2349.6869552295207,1448.0321690897997,2968.002667957991,615.3132182291672,615.7016869791671,139.834006252658,0.47428571428571437,0.41,0.0
PHASE 3B,636,509600,508,2349.6869552295207,1448.0321690897997,2968.002667957991,615.3132182291672,615.7016869791671,139.834006252658,0.40714285714285714,0.5085714285714286,0.0
PHASE 3B,637,510400,508,2349.6869552295207,1448.0321690897997,2968.002667957991,615.3132182291672,615.7016869791671,139.834006252658,0.4742857142857143,0.44714285714285723,0.0
PHASE 3B,638,511200,508,2349.6869552295207,1448.0321690897997,2968.002667957991,615.3132182291672,615.7016869791671,139.834006252658,0.4442857142857143,0.4542857142857143,0.0
PHASE 3B,639,512000,512,2349.04539153729,1448.0321690897997,3040.9077033972517,616.5030734375005,614.1075244791672,139.8043492025875,0.0,0.0,0.0
PHASE 3B,640,512800,512,2349.04539153729,1448.0321690897997,3040.9077033972517,616.5030734375006,614.1075244791671,139.80434920258753,0.4828571428571428,0.44571428571428573,0.0
PHASE 3B,641,513600,512,2349.04539153729,1448.0321690897997,3040.9077033972517,616.5030734375006,614.1075244791671,139.80434920258753,0.4200000000000001,0.4385714285714286,0.0
PHASE 3B,642,514400,512,2349.04539153729,1448.0321690897997,3040.9077033972517,616.5030734375006,614.1075244791671,139.80434920258753,0.4128571428571429,0.48142857142857143,0.0
PHASE 3B,643,515200,512,2349.04539153729,1448.0321690897997,3040.9077033972517,616.5030734375006,614.1075244791671,139.80434920258753,0.47857142857142854,0.4671428571428572,0.0
PHASE 3B,644,516000,516,2343.9049835505243,1448.0321690897997,3040.9077033972517,613.4347156250005,615.7438390625005,139.3408036078877,0.0,0.0,0.0
PHASE 3B,645,516800,516,2343.904983550525,1448.0321690897997,3040.9077033972517,613.4347156250006,615.7438390625005,139.3408036078877,0.3857142857142858,0.4957142857142857,0.0
PHASE 3B,646,517600,516,2343.904983550525,1448.0321690897997,3040.9077033972517,613.4347156250006,615.7438390625005,139.3408036078877,0.44000000000000006,0.46571428571428575,0.0
PHASE 3B,647,518400,516,2343.904983550525,1448.0321690897997,3040.9077033972517,613.4347156250006,615.7438390625005,139.3408036078877,0.45285714285714296,0.41,0.0
PHASE 3B,648,519200,516,2343.904983550525,1448.0321690897997,3040.9077033972517,613.4347156250006,615.7438390625005,139.3408036078877,0.5014285714285714,0.3328571428571429,0.0
PHASE 3B,649,520000,520,2353.4752762421385,1602.9509109780959,3040.9077033972517,615.9941541666673,618.6892880208338,139.84897925683953,0.0,0.0,0.0
PHASE 3B,650,520800,520,2353.4752762421385,1602.9509109780959,3040.9077033972517,615.9941541666672,618.6892880208338,139.84897925683953,0.4557142857142858,0.46571428571428575,0.0
PHASE 3B,651,521600,520,2353.4752762421385,1602.9509109780959,3040.9077033972517,615.9941541666672,618.6892880208338,139.84897925683953,0.4428571428571429,0.38,0.0
PHASE 3B,652,522400,520,2353.4752762421385,1602.9509109780959,3040.9077033972517,615.9941541666672,618.6892880208338,139.84897925683953,0.4757142857142857,0.43714285714285717,0.0
PHASE 3B,653,523200,520,2353.4752762421385,1602.9509109780959,3040.9077033972517,615.9941541666672,618.6892880208338,139.84897925683953,0.5157142857142858,0.44142857142857145,0.0
PHASE 3B,654,524000,524,2353.7670949154945,1602.9509109780959,3040.9077033972517,614.8521854166672,620.1786276041671,139.84203523684235,0.0,0.0,0.0
PHASE 3B,655,524800,524,2353.767094915494,1602.9509109780959,3040.9077033972517,614.8521854166671,620.1786276041671,139.84203523684238,0.4514285714285714,0.4957142857142857,0.0
PHASE 3B,656,525600,524,2353.767094915494,1602.9509109780959,3040.9077033972517,614.8521854166671,620.1786276041671,139.84203523684238,0.49714285714285716,0.45428571428571435,0.0
PHASE 3B,657,526400,524,2353.767094915494,1602.9509109780959,3040.9077033972517,614.8521854166671,620.1786276041671,139.84203523684238,0.4928571428571429,0.46428571428571425,0.0
PHASE 3B,658,527200,524,2353.767094915494,1602.9509109780959,3040.9077033972517,614.8521854166671,620.1786276041671,139.84203523684238,0.4614285714285714,0.3914285714285714,0.0
PHASE 3B,659,528000,528,2345.5679595095503,1602.9509109780959,3040.9077033972517,612.3393406250004,618.3021416666671,139.36580965224522,0.0,0.0,0.0
PHASE 3B,660,528800,528,2345.5679595095503,1602.9509109780959,3040.9077033972517,612.3393406250004,618.3021416666671,139.36580965224522,0.4771428571428572,0.43000000000000005,0.0
PHASE 3B,661,529600,528,2345.5679595095503,1602.9509109780959,3040.9077033972517,612.3393406250004,618.3021416666671,139.36580965224522,0.45285714285714285,0.42428571428571427,0.0
PHASE 3B,662,530400,528,2345.5679595095503,1602.9509109780959,3040.9077033972517,612.3393406250004,618.3021416666671,139.36580965224522,0.4885714285714286,0.4757142857142858,0.0
PHASE 3B,663,531200,528,2345.5679595095503,1602.9509109780959,3040.9077033972517,612.3393406250004,618.3021416666671,139.36580965224522,0.3857142857142857,0.3957142857142858,0.0
PHASE 3B,664,532000,532,2337.179293851954,1602.9509109780959,3040.9077033972517,610.7715250000005,615.5125177083338,138.86190639296248,0.0,0.0,0.0
PHASE 3B,665,532800,532,2337.1792938519543,1602.9509109780959,3040.9077033972517,610.7715250000006,615.5125177083338,138.86190639296248,0.4757142857142858,0.46571428571428586,0.0
PHASE 3B,666,533600,532,2337.1792938519543,1602.9509109780959,3040.9077033972517,610.7715250000006,615.5125177083338,138.86190639296248,0.5,0.5028571428571429,0.0
PHASE 3B,667,534400,532,2337.1792938519543,1602.9509109780959,3040.9077033972517,610.7715250000006,615.5125177083338,138.86190639296248,0.47000000000000003,0.5028571428571429,0.0
PHASE 3B,668,535200,532,2337.1792938519543,1602.9509109780959,3040.9077033972517,610.7715250000006,615.5125177083338,138.86190639296248,0.4171428571428571,0.4442857142857143,0.0
PHASE 3B,669,536000,536,2342.138739910692,1602.9509109780959,3040.9077033972517,614.3354406250005,614.9142192708339,139.11113500186718,0.0,0.0,0.0
PHASE 3B,670,536800,536,2342.1387399106925,1602.9509109780959,3040.9077033972517,614.3354406250005,614.9142192708339,139.11113500186718,0.5014285714285716,0.4671428571428572,0.0
PHASE 3B,671,537600,536,2342.1387399106925,1602.9509109780959,3040.9077033972517,614.3354406250005,614.9142192708339,139.11113500186718,0.45857142857142863,0.5071428571428571,0.0
PHASE 3B,672,538400,536,2342.1387399106925,1602.9509109780959,3040.9077033972517,614.3354406250005,614.9142192708339,139.11113500186718,0.44571428571428573,0.4185714285714286,0.0
PHASE 3B,673,539200,536,2342.1387399106925,1602.9509109780959,3040.9077033972517,614.3354406250005,614.9142192708339,139.11113500186718,0.44142857142857145,0.42000000000000004,0.0
PHASE 3B,674,540000,540,2347.5845538684594,1602.9509109780959,3040.9077033972517,615.9954843750005,617.2344380208339,139.29432893408813,0.0,0.0,0.0
PHASE 3B,675,540800,540,2347.5845538684603,1602.9509109780959,3040.9077033972517,615.9954843750005,617.2344380208339,139.29432893408813,0.4628571428571429,0.46714285714285725,0.0
PHASE 3B,676,541600,540,2347.5845538684603,1602.9509109780959,3040.9077033972517,615.9954843750005,617.2344380208339,139.29432893408813,0.4185714285714286,0.46571428571428575,0.0
PHASE 3B,677,542400,540,2347.5845538684603,1602.9509109780959,3040.9077033972517,615.9954843750005,617.2344380208339,139.29432893408813,0.5071428571428573,0.472857142857143,0.0
PHASE 3B,678,543200,540,2347.5845538684603,1602.9509109780959,3040.9077033972517,615.9954843750005,617.2344380208339,139.29432893408813,0.46571428571428575,0.4542857142857143,0.0
PHASE 3B,679,544000,544,2359.176665237921,1602.9509109780959,3040.9077033972517,620.4403614583339,620.370247395834,139.79575704797907,0.0,0.0,0.0
PHASE 3B,680,544800,544,2359.1766652379206,1602.9509109780959,3040.9077033972517,620.4403614583339,620.370247395834,139.79575704797907,0.51,0.47857142857142854,0.0
PHASE 3B,681,545600,544,2359.1766652379206,1602.9509109780959,3040.9077033972517,620.4403614583339,620.370247395834,139.79575704797907,0.55,0.39571428571428574,0.0
PHASE 3B,682,546400,544,2359.1766652379206,1602.9509109780959,3040.9077033972517,620.4403614583339,620.370247395834,139.79575704797907,0.4557142857142857,0.4385714285714286,0.0
PHASE 3B,683,547200,544,2359.1766652379206,1602.9509109780959,3040.9077033972517,620.4403614583339,620.370247395834,139.79575704797907,0.42857142857142855,0.47000000000000003,0.0
PHASE 3B,684,548000,548,2351.755628994709,1602.9509109780959,3040.9077033972517,614.4499125000004,621.6633197916673,139.45529958789012,0.0,0.0,0.0
PHASE 3B,685,548800,548,2351.7556289947092,1602.9509109780959,3040.9077033972517,614.4499125000006,621.663319791667,139.4552995878901,0.3771428571428571,0.44142857142857145,0.0
PHASE 3B,686,549600,548,2351.7556289947092,1602.9509109780959,3040.9077033972517,614.4499125000006,621.663319791667,139.4552995878901,0.42714285714285716,0.44571428571428573,0.0
PHASE 3B,687,550400,548,2351.7556289947092,1602.9509109780959,3040.9077033972517,614.4499125000006,621.663319791667,139.4552995878901,0.39,0.5428571428571429,0.0
PHASE 3B,688,551200,548,2351.7556289947092,1602.9509109780959,3040.9077033972517,614.4499125000006,621.663319791667,139.4552995878901,0.42142857142857154,0.4557142857142858,0.0
PHASE 3B,689,552000,552,2340.258882581349,1242.4759533987658,3040.9077033972517,611.4265229166672,618.0651343750005,138.84590316121992,0.0,0.0,0.0
PHASE 3B,690,552800,552,2340.258882581349,1242.4759533987658,3040.9077033972517,611.4265229166671,618.0651343750005,138.84590316121992,0.4685714285714286,0.4871428571428571,0.0
PHASE 3B,691,553600,552,2340.258882581349,1242.4759533987658,3040.9077033972517,611.4265229166671,618.0651343750005,138.84590316121992,0.4700000000000001,0.3614285714285715,0.0
PHASE 3B,692,554400,552,2340.258882581349,1242.4759533987658,3040.9077033972517,611.4265229166671,618.0651343750005,138.84590316121992,0.4057142857142858,0.5471428571428572,0.0
PHASE 3B,693,555200,552,2340.258882581349,1242.4759533987658,3040.9077033972517,611.4265229166671,618.0651343750005,138.84590316121992,0.48571428571428577,0.4357142857142858,0.0
PHASE 3B,694,556000,556,2350.436947764438,1242.4759533987658,3102.4635800843375,618.5042703125005,617.7637958333338,139.27111020233514,0.0,0.0,0.0
PHASE 3B,695,556800,556,2350.4369477644377,1242.4759533987658,3102.4635800843375,618.5042703125005,617.7637958333339,139.27111020233514,0.47428571428571437,0.4757142857142858,0.0
PHASE 3B,696,557600,556,2350.4369477644377,1242.4759533987658,3102.4635800843375,618.5042703125005,617.7637958333339,139.27111020233514,0.42857142857142855,0.3885714285714285,0.0
PHASE 3B,697,558400,556,2350.4369477644377,1242.4759533987658,3102.4635800843375,618.5042703125005,617.7637958333339,139.27111020233514,0.4685714285714286,0.4385714285714286,0.0
PHASE 3B,698,559200,556,2350.4369477644377,1242.4759533987658,3102.4635800843375,618.5042703125005,617.7637958333339,139.27111020233514,0.48571428571428577,0.5057142857142857,0.0
PHASE 3B,699,560000,560,2357.2826404655857,1242.4759533987658,3102.4635800843375,618.9030848958338,621.3795541666673,139.6250001753953,0.0,0.0,0.0
PHASE 3B,700,560800,560,2357.2826404655857,1242.4759533987658,3102.4635800843375,618.903084895834,621.3795541666672,139.6250001753953,0.44571428571428573,0.5085714285714287,0.0
PHASE 3B,701,561600,560,2357.2826404655857,1242.4759533987658,3102.4635800843375,618.903084895834,621.3795541666672,139.6250001753953,0.42857142857142866,0.48285714285714293,0.0
PHASE 3B,702,562400,560,2357.2826404655857,1242.4759533987658,3102.4635800843375,618.903084895834,621.3795541666672,139.6250001753953,0.48571428571428565,0.472857142857143,0.0
PHASE 3B,703,563200,560,2357.2826404655857,1242.4759533987658,3102.4635800843375,618.903084895834,621.3795541666672,139.6250001753953,0.4428571428571428,0.42285714285714293,0.0
PHASE 3B,704,564000,564,2355.7597476440765,1242.4759533987658,3102.4635800843375,617.1924255208339,622.7258135416671,139.48018857270665,0.0,0.0,0.0
PHASE 3B,705,564800,564,2355.7597476440765,1242.4759533987658,3102.4635800843375,617.1924255208339,622.7258135416672,139.48018857270665,0.3942857142857143,0.3985714285714286,0.0
PHASE 3B,706,565600,564,2355.7597476440765,1242.4759533987658,3102.4635800843375,617.1924255208339,622.7258135416672,139.48018857270665,0.4757142857142858,0.46714285714285725,0.0
PHASE 3B,707,566400,564,2355.7597476440765,1242.4759533987658,3102.4635800843375,617.1924255208339,622.7258135416672,139.48018857270665,0.49857142857142855,0.4700000000000001,0.0
PHASE 3B,708,567200,564,2355.7597476440765,1242.4759533987658,3102.4635800843375,617.1924255208339,622.7258135416672,139.48018857270665,0.45,0.4642857142857143,0.0
PHASE 3B,709,568000,568,2348.1595249477746,1242.4759533987658,3102.4635800843375,616.1079651041672,619.7221666666671,139.0411741471272,0.0,0.0,0.0
PHASE 3B,710,568800,568,2348.1595249477746,1242.4759533987658,3102.4635800843375,616.1079651041672,619.7221666666671,139.0411741471272,0.3885714285714286,0.5057142857142857,0.0
PHASE 3B,711,569600,568,2348.1595249477746,1242.4759533987658,3102.4635800843375,616.1079651041672,619.7221666666671,139.0411741471272,0.49571428571428583,0.43285714285714294,0.0
PHASE 3B,712,570400,568,2348.1595249477746,1242.4759533987658,3102.4635800843375,616.1079651041672,619.7221666666671,139.0411741471272,0.4514285714285714,0.4628571428571428,0.0
PHASE 3B,713,571200,568,2348.1595249477746,1242.4759533987658,3102.4635800843375,616.1079651041672,619.7221666666671,139.0411741471272,0.4128571428571429,0.4685714285714286,0.0
PHASE 3B,714,572000,572,2344.5296585949436,1242.4759533987658,3102.4635800843375,615.4314255208338,617.7743239583339,138.91548863948174,0.0,0.0,0.0
PHASE 3B,715,572800,572,2344.5296585949436,1242.4759533987658,3102.4635800843375,615.4314255208337,617.7743239583339,138.91548863948174,0.5114285714285715,0.4557142857142858,0.0
PHASE 3B,716,573600,572,2344.5296585949436,1242.4759533987658,3102.4635800843375,615.4314255208337,617.7743239583339,138.91548863948174,0.41714285714285715,0.48999999999999994,0.0
PHASE 3B,717,574400,572,2344.5296585949436,1242.4759533987658,3102.4635800843375,615.4314255208337,617.7743239583339,138.91548863948174,0.5685714285714286,0.43714285714285717,0.0
PHASE 3B,718,575200,572,2344.5296585949436,1242.4759533987658,3102.4635800843375,615.4314255208337,617.7743239583339,138.91548863948174,0.5671428571428573,0.48571428571428577,0.0
PHASE 3B,719,576000,576,2350.3301030027783,1242.4759533987658,3102.4635800843375,617.7485575520838,618.8718177083339,139.21371596780477,0.0,0.0,0.0
PHASE 3B,720,576800,576,2350.3301030027783,1242.4759533987658,3102.4635800843375,617.7485575520838,618.8718177083339,139.21371596780477,0.42142857142857143,0.48571428571428577,0.0
PHASE 3B,721,577600,576,2350.3301030027783,1242.4759533987658,3102.4635800843375,617.7485575520838,618.8718177083339,139.21371596780477,0.42142857142857154,0.5228571428571429,0.0
PHASE 3B,722,578400,576,2350.3301030027783,1242.4759533987658,3102.4635800843375,617.7485575520838,618.8718177083339,139.21371596780477,0.4171428571428571,0.48285714285714293,0.0
PHASE 3B,723,579200,576,2350.3301030027783,1242.4759533987658,3102.4635800843375,617.7485575520838,618.8718177083339,139.21371596780477,0.3842857142857143,0.45285714285714285,0.0
PHASE 3B,724,580000,580,2353.520317585832,1242.4759533987658,3102.4635800843375,618.1469929687505,619.9147031250005,139.43232768651967,0.0,0.0,0.0
PHASE 3B,725,580800,580,2353.5203175858314,1242.4759533987658,3102.4635800843375,618.1469929687504,619.9147031250006,139.43232768651967,0.3942857142857143,0.4628571428571428,0.0
PHASE 3B,726,581600,580,2353.5203175858314,1242.4759533987658,3102.4635800843375,618.1469929687504,619.9147031250006,139.43232768651967,0.5057142857142857,0.44571428571428584,0.0
PHASE 3B,727,582400,580,2353.5203175858314,1242.4759533987658,3102.4635800843375,618.1469929687504,619.9147031250006,139.43232768651967,0.42428571428571427,0.4257142857142858,0.0
PHASE 3B,728,583200,580,2353.5203175858314,1242.4759533987658,3102.4635800843375,618.1469929687504,619.9147031250006,139.43232768651967,0.5357142857142858,0.4442857142857143,0.0
PHASE 3B,729,584000,584,2362.263559949794,1242.4759533987658,3102.4635800843375,620.3309294270838,622.9223783854172,139.87628151717112,0.0,0.0,0.0
PHASE 3B,730,584800,584,2362.263559949794,1242.4759533987658,3102.4635800843375,620.3309294270839,622.9223783854172,139.87628151717112,0.42428571428571427,0.4057142857142857,0.0
PHASE 3B,731,585600,584,2362.263559949794,1242.4759533987658,3102.4635800843375,620.3309294270839,622.9223783854172,139.87628151717112,0.33857142857142863,0.49714285714285716,0.0
PHASE 3B,732,586400,584,2362.263559949794,1242.4759533987658,3102.4635800843375,620.3309294270839,622.9223783854172,139.87628151717112,0.472857142857143,0.4471428571428572,0.0
PHASE 3B,733,587200,584,2362.263559949794,1242.4759533987658,3102.4635800843375,620.3309294270839,622.9223783854172,139.87628151717112,0.53,0.49857142857142855,0.0
PHASE 3B,734,588000,588,2369.6983670191244,1242.4759533987658,3102.4635800843375,621.8697713541673,625.2413471354172,140.32340606620193,0.0,0.0,0.0
PHASE 3B,735,588800,588,2369.698367019124,1242.4759533987658,3102.4635800843375,621.8697713541671,625.2413471354172,140.32340606620193,0.3628571428571429,0.44714285714285706,0.0
PHASE 3B,736,589600,588,2369.698367019124,1242.4759533987658,3102.4635800843375,621.8697713541671,625.2413471354172,140.32340606620193,0.49142857142857144,0.43,0.0
PHASE 3B,737,590400,588,2369.698367019124,1242.4759533987658,3102.4635800843375,621.8697713541671,625.2413471354172,140.32340606620193,0.4142857142857143,0.43285714285714294,0.0
PHASE 3B,738,591200,588,2369.698367019124,1242.4759533987658,3102.4635800843375,621.8697713541671,625.2413471354172,140.32340606620193,0.4800000000000001,0.4957142857142857,0.0
PHASE 3B,739,592000,592,2377.9186588094926,1242.4759533987658,3102.4635800843375,625.8828932291673,626.0953604166673,140.74255064546685,0.0,0.0,0.0
PHASE 3B,740,592800,592,2377.9186588094926,1242.4759533987658,3102.4635800843375,625.8828932291672,626.0953604166672,140.74255064546688,0.49857142857142855,0.4071428571428572,0.0
PHASE 3B,741,593600,592,2377.9186588094926,1242.4759533987658,3102.4635800843375,625.8828932291672,626.0953604166672,140.74255064546688,0.4385714285714286,0.3757142857142858,0.0
PHASE 3B,742,594400,592,2377.9186588094926,1242.4759533987658,3102.4635800843375,625.8828932291672,626.0953604166672,140.74255064546688,0.5328571428571429,0.3628571428571429,0.0
PHASE 3B,743,595200,592,2377.9186588094926,1242.4759533987658,3102.4635800843375,625.8828932291672,626.0953604166672,140.74255064546688,0.44428571428571423,0.4257142857142857,0.0
PHASE 3B,744,596000,596,2388.0912862917908,1242.4759533987658,3102.4635800843375,627.4276796875005,630.7939104166672,141.23371202346246,0.0,0.0,0.0
PHASE 3B,745,596800,596,2388.091286291791,1242.4759533987658,3102.4635800843375,627.4276796875006,630.7939104166672,141.2337120234625,0.43285714285714283,0.4128571428571429,0.0
PHASE 3B,746,597600,596,2388.091286291791,1242.4759533987658,3102.4635800843375,627.4276796875006,630.7939104166672,141.2337120234625,0.4057142857142858,0.4357142857142858,0.0
PHASE 3B,747,598400,596,2388.091286291791,1242.4759533987658,3102.4635800843375,627.4276796875006,630.7939104166672,141.2337120234625,0.5428571428571429,0.47857142857142865,0.0
PHASE 3B,748,599200,596,2388.091286291791,1242.4759533987658,3102.4635800843375,627.4276796875006,630.7939104166672,141.2337120234625,0.4357142857142858,0.5057142857142857,0.0
PHASE 3B,749,600000,600,2389.9557581296435,1242.4759533987658,3102.4635800843375,628.9564953125005,629.8152927083339,141.39799626361074,0.0,0.0,0.0
PHASE 3B,750,600800,600,2389.955758129643,1242.4759533987658,3102.4635800843375,628.9564953125006,629.8152927083339,141.39799626361074,0.4200000000000001,0.4828571428571428,0.0
PHASE 3B,751,601600,600,2389.955758129643,1242.4759533987658,3102.4635800843375,628.9564953125006,629.8152927083339,141.39799626361074,0.47142857142857153,0.40857142857142853,0.0
PHASE 3B,752,602400,600,2389.955758129643,1242.4759533987658,3102.4635800843375,628.9564953125006,629.8152927083339,141.39799626361074,0.4471428571428572,0.48571428571428577,0.0
PHASE 3B,753,603200,600,2389.955758129643,1242.4759533987658,3102.4635800843375,628.9564953125006,629.8152927083339,141.39799626361074,0.38428571428571434,0.5171428571428571,0.0
PHASE 3B,754,604000,604,2385.5747232612443,1242.4759533987658,3102.4635800843375,624.2515421875006,631.4838515625006,141.22991618891504,0.0,0.0,0.0
PHASE 3B,755,604800,604,2385.574723261245,1242.4759533987658,3102.4635800843375,624.2515421875005,631.4838515625006,141.229916188915,0.43714285714285717,0.3928571428571429,0.0
PHASE 3B,756,605600,604,2385.574723261245,1242.4759533987658,3102.4635800843375,624.2515421875005,631.4838515625006,141.229916188915,0.38428571428571423,0.4928571428571429,0.0
PHASE 3B,757,606400,604,2385.574723261245,1242.4759533987658,3102.4635800843375,624.2515421875005,631.4838515625006,141.229916188915,0.5071428571428571,0.5028571428571429,0.0
PHASE 3B,758,607200,604,2385.574723261245,1242.4759533987658,3102.4635800843375,624.2515421875005,631.4838515625006,141.229916188915,0.42714285714285716,0.5242857142857142,0.0
PHASE 3B,759,608000,608,2375.2791397590568,1242.4759533987658,3102.4635800843375,616.9569432291671,633.605116145834,140.58963504801648,0.0,0.0,0.0
PHASE 3B,760,608800,608,2375.2791397590568,1242.4759533987658,3102.4635800843375,616.9569432291671,633.605116145834,140.58963504801648,0.4871428571428572,0.45714285714285713,0.0
PHASE 3B,761,609600,608,2375.2791397590568,1242.4759533987658,3102.4635800843375,616.9569432291671,633.605116145834,140.58963504801648,0.4442857142857143,0.5000000000000001,0.0
PHASE 3B,762,610400,608,2375.2791397590568,1242.4759533987658,3102.4635800843375,616.9569432291671,633.605116145834,140.58963504801648,0.3985714285714286,0.4928571428571429,0.0
PHASE 3B,763,611200,608,2375.2791397590568,1242.4759533987658,3102.4635800843375,616.9569432291671,633.605116145834,140.58963504801648,0.49142857142857155,0.38,0.0
PHASE 3B,764,612000,612,2367.7676843085806,1242.4759533987658,3102.4635800843375,614.5771130208338,632.036834895834,140.14421704899857,0.0,0.0,0.0
PHASE 3B,765,612800,612,2367.7676843085806,1242.4759533987658,3102.4635800843375,614.5771130208338,632.036834895834,140.14421704899854,0.51,0.51,0.0
PHASE 3B,766,613600,612,2367.7676843085806,1242.4759533987658,3102.4635800843375,614.5771130208338,632.036834895834,140.14421704899854,0.4514285714285714,0.46571428571428575,0.0
PHASE 3B,767,614400,612,2367.7676843085806,1242.4759533987658,3102.4635800843375,614.5771130208338,632.036834895834,140.14421704899854,0.41714285714285715,0.43428571428571433,0.0
PHASE 3B,768,615200,612,2367.7676843085806,1242.4759533987658,3102.4635800843375,614.5771130208338,632.036834895834,140.14421704899854,0.4385714285714286,0.4114285714285715,0.0
PHASE 3B,769,616000,616,2360.9270219624977,1242.4759533987658,3102.4635800843375,614.5503312500006,627.0551359375005,139.91519434688408,0.0,0.0,0.0
PHASE 3B,770,616800,616,2360.9270219624977,1242.4759533987658,3102.4635800843375,614.5503312500006,627.0551359375006,139.91519434688408,0.40428571428571436,0.4357142857142858,0.0
PHASE 3B,771,617600,616,2360.9270219624977,1242.4759533987658,3102.4635800843375,614.5503312500006,627.0551359375006,139.91519434688408,0.47428571428571437,0.44571428571428573,0.0
PHASE 3B,772,618400,616,2360.9270219624977,1242.4759533987658,3102.4635800843375,614.5503312500006,627.0551359375006,139.91519434688408,0.42857142857142855,0.4757142857142857,0.0
PHASE 3B,773,619200,616,2360.9270219624977,1242.4759533987658,3102.4635800843375,614.5503312500006,627.0551359375006,139.91519434688408,0.4571428571428572,0.4600000000000001,0.0
PHASE 3B,774,620000,620,2347.075283931528,1242.4759533987658,3102.4635800843375,610.2385822916673,623.262956770834,139.1967181086378,0.0,0.0,0.0
PHASE 3B,775,620800,620,2347.075283931528,1242.4759533987658,3102.4635800843375,610.2385822916672,623.262956770834,139.1967181086378,0.4185714285714286,0.44571428571428573,0.0
PHASE 3B,776,621600,620,2347.075283931528,1242.4759533987658,3102.4635800843375,610.2385822916672,623.262956770834,139.1967181086378,0.4557142857142858,0.4128571428571429,0.0
PHASE 3B,777,622400,620,2347.075283931528,1242.4759533987658,3102.4635800843375,610.2385822916672,623.262956770834,139.1967181086378,0.40285714285714286,0.47857142857142865,0.0
PHASE 3B,778,623200,620,2347.075283931528,1242.4759533987658,3102.4635800843375,610.2385822916672,623.262956770834,139.1967181086378,0.43,0.48285714285714293,0.0
PHASE 3B,779,624000,624,2344.6438538641,1242.4759533987658,3102.4635800843375,611.4758322916671,620.8998713541673,139.03351877729264,0.0,0.0,0.0
PHASE 3B,780,624800,624,2344.6438538641,1242.4759533987658,3102.4635800843375,611.4758322916673,620.8998713541673,139.0335187772926,0.4257142857142857,0.54,0.0
PHASE 3B,781,625600,624,2344.6438538641,1242.4759533987658,3102.4635800843375,611.4758322916673,620.8998713541673,139.0335187772926,0.42857142857142855,0.42857142857142855,0.0
PHASE 3B,782,626400,624,2344.6438538641,1242.4759533987658,3102.4635800843375,611.4758322916673,620.8998713541673,139.0335187772926,0.45285714285714296,0.4585714285714285,0.0
PHASE 3B,783,627200,624,2344.6438538641,1242.4759533987658,3102.4635800843375,611.4758322916673,620.8998713541673,139.0335187772926,0.5328571428571429,0.5200000000000001,0.0
PHASE 3B,784,628000,628,2362.8727762446474,1242.4759533987658,3102.4635800843375,619.1050593750007,623.4520395833339,140.03945966079857,0.0,0.0,0.0
PHASE 3B,785,628800,628,2362.8727762446474,1242.4759533987658,3102.4635800843375,619.1050593750006,623.4520395833339,140.03945966079857,0.47000000000000003,0.5214285714285715,0.0
PHASE 3B,786,629600,628,2362.8727762446474,1242.4759533987658,3102.4635800843375,619.1050593750006,623.4520395833339,140.03945966079857,0.4871428571428572,0.42142857142857143,0.0
PHASE 3B,787,630400,628,2362.8727762446474,1242.4759533987658,3102.4635800843375,619.1050593750006,623.4520395833339,140.03945966079857,0.47000000000000003,0.44142857142857145,0.0
PHASE 3B,788,631200,628,2362.8727762446474,1242.4759533987658,3102.4635800843375,619.1050593750006,623.4520395833339,140.03945966079857,0.4471428571428572,0.43000000000000005,0.0
PHASE 3B,789,632000,632,2363.0105521687965,1242.4759533987658,3102.4635800843375,621.5731968750006,620.5309479166673,140.11330092215042,0.0,0.0,0.0
PHASE 3B,790,632800,632,2363.0105521687965,1242.4759533987658,3102.4635800843375,621.5731968750006,620.5309479166673,140.11330092215042,0.3685714285714286,0.3657142857142857,0.0
PHASE 3B,791,633600,632,2363.0105521687965,1242.4759533987658,3102.4635800843375,621.5731968750006,620.5309479166673,140.11330092215042,0.53,0.42142857142857143,0.0
PHASE 3B,792,634400,632,2363.0105521687965,1242.4759533987658,3102.4635800843375,621.5731968750006,620.5309479166673,140.11330092215042,0.5428571428571429,0.41714285714285715,0.0
PHASE 3B,793,635200,632,2363.0105521687965,1242.4759533987658,3102.4635800843375,621.5731968750006,620.5309479166673,140.11330092215042,0.4485714285714287,0.4800000000000001,0.0
PHASE 3B,794,636000,636,2356.938767256285,1242.4759533987658,3102.4635800843375,620.159592708334,618.6900531250006,139.76114017787816,0.0,0.0,0.0
PHASE 3B,795,636800,636,2356.938767256285,1242.4759533987658,3102.4635800843375,620.1595927083339,618.6900531250006,139.76114017787816,0.4257142857142858,0.3985714285714286,0.0
PHASE 3B,796,637600,636,2356.938767256285,1242.4759533987658,3102.4635800843375,620.1595927083339,618.6900531250006,139.76114017787816,0.4142857142857143,0.40428571428571425,0.0
PHASE 3B,797,638400,636,2356.938767256285,1242.4759533987658,3102.4635800843375,620.1595927083339,618.6900531250006,139.76114017787816,0.40285714285714286,0.4242857142857144,0.0
PHASE 3B,798,639200,636,2356.938767256285,1242.4759533987658,3102.4635800843375,620.1595927083339,618.6900531250006,139.76114017787816,0.4442857142857143,0.4585714285714285,0.0
PHASE 3B,799,640000,640,2348.078705120845,1242.4759533987658,3102.4635800843375,621.8400281250006,612.2085270833339,139.2537687390732,0.0,0.0,0.0
PHASE 3B,800,640800,640,2348.0787051208454,1242.4759533987658,3102.4635800843375,621.8400281250006,612.2085270833339,139.25376873907317,0.4128571428571429,0.42428571428571427,0.0
PHASE 3B,801,641600,640,2348.0787051208454,1242.4759533987658,3102.4635800843375,621.8400281250006,612.2085270833339,139.25376873907317,0.42857142857142866,0.5242857142857142,0.0
PHASE 3B,802,642400,640,2348.0787051208454,1242.4759533987658,3102.4635800843375,621.8400281250006,612.2085270833339,139.25376873907317,0.45285714285714285,0.5328571428571429,0.0
PHASE 3B,803,643200,640,2348.0787051208454,1242.4759533987658,3102.4635800843375,621.8400281250006,612.2085270833339,139.25376873907317,0.43285714285714294,0.43714285714285717,0.0
PHASE 3B,804,644000,644,2336.6709681746693,1242.4759533987658,3102.4635800843375,616.9410854166672,610.7045604166673,138.6281652926762,0.0,0.0,0.0
PHASE 3B,805,644800,644,2336.6709681746697,1242.4759533987658,3102.4635800843375,616.9410854166673,610.7045604166673,138.62816529267621,0.45285714285714285,0.3728571428571429,0.0
PHASE 3B,806,645600,644,2336.6709681746697,1242.4759533987658,3102.4635800843375,616.9410854166673,610.7045604166673,138.62816529267621,0.4714285714285714,0.5171428571428572,0.0
PHASE 3B,807,646400,644,2336.6709681746697,1242.4759533987658,3102.4635800843375,616.9410854166673,610.7045604166673,138.62816529267621,0.48571428571428577,0.47857142857142854,0.0
PHASE 3B,808,647200,644,2336.6709681746697,1242.4759533987658,3102.4635800843375,616.9410854166673,610.7045604166673,138.62816529267621,0.4314285714285715,0.49714285714285716,0.0
PHASE 3B,809,648000,648,2343.3958861209935,1242.4759533987658,3102.4635800843375,622.1928447916672,610.6120218750006,138.82387743180007,0.0,0.0,0.0
PHASE 3B,810,648800,648,2343.395886120994,1242.4759533987658,3102.4635800843375,622.1928447916672,610.6120218750006,138.82387743180007,0.4628571428571428,0.4471428571428572,0.0
PHASE 3B,811,649600,648,2343.395886120994,1242.4759533987658,3102.4635800843375,622.1928447916672,610.6120218750006,138.82387743180007,0.49428571428571433,0.40428571428571425,0.0
PHASE 3B,812,650400,648,2343.395886120994,1242.4759533987658,3102.4635800843375,622.1928447916672,610.6120218750006,138.82387743180007,0.5200000000000001,0.48,0.0
PHASE 3B,813,651200,648,2343.395886120994,1242.4759533987658,3102.4635800843375,622.1928447916672,610.6120218750006,138.82387743180007,0.45285714285714296,0.5142857142857143,0.0
PHASE 3B,814,652000,652,2353.6374023600483,1429.3875958309247,3102.4635800843375,626.2468791666672,613.7153468750006,139.20939703980707,0.0,0.0,0.0
PHASE 3B,815,652800,652,2353.6374023600483,1429.3875958309247,3102.4635800843375,626.2468791666673,613.7153468750006,139.20939703980707,0.4057142857142857,0.43285714285714294,0.0
PHASE 3B,816,653600,652,2353.6374023600483,1429.3875958309247,3102.4635800843375,626.2468791666673,613.7153468750006,139.20939703980707,0.45285714285714285,0.48142857142857143,0.0
PHASE 3B,817,654400,652,2353.6374023600483,1429.3875958309247,3102.4635800843375,626.2468791666673,613.7153468750006,139.20939703980707,0.46571428571428575,0.4800000000000001,0.0
PHASE 3B,818,655200,652,2353.6374023600483,1429.3875958309247,3102.4635800843375,626.2468791666673,613.7153468750006,139.20939703980707,0.48,0.4471428571428572,0.0
PHASE 3B,819,656000,656,2350.7875390380345,1429.3875958309247,2995.6615209642623,622.2366239583339,615.6472791666673,139.11295448913867,0.0,0.0,0.0
PHASE 3B,820,656800,656,2350.7875390380345,1429.3875958309247,2995.6615209642623,622.2366239583338,615.6472791666673,139.11295448913867,0.4642857142857143,0.48571428571428577,0.0
PHASE 3B,821,657600,656,2350.7875390380345,1429.3875958309247,2995.6615209642623,622.2366239583338,615.6472791666673,139.11295448913867,0.43285714285714294,0.4514285714285715,0.0
PHASE 3B,822,658400,656,2350.7875390380345,1429.3875958309247,2995.6615209642623,622.2366239583338,615.6472791666673,139.11295448913867,0.5328571428571429,0.4628571428571429,0.0
PHASE 3B,823,659200,656,2350.7875390380345,1429.3875958309247,2995.6615209642623,622.2366239583338,615.6472791666673,139.11295448913867,0.45,0.5142857142857143,0.0
PHASE 3B,824,660000,660,2350.3467300606067,1429.3875958309247,2995.6615209642623,621.1425875000004,615.9698166666673,139.15429073675196,0.0,0.0,0.0
PHASE 3B,825,660800,660,2350.3467300606067,1429.3875958309247,2995.6615209642623,621.1425875000006,615.9698166666673,139.15429073675196,0.4314285714285714,0.38999999999999996,0.0
PHASE 3B,826,661600,660,2350.3467300606067,1429.3875958309247,2995.6615209642623,621.1425875000006,615.9698166666673,139.15429073675196,0.46571428571428575,0.4057142857142857,0.0
PHASE 3B,827,662400,660,2350.3467300606067,1429.3875958309247,2995.6615209642623,621.1425875000006,615.9698166666673,139.15429073675196,0.4128571428571429,0.40857142857142853,0.0
PHASE 3B,828,663200,660,2350.3467300606067,1429.3875958309247,2995.6615209642623,621.1425875000006,615.9698166666673,139.15429073675196,0.4471428571428572,0.44000000000000006,0.0
PHASE 3B,829,664000,664,2365.079715885973,1429.3875958309247,2995.6615209642623,630.2739864583339,614.3449677083339,140.05759521492269,0.0,0.0,0.0
PHASE 3B,830,664800,664,2365.0797158859727,1429.3875958309247,2995.6615209642623,630.2739864583339,614.3449677083339,140.05759521492269,0.5185714285714287,0.45714285714285713,0.0
PHASE 3B,831,665600,664,2365.0797158859727,1429.3875958309247,2995.6615209642623,630.2739864583339,614.3449677083339,140.05759521492269,0.4514285714285714,0.42857142857142855,0.0
PHASE 3B,832,666400,664,2365.0797158859727,1429.3875958309247,2995.6615209642623,630.2739864583339,614.3449677083339,140.05759521492269,0.47857142857142865,0.49142857142857144,0.0
PHASE 3B,833,667200,664,2365.0797158859727,1429.3875958309247,2995.6615209642623,630.2739864583339,614.3449677083339,140.05759521492269,0.44000000000000006,0.3414285714285715,0.0
PHASE 3B,834,668000,668,2366.7084026075727,1429.3875958309247,2995.6615209642623,628.7141052083339,616.3384614583339,140.20697949262276,0.0,0.0,0.0
PHASE 3B,835,668800,668,2366.7084026075727,1429.3875958309247,2995.6615209642623,628.7141052083339,616.338461458334,140.20697949262276,0.49428571428571433,0.48285714285714293,0.0
PHASE 3B,836,669600,668,2366.7084026075727,1429.3875958309247,2995.6615209642623,628.7141052083339,616.338461458334,140.20697949262276,0.47285714285714286,0.4071428571428572,0.0
PHASE 3B,837,670400,668,2366.7084026075727,1429.3875958309247,2995.6615209642623,628.7141052083339,616.338461458334,140.20697949262276,0.40857142857142864,0.43000000000000005,0.0
PHASE 3B,838,671200,668,2366.7084026075727,1429.3875958309247,2995.6615209642623,628.7141052083339,616.338461458334,140.20697949262276,0.4885714285714286,0.3871428571428571,0.0
PHASE 3B,839,672000,672,2373.4654703236274,1429.3875958309247,2995.6615209642623,629.8661875000006,620.0599385416674,140.44241803525455,0.0,0.0,0.0
PHASE 3B,840,672800,672,2373.4654703236274,1429.3875958309247,2995.6615209642623,629.8661875000005,620.0599385416672,140.44241803525455,0.43714285714285717,0.39142857142857135,0.0
PHASE 3B,841,673600,672,2373.4654703236274,1429.3875958309247,2995.6615209642623,629.8661875000005,620.0599385416672,140.44241803525455,0.5,0.5085714285714286,0.0
PHASE 3B,842,674400,672,2373.4654703236274,1429.3875958309247,2995.6615209642623,629.8661875000005,620.0599385416672,140.44241803525455,0.44142857142857145,0.3885714285714286,0.0
PHASE 3B,843,675200,672,2373.4654703236274,1429.3875958309247,2995.6615209642623,629.8661875000005,620.0599385416672,140.44241803525455,0.4,0.5071428571428571,0.0
PHASE 3B,844,676000,676,2364.714057358151,1429.3875958309247,2995.6615209642623,627.2925343750005,618.2363906250006,139.89814154477818,0.0,0.0,0.0
PHASE 3B,845,676800,676,2364.7140573581505,1429.3875958309247,2995.6615209642623,627.2925343750006,618.2363906250007,139.89814154477818,0.4014285714285714,0.46142857142857147,0.0
PHASE 3B,846,677600,676,2364.7140573581505,1429.3875958309247,2995.6615209642623,627.2925343750006,618.2363906250007,139.89814154477818,0.5242857142857142,0.3985714285714287,0.0
PHASE 3B,847,678400,676,2364.7140573581505,1429.3875958309247,2995.6615209642623,627.2925343750006,618.2363906250007,139.89814154477818,0.5142857142857143,0.43,0.0
PHASE 3B,848,679200,676,2364.7140573581505,1429.3875958309247,2995.6615209642623,627.2925343750006,618.2363906250007,139.89814154477818,0.42857142857142866,0.3628571428571429,0.0
PHASE 3B,849,680000,680,2368.0781274773635,1580.1099699550032,2973.652446215787,630.956608333334,616.4158291666672,140.08821124718003,0.0,0.0,0.0
PHASE 3B,850,680800,680,2368.0781274773635,1580.1099699550032,2973.652446215787,630.9566083333341,616.4158291666673,140.08821124718003,0.38857142857142857,0.47285714285714286,0.0
PHASE 3B,851,681600,680,2368.0781274773635,1580.1099699550032,2973.652446215787,630.9566083333341,616.4158291666673,140.08821124718003,0.5157142857142857,0.5614285714285715,0.0
PHASE 3B,852,682400,680,2368.0781274773635,1580.1099699550032,2973.652446215787,630.9566083333341,616.4158291666673,140.08821124718003,0.43000000000000005,0.42857142857142866,0.0
PHASE 3B,853,683200,680,2368.0781274773635,1580.1099699550032,2973.652446215787,630.9566083333341,616.4158291666673,140.08821124718003,0.492857142857143,0.4871428571428572,0.0
PHASE 3B,854,684000,684,2363.952717515177,1580.1099699550032,2973.652446215787,628.4477843750007,615.6245184895839,139.98505183133383,0.0,0.0,0.0
PHASE 3B,855,684800,684,2363.952717515177,1580.1099699550032,2973.652446215787,628.4477843750007,615.624518489584,139.98505183133383,0.5071428571428571,0.38571428571428573,0.0
PHASE 3B,856,685600,684,2363.952717515177,1580.1099699550032,2973.652446215787,628.4477843750007,615.624518489584,139.98505183133383,0.4357142857142858,0.4314285714285715,0.0
PHASE 3B,857,686400,684,2363.952717515177,1580.1099699550032,2973.652446215787,628.4477843750007,615.624518489584,139.98505183133383,0.5057142857142858,0.3985714285714286,0.0
PHASE 3B,858,687200,684,2363.952717515177,1580.1099699550032,2973.652446215787,628.4477843750007,615.624518489584,139.98505183133383,0.5085714285714287,0.44857142857142857,0.0
PHASE 3B,859,688000,688,2353.6297174121864,1580.1099699550032,2973.652446215787,625.4028854166673,613.2275830729174,139.374906115335,0.0,0.0,0.0
PHASE 3B,860,688800,688,2353.629717412187,1580.1099699550032,2973.652446215787,625.4028854166672,613.2275830729172,139.374906115335,0.5128571428571429,0.47285714285714286,0.0
PHASE 3B,861,689600,688,2353.629717412187,1580.1099699550032,2973.652446215787,625.4028854166672,613.2275830729172,139.374906115335,0.43714285714285717,0.4685714285714287,0.0
PHASE 3B,862,690400,688,2353.629717412187,1580.1099699550032,2973.652446215787,625.4028854166672,613.2275830729172,139.374906115335,0.5228571428571429,0.49857142857142855,0.0
PHASE 3B,863,691200,688,2353.629717412187,1580.1099699550032,2973.652446215787,625.4028854166672,613.2275830729172,139.374906115335,0.5214285714285715,0.43,0.0
PHASE 3B,864,692000,692,2353.291868944885,1580.1099699550032,2973.652446215787,623.3010333333339,615.2172510416673,139.34669807124519,0.0,0.0,0.0
PHASE 3B,865,692800,692,2353.291868944885,1580.1099699550032,2973.652446215787,623.3010333333339,615.2172510416673,139.34669807124516,0.4557142857142857,0.4842857142857143,0.0
PHASE 3B,866,693600,692,2353.291868944885,1580.1099699550032,2973.652446215787,623.3010333333339,615.2172510416673,139.34669807124516,0.4314285714285715,0.41000000000000003,0.0
PHASE 3B,867,694400,692,2353.291868944885,1580.1099699550032,2973.652446215787,623.3010333333339,615.2172510416673,139.34669807124516,0.46571428571428564,0.4428571428571429,0.0
PHASE 3B,868,695200,692,2353.291868944885,1580.1099699550032,2973.652446215787,623.3010333333339,615.2172510416673,139.34669807124516,0.37,0.5214285714285715,0.0
PHASE 3B,869,696000,696,2324.846026701986,1580.1099699550032,2957.2838328052812,620.5410625000005,602.4679031250006,137.7296326346328,0.0,0.0,0.0
PHASE 3B,870,696800,696,2324.8460267019864,1580.1099699550032,2957.2838328052812,620.5410625000005,602.4679031250006,137.7296326346328,0.4800000000000001,0.4071428571428572,0.0
PHASE 3B,871,697600,696,2324.8460267019864,1580.1099699550032,2957.2838328052812,620.5410625000005,602.4679031250006,137.7296326346328,0.48285714285714293,0.3771428571428571,0.0
PHASE 3B,872,698400,696,2324.8460267019864,1580.1099699550032,2957.2838328052812,620.5410625000005,602.4679031250006,137.7296326346328,0.41571428571428565,0.4385714285714286,0.0
PHASE 3B,873,699200,696,2324.8460267019864,1580.1099699550032,2957.2838328052812,620.5410625000005,602.4679031250006,137.7296326346328,0.5228571428571429,0.5614285714285715,0.0
PHASE 3B,874,700000,700,2313.356436002219,1580.1099699550032,2957.2838328052812,617.2353333333339,600.3682947916673,136.96910098466194,0.0,0.0,0.0
PHASE 3B,875,700800,700,2313.356436002219,1580.1099699550032,2957.2838328052812,617.2353333333341,600.3682947916673,136.96910098466194,0.44142857142857145,0.3685714285714286,0.0
PHASE 3B,876,701600,700,2313.356436002219,1580.1099699550032,2957.2838328052812,617.2353333333341,600.3682947916673,136.96910098466194,0.4585714285714285,0.45714285714285713,0.0
PHASE 3B,877,702400,700,2313.356436002219,1580.1099699550032,2957.2838328052812,617.2353333333341,600.3682947916673,136.96910098466194,0.5042857142857143,0.5,0.0
PHASE 3B,878,703200,700,2313.356436002219,1580.1099699550032,2957.2838328052812,617.2353333333341,600.3682947916673,136.96910098466194,0.4385714285714286,0.5428571428571428,0.0
PHASE 3B,879,704000,704,2322.7379351768923,1580.1099699550032,2957.2838328052812,623.2151447916673,600.7755291666673,137.3434076523295,0.0,0.0,0.0
PHASE 3B,880,704800,704,2322.7379351768923,1580.1099699550032,2957.2838328052812,623.2151447916673,600.7755291666673,137.3434076523295,0.6142857142857144,0.5228571428571429,0.0
PHASE 3B,881,705600,704,2322.7379351768923,1580.1099699550032,2957.2838328052812,623.2151447916673,600.7755291666673,137.3434076523295,0.5557142857142858,0.39571428571428574,0.0
PHASE 3B,882,706400,704,2322.7379351768923,1580.1099699550032,2957.2838328052812,623.2151447916673,600.7755291666673,137.3434076523295,0.43285714285714294,0.40428571428571425,0.0
PHASE 3B,883,707200,704,2322.7379351768923,1580.1099699550032,2957.2838328052812,623.2151447916673,600.7755291666673,137.3434076523295,0.48571428571428577,0.4428571428571429,0.0
PHASE 3B,884,708000,708,2330.4304210947266,1624.4569634709633,2957.2838328052812,628.2705541666672,600.6274937500006,137.6915466472671,0.0,0.0,0.0
PHASE 3B,885,708800,708,2330.4304210947266,1624.4569634709633,2957.2838328052812,628.2705541666672,600.6274937500006,137.6915466472671,0.4757142857142857,0.4357142857142858,0.0
PHASE 3B,886,709600,708,2330.4304210947266,1624.4569634709633,2957.2838328052812,628.2705541666672,600.6274937500006,137.6915466472671,0.5228571428571429,0.44000000000000006,0.0
PHASE 3B,887,710400,708,2330.4304210947266,1624.4569634709633,2957.2838328052812,628.2705541666672,600.6274937500006,137.6915466472671,0.47285714285714286,0.47857142857142854,0.0
PHASE 3B,888,711200,708,2330.4304210947266,1624.4569634709633,2957.2838328052812,628.2705541666672,600.6274937500006,137.6915466472671,0.5042857142857142,0.47285714285714275,0.0
PHASE 3B,889,712000,712,2330.630324319853,1624.4569634709633,2957.2838328052812,625.901360677084,604.5318093750006,137.5246442834809,0.0,0.0,0.0
PHASE 3B,890,712800,712,2330.630324319853,1624.4569634709633,2957.2838328052812,625.901360677084,604.5318093750006,137.52464428348094,0.4557142857142858,0.44142857142857145,0.0
PHASE 3B,891,713600,712,2330.630324319853,1624.4569634709633,2957.2838328052812,625.901360677084,604.5318093750006,137.52464428348094,0.5057142857142858,0.44000000000000006,0.0
PHASE 3B,892,714400,712,2330.630324319853,1624.4569634709633,2957.2838328052812,625.901360677084,604.5318093750006,137.52464428348094,0.4114285714285715,0.44142857142857145,0.0
PHASE 3B,893,715200,712,2330.630324319853,1624.4569634709633,2957.2838328052812,625.901360677084,604.5318093750006,137.52464428348094,0.45,0.4600000000000001,0.0
PHASE 3B,894,716000,716,2340.193149782015,1624.4569634709633,2957.2838328052812,628.7637075520839,607.7820354166673,137.95592585166796,0.0,0.0,0.0
PHASE 3B,895,716800,716,2340.1931497820146,1624.4569634709633,2957.2838328052812,628.7637075520838,607.7820354166672,137.95592585166796,0.45,0.42714285714285716,0.0
PHASE 3B,896,717600,716,2340.1931497820146,1624.4569634709633,2957.2838328052812,628.7637075520838,607.7820354166672,137.95592585166796,0.4571428571428572,0.4771428571428572,0.0
PHASE 3B,897,718400,716,2340.1931497820146,1624.4569634709633,2957.2838328052812,628.7637075520838,607.7820354166672,137.95592585166796,0.52,0.45,0.0
PHASE 3B,898,719200,716,2340.1931497820146,1624.4569634709633,2957.2838328052812,628.7637075520838,607.7820354166672,137.95592585166796,0.5514285714285714,0.4842857142857143,0.0
PHASE 3B,899,720000,720,2337.714342515681,1091.3425832792245,2957.2838328052812,630.1862940104172,606.3040437500006,137.65300059441776,0.0,0.0,0.0
PHASE 3B,900,720800,720,2337.714342515681,1091.3425832792245,2957.2838328052812,630.1862940104172,606.3040437500006,137.65300059441776,0.4800000000000001,0.3828571428571429,0.0
PHASE 3B,901,721600,720,2337.714342515681,1091.3425832792245,2957.2838328052812,630.1862940104172,606.3040437500006,137.65300059441776,0.40285714285714286,0.3885714285714286,0.0
PHASE 3B,902,722400,720,2337.714342515681,1091.3425832792245,2957.2838328052812,630.1862940104172,606.3040437500006,137.65300059441776,0.5271428571428572,0.46571428571428575,0.0
PHASE 3B,903,723200,720,2337.714342515681,1091.3425832792245,2957.2838328052812,630.1862940104172,606.3040437500006,137.65300059441776,0.5771428571428572,0.42714285714285716,0.0
PHASE 3B,904,724000,724,2338.6848985619686,1091.3425832792245,2957.2838328052812,630.7989273437505,606.7647781250006,137.64014913666205,0.0,0.0,0.0
PHASE 3B,905,724800,724,2338.684898561969,1091.3425832792245,2957.2838328052812,630.7989273437506,606.7647781250006,137.64014913666207,0.49142857142857144,0.42000000000000004,0.0
PHASE 3B,906,725600,724,2338.684898561969,1091.3425832792245,2957.2838328052812,630.7989273437506,606.7647781250006,137.64014913666207,0.44000000000000006,0.4885714285714286,0.0
PHASE 3B,907,726400,724,2338.684898561969,1091.3425832792245,2957.2838328052812,630.7989273437506,606.7647781250006,137.64014913666207,0.4314285714285714,0.3685714285714286,0.0
PHASE 3B,908,727200,724,2338.684898561969,1091.3425832792245,2957.2838328052812,630.7989273437506,606.7647781250006,137.64014913666207,0.40428571428571436,0.41714285714285715,0.0
PHASE 3B,909,728000,728,2323.5258151429903,1091.3425832792245,2957.2838328052812,627.1679679687506,602.2939500000006,136.7579871467897,0.0,0.0,0.0
PHASE 3B,910,728800,728,2323.5258151429903,1091.3425832792245,2957.2838328052812,627.1679679687506,602.2939500000006,136.7579871467897,0.43285714285714283,0.44142857142857145,0.0
PHASE 3B,911,729600,728,2323.5258151429903,1091.3425832792245,2957.2838328052812,627.1679679687506,602.2939500000006,136.7579871467897,0.4314285714285715,0.5314285714285715,0.0
PHASE 3B,912,730400,728,2323.5258151429903,1091.3425832792245,2957.2838328052812,627.1679679687506,602.2939500000006,136.7579871467897,0.47285714285714286,0.39571428571428574,0.0
PHASE 3B,913,731200,728,2323.5258151429903,1091.3425832792245,2957.2838328052812,627.1679679687506,602.2939500000006,136.7579871467897,0.42857142857142866,0.40428571428571425,0.0
PHASE 3B,914,732000,732,2314.2356566526414,1091.3425832792245,2957.2838328052812,622.9105502604173,601.8706000000005,136.18181329903777,0.0,0.0,0.0
PHASE 3B,915,732800,732,2314.2356566526414,1091.3425832792245,2957.2838328052812,622.9105502604173,601.8706000000005,136.18181329903777,0.4757142857142858,0.41714285714285715,0.0
PHASE 3B,916,733600,732,2314.2356566526414,1091.3425832792245,2957.2838328052812,622.9105502604173,601.8706000000005,136.18181329903777,0.44142857142857145,0.44857142857142857,0.0
PHASE 3B,917,734400,732,2314.2356566526414,1091.3425832792245,2957.2838328052812,622.9105502604173,601.8706000000005,136.18181329903777,0.5228571428571428,0.38142857142857145,0.0
PHASE 3B,918,735200,732,2314.2356566526414,1091.3425832792245,2957.2838328052812,622.9105502604173,601.8706000000005,136.18181329903777,0.4885714285714286,0.38428571428571434,0.0
PHASE 3B,919,736000,736,2299.8135918628323,1091.3425832792245,2957.2838328052812,616.8981419270839,600.7152354166672,135.2750268148949,0.0,0.0,0.0
PHASE 3B,920,736800,736,2299.8135918628323,1091.3425832792245,2957.2838328052812,616.8981419270839,600.7152354166672,135.2750268148949,0.44857142857142857,0.5271428571428572,0.0
PHASE 3B,921,737600,736,2299.8135918628323,1091.3425832792245,2957.2838328052812,616.8981419270839,600.7152354166672,135.2750268148949,0.41000000000000003,0.3928571428571428,0.0
PHASE 3B,922,738400,736,2299.8135918628323,1091.3425832792245,2957.2838328052812,616.8981419270839,600.7152354166672,135.2750268148949,0.3828571428571429,0.36714285714285716,0.0
PHASE 3B,923,739200,736,2299.8135918628323,1091.3425832792245,2957.2838328052812,616.8981419270839,600.7152354166672,135.2750268148949,0.4142857142857143,0.42428571428571427,0.0
PHASE 3B,924,740000,740,2301.5609976815676,1091.3425832792245,2957.2838328052812,612.6978127604173,604.8664937500005,135.49958639640352,0.0,0.0,0.0
PHASE 3B,925,740800,740,2301.560997681568,1091.3425832792245,2957.2838328052812,612.6978127604173,604.8664937500005,135.49958639640352,0.47142857142857153,0.4128571428571429,0.0
PHASE 3B,926,741600,740,2301.560997681568,1091.3425832792245,2957.2838328052812,612.6978127604173,604.8664937500005,135.49958639640352,0.5085714285714287,0.4,0.0
PHASE 3B,927,742400,740,2301.560997681568,1091.3425832792245,2957.2838328052812,612.6978127604173,604.8664937500005,135.49958639640352,0.5271428571428571,0.45285714285714285,0.0
PHASE 3B,928,743200,740,2301.560997681568,1091.3425832792245,2957.2838328052812,612.6978127604173,604.8664937500005,135.49958639640352,0.5185714285714286,0.3757142857142857,0.0
PHASE 3B,929,744000,744,2283.153609953245,1091.3425832792245,2957.2838328052812,609.3772283854173,598.6440510416671,134.39154131577973,0.0,0.0,0.0
PHASE 3B,930,744800,744,2283.1536099532445,1091.3425832792245,2957.2838328052812,609.3772283854171,598.6440510416672,134.39154131577976,0.54,0.44142857142857145,0.0
PHASE 3B,931,745600,744,2283.1536099532445,1091.3425832792245,2957.2838328052812,609.3772283854171,598.6440510416672,134.39154131577976,0.51,0.43,0.0
PHASE 3B,932,746400,744,2283.1536099532445,1091.3425832792245,2957.2838328052812,609.3772283854171,598.6440510416672,134.39154131577976,0.47857142857142865,0.53,0.0
PHASE 3B,933,747200,744,2283.1536099532445,1091.3425832792245,2957.2838328052812,609.3772283854171,598.6440510416672,134.39154131577976,0.45999999999999996,0.4700000000000001,0.0
PHASE 3B,934,748000,748,2288.0013126125814,1091.3425832792245,2957.2838328052812,611.0844513020837,600.0807692708338,134.60451150496766,0.0,0.0,0.0
PHASE 3B,935,748800,748,2288.0013126125814,1091.3425832792245,2957.2838328052812,611.084451302084,600.0807692708338,134.60451150496766,0.4357142857142858,0.45999999999999996,0.0
PHASE 3B,936,749600,748,2288.0013126125814,1091.3425832792245,2957.2838328052812,611.084451302084,600.0807692708338,134.60451150496766,0.44571428571428573,0.4114285714285715,0.0
PHASE 3B,937,750400,748,2288.0013126125814,1091.3425832792245,2957.2838328052812,611.084451302084,600.0807692708338,134.60451150496766,0.42000000000000004,0.47000000000000003,0.0
PHASE 3B,938,751200,748,2288.0013126125814,1091.3425832792245,2957.2838328052812,611.084451302084,600.0807692708338,134.60451150496766,0.48,0.4357142857142858,0.0
PHASE 3B,939,752000,752,2284.7102936350857,1091.3425832792245,2957.2838328052812,610.3310627604172,599.0690755208338,134.41376941923897,0.0,0.0,0.0
PHASE 3B,940,752800,752,2284.710293635086,1091.3425832792245,2957.2838328052812,610.3310627604172,599.0690755208338,134.41376941923897,0.5057142857142857,0.4228571428571429,0.0
PHASE 3B,941,753600,752,2284.710293635086,1091.3425832792245,2957.2838328052812,610.3310627604172,599.0690755208338,134.41376941923897,0.5242857142857144,0.4442857142857143,0.0
PHASE 3B,942,754400,752,2284.710293635086,1091.3425832792245,2957.2838328052812,610.3310627604172,599.0690755208338,134.41376941923897,0.4885714285714286,0.5314285714285715,0.0
PHASE 3B,943,755200,752,2284.710293635086,1091.3425832792245,2957.2838328052812,610.3310627604172,599.0690755208338,134.41376941923897,0.48571428571428565,0.41714285714285715,0.0
PHASE 3B,944,756000,756,2276.8147127109546,1091.3425832792245,2957.2838328052812,608.4989450520839,596.4130859375006,133.9878352151808,0.0,0.0,0.0
PHASE 3B,945,756800,756,2276.8147127109546,1091.3425832792245,2957.2838328052812,608.4989450520839,596.4130859375006,133.9878352151808,0.4828571428571428,0.47714285714285715,0.0
PHASE 3B,946,757600,756,2276.8147127109546,1091.3425832792245,2957.2838328052812,608.4989450520839,596.4130859375006,133.9878352151808,0.4114285714285715,0.3914285714285714,0.0
PHASE 3B,947,758400,756,2276.8147127109546,1091.3425832792245,2957.2838328052812,608.4989450520839,596.4130859375006,133.9878352151808,0.43,0.4000000000000001,0.0
PHASE 3B,948,759200,756,2276.8147127109546,1091.3425832792245,2957.2838328052812,608.4989450520839,596.4130859375006,133.9878352151808,0.5071428571428572,0.49857142857142855,0.0
PHASE 3B,949,760000,760,2274.2496935234526,1091.3425832792245,2935.1084862159064,609.9934210937506,594.2323328125005,133.75299245215956,0.0,0.0,0.0
PHASE 3B,950,760800,760,2274.2496935234526,1091.3425832792245,2935.1084862159064,609.9934210937506,594.2323328125005,133.75299245215956,0.54,0.4242857142857144,0.0
PHASE 3B,951,761600,760,2274.2496935234526,1091.3425832792245,2935.1084862159064,609.9934210937506,594.2323328125005,133.75299245215956,0.36571428571428577,0.49000000000000005,0.0
PHASE 3B,952,762400,760,2274.2496935234526,1091.3425832792245,2935.1084862159064,609.9934210937506,594.2323328125005,133.75299245215956,0.4957142857142857,0.3785714285714286,0.0
PHASE 3B,953,763200,760,2274.2496935234526,1091.3425832792245,2935.1084862159064,609.9934210937506,594.2323328125005,133.75299245215956,0.46571428571428575,0.47714285714285715,0.0
PHASE 3B,954,764000,764,2272.4713844596904,1091.3425832792245,2935.1084862159064,610.7191828125005,593.6677533854172,133.51055603273105,0.0,0.0,0.0
PHASE 3B,955,764800,764,2272.4713844596904,1091.3425832792245,2935.1084862159064,610.7191828125004,593.6677533854172,133.51055603273105,0.4428571428571429,0.53,0.0
PHASE 3B,956,765600,764,2272.4713844596904,1091.3425832792245,2935.1084862159064,610.7191828125004,593.6677533854172,133.51055603273105,0.4885714285714286,0.42428571428571427,0.0
PHASE 3B,957,766400,764,2272.4713844596904,1091.3425832792245,2935.1084862159064,610.7191828125004,593.6677533854172,133.51055603273105,0.43285714285714294,0.4471428571428572,0.0
PHASE 3B,958,767200,764,2272.4713844596904,1091.3425832792245,2935.1084862159064,610.7191828125004,593.6677533854172,133.51055603273105,0.42142857142857143,0.4885714285714286,0.0
PHASE 3B,959,768000,768,2280.7883542105274,1091.3425832792245,2935.1084862159064,615.3048151041671,594.1816679687505,133.91273389221067,0.0,0.0,0.0
PHASE 3B,960,768800,768,2280.788354210528,1091.3425832792245,2935.1084862159064,615.3048151041672,594.1816679687505,133.91273389221067,0.39714285714285713,0.4114285714285715,0.0
PHASE 3B,961,769600,768,2280.788354210528,1091.3425832792245,2935.1084862159064,615.3048151041672,594.1816679687505,133.91273389221067,0.36571428571428577,0.5057142857142858,0.0
PHASE 3B,962,770400,768,2280.788354210528,1091.3425832792245,2935.1084862159064,615.3048151041672,594.1816679687505,133.91273389221067,0.6171428571428571,0.4614285714285714,0.0
PHASE 3B,963,771200,768,2280.788354210528,1091.3425832792245,2935.1084862159064,615.3048151041672,594.1816679687505,133.91273389221067,0.44571428571428573,0.4314285714285715,0.0
PHASE 3B,964,772000,772,2266.9284189349514,1091.3425832792245,2903.3944960730155,615.2584130208339,586.7877398437505,133.11028325880528,0.0,0.0,0.0
PHASE 3B,965,772800,772,2266.9284189349514,1091.3425832792245,2903.3944960730155,615.2584130208338,586.7877398437505,133.11028325880528,0.32285714285714284,0.36714285714285716,0.0
PHASE 3B,966,773600,772,2266.9284189349514,1091.3425832792245,2903.3944960730155,615.2584130208338,586.7877398437505,133.11028325880528,0.44571428571428573,0.47714285714285715,0.0
PHASE 3B,967,774400,772,2266.9284189349514,1091.3425832792245,2903.3944960730155,615.2584130208338,586.7877398437505,133.11028325880528,0.4757142857142858,0.48571428571428577,0.0
PHASE 3B,968,775200,772,2266.9284189349514,1091.3425832792245,2903.3944960730155,615.2584130208338,586.7877398437505,133.11028325880528,0.5471428571428572,0.44000000000000006,0.0
PHASE 3B,969,776000,776,2253.2245837174037,1091.3425832792245,2903.3944960730155,609.5567546875004,584.7496575520838,132.36477143473678,0.0,0.0,0.0
PHASE 3B,970,776800,776,2253.2245837174037,1091.3425832792245,2903.3944960730155,609.5567546875005,584.7496575520839,132.36477143473678,0.43,0.5285714285714286,0.0
PHASE 3B,971,777600,776,2253.2245837174037,1091.3425832792245,2903.3944960730155,609.5567546875005,584.7496575520839,132.36477143473678,0.5142857142857142,0.42142857142857154,0.0
PHASE 3B,972,778400,776,2253.2245837174037,1091.3425832792245,2903.3944960730155,609.5567546875005,584.7496575520839,132.36477143473678,0.4,0.48142857142857143,0.0
PHASE 3B,973,779200,776,2253.2245837174037,1091.3425832792245,2903.3944960730155,609.5567546875005,584.7496575520839,132.36477143473678,0.5557142857142857,0.4,0.0
PHASE 3B,974,780000,780,2247.3462334977316,1091.3425832792245,2903.3944960730155,603.3271744791672,589.1813440104172,131.8547143760278,0.0,0.0,0.0
PHASE 3B,975,780800,780,2247.3462334977316,1091.3425832792245,2903.3944960730155,603.3271744791672,589.1813440104172,131.8547143760278,0.5342857142857144,0.45714285714285713,0.0
PHASE 3B,976,781600,780,2247.3462334977316,1091.3425832792245,2903.3944960730155,603.3271744791672,589.1813440104172,131.8547143760278,0.4614285714285714,0.42428571428571427,0.0
PHASE 3B,977,782400,780,2247.3462334977316,1091.3425832792245,2903.3944960730155,603.3271744791672,589.1813440104172,131.8547143760278,0.39,0.4800000000000001,0.0
PHASE 3B,978,783200,780,2247.3462334977316,1091.3425832792245,2903.3944960730155,603.3271744791672,589.1813440104172,131.8547143760278,0.4,0.4814285714285715,0.0
PHASE 3B,979,784000,784,2243.1247094005466,1091.3425832792245,2903.3944960730155,602.2946390625006,589.0133867187506,131.4770854524213,0.0,0.0,0.0
PHASE 3B,980,784800,784,2243.1247094005466,1091.3425832792245,2903.3944960730155,602.2946390625004,589.0133867187504,131.4770854524213,0.4471428571428572,0.4428571428571429,0.0
PHASE 3B,981,785600,784,2243.1247094005466,1091.3425832792245,2903.3944960730155,602.2946390625004,589.0133867187504,131.4770854524213,0.4014285714285714,0.49714285714285716,0.0
PHASE 3B,982,786400,784,2243.1247094005466,1091.3425832792245,2903.3944960730155,602.2946390625004,589.0133867187504,131.4770854524213,0.47000000000000003,0.44857142857142857,0.0
PHASE 3B,983,787200,784,2243.1247094005466,1091.3425832792245,2903.3944960730155,602.2946390625004,589.0133867187504,131.4770854524213,0.40428571428571425,0.44571428571428573,0.0
PHASE 3B,984,788000,788,2255.872176128446,1091.3425832792245,2903.3944960730155,605.7778348958337,592.7357273437505,132.16982673611702,0.0,0.0,0.0
PHASE 3B,985,788800,788,2255.872176128446,1091.3425832792245,2903.3944960730155,605.7778348958337,592.7357273437505,132.16982673611702,0.5085714285714287,0.3985714285714287,0.0
PHASE 3B,986,789600,788,2255.872176128446,1091.3425832792245,2903.3944960730155,605.7778348958337,592.7357273437505,132.16982673611702,0.4742857142857143,0.5128571428571429,0.0
PHASE 3B,987,790400,788,2255.872176128446,1091.3425832792245,2903.3944960730155,605.7778348958337,592.7357273437505,132.16982673611702,0.44857142857142857,0.4,0.0
PHASE 3B,988,791200,788,2255.872176128446,1091.3425832792245,2903.3944960730155,605.7778348958337,592.7357273437505,132.16982673611702,0.4871428571428571,0.4800000000000001,0.0
PHASE 3B,989,792000,792,2256.7406681434604,1091.3425832792245,3071.92369857801,607.9160036458337,591.3620346354171,132.1828287327856,0.0,0.0,0.0
PHASE 3B,990,792800,792,2256.740668143461,1091.3425832792245,3071.92369857801,607.9160036458338,591.3620346354172,132.18282873278557,0.40857142857142864,0.40857142857142864,0.0
PHASE 3B,991,793600,792,2256.740668143461,1091.3425832792245,3071.92369857801,607.9160036458338,591.3620346354172,132.18282873278557,0.5428571428571429,0.38571428571428573,0.0
PHASE 3B,992,794400,792,2256.740668143461,1091.3425832792245,3071.92369857801,607.9160036458338,591.3620346354172,132.18282873278557,0.4142857142857143,0.4700000000000001,0.0
PHASE 3B,993,795200,792,2256.740668143461,1091.3425832792245,3071.92369857801,607.9160036458338,591.3620346354172,132.18282873278557,0.39428571428571435,0.3742857142857143,0.0
PHASE 3B,994,796000,796,2272.844179295066,1091.3425832792245,3071.92369857801,608.3039880208338,600.1529013020838,133.0484112465278,0.0,0.0,0.0
PHASE 3B,995,796800,796,2272.844179295066,1091.3425832792245,3071.92369857801,608.3039880208339,600.1529013020839,133.04841124652782,0.5000000000000001,0.5057142857142858,0.0
PHASE 3B,996,797600,796,2272.844179295066,1091.3425832792245,3071.92369857801,608.3039880208339,600.1529013020839,133.04841124652782,0.49428571428571433,0.45285714285714285,0.0
PHASE 3B,997,798400,796,2272.844179295066,1091.3425832792245,3071.92369857801,608.3039880208339,600.1529013020839,133.04841124652782,0.4385714285714286,0.43571428571428567,0.0
PHASE 3B,998,799200,796,2272.844179295066,1091.3425832792245,3071.92369857801,608.3039880208339,600.1529013020839,133.04841124652782,0.5042857142857142,0.5557142857142857,0.0
PHASE 3B,999,800000,800,2277.7322098491827,1091.3425832792245,3071.92369857801,608.4082421875005,602.7048638020839,133.32738798245884,0.0,0.0,0.0
PHASE 3B,1000,800800,800,2277.7322098491823,1091.3425832792245,3071.92369857801,608.4082421875005,602.7048638020839,133.32738798245884,0.5571428571428572,0.4685714285714286,0.0
PHASE 3B,1001,801600,800,2277.7322098491823,1091.3425832792245,3071.92369857801,608.4082421875005,602.7048638020839,133.32738798245884,0.4442857142857143,0.38428571428571423,0.0
PHASE 3B,1002,802400,800,2277.7322098491823,1091.3425832792245,3071.92369857801,608.4082421875005,602.7048638020839,133.32738798245884,0.3542857142857143,0.5042857142857142,0.0
PHASE 3B,1003,803200,800,2277.7322098491823,1091.3425832792245,3071.92369857801,608.4082421875005,602.7048638020839,133.32738798245884,0.43428571428571433,0.3571428571428572,0.0
PHASE 3B,1004,804000,804,2263.1882701299255,1091.3425832792245,3071.92369857801,604.0024901041672,597.1056294270837,132.76001882484334,0.0,0.0,0.0
PHASE 3B,1005,804800,804,2263.188270129926,1091.3425832792245,3071.92369857801,604.0024901041671,597.105629427084,132.76001882484334,0.4871428571428572,0.48571428571428565,0.0
PHASE 3B,1006,805600,804,2263.188270129926,1091.3425832792245,3071.92369857801,604.0024901041671,597.105629427084,132.76001882484334,0.5228571428571428,0.5057142857142858,0.0
PHASE 3B,1007,806400,804,2263.188270129926,1091.3425832792245,3071.92369857801,604.0024901041671,597.105629427084,132.76001882484334,0.3742857142857143,0.5085714285714286,0.0
PHASE 3B,1008,807200,804,2263.188270129926,1091.3425832792245,3071.92369857801,604.0024901041671,597.105629427084,132.76001882484334,0.5199999999999999,0.47714285714285715,0.0
PHASE 3B,1009,808000,808,2269.2172783965625,1091.3425832792245,3071.92369857801,607.0948057291671,598.2206804687505,132.9877240248395,0.0,0.0,0.0
PHASE 3B,1010,808800,808,2269.2172783965625,1091.3425832792245,3071.92369857801,607.0948057291671,598.2206804687506,132.98772402483954,0.48571428571428577,0.4357142857142858,0.0
PHASE 3B,1011,809600,808,2269.2172783965625,1091.3425832792245,3071.92369857801,607.0948057291671,598.2206804687506,132.98772402483954,0.5285714285714287,0.5,0.0
PHASE 3B,1012,810400,808,2269.2172783965625,1091.3425832792245,3071.92369857801,607.0948057291671,598.2206804687506,132.98772402483954,0.41999999999999993,0.37,0.0
PHASE 3B,1013,811200,808,2269.2172783965625,1091.3425832792245,3071.92369857801,607.0948057291671,598.2206804687506,132.98772402483954,0.5328571428571429,0.37,0.0
PHASE 3B,1014,812000,812,2274.552602067638,1091.3425832792245,3071.92369857801,611.6980273437506,595.9292950520838,133.3656599589844,0.0,0.0,0.0
PHASE 3B,1015,812800,812,2274.552602067638,1091.3425832792245,3071.92369857801,611.6980273437505,595.929295052084,133.36565995898442,0.43285714285714294,0.43,0.0
PHASE 3B,1016,813600,812,2274.552602067638,1091.3425832792245,3071.92369857801,611.6980273437505,595.929295052084,133.36565995898442,0.4357142857142858,0.44571428571428573,0.0
PHASE 3B,1017,814400,812,2274.552602067638,1091.3425832792245,3071.92369857801,611.6980273437505,595.929295052084,133.36565995898442,0.49142857142857144,0.49714285714285716,0.0
PHASE 3B,1018,815200,812,2274.552602067638,1091.3425832792245,3071.92369857801,611.6980273437505,595.929295052084,133.36565995898442,0.4114285714285715,0.4542857142857143,0.0
PHASE 3B,1019,816000,816,2280.2340070732407,1091.3425832792245,3071.92369857801,611.3694627604173,599.9548315104173,133.6137141003097,0.0,0.0,0.0
PHASE 3B,1020,816800,816,2280.2340070732407,1091.3425832792245,3071.92369857801,611.3694627604172,599.9548315104172,133.6137141003097,0.3857142857142858,0.43428571428571433,0.0
PHASE 3B,1021,817600,816,2280.2340070732407,1091.3425832792245,3071.92369857801,611.3694627604172,599.9548315104172,133.6137141003097,0.4642857142857143,0.4771428571428572,0.0
PHASE 3B,1022,818400,816,2280.2340070732407,1091.3425832792245,3071.92369857801,611.3694627604172,599.9548315104172,133.6137141003097,0.5528571428571428,0.4642857142857143,0.0
PHASE 3B,1023,819200,816,2280.2340070732407,1091.3425832792245,3071.92369857801,611.3694627604172,599.9548315104172,133.6137141003097,0.4357142857142858,0.45714285714285713,0.0
PHASE 3B,1024,820000,820,2298.7040016558203,1172.9729749885814,3071.92369857801,614.2261252604171,606.9138617187506,134.6955018345907,0.0,0.0,0.0
PHASE 3B,1025,820800,820,2298.7040016558203,1172.9729749885814,3071.92369857801,614.2261252604171,606.9138617187506,134.69550183459071,0.44857142857142857,0.4771428571428572,0.0
PHASE 3B,1026,821600,820,2298.7040016558203,1172.9729749885814,3071.92369857801,614.2261252604171,606.9138617187506,134.69550183459071,0.4385714285714286,0.5,0.0
PHASE 3B,1027,822400,820,2298.7040016558203,1172.9729749885814,3071.92369857801,614.2261252604171,606.9138617187506,134.69550183459071,0.472857142857143,0.47285714285714286,0.0
PHASE 3B,1028,823200,820,2298.7040016558203,1172.9729749885814,3071.92369857801,614.2261252604171,606.9138617187506,134.69550183459071,0.45999999999999996,0.39857142857142863,0.0
PHASE 3B,1029,824000,824,2305.3838899888106,1172.9729749885814,3071.92369857801,613.9625846354171,611.4009835937505,135.00254021996443,0.0,0.0,0.0
PHASE 3B,1030,824800,824,2305.3838899888106,1172.9729749885814,3071.92369857801,613.9625846354171,611.4009835937505,135.00254021996443,0.4814285714285715,0.49857142857142855,0.0
PHASE 3B,1031,825600,824,2305.3838899888106,1172.9729749885814,3071.92369857801,613.9625846354171,611.4009835937505,135.00254021996443,0.47285714285714286,0.47857142857142854,0.0
PHASE 3B,1032,826400,824,2305.3838899888106,1172.9729749885814,3071.92369857801,613.9625846354171,611.4009835937505,135.00254021996443,0.44571428571428573,0.45285714285714285,0.0
PHASE 3B,1033,827200,824,2305.3838899888106,1172.9729749885814,3071.92369857801,613.9625846354171,611.4009835937505,135.00254021996443,0.4928571428571429,0.39571428571428574,0.0
PHASE 3B,1034,828000,828,2324.0571725401455,1172.9729749885814,3084.2751631209235,617.2830158854171,618.1936992187506,136.07255717950633,0.0,0.0,0.0
PHASE 3B,1035,828800,828,2324.057172540145,1172.9729749885814,3084.2751631209235,617.2830158854171,618.1936992187506,136.07255717950633,0.49714285714285716,0.4257142857142857,0.0
PHASE 3B,1036,829600,828,2324.057172540145,1172.9729749885814,3084.2751631209235,617.2830158854171,618.1936992187506,136.07255717950633,0.49142857142857144,0.45714285714285713,0.0
PHASE 3B,1037,830400,828,2324.057172540145,1172.9729749885814,3084.2751631209235,617.2830158854171,618.1936992187506,136.07255717950633,0.4628571428571429,0.4542857142857143,0.0
PHASE 3B,1038,831200,828,2324.057172540145,1172.9729749885814,3084.2751631209235,617.2830158854171,618.1936992187506,136.07255717950633,0.39714285714285713,0.3242857142857143,0.0
PHASE 3B,1039,832000,832,2348.6679791667243,1172.9729749885814,3084.2751631209235,624.9239492187504,625.1801294270839,137.32048756512026,0.0,0.0,0.0
PHASE 3B,1040,832800,832,2348.6679791667248,1172.9729749885814,3084.2751631209235,624.9239492187505,625.1801294270839,137.32048756512026,0.4071428571428572,0.3614285714285715,0.0
PHASE 3B,1041,833600,832,2348.6679791667248,1172.9729749885814,3084.2751631209235,624.9239492187505,625.1801294270839,137.32048756512026,0.4685714285714286,0.41000000000000003,0.0
PHASE 3B,1042,834400,832,2348.6679791667248,1172.9729749885814,3084.2751631209235,624.9239492187505,625.1801294270839,137.32048756512026,0.3985714285714286,0.4128571428571429,0.0
PHASE 3B,1043,835200,832,2348.6679791667248,1172.9729749885814,3084.2751631209235,624.9239492187505,625.1801294270839,137.32048756512026,0.37428571428571433,0.4871428571428572,0.0
PHASE 3B,1044,836000,836,2380.6002073941872,1172.9729749885814,3084.2751631209235,633.6437242187505,634.9587044270838,138.9997223435531,0.0,0.0,0.0
PHASE 3B,1045,836800,836,2380.6002073941872,1172.9729749885814,3084.2751631209235,633.6437242187505,634.9587044270838,138.9997223435531,0.41571428571428576,0.4057142857142857,0.0
PHASE 3B,1046,837600,836,2380.6002073941872,1172.9729749885814,3084.2751631209235,633.6437242187505,634.9587044270838,138.9997223435531,0.47142857142857153,0.4057142857142857,0.0
PHASE 3B,1047,838400,836,2380.6002073941872,1172.9729749885814,3084.2751631209235,633.6437242187505,634.9587044270838,138.9997223435531,0.4057142857142857,0.45999999999999996,0.0
PHASE 3B,1048,839200,836,2380.6002073941872,1172.9729749885814,3084.2751631209235,633.6437242187505,634.9587044270838,138.9997223435531,0.4642857142857143,0.4614285714285714,0.0
PHASE 3B,1049,840000,840,2396.6141403144143,1172.9729749885814,3084.2751631209235,640.2065752604173,637.8100117187505,139.82469416691478,0.0,0.0,0.0
PHASE 3B,1050,840800,840,2396.6141403144147,1172.9729749885814,3084.2751631209235,640.2065752604173,637.8100117187505,139.82469416691478,0.5171428571428571,0.33000000000000007,0.0
PHASE 3B,1051,841600,840,2396.6141403144147,1172.9729749885814,3084.2751631209235,640.2065752604173,637.8100117187505,139.82469416691478,0.44000000000000006,0.3814285714285714,0.0
PHASE 3B,1052,842400,840,2396.6141403144147,1172.9729749885814,3084.2751631209235,640.2065752604173,637.8100117187505,139.82469416691478,0.5328571428571429,0.5085714285714286,0.0
PHASE 3B,1053,843200,840,2396.6141403144147,1172.9729749885814,3084.2751631209235,640.2065752604173,637.8100117187505,139.82469416691478,0.4671428571428572,0.45000000000000007,0.0
PHASE 3B,1054,844000,844,2424.8296120368245,1566.0965374831942,3084.2751631209235,642.7329450520839,650.5525210937506,141.44301823638273,0.0,0.0,0.0
PHASE 3B,1055,844800,844,2424.8296120368245,1566.0965374831942,3084.2751631209235,642.7329450520838,650.5525210937504,141.44301823638273,0.49571428571428583,0.43428571428571433,0.0
PHASE 3B,1056,845600,844,2424.8296120368245,1566.0965374831942,3084.2751631209235,642.7329450520838,650.5525210937504,141.44301823638273,0.4742857142857143,0.37857142857142856,0.0
PHASE 3B,1057,846400,844,2424.8296120368245,1566.0965374831942,3084.2751631209235,642.7329450520838,650.5525210937504,141.44301823638273,0.5285714285714286,0.44000000000000006,0.0
PHASE 3B,1058,847200,844,2424.8296120368245,1566.0965374831942,3084.2751631209235,642.7329450520838,650.5525210937504,141.44301823638273,0.3771428571428571,0.43714285714285717,0.0
PHASE 3B,1059,848000,848,2425.877408517524,1566.0965374831942,3084.2751631209235,642.222509635417,649.9918195312505,141.70788491886597,0.0,0.0,0.0
PHASE 3B,1060,848800,848,2425.877408517524,1566.0965374831942,3084.2751631209235,642.222509635417,649.9918195312505,141.70788491886597,0.32285714285714284,0.42714285714285716,0.0
PHASE 3B,1061,849600,848,2425.877408517524,1566.0965374831942,3084.2751631209235,642.222509635417,649.9918195312505,141.70788491886597,0.5057142857142858,0.5514285714285715,0.0
PHASE 3B,1062,850400,848,2425.877408517524,1566.0965374831942,3084.2751631209235,642.222509635417,649.9918195312505,141.70788491886597,0.47142857142857153,0.4257142857142857,0.0
PHASE 3B,1063,851200,848,2425.877408517524,1566.0965374831942,3084.2751631209235,642.222509635417,649.9918195312505,141.70788491886597,0.34142857142857147,0.5200000000000001,0.0
PHASE 3B,1064,852000,852,2432.7767096226844,1566.0965374831942,3084.2751631209235,643.6184169270838,651.6489976562505,142.18866187992768,0.0,0.0,0.0
PHASE 3B,1065,852800,852,2432.7767096226844,1566.0965374831942,3084.2751631209235,643.6184169270838,651.6489976562505,142.1886618799277,0.40285714285714286,0.43285714285714294,0.0
PHASE 3B,1066,853600,852,2432.7767096226844,1566.0965374831942,3084.2751631209235,643.6184169270838,651.6489976562505,142.1886618799277,0.44000000000000006,0.43428571428571433,0.0
PHASE 3B,1067,854400,852,2432.7767096226844,1566.0965374831942,3084.2751631209235,643.6184169270838,651.6489976562505,142.1886618799277,0.4385714285714286,0.43714285714285717,0.0
PHASE 3B,1068,855200,852,2432.7767096226844,1566.0965374831942,3084.2751631209235,643.6184169270838,651.6489976562505,142.1886618799277,0.42000000000000004,0.3657142857142858,0.0
PHASE 3B,1069,856000,856,2449.4318460131285,1566.0965374831942,3084.2751631209235,649.6862460937505,654.5096497395839,143.1544937724832,0.0,0.0,0.0
PHASE 3B,1070,856800,856,2449.4318460131285,1566.0965374831942,3084.2751631209235,649.6862460937505,654.5096497395839,143.1544937724832,0.4057142857142857,0.41000000000000003,0.0
PHASE 3B,1071,857600,856,2449.4318460131285,1566.0965374831942,3084.2751631209235,649.6862460937505,654.5096497395839,143.1544937724832,0.46428571428571425,0.36142857142857143,0.0
PHASE 3B,1072,858400,856,2449.4318460131285,1566.0965374831942,3084.2751631209235,649.6862460937505,654.5096497395839,143.1544937724832,0.5042857142857143,0.4871428571428572,0.0
PHASE 3B,1073,859200,856,2449.4318460131285,1566.0965374831942,3084.2751631209235,649.6862460937505,654.5096497395839,143.1544937724832,0.46142857142857147,0.48571428571428577,0.0
PHASE 3B,1074,860000,860,2449.2976110156555,1566.0965374831942,3084.2751631209235,649.2202388020839,654.2592653645839,143.2272633561325,0.0,0.0,0.0
PHASE 3B,1075,860800,860,2449.297611015655,1566.0965374831942,3084.2751631209235,649.2202388020838,654.2592653645838,143.2272633561325,0.4514285714285714,0.4342857142857143,0.0
PHASE 3B,1076,861600,860,2449.297611015655,1566.0965374831942,3084.2751631209235,649.2202388020838,654.2592653645838,143.2272633561325,0.4757142857142858,0.38571428571428573,0.0
PHASE 3B,1077,862400,860,2449.297611015655,1566.0965374831942,3084.2751631209235,649.2202388020838,654.2592653645838,143.2272633561325,0.43285714285714294,0.4342857142857143,0.0
PHASE 3B,1078,863200,860,2449.297611015655,1566.0965374831942,3084.2751631209235,649.2202388020838,654.2592653645838,143.2272633561325,0.40714285714285714,0.46714285714285725,0.0
PHASE 3B,1079,864000,864,2447.6600654068197,1566.0965374831942,3084.2751631209235,645.6061937500004,657.1000854166672,143.119223280028,0.0,0.0,0.0
PHASE 3B,1080,864800,864,2447.66006540682,1566.0965374831942,3084.2751631209235,645.6061937500006,657.1000854166672,143.119223280028,0.54,0.4828571428571428,0.0
PHASE 3B,1081,865600,864,2447.66006540682,1566.0965374831942,3084.2751631209235,645.6061937500006,657.1000854166672,143.119223280028,0.48,0.48285714285714293,0.0
PHASE 3B,1082,866400,864,2447.66006540682,1566.0965374831942,3084.2751631209235,645.6061937500006,657.1000854166672,143.119223280028,0.5185714285714287,0.4471428571428572,0.0
PHASE 3B,1083,867200,864,2447.66006540682,1566.0965374831942,3084.2751631209235,645.6061937500006,657.1000854166672,143.119223280028,0.4385714285714286,0.5171428571428571,0.0
PHASE 3B,1084,868000,868,2457.6295919692093,1566.0965374831942,3084.2751631209235,647.9943666666671,661.0937708333338,143.5676818086598,0.0,0.0,0.0
PHASE 3B,1085,868800,868,2457.6295919692093,1566.0965374831942,3084.2751631209235,647.9943666666671,661.0937708333338,143.5676818086598,0.5342857142857144,0.3828571428571429,0.0
PHASE 3B,1086,869600,868,2457.6295919692093,1566.0965374831942,3084.2751631209235,647.9943666666671,661.0937708333338,143.5676818086598,0.47000000000000003,0.4314285714285715,0.0
PHASE 3B,1087,870400,868,2457.6295919692093,1566.0965374831942,3084.2751631209235,647.9943666666671,661.0937708333338,143.5676818086598,0.49857142857142867,0.4885714285714286,0.0
PHASE 3B,1088,871200,868,2457.6295919692093,1566.0965374831942,3084.2751631209235,647.9943666666671,661.0937708333338,143.5676818086598,0.47428571428571437,0.4428571428571429,0.0
PHASE 3B,1089,872000,872,2465.7045058017898,1566.0965374831942,3084.2751631209235,648.3912114583338,663.8799218750005,144.17917155856574,0.0,0.0,0.0
PHASE 3B,1090,872800,872,2465.7045058017893,1566.0965374831942,3084.2751631209235,648.3912114583338,663.8799218750005,144.17917155856574,0.43000000000000005,0.43,0.0
PHASE 3B,1091,873600,872,2465.7045058017893,1566.0965374831942,3084.2751631209235,648.3912114583338,663.8799218750005,144.17917155856574,0.4957142857142857,0.49714285714285716,0.0
PHASE 3B,1092,874400,872,2465.7045058017893,1566.0965374831942,3084.2751631209235,648.3912114583338,663.8799218750005,144.17917155856574,0.43428571428571433,0.48285714285714293,0.0
PHASE 3B,1093,875200,872,2465.7045058017893,1566.0965374831942,3084.2751631209235,648.3912114583338,663.8799218750005,144.17917155856574,0.44571428571428573,0.3942857142857143,0.0
PHASE 3B,1094,876000,876,2482.004256018513,1770.9839129880093,3084.2751631209235,654.2638218750004,666.8093677083338,145.1163833044062,0.0,0.0,0.0
PHASE 3B,1095,876800,876,2482.0042560185125,1770.9839129880093,3084.2751631209235,654.2638218750005,666.8093677083338,145.1163833044062,0.46571428571428586,0.40714285714285714,0.0
PHASE 3B,1096,877600,876,2482.0042560185125,1770.9839129880093,3084.2751631209235,654.2638218750005,666.8093677083338,145.1163833044062,0.4471428571428572,0.45,0.0
PHASE 3B,1097,878400,876,2482.0042560185125,1770.9839129880093,3084.2751631209235,654.2638218750005,666.8093677083338,145.1163833044062,0.3928571428571429,0.4600000000000001,0.0
PHASE 3B,1098,879200,876,2482.0042560185125,1770.9839129880093,3084.2751631209235,654.2638218750005,666.8093677083338,145.1163833044062,0.44142857142857145,0.5142857142857143,0.0
PHASE 3B,1099,880000,880,2490.477108815738,1798.7043732558632,3084.2751631209235,659.8189718750006,664.958104166667,145.71250409676784,0.0,0.0,0.0
PHASE 3B,1100,880800,880,2490.4771088157386,1798.7043732558632,3084.2751631209235,659.8189718750006,664.9581041666672,145.71250409676784,0.5171428571428571,0.37714285714285717,0.0
PHASE 3B,1101,881600,880,2490.4771088157386,1798.7043732558632,3084.2751631209235,659.8189718750006,664.9581041666672,145.71250409676784,0.4114285714285715,0.4685714285714286,0.0
PHASE 3B,1102,882400,880,2490.4771088157386,1798.7043732558632,3084.2751631209235,659.8189718750006,664.9581041666672,145.71250409676784,0.4471428571428572,0.40857142857142853,0.0
PHASE 3B,1103,883200,880,2490.4771088157386,1798.7043732558632,3084.2751631209235,659.8189718750006,664.9581041666672,145.71250409676784,0.4742857142857143,0.4671428571428572,0.0
PHASE 3B,1104,884000,884,2502.448054926755,1798.7043732558632,3084.2751631209235,661.0763083333338,669.7962697916671,146.44693460022808,0.0,0.0,0.0
PHASE 3B,1105,884800,884,2502.448054926755,1798.7043732558632,3084.2751631209235,661.076308333334,669.7962697916673,146.44693460022808,0.5571428571428572,0.49142857142857144,0.0
PHASE 3B,1106,885600,884,2502.448054926755,1798.7043732558632,3084.2751631209235,661.076308333334,669.7962697916673,146.44693460022808,0.42857142857142855,0.4314285714285715,0.0
PHASE 3B,1107,886400,884,2502.448054926755,1798.7043732558632,3084.2751631209235,661.076308333334,669.7962697916673,146.44693460022808,0.4114285714285715,0.44857142857142857,0.0
PHASE 3B,1108,887200,884,2502.448054926755,1798.7043732558632,3084.2751631209235,661.076308333334,669.7962697916673,146.44693460022808,0.46571428571428564,0.4757142857142858,0.0
PHASE 3B,1109,888000,888,2489.761491663399,1798.7043732558632,3084.2751631209235,658.9969729166673,664.1815083333339,145.8228763016835,0.0,0.0,0.0
PHASE 3B,1110,888800,888,2489.7614916633984,1798.7043732558632,3084.2751631209235,658.9969729166673,664.1815083333339,145.8228763016835,0.472857142857143,0.4800000000000001,0.0
PHASE 3B,1111,889600,888,2489.7614916633984,1798.7043732558632,3084.2751631209235,658.9969729166673,664.1815083333339,145.8228763016835,0.43285714285714283,0.4871428571428572,0.0
PHASE 3B,1112,890400,888,2489.7614916633984,1798.7043732558632,3084.2751631209235,658.9969729166673,664.1815083333339,145.8228763016835,0.46571428571428575,0.4128571428571429,0.0
PHASE 3B,1113,891200,888,2489.7614916633984,1798.7043732558632,3084.2751631209235,658.9969729166673,664.1815083333339,145.8228763016835,0.4314285714285715,0.48285714285714293,0.0
PHASE 3B,1114,892000,892,2476.7719576139975,1402.7544329184148,3084.2751631209235,650.6181658854173,664.3944312500006,145.2199200598313,0.0,0.0,0.0
PHASE 3B,1115,892800,892,2476.7719576139975,1402.7544329184148,3084.2751631209235,650.6181658854173,664.3944312500006,145.2199200598313,0.4185714285714286,0.42142857142857154,0.0
PHASE 3B,1116,893600,892,2476.7719576139975,1402.7544329184148,3084.2751631209235,650.6181658854173,664.3944312500006,145.2199200598313,0.4571428571428572,0.46714285714285725,0.0
PHASE 3B,1117,894400,892,2476.7719576139975,1402.7544329184148,3084.2751631209235,650.6181658854173,664.3944312500006,145.2199200598313,0.55,0.34142857142857147,0.0
PHASE 3B,1118,895200,892,2476.7719576139975,1402.7544329184148,3084.2751631209235,650.6181658854173,664.3944312500006,145.2199200598313,0.4842857142857143,0.39857142857142863,0.0
PHASE 3B,1119,896000,896,2480.6517382574157,1402.7544329184148,3084.2751631209235,653.5038835937506,661.8883166666673,145.6574422496337,0.0,0.0,0.0
PHASE 3B,1120,896800,896,2480.651738257416,1402.7544329184148,3084.2751631209235,653.5038835937506,661.8883166666673,145.6574422496337,0.4685714285714286,0.3657142857142857,0.0
PHASE 3B,1121,897600,896,2480.651738257416,1402.7544329184148,3084.2751631209235,653.5038835937506,661.8883166666673,145.6574422496337,0.4800000000000001,0.4342857142857143,0.0
PHASE 3B,1122,898400,896,2480.651738257416,1402.7544329184148,3084.2751631209235,653.5038835937506,661.8883166666673,145.6574422496337,0.4200000000000001,0.4314285714285714,0.0
PHASE 3B,1123,899200,896,2480.651738257416,1402.7544329184148,3084.2751631209235,653.5038835937506,661.8883166666673,145.6574422496337,0.4757142857142858,0.4457142857142856,0.0
PHASE 3B,1124,900000,900,2484.4254778612394,1402.7544329184148,3084.2751631209235,654.7603971354173,662.1287833333339,145.94203717407004,0.0,0.0,0.0
PHASE 3B,1125,900800,900,2484.4254778612394,1402.7544329184148,3084.2751631209235,654.7603971354173,662.1287833333337,145.94203717407004,0.45,0.5028571428571429,0.0
PHASE 3B,1126,901600,900,2484.4254778612394,1402.7544329184148,3084.2751631209235,654.7603971354173,662.1287833333337,145.94203717407004,0.44571428571428573,0.44857142857142857,0.0
PHASE 3B,1127,902400,900,2484.4254778612394,1402.7544329184148,3084.2751631209235,654.7603971354173,662.1287833333337,145.94203717407004,0.45857142857142863,0.4314285714285715,0.0
PHASE 3B,1128,903200,900,2484.4254778612394,1402.7544329184148,3084.2751631209235,654.7603971354173,662.1287833333337,145.94203717407004,0.4271428571428572,0.3828571428571429,0.0
PHASE 3B,1129,904000,904,2494.684461147319,1402.7544329184148,3084.2751631209235,659.5295908854174,663.5254635416671,146.45367584003833,0.0,0.0,0.0
PHASE 3B,1130,904800,904,2494.6844611473193,1402.7544329184148,3084.2751631209235,659.5295908854173,663.5254635416672,146.45367584003833,0.43285714285714294,0.4057142857142858,0.0
PHASE 3B,1131,905600,904,2494.6844611473193,1402.7544329184148,3084.2751631209235,659.5295908854173,663.5254635416672,146.45367584003833,0.4571428571428572,0.4371428571428571,0.0
PHASE 3B,1132,906400,904,2494.6844611473193,1402.7544329184148,3084.2751631209235,659.5295908854173,663.5254635416672,146.45367584003833,0.34857142857142864,0.37714285714285717,0.0
PHASE 3B,1133,907200,904,2494.6844611473193,1402.7544329184148,3084.2751631209235,659.5295908854173,663.5254635416672,146.45367584003833,0.4928571428571429,0.4514285714285714,0.0
PHASE 3B,1134,908000,908,2490.1617544802034,1402.7544329184148,3084.2751631209235,657.6990617187506,662.0659143229173,146.29959730482585,0.0,0.0,0.0
PHASE 3B,1135,908800,908,2490.1617544802034,1402.7544329184148,3084.2751631209235,657.6990617187506,662.0659143229171,146.29959730482585,0.5357142857142858,0.5042857142857142,0.0
PHASE 3B,1136,909600,908,2490.1617544802034,1402.7544329184148,3084.2751631209235,657.6990617187506,662.0659143229171,146.29959730482585,0.4142857142857143,0.4114285714285715,0.0
PHASE 3B,1137,910400,908,2490.1617544802034,1402.7544329184148,3084.2751631209235,657.6990617187506,662.0659143229171,146.29959730482585,0.5385714285714286,0.44857142857142857,0.0
PHASE 3B,1138,911200,908,2490.1617544802034,1402.7544329184148,3084.2751631209235,657.6990617187506,662.0659143229171,146.29959730482585,0.32142857142857145,0.45,0.0
PHASE 3B,1139,912000,912,2500.291320437375,1402.7544329184148,3084.2751631209235,660.6375169270839,664.4514559895838,146.90029344009713,0.0,0.0,0.0
PHASE 3B,1140,912800,912,2500.2913204373745,1402.7544329184148,3084.2751631209235,660.6375169270841,664.4514559895839,146.90029344009713,0.4842857142857143,0.48571428571428577,0.0
PHASE 3B,1141,913600,912,2500.2913204373745,1402.7544329184148,3084.2751631209235,660.6375169270841,664.4514559895839,146.90029344009713,0.4,0.42857142857142866,0.0
PHASE 3B,1142,914400,912,2500.2913204373745,1402.7544329184148,3084.2751631209235,660.6375169270841,664.4514559895839,146.90029344009713,0.42142857142857154,0.45857142857142863,0.0
PHASE 3B,1143,915200,912,2500.2913204373745,1402.7544329184148,3084.2751631209235,660.6375169270841,664.4514559895839,146.90029344009713,0.4385714285714286,0.4314285714285714,0.0
PHASE 3B,1144,916000,916,2500.709896524651,1402.7544329184148,3084.2751631209235,658.8884210937507,666.5007570312507,146.9150897999649,0.0,0.0,0.0
PHASE 3B,1145,916800,916,2500.7098965246514,1402.7544329184148,3084.2751631209235,658.8884210937505,666.5007570312505,146.9150897999649,0.46571428571428575,0.3871428571428572,0.0
PHASE 3B,1146,917600,916,2500.7098965246514,1402.7544329184148,3084.2751631209235,658.8884210937505,666.5007570312505,146.9150897999649,0.47142857142857153,0.40857142857142853,0.0
PHASE 3B,1147,918400,916,2500.7098965246514,1402.7544329184148,3084.2751631209235,658.8884210937505,666.5007570312505,146.9150897999649,0.48428571428571426,0.45857142857142863,0.0
PHASE 3B,1148,919200,916,2500.7098965246514,1402.7544329184148,3084.2751631209235,658.8884210937505,666.5007570312505,146.9150897999649,0.3885714285714286,0.42142857142857154,0.0
PHASE 3B,1149,920000,920,2501.4344070904685,1402.7544329184148,3084.2751631209235,659.2090190104173,667.0466393229171,146.89734359465052,0.0,0.0,0.0
PHASE 3B,1150,920800,920,2501.434407090469,1402.7544329184148,3084.2751631209235,659.2090190104173,667.0466393229171,146.89734359465052,0.5185714285714286,0.39,0.0
PHASE 3B,1151,921600,920,2501.434407090469,1402.7544329184148,3084.2751631209235,659.2090190104173,667.0466393229171,146.89734359465052,0.45285714285714296,0.3628571428571429,0.0
PHASE 3B,1152,922400,920,2501.434407090469,1402.7544329184148,3084.2751631209235,659.2090190104173,667.0466393229171,146.89734359465052,0.5514285714285714,0.4600000000000001,0.0
PHASE 3B,1153,923200,920,2501.434407090469,1402.7544329184148,3084.2751631209235,659.2090190104173,667.0466393229171,146.89734359465052,0.46571428571428575,0.4571428571428572,0.0
PHASE 3B,1154,924000,924,2495.2541509195503,1402.7544329184148,3084.2751631209235,657.0408929687505,664.8056903645838,146.67594594828566,0.0,0.0,0.0
PHASE 3B,1155,924800,924,2495.2541509195503,1402.7544329184148,3084.2751631209235,657.0408929687505,664.805690364584,146.67594594828566,0.5442857142857143,0.4671428571428572,0.0
PHASE 3B,1156,925600,924,2495.2541509195503,1402.7544329184148,3084.2751631209235,657.0408929687505,664.805690364584,146.67594594828566,0.4757142857142858,0.40285714285714286,0.0
PHASE 3B,1157,926400,924,2495.2541509195503,1402.7544329184148,3084.2751631209235,657.0408929687505,664.805690364584,146.67594594828566,0.5471428571428572,0.49714285714285716,0.0
PHASE 3B,1158,927200,924,2495.2541509195503,1402.7544329184148,3084.2751631209235,657.0408929687505,664.805690364584,146.67594594828566,0.43428571428571433,0.45857142857142863,0.0
PHASE 3B,1159,928000,928,2488.1003113412044,1402.7544329184148,3029.2883700042216,653.3985596354173,665.3211445312506,146.17257589682575,0.0,0.0,0.0
PHASE 3B,1160,928800,928,2488.1003113412044,1402.7544329184148,3029.2883700042216,653.3985596354172,665.3211445312504,146.17257589682575,0.4428571428571429,0.41714285714285715,0.0
PHASE 3B,1161,929600,928,2488.1003113412044,1402.7544329184148,3029.2883700042216,653.3985596354172,665.3211445312504,146.17257589682575,0.3885714285714286,0.4714285714285714,0.0
PHASE 3B,1162,930400,928,2488.1003113412044,1402.7544329184148,3029.2883700042216,653.3985596354172,665.3211445312504,146.17257589682575,0.4471428571428572,0.44571428571428573,0.0
PHASE 3B,1163,931200,928,2488.1003113412044,1402.7544329184148,3029.2883700042216,653.3985596354172,665.3211445312504,146.17257589682575,0.46714285714285725,0.43428571428571433,0.0
PHASE 3B,1164,932000,932,2483.4679989982965,1402.7544329184148,3029.2883700042216,651.9553304687505,663.3619497395838,146.01883984875397,0.0,0.0,0.0
PHASE 3B,1165,932800,932,2483.4679989982965,1402.7544329184148,3029.2883700042216,651.9553304687505,663.3619497395838,146.01883984875397,0.4642857142857143,0.46142857142857147,0.0
PHASE 3B,1166,933600,932,2483.4679989982965,1402.7544329184148,3029.2883700042216,651.9553304687505,663.3619497395838,146.01883984875397,0.45285714285714285,0.5085714285714286,0.0
PHASE 3B,1167,934400,932,2483.4679989982965,1402.7544329184148,3029.2883700042216,651.9553304687505,663.3619497395838,146.01883984875397,0.4385714285714286,0.5042857142857142,0.0
PHASE 3B,1168,935200,932,2483.4679989982965,1402.7544329184148,3029.2883700042216,651.9553304687505,663.3619497395838,146.01883984875397,0.48285714285714293,0.4428571428571429,0.0
PHASE 3B,1169,936000,936,2466.2694022038468,1402.7544329184148,3029.2883700042216,650.8958804687506,652.8598591145839,145.31420782757283,0.0,0.0,0.0
PHASE 3B,1170,936800,936,2466.2694022038468,1402.7544329184148,3029.2883700042216,650.8958804687505,652.8598591145839,145.31420782757283,0.42428571428571427,0.45857142857142863,0.0
PHASE 3B,1171,937600,936,2466.2694022038468,1402.7544329184148,3029.2883700042216,650.8958804687505,652.8598591145839,145.31420782757283,0.5042857142857143,0.4314285714285715,0.0
PHASE 3B,1172,938400,936,2466.2694022038468,1402.7544329184148,3029.2883700042216,650.8958804687505,652.8598591145839,145.31420782757283,0.39,0.5114285714285715,0.0
PHASE 3B,1173,939200,936,2466.2694022038468,1402.7544329184148,3029.2883700042216,650.8958804687505,652.8598591145839,145.31420782757283,0.4814285714285715,0.4600000000000001,0.0
PHASE 3B,1174,940000,940,2457.4773817828905,1402.7544329184148,2947.8189803673176,647.8844221354173,651.4552091145838,144.76721881662,0.0,0.0,0.0
PHASE 3B,1175,940800,940,2457.4773817828905,1402.7544329184148,2947.8189803673176,647.8844221354171,651.4552091145838,144.76721881662,0.47000000000000003,0.49142857142857144,0.0
PHASE 3B,1176,941600,940,2457.4773817828905,1402.7544329184148,2947.8189803673176,647.8844221354171,651.4552091145838,144.76721881662,0.39428571428571424,0.48285714285714293,0.0
PHASE 3B,1177,942400,940,2457.4773817828905,1402.7544329184148,2947.8189803673176,647.8844221354171,651.4552091145838,144.76721881662,0.4385714285714286,0.4314285714285714,0.0
PHASE 3B,1178,943200,940,2457.4773817828905,1402.7544329184148,2947.8189803673176,647.8844221354171,651.4552091145838,144.76721881662,0.40285714285714286,0.4442857142857143,0.0
PHASE 3B,1179,944000,944,2458.5596408148667,1402.7544329184148,2947.8189803673176,651.3219575520837,648.4597705729171,144.8472390862419,0.0,0.0,0.0
PHASE 3B,1180,944800,944,2458.5596408148667,1402.7544329184148,2947.8189803673176,651.3219575520839,648.4597705729171,144.8472390862419,0.49000000000000005,0.38857142857142857,0.0
PHASE 3B,1181,945600,944,2458.5596408148667,1402.7544329184148,2947.8189803673176,651.3219575520839,648.4597705729171,144.8472390862419,0.4685714285714286,0.42428571428571427,0.0
PHASE 3B,1182,946400,944,2458.5596408148667,1402.7544329184148,2947.8189803673176,651.3219575520839,648.4597705729171,144.8472390862419,0.5328571428571429,0.39142857142857146,0.0
PHASE 3B,1183,947200,944,2458.5596408148667,1402.7544329184148,2947.8189803673176,651.3219575520839,648.4597705729171,144.8472390862419,0.4171428571428571,0.3928571428571429,0.0
PHASE 3B,1184,948000,948,2454.5387826393394,1402.7544329184148,2947.8189803673176,651.1196492187505,647.6448726562504,144.47178259555105,0.0,0.0,0.0
PHASE 3B,1185,948800,948,2454.538782639339,1402.7544329184148,2947.8189803673176,651.1196492187505,647.6448726562504,144.47178259555105,0.45,0.5128571428571429,0.0
PHASE 3B,1186,949600,948,2454.538782639339,1402.7544329184148,2947.8189803673176,651.1196492187505,647.6448726562504,144.47178259555105,0.4700000000000001,0.35857142857142865,0.0
PHASE 3B,1187,950400,948,2454.538782639339,1402.7544329184148,2947.8189803673176,651.1196492187505,647.6448726562504,144.47178259555105,0.4385714285714286,0.49000000000000005,0.0
PHASE 3B,1188,951200,948,2454.538782639339,1402.7544329184148,2947.8189803673176,651.1196492187505,647.6448726562504,144.47178259555105,0.4028571428571429,0.38000000000000006,0.0
PHASE 3B,1189,952000,952,2455.6497144995574,1402.7544329184148,2947.8189803673176,650.0837731770838,649.5771716145839,144.49859621349503,0.0,0.0,0.0
PHASE 3B,1190,952800,952,2455.6497144995574,1402.7544329184148,2947.8189803673176,650.0837731770838,649.5771716145839,144.49859621349503,0.42857142857142866,0.42714285714285716,0.0
PHASE 3B,1191,953600,952,2455.6497144995574,1402.7544329184148,2947.8189803673176,650.0837731770838,649.5771716145839,144.49859621349503,0.5214285714285715,0.4442857142857143,0.0
PHASE 3B,1192,954400,952,2455.6497144995574,1402.7544329184148,2947.8189803673176,650.0837731770838,649.5771716145839,144.49859621349503,0.43714285714285717,0.44571428571428573,0.0
PHASE 3B,1193,955200,952,2455.6497144995574,1402.7544329184148,2947.8189803673176,650.0837731770838,649.5771716145839,144.49859621349503,0.3614285714285715,0.3685714285714286,0.0
PHASE 3B,1194,956000,956,2442.2402122292815,1402.7544329184148,2947.8189803673176,641.7701575520838,650.6091497395839,143.73261311721058,0.0,0.0,0.0
PHASE 3B,1195,956800,956,2442.2402122292824,1402.7544329184148,2947.8189803673176,641.7701575520838,650.6091497395838,143.73261311721058,0.39,0.40428571428571436,0.0
PHASE 3B,1196,957600,956,2442.2402122292824,1402.7544329184148,2947.8189803673176,641.7701575520838,650.6091497395838,143.73261311721058,0.4828571428571428,0.44857142857142857,0.0
PHASE 3B,1197,958400,956,2442.2402122292824,1402.7544329184148,2947.8189803673176,641.7701575520838,650.6091497395838,143.73261311721058,0.39428571428571435,0.53,0.0
PHASE 3B,1198,959200,956,2442.2402122292824,1402.7544329184148,2947.8189803673176,641.7701575520838,650.6091497395838,143.73261311721058,0.45000000000000007,0.4600000000000001,0.0
PHASE 3B,1199,960000,960,2442.527470178662,1402.7544329184148,2947.8189803673176,643.4155210937505,650.2855174479171,143.60330395463288,0.0,0.0,0.0
PHASE 3B,1200,960800,960,2442.527470178662,1402.7544329184148,2947.8189803673176,643.4155210937506,650.2855174479172,143.6033039546329,0.41714285714285715,0.46571428571428575,0.0
PHASE 3B,1201,961600,960,2442.527470178662,1402.7544329184148,2947.8189803673176,643.4155210937506,650.2855174479172,143.6033039546329,0.4028571428571429,0.5014285714285714,0.0
PHASE 3B,1202,962400,960,2442.527470178662,1402.7544329184148,2947.8189803673176,643.4155210937506,650.2855174479172,143.6033039546329,0.4514285714285715,0.40428571428571436,0.0
PHASE 3B,1203,963200,960,2442.527470178662,1402.7544329184148,2947.8189803673176,643.4155210937506,650.2855174479172,143.6033039546329,0.4771428571428572,0.49000000000000005,0.0
PHASE 3B,1204,964000,964,2441.9163706495124,1402.7544329184148,2947.8189803673176,643.3892617187506,649.0439747395839,143.68539177390582,0.0,0.0,0.0
PHASE 3B,1205,964800,964,2441.9163706495124,1402.7544329184148,2947.8189803673176,643.3892617187505,649.0439747395837,143.68539177390582,0.5485714285714286,0.37714285714285717,0.0
PHASE 3B,1206,965600,964,2441.9163706495124,1402.7544329184148,2947.8189803673176,643.3892617187505,649.0439747395837,143.68539177390582,0.4057142857142857,0.42428571428571427,0.0
PHASE 3B,1207,966400,964,2441.9163706495124,1402.7544329184148,2947.8189803673176,643.3892617187505,649.0439747395837,143.68539177390582,0.49857142857142855,0.39571428571428574,0.0
PHASE 3B,1208,967200,964,2441.9163706495124,1402.7544329184148,2947.8189803673176,643.3892617187505,649.0439747395837,143.68539177390582,0.5242857142857144,0.42857142857142866,0.0
PHASE 3B,1209,968000,968,2440.9505868882934,1402.7544329184148,2947.8189803673176,640.9904221354171,649.7314184895838,143.7785932829201,0.0,0.0,0.0
PHASE 3B,1210,968800,968,2440.9505868882934,1402.7544329184148,2947.8189803673176,640.9904221354171,649.7314184895838,143.77859328292013,0.5057142857142857,0.42142857142857143,0.0
PHASE 3B,1211,969600,968,2440.9505868882934,1402.7544329184148,2947.8189803673176,640.9904221354171,649.7314184895838,143.77859328292013,0.5714285714285714,0.44571428571428584,0.0
PHASE 3B,1212,970400,968,2440.9505868882934,1402.7544329184148,2947.8189803673176,640.9904221354171,649.7314184895838,143.77859328292013,0.4428571428571429,0.4814285714285715,0.0
PHASE 3B,1213,971200,968,2440.9505868882934,1402.7544329184148,2947.8189803673176,640.9904221354171,649.7314184895838,143.77859328292013,0.45285714285714296,0.4771428571428572,0.0
PHASE 3B,1214,972000,972,2443.284268880889,1402.7544329184148,2947.8189803673176,643.9363002604172,648.8683080729171,143.8099575684529,0.0,0.0,0.0
PHASE 3B,1215,972800,972,2443.2842688808887,1402.7544329184148,2947.8189803673176,643.9363002604172,648.8683080729172,143.80995756845286,0.4185714285714286,0.4714285714285714,0.0
PHASE 3B,1216,973600,972,2443.2842688808887,1402.7544329184148,2947.8189803673176,643.9363002604172,648.8683080729172,143.80995756845286,0.43428571428571433,0.42142857142857143,0.0
PHASE 3B,1217,974400,972,2443.2842688808887,1402.7544329184148,2947.8189803673176,643.9363002604172,648.8683080729172,143.80995756845286,0.56,0.4428571428571429,0.0
PHASE 3B,1218,975200,972,2443.2842688808887,1402.7544329184148,2947.8189803673176,643.9363002604172,648.8683080729172,143.80995756845286,0.4442857142857143,0.48,0.0
PHASE 3B,1219,976000,976,2442.6246489133123,1402.7544329184148,2947.8189803673176,641.4947669270838,650.6393018229172,143.81132252042252,0.0,0.0,0.0
PHASE 3B,1220,976800,976,2442.6246489133123,1402.7544329184148,2947.8189803673176,641.4947669270838,650.6393018229172,143.81132252042252,0.43000000000000005,0.5128571428571428,0.0
PHASE 3B,1221,977600,976,2442.6246489133123,1402.7544329184148,2947.8189803673176,641.4947669270838,650.6393018229172,143.81132252042252,0.5185714285714286,0.41714285714285715,0.0
PHASE 3B,1222,978400,976,2442.6246489133123,1402.7544329184148,2947.8189803673176,641.4947669270838,650.6393018229172,143.81132252042252,0.3742857142857143,0.4442857142857143,0.0
PHASE 3B,1223,979200,976,2442.6246489133123,1402.7544329184148,2947.8189803673176,641.4947669270838,650.6393018229172,143.81132252042252,0.4871428571428572,0.5071428571428571,0.0
PHASE 3B,1224,980000,980,2442.8449573596386,1402.7544329184148,3036.803822888199,637.8060065104171,653.4147393229172,143.95302644079655,0.0,0.0,0.0
PHASE 3B,1225,980800,980,2442.8449573596386,1402.7544329184148,3036.803822888199,637.8060065104171,653.4147393229173,143.95302644079652,0.38142857142857145,0.47857142857142854,0.0
PHASE 3B,1226,981600,980,2442.8449573596386,1402.7544329184148,3036.803822888199,637.8060065104171,653.4147393229173,143.95302644079652,0.41000000000000003,0.44000000000000006,0.0
PHASE 3B,1227,982400,980,2442.8449573596386,1402.7544329184148,3036.803822888199,637.8060065104171,653.4147393229173,143.95302644079652,0.42857142857142866,0.47142857142857153,0.0
PHASE 3B,1228,983200,980,2442.8449573596386,1402.7544329184148,3036.803822888199,637.8060065104171,653.4147393229173,143.95302644079652,0.43428571428571433,0.41000000000000003,0.0
PHASE 3B,1229,984000,984,2440.009880799815,1402.7544329184148,3036.803822888199,636.729044010417,651.8858789062505,143.9243697354021,0.0,0.0,0.0
PHASE 3B,1230,984800,984,2440.009880799815,1402.7544329184148,3036.803822888199,636.729044010417,651.8858789062505,143.92436973540208,0.40857142857142853,0.5171428571428571,0.0
PHASE 3B,1231,985600,984,2440.009880799815,1402.7544329184148,3036.803822888199,636.729044010417,651.8858789062505,143.92436973540208,0.47857142857142865,0.3957142857142858,0.0
PHASE 3B,1232,986400,984,2440.009880799815,1402.7544329184148,3036.803822888199,636.729044010417,651.8858789062505,143.92436973540208,0.3642857142857143,0.40714285714285714,0.0
PHASE 3B,1233,987200,984,2440.009880799815,1402.7544329184148,3036.803822888199,636.729044010417,651.8858789062505,143.92436973540208,0.4114285714285715,0.48285714285714293,0.0
PHASE 3B,1234,988000,988,2452.6691685154974,1402.7544329184148,3036.803822888199,640.0614054687504,655.9326567708337,144.58438828449778,0.0,0.0,0.0
PHASE 3B,1235,988800,988,2452.6691685154974,1402.7544329184148,3036.803822888199,640.0614054687504,655.9326567708339,144.58438828449778,0.42000000000000004,0.47428571428571437,0.0
PHASE 3B,1236,989600,988,2452.6691685154974,1402.7544329184148,3036.803822888199,640.0614054687504,655.9326567708339,144.58438828449778,0.4542857142857143,0.40857142857142864,0.0
PHASE 3B,1237,990400,988,2452.6691685154974,1402.7544329184148,3036.803822888199,640.0614054687504,655.9326567708339,144.58438828449778,0.4628571428571429,0.4671428571428572,0.0
PHASE 3B,1238,991200,988,2452.6691685154974,1402.7544329184148,3036.803822888199,640.0614054687504,655.9326567708339,144.58438828449778,0.43714285714285717,0.48,0.0
PHASE 3B,1239,992000,992,2460.977343001375,1759.6299007971143,3036.803822888199,644.6943583333338,656.3989140625006,144.98550882570112,0.0,0.0,0.0
PHASE 3B,1240,992800,992,2460.977343001375,1759.6299007971143,3036.803822888199,644.6943583333338,656.3989140625006,144.98550882570112,0.5157142857142858,0.4514285714285714,0.0
PHASE 3B,1241,993600,992,2460.977343001375,1759.6299007971143,3036.803822888199,644.6943583333338,656.3989140625006,144.98550882570112,0.42428571428571427,0.4314285714285715,0.0
PHASE 3B,1242,994400,992,2460.977343001375,1759.6299007971143,3036.803822888199,644.6943583333338,656.3989140625006,144.98550882570112,0.46571428571428575,0.48571428571428577,0.0
PHASE 3B,1243,995200,992,2460.977343001375,1759.6299007971143,3036.803822888199,644.6943583333338,656.3989140625006,144.98550882570112,0.45714285714285713,0.4257142857142857,0.0
PHASE 3B,1244,996000,996,2458.073004121406,1759.6299007971143,3036.803822888199,640.4965093750004,660.1482848958337,144.6785262313298,0.0,0.0,0.0
PHASE 3B,1245,996800,996,2458.073004121406,1759.6299007971143,3036.803822888199,640.4965093750004,660.1482848958337,144.6785262313298,0.42142857142857154,0.4957142857142857,0.0
PHASE 3B,1246,997600,996,2458.073004121406,1759.6299007971143,3036.803822888199,640.4965093750004,660.1482848958337,144.6785262313298,0.47142857142857136,0.44571428571428573,0.0
PHASE 3B,1247,998400,996,2458.073004121406,1759.6299007971143,3036.803822888199,640.4965093750004,660.1482848958337,144.6785262313298,0.4,0.4442857142857143,0.0
PHASE 3B,1248,999200,996,2458.073004121406,1759.6299007971143,3036.803822888199,640.4965093750004,660.1482848958337,144.6785262313298,0.4128571428571429,0.49142857142857144,0.0
PHASE 3B,1249,1000000,1000,2456.8379099951703,1759.6299007971143,3036.803822888199,639.6479875000005,659.7672505208337,144.67783399680036,0.0,0.0,0.0
PHASE 3B,1250,1000800,1000,2456.8379099951703,1759.6299007971143,3036.803822888199,639.6479875000005,659.7672505208337,144.67783399680036,0.3471428571428572,0.3628571428571429,0.0
PHASE 3B,1251,1001600,1000,2456.8379099951703,1759.6299007971143,3036.803822888199,639.6479875000005,659.7672505208337,144.67783399680036,0.4385714285714286,0.44142857142857145,0.0
PHASE 3B,1252,1002400,1000,2456.8379099951703,1759.6299007971143,3036.803822888199,639.6479875000005,659.7672505208337,144.67783399680036,0.4471428571428572,0.41571428571428576,0.0
PHASE 3B,1253,1003200,1000,2456.8379099951703,1759.6299007971143,3036.803822888199,639.6479875000005,659.7672505208337,144.67783399680036,0.42428571428571427,0.42142857142857143,0.0
PHASE 3B,1254,1004000,1004,2452.6119452919606,1759.6299007971143,3036.803822888199,634.6127239583338,662.0327307291673,144.49581132556577,0.0,0.0,0.0
PHASE 3B,1255,1004800,1004,2452.6119452919606,1759.6299007971143,3036.803822888199,634.6127239583337,662.0327307291673,144.49581132556577,0.3871428571428571,0.44571428571428573,0.0
PHASE 3B,1256,1005600,1004,2452.6119452919606,1759.6299007971143,3036.803822888199,634.6127239583337,662.0327307291673,144.49581132556577,0.4828571428571428,0.4185714285714286,0.0
PHASE 3B,1257,1006400,1004,2452.6119452919606,1759.6299007971143,3036.803822888199,634.6127239583337,662.0327307291673,144.49581132556577,0.4957142857142857,0.48999999999999994,0.0
PHASE 3B,1258,1007200,1004,2452.6119452919606,1759.6299007971143,3036.803822888199,634.6127239583337,662.0327307291673,144.49581132556577,0.5242857142857142,0.4228571428571429,0.0
PHASE 3B,1259,1008000,1008,2451.3409879737305,1957.954626034615,3036.803822888199,633.5433260416671,661.6835518229173,144.51426376365157,0.0,0.0,0.0
PHASE 3B,1260,1008800,1008,2451.3409879737305,1957.954626034615,3036.803822888199,633.5433260416671,661.6835518229173,144.51426376365157,0.47285714285714286,0.46142857142857147,0.0
PHASE 3B,1261,1009600,1008,2451.3409879737305,1957.954626034615,3036.803822888199,633.5433260416671,661.6835518229173,144.51426376365157,0.472857142857143,0.41714285714285715,0.0
PHASE 3B,1262,1010400,1008,2451.3409879737305,1957.954626034615,3036.803822888199,633.5433260416671,661.6835518229173,144.51426376365157,0.4128571428571429,0.4542857142857143,0.0
PHASE 3B,1263,1011200,1008,2451.3409879737305,1957.954626034615,3036.803822888199,633.5433260416671,661.6835518229173,144.51426376365157,0.35000000000000003,0.42714285714285716,0.0
PHASE 3B,1264,1012000,1012,2448.0884258480464,1957.954626034615,3036.803822888199,630.8107614583338,662.4070216145838,144.35883034689942,0.0,0.0,0.0
PHASE 3B,1265,1012800,1012,2448.088425848047,1957.954626034615,3036.803822888199,630.8107614583339,662.4070216145838,144.35883034689945,0.5185714285714286,0.3857142857142858,0.0
PHASE 3B,1266,1013600,1012,2448.088425848047,1957.954626034615,3036.803822888199,630.8107614583339,662.4070216145838,144.35883034689945,0.44000000000000006,0.5285714285714286,0.0
PHASE 3B,1267,1014400,1012,2448.088425848047,1957.954626034615,3036.803822888199,630.8107614583339,662.4070216145838,144.35883034689945,0.46571428571428575,0.4542857142857143,0.0
PHASE 3B,1268,1015200,1012,2448.088425848047,1957.954626034615,3036.803822888199,630.8107614583339,662.4070216145838,144.35883034689945,0.46714285714285725,0.4114285714285715,0.0
PHASE 3B,1269,1016000,1016,2443.9713344336355,1957.954626034615,3036.803822888199,629.0197354166671,660.3528820312504,144.32483962322306,0.0,0.0,0.0
PHASE 3B,1270,1016800,1016,2443.9713344336355,1957.954626034615,3036.803822888199,629.0197354166671,660.3528820312505,144.32483962322306,0.4357142857142858,0.43285714285714294,0.0
PHASE 3B,1271,1017600,1016,2443.9713344336355,1957.954626034615,3036.803822888199,629.0197354166671,660.3528820312505,144.32483962322306,0.31285714285714283,0.43285714285714283,0.0
PHASE 3B,1272,1018400,1016,2443.9713344336355,1957.954626034615,3036.803822888199,629.0197354166671,660.3528820312505,144.32483962322306,0.47000000000000003,0.43285714285714283,0.0
PHASE 3B,1273,1019200,1016,2443.9713344336355,1957.954626034615,3036.803822888199,629.0197354166671,660.3528820312505,144.32483962322306,0.4471428571428572,0.49000000000000005,0.0
PHASE 3B,1274,1020000,1020,2432.158902312134,1957.954626034615,3036.803822888199,626.6453114583337,654.7537653645837,143.84497818616035,0.0,0.0,0.0
PHASE 3B,1275,1020800,1020,2432.1589023121346,1957.954626034615,3036.803822888199,626.6453114583338,654.7537653645838,143.84497818616035,0.4,0.4057142857142857,0.0
PHASE 3B,1276,1021600,1020,2432.1589023121346,1957.954626034615,3036.803822888199,626.6453114583338,654.7537653645838,143.84497818616035,0.42285714285714293,0.4842857142857143,0.0
PHASE 3B,1277,1022400,1020,2432.1589023121346,1957.954626034615,3036.803822888199,626.6453114583338,654.7537653645838,143.84497818616035,0.4628571428571429,0.4014285714285714,0.0
PHASE 3B,1278,1023200,1020,2432.1589023121346,1957.954626034615,3036.803822888199,626.6453114583338,654.7537653645838,143.84497818616035,0.43,0.4014285714285714,0.0
PHASE 3B,1279,1024000,1024,2430.7158073630903,1957.954626034615,3036.803822888199,628.6991083333338,650.9833580729171,143.8791676196132,0.0,0.0,0.0
PHASE 3B,1280,1024800,1024,2430.7158073630903,1957.954626034615,3036.803822888199,628.6991083333338,650.9833580729172,143.8791676196132,0.4600000000000001,0.4957142857142857,0.0
PHASE 3B,1281,1025600,1024,2430.7158073630903,1957.954626034615,3036.803822888199,628.6991083333338,650.9833580729172,143.8791676196132,0.4114285714285715,0.41142857142857137,0.0
PHASE 3B,1282,1026400,1024,2430.7158073630903,1957.954626034615,3036.803822888199,628.6991083333338,650.9833580729172,143.8791676196132,0.43428571428571433,0.43000000000000005,0.0
PHASE 3B,1283,1027200,1024,2430.7158073630903,1957.954626034615,3036.803822888199,628.6991083333338,650.9833580729172,143.8791676196132,0.46142857142857147,0.40285714285714286,0.0
PHASE 3B,1284,1028000,1028,2431.43809417565,1957.954626034615,3036.803822888199,629.8704739583338,648.3296372395838,144.15474787222487,0.0,0.0,0.0
PHASE 3B,1285,1028800,1028,2431.4380941756494,1957.954626034615,3036.803822888199,629.870473958334,648.3296372395839,144.15474787222487,0.4485714285714287,0.4685714285714287,0.0
PHASE 3B,1286,1029600,1028,2431.4380941756494,1957.954626034615,3036.803822888199,629.870473958334,648.3296372395839,144.15474787222487,0.44142857142857145,0.5042857142857142,0.0
PHASE 3B,1287,1030400,1028,2431.4380941756494,1957.954626034615,3036.803822888199,629.870473958334,648.3296372395839,144.15474787222487,0.4871428571428572,0.46571428571428586,0.0
PHASE 3B,1288,1031200,1028,2431.4380941756494,1957.954626034615,3036.803822888199,629.870473958334,648.3296372395839,144.15474787222487,0.5028571428571429,0.4242857142857144,0.0
PHASE 3B,1289,1032000,1032,2431.615319733745,1957.954626034615,3089.367043407382,624.6527354166672,653.5497028645839,144.17661018157017,0.0,0.0,0.0
PHASE 3B,1290,1032800,1032,2431.6153197337444,1957.954626034615,3089.367043407382,624.652735416667,653.5497028645838,144.17661018157017,0.4228571428571429,0.40428571428571436,0.0
PHASE 3B,1291,1033600,1032,2431.6153197337444,1957.954626034615,3089.367043407382,624.652735416667,653.5497028645838,144.17661018157017,0.3614285714285715,0.3928571428571429,0.0
PHASE 3B,1292,1034400,1032,2431.6153197337444,1957.954626034615,3089.367043407382,624.652735416667,653.5497028645838,144.17661018157017,0.44142857142857145,0.35571428571428576,0.0
PHASE 3B,1293,1035200,1032,2431.6153197337444,1957.954626034615,3089.367043407382,624.652735416667,653.5497028645838,144.17661018157017,0.4600000000000001,0.49428571428571433,0.0
PHASE 3B,1294,1036000,1036,2442.7254140019936,1976.6966223353124,3089.367043407382,623.0134125000004,660.9308049479172,144.84764956926787,0.0,0.0,0.0
PHASE 3B,1295,1036800,1036,2442.7254140019936,1976.6966223353124,3089.367043407382,623.0134125000004,660.9308049479172,144.84764956926787,0.39714285714285713,0.48999999999999994,0.0
PHASE 3B,1296,1037600,1036,2442.7254140019936,1976.6966223353124,3089.367043407382,623.0134125000004,660.9308049479172,144.84764956926787,0.38285714285714284,0.4428571428571429,0.0
PHASE 3B,1297,1038400,1036,2442.7254140019936,1976.6966223353124,3089.367043407382,623.0134125000004,660.9308049479172,144.84764956926787,0.53,0.47857142857142854,0.0
PHASE 3B,1298,1039200,1036,2442.7254140019936,1976.6966223353124,3089.367043407382,623.0134125000004,660.9308049479172,144.84764956926787,0.40714285714285714,0.4028571428571429,0.0
PHASE 3B,1299,1040000,1040,2444.46397794394,1976.6966223353124,3089.367043407382,621.304332291667,662.2874216145839,145.10902800471936,0.0,0.0,0.0
PHASE 3B,1300,1040800,1040,2444.46397794394,1976.6966223353124,3089.367043407382,621.3043322916672,662.2874216145839,145.10902800471936,0.3885714285714286,0.4842857142857143,0.0
PHASE 3B,1301,1041600,1040,2444.46397794394,1976.6966223353124,3089.367043407382,621.3043322916672,662.2874216145839,145.10902800471936,0.40714285714285714,0.4600000000000001,0.0
PHASE 3B,1302,1042400,1040,2444.46397794394,1976.6966223353124,3089.367043407382,621.3043322916672,662.2874216145839,145.10902800471936,0.4800000000000001,0.4800000000000001,0.0
PHASE 3B,1303,1043200,1040,2444.46397794394,1976.6966223353124,3089.367043407382,621.3043322916672,662.2874216145839,145.10902800471936,0.4757142857142858,0.44000000000000006,0.0
PHASE 3B,1304,1044000,1044,2443.5606121133533,1784.7924187470885,3089.367043407382,623.1187895833338,659.6603955729172,145.09767836964616,0.0,0.0,0.0
PHASE 3B,1305,1044800,1044,2443.5606121133533,1784.7924187470885,3089.367043407382,623.1187895833338,659.6603955729172,145.0976783696462,0.32571428571428573,0.4671428571428572,0.0
PHASE 3B,1306,1045600,1044,2443.5606121133533,1784.7924187470885,3089.367043407382,623.1187895833338,659.6603955729172,145.0976783696462,0.3785714285714286,0.4442857142857143,0.0
PHASE 3B,1307,1046400,1044,2443.5606121133533,1784.7924187470885,3089.367043407382,623.1187895833338,659.6603955729172,145.0976783696462,0.37,0.41571428571428576,0.0
PHASE 3B,1308,1047200,1044,2443.5606121133533,1784.7924187470885,3089.367043407382,623.1187895833338,659.6603955729172,145.0976783696462,0.45,0.49857142857142867,0.0
PHASE 3B,1309,1048000,1048,2452.7695714144893,1784.7924187470885,3089.367043407382,621.9617822916671,663.3918528645838,145.92699203228815,0.0,0.0,0.0
PHASE 3B,1310,1048800,1048,2452.7695714144893,1784.7924187470885,3089.367043407382,621.9617822916671,663.3918528645839,145.92699203228818,0.49857142857142855,0.45000000000000007,0.0
PHASE 3B,1311,1049600,1048,2452.7695714144893,1784.7924187470885,3089.367043407382,621.9617822916671,663.3918528645839,145.92699203228818,0.43428571428571433,0.3942857142857143,0.0
PHASE 3B,1312,1050400,1048,2452.7695714144893,1784.7924187470885,3089.367043407382,621.9617822916671,663.3918528645839,145.92699203228818,0.41428571428571426,0.47857142857142854,0.0
PHASE 3B,1313,1051200,1048,2452.7695714144893,1784.7924187470885,3089.367043407382,621.9617822916671,663.3918528645839,145.92699203228818,0.4428571428571429,0.5071428571428573,0.0
PHASE 3B,1314,1052000,1052,2445.157938036622,1784.7924187470885,3089.367043407382,622.2505364583338,658.0038664062506,145.61294189651312,0.0,0.0,0.0
PHASE 3B,1315,1052800,1052,2445.1579380366225,1784.7924187470885,3089.367043407382,622.2505364583338,658.0038664062505,145.61294189651312,0.4071428571428572,0.49428571428571433,0.0
PHASE 3B,1316,1053600,1052,2445.1579380366225,1784.7924187470885,3089.367043407382,622.2505364583338,658.0038664062505,145.61294189651312,0.47000000000000003,0.49000000000000005,0.0
PHASE 3B,1317,1054400,1052,2445.1579380366225,1784.7924187470885,3089.367043407382,622.2505364583338,658.0038664062505,145.61294189651312,0.3928571428571429,0.43000000000000005,0.0
PHASE 3B,1318,1055200,1052,2445.1579380366225,1784.7924187470885,3089.367043407382,622.2505364583338,658.0038664062505,145.61294189651312,0.44142857142857145,0.4600000000000001,0.0
PHASE 3B,1319,1056000,1056,2452.862589161268,1784.7924187470885,3089.367043407382,625.1809916666671,659.8290684895837,145.9815661256355,0.0,0.0,0.0
PHASE 3B,1320,1056800,1056,2452.862589161268,1784.7924187470885,3089.367043407382,625.1809916666671,659.8290684895838,145.9815661256355,0.4142857142857143,0.48571428571428577,0.0
PHASE 3B,1321,1057600,1056,2452.862589161268,1784.7924187470885,3089.367043407382,625.1809916666671,659.8290684895838,145.9815661256355,0.5242857142857142,0.44571428571428573,0.0
PHASE 3B,1322,1058400,1056,2452.862589161268,1784.7924187470885,3089.367043407382,625.1809916666671,659.8290684895838,145.9815661256355,0.45999999999999996,0.47285714285714286,0.0
PHASE 3B,1323,1059200,1056,2452.862589161268,1784.7924187470885,3089.367043407382,625.1809916666671,659.8290684895838,145.9815661256355,0.45999999999999996,0.43428571428571433,0.0
PHASE 3B,1324,1060000,1060,2450.784539600272,1784.7924187470885,3089.367043407382,620.3191562500003,661.9242315104171,146.06764397999035,0.0,0.0,0.0
PHASE 3B,1325,1060800,1060,2450.7845396002717,1784.7924187470885,3089.367043407382,620.3191562500003,661.9242315104171,146.06764397999032,0.45714285714285713,0.5014285714285714,0.0
PHASE 3B,1326,1061600,1060,2450.7845396002717,1784.7924187470885,3089.367043407382,620.3191562500003,661.9242315104171,146.06764397999032,0.49857142857142855,0.44857142857142857,0.0
PHASE 3B,1327,1062400,1060,2450.7845396002717,1784.7924187470885,3089.367043407382,620.3191562500003,661.9242315104171,146.06764397999032,0.35857142857142865,0.4014285714285715,0.0
PHASE 3B,1328,1063200,1060,2450.7845396002717,1784.7924187470885,3089.367043407382,620.3191562500003,661.9242315104171,146.06764397999032,0.4642857142857143,0.41714285714285715,0.0
PHASE 3B,1329,1064000,1064,2444.9513500429357,1784.7924187470885,3089.367043407382,620.5817250000005,658.9935481770838,145.67200960824002,0.0,0.0,0.0
PHASE 3B,1330,1064800,1064,2444.951350042936,1784.7924187470885,3089.367043407382,620.5817250000005,658.9935481770838,145.67200960824005,0.40714285714285714,0.44571428571428573,0.0
PHASE 3B,1331,1065600,1064,2444.951350042936,1784.7924187470885,3089.367043407382,620.5817250000005,658.9935481770838,145.67200960824005,0.4871428571428572,0.4928571428571429,0.0
PHASE 3B,1332,1066400,1064,2444.951350042936,1784.7924187470885,3089.367043407382,620.5817250000005,658.9935481770838,145.67200960824005,0.4571428571428572,0.48,0.0
PHASE 3B,1333,1067200,1064,2444.951350042936,1784.7924187470885,3089.367043407382,620.5817250000005,658.9935481770838,145.67200960824005,0.4628571428571429,0.4642857142857143,0.0
PHASE 3B,1334,1068000,1068,2438.086179492922,1784.7924187470885,3089.367043407382,620.9954645833336,655.1455617187505,145.24314414886328,0.0,0.0,0.0
PHASE 3B,1335,1068800,1068,2438.086179492922,1784.7924187470885,3089.367043407382,620.9954645833337,655.1455617187505,145.2431441488633,0.41571428571428576,0.43428571428571433,0.0
PHASE 3B,1336,1069600,1068,2438.086179492922,1784.7924187470885,3089.367043407382,620.9954645833337,655.1455617187505,145.2431441488633,0.3885714285714286,0.5242857142857142,0.0
PHASE 3B,1337,1070400,1068,2438.086179492922,1784.7924187470885,3089.367043407382,620.9954645833337,655.1455617187505,145.2431441488633,0.4314285714285714,0.4671428571428571,0.0
PHASE 3B,1338,1071200,1068,2438.086179492922,1784.7924187470885,3089.367043407382,620.9954645833337,655.1455617187505,145.2431441488633,0.40428571428571436,0.4771428571428572,0.0
PHASE 3B,1339,1072000,1072,2443.4780637342833,1784.7924187470885,3089.367043407382,619.0628041666671,659.4157919270839,145.62493345507517,0.0,0.0,0.0
PHASE 3B,1340,1072800,1072,2443.4780637342838,1784.7924187470885,3089.367043407382,619.0628041666671,659.4157919270838,145.62493345507517,0.34857142857142864,0.45285714285714285,0.0
PHASE 3B,1341,1073600,1072,2443.4780637342838,1784.7924187470885,3089.367043407382,619.0628041666671,659.4157919270838,145.62493345507517,0.4628571428571428,0.3828571428571429,0.0
PHASE 3B,1342,1074400,1072,2443.4780637342838,1784.7924187470885,3089.367043407382,619.0628041666671,659.4157919270838,145.62493345507517,0.47000000000000003,0.49714285714285716,0.0
PHASE 3B,1343,1075200,1072,2443.4780637342838,1784.7924187470885,3089.367043407382,619.0628041666671,659.4157919270838,145.62493345507517,0.3842857142857143,0.41142857142857137,0.0
PHASE 3B,1344,1076000,1076,2448.759058704373,1784.7924187470885,3089.367043407382,625.5876729166671,655.6741179687505,145.93715847737786,0.0,0.0,0.0
PHASE 3B,1345,1076800,1076,2448.759058704373,1784.7924187470885,3089.367043407382,625.5876729166671,655.6741179687504,145.93715847737786,0.41714285714285715,0.4800000000000001,0.0
PHASE 3B,1346,1077600,1076,2448.759058704373,1784.7924187470885,3089.367043407382,625.5876729166671,655.6741179687504,145.93715847737786,0.4557142857142858,0.45285714285714296,0.0
PHASE 3B,1347,1078400,1076,2448.759058704373,1784.7924187470885,3089.367043407382,625.5876729166671,655.6741179687504,145.93715847737786,0.4814285714285715,0.4357142857142858,0.0
PHASE 3B,1348,1079200,1076,2448.759058704373,1784.7924187470885,3089.367043407382,625.5876729166671,655.6741179687504,145.93715847737786,0.5014285714285716,0.40714285714285714,0.0
PHASE 3B,1349,1080000,1080,2457.7783248308606,1784.7924187470885,3089.367043407382,628.6879583333338,657.9672710937505,146.39038692548047,0.0,0.0,0.0
PHASE 3B,1350,1080800,1080,2457.7783248308606,1784.7924187470885,3089.367043407382,628.6879583333338,657.9672710937505,146.3903869254805,0.39571428571428574,0.4314285714285715,0.0
PHASE 3B,1351,1081600,1080,2457.7783248308606,1784.7924187470885,3089.367043407382,628.6879583333338,657.9672710937505,146.3903869254805,0.38571428571428573,0.3928571428571429,0.0
PHASE 3B,1352,1082400,1080,2457.7783248308606,1784.7924187470885,3089.367043407382,628.6879583333338,657.9672710937505,146.3903869254805,0.48,0.4628571428571428,0.0
PHASE 3B,1353,1083200,1080,2457.7783248308606,1784.7924187470885,3089.367043407382,628.6879583333338,657.9672710937505,146.3903869254805,0.42428571428571427,0.4557142857142858,0.0
PHASE 3B,1354,1084000,1084,2457.634004436016,1784.7924187470885,3089.367043407382,629.9778854166672,657.4385315104171,146.2771984386249,0.0,0.0,0.0
PHASE 3B,1355,1084800,1084,2457.634004436015,1784.7924187470885,3089.367043407382,629.9778854166672,657.4385315104172,146.2771984386249,0.4742857142857143,0.4128571428571429,0.0
PHASE 3B,1356,1085600,1084,2457.634004436015,1784.7924187470885,3089.367043407382,629.9778854166672,657.4385315104172,146.2771984386249,0.3771428571428571,0.4885714285714286,0.0
PHASE 3B,1357,1086400,1084,2457.634004436015,1784.7924187470885,3089.367043407382,629.9778854166672,657.4385315104172,146.2771984386249,0.5557142857142858,0.37142857142857144,0.0
PHASE 3B,1358,1087200,1084,2457.634004436015,1784.7924187470885,3089.367043407382,629.9778854166672,657.4385315104172,146.2771984386249,0.4800000000000001,0.43714285714285717,0.0
PHASE 3B,1359,1088000,1088,2451.526561222426,1784.7924187470885,3089.367043407382,625.0520020833338,658.6697776041672,145.97559769187419,0.0,0.0,0.0
PHASE 3B,1360,1088800,1088,2451.5265612224266,1784.7924187470885,3089.367043407382,625.0520020833338,658.6697776041672,145.97559769187419,0.4842857142857143,0.43285714285714294,0.0
PHASE 3B,1361,1089600,1088,2451.5265612224266,1784.7924187470885,3089.367043407382,625.0520020833338,658.6697776041672,145.97559769187419,0.4342857142857143,0.4557142857142857,0.0
PHASE 3B,1362,1090400,1088,2451.5265612224266,1784.7924187470885,3089.367043407382,625.0520020833338,658.6697776041672,145.97559769187419,0.4228571428571429,0.44000000000000006,0.0
PHASE 3B,1363,1091200,1088,2451.5265612224266,1784.7924187470885,3089.367043407382,625.0520020833338,658.6697776041672,145.97559769187419,0.3685714285714286,0.4142857142857143,0.0
PHASE 3B,1364,1092000,1092,2456.8399791678835,1784.7924187470885,3089.367043407382,628.1821760416672,658.6204942708339,146.25466360693127,0.0,0.0,0.0
PHASE 3B,1365,1092800,1092,2456.8399791678826,1784.7924187470885,3089.367043407382,628.1821760416672,658.6204942708339,146.2546636069313,0.41571428571428576,0.3742857142857143,0.0
PHASE 3B,1366,1093600,1092,2456.8399791678826,1784.7924187470885,3089.367043407382,628.1821760416672,658.6204942708339,146.2546636069313,0.4471428571428572,0.5028571428571429,0.0
PHASE 3B,1367,1094400,1092,2456.8399791678826,1784.7924187470885,3089.367043407382,628.1821760416672,658.6204942708339,146.2546636069313,0.4057142857142857,0.37285714285714294,0.0
PHASE 3B,1368,1095200,1092,2456.8399791678826,1784.7924187470885,3089.367043407382,628.1821760416672,658.6204942708339,146.2546636069313,0.4385714285714286,0.3914285714285714,0.0
PHASE 3B,1369,1096000,1096,2453.146290592194,1784.7924187470885,3089.367043407382,629.7357458333339,655.6133859375005,145.97464485267864,0.0,0.0,0.0
PHASE 3B,1370,1096800,1096,2453.146290592195,1784.7924187470885,3089.367043407382,629.7357458333338,655.6133859375005,145.97464485267864,0.3757142857142857,0.39571428571428574,0.0
PHASE 3B,1371,1097600,1096,2453.146290592195,1784.7924187470885,3089.367043407382,629.7357458333338,655.6133859375005,145.97464485267864,0.48428571428571426,0.4628571428571429,0.0
PHASE 3B,1372,1098400,1096,2453.146290592195,1784.7924187470885,3089.367043407382,629.7357458333338,655.6133859375005,145.97464485267864,0.37142857142857144,0.48285714285714293,0.0
PHASE 3B,1373,1099200,1096,2453.146290592195,1784.7924187470885,3089.367043407382,629.7357458333338,655.6133859375005,145.97464485267864,0.5214285714285715,0.47285714285714286,0.0
PHASE 3B,1374,1100000,1100,2452.671285486547,1784.7924187470885,3089.367043407382,630.5259791666671,655.2787057291672,145.8583250738477,0.0,0.0,0.0
PHASE 3B,1375,1100800,1100,2452.671285486547,1784.7924187470885,3089.367043407382,630.5259791666671,655.2787057291672,145.8583250738477,0.5114285714285713,0.3685714285714286,0.0
PHASE 3B,1376,1101600,1100,2452.671285486547,1784.7924187470885,3089.367043407382,630.5259791666671,655.2787057291672,145.8583250738477,0.5028571428571429,0.48428571428571426,0.0
PHASE 3B,1377,1102400,1100,2452.671285486547,1784.7924187470885,3089.367043407382,630.5259791666671,655.2787057291672,145.8583250738477,0.40428571428571436,0.472857142857143,0.0
PHASE 3B,1378,1103200,1100,2452.671285486547,1784.7924187470885,3089.367043407382,630.5259791666671,655.2787057291672,145.8583250738477,0.34285714285714286,0.53,0.0
PHASE 3B,1379,1104000,1104,2457.034152500579,1784.7924187470885,3159.303726269982,635.0057166666671,654.7942869791673,145.90426860685182,0.0,0.0,0.0
PHASE 3B,1380,1104800,1104,2457.0341525005792,1784.7924187470885,3159.303726269982,635.0057166666671,654.7942869791672,145.90426860685182,0.47285714285714286,0.3142857142857143,0.0
PHASE 3B,1381,1105600,1104,2457.0341525005792,1784.7924187470885,3159.303726269982,635.0057166666671,654.7942869791672,145.90426860685182,0.4228571428571429,0.4557142857142857,0.0
PHASE 3B,1382,1106400,1104,2457.0341525005792,1784.7924187470885,3159.303726269982,635.0057166666671,654.7942869791672,145.90426860685182,0.46571428571428575,0.40428571428571425,0.0
PHASE 3B,1383,1107200,1104,2457.0341525005792,1784.7924187470885,3159.303726269982,635.0057166666671,654.7942869791672,145.90426860685182,0.43,0.4385714285714286,0.0
PHASE 3B,1384,1108000,1108,2466.140836799474,1784.7924187470885,3159.303726269982,637.5507440104171,656.6624307291672,146.49095775749495,0.0,0.0,0.0
PHASE 3B,1385,1108800,1108,2466.140836799474,1784.7924187470885,3159.303726269982,637.5507440104171,656.6624307291672,146.49095775749495,0.40714285714285714,0.4028571428571429,0.0
PHASE 3B,1386,1109600,1108,2466.140836799474,1784.7924187470885,3159.303726269982,637.5507440104171,656.6624307291672,146.49095775749495,0.40857142857142864,0.4514285714285714,0.0
PHASE 3B,1387,1110400,1108,2466.140836799474,1784.7924187470885,3159.303726269982,637.5507440104171,656.6624307291672,146.49095775749495,0.41000000000000003,0.4314285714285715,0.0
PHASE 3B,1388,1111200,1108,2466.140836799474,1784.7924187470885,3159.303726269982,637.5507440104171,656.6624307291672,146.49095775749495,0.35285714285714287,0.3728571428571429,0.0
PHASE 3B,1389,1112000,1112,2481.255487272302,1784.7924187470885,3159.303726269982,640.6920096354171,661.6816609375005,147.3602270874319,0.0,0.0,0.0
PHASE 3B,1390,1112800,1112,2481.2554872723026,1784.7924187470885,3159.303726269982,640.6920096354172,661.6816609375005,147.3602270874319,0.4257142857142857,0.5,0.0
PHASE 3B,1391,1113600,1112,2481.2554872723026,1784.7924187470885,3159.303726269982,640.6920096354172,661.6816609375005,147.3602270874319,0.49857142857142855,0.43714285714285717,0.0
PHASE 3B,1392,1114400,1112,2481.2554872723026,1784.7924187470885,3159.303726269982,640.6920096354172,661.6816609375005,147.3602270874319,0.43,0.4014285714285714,0.0
PHASE 3B,1393,1115200,1112,2481.2554872723026,1784.7924187470885,3159.303726269982,640.6920096354172,661.6816609375005,147.3602270874319,0.4157142857142858,0.4271428571428572,0.0
PHASE 3B,1394,1116000,1116,2491.1439655036934,1784.7924187470885,3159.303726269982,646.5484596354172,662.8754578125005,147.7150060069807,0.0,0.0,0.0
PHASE 3B,1395,1116800,1116,2491.1439655036934,1784.7924187470885,3159.303726269982,646.5484596354172,662.8754578125005,147.7150060069807,0.41999999999999993,0.43000000000000005,0.0
PHASE 3B,1396,1117600,1116,2491.1439655036934,1784.7924187470885,3159.303726269982,646.5484596354172,662.8754578125005,147.7150060069807,0.4871428571428572,0.3757142857142858,0.0
PHASE 3B,1397,1118400,1116,2491.1439655036934,1784.7924187470885,3159.303726269982,646.5484596354172,662.8754578125005,147.7150060069807,0.3928571428571429,0.43428571428571433,0.0
PHASE 3B,1398,1119200,1116,2491.1439655036934,1784.7924187470885,3159.303726269982,646.5484596354172,662.8754578125005,147.7150060069807,0.49428571428571433,0.44142857142857145,0.0
PHASE 3B,1399,1120000,1120,2503.2209465871,1784.7924187470885,3159.303726269982,648.0095742187505,668.6654630208338,148.3182386684483,0.0,0.0,0.0
PHASE 3B,1400,1120800,1120,2503.2209465871006,1784.7924187470885,3159.303726269982,648.0095742187505,668.6654630208337,148.3182386684483,0.42857142857142855,0.46142857142857147,0.0
PHASE 3B,1401,1121600,1120,2503.2209465871006,1784.7924187470885,3159.303726269982,648.0095742187505,668.6654630208337,148.3182386684483,0.5128571428571429,0.45857142857142863,0.0
PHASE 3B,1402,1122400,1120,2503.2209465871006,1784.7924187470885,3159.303726269982,648.0095742187505,668.6654630208337,148.3182386684483,0.3157142857142857,0.4542857142857143,0.0
PHASE 3B,1403,1123200,1120,2503.2209465871006,1784.7924187470885,3159.303726269982,648.0095742187505,668.6654630208337,148.3182386684483,0.4428571428571429,0.4128571428571428,0.0
PHASE 3B,1404,1124000,1124,2513.618531983055,1784.7924187470885,3159.303726269982,648.6099617187505,675.233961979167,148.72182603565093,0.0,0.0,0.0
PHASE 3B,1405,1124800,1124,2513.618531983055,1784.7924187470885,3159.303726269982,648.6099617187505,675.233961979167,148.7218260356509,0.46571428571428586,0.45000000000000007,0.0
PHASE 3B,1406,1125600,1124,2513.618531983055,1784.7924187470885,3159.303726269982,648.6099617187505,675.233961979167,148.7218260356509,0.51,0.36714285714285716,0.0
PHASE 3B,1407,1126400,1124,2513.618531983055,1784.7924187470885,3159.303726269982,648.6099617187505,675.233961979167,148.7218260356509,0.43714285714285717,0.48999999999999994,0.0
PHASE 3B,1408,1127200,1124,2513.618531983055,1784.7924187470885,3159.303726269982,648.6099617187505,675.233961979167,148.7218260356509,0.4757142857142858,0.4442857142857143,0.0
PHASE 3B,1409,1128000,1128,2513.1501830214315,1784.7924187470885,3159.303726269982,650.1008690104172,674.7855755208336,148.53296731128128,0.0,0.0,0.0
PHASE 3B,1410,1128800,1128,2513.1501830214315,1784.7924187470885,3159.303726269982,650.1008690104172,674.7855755208338,148.53296731128128,0.5142857142857143,0.41714285714285715,0.0
PHASE 3B,1411,1129600,1128,2513.1501830214315,1784.7924187470885,3159.303726269982,650.1008690104172,674.7855755208338,148.53296731128128,0.4371428571428571,0.5557142857142858,0.0
PHASE 3B,1412,1130400,1128,2513.1501830214315,1784.7924187470885,3159.303726269982,650.1008690104172,674.7855755208338,148.53296731128128,0.4142857142857143,0.47714285714285715,0.0
PHASE 3B,1413,1131200,1128,2513.1501830214315,1784.7924187470885,3159.303726269982,650.1008690104172,674.7855755208338,148.53296731128128,0.4871428571428571,0.4514285714285714,0.0
PHASE 3B,1414,1132000,1132,2504.4462696695364,1784.7924187470885,3159.303726269982,649.9284294270839,671.051056770834,147.933347933961,0.0,0.0,0.0
PHASE 3B,1415,1132800,1132,2504.4462696695364,1784.7924187470885,3159.303726269982,649.9284294270839,671.0510567708338,147.933347933961,0.39571428571428574,0.5,0.0
PHASE 3B,1416,1133600,1132,2504.4462696695364,1784.7924187470885,3159.303726269982,649.9284294270839,671.0510567708338,147.933347933961,0.5142857142857142,0.44571428571428573,0.0
PHASE 3B,1417,1134400,1132,2504.4462696695364,1784.7924187470885,3159.303726269982,649.9284294270839,671.0510567708338,147.933347933961,0.4642857142857143,0.5042857142857143,0.0
PHASE 3B,1418,1135200,1132,2504.4462696695364,1784.7924187470885,3159.303726269982,649.9284294270839,671.0510567708338,147.933347933961,0.47428571428571437,0.4514285714285714,0.0
PHASE 3B,1419,1136000,1136,2513.64552315558,1784.7924187470885,3159.303726269982,653.2365419270839,673.9558838541674,148.30663717179976,0.0,0.0,0.0
PHASE 3B,1420,1136800,1136,2513.6455231555806,1784.7924187470885,3159.303726269982,653.2365419270839,673.9558838541672,148.30663717179976,0.4071428571428572,0.45999999999999996,0.0
PHASE 3B,1421,1137600,1136,2513.6455231555806,1784.7924187470885,3159.303726269982,653.2365419270839,673.9558838541672,148.30663717179976,0.5228571428571429,0.43714285714285717,0.0
PHASE 3B,1422,1138400,1136,2513.6455231555806,1784.7924187470885,3159.303726269982,653.2365419270839,673.9558838541672,148.30663717179976,0.4128571428571429,0.4142857142857143,0.0
PHASE 3B,1423,1139200,1136,2513.6455231555806,1784.7924187470885,3159.303726269982,653.2365419270839,673.9558838541672,148.30663717179976,0.3728571428571429,0.41571428571428576,0.0
PHASE 3B,1424,1140000,1140,2519.940624461088,1784.7924187470885,3159.303726269982,656.7011721354171,674.7815838541671,148.55723355894668,0.0,0.0,0.0
PHASE 3B,1425,1140800,1140,2519.940624461088,1784.7924187470885,3159.303726269982,656.7011721354171,674.7815838541673,148.55723355894668,0.49000000000000005,0.39571428571428574,0.0
PHASE 3B,1426,1141600,1140,2519.940624461088,1784.7924187470885,3159.303726269982,656.7011721354171,674.7815838541673,148.55723355894668,0.49714285714285716,0.40714285714285714,0.0
PHASE 3B,1427,1142400,1140,2519.940624461088,1784.7924187470885,3159.303726269982,656.7011721354171,674.7815838541673,148.55723355894668,0.3814285714285714,0.3871428571428572,0.0
PHASE 3B,1428,1143200,1140,2519.940624461088,1784.7924187470885,3159.303726269982,656.7011721354171,674.7815838541673,148.55723355894668,0.4828571428571428,0.4585714285714285,0.0
PHASE 3B,1429,1144000,1144,2524.8782154009027,1822.312425645211,3159.303726269982,657.6887460937505,677.2255119791672,148.7454946660068,0.0,0.0,0.0
PHASE 3B,1430,1144800,1144,2524.8782154009023,1822.312425645211,3159.303726269982,657.6887460937505,677.2255119791672,148.7454946660068,0.4600000000000001,0.4271428571428572,0.0
PHASE 3B,1431,1145600,1144,2524.8782154009023,1822.312425645211,3159.303726269982,657.6887460937505,677.2255119791672,148.7454946660068,0.4685714285714286,0.41714285714285715,0.0
PHASE 3B,1432,1146400,1144,2524.8782154009023,1822.312425645211,3159.303726269982,657.6887460937505,677.2255119791672,148.7454946660068,0.4385714285714286,0.35285714285714287,0.0
PHASE 3B,1433,1147200,1144,2524.8782154009023,1822.312425645211,3159.303726269982,657.6887460937505,677.2255119791672,148.7454946660068,0.45857142857142863,0.4685714285714286,0.0
PHASE 3B,1434,1148000,1148,2521.3779675788855,1822.312425645211,3159.303726269982,662.6133085937504,672.4172848958337,148.2934217611714,0.0,0.0,0.0
PHASE 3B,1435,1148800,1148,2521.3779675788855,1822.312425645211,3159.303726269982,662.6133085937505,672.4172848958337,148.2934217611714,0.42000000000000004,0.3157142857142857,0.0
PHASE 3B,1436,1149600,1148,2521.3779675788855,1822.312425645211,3159.303726269982,662.6133085937505,672.4172848958337,148.2934217611714,0.39,0.4714285714285714,0.0
PHASE 3B,1437,1150400,1148,2521.3779675788855,1822.312425645211,3159.303726269982,662.6133085937505,672.4172848958337,148.2934217611714,0.4957142857142857,0.3757142857142858,0.0
PHASE 3B,1438,1151200,1148,2521.3779675788855,1822.312425645211,3159.303726269982,662.6133085937505,672.4172848958337,148.2934217611714,0.4185714285714287,0.4471428571428572,0.0
PHASE 3B,1439,1152000,1152,2530.476032152122,1822.312425645211,3159.303726269982,665.0584208333338,675.6232640625004,148.72429340704474,0.0,0.0,0.0
PHASE 3B,1440,1152800,1152,2530.4760321521226,1822.312425645211,3159.303726269982,665.0584208333338,675.6232640625005,148.72429340704477,0.37142857142857144,0.38999999999999996,0.0
PHASE 3B,1441,1153600,1152,2530.4760321521226,1822.312425645211,3159.303726269982,665.0584208333338,675.6232640625005,148.72429340704477,0.42142857142857154,0.44142857142857145,0.0
PHASE 3B,1442,1154400,1152,2530.4760321521226,1822.312425645211,3159.303726269982,665.0584208333338,675.6232640625005,148.72429340704477,0.43000000000000005,0.38,0.0
PHASE 3B,1443,1155200,1152,2530.4760321521226,1822.312425645211,3159.303726269982,665.0584208333338,675.6232640625005,148.72429340704477,0.4757142857142858,0.37857142857142867,0.0
PHASE 3B,1444,1156000,1156,2524.00361064241,1822.312425645211,3159.303726269982,662.5642729166673,673.9065078125006,148.44160373916398,0.0,0.0,0.0
PHASE 3B,1445,1156800,1156,2524.0036106424095,1822.312425645211,3159.303726269982,662.564272916667,673.9065078125003,148.44160373916398,0.45999999999999996,0.35142857142857153,0.0
PHASE 3B,1446,1157600,1156,2524.0036106424095,1822.312425645211,3159.303726269982,662.564272916667,673.9065078125003,148.44160373916398,0.5285714285714287,0.35714285714285715,0.0
PHASE 3B,1447,1158400,1156,2524.0036106424095,1822.312425645211,3159.303726269982,662.564272916667,673.9065078125003,148.44160373916398,0.5028571428571429,0.37142857142857155,0.0
PHASE 3B,1448,1159200,1156,2524.0036106424095,1822.312425645211,3159.303726269982,662.564272916667,673.9065078125003,148.44160373916398,0.4385714285714286,0.4571428571428572,0.0
PHASE 3B,1449,1160000,1160,2524.0593271228804,1822.312425645211,3159.303726269982,664.5110645833338,672.8059052083339,148.34279466641033,0.0,0.0,0.0
PHASE 3B,1450,1160800,1160,2524.059327122881,1822.312425645211,3159.303726269982,664.5110645833338,672.8059052083337,148.34279466641033,0.38142857142857145,0.4671428571428571,0.0
PHASE 3B,1451,1161600,1160,2524.059327122881,1822.312425645211,3159.303726269982,664.5110645833338,672.8059052083337,148.34279466641033,0.4357142857142858,0.4757142857142858,0.0
PHASE 3B,1452,1162400,1160,2524.059327122881,1822.312425645211,3159.303726269982,664.5110645833338,672.8059052083337,148.34279466641033,0.5228571428571429,0.4071428571428572,0.0
PHASE 3B,1453,1163200,1160,2524.059327122881,1822.312425645211,3159.303726269982,664.5110645833338,672.8059052083337,148.34279466641033,0.5142857142857142,0.46142857142857147,0.0
PHASE 3B,1454,1164000,1164,2518.590817651466,1822.312425645211,3159.303726269982,660.2943625000006,674.3376593750004,147.99484947206693,0.0,0.0,0.0
PHASE 3B,1455,1164800,1164,2518.5908176514663,1822.312425645211,3159.303726269982,660.2943625000006,674.3376593750006,147.99484947206693,0.52,0.33285714285714285,0.0
PHASE 3B,1456,1165600,1164,2518.5908176514663,1822.312425645211,3159.303726269982,660.2943625000006,674.3376593750006,147.99484947206693,0.4228571428571429,0.4671428571428572,0.0
PHASE 3B,1457,1166400,1164,2518.5908176514663,1822.312425645211,3159.303726269982,660.2943625000006,674.3376593750006,147.99484947206693,0.49857142857142855,0.41428571428571426,0.0
PHASE 3B,1458,1167200,1164,2518.5908176514663,1822.312425645211,3159.303726269982,660.2943625000006,674.3376593750006,147.99484947206693,0.49142857142857144,0.4471428571428572,0.0
PHASE 3B,1459,1168000,1168,2526.067060611362,1822.312425645211,3159.303726269982,664.4961031250006,674.974517708334,148.32455497226235,0.0,0.0,0.0
PHASE 3B,1460,1168800,1168,2526.0670606113617,1822.312425645211,3159.303726269982,664.4961031250006,674.9745177083339,148.32455497226235,0.44571428571428573,0.47428571428571437,0.0
PHASE 3B,1461,1169600,1168,2526.0670606113617,1822.312425645211,3159.303726269982,664.4961031250006,674.9745177083339,148.32455497226235,0.472857142857143,0.36571428571428577,0.0
PHASE 3B,1462,1170400,1168,2526.0670606113617,1822.312425645211,3159.303726269982,664.4961031250006,674.9745177083339,148.32455497226235,0.3942857142857143,0.35857142857142865,0.0
PHASE 3B,1463,1171200,1168,2526.0670606113617,1822.312425645211,3159.303726269982,664.4961031250006,674.9745177083339,148.32455497226235,0.3928571428571429,0.49714285714285716,0.0
PHASE 3B,1464,1172000,1172,2524.0442801197914,1822.312425645211,3159.303726269982,663.3050583333338,675.2493645833338,148.18623215039938,0.0,0.0,0.0
PHASE 3B,1465,1172800,1172,2524.0442801197914,1822.312425645211,3159.303726269982,663.305058333334,675.2493645833338,148.18623215039938,0.41714285714285715,0.4442857142857143,0.0
PHASE 3B,1466,1173600,1172,2524.0442801197914,1822.312425645211,3159.303726269982,663.305058333334,675.2493645833338,148.18623215039938,0.40857142857142853,0.5357142857142858,0.0
PHASE 3B,1467,1174400,1172,2524.0442801197914,1822.312425645211,3159.303726269982,663.305058333334,675.2493645833338,148.18623215039938,0.36714285714285716,0.45285714285714296,0.0
PHASE 3B,1468,1175200,1172,2524.0442801197914,1822.312425645211,3159.303726269982,663.305058333334,675.2493645833338,148.18623215039938,0.4385714285714286,0.3642857142857143,0.0
PHASE 3B,1469,1176000,1176,2525.7850957844753,1822.312425645211,3159.303726269982,662.6322656250006,677.9095885416673,148.1554052022349,0.0,0.0,0.0
PHASE 3B,1470,1176800,1176,2525.785095784475,1822.312425645211,3159.303726269982,662.6322656250006,677.9095885416672,148.15540520223493,0.49857142857142855,0.40714285714285714,0.0
PHASE 3B,1471,1177600,1176,2525.785095784475,1822.312425645211,3159.303726269982,662.6322656250006,677.9095885416672,148.15540520223493,0.4742857142857143,0.3557142857142857,0.0
PHASE 3B,1472,1178400,1176,2525.785095784475,1822.312425645211,3159.303726269982,662.6322656250006,677.9095885416672,148.15540520223493,0.5357142857142858,0.4357142857142858,0.0
PHASE 3B,1473,1179200,1176,2525.785095784475,1822.312425645211,3159.303726269982,662.6322656250006,677.9095885416672,148.15540520223493,0.42142857142857154,0.3714285714285715,0.0
PHASE 3B,1474,1180000,1180,2514.138780053243,1822.312425645211,3159.303726269982,664.2878875000007,670.3029666666672,147.4434907358309,0.0,0.0,0.0
PHASE 3B,1475,1180800,1180,2514.138780053243,1822.312425645211,3159.303726269982,664.2878875000007,670.3029666666673,147.4434907358309,0.4185714285714286,0.5014285714285714,0.0
PHASE 3B,1476,1181600,1180,2514.138780053243,1822.312425645211,3159.303726269982,664.2878875000007,670.3029666666673,147.4434907358309,0.45714285714285713,0.4585714285714285,0.0
PHASE 3B,1477,1182400,1180,2514.138780053243,1822.312425645211,3159.303726269982,664.2878875000007,670.3029666666673,147.4434907358309,0.4957142857142857,0.4357142857142858,0.0
PHASE 3B,1478,1183200,1180,2514.138780053243,1822.312425645211,3159.303726269982,664.2878875000007,670.3029666666673,147.4434907358309,0.5228571428571429,0.45714285714285713,0.0
PHASE 3B,1479,1184000,1184,2521.5818559872496,1822.312425645211,3159.303726269982,664.8361854166673,674.3150333333341,147.80382965466512,0.0,0.0,0.0
PHASE 3B,1480,1184800,1184,2521.5818559872496,1822.312425645211,3159.303726269982,664.8361854166671,674.315033333334,147.80382965466512,0.48571428571428577,0.39571428571428574,0.0
PHASE 3B,1481,1185600,1184,2521.5818559872496,1822.312425645211,3159.303726269982,664.8361854166671,674.315033333334,147.80382965466512,0.4128571428571428,0.4142857142857143,0.0
PHASE 3B,1482,1186400,1184,2521.5818559872496,1822.312425645211,3159.303726269982,664.8361854166671,674.315033333334,147.80382965466512,0.43285714285714294,0.3514285714285714,0.0
PHASE 3B,1483,1187200,1184,2521.5818559872496,1822.312425645211,3159.303726269982,664.8361854166671,674.315033333334,147.80382965466512,0.4685714285714286,0.4028571428571429,0.0
PHASE 3B,1484,1188000,1188,2530.1678772967825,1822.312425645211,3159.303726269982,668.1322619791672,675.9037104166673,148.26648811262766,0.0,0.0,0.0
PHASE 3B,1485,1188800,1188,2530.167877296782,1822.312425645211,3159.303726269982,668.1322619791672,675.9037104166673,148.26648811262763,0.49428571428571433,0.47285714285714286,0.0
PHASE 3B,1486,1189600,1188,2530.167877296782,1822.312425645211,3159.303726269982,668.1322619791672,675.9037104166673,148.26648811262763,0.41571428571428576,0.49000000000000005,0.0
PHASE 3B,1487,1190400,1188,2530.167877296782,1822.312425645211,3159.303726269982,668.1322619791672,675.9037104166673,148.26648811262763,0.43714285714285717,0.39571428571428574,0.0
PHASE 3B,1488,1191200,1188,2530.167877296782,1822.312425645211,3159.303726269982,668.1322619791672,675.9037104166673,148.26648811262763,0.41714285714285715,0.4314285714285714,0.0
PHASE 3B,1489,1192000,1192,2535.750047552194,1822.312425645211,3159.303726269982,667.9586515625006,678.4073682291673,148.67300347007495,0.0,0.0,0.0
PHASE 3B,1490,1192800,1192,2535.750047552194,1822.312425645211,3159.303726269982,667.9586515625006,678.4073682291673,148.67300347007497,0.4228571428571429,0.4271428571428572,0.0
PHASE 3B,1491,1193600,1192,2535.750047552194,1822.312425645211,3159.303726269982,667.9586515625006,678.4073682291673,148.67300347007497,0.4814285714285715,0.4028571428571429,0.0
PHASE 3B,1492,1194400,1192,2535.750047552194,1822.312425645211,3159.303726269982,667.9586515625006,678.4073682291673,148.67300347007497,0.45285714285714285,0.39714285714285713,0.0
PHASE 3B,1493,1195200,1192,2535.750047552194,1822.312425645211,3159.303726269982,667.9586515625006,678.4073682291673,148.67300347007497,0.5071428571428572,0.35142857142857153,0.0
PHASE 3B,1494,1196000,1196,2535.7906359421045,1822.312425645211,3159.303726269982,665.7975046875006,679.4343421875005,148.81984863339713,0.0,0.0,0.0
PHASE 3B,1495,1196800,1196,2535.7906359421045,1822.312425645211,3159.303726269982,665.7975046875005,679.4343421875005,148.81984863339713,0.47285714285714286,0.3728571428571429,0.0
PHASE 3B,1496,1197600,1196,2535.7906359421045,1822.312425645211,3159.303726269982,665.7975046875005,679.4343421875005,148.81984863339713,0.44142857142857145,0.5128571428571429,0.0
PHASE 3B,1497,1198400,1196,2535.7906359421045,1822.312425645211,3159.303726269982,665.7975046875005,679.4343421875005,148.81984863339713,0.43000000000000005,0.4314285714285714,0.0
PHASE 3B,1498,1199200,1196,2535.7906359421045,1822.312425645211,3159.303726269982,665.7975046875005,679.4343421875005,148.81984863339713,0.5157142857142858,0.46142857142857147,0.0
PHASE 3B,1499,1200000,1200,2533.8030453186466,1822.312425645211,3159.303726269982,664.6014838541672,678.9109640625006,148.7863246752565,0.0,0.0,0.0
