phase,iter,timesteps_total,episodes_total,episode_reward_mean,episode_reward_min,episode_reward_max,policy_reward_mean/p_top,policy_reward_mean/p_bottom,policy_reward_mean/a,mean_tax/p_top,mean_tax/p_bottom,social_welfare_coin_eq_times_prod
PHASE 1,0,1600,0,,,,,,,0.0,0.0,0.0
PHASE 1,1,3200,0,,,,,,,0.0,0.0,0.0
PHASE 1,2,4800,0,,,,,,,0.0,0.0,0.0
PHASE 1,3,6400,0,,,,,,,0.0,0.0,0.0
PHASE 1,4,8000,8,-127.6492621855406,-190.4467317546989,-43.41004408671604,12.416666666668302,10.979166666668265,-18.880636939859222,0.0,0.0,0.0
PHASE 1,5,9600,8,-127.6492621855406,-190.4467317546989,-43.41004408671604,12.416666666668302,10.979166666668265,-18.880636939859222,0.0,0.0,0.0
PHASE 1,6,11200,8,-127.6492621855406,-190.4467317546989,-43.41004408671604,12.416666666668302,10.979166666668265,-18.880636939859222,0.0,0.0,0.0
PHASE 1,7,12800,8,-127.6492621855406,-190.4467317546989,-43.41004408671604,12.416666666668302,10.979166666668265,-18.880636939859222,0.0,0.0,0.0
PHASE 1,8,14400,8,-127.6492621855406,-190.4467317546989,-43.41004408671604,12.416666666668302,10.979166666668265,-18.880636939859222,0.0,0.0,0.0
PHASE 1,9,16000,16,-107.24278026618398,-190.4467317546989,0.8381494360124435,11.907291666668222,12.268750000001516,-16.427352741606434,0.0,0.0,0.0
PHASE 1,10,17600,16,-107.24278026618398,-190.4467317546989,0.8381494360124435,11.907291666668222,12.268750000001516,-16.427352741606434,0.0,0.0,0.0
PHASE 1,11,19200,16,-107.24278026618398,-190.4467317546989,0.8381494360124435,11.907291666668222,12.268750000001516,-16.427352741606434,0.0,0.0,0.0
PHASE 1,12,20800,16,-107.24278026618398,-190.4467317546989,0.8381494360124435,11.907291666668222,12.268750000001516,-16.427352741606434,0.0,0.0,0.0
PHASE 1,13,22400,16,-107.24278026618398,-190.4467317546989,0.8381494360124435,11.907291666668222,12.268750000001516,-16.427352741606434,0.0,0.0,0.0
PHASE 1,14,24000,24,-90.28568062134623,-190.4467317546989,177.40834709481254,12.91805555555699,13.28680555555698,-14.561317716557278,0.0,0.0,0.0
PHASE 1,15,25600,24,-90.28568062134623,-190.4467317546989,177.40834709481254,12.91805555555699,13.286805555556976,-14.561317716557278,0.0,0.0,0.0
PHASE 1,16,27200,24,-90.28568062134623,-190.4467317546989,177.40834709481254,12.91805555555699,13.286805555556976,-14.561317716557278,0.0,0.0,0.0
PHASE 1,17,28800,24,-90.28568062134623,-190.4467317546989,177.40834709481254,12.91805555555699,13.286805555556976,-14.561317716557278,0.0,0.0,0.0
PHASE 1,18,30400,24,-90.28568062134623,-190.4467317546989,177.40834709481254,12.91805555555699,13.286805555556976,-14.561317716557278,0.0,0.0,0.0
PHASE 1,19,32000,32,-89.18496163715861,-190.4467317546989,177.40834709481254,10.93489583333482,11.0552083333348,-13.89688322547832,0.0,0.0,0.0
PHASE 1,20,33600,32,-89.18496163715861,-190.4467317546989,177.40834709481254,10.934895833334823,11.0552083333348,-13.89688322547832,0.0,0.0,0.0
PHASE 1,21,35200,32,-89.18496163715861,-190.4467317546989,177.40834709481254,10.934895833334823,11.0552083333348,-13.89688322547832,0.0,0.0,0.0
PHASE 1,22,36800,32,-89.18496163715861,-190.4467317546989,177.40834709481254,10.934895833334823,11.0552083333348,-13.89688322547832,0.0,0.0,0.0
PHASE 1,23,38400,32,-89.18496163715861,-190.4467317546989,177.40834709481254,10.934895833334823,11.0552083333348,-13.89688322547832,0.0,0.0,0.0
PHASE 1,24,40000,40,-78.74241066330794,-190.4467317546989,177.40834709481254,9.987916666668227,9.854583333334897,-12.3231138329137,0.0,0.0,0.0
PHASE 1,25,41600,40,-78.74241066330794,-190.4467317546989,177.40834709481254,9.987916666668227,9.854583333334897,-12.3231138329137,0.0,0.0,0.0
PHASE 1,26,43200,40,-78.74241066330794,-190.4467317546989,177.40834709481254,9.987916666668227,9.854583333334897,-12.3231138329137,0.0,0.0,0.0
PHASE 1,27,44800,40,-78.74241066330794,-190.4467317546989,177.40834709481254,9.987916666668227,9.854583333334897,-12.3231138329137,0.0,0.0,0.0
PHASE 1,28,46400,40,-78.74241066330794,-190.4467317546989,177.40834709481254,9.987916666668227,9.854583333334897,-12.3231138329137,0.0,0.0,0.0
PHASE 1,29,48000,48,-62.87383255386387,-190.4467317546989,177.40834709481254,10.733333333334974,11.172222222223864,-10.597423513677679,0.0,0.0,0.0
PHASE 1,30,49600,48,-62.87383255386387,-190.4467317546989,177.40834709481254,10.733333333334974,11.172222222223864,-10.59742351367768,0.0,0.0,0.0
PHASE 1,31,51200,48,-62.87383255386387,-190.4467317546989,177.40834709481254,10.733333333334974,11.172222222223864,-10.59742351367768,0.0,0.0,0.0
PHASE 1,32,52800,48,-62.87383255386387,-190.4467317546989,177.40834709481254,10.733333333334974,11.172222222223864,-10.59742351367768,0.0,0.0,0.0
PHASE 1,33,54400,48,-62.87383255386387,-190.4467317546989,177.40834709481254,10.733333333334974,11.172222222223864,-10.59742351367768,0.0,0.0,0.0
PHASE 1,34,56000,56,-52.44218555021147,-190.4467317546989,177.40834709481254,10.659226190477897,10.379464285716024,-9.18510950330054,0.0,0.0,0.0
PHASE 1,35,57600,56,-52.44218555021147,-190.4467317546989,177.40834709481254,10.659226190477897,10.379464285716024,-9.185109503300538,0.0,0.0,0.0
PHASE 1,36,59200,56,-52.44218555021147,-190.4467317546989,177.40834709481254,10.659226190477897,10.379464285716024,-9.185109503300538,0.0,0.0,0.0
PHASE 1,37,60800,56,-52.44218555021147,-190.4467317546989,177.40834709481254,10.659226190477897,10.379464285716024,-9.185109503300538,0.0,0.0,0.0
PHASE 1,38,62400,56,-52.44218555021147,-190.4467317546989,177.40834709481254,10.659226190477897,10.379464285716024,-9.185109503300538,0.0,0.0,0.0
PHASE 1,39,64000,64,-39.751629159730925,-190.4467317546989,177.40834709481254,11.039322916668404,10.735416666668453,-7.690796092883344,0.0,0.0,0.0
PHASE 1,40,65600,64,-39.75162915973092,-190.4467317546989,177.40834709481254,11.039322916668404,10.735416666668453,-7.690796092883344,0.0,0.0,0.0
PHASE 1,41,67200,64,-39.75162915973092,-190.4467317546989,177.40834709481254,11.039322916668404,10.735416666668453,-7.690796092883344,0.0,0.0,0.0
PHASE 1,42,68800,64,-39.75162915973092,-190.4467317546989,177.40834709481254,11.039322916668404,10.735416666668453,-7.690796092883344,0.0,0.0,0.0
PHASE 1,43,70400,64,-39.75162915973092,-190.4467317546989,177.40834709481254,11.039322916668404,10.735416666668453,-7.690796092883344,0.0,0.0,0.0
PHASE 1,44,72000,72,-21.067162301227338,-190.4467317546989,309.57616215108663,12.340277777779551,14.285648148149923,-5.96163602839442,0.0,0.0,0.0
PHASE 1,45,73600,72,-21.067162301227338,-190.4467317546989,309.57616215108663,12.34027777777955,14.285648148149923,-5.96163602839442,0.0,0.0,0.0
PHASE 1,46,75200,72,-21.067162301227338,-190.4467317546989,309.57616215108663,12.34027777777955,14.285648148149923,-5.96163602839442,0.0,0.0,0.0
PHASE 1,47,76800,72,-21.067162301227338,-190.4467317546989,309.57616215108663,12.34027777777955,14.285648148149923,-5.96163602839442,0.0,0.0,0.0
PHASE 1,48,78400,72,-21.067162301227338,-190.4467317546989,309.57616215108663,12.34027777777955,14.285648148149923,-5.96163602839442,0.0,0.0,0.0
PHASE 1,49,80000,80,1.0860539502227589,-190.4467317546989,437.3038570898742,15.44604166666844,17.82666666666844,-4.0233317978890275,0.0,0.0,0.0
PHASE 1,50,81600,80,1.0860539502227584,-190.4467317546989,437.3038570898742,15.44604166666844,17.826666666668437,-4.023331797889027,0.0,0.0,0.0
PHASE 1,51,83200,80,1.0860539502227584,-190.4467317546989,437.3038570898742,15.44604166666844,17.826666666668437,-4.023331797889027,0.0,0.0,0.0
PHASE 1,52,84800,80,1.0860539502227584,-190.4467317546989,437.3038570898742,15.44604166666844,17.826666666668437,-4.023331797889027,0.0,0.0,0.0
PHASE 1,53,86400,80,1.0860539502227584,-190.4467317546989,437.3038570898742,15.44604166666844,17.826666666668437,-4.023331797889027,0.0,0.0,0.0
PHASE 1,54,88000,88,15.676140772449708,-190.4467317546989,437.3038570898742,16.957765151516927,19.24810606060785,-2.566216304959138,0.0,0.0,0.0
PHASE 1,55,89600,88,15.676140772449708,-190.4467317546989,437.3038570898742,16.957765151516927,19.24810606060785,-2.5662163049591387,0.0,0.0,0.0
PHASE 1,56,91200,88,15.676140772449708,-190.4467317546989,437.3038570898742,16.957765151516927,19.24810606060785,-2.5662163049591387,0.0,0.0,0.0
PHASE 1,57,92800,88,15.676140772449708,-190.4467317546989,437.3038570898742,16.957765151516927,19.24810606060785,-2.5662163049591387,0.0,0.0,0.0
PHASE 1,58,94400,88,15.676140772449708,-190.4467317546989,437.3038570898742,16.957765151516927,19.24810606060785,-2.5662163049591387,0.0,0.0,0.0
PHASE 1,59,96000,96,24.30561693246391,-190.4467317546989,437.3038570898742,16.854166666668455,19.63107638889071,-1.522453265386659,0.0,0.0,0.0
PHASE 1,60,97600,96,24.30561693246391,-190.4467317546989,437.3038570898742,16.854166666668455,19.63107638889071,-1.522453265386659,0.0,0.0,0.0
PHASE 1,61,99200,96,24.30561693246391,-190.4467317546989,437.3038570898742,16.854166666668455,19.63107638889071,-1.522453265386659,0.0,0.0,0.0
PHASE 1,62,100800,96,24.30561693246391,-190.4467317546989,437.3038570898742,16.854166666668455,19.63107638889071,-1.522453265386659,0.0,0.0,0.0
PHASE 1,63,102400,96,24.30561693246391,-190.4467317546989,437.3038570898742,16.854166666668455,19.63107638889071,-1.522453265386659,0.0,0.0,0.0
PHASE 1,64,104000,104,48.066288588548204,-190.4467317546989,439.4608302482858,18.93050000000181,21.821666666668502,0.9142652402350313,0.0,0.0,0.0
PHASE 1,65,105600,104,48.0662885885482,-190.4467317546989,439.4608302482858,18.93050000000181,21.821666666668502,0.9142652402350313,0.0,0.0,0.0
PHASE 1,66,107200,104,48.0662885885482,-190.4467317546989,439.4608302482858,18.93050000000181,21.821666666668502,0.9142652402350313,0.0,0.0,0.0
PHASE 1,67,108800,104,48.0662885885482,-190.4467317546989,439.4608302482858,18.93050000000181,21.821666666668502,0.9142652402350313,0.0,0.0,0.0
PHASE 1,68,110400,104,48.0662885885482,-190.4467317546989,439.4608302482858,18.93050000000181,21.821666666668502,0.9142652402350313,0.0,0.0,0.0
PHASE 1,69,112000,112,71.93946844229293,-132.12106339945257,439.4608302482858,20.496833333335186,22.928500000001915,3.564266888619788,0.0,0.0,0.0
PHASE 1,70,113600,112,71.93946844229293,-132.12106339945257,439.4608302482858,20.49683333333518,22.928500000001907,3.5642668886197866,0.0,0.0,0.0
PHASE 1,71,115200,112,71.93946844229293,-132.12106339945257,439.4608302482858,20.49683333333518,22.928500000001907,3.5642668886197866,0.0,0.0,0.0
PHASE 1,72,116800,112,71.93946844229293,-132.12106339945257,439.4608302482858,20.49683333333518,22.928500000001907,3.5642668886197866,0.0,0.0,0.0
PHASE 1,73,118400,112,71.93946844229293,-132.12106339945257,439.4608302482858,20.49683333333518,22.928500000001907,3.5642668886197866,0.0,0.0,0.0
PHASE 1,74,120000,120,103.33664382859652,-109.14891169752131,439.4608302482858,22.88416666666857,26.382666666668612,6.758726311907793,0.0,0.0,0.0
PHASE 1,75,121600,120,103.3366438285965,-109.14891169752131,439.4608302482858,22.884166666668577,26.382666666668616,6.758726311907794,0.0,0.0,0.0
PHASE 1,76,123200,120,103.3366438285965,-109.14891169752131,439.4608302482858,22.884166666668577,26.382666666668616,6.758726311907794,0.0,0.0,0.0
PHASE 1,77,124800,120,103.3366438285965,-109.14891169752131,439.4608302482858,22.884166666668577,26.382666666668616,6.758726311907794,0.0,0.0,0.0
PHASE 1,78,126400,120,103.3366438285965,-109.14891169752131,439.4608302482858,22.884166666668577,26.382666666668616,6.758726311907794,0.0,0.0,0.0
PHASE 1,79,128000,128,133.6752885440645,-107.90055427298066,465.5459639968725,26.813166666668607,29.26533333333532,9.699598568008046,0.0,0.0,0.0
PHASE 1,80,129600,128,133.67528854406447,-107.90055427298066,465.5459639968725,26.81316666666861,29.265333333335324,9.699598568008046,0.0,0.0,0.0
PHASE 1,81,131200,128,133.67528854406447,-107.90055427298066,465.5459639968725,26.81316666666861,29.265333333335324,9.699598568008046,0.0,0.0,0.0
PHASE 1,82,132800,128,133.67528854406447,-107.90055427298066,465.5459639968725,26.81316666666861,29.265333333335324,9.699598568008046,0.0,0.0,0.0
PHASE 1,83,134400,128,133.67528854406447,-107.90055427298066,465.5459639968725,26.81316666666861,29.265333333335324,9.699598568008046,0.0,0.0,0.0
PHASE 1,84,136000,136,160.4684331590805,-79.37755947341864,513.942616834617,30.297500000001964,32.45116666666869,12.214970811551805,0.0,0.0,0.0
PHASE 1,85,137600,136,160.4684331590805,-79.37755947341864,513.942616834617,30.297500000001957,32.45116666666868,12.214970811551805,0.0,0.0,0.0
PHASE 1,86,139200,136,160.4684331590805,-79.37755947341864,513.942616834617,30.297500000001957,32.45116666666868,12.214970811551805,0.0,0.0,0.0
PHASE 1,87,140800,136,160.4684331590805,-79.37755947341864,513.942616834617,30.297500000001957,32.45116666666868,12.214970811551805,0.0,0.0,0.0
PHASE 1,88,142400,136,160.4684331590805,-79.37755947341864,513.942616834617,30.297500000001957,32.45116666666868,12.214970811551805,0.0,0.0,0.0
PHASE 1,89,144000,144,197.20721766306895,-79.37755947341864,546.0687146370894,35.439666666668636,38.29816666666866,15.4336730412171,0.0,0.0,0.0
PHASE 1,90,145600,144,197.20721766306897,-79.37755947341864,546.0687146370894,35.439666666668636,38.298166666668656,15.4336730412171,0.0,0.0,0.0
PHASE 1,91,147200,144,197.20721766306897,-79.37755947341864,546.0687146370894,35.439666666668636,38.298166666668656,15.4336730412171,0.0,0.0,0.0
PHASE 1,92,148800,144,197.20721766306897,-79.37755947341864,546.0687146370894,35.439666666668636,38.298166666668656,15.4336730412171,0.0,0.0,0.0
PHASE 1,93,150400,144,197.20721766306897,-79.37755947341864,546.0687146370894,35.439666666668636,38.298166666668656,15.4336730412171,0.0,0.0,0.0
PHASE 1,94,152000,152,226.7127856003207,-79.37755947341864,546.0687146370894,40.55333333333527,42.409500000001955,17.968744033373667,0.0,0.0,0.0
PHASE 1,95,153600,152,226.71278560032076,-79.37755947341864,546.0687146370894,40.55333333333526,42.409500000001955,17.968744033373667,0.0,0.0,0.0
PHASE 1,96,155200,152,226.71278560032076,-79.37755947341864,546.0687146370894,40.55333333333526,42.409500000001955,17.968744033373667,0.0,0.0,0.0
PHASE 1,97,156800,152,226.71278560032076,-79.37755947341864,546.0687146370894,40.55333333333526,42.409500000001955,17.968744033373667,0.0,0.0,0.0
PHASE 1,98,158400,152,226.71278560032076,-79.37755947341864,546.0687146370894,40.55333333333526,42.409500000001955,17.968744033373667,0.0,0.0,0.0
PHASE 1,99,160000,160,259.83034117086095,-5.430238548570946,636.3481209673001,45.63683333333528,47.752000000001956,20.80518847969125,0.0,0.0,0.0
PHASE 1,100,161600,160,259.830341170861,-5.430238548570946,636.3481209673001,45.63683333333527,47.752000000001956,20.805188479691246,0.0,0.0,0.0
PHASE 1,101,163200,160,259.830341170861,-5.430238548570946,636.3481209673001,45.63683333333527,47.752000000001956,20.805188479691246,0.0,0.0,0.0
PHASE 1,102,164800,160,259.830341170861,-5.430238548570946,636.3481209673001,45.63683333333527,47.752000000001956,20.805188479691246,0.0,0.0,0.0
PHASE 1,103,166400,160,259.830341170861,-5.430238548570946,636.3481209673001,45.63683333333527,47.752000000001956,20.805188479691246,0.0,0.0,0.0
PHASE 1,104,168000,168,280.55885478483555,35.23566690343274,636.3481209673001,48.40300000000193,49.91200000000196,22.78048184810478,0.0,0.0,0.0
PHASE 1,105,169600,168,280.55885478483555,35.23566690343274,636.3481209673001,48.40300000000193,49.91200000000196,22.780481848104788,0.0,0.0,0.0
PHASE 1,106,171200,168,280.55885478483555,35.23566690343274,636.3481209673001,48.40300000000193,49.91200000000196,22.780481848104788,0.0,0.0,0.0
PHASE 1,107,172800,168,280.55885478483555,35.23566690343274,636.3481209673001,48.40300000000193,49.91200000000196,22.780481848104788,0.0,0.0,0.0
PHASE 1,108,174400,168,280.55885478483555,35.23566690343274,636.3481209673001,48.40300000000193,49.91200000000196,22.780481848104788,0.0,0.0,0.0
PHASE 1,109,176000,176,303.47761306173504,36.54034597019611,636.3481209673001,53.93050000000189,50.704666666668665,24.855305799383885,0.0,0.0,0.0
PHASE 1,110,177600,176,303.477613061735,36.54034597019611,636.3481209673001,53.93050000000189,50.704666666668665,24.855305799383885,0.0,0.0,0.0
PHASE 1,111,179200,176,303.477613061735,36.54034597019611,636.3481209673001,53.93050000000189,50.704666666668665,24.855305799383885,0.0,0.0,0.0
PHASE 1,112,180800,176,303.477613061735,36.54034597019611,636.3481209673001,53.93050000000189,50.704666666668665,24.855305799383885,0.0,0.0,0.0
PHASE 1,113,182400,176,303.477613061735,36.54034597019611,636.3481209673001,53.93050000000189,50.704666666668665,24.855305799383885,0.0,0.0,0.0
PHASE 1,114,184000,184,313.8925903213913,36.54034597019611,636.3481209673001,54.96783333333526,50.06766666666869,26.107136290174257,0.0,0.0,0.0
PHASE 1,115,185600,184,313.8925903213913,36.54034597019611,636.3481209673001,54.96783333333525,50.06766666666869,26.107136290174264,0.0,0.0,0.0
PHASE 1,116,187200,184,313.8925903213913,36.54034597019611,636.3481209673001,54.96783333333525,50.06766666666869,26.107136290174264,0.0,0.0,0.0
PHASE 1,117,188800,184,313.8925903213913,36.54034597019611,636.3481209673001,54.96783333333525,50.06766666666869,26.107136290174264,0.0,0.0,0.0
PHASE 1,118,190400,184,313.8925903213913,36.54034597019611,636.3481209673001,54.96783333333525,50.06766666666869,26.107136290174264,0.0,0.0,0.0
PHASE 1,119,192000,192,338.10594927795944,36.54034597019611,636.3481209673001,59.024833333335266,52.44266666666869,28.329806159745274,0.0,0.0,0.0
PHASE 1,120,193600,192,338.10594927795944,36.54034597019611,636.3481209673001,59.024833333335266,52.4426666666687,28.329806159745274,0.0,0.0,0.0
PHASE 1,121,195200,192,338.10594927795944,36.54034597019611,636.3481209673001,59.024833333335266,52.4426666666687,28.329806159745274,0.0,0.0,0.0
PHASE 1,122,196800,192,338.10594927795944,36.54034597019611,636.3481209673001,59.024833333335266,52.4426666666687,28.329806159745274,0.0,0.0,0.0
PHASE 1,123,198400,192,338.10594927795944,36.54034597019611,636.3481209673001,59.024833333335266,52.4426666666687,28.329806159745274,0.0,0.0,0.0
PHASE 1,124,200000,200,360.7585268388477,63.61706172579648,678.7825965182135,62.47500000000192,56.67333333333534,30.2012741881896,0.0,0.0,0.0
PHASE 1,125,201600,200,360.7585268388476,63.61706172579648,678.7825965182135,62.47500000000192,56.67333333333534,30.2012741881896,0.0,0.0,0.0
PHASE 1,126,203200,200,360.7585268388476,63.61706172579648,678.7825965182135,62.47500000000192,56.67333333333534,30.2012741881896,0.0,0.0,0.0
PHASE 1,127,204800,200,360.7585268388476,63.61706172579648,678.7825965182135,62.47500000000192,56.67333333333534,30.2012741881896,0.0,0.0,0.0
PHASE 1,128,206400,200,360.7585268388476,63.61706172579648,678.7825965182135,62.47500000000192,56.67333333333534,30.2012741881896,0.0,0.0,0.0
PHASE 1,129,208000,208,378.7444523342253,63.61706172579648,678.7825965182135,65.36516666666859,59.46033333333533,31.739869041778455,0.0,0.0,0.0
PHASE 1,130,209600,208,378.7444523342254,63.61706172579648,678.7825965182135,65.36516666666859,59.46033333333535,31.739869041778462,0.0,0.0,0.0
PHASE 1,131,211200,208,378.7444523342254,63.61706172579648,678.7825965182135,65.36516666666859,59.46033333333535,31.739869041778462,0.0,0.0,0.0
PHASE 1,132,212800,208,378.7444523342254,63.61706172579648,678.7825965182135,65.36516666666859,59.46033333333535,31.739869041778462,0.0,0.0,0.0
PHASE 1,133,214400,208,378.7444523342254,63.61706172579648,678.7825965182135,65.36516666666859,59.46033333333535,31.739869041778462,0.0,0.0,0.0
PHASE 1,134,216000,216,402.4180841133334,151.23112231841628,678.7825965182135,69.53400000000191,63.91933333333532,33.62059384750021,0.0,0.0,0.0
PHASE 1,135,217600,216,402.4180841133334,151.23112231841628,678.7825965182135,69.5340000000019,63.91933333333531,33.6205938475002,0.0,0.0,0.0
PHASE 1,136,219200,216,402.4180841133334,151.23112231841628,678.7825965182135,69.5340000000019,63.91933333333531,33.6205938475002,0.0,0.0,0.0
PHASE 1,137,220800,216,402.4180841133334,151.23112231841628,678.7825965182135,69.5340000000019,63.91933333333531,33.6205938475002,0.0,0.0,0.0
PHASE 1,138,222400,216,402.4180841133334,151.23112231841628,678.7825965182135,69.5340000000019,63.91933333333531,33.6205938475002,0.0,0.0,0.0
PHASE 1,139,224000,224,414.93541167770076,151.23112231841628,678.7825965182135,70.99466666666855,67.16450000000195,34.597030626379436,0.0,0.0,0.0
PHASE 1,140,225600,224,414.9354116777006,151.23112231841628,678.7825965182135,70.99466666666855,67.16450000000195,34.597030626379436,0.0,0.0,0.0
PHASE 1,141,227200,224,414.9354116777006,151.23112231841628,678.7825965182135,70.99466666666855,67.16450000000195,34.597030626379436,0.0,0.0,0.0
PHASE 1,142,228800,224,414.9354116777006,151.23112231841628,678.7825965182135,70.99466666666855,67.16450000000195,34.597030626379436,0.0,0.0,0.0
PHASE 1,143,230400,224,414.9354116777006,151.23112231841628,678.7825965182135,70.99466666666855,67.16450000000195,34.597030626379436,0.0,0.0,0.0
PHASE 1,144,232000,232,430.1308061656215,187.9283985675561,678.7825965182135,73.87133333333519,68.97183333333528,35.91095493736946,0.0,0.0,0.0
PHASE 1,145,233600,232,430.1308061656215,187.9283985675561,678.7825965182135,73.8713333333352,68.9718333333353,35.91095493736946,0.0,0.0,0.0
PHASE 1,146,235200,232,430.1308061656215,187.9283985675561,678.7825965182135,73.8713333333352,68.9718333333353,35.91095493736946,0.0,0.0,0.0
PHASE 1,147,236800,232,430.1308061656215,187.9283985675561,678.7825965182135,73.8713333333352,68.9718333333353,35.91095493736946,0.0,0.0,0.0
PHASE 1,148,238400,232,430.1308061656215,187.9283985675561,678.7825965182135,73.8713333333352,68.9718333333353,35.91095493736946,0.0,0.0,0.0
PHASE 1,149,240000,240,430.0920599291297,187.9283985675561,678.7825965182135,72.96816666666855,68.47466666666864,36.08115332447459,0.0,0.0,0.0
PHASE 1,150,241600,240,430.09205992912973,187.9283985675561,678.7825965182135,72.96816666666855,68.47466666666863,36.08115332447459,0.0,0.0,0.0
PHASE 1,151,243200,240,430.09205992912973,187.9283985675561,678.7825965182135,72.96816666666855,68.47466666666863,36.08115332447459,0.0,0.0,0.0
PHASE 1,152,244800,240,430.09205992912973,187.9283985675561,678.7825965182135,72.96816666666855,68.47466666666863,36.08115332447459,0.0,0.0,0.0
PHASE 1,153,246400,240,430.09205992912973,187.9283985675561,678.7825965182135,72.96816666666855,68.47466666666863,36.08115332447459,0.0,0.0,0.0
PHASE 1,154,248000,248,430.9980327203045,175.37133399642155,678.7825965182135,72.24950000000189,68.61500000000197,36.26669159003809,0.0,0.0,0.0
PHASE 1,155,249600,248,430.9980327203044,175.37133399642155,678.7825965182135,72.24950000000186,68.61500000000197,36.26669159003809,0.0,0.0,0.0
PHASE 1,156,251200,248,430.9980327203044,175.37133399642155,678.7825965182135,72.24950000000186,68.61500000000197,36.26669159003809,0.0,0.0,0.0
PHASE 1,157,252800,248,430.9980327203044,175.37133399642155,678.7825965182135,72.24950000000186,68.61500000000197,36.26669159003809,0.0,0.0,0.0
PHASE 1,158,254400,248,430.9980327203044,175.37133399642155,678.7825965182135,72.24950000000186,68.61500000000197,36.26669159003809,0.0,0.0,0.0
PHASE 1,159,256000,256,434.0290303049524,175.37133399642155,678.7825965182135,72.54416666666853,68.6723333333353,36.60156628811909,0.0,0.0,0.0
PHASE 1,160,257600,256,434.02903030495247,175.37133399642155,678.7825965182135,72.54416666666853,68.6723333333353,36.60156628811908,0.0,0.0,0.0
PHASE 1,161,259200,256,434.02903030495247,175.37133399642155,678.7825965182135,72.54416666666853,68.6723333333353,36.60156628811908,0.0,0.0,0.0
PHASE 1,162,260800,256,434.02903030495247,175.37133399642155,678.7825965182135,72.54416666666853,68.6723333333353,36.60156628811908,0.0,0.0,0.0
PHASE 1,163,262400,256,434.02903030495247,175.37133399642155,678.7825965182135,72.54416666666853,68.6723333333353,36.60156628811908,0.0,0.0,0.0
PHASE 1,164,264000,264,441.9930613597603,175.37133399642155,678.7825965182135,73.8781666666685,70.65383333333529,37.18263266997002,0.0,0.0,0.0
PHASE 1,165,265600,264,441.9930613597603,175.37133399642155,678.7825965182135,73.87816666666852,70.65383333333529,37.18263266997002,0.0,0.0,0.0
PHASE 1,166,267200,264,441.9930613597603,175.37133399642155,678.7825965182135,73.87816666666852,70.65383333333529,37.18263266997002,0.0,0.0,0.0
PHASE 1,167,268800,264,441.9930613597603,175.37133399642155,678.7825965182135,73.87816666666852,70.65383333333529,37.18263266997002,0.0,0.0,0.0
PHASE 1,168,270400,264,441.9930613597603,175.37133399642155,678.7825965182135,73.87816666666852,70.65383333333529,37.18263266997002,0.0,0.0,0.0
PHASE 1,169,272000,272,445.2263509266511,175.37133399642155,678.7825965182135,74.03583333333516,72.55900000000192,37.32893969916471,0.0,0.0,0.0
PHASE 1,170,273600,272,445.2263509266509,175.37133399642155,678.7825965182135,74.03583333333516,72.55900000000192,37.3289396991647,0.0,0.0,0.0
PHASE 1,171,275200,272,445.2263509266509,175.37133399642155,678.7825965182135,74.03583333333516,72.55900000000192,37.3289396991647,0.0,0.0,0.0
PHASE 1,172,276800,272,445.2263509266509,175.37133399642155,678.7825965182135,74.03583333333516,72.55900000000192,37.3289396991647,0.0,0.0,0.0
PHASE 1,173,278400,272,445.2263509266509,175.37133399642155,678.7825965182135,74.03583333333516,72.55900000000192,37.3289396991647,0.0,0.0,0.0
PHASE 1,174,280000,280,457.30411144133484,175.37133399642155,691.2563617295833,77.07083333333512,76.69416666666852,37.942388930166715,0.0,0.0,0.0
PHASE 1,175,281600,280,457.3041114413349,175.37133399642155,691.2563617295833,77.07083333333512,76.69416666666852,37.942388930166715,0.0,0.0,0.0
PHASE 1,176,283200,280,457.3041114413349,175.37133399642155,691.2563617295833,77.07083333333512,76.69416666666852,37.942388930166715,0.0,0.0,0.0
PHASE 1,177,284800,280,457.3041114413349,175.37133399642155,691.2563617295833,77.07083333333512,76.69416666666852,37.942388930166715,0.0,0.0,0.0
PHASE 1,178,286400,280,457.3041114413349,175.37133399642155,691.2563617295833,77.07083333333512,76.69416666666852,37.942388930166715,0.0,0.0,0.0
PHASE 1,179,288000,288,464.9054040125432,175.37133399642155,712.1849004548378,78.93100000000177,79.25383333333517,38.34007133490108,0.0,0.0,0.0
PHASE 1,180,289600,288,464.9054040125432,175.37133399642155,712.1849004548378,78.93100000000176,79.25383333333517,38.34007133490108,0.0,0.0,0.0
PHASE 1,181,291200,288,464.9054040125432,175.37133399642155,712.1849004548378,78.93100000000176,79.25383333333517,38.34007133490108,0.0,0.0,0.0
PHASE 1,182,292800,288,464.9054040125432,175.37133399642155,712.1849004548378,78.93100000000176,79.25383333333517,38.34007133490108,0.0,0.0,0.0
PHASE 1,183,294400,288,464.9054040125432,175.37133399642155,712.1849004548378,78.93100000000176,79.25383333333517,38.34007133490108,0.0,0.0,0.0
PHASE 1,184,296000,296,474.8838234246635,175.37133399642155,712.1849004548378,81.11700000000174,82.4585000000018,38.913540428082754,0.0,0.0,0.0
PHASE 1,185,297600,296,474.8838234246635,175.37133399642155,712.1849004548378,81.11700000000175,82.45850000000179,38.913540428082754,0.0,0.0,0.0
PHASE 1,186,299200,296,474.8838234246635,175.37133399642155,712.1849004548378,81.11700000000175,82.45850000000179,38.913540428082754,0.0,0.0,0.0
PHASE 1,187,300800,296,474.8838234246635,175.37133399642155,712.1849004548378,81.11700000000175,82.45850000000179,38.913540428082754,0.0,0.0,0.0
PHASE 1,188,302400,296,474.8838234246635,175.37133399642155,712.1849004548378,81.11700000000175,82.45850000000179,38.913540428082754,0.0,0.0,0.0
PHASE 1,189,304000,304,483.25878231778495,175.37133399642155,742.3321608551471,85.25383333333507,83.30300000000179,39.33774362305616,0.0,0.0,0.0
PHASE 1,190,305600,304,483.258782317785,175.37133399642155,742.3321608551471,85.25383333333504,83.30300000000177,39.33774362305616,0.0,0.0,0.0
PHASE 1,191,307200,304,483.258782317785,175.37133399642155,742.3321608551471,85.25383333333504,83.30300000000177,39.33774362305616,0.0,0.0,0.0
PHASE 1,192,308800,304,483.258782317785,175.37133399642155,742.3321608551471,85.25383333333504,83.30300000000177,39.33774362305616,0.0,0.0,0.0
PHASE 1,193,310400,304,483.258782317785,175.37133399642155,742.3321608551471,85.25383333333504,83.30300000000177,39.33774362305616,0.0,0.0,0.0
PHASE 1,194,312000,312,488.7282564707486,175.37133399642155,764.0751843221021,88.63966666666833,84.91283333333509,39.39696955884321,0.0,0.0,0.0
PHASE 1,195,313600,312,488.7282564707486,175.37133399642155,764.0751843221021,88.63966666666833,84.91283333333513,39.39696955884321,0.0,0.0,0.0
PHASE 1,196,315200,312,488.7282564707486,175.37133399642155,764.0751843221021,88.63966666666833,84.91283333333513,39.39696955884321,0.0,0.0,0.0
PHASE 1,197,316800,312,488.7282564707486,175.37133399642155,764.0751843221021,88.63966666666833,84.91283333333513,39.39696955884321,0.0,0.0,0.0
PHASE 1,198,318400,312,488.7282564707486,175.37133399642155,764.0751843221021,88.63966666666833,84.91283333333513,39.39696955884321,0.0,0.0,0.0
PHASE 1,199,320000,320,497.1907331300372,175.37133399642155,764.0751843221021,92.57150000000163,85.21233333333514,39.92586247458739,0.0,0.0,0.0
PHASE 1,200,321600,320,497.19073313003724,175.37133399642155,764.0751843221021,92.57150000000165,85.21233333333512,39.92586247458739,0.0,0.0,0.0
PHASE 1,201,323200,320,497.19073313003724,175.37133399642155,764.0751843221021,92.57150000000165,85.21233333333512,39.92586247458739,0.0,0.0,0.0
PHASE 1,202,324800,320,497.19073313003724,175.37133399642155,764.0751843221021,92.57150000000165,85.21233333333512,39.92586247458739,0.0,0.0,0.0
PHASE 1,203,326400,320,497.19073313003724,175.37133399642155,764.0751843221021,92.57150000000165,85.21233333333512,39.92586247458739,0.0,0.0,0.0
PHASE 1,204,328000,328,519.2197114607122,175.37133399642155,911.128614032578,99.85066666666829,90.48700000000171,41.11025559925483,0.0,0.0,0.0
PHASE 1,205,329600,328,519.2197114607121,175.37133399642155,911.128614032578,99.85066666666829,90.48700000000176,41.11025559925481,0.0,0.0,0.0
PHASE 1,206,331200,328,519.2197114607121,175.37133399642155,911.128614032578,99.85066666666829,90.48700000000176,41.11025559925481,0.0,0.0,0.0
PHASE 1,207,332800,328,519.2197114607121,175.37133399642155,911.128614032578,99.85066666666829,90.48700000000176,41.11025559925481,0.0,0.0,0.0
PHASE 1,208,334400,328,519.2197114607121,175.37133399642155,911.128614032578,99.85066666666829,90.48700000000176,41.11025559925481,0.0,0.0,0.0
PHASE 1,209,336000,336,531.6457396669688,175.37133399642155,995.898306080092,106.03000000000156,93.16616666666837,41.55619662503685,0.0,0.0,0.0
PHASE 1,210,337600,336,531.6457396669688,175.37133399642155,995.898306080092,106.03000000000158,93.16616666666836,41.55619662503685,0.0,0.0,0.0
PHASE 1,211,339200,336,531.6457396669688,175.37133399642155,995.898306080092,106.03000000000158,93.16616666666836,41.55619662503685,0.0,0.0,0.0
PHASE 1,212,340800,336,531.6457396669688,175.37133399642155,995.898306080092,106.03000000000158,93.16616666666836,41.55619662503685,0.0,0.0,0.0
PHASE 1,213,342400,336,531.6457396669688,175.37133399642155,995.898306080092,106.03000000000158,93.16616666666836,41.55619662503685,0.0,0.0,0.0
PHASE 1,214,344000,344,544.1688663048059,179.6014073051359,995.898306080092,111.72166666666821,95.411333333335,42.129483288099756,0.0,0.0,0.0
PHASE 1,215,345600,344,544.1688663048059,179.6014073051359,995.898306080092,111.72166666666821,95.41133333333501,42.12948328809976,0.0,0.0,0.0
PHASE 1,216,347200,344,544.1688663048059,179.6014073051359,995.898306080092,111.72166666666821,95.41133333333501,42.12948328809976,0.0,0.0,0.0
PHASE 1,217,348800,344,544.1688663048059,179.6014073051359,995.898306080092,111.72166666666821,95.41133333333501,42.12948328809976,0.0,0.0,0.0
PHASE 1,218,350400,344,544.1688663048059,179.6014073051359,995.898306080092,111.72166666666821,95.41133333333501,42.12948328809976,0.0,0.0,0.0
PHASE 1,219,352000,352,544.8393654366432,179.6014073051359,995.898306080092,113.8366666666682,95.15433333333503,41.98104567957946,0.0,0.0,0.0
PHASE 1,220,353600,352,544.8393654366432,179.6014073051359,995.898306080092,113.83666666666821,95.15433333333502,41.98104567957946,0.0,0.0,0.0
PHASE 1,221,355200,352,544.8393654366432,179.6014073051359,995.898306080092,113.83666666666821,95.15433333333502,41.98104567957946,0.0,0.0,0.0
PHASE 1,222,356800,352,544.8393654366432,179.6014073051359,995.898306080092,113.83666666666821,95.15433333333502,41.98104567957946,0.0,0.0,0.0
PHASE 1,223,358400,352,544.8393654366432,179.6014073051359,995.898306080092,113.83666666666821,95.15433333333502,41.98104567957946,0.0,0.0,0.0
PHASE 1,224,360000,360,544.3697717900636,179.6014073051359,995.898306080092,115.80716666666818,94.77450000000168,41.72351314042364,0.0,0.0,0.0
PHASE 1,225,361600,360,544.3697717900637,179.6014073051359,995.898306080092,115.8071666666682,94.7745000000017,41.72351314042364,0.0,0.0,0.0
PHASE 1,226,363200,360,544.3697717900637,179.6014073051359,995.898306080092,115.8071666666682,94.7745000000017,41.72351314042364,0.0,0.0,0.0
PHASE 1,227,364800,360,544.3697717900637,179.6014073051359,995.898306080092,115.8071666666682,94.7745000000017,41.72351314042364,0.0,0.0,0.0
PHASE 1,228,366400,360,544.3697717900637,179.6014073051359,995.898306080092,115.8071666666682,94.7745000000017,41.72351314042364,0.0,0.0,0.0
PHASE 1,229,368000,368,530.0012791866485,176.4871139523226,995.898306080092,115.80350000000153,91.31283333333505,40.36061823166354,0.0,0.0,0.0
PHASE 1,230,369600,368,530.0012791866484,176.4871139523226,995.898306080092,115.80350000000153,91.31283333333504,40.36061823166354,0.0,0.0,0.0
PHASE 1,231,371200,368,530.0012791866484,176.4871139523226,995.898306080092,115.80350000000153,91.31283333333504,40.36061823166354,0.0,0.0,0.0
PHASE 1,232,372800,368,530.0012791866484,176.4871139523226,995.898306080092,115.80350000000153,91.31283333333504,40.36061823166354,0.0,0.0,0.0
PHASE 1,233,374400,368,530.0012791866484,176.4871139523226,995.898306080092,115.80350000000153,91.31283333333504,40.36061823166354,0.0,0.0,0.0
PHASE 1,234,376000,376,526.8506718623078,176.4871139523226,995.898306080092,116.46800000000152,91.12666666666837,39.90700064945451,0.0,0.0,0.0
PHASE 1,235,377600,376,526.8506718623078,176.4871139523226,995.898306080092,116.46800000000152,91.12666666666838,39.90700064945451,0.0,0.0,0.0
PHASE 1,236,379200,376,526.8506718623078,176.4871139523226,995.898306080092,116.46800000000152,91.12666666666838,39.90700064945451,0.0,0.0,0.0
PHASE 1,237,380800,376,526.8506718623078,176.4871139523226,995.898306080092,116.46800000000152,91.12666666666838,39.90700064945451,0.0,0.0,0.0
PHASE 1,238,382400,376,526.8506718623078,176.4871139523226,995.898306080092,116.46800000000152,91.12666666666838,39.90700064945451,0.0,0.0,0.0
PHASE 1,239,384000,384,527.1502750729304,176.4871139523226,995.898306080092,117.47466666666818,91.60600000000173,39.75870105078246,0.0,0.0,0.0
PHASE 1,240,385600,384,527.1502750729304,176.4871139523226,995.898306080092,117.4746666666682,91.6060000000017,39.75870105078246,0.0,0.0,0.0
PHASE 1,241,387200,384,527.1502750729304,176.4871139523226,995.898306080092,117.4746666666682,91.6060000000017,39.75870105078246,0.0,0.0,0.0
PHASE 1,242,388800,384,527.1502750729304,176.4871139523226,995.898306080092,117.4746666666682,91.6060000000017,39.75870105078246,0.0,0.0,0.0
PHASE 1,243,390400,384,527.1502750729304,176.4871139523226,995.898306080092,117.4746666666682,91.6060000000017,39.75870105078246,0.0,0.0,0.0
PHASE 1,244,392000,392,514.2086619660727,176.4871139523226,995.898306080092,115.49283333333486,91.08916666666832,38.45333274575884,0.0,0.0,0.0
PHASE 1,245,393600,392,514.2086619660726,176.4871139523226,995.898306080092,115.49283333333484,91.08916666666833,38.45333274575884,0.0,0.0,0.0
PHASE 1,246,395200,392,514.2086619660726,176.4871139523226,995.898306080092,115.49283333333484,91.08916666666833,38.45333274575884,0.0,0.0,0.0
PHASE 1,247,396800,392,514.2086619660726,176.4871139523226,995.898306080092,115.49283333333484,91.08916666666833,38.45333274575884,0.0,0.0,0.0
PHASE 1,248,398400,392,514.2086619660726,176.4871139523226,995.898306080092,115.49283333333484,91.08916666666833,38.45333274575884,0.0,0.0,0.0
PHASE 1,249,400000,400,505.944971166121,176.4871139523226,995.898306080092,118.92200000000145,87.00616666666836,37.50210056243181,0.0,0.0,0.0
PHASE 1,250,401600,400,505.944971166121,176.4871139523226,995.898306080092,118.92200000000146,87.00616666666836,37.50210056243181,0.0,0.0,0.0
PHASE 1,251,403200,400,505.944971166121,176.4871139523226,995.898306080092,118.92200000000146,87.00616666666836,37.50210056243181,0.0,0.0,0.0
PHASE 1,252,404800,400,505.944971166121,176.4871139523226,995.898306080092,118.92200000000146,87.00616666666836,37.50210056243181,0.0,0.0,0.0
PHASE 1,253,406400,400,505.944971166121,176.4871139523226,995.898306080092,118.92200000000146,87.00616666666836,37.50210056243181,0.0,0.0,0.0
PHASE 1,254,408000,408,507.81579041738655,176.4871139523226,995.898306080092,121.46583333333477,87.06866666666832,37.41016130217324,0.0,0.0,0.0
PHASE 1,255,409600,408,507.81579041738655,176.4871139523226,995.898306080092,121.46583333333477,87.06866666666832,37.41016130217324,0.0,0.0,0.0
PHASE 1,256,411200,408,507.81579041738655,176.4871139523226,995.898306080092,121.46583333333477,87.06866666666832,37.41016130217324,0.0,0.0,0.0
PHASE 1,257,412800,408,507.81579041738655,176.4871139523226,995.898306080092,121.46583333333477,87.06866666666832,37.41016130217324,0.0,0.0,0.0
PHASE 1,258,414400,408,507.81579041738655,176.4871139523226,995.898306080092,121.46583333333477,87.06866666666832,37.41016130217324,0.0,0.0,0.0
PHASE 1,259,416000,416,508.6402465965716,176.4871139523226,995.898306080092,124.56916666666808,86.83066666666831,37.15505165790477,0.0,0.0,0.0
PHASE 1,260,417600,416,508.6402465965716,176.4871139523226,995.898306080092,124.56916666666807,86.83066666666834,37.155051657904764,0.0,0.0,0.0
PHASE 1,261,419200,416,508.6402465965716,176.4871139523226,995.898306080092,124.56916666666807,86.83066666666834,37.155051657904764,0.0,0.0,0.0
PHASE 1,262,420800,416,508.6402465965716,176.4871139523226,995.898306080092,124.56916666666807,86.83066666666834,37.155051657904764,0.0,0.0,0.0
PHASE 1,263,422400,416,508.6402465965716,176.4871139523226,995.898306080092,124.56916666666807,86.83066666666834,37.155051657904764,0.0,0.0,0.0
PHASE 1,264,424000,424,511.67161137397125,176.4871139523226,995.898306080092,127.22016666666805,87.53500000000162,37.11455558841305,0.0,0.0,0.0
PHASE 1,265,425600,424,511.6716113739713,176.4871139523226,995.898306080092,127.22016666666805,87.53500000000163,37.11455558841305,0.0,0.0,0.0
PHASE 1,266,427200,424,511.6716113739713,176.4871139523226,995.898306080092,127.22016666666805,87.53500000000163,37.11455558841305,0.0,0.0,0.0
PHASE 1,267,428800,424,511.6716113739713,176.4871139523226,995.898306080092,127.22016666666805,87.53500000000163,37.11455558841305,0.0,0.0,0.0
PHASE 1,268,430400,424,511.6716113739713,176.4871139523226,995.898306080092,127.22016666666805,87.53500000000163,37.11455558841305,0.0,0.0,0.0
PHASE 1,269,432000,432,510.92419136762163,176.4871139523226,995.898306080092,130.31966666666804,85.38050000000163,36.90300308761911,0.0,0.0,0.0
PHASE 1,270,433600,432,510.9241913676215,176.4871139523226,995.898306080092,130.319666666668,85.38050000000162,36.90300308761911,0.0,0.0,0.0
PHASE 1,271,435200,432,510.9241913676215,176.4871139523226,995.898306080092,130.319666666668,85.38050000000162,36.90300308761911,0.0,0.0,0.0
PHASE 1,272,436800,432,510.9241913676215,176.4871139523226,995.898306080092,130.319666666668,85.38050000000162,36.90300308761911,0.0,0.0,0.0
PHASE 1,273,438400,432,510.9241913676215,176.4871139523226,995.898306080092,130.319666666668,85.38050000000162,36.90300308761911,0.0,0.0,0.0
PHASE 1,274,440000,440,521.200513898523,176.4871139523226,904.6844109042174,132.46200000000132,88.5405000000016,37.52475173731491,0.0,0.0,0.0
PHASE 1,275,441600,440,521.2005138985231,176.4871139523226,904.6844109042174,132.46200000000135,88.54050000000161,37.52475173731491,0.0,0.0,0.0
PHASE 1,276,443200,440,521.2005138985231,176.4871139523226,904.6844109042174,132.46200000000135,88.54050000000161,37.52475173731491,0.0,0.0,0.0
PHASE 1,277,444800,440,521.2005138985231,176.4871139523226,904.6844109042174,132.46200000000135,88.54050000000161,37.52475173731491,0.0,0.0,0.0
PHASE 1,278,446400,440,521.2005138985231,176.4871139523226,904.6844109042174,132.46200000000135,88.54050000000161,37.52475173731491,0.0,0.0,0.0
PHASE 1,279,448000,448,539.8152680246737,176.4871139523226,904.6844109042174,137.92733333333467,90.8625000000016,38.8781793364167,0.0,0.0,0.0
PHASE 1,280,449600,448,539.8152680246737,176.4871139523226,904.6844109042174,137.92733333333467,90.8625000000016,38.87817933641671,0.0,0.0,0.0
PHASE 1,281,451200,448,539.8152680246737,176.4871139523226,904.6844109042174,137.92733333333467,90.8625000000016,38.87817933641671,0.0,0.0,0.0
PHASE 1,282,452800,448,539.8152680246737,176.4871139523226,904.6844109042174,137.92733333333467,90.8625000000016,38.87817933641671,0.0,0.0,0.0
PHASE 1,283,454400,448,539.8152680246737,176.4871139523226,904.6844109042174,137.92733333333467,90.8625000000016,38.87817933641671,0.0,0.0,0.0
PHASE 1,284,456000,456,556.5950334520876,176.4871139523226,904.6844109042174,142.60583333333466,94.87416666666824,39.8893791815098,0.0,0.0,0.0
PHASE 1,285,457600,456,556.5950334520876,176.4871139523226,904.6844109042174,142.60583333333466,94.87416666666824,39.8893791815098,0.0,0.0,0.0
PHASE 1,286,459200,456,556.5950334520876,176.4871139523226,904.6844109042174,142.60583333333466,94.87416666666824,39.8893791815098,0.0,0.0,0.0
PHASE 1,287,460800,456,556.5950334520876,176.4871139523226,904.6844109042174,142.60583333333466,94.87416666666824,39.8893791815098,0.0,0.0,0.0
PHASE 1,288,462400,456,556.5950334520876,176.4871139523226,904.6844109042174,142.60583333333466,94.87416666666824,39.8893791815098,0.0,0.0,0.0
PHASE 1,289,464000,464,576.6569014298685,176.4871139523226,904.6844109042174,150.63133333333457,96.62700000000156,41.17482101206549,0.0,0.0,0.0
PHASE 1,290,465600,464,576.6569014298685,176.4871139523226,904.6844109042174,150.6313333333346,96.62700000000156,41.17482101206549,0.0,0.0,0.0
PHASE 1,291,467200,464,576.6569014298685,176.4871139523226,904.6844109042174,150.6313333333346,96.62700000000156,41.17482101206549,0.0,0.0,0.0
PHASE 1,292,468800,464,576.6569014298685,176.4871139523226,904.6844109042174,150.6313333333346,96.62700000000156,41.17482101206549,0.0,0.0,0.0
PHASE 1,293,470400,464,576.6569014298685,176.4871139523226,904.6844109042174,150.6313333333346,96.62700000000156,41.17482101206549,0.0,0.0,0.0
PHASE 1,294,472000,472,600.2839043282936,254.0608418007956,904.6844109042174,156.58283333333455,100.07783333333488,42.95290470770144,0.0,0.0,0.0
PHASE 1,295,473600,472,600.2839043282934,254.0608418007956,904.6844109042174,156.58283333333452,100.07783333333488,42.95290470770144,0.0,0.0,0.0
PHASE 1,296,475200,472,600.2839043282934,254.0608418007956,904.6844109042174,156.58283333333452,100.07783333333488,42.95290470770144,0.0,0.0,0.0
PHASE 1,297,476800,472,600.2839043282934,254.0608418007956,904.6844109042174,156.58283333333452,100.07783333333488,42.95290470770144,0.0,0.0,0.0
PHASE 1,298,478400,472,600.2839043282934,254.0608418007956,904.6844109042174,156.58283333333452,100.07783333333488,42.95290470770144,0.0,0.0,0.0
PHASE 1,299,480000,480,623.4659149446509,254.0608418007956,904.6844109042174,164.70550000000117,102.68366666666822,44.5095935347456,0.0,0.0,0.0
PHASE 1,300,481600,480,623.4659149446508,254.0608418007956,904.6844109042174,164.70550000000117,102.6836666666682,44.5095935347456,0.0,0.0,0.0
PHASE 1,301,483200,480,623.4659149446508,254.0608418007956,904.6844109042174,164.70550000000117,102.6836666666682,44.5095935347456,0.0,0.0,0.0
PHASE 1,302,484800,480,623.4659149446508,254.0608418007956,904.6844109042174,164.70550000000117,102.6836666666682,44.5095935347456,0.0,0.0,0.0
PHASE 1,303,486400,480,623.4659149446508,254.0608418007956,904.6844109042174,164.70550000000117,102.6836666666682,44.5095935347456,0.0,0.0,0.0
PHASE 1,304,488000,488,642.7976399569797,303.73931469662193,904.6844109042174,170.84766666666783,104.43683333333487,45.939142494619645,0.0,0.0,0.0
PHASE 1,305,489600,488,642.7976399569798,303.73931469662193,904.6844109042174,170.8476666666678,104.43683333333487,45.93914249461965,0.0,0.0,0.0
PHASE 1,306,491200,488,642.7976399569798,303.73931469662193,904.6844109042174,170.8476666666678,104.43683333333487,45.93914249461965,0.0,0.0,0.0
PHASE 1,307,492800,488,642.7976399569798,303.73931469662193,904.6844109042174,170.8476666666678,104.43683333333487,45.93914249461965,0.0,0.0,0.0
PHASE 1,308,494400,488,642.7976399569798,303.73931469662193,904.6844109042174,170.8476666666678,104.43683333333487,45.93914249461965,0.0,0.0,0.0
PHASE 1,309,496000,496,662.4193634765211,319.4710819625142,973.8859338666368,174.6511666666678,106.9063333333349,47.60773293456194,0.0,0.0,0.0
PHASE 1,310,497600,496,662.4193634765211,319.4710819625142,973.8859338666368,174.6511666666678,106.90633333333491,47.60773293456194,0.0,0.0,0.0
PHASE 1,311,499200,496,662.4193634765211,319.4710819625142,973.8859338666368,174.6511666666678,106.90633333333491,47.60773293456194,0.0,0.0,0.0
PHASE 1,312,500800,496,662.4193634765211,319.4710819625142,973.8859338666368,174.6511666666678,106.90633333333491,47.60773293456194,0.0,0.0,0.0
PHASE 1,313,502400,496,662.4193634765211,319.4710819625142,973.8859338666368,174.6511666666678,106.90633333333491,47.60773293456194,0.0,0.0,0.0
PHASE 1,314,504000,504,678.3305959757834,446.76953159965035,973.8859338666368,175.96983333333446,111.0963333333349,48.9080536636361,0.0,0.0,0.0
PHASE 1,315,505600,504,678.3305959757831,446.76953159965035,973.8859338666368,175.96983333333444,111.0963333333349,48.9080536636361,0.0,0.0,0.0
PHASE 1,316,507200,504,678.3305959757831,446.76953159965035,973.8859338666368,175.96983333333444,111.0963333333349,48.9080536636361,0.0,0.0,0.0
PHASE 1,317,508800,504,678.3305959757831,446.76953159965035,973.8859338666368,175.96983333333444,111.0963333333349,48.9080536636361,0.0,0.0,0.0
PHASE 1,318,510400,504,678.3305959757831,446.76953159965035,973.8859338666368,175.96983333333444,111.0963333333349,48.9080536636361,0.0,0.0,0.0
PHASE 1,319,512000,512,693.5471697379057,456.6663467678789,975.0386365241293,179.2950000000011,113.67433333333489,50.07222955056787,0.0,0.0,0.0
PHASE 1,320,513600,512,693.5471697379057,456.6663467678789,975.0386365241293,179.2950000000011,113.67433333333489,50.07222955056788,0.0,0.0,0.0
PHASE 1,321,515200,512,693.5471697379057,456.6663467678789,975.0386365241293,179.2950000000011,113.67433333333489,50.07222955056788,0.0,0.0,0.0
PHASE 1,322,516800,512,693.5471697379057,456.6663467678789,975.0386365241293,179.2950000000011,113.67433333333489,50.07222955056788,0.0,0.0,0.0
PHASE 1,323,518400,512,693.5471697379057,456.6663467678789,975.0386365241293,179.2950000000011,113.67433333333489,50.07222955056788,0.0,0.0,0.0
PHASE 1,324,520000,520,703.5851271613516,456.6663467678789,975.0386365241293,183.98966666666777,113.02400000000159,50.821432561831735,0.0,0.0,0.0
PHASE 1,325,521600,520,703.5851271613515,456.6663467678789,975.0386365241293,183.98966666666777,113.02400000000158,50.821432561831735,0.0,0.0,0.0
PHASE 1,326,523200,520,703.5851271613515,456.6663467678789,975.0386365241293,183.98966666666777,113.02400000000158,50.821432561831735,0.0,0.0,0.0
PHASE 1,327,524800,520,703.5851271613515,456.6663467678789,975.0386365241293,183.98966666666777,113.02400000000158,50.821432561831735,0.0,0.0,0.0
PHASE 1,328,526400,520,703.5851271613515,456.6663467678789,975.0386365241293,183.98966666666777,113.02400000000158,50.821432561831735,0.0,0.0,0.0
PHASE 1,329,528000,528,697.1244569537795,456.6663467678789,975.0386365241293,178.4625000000011,111.92633333333495,50.841952952552184,0.0,0.0,0.0
PHASE 1,330,529600,528,697.1244569537797,456.6663467678789,975.0386365241293,178.4625000000011,111.92633333333497,50.841952952552184,0.0,0.0,0.0
PHASE 1,331,531200,528,697.1244569537797,456.6663467678789,975.0386365241293,178.4625000000011,111.92633333333497,50.841952952552184,0.0,0.0,0.0
PHASE 1,332,532800,528,697.1244569537797,456.6663467678789,975.0386365241293,178.4625000000011,111.92633333333497,50.841952952552184,0.0,0.0,0.0
PHASE 1,333,534400,528,697.1244569537797,456.6663467678789,975.0386365241293,178.4625000000011,111.92633333333497,50.841952952552184,0.0,0.0,0.0
PHASE 1,334,536000,536,683.6753100897645,443.8166387878205,975.0386365241293,174.29883333333453,108.22100000000168,50.14443459455057,0.0,0.0,0.0
PHASE 1,335,537600,536,683.6753100897647,443.8166387878205,975.0386365241293,174.29883333333453,108.2210000000017,50.14443459455057,0.0,0.0,0.0
PHASE 1,336,539200,536,683.6753100897647,443.8166387878205,975.0386365241293,174.29883333333453,108.2210000000017,50.14443459455057,0.0,0.0,0.0
PHASE 1,337,540800,536,683.6753100897647,443.8166387878205,975.0386365241293,174.29883333333453,108.2210000000017,50.14443459455057,0.0,0.0,0.0
PHASE 1,338,542400,536,683.6753100897647,443.8166387878205,975.0386365241293,174.29883333333453,108.2210000000017,50.14443459455057,0.0,0.0,0.0
PHASE 1,339,544000,544,689.3835922488564,443.8166387878205,975.0386365241293,174.13300000000115,110.53416666666836,50.58955319777026,0.0,0.0,0.0
PHASE 1,340,545600,544,689.3835922488563,443.8166387878205,975.0386365241293,174.1330000000012,110.53416666666836,50.58955319777026,0.0,0.0,0.0
PHASE 1,341,547200,544,689.3835922488563,443.8166387878205,975.0386365241293,174.1330000000012,110.53416666666836,50.58955319777026,0.0,0.0,0.0
PHASE 1,342,548800,544,689.3835922488563,443.8166387878205,975.0386365241293,174.1330000000012,110.53416666666836,50.58955319777026,0.0,0.0,0.0
PHASE 1,343,550400,544,689.3835922488563,443.8166387878205,975.0386365241293,174.1330000000012,110.53416666666836,50.58955319777026,0.0,0.0,0.0
PHASE 1,344,552000,552,689.5462435288432,443.8166387878205,975.0386365241293,174.76916666666784,110.46016666666834,50.53961377443524,0.0,0.0,0.0
PHASE 1,345,553600,552,689.5462435288433,443.8166387878205,975.0386365241293,174.76916666666784,110.46016666666834,50.53961377443524,0.0,0.0,0.0
PHASE 1,346,555200,552,689.5462435288433,443.8166387878205,975.0386365241293,174.76916666666784,110.46016666666834,50.53961377443524,0.0,0.0,0.0
PHASE 1,347,556800,552,689.5462435288433,443.8166387878205,975.0386365241293,174.76916666666784,110.46016666666834,50.53961377443524,0.0,0.0,0.0
PHASE 1,348,558400,552,689.5462435288433,443.8166387878205,975.0386365241293,174.76916666666784,110.46016666666834,50.53961377443524,0.0,0.0,0.0
PHASE 1,349,560000,560,698.7355553600324,443.8166387878205,975.0386365241293,177.58383333333452,110.69350000000166,51.30727775333362,0.0,0.0,0.0
PHASE 1,350,561600,560,698.7355553600323,443.8166387878205,975.0386365241293,177.58383333333447,110.69350000000168,51.30727775333363,0.0,0.0,0.0
PHASE 1,351,563200,560,698.7355553600323,443.8166387878205,975.0386365241293,177.58383333333447,110.69350000000168,51.30727775333363,0.0,0.0,0.0
PHASE 1,352,564800,560,698.7355553600323,443.8166387878205,975.0386365241293,177.58383333333447,110.69350000000168,51.30727775333363,0.0,0.0,0.0
PHASE 1,353,566400,560,698.7355553600323,443.8166387878205,975.0386365241293,177.58383333333447,110.69350000000168,51.30727775333363,0.0,0.0,0.0
PHASE 1,354,568000,568,703.4907958940317,443.8166387878205,975.0386365241293,180.48250000000115,109.06333333333505,51.743120320083584,0.0,0.0,0.0
PHASE 1,355,569600,568,703.4907958940316,443.8166387878205,975.0386365241293,180.4825000000012,109.06333333333501,51.743120320083584,0.0,0.0,0.0
PHASE 1,356,571200,568,703.4907958940316,443.8166387878205,975.0386365241293,180.4825000000012,109.06333333333501,51.743120320083584,0.0,0.0,0.0
PHASE 1,357,572800,568,703.4907958940316,443.8166387878205,975.0386365241293,180.4825000000012,109.06333333333501,51.743120320083584,0.0,0.0,0.0
PHASE 1,358,574400,568,703.4907958940316,443.8166387878205,975.0386365241293,180.4825000000012,109.06333333333501,51.743120320083584,0.0,0.0,0.0
PHASE 1,359,576000,576,722.3437312213613,443.8166387878205,979.6087388804015,189.64383333333447,110.59100000000167,52.76361223599959,0.0,0.0,0.0
PHASE 1,360,577600,576,722.3437312213615,443.8166387878205,979.6087388804015,189.64383333333444,110.59100000000167,52.76361223599959,0.0,0.0,0.0
PHASE 1,361,579200,576,722.3437312213615,443.8166387878205,979.6087388804015,189.64383333333444,110.59100000000167,52.76361223599959,0.0,0.0,0.0
PHASE 1,362,580800,576,722.3437312213615,443.8166387878205,979.6087388804015,189.64383333333444,110.59100000000167,52.76361223599959,0.0,0.0,0.0
PHASE 1,363,582400,576,722.3437312213615,443.8166387878205,979.6087388804015,189.64383333333444,110.59100000000167,52.76361223599959,0.0,0.0,0.0
PHASE 1,364,584000,584,727.7588894619867,443.8166387878205,979.6087388804015,190.33233333333447,112.68016666666831,53.09329868274426,0.0,0.0,0.0
PHASE 1,365,585600,584,727.7588894619867,443.8166387878205,979.6087388804015,190.33233333333447,112.6801666666683,53.09329868274426,0.0,0.0,0.0
PHASE 1,366,587200,584,727.7588894619867,443.8166387878205,979.6087388804015,190.33233333333447,112.6801666666683,53.09329868274426,0.0,0.0,0.0
PHASE 1,367,588800,584,727.7588894619867,443.8166387878205,979.6087388804015,190.33233333333447,112.6801666666683,53.09329868274426,0.0,0.0,0.0
PHASE 1,368,590400,584,727.7588894619867,443.8166387878205,979.6087388804015,190.33233333333447,112.6801666666683,53.09329868274426,0.0,0.0,0.0
PHASE 1,369,592000,592,739.1517189943148,443.8166387878205,1037.0760610186549,194.0586666666678,115.54250000000164,53.693819040951894,0.0,0.0,0.0
PHASE 1,370,593600,592,739.1517189943152,443.8166387878205,1037.0760610186549,194.05866666666773,115.54250000000164,53.69381904095189,0.0,0.0,0.0
PHASE 1,371,595200,592,739.1517189943152,443.8166387878205,1037.0760610186549,194.05866666666773,115.54250000000164,53.69381904095189,0.0,0.0,0.0
PHASE 1,372,596800,592,739.1517189943152,443.8166387878205,1037.0760610186549,194.05866666666773,115.54250000000164,53.69381904095189,0.0,0.0,0.0
PHASE 1,373,598400,592,739.1517189943152,443.8166387878205,1037.0760610186549,194.05866666666773,115.54250000000164,53.69381904095189,0.0,0.0,0.0
PHASE 1,374,600000,600,752.460575555615,443.8166387878205,1037.0760610186549,200.04233333333434,119.53333333333495,54.110613611114076,0.0,0.0,0.0
PHASE 1,375,601600,600,752.4605755556149,443.8166387878205,1037.0760610186549,200.0423333333344,119.53333333333494,54.11061361111408,0.0,0.0,0.0
PHASE 1,376,603200,600,752.4605755556149,443.8166387878205,1037.0760610186549,200.0423333333344,119.53333333333494,54.11061361111408,0.0,0.0,0.0
PHASE 1,377,604800,600,752.4605755556149,443.8166387878205,1037.0760610186549,200.0423333333344,119.53333333333494,54.11061361111408,0.0,0.0,0.0
PHASE 1,378,606400,600,752.4605755556149,443.8166387878205,1037.0760610186549,200.0423333333344,119.53333333333494,54.11061361111408,0.0,0.0,0.0
PHASE 1,379,608000,608,752.869171907164,443.8166387878205,1120.5751151930294,202.29983333333436,117.43933333333496,54.14125065505778,0.0,0.0,0.0
PHASE 1,380,609600,608,752.8691719071638,443.8166387878205,1120.5751151930294,202.2998333333344,117.43933333333499,54.14125065505778,0.0,0.0,0.0
PHASE 1,381,611200,608,752.8691719071638,443.8166387878205,1120.5751151930294,202.2998333333344,117.43933333333499,54.14125065505778,0.0,0.0,0.0
PHASE 1,382,612800,608,752.8691719071638,443.8166387878205,1120.5751151930294,202.2998333333344,117.43933333333499,54.14125065505778,0.0,0.0,0.0
PHASE 1,383,614400,608,752.8691719071638,443.8166387878205,1120.5751151930294,202.2998333333344,117.43933333333499,54.14125065505778,0.0,0.0,0.0
PHASE 1,384,616000,616,757.2516741873955,443.8166387878205,1120.5751151930294,203.45450000000102,119.51833333333497,54.28485510675337,0.0,0.0,0.0
PHASE 1,385,617600,616,757.2516741873957,443.8166387878205,1120.5751151930294,203.45450000000102,119.51833333333497,54.28485510675337,0.0,0.0,0.0
PHASE 1,386,619200,616,757.2516741873957,443.8166387878205,1120.5751151930294,203.45450000000102,119.51833333333497,54.28485510675337,0.0,0.0,0.0
PHASE 1,387,620800,616,757.2516741873957,443.8166387878205,1120.5751151930294,203.45450000000102,119.51833333333497,54.28485510675337,0.0,0.0,0.0
PHASE 1,388,622400,616,757.2516741873957,443.8166387878205,1120.5751151930294,203.45450000000102,119.51833333333497,54.28485510675337,0.0,0.0,0.0
PHASE 1,389,624000,624,769.4019115133888,443.8166387878205,1120.5751151930294,206.71483333333433,122.67600000000161,55.00138477250226,0.0,0.0,0.0
PHASE 1,390,625600,624,769.4019115133888,443.8166387878205,1120.5751151930294,206.71483333333438,122.67600000000161,55.00138477250226,0.0,0.0,0.0
PHASE 1,391,627200,624,769.4019115133888,443.8166387878205,1120.5751151930294,206.71483333333438,122.67600000000161,55.00138477250226,0.0,0.0,0.0
PHASE 1,392,628800,624,769.4019115133888,443.8166387878205,1120.5751151930294,206.71483333333438,122.67600000000161,55.00138477250226,0.0,0.0,0.0
PHASE 1,393,630400,624,769.4019115133888,443.8166387878205,1120.5751151930294,206.71483333333438,122.67600000000161,55.00138477250226,0.0,0.0,0.0
PHASE 1,394,632000,632,796.8863178594636,485.0929200847605,1355.9275413724722,214.85900000000103,129.53566666666825,56.56145639909486,0.0,0.0,0.0
PHASE 1,395,633600,632,796.8863178594637,485.0929200847605,1355.9275413724722,214.859000000001,129.53566666666825,56.56145639909486,0.0,0.0,0.0
PHASE 1,396,635200,632,796.8863178594637,485.0929200847605,1355.9275413724722,214.859000000001,129.53566666666825,56.56145639909486,0.0,0.0,0.0
PHASE 1,397,636800,632,796.8863178594637,485.0929200847605,1355.9275413724722,214.859000000001,129.53566666666825,56.56145639909486,0.0,0.0,0.0
PHASE 1,398,638400,632,796.8863178594637,485.0929200847605,1355.9275413724722,214.859000000001,129.53566666666825,56.56145639909486,0.0,0.0,0.0
PHASE 1,399,640000,640,816.4895432813204,485.0929200847605,1355.9275413724722,221.58983333333433,133.44716666666827,57.68156791016001,0.0,0.0,0.0
PHASE 1,400,641600,640,816.4895432813204,485.0929200847605,1355.9275413724722,221.58983333333435,133.44716666666824,57.68156791016,0.0,0.0,0.0
PHASE 1,401,643200,640,816.4895432813204,485.0929200847605,1355.9275413724722,221.58983333333435,133.44716666666824,57.68156791016,0.0,0.0,0.0
PHASE 1,402,644800,640,816.4895432813204,485.0929200847605,1355.9275413724722,221.58983333333435,133.44716666666824,57.68156791016,0.0,0.0,0.0
PHASE 1,403,646400,640,816.4895432813204,485.0929200847605,1355.9275413724722,221.58983333333435,133.44716666666824,57.68156791016,0.0,0.0,0.0
PHASE 1,404,648000,648,819.9464681611016,541.618991132791,1355.9275413724722,223.27216666666772,134.1285000000016,57.81822518679924,0.0,0.0,0.0
PHASE 1,405,649600,648,819.9464681611015,541.618991132791,1355.9275413724722,223.27216666666763,134.1285000000016,57.81822518679924,0.0,0.0,0.0
PHASE 1,406,651200,648,819.9464681611015,541.618991132791,1355.9275413724722,223.27216666666763,134.1285000000016,57.81822518679924,0.0,0.0,0.0
PHASE 1,407,652800,648,819.9464681611015,541.618991132791,1355.9275413724722,223.27216666666763,134.1285000000016,57.81822518679924,0.0,0.0,0.0
PHASE 1,408,654400,648,819.9464681611015,541.618991132791,1355.9275413724722,223.27216666666763,134.1285000000016,57.81822518679924,0.0,0.0,0.0
PHASE 1,409,656000,656,827.6864864295354,541.618991132791,1355.9275413724722,227.0886666666676,135.16783333333495,58.17874830368689,0.0,0.0,0.0
PHASE 1,410,657600,656,827.6864864295354,541.618991132791,1355.9275413724722,227.0886666666676,135.16783333333493,58.17874830368688,0.0,0.0,0.0
PHASE 1,411,659200,656,827.6864864295354,541.618991132791,1355.9275413724722,227.0886666666676,135.16783333333493,58.17874830368688,0.0,0.0,0.0
PHASE 1,412,660800,656,827.6864864295354,541.618991132791,1355.9275413724722,227.0886666666676,135.16783333333493,58.17874830368688,0.0,0.0,0.0
PHASE 1,413,662400,656,827.6864864295354,541.618991132791,1355.9275413724722,227.0886666666676,135.16783333333493,58.17874830368688,0.0,0.0,0.0
PHASE 1,414,664000,664,841.1291145997055,552.3305689665133,1355.9275413724722,226.50333333333427,143.5271666666682,58.88732682495804,0.0,0.0,0.0
PHASE 1,415,665600,664,841.1291145997056,552.3305689665133,1355.9275413724722,226.5033333333343,143.52716666666822,58.887326824958045,0.0,0.0,0.0
PHASE 1,416,667200,664,841.1291145997056,552.3305689665133,1355.9275413724722,226.5033333333343,143.52716666666822,58.887326824958045,0.0,0.0,0.0
PHASE 1,417,668800,664,841.1291145997056,552.3305689665133,1355.9275413724722,226.5033333333343,143.52716666666822,58.887326824958045,0.0,0.0,0.0
PHASE 1,418,670400,664,841.1291145997056,552.3305689665133,1355.9275413724722,226.5033333333343,143.52716666666822,58.887326824958045,0.0,0.0,0.0
PHASE 1,419,672000,672,840.3959295418141,552.3305689665133,1355.9275413724722,220.961000000001,147.95850000000152,58.9345536927217,0.0,0.0,0.0
PHASE 1,420,673600,672,840.3959295418141,552.3305689665133,1355.9275413724722,220.961000000001,147.95850000000152,58.9345536927217,0.0,0.0,0.0
PHASE 1,421,675200,672,840.3959295418141,552.3305689665133,1355.9275413724722,220.961000000001,147.95850000000152,58.9345536927217,0.0,0.0,0.0
PHASE 1,422,676800,672,840.3959295418141,552.3305689665133,1355.9275413724722,220.961000000001,147.95850000000152,58.9345536927217,0.0,0.0,0.0
PHASE 1,423,678400,672,840.3959295418141,552.3305689665133,1355.9275413724722,220.961000000001,147.95850000000152,58.9345536927217,0.0,0.0,0.0
PHASE 1,424,680000,680,856.7485503539862,552.3305689665133,1355.9275413724722,223.80750000000103,153.6325000000015,59.9135687942434,0.0,0.0,0.0
PHASE 1,425,681600,680,856.7485503539859,552.3305689665133,1355.9275413724722,223.80750000000106,153.6325000000015,59.91356879424339,0.0,0.0,0.0
PHASE 1,426,683200,680,856.7485503539859,552.3305689665133,1355.9275413724722,223.80750000000106,153.6325000000015,59.91356879424339,0.0,0.0,0.0
PHASE 1,427,684800,680,856.7485503539859,552.3305689665133,1355.9275413724722,223.80750000000106,153.6325000000015,59.91356879424339,0.0,0.0,0.0
PHASE 1,428,686400,680,856.7485503539859,552.3305689665133,1355.9275413724722,223.80750000000106,153.6325000000015,59.91356879424339,0.0,0.0,0.0
PHASE 1,429,688000,688,866.8341633658166,544.9537541215714,1355.9275413724722,222.5106666666677,158.71583333333484,60.70095792072229,0.0,0.0,0.0
PHASE 1,430,689600,688,866.8341633658166,544.9537541215714,1355.9275413724722,222.5106666666677,158.71583333333484,60.70095792072229,0.0,0.0,0.0
PHASE 1,431,691200,688,866.8341633658166,544.9537541215714,1355.9275413724722,222.5106666666677,158.71583333333484,60.70095792072229,0.0,0.0,0.0
PHASE 1,432,692800,688,866.8341633658166,544.9537541215714,1355.9275413724722,222.5106666666677,158.71583333333484,60.70095792072229,0.0,0.0,0.0
PHASE 1,433,694400,688,866.8341633658166,544.9537541215714,1355.9275413724722,222.5106666666677,158.71583333333484,60.70095792072229,0.0,0.0,0.0
PHASE 1,434,696000,696,872.3676782298047,544.9537541215714,1355.9275413724722,227.30766666666767,155.50533333333487,61.194334778720865,0.0,0.0,0.0
PHASE 1,435,697600,696,872.3676782298046,544.9537541215714,1355.9275413724722,227.30766666666764,155.50533333333485,61.19433477872086,0.0,0.0,0.0
PHASE 1,436,699200,696,872.3676782298046,544.9537541215714,1355.9275413724722,227.30766666666764,155.50533333333485,61.19433477872086,0.0,0.0,0.0
PHASE 1,437,700800,696,872.3676782298046,544.9537541215714,1355.9275413724722,227.30766666666764,155.50533333333485,61.19433477872086,0.0,0.0,0.0
PHASE 1,438,702400,696,872.3676782298046,544.9537541215714,1355.9275413724722,227.30766666666764,155.50533333333485,61.19433477872086,0.0,0.0,0.0
PHASE 1,439,704000,704,875.92117301083,544.9537541215714,1355.9275413724722,227.48566666666764,155.80950000000152,61.578250793015705,0.0,0.0,0.0
PHASE 1,440,705600,704,875.92117301083,544.9537541215714,1355.9275413724722,227.48566666666767,155.80950000000155,61.578250793015705,0.0,0.0,0.0
PHASE 1,441,707200,704,875.92117301083,544.9537541215714,1355.9275413724722,227.48566666666767,155.80950000000155,61.578250793015705,0.0,0.0,0.0
PHASE 1,442,708800,704,875.92117301083,544.9537541215714,1355.9275413724722,227.48566666666767,155.80950000000155,61.578250793015705,0.0,0.0,0.0
PHASE 1,443,710400,704,875.92117301083,544.9537541215714,1355.9275413724722,227.48566666666767,155.80950000000155,61.578250793015705,0.0,0.0,0.0
PHASE 1,444,712000,712,871.1477075673178,544.9537541215714,1355.9275413724722,223.70116666666772,155.20300000000157,61.53044261257663,0.0,0.0,0.0
PHASE 1,445,713600,712,871.1477075673179,544.9537541215714,1355.9275413724722,223.70116666666772,155.20300000000157,61.53044261257663,0.0,0.0,0.0
PHASE 1,446,715200,712,871.1477075673179,544.9537541215714,1355.9275413724722,223.70116666666772,155.20300000000157,61.53044261257663,0.0,0.0,0.0
PHASE 1,447,716800,712,871.1477075673179,544.9537541215714,1355.9275413724722,223.70116666666772,155.20300000000157,61.53044261257663,0.0,0.0,0.0
PHASE 1,448,718400,712,871.1477075673179,544.9537541215714,1355.9275413724722,223.70116666666772,155.20300000000157,61.53044261257663,0.0,0.0,0.0
PHASE 1,449,720000,720,879.9749572719807,544.9537541215714,1355.9275413724722,227.5903333333343,156.07533333333492,62.038661325659376,0.0,0.0,0.0
PHASE 1,450,721600,720,879.9749572719807,544.9537541215714,1355.9275413724722,227.59033333333437,156.07533333333487,62.038661325659376,0.0,0.0,0.0
PHASE 1,451,723200,720,879.9749572719807,544.9537541215714,1355.9275413724722,227.59033333333437,156.07533333333487,62.038661325659376,0.0,0.0,0.0
PHASE 1,452,724800,720,879.9749572719807,544.9537541215714,1355.9275413724722,227.59033333333437,156.07533333333487,62.038661325659376,0.0,0.0,0.0
PHASE 1,453,726400,720,879.9749572719807,544.9537541215714,1355.9275413724722,227.59033333333437,156.07533333333487,62.038661325659376,0.0,0.0,0.0
PHASE 1,454,728000,728,874.5626421887239,544.9537541215714,1355.9275413724722,226.13866666666772,154.55000000000157,61.734246940252305,0.0,0.0,0.0
PHASE 1,455,729600,728,874.5626421887239,544.9537541215714,1355.9275413724722,226.13866666666775,154.55000000000152,61.734246940252305,0.0,0.0,0.0
PHASE 1,456,731200,728,874.5626421887239,544.9537541215714,1355.9275413724722,226.13866666666775,154.55000000000152,61.734246940252305,0.0,0.0,0.0
PHASE 1,457,732800,728,874.5626421887239,544.9537541215714,1355.9275413724722,226.13866666666775,154.55000000000152,61.734246940252305,0.0,0.0,0.0
PHASE 1,458,734400,728,874.5626421887239,544.9537541215714,1355.9275413724722,226.13866666666775,154.55000000000152,61.734246940252305,0.0,0.0,0.0
PHASE 1,459,736000,736,873.4964092533351,544.9537541215714,1275.7213538533438,225.3828333333344,153.26050000000154,61.85663448999539,0.0,0.0,0.0
PHASE 1,460,737600,736,873.4964092533353,544.9537541215714,1275.7213538533438,225.38283333333436,153.26050000000157,61.85663448999539,0.0,0.0,0.0
PHASE 1,461,739200,736,873.4964092533353,544.9537541215714,1275.7213538533438,225.38283333333436,153.26050000000157,61.85663448999539,0.0,0.0,0.0
PHASE 1,462,740800,736,873.4964092533353,544.9537541215714,1275.7213538533438,225.38283333333436,153.26050000000157,61.85663448999539,0.0,0.0,0.0
PHASE 1,463,742400,736,873.4964092533353,544.9537541215714,1275.7213538533438,225.38283333333436,153.26050000000157,61.85663448999539,0.0,0.0,0.0
PHASE 1,464,744000,744,872.791390673362,544.9537541215714,1275.7213538533438,227.46450000000104,151.19866666666826,61.76602800083209,0.0,0.0,0.0
PHASE 1,465,745600,744,872.7913906733622,544.9537541215714,1275.7213538533438,227.46450000000104,151.19866666666823,61.76602800083209,0.0,0.0,0.0
PHASE 1,466,747200,744,872.7913906733622,544.9537541215714,1275.7213538533438,227.46450000000104,151.19866666666823,61.76602800083209,0.0,0.0,0.0
PHASE 1,467,748800,744,872.7913906733622,544.9537541215714,1275.7213538533438,227.46450000000104,151.19866666666823,61.76602800083209,0.0,0.0,0.0
PHASE 1,468,750400,744,872.7913906733622,544.9537541215714,1275.7213538533438,227.46450000000104,151.19866666666823,61.76602800083209,0.0,0.0,0.0
PHASE 1,469,752000,752,879.2018541553721,544.9537541215714,1275.7213538533438,227.54850000000104,154.14233333333488,62.188877602749905,0.0,0.0,0.0
PHASE 1,470,753600,752,879.2018541553718,544.9537541215714,1275.7213538533438,227.54850000000104,154.1423333333349,62.188877602749905,0.0,0.0,0.0
PHASE 1,471,755200,752,879.2018541553718,544.9537541215714,1275.7213538533438,227.54850000000104,154.1423333333349,62.188877602749905,0.0,0.0,0.0
PHASE 1,472,756800,752,879.2018541553718,544.9537541215714,1275.7213538533438,227.54850000000104,154.1423333333349,62.188877602749905,0.0,0.0,0.0
PHASE 1,473,758400,752,879.2018541553718,544.9537541215714,1275.7213538533438,227.54850000000104,154.1423333333349,62.188877602749905,0.0,0.0,0.0
PHASE 1,474,760000,760,877.1417934207196,433.6033547820177,1275.7213538533438,226.95583333333437,150.91916666666825,62.40834917758513,0.0,0.0,0.0
PHASE 1,475,761600,760,877.1417934207196,433.6033547820177,1275.7213538533438,226.95583333333437,150.91916666666825,62.408349177585144,0.0,0.0,0.0
PHASE 1,476,763200,760,877.1417934207196,433.6033547820177,1275.7213538533438,226.95583333333437,150.91916666666825,62.408349177585144,0.0,0.0,0.0
PHASE 1,477,764800,760,877.1417934207196,433.6033547820177,1275.7213538533438,226.95583333333437,150.91916666666825,62.408349177585144,0.0,0.0,0.0
PHASE 1,478,766400,760,877.1417934207196,433.6033547820177,1275.7213538533438,226.95583333333437,150.91916666666825,62.408349177585144,0.0,0.0,0.0
PHASE 1,479,768000,768,874.7393119032636,433.6033547820177,1230.579241649101,225.44066666666768,150.09066666666828,62.40099732123644,0.0,0.0,0.0
PHASE 1,480,769600,768,874.7393119032635,433.6033547820177,1230.579241649101,225.44066666666768,150.09066666666823,62.40099732123644,0.0,0.0,0.0
PHASE 1,481,771200,768,874.7393119032635,433.6033547820177,1230.579241649101,225.44066666666768,150.09066666666823,62.40099732123644,0.0,0.0,0.0
PHASE 1,482,772800,768,874.7393119032635,433.6033547820177,1230.579241649101,225.44066666666768,150.09066666666823,62.40099732123644,0.0,0.0,0.0
PHASE 1,483,774400,768,874.7393119032635,433.6033547820177,1230.579241649101,225.44066666666768,150.09066666666823,62.40099732123644,0.0,0.0,0.0
PHASE 1,484,776000,776,870.7925175932141,433.6033547820177,1230.579241649101,226.10950000000102,145.70416666666827,62.372356365813474,0.0,0.0,0.0
PHASE 1,485,777600,776,870.7925175932141,433.6033547820177,1230.579241649101,226.1095000000011,145.70416666666833,62.37235636581347,0.0,0.0,0.0
PHASE 1,486,779200,776,870.7925175932141,433.6033547820177,1230.579241649101,226.1095000000011,145.70416666666833,62.37235636581347,0.0,0.0,0.0
PHASE 1,487,780800,776,870.7925175932141,433.6033547820177,1230.579241649101,226.1095000000011,145.70416666666833,62.37235636581347,0.0,0.0,0.0
PHASE 1,488,782400,776,870.7925175932141,433.6033547820177,1230.579241649101,226.1095000000011,145.70416666666833,62.37235636581347,0.0,0.0,0.0
PHASE 1,489,784000,784,851.8772120311523,433.6033547820177,1230.579241649101,220.24333333333445,142.34933333333498,61.16056817055559,0.0,0.0,0.0
PHASE 1,490,785600,784,851.8772120311525,433.6033547820177,1230.579241649101,220.24333333333445,142.34933333333495,61.16056817055558,0.0,0.0,0.0
PHASE 1,491,787200,784,851.8772120311525,433.6033547820177,1230.579241649101,220.24333333333445,142.34933333333495,61.16056817055558,0.0,0.0,0.0
PHASE 1,492,788800,784,851.8772120311525,433.6033547820177,1230.579241649101,220.24333333333445,142.34933333333495,61.16056817055558,0.0,0.0,0.0
PHASE 1,493,790400,784,851.8772120311525,433.6033547820177,1230.579241649101,220.24333333333445,142.34933333333495,61.16056817055558,0.0,0.0,0.0
PHASE 1,494,792000,792,848.9924245849988,433.6033547820177,1230.6740130514586,219.95800000000108,140.4716666666683,61.070344739786634,0.0,0.0,0.0
PHASE 1,495,793600,792,848.9924245849985,433.6033547820177,1230.6740130514586,219.95800000000108,140.4716666666683,61.070344739786634,0.0,0.0,0.0
PHASE 1,496,795200,792,848.9924245849985,433.6033547820177,1230.6740130514586,219.95800000000108,140.4716666666683,61.070344739786634,0.0,0.0,0.0
PHASE 1,497,796800,792,848.9924245849985,433.6033547820177,1230.6740130514586,219.95800000000108,140.4716666666683,61.070344739786634,0.0,0.0,0.0
PHASE 1,498,798400,792,848.9924245849985,433.6033547820177,1230.6740130514586,219.95800000000108,140.4716666666683,61.070344739786634,0.0,0.0,0.0
PHASE 1,499,800000,800,851.917067913486,433.6033547820177,1230.6740130514586,216.02233333333447,145.48633333333495,61.301050155847506,0.0,0.0,0.0
PHASE 2,0,1600,0,,,,,,,0.03785714285714285,0.039285714285714285,0.0
PHASE 2,1,3200,0,,,,,,,0.04357142857142857,0.032857142857142856,0.0
PHASE 2,2,4800,0,,,,,,,0.039285714285714285,0.037142857142857144,0.0
PHASE 2,3,6400,0,,,,,,,0.04857142857142857,0.042142857142857135,0.0
PHASE 2,4,8000,8,850.9084949144622,751.6408588682115,949.6689857209922,207.0072656250012,151.13716796875153,61.595507665082245,0.0,0.0,0.0
PHASE 2,5,9600,8,850.9084949144622,751.6408588682115,949.6689857209922,207.0072656250012,151.13716796875153,61.595507665082245,0.04428571428571429,0.04285714285714286,0.0
PHASE 2,6,11200,8,850.9084949144622,751.6408588682115,949.6689857209922,207.0072656250012,151.13716796875153,61.595507665082245,0.045000000000000005,0.039999999999999994,0.0
PHASE 2,7,12800,8,850.9084949144622,751.6408588682115,949.6689857209922,207.0072656250012,151.13716796875153,61.595507665082245,0.045,0.037142857142857144,0.0
PHASE 2,8,14400,8,850.9084949144622,751.6408588682115,949.6689857209922,207.0072656250012,151.13716796875153,61.595507665082245,0.04357142857142857,0.03785714285714285,0.0
PHASE 2,9,16000,16,852.5165762000236,750.8491885022227,1084.0812443833395,218.28220703125112,140.38606608073076,61.73103788599893,0.0,0.0,0.0
PHASE 2,10,17600,16,852.5165762000236,750.8491885022227,1084.0812443833395,218.28220703125112,140.38606608073076,61.73103788599892,0.03785714285714285,0.038571428571428576,0.0
PHASE 2,11,19200,16,852.5165762000236,750.8491885022227,1084.0812443833395,218.28220703125112,140.38606608073076,61.73103788599892,0.04071428571428572,0.03071428571428571,0.0
PHASE 2,12,20800,16,852.5165762000236,750.8491885022227,1084.0812443833395,218.28220703125112,140.38606608073076,61.73103788599892,0.039285714285714285,0.03142857142857143,0.0
PHASE 2,13,22400,16,852.5165762000236,750.8491885022227,1084.0812443833395,218.28220703125112,140.38606608073076,61.73103788599892,0.03357142857142857,0.03714285714285714,0.0
PHASE 2,14,24000,24,872.0437294414008,524.9627267191835,1173.0055081796615,220.07001736111224,148.4603895399321,62.939165317539256,0.0,0.0,0.0
PHASE 2,15,25600,24,872.0437294414008,524.9627267191835,1173.0055081796615,220.07001736111224,148.4603895399321,62.93916531753925,0.034285714285714294,0.03142857142857143,0.0
PHASE 2,16,27200,24,872.0437294414008,524.9627267191835,1173.0055081796615,220.07001736111224,148.4603895399321,62.93916531753925,0.04928571428571428,0.03714285714285714,0.0
PHASE 2,17,28800,24,872.0437294414008,524.9627267191835,1173.0055081796615,220.07001736111224,148.4603895399321,62.93916531753925,0.03428571428571428,0.04071428571428572,0.0
PHASE 2,18,30400,24,872.0437294414008,524.9627267191835,1173.0055081796615,220.07001736111224,148.4603895399321,62.93916531753925,0.04357142857142857,0.03285714285714286,0.0
PHASE 2,19,32000,32,867.5234288144165,524.9627267191835,1173.0055081796615,216.09128580729276,150.11977783203278,62.66404564688101,0.0,0.0,0.0
PHASE 2,20,33600,32,867.5234288144165,524.9627267191835,1173.0055081796615,216.09128580729276,150.1197778320328,62.66404564688101,0.029285714285714286,0.04714285714285714,0.0
PHASE 2,21,35200,32,867.5234288144165,524.9627267191835,1173.0055081796615,216.09128580729276,150.1197778320328,62.66404564688101,0.04071428571428572,0.04285714285714286,0.0
PHASE 2,22,36800,32,867.5234288144165,524.9627267191835,1173.0055081796615,216.09128580729276,150.1197778320328,62.66404564688101,0.042142857142857135,0.04071428571428572,0.0
PHASE 2,23,38400,32,867.5234288144165,524.9627267191835,1173.0055081796615,216.09128580729276,150.1197778320328,62.66404564688101,0.04071428571428572,0.04214285714285714,0.0
PHASE 2,24,40000,40,859.7461013661868,524.9627267191835,1173.0055081796615,215.93362565104275,148.5728717447932,61.90495049628875,0.0,0.0,0.0
PHASE 2,25,41600,40,859.7461013661868,524.9627267191835,1173.0055081796615,215.93362565104275,148.5728717447932,61.90495049628875,0.036428571428571435,0.039285714285714285,0.0
PHASE 2,26,43200,40,859.7461013661868,524.9627267191835,1173.0055081796615,215.93362565104275,148.5728717447932,61.90495049628875,0.03642857142857143,0.04071428571428572,0.0
PHASE 2,27,44800,40,859.7461013661868,524.9627267191835,1173.0055081796615,215.93362565104275,148.5728717447932,61.90495049628875,0.04285714285714286,0.04071428571428572,0.0
PHASE 2,28,46400,40,859.7461013661868,524.9627267191835,1173.0055081796615,215.93362565104275,148.5728717447932,61.90495049628875,0.04071428571428571,0.03428571428571429,0.0
PHASE 2,29,48000,48,860.740404424129,524.9627267191835,1173.0055081796615,218.5497667100705,148.3473258463557,61.73041398345763,0.0,0.0,0.0
PHASE 2,30,49600,48,860.7404044241292,524.9627267191835,1173.0055081796615,218.5497667100705,148.3473258463557,61.73041398345763,0.032857142857142856,0.03214285714285715,0.0
PHASE 2,31,51200,48,860.7404044241292,524.9627267191835,1173.0055081796615,218.5497667100705,148.3473258463557,61.73041398345763,0.04357142857142857,0.03357142857142857,0.0
PHASE 2,32,52800,48,860.7404044241292,524.9627267191835,1173.0055081796615,218.5497667100705,148.3473258463557,61.73041398345763,0.04142857142857143,0.039999999999999994,0.0
PHASE 2,33,54400,48,860.7404044241292,524.9627267191835,1173.0055081796615,218.5497667100705,148.3473258463557,61.73041398345763,0.034999999999999996,0.04071428571428572,0.0
PHASE 2,34,56000,56,870.28060803628,524.9627267191835,1173.0055081796615,220.3154640997034,153.90146158854319,62.00796029349878,0.0,0.0,0.0
PHASE 2,35,57600,56,870.28060803628,524.9627267191835,1173.0055081796615,220.3154640997034,153.90146158854319,62.00796029349878,0.04071428571428572,0.04071428571428572,0.0
PHASE 2,36,59200,56,870.28060803628,524.9627267191835,1173.0055081796615,220.3154640997034,153.90146158854319,62.00796029349878,0.04571428571428572,0.041428571428571426,0.0
PHASE 2,37,60800,56,870.28060803628,524.9627267191835,1173.0055081796615,220.3154640997034,153.90146158854319,62.00796029349878,0.041428571428571426,0.03928571428571429,0.0
PHASE 2,38,62400,56,870.28060803628,524.9627267191835,1173.0055081796615,220.3154640997034,153.90146158854319,62.00796029349878,0.04428571428571428,0.04214285714285714,0.0
PHASE 2,39,64000,64,868.8793781763936,524.9627267191835,1173.0055081796615,222.2400301106781,152.88833943685043,61.71887607860254,0.0,0.0,0.0
PHASE 2,40,65600,64,868.8793781763936,524.9627267191835,1173.0055081796615,222.2400301106781,152.88833943685043,61.71887607860254,0.04,0.04357142857142857,0.0
PHASE 2,41,67200,64,868.8793781763936,524.9627267191835,1173.0055081796615,222.2400301106781,152.88833943685043,61.71887607860254,0.04214285714285715,0.05071428571428571,0.0
PHASE 2,42,68800,64,868.8793781763936,524.9627267191835,1173.0055081796615,222.2400301106781,152.88833943685043,61.71887607860254,0.04714285714285714,0.045,0.0
PHASE 2,43,70400,64,868.8793781763936,524.9627267191835,1173.0055081796615,222.2400301106781,152.88833943685043,61.71887607860254,0.05285714285714286,0.037142857142857144,0.0
PHASE 2,44,72000,72,865.5987480694705,524.9627267191835,1173.0055081796615,224.95504846643618,149.93400716145982,61.33871155519119,0.0,0.0,0.0
PHASE 2,45,73600,72,865.5987480694705,524.9627267191835,1173.0055081796615,224.95504846643618,149.93400716145982,61.3387115551912,0.04571428571428572,0.042142857142857135,0.0
PHASE 2,46,75200,72,865.5987480694705,524.9627267191835,1173.0055081796615,224.95504846643618,149.93400716145982,61.3387115551912,0.05857142857142857,0.045714285714285714,0.0
PHASE 2,47,76800,72,865.5987480694705,524.9627267191835,1173.0055081796615,224.95504846643618,149.93400716145982,61.3387115551912,0.0557142857142857,0.03857142857142857,0.0
PHASE 2,48,78400,72,865.5987480694705,524.9627267191835,1173.0055081796615,224.95504846643618,149.93400716145982,61.3387115551912,0.04928571428571428,0.04571428571428572,0.0
PHASE 2,49,80000,80,868.2179275321363,524.9627267191835,1181.9395737342313,223.65606217448013,153.10370214843897,61.432270401146596,0.0,0.0,0.0
PHASE 2,50,81600,80,868.2179275321363,524.9627267191835,1181.9395737342313,223.65606217448016,153.10370214843897,61.432270401146596,0.03428571428571429,0.03928571428571429,0.0
PHASE 2,51,83200,80,868.2179275321363,524.9627267191835,1181.9395737342313,223.65606217448016,153.10370214843897,61.432270401146596,0.04714285714285714,0.045714285714285714,0.0
PHASE 2,52,84800,80,868.2179275321363,524.9627267191835,1181.9395737342313,223.65606217448016,153.10370214843897,61.432270401146596,0.05142857142857142,0.04142857142857143,0.0
PHASE 2,53,86400,80,868.2179275321363,524.9627267191835,1181.9395737342313,223.65606217448016,153.10370214843897,61.432270401146596,0.04857142857142857,0.049999999999999996,0.0
PHASE 2,54,88000,88,862.7868692663161,524.9627267191835,1181.9395737342313,221.45422555634568,153.16808386600522,61.02056998049015,0.0,0.0,0.0
PHASE 2,55,89600,88,862.7868692663163,524.9627267191835,1181.9395737342313,221.45422555634568,153.16808386600522,61.02056998049015,0.037142857142857144,0.04,0.0
PHASE 2,56,91200,88,862.7868692663163,524.9627267191835,1181.9395737342313,221.45422555634568,153.16808386600522,61.02056998049015,0.032857142857142856,0.04142857142857143,0.0
PHASE 2,57,92800,88,862.7868692663163,524.9627267191835,1181.9395737342313,221.45422555634568,153.16808386600522,61.02056998049015,0.05,0.037142857142857144,0.0
PHASE 2,58,94400,88,862.7868692663163,524.9627267191835,1181.9395737342313,221.45422555634568,153.16808386600522,61.02056998049015,0.04357142857142857,0.04285714285714286,0.0
PHASE 2,59,96000,96,865.5156684155413,524.9627267191835,1181.9395737342313,222.02795545790028,152.52197943793547,61.37071668995771,0.0,0.0,0.0
PHASE 2,60,97600,96,865.5156684155413,524.9627267191835,1181.9395737342313,222.02795545790028,152.52197943793547,61.37071668995771,0.050714285714285726,0.06857142857142857,0.0
PHASE 2,61,99200,96,865.5156684155413,524.9627267191835,1181.9395737342313,222.02795545790028,152.52197943793547,61.37071668995771,0.05928571428571429,0.06071428571428571,0.0
PHASE 2,62,100800,96,865.5156684155413,524.9627267191835,1181.9395737342313,222.02795545790028,152.52197943793547,61.37071668995771,0.06357142857142858,0.062142857142857146,0.0
PHASE 2,63,102400,96,865.5156684155413,524.9627267191835,1181.9395737342313,222.02795545790028,152.52197943793547,61.37071668995771,0.07214285714285715,0.06785714285714287,0.0
PHASE 2,64,104000,104,879.544719863583,524.9627267191835,1305.8009511782857,225.62366848958428,156.8711401041681,62.13123890872353,0.0,0.0,0.0
PHASE 2,65,105600,104,879.5447198635832,524.9627267191835,1305.8009511782857,225.62366848958425,156.8711401041681,62.13123890872353,0.06,0.07214285714285715,0.0
PHASE 2,66,107200,104,879.5447198635832,524.9627267191835,1305.8009511782857,225.62366848958425,156.8711401041681,62.13123890872353,0.06928571428571428,0.07285714285714287,0.0
PHASE 2,67,108800,104,879.5447198635832,524.9627267191835,1305.8009511782857,225.62366848958425,156.8711401041681,62.13123890872353,0.06714285714285714,0.06357142857142858,0.0
PHASE 2,68,110400,104,879.5447198635832,524.9627267191835,1305.8009511782857,225.62366848958425,156.8711401041681,62.13123890872353,0.07428571428571429,0.06071428571428571,0.0
PHASE 2,69,112000,112,883.8862256195102,524.9627267191835,1305.8009511782857,228.02634531250087,157.60253177083473,62.28216856701667,0.0,0.0,0.0
PHASE 2,70,113600,112,883.8862256195104,524.9627267191835,1305.8009511782857,228.0263453125009,157.60253177083476,62.28216856701667,0.0735714285714286,0.06785714285714287,0.0
PHASE 2,71,115200,112,883.8862256195104,524.9627267191835,1305.8009511782857,228.0263453125009,157.60253177083476,62.28216856701667,0.075,0.06785714285714287,0.0
PHASE 2,72,116800,112,883.8862256195104,524.9627267191835,1305.8009511782857,228.0263453125009,157.60253177083476,62.28216856701667,0.08000000000000002,0.06285714285714286,0.0
PHASE 2,73,118400,112,883.8862256195104,524.9627267191835,1305.8009511782857,228.0263453125009,157.60253177083476,62.28216856701667,0.06428571428571428,0.0642857142857143,0.0
PHASE 2,74,120000,120,885.8513949950212,524.9627267191835,1305.8009511782857,226.79908463541753,161.53793359375138,62.18929709572638,0.0,0.0,0.0
PHASE 2,75,121600,120,885.8513949950212,524.9627267191835,1305.8009511782857,226.79908463541756,161.53793359375138,62.18929709572638,0.08285714285714287,0.05714285714285714,0.0
PHASE 2,76,123200,120,885.8513949950212,524.9627267191835,1305.8009511782857,226.79908463541756,161.53793359375138,62.18929709572638,0.07142857142857144,0.056428571428571425,0.0
PHASE 2,77,124800,120,885.8513949950212,524.9627267191835,1305.8009511782857,226.79908463541756,161.53793359375138,62.18929709572638,0.07785714285714286,0.05500000000000001,0.0
PHASE 2,78,126400,120,885.8513949950212,524.9627267191835,1305.8009511782857,226.79908463541756,161.53793359375138,62.18929709572638,0.07714285714285714,0.0642857142857143,0.0
PHASE 2,79,128000,128,900.7381591686225,558.113093948882,1354.8448116424197,233.84716953125087,163.8677317708347,62.877907233312065,0.0,0.0,0.0
PHASE 2,80,129600,128,900.7381591686225,558.113093948882,1354.8448116424197,233.84716953125087,163.8677317708347,62.877907233312065,0.0757142857142857,0.08357142857142859,0.0
PHASE 2,81,131200,128,900.7381591686225,558.113093948882,1354.8448116424197,233.84716953125087,163.8677317708347,62.877907233312065,0.0942857142857143,0.07785714285714286,0.0
PHASE 2,82,132800,128,900.7381591686225,558.113093948882,1354.8448116424197,233.84716953125087,163.8677317708347,62.877907233312065,0.10142857142857145,0.08071428571428571,0.0
PHASE 2,83,134400,128,900.7381591686225,558.113093948882,1354.8448116424197,233.84716953125087,163.8677317708347,62.877907233312065,0.10785714285714285,0.09428571428571429,0.0
PHASE 2,84,136000,136,909.2568201734138,585.1140771474805,1354.8448116424197,237.02986744791752,166.7753015625013,63.18145639536932,0.0,0.0,0.0
PHASE 2,85,137600,136,909.2568201734135,585.1140771474805,1354.8448116424197,237.0298674479175,166.77530156250134,63.18145639536932,0.09,0.0757142857142857,0.0
PHASE 2,86,139200,136,909.2568201734135,585.1140771474805,1354.8448116424197,237.0298674479175,166.77530156250134,63.18145639536932,0.10571428571428572,0.08642857142857144,0.0
PHASE 2,87,140800,136,909.2568201734135,585.1140771474805,1354.8448116424197,237.0298674479175,166.77530156250134,63.18145639536932,0.0757142857142857,0.09642857142857143,0.0
PHASE 2,88,142400,136,909.2568201734135,585.1140771474805,1354.8448116424197,237.0298674479175,166.77530156250134,63.18145639536932,0.08571428571428572,0.08500000000000002,0.0
PHASE 2,89,144000,144,920.8117742481171,585.1140771474805,1354.8448116424197,239.80594609375078,170.10795156250126,63.86223457397822,0.0,0.0,0.0
PHASE 2,90,145600,144,920.8117742481173,585.1140771474805,1354.8448116424197,239.80594609375086,170.10795156250126,63.86223457397821,0.08785714285714286,0.08714285714285715,0.0
PHASE 2,91,147200,144,920.8117742481173,585.1140771474805,1354.8448116424197,239.80594609375086,170.10795156250126,63.86223457397821,0.095,0.08785714285714286,0.0
PHASE 2,92,148800,144,920.8117742481173,585.1140771474805,1354.8448116424197,239.80594609375086,170.10795156250126,63.86223457397821,0.09071428571428572,0.08642857142857144,0.0
PHASE 2,93,150400,144,920.8117742481173,585.1140771474805,1354.8448116424197,239.80594609375086,170.10795156250126,63.86223457397821,0.08785714285714286,0.08857142857142858,0.0
PHASE 2,94,152000,152,930.6337990958233,585.1140771474805,1354.8448116424197,239.25478437500087,174.68741354166792,64.58645014738973,0.0,0.0,0.0
PHASE 2,95,153600,152,930.6337990958232,585.1140771474805,1354.8448116424197,239.25478437500087,174.68741354166792,64.58645014738973,0.07857142857142858,0.09000000000000002,0.0
PHASE 2,96,155200,152,930.6337990958232,585.1140771474805,1354.8448116424197,239.25478437500087,174.68741354166792,64.58645014738973,0.0892857142857143,0.085,0.0
PHASE 2,97,156800,152,930.6337990958232,585.1140771474805,1354.8448116424197,239.25478437500087,174.68741354166792,64.58645014738973,0.08000000000000002,0.085,0.0
PHASE 2,98,158400,152,930.6337990958232,585.1140771474805,1354.8448116424197,239.25478437500087,174.68741354166792,64.58645014738973,0.07785714285714286,0.09285714285714286,0.0
PHASE 2,99,160000,160,945.0025232279087,585.1140771474805,1354.8448116424197,242.17095729166746,178.47832812500124,65.54415472640086,0.0,0.0,0.0
PHASE 2,100,161600,160,945.0025232279086,585.1140771474805,1354.8448116424197,242.17095729166752,178.47832812500124,65.54415472640086,0.10714285714285714,0.09571428571428572,0.0
PHASE 2,101,163200,160,945.0025232279086,585.1140771474805,1354.8448116424197,242.17095729166752,178.47832812500124,65.54415472640086,0.10071428571428571,0.10642857142857146,0.0
PHASE 2,102,164800,160,945.0025232279086,585.1140771474805,1354.8448116424197,242.17095729166752,178.47832812500124,65.54415472640086,0.10214285714285713,0.09142857142857144,0.0
PHASE 2,103,166400,160,945.0025232279086,585.1140771474805,1354.8448116424197,242.17095729166752,178.47832812500124,65.54415472640086,0.09071428571428572,0.10928571428571429,0.0
PHASE 2,104,168000,168,959.2695089954385,585.1140771474805,1354.8448116424197,245.66039791666745,182.32221406250122,66.41086212702976,0.0,0.0,0.0
PHASE 2,105,169600,168,959.2695089954384,585.1140771474805,1354.8448116424197,245.6603979166675,182.3222140625012,66.41086212702976,0.09857142857142859,0.10571428571428572,0.0
PHASE 2,106,171200,168,959.2695089954384,585.1140771474805,1354.8448116424197,245.6603979166675,182.3222140625012,66.41086212702976,0.09857142857142857,0.10142857142857142,0.0
PHASE 2,107,172800,168,959.2695089954384,585.1140771474805,1354.8448116424197,245.6603979166675,182.3222140625012,66.41086212702976,0.09785714285714286,0.10500000000000001,0.0
PHASE 2,108,174400,168,959.2695089954384,585.1140771474805,1354.8448116424197,245.6603979166675,182.3222140625012,66.41086212702976,0.09571428571428572,0.08928571428571429,0.0
PHASE 2,109,176000,176,973.2909772118593,585.1140771474805,1354.8448116424197,247.2127901041675,187.8546263020845,67.27794510069717,0.0,0.0,0.0
PHASE 2,110,177600,176,973.2909772118594,585.1140771474805,1354.8448116424197,247.21279010416748,187.8546263020845,67.27794510069717,0.09642857142857142,0.10571428571428573,0.0
PHASE 2,111,179200,176,973.2909772118594,585.1140771474805,1354.8448116424197,247.21279010416748,187.8546263020845,67.27794510069717,0.09642857142857145,0.10071428571428571,0.0
PHASE 2,112,180800,176,973.2909772118594,585.1140771474805,1354.8448116424197,247.21279010416748,187.8546263020845,67.27794510069717,0.09285714285714286,0.09571428571428572,0.0
PHASE 2,113,182400,176,973.2909772118594,585.1140771474805,1354.8448116424197,247.21279010416748,187.8546263020845,67.27794510069717,0.10285714285714284,0.10571428571428572,0.0
PHASE 2,114,184000,184,999.0759143531974,652.4250931727681,1354.8448116424197,254.60566119791747,194.5177703125011,68.74406035534395,0.0,0.0,0.0
PHASE 2,115,185600,184,999.0759143531974,652.4250931727681,1354.8448116424197,254.60566119791747,194.5177703125011,68.74406035534395,0.10857142857142858,0.1,0.0
PHASE 2,116,187200,184,999.0759143531974,652.4250931727681,1354.8448116424197,254.60566119791747,194.5177703125011,68.74406035534395,0.10785714285714285,0.10285714285714287,0.0
PHASE 2,117,188800,184,999.0759143531974,652.4250931727681,1354.8448116424197,254.60566119791747,194.5177703125011,68.74406035534395,0.10928571428571429,0.09785714285714286,0.0
PHASE 2,118,190400,184,999.0759143531974,652.4250931727681,1354.8448116424197,254.60566119791747,194.5177703125011,68.74406035534395,0.09571428571428572,0.08785714285714287,0.0
PHASE 2,119,192000,192,1009.2320792981184,652.4250931727681,1354.8448116424197,255.03206223958412,200.3655950520844,69.22930275080309,0.0,0.0,0.0
PHASE 2,120,193600,192,1009.2320792981185,652.4250931727681,1354.8448116424197,255.0320622395841,200.36559505208442,69.22930275080309,0.125,0.09714285714285716,0.0
PHASE 2,121,195200,192,1009.2320792981185,652.4250931727681,1354.8448116424197,255.0320622395841,200.36559505208442,69.22930275080309,0.11499999999999999,0.11214285714285714,0.0
PHASE 2,122,196800,192,1009.2320792981185,652.4250931727681,1354.8448116424197,255.0320622395841,200.36559505208442,69.22930275080309,0.12500000000000003,0.11071428571428572,0.0
PHASE 2,123,198400,192,1009.2320792981185,652.4250931727681,1354.8448116424197,255.0320622395841,200.36559505208442,69.22930275080309,0.1192857142857143,0.12642857142857142,0.0
PHASE 2,124,200000,200,1026.625279948739,652.4250931727681,1354.8448116424197,260.1223757812507,206.47735182291774,70.00319404306839,0.0,0.0,0.0
PHASE 2,125,201600,200,1026.625279948739,652.4250931727681,1354.8448116424197,260.12237578125075,206.47735182291774,70.00319404306839,0.13285714285714287,0.10285714285714287,0.0
PHASE 2,126,203200,200,1026.625279948739,652.4250931727681,1354.8448116424197,260.12237578125075,206.47735182291774,70.00319404306839,0.11642857142857146,0.12714285714285717,0.0
PHASE 2,127,204800,200,1026.625279948739,652.4250931727681,1354.8448116424197,260.12237578125075,206.47735182291774,70.00319404306839,0.10928571428571429,0.14785714285714285,0.0
PHASE 2,128,206400,200,1026.625279948739,652.4250931727681,1354.8448116424197,260.12237578125075,206.47735182291774,70.00319404306839,0.14071428571428574,0.14071428571428574,0.0
PHASE 2,129,208000,208,1049.6888864892992,652.4250931727681,1428.913850895238,262.6634153645841,215.7141684895843,71.41391282938885,0.0,0.0,0.0
PHASE 2,130,209600,208,1049.6888864892992,652.4250931727681,1428.913850895238,262.6634153645841,215.7141684895843,71.41391282938885,0.1364285714285714,0.11071428571428572,0.0
PHASE 2,131,211200,208,1049.6888864892992,652.4250931727681,1428.913850895238,262.6634153645841,215.7141684895843,71.41391282938885,0.10428571428571429,0.13071428571428573,0.0
PHASE 2,132,212800,208,1049.6888864892992,652.4250931727681,1428.913850895238,262.6634153645841,215.7141684895843,71.41391282938885,0.12571428571428572,0.14357142857142857,0.0
PHASE 2,133,214400,208,1049.6888864892992,652.4250931727681,1428.913850895238,262.6634153645841,215.7141684895843,71.41391282938885,0.11857142857142858,0.13142857142857142,0.0
PHASE 2,134,216000,216,1061.1393227367805,710.9395691666268,1428.913850895238,264.3696500000008,220.64003515625097,72.01620469756368,0.0,0.0,0.0
PHASE 2,135,217600,216,1061.1393227367805,710.9395691666268,1428.913850895238,264.3696500000008,220.640035156251,72.01620469756368,0.12928571428571428,0.1142857142857143,0.0
PHASE 2,136,219200,216,1061.1393227367805,710.9395691666268,1428.913850895238,264.3696500000008,220.640035156251,72.01620469756368,0.12714285714285714,0.1442857142857143,0.0
PHASE 2,137,220800,216,1061.1393227367805,710.9395691666268,1428.913850895238,264.3696500000008,220.640035156251,72.01620469756368,0.13214285714285717,0.13857142857142857,0.0
PHASE 2,138,222400,216,1061.1393227367805,710.9395691666268,1428.913850895238,264.3696500000008,220.640035156251,72.01620469756368,0.1285714285714286,0.1392857142857143,0.0
PHASE 2,139,224000,224,1076.5149030988623,710.9395691666268,1428.913850895238,266.11132734375076,227.70018281250097,72.83792411782422,0.0,0.0,0.0
PHASE 2,140,225600,224,1076.5149030988623,710.9395691666268,1428.913850895238,266.11132734375076,227.70018281250097,72.83792411782422,0.15857142857142859,0.13428571428571429,0.0
PHASE 2,141,227200,224,1076.5149030988623,710.9395691666268,1428.913850895238,266.11132734375076,227.70018281250097,72.83792411782422,0.14,0.14642857142857144,0.0
PHASE 2,142,228800,224,1076.5149030988623,710.9395691666268,1428.913850895238,266.11132734375076,227.70018281250097,72.83792411782422,0.15285714285714286,0.15142857142857144,0.0
PHASE 2,143,230400,224,1076.5149030988623,710.9395691666268,1428.913850895238,266.11132734375076,227.70018281250097,72.83792411782422,0.1492857142857143,0.14142857142857143,0.0
PHASE 2,144,232000,232,1086.098334749104,601.1470913071292,1428.913850895238,267.8191716145841,232.3066276041676,73.24656694129216,0.0,0.0,0.0
PHASE 2,145,233600,232,1086.0983347491042,601.1470913071292,1428.913850895238,267.8191716145841,232.30662760416755,73.24656694129214,0.16714285714285718,0.14785714285714285,0.0
PHASE 2,146,235200,232,1086.0983347491042,601.1470913071292,1428.913850895238,267.8191716145841,232.30662760416755,73.24656694129214,0.1385714285714286,0.15785714285714286,0.0
PHASE 2,147,236800,232,1086.0983347491042,601.1470913071292,1428.913850895238,267.8191716145841,232.30662760416755,73.24656694129214,0.1492857142857143,0.1442857142857143,0.0
PHASE 2,148,238400,232,1086.0983347491042,601.1470913071292,1428.913850895238,267.8191716145841,232.30662760416755,73.24656694129214,0.1485714285714286,0.15785714285714286,0.0
PHASE 2,149,240000,240,1095.2724316800332,601.1470913071292,1528.934382334377,267.3520106770841,238.8042359375008,73.63952313317954,0.0,0.0,0.0
PHASE 2,150,241600,240,1095.2724316800332,601.1470913071292,1528.934382334377,267.3520106770841,238.8042359375009,73.63952313317954,0.16571428571428573,0.14285714285714288,0.0
PHASE 2,151,243200,240,1095.2724316800332,601.1470913071292,1528.934382334377,267.3520106770841,238.8042359375009,73.63952313317954,0.17214285714285715,0.14142857142857146,0.0
PHASE 2,152,244800,240,1095.2724316800332,601.1470913071292,1528.934382334377,267.3520106770841,238.8042359375009,73.63952313317954,0.15285714285714289,0.13714285714285718,0.0
PHASE 2,153,246400,240,1095.2724316800332,601.1470913071292,1528.934382334377,267.3520106770841,238.8042359375009,73.63952313317954,0.16571428571428573,0.1485714285714286,0.0
PHASE 2,154,248000,248,1110.8024164481417,601.1470913071292,1528.934382334377,270.7962437500007,245.14605286458416,74.35751497919355,0.0,0.0,0.0
PHASE 2,155,249600,248,1110.8024164481415,601.1470913071292,1528.934382334377,270.79624375000077,245.14605286458416,74.35751497919357,0.14785714285714288,0.15214285714285714,0.0
PHASE 2,156,251200,248,1110.8024164481415,601.1470913071292,1528.934382334377,270.79624375000077,245.14605286458416,74.35751497919357,0.1657142857142857,0.14785714285714285,0.0
PHASE 2,157,252800,248,1110.8024164481415,601.1470913071292,1528.934382334377,270.79624375000077,245.14605286458416,74.35751497919357,0.15142857142857147,0.14714285714285716,0.0
PHASE 2,158,254400,248,1110.8024164481415,601.1470913071292,1528.934382334377,270.79624375000077,245.14605286458416,74.35751497919357,0.1685714285714286,0.13428571428571429,0.0
PHASE 2,159,256000,256,1109.6075768225376,601.1470913071292,1528.934382334377,269.3667687500008,247.50286302083413,74.09224313146177,0.0,0.0,0.0
PHASE 2,160,257600,256,1109.6075768225376,601.1470913071292,1528.934382334377,269.36676875000074,247.50286302083413,74.09224313146177,0.15214285714285714,0.16214285714285717,0.0
PHASE 2,161,259200,256,1109.6075768225376,601.1470913071292,1528.934382334377,269.36676875000074,247.50286302083413,74.09224313146177,0.18571428571428572,0.16428571428571426,0.0
PHASE 2,162,260800,256,1109.6075768225376,601.1470913071292,1528.934382334377,269.36676875000074,247.50286302083413,74.09224313146177,0.16500000000000004,0.15142857142857144,0.0
PHASE 2,163,262400,256,1109.6075768225376,601.1470913071292,1528.934382334377,269.36676875000074,247.50286302083413,74.09224313146177,0.18285714285714288,0.17642857142857146,0.0
PHASE 2,164,264000,264,1126.4732129588708,601.1470913071292,1528.934382334377,272.9597307291674,254.1607557291674,74.91909081256648,0.0,0.0,0.0
PHASE 2,165,265600,264,1126.4732129588706,601.1470913071292,1528.934382334377,272.9597307291674,254.1607557291674,74.91909081256648,0.17,0.17857142857142858,0.0
PHASE 2,166,267200,264,1126.4732129588706,601.1470913071292,1528.934382334377,272.9597307291674,254.1607557291674,74.91909081256648,0.18142857142857144,0.17214285714285718,0.0
PHASE 2,167,268800,264,1126.4732129588706,601.1470913071292,1528.934382334377,272.9597307291674,254.1607557291674,74.91909081256648,0.1978571428571429,0.1642857142857143,0.0
PHASE 2,168,270400,264,1126.4732129588706,601.1470913071292,1528.934382334377,272.9597307291674,254.1607557291674,74.91909081256648,0.18285714285714286,0.1685714285714286,0.0
PHASE 2,169,272000,272,1143.2758708470753,601.1470913071292,1528.934382334377,276.0061424479174,261.76696796875075,75.68784505380107,0.0,0.0,0.0
PHASE 2,170,273600,272,1143.2758708470753,601.1470913071292,1528.934382334377,276.0061424479174,261.76696796875075,75.68784505380107,0.18857142857142858,0.17357142857142857,0.0
PHASE 2,171,275200,272,1143.2758708470753,601.1470913071292,1528.934382334377,276.0061424479174,261.76696796875075,75.68784505380107,0.14285714285714285,0.18214285714285716,0.0
PHASE 2,172,276800,272,1143.2758708470753,601.1470913071292,1528.934382334377,276.0061424479174,261.76696796875075,75.68784505380107,0.18142857142857147,0.17214285714285715,0.0
PHASE 2,173,278400,272,1143.2758708470753,601.1470913071292,1528.934382334377,276.0061424479174,261.76696796875075,75.68784505380107,0.16142857142857142,0.18571428571428572,0.0
PHASE 2,174,280000,280,1163.7394149932747,601.1470913071292,1667.136084904661,278.4870023437507,270.26300286458405,76.87367622311817,0.0,0.0,0.0
PHASE 2,175,281600,280,1163.7394149932747,601.1470913071292,1667.136084904661,278.4870023437507,270.26300286458405,76.87367622311817,0.17214285714285715,0.15500000000000003,0.0
PHASE 2,176,283200,280,1163.7394149932747,601.1470913071292,1667.136084904661,278.4870023437507,270.26300286458405,76.87367622311817,0.17428571428571432,0.16785714285714287,0.0
PHASE 2,177,284800,280,1163.7394149932747,601.1470913071292,1667.136084904661,278.4870023437507,270.26300286458405,76.87367622311817,0.16071428571428575,0.14357142857142857,0.0
PHASE 2,178,286400,280,1163.7394149932747,601.1470913071292,1667.136084904661,278.4870023437507,270.26300286458405,76.87367622311817,0.16714285714285715,0.17142857142857146,0.0
PHASE 2,179,288000,288,1176.766495333778,601.1470913071292,1667.136084904661,281.13367994791736,276.764919270834,77.35848701437925,0.0,0.0,0.0
PHASE 2,180,289600,288,1176.766495333778,601.1470913071292,1667.136084904661,281.13367994791736,276.764919270834,77.35848701437925,0.19571428571428573,0.21142857142857144,0.0
PHASE 2,181,291200,288,1176.766495333778,601.1470913071292,1667.136084904661,281.13367994791736,276.764919270834,77.35848701437925,0.17714285714285719,0.18928571428571428,0.0
PHASE 2,182,292800,288,1176.766495333778,601.1470913071292,1667.136084904661,281.13367994791736,276.764919270834,77.35848701437925,0.17214285714285715,0.1792857142857143,0.0
PHASE 2,183,294400,288,1176.766495333778,601.1470913071292,1667.136084904661,281.13367994791736,276.764919270834,77.35848701437925,0.18071428571428574,0.18,0.0
PHASE 2,184,296000,296,1195.8113597064703,601.1470913071292,1667.136084904661,287.78187786458403,280.00100156250073,78.50356003492459,0.0,0.0,0.0
PHASE 2,185,297600,296,1195.8113597064703,601.1470913071292,1667.136084904661,287.78187786458403,280.00100156250073,78.50356003492459,0.16714285714285715,0.16214285714285717,0.0
PHASE 2,186,299200,296,1195.8113597064703,601.1470913071292,1667.136084904661,287.78187786458403,280.00100156250073,78.50356003492459,0.16928571428571432,0.19,0.0
PHASE 2,187,300800,296,1195.8113597064703,601.1470913071292,1667.136084904661,287.78187786458403,280.00100156250073,78.50356003492459,0.17500000000000002,0.18357142857142858,0.0
PHASE 2,188,302400,296,1195.8113597064703,601.1470913071292,1667.136084904661,287.78187786458403,280.00100156250073,78.50356003492459,0.18928571428571433,0.19142857142857145,0.0
PHASE 2,189,304000,304,1197.6915570604572,601.1470913071292,1667.136084904661,286.313749739584,284.86891901041736,78.31361103880847,0.0,0.0,0.0
PHASE 2,190,305600,304,1197.6915570604572,601.1470913071292,1667.136084904661,286.31374973958407,284.86891901041736,78.31361103880849,0.1592857142857143,0.20214285714285718,0.0
PHASE 2,191,307200,304,1197.6915570604572,601.1470913071292,1667.136084904661,286.31374973958407,284.86891901041736,78.31361103880849,0.19214285714285714,0.19214285714285714,0.0
PHASE 2,192,308800,304,1197.6915570604572,601.1470913071292,1667.136084904661,286.31374973958407,284.86891901041736,78.31361103880849,0.20428571428571426,0.20142857142857143,0.0
PHASE 2,193,310400,304,1197.6915570604572,601.1470913071292,1667.136084904661,286.31374973958407,284.86891901041736,78.31361103880849,0.15071428571428572,0.1892857142857143,0.0
PHASE 2,194,312000,312,1206.6183121077088,601.1470913071292,1667.136084904661,290.6261518229174,287.13410729166736,78.60725662414248,0.0,0.0,0.0
PHASE 2,195,313600,312,1206.618312107709,601.1470913071292,1667.136084904661,290.62615182291734,287.13410729166736,78.60725662414248,0.20714285714285716,0.22071428571428572,0.0
PHASE 2,196,315200,312,1206.618312107709,601.1470913071292,1667.136084904661,290.62615182291734,287.13410729166736,78.60725662414248,0.20500000000000002,0.21714285714285717,0.0
PHASE 2,197,316800,312,1206.618312107709,601.1470913071292,1667.136084904661,290.62615182291734,287.13410729166736,78.60725662414248,0.17785714285714288,0.2007142857142857,0.0
PHASE 2,198,318400,312,1206.618312107709,601.1470913071292,1667.136084904661,290.62615182291734,287.13410729166736,78.60725662414248,0.17571428571428574,0.1792857142857143,0.0
PHASE 2,199,320000,320,1209.8521892744438,601.1470913071292,1667.136084904661,291.50835390625065,289.0214578125007,78.6652971944635,0.0,0.0,0.0
PHASE 2,200,321600,320,1209.8521892744438,601.1470913071292,1667.136084904661,291.50835390625065,289.0214578125007,78.6652971944635,0.18857142857142858,0.21071428571428572,0.0
PHASE 2,201,323200,320,1209.8521892744438,601.1470913071292,1667.136084904661,291.50835390625065,289.0214578125007,78.6652971944635,0.22214285714285714,0.21857142857142858,0.0
PHASE 2,202,324800,320,1209.8521892744438,601.1470913071292,1667.136084904661,291.50835390625065,289.0214578125007,78.6652971944635,0.195,0.21357142857142858,0.0
PHASE 2,203,326400,320,1209.8521892744438,601.1470913071292,1667.136084904661,291.50835390625065,289.0214578125007,78.6652971944635,0.21142857142857147,0.22285714285714286,0.0
PHASE 2,204,328000,328,1226.384849818656,652.0838520822131,1711.9427504867076,293.3633799479173,295.28859453125074,79.7166094174383,0.0,0.0,0.0
PHASE 2,205,329600,328,1226.384849818656,652.0838520822131,1711.9427504867076,293.36337994791734,295.2885945312507,79.71660941743829,0.1892857142857143,0.21571428571428575,0.0
PHASE 2,206,331200,328,1226.384849818656,652.0838520822131,1711.9427504867076,293.36337994791734,295.2885945312507,79.71660941743829,0.20928571428571435,0.20214285714285712,0.0
PHASE 2,207,332800,328,1226.384849818656,652.0838520822131,1711.9427504867076,293.36337994791734,295.2885945312507,79.71660941743829,0.16142857142857142,0.19214285714285717,0.0
PHASE 2,208,334400,328,1226.384849818656,652.0838520822131,1711.9427504867076,293.36337994791734,295.2885945312507,79.71660941743829,0.17357142857142857,0.2235714285714286,0.0
PHASE 2,209,336000,336,1225.838518931166,652.0838520822131,1711.9427504867076,292.1751424479173,295.35027526041733,79.78913765285606,0.0,0.0,0.0
PHASE 2,210,337600,336,1225.838518931166,652.0838520822131,1711.9427504867076,292.1751424479173,295.35027526041733,79.78913765285608,0.1692857142857143,0.19928571428571432,0.0
PHASE 2,211,339200,336,1225.838518931166,652.0838520822131,1711.9427504867076,292.1751424479173,295.35027526041733,79.78913765285608,0.1935714285714286,0.21428571428571427,0.0
PHASE 2,212,340800,336,1225.838518931166,652.0838520822131,1711.9427504867076,292.1751424479173,295.35027526041733,79.78913765285608,0.2235714285714286,0.18357142857142855,0.0
PHASE 2,213,342400,336,1225.838518931166,652.0838520822131,1711.9427504867076,292.1751424479173,295.35027526041733,79.78913765285608,0.2092857142857143,0.19285714285714287,0.0
PHASE 2,214,344000,344,1236.4862690501689,652.0838520822131,1711.9427504867076,295.17497682291736,299.0430432291673,80.28353112476275,0.0,0.0,0.0
PHASE 2,215,345600,344,1236.4862690501689,652.0838520822131,1711.9427504867076,295.17497682291724,299.04304322916727,80.28353112476275,0.20214285714285718,0.20642857142857146,0.0
PHASE 2,216,347200,344,1236.4862690501689,652.0838520822131,1711.9427504867076,295.17497682291724,299.04304322916727,80.28353112476275,0.20428571428571426,0.22714285714285717,0.0
PHASE 2,217,348800,344,1236.4862690501689,652.0838520822131,1711.9427504867076,295.17497682291724,299.04304322916727,80.28353112476275,0.20857142857142857,0.2178571428571429,0.0
PHASE 2,218,350400,344,1236.4862690501689,652.0838520822131,1711.9427504867076,295.17497682291724,299.04304322916727,80.28353112476275,0.17500000000000004,0.19571428571428573,0.0
PHASE 2,219,352000,352,1243.3644193940468,652.0838520822131,1711.9427504867076,297.0342226562506,302.3251239583339,80.50063409743488,0.0,0.0,0.0
PHASE 2,220,353600,352,1243.364419394047,652.0838520822131,1711.9427504867076,297.0342226562507,302.325123958334,80.50063409743488,0.23642857142857143,0.25142857142857145,0.0
PHASE 2,221,355200,352,1243.364419394047,652.0838520822131,1711.9427504867076,297.0342226562507,302.325123958334,80.50063409743488,0.1642857142857143,0.22642857142857142,0.0
PHASE 2,222,356800,352,1243.364419394047,652.0838520822131,1711.9427504867076,297.0342226562507,302.325123958334,80.50063409743488,0.23000000000000004,0.24857142857142858,0.0
PHASE 2,223,358400,352,1243.364419394047,652.0838520822131,1711.9427504867076,297.0342226562507,302.325123958334,80.50063409743488,0.21357142857142858,0.23642857142857143,0.0
PHASE 2,224,360000,360,1257.2483829352295,652.0838520822131,1711.9427504867076,300.3921674479173,306.8572893229173,81.24986577055186,0.0,0.0,0.0
PHASE 2,225,361600,360,1257.2483829352295,652.0838520822131,1711.9427504867076,300.39216744791736,306.85728932291727,81.24986577055186,0.20428571428571432,0.21428571428571427,0.0
PHASE 2,226,363200,360,1257.2483829352295,652.0838520822131,1711.9427504867076,300.39216744791736,306.85728932291727,81.24986577055186,0.2257142857142857,0.22214285714285714,0.0
PHASE 2,227,364800,360,1257.2483829352295,652.0838520822131,1711.9427504867076,300.39216744791736,306.85728932291727,81.24986577055186,0.19357142857142856,0.2378571428571429,0.0
PHASE 2,228,366400,360,1257.2483829352295,652.0838520822131,1711.9427504867076,300.39216744791736,306.85728932291727,81.24986577055186,0.25428571428571434,0.23857142857142857,0.0
PHASE 2,229,368000,368,1248.0733955622009,652.0838520822131,1711.9427504867076,296.02554921875065,306.79130859375056,80.65706721871462,0.0,0.0,0.0
PHASE 2,230,369600,368,1248.0733955622009,652.0838520822131,1711.9427504867076,296.02554921875065,306.7913085937506,80.65706721871464,0.19857142857142857,0.22214285714285714,0.0
PHASE 2,231,371200,368,1248.0733955622009,652.0838520822131,1711.9427504867076,296.02554921875065,306.7913085937506,80.65706721871464,0.20642857142857146,0.2578571428571429,0.0
PHASE 2,232,372800,368,1248.0733955622009,652.0838520822131,1711.9427504867076,296.02554921875065,306.7913085937506,80.65706721871464,0.22214285714285711,0.21857142857142858,0.0
PHASE 2,233,374400,368,1248.0733955622009,652.0838520822131,1711.9427504867076,296.02554921875065,306.7913085937506,80.65706721871464,0.24571428571428572,0.22000000000000003,0.0
PHASE 2,234,376000,376,1231.298923261401,652.0838520822131,1711.9427504867076,289.0581531250006,306.0842783854173,79.51956146887468,0.0,0.0,0.0
PHASE 2,235,377600,376,1231.298923261401,652.0838520822131,1711.9427504867076,289.0581531250006,306.0842783854172,79.51956146887468,0.20714285714285716,0.23500000000000001,0.0
PHASE 2,236,379200,376,1231.298923261401,652.0838520822131,1711.9427504867076,289.0581531250006,306.0842783854172,79.51956146887468,0.19500000000000003,0.225,0.0
PHASE 2,237,380800,376,1231.298923261401,652.0838520822131,1711.9427504867076,289.0581531250006,306.0842783854172,79.51956146887468,0.21357142857142858,0.28357142857142853,0.0
PHASE 2,238,382400,376,1231.298923261401,652.0838520822131,1711.9427504867076,289.0581531250006,306.0842783854172,79.51956146887468,0.2007142857142857,0.2557142857142857,0.0
PHASE 2,239,384000,384,1229.5765439554448,652.0838520822131,1711.9427504867076,290.82099583333394,303.9740127604172,79.34769192021348,0.0,0.0,0.0
PHASE 2,240,385600,384,1229.5765439554448,652.0838520822131,1711.9427504867076,290.820995833334,303.9740127604172,79.34769192021349,0.2092857142857143,0.27142857142857146,0.0
PHASE 2,241,387200,384,1229.5765439554448,652.0838520822131,1711.9427504867076,290.820995833334,303.9740127604172,79.34769192021349,0.26,0.275,0.0
PHASE 2,242,388800,384,1229.5765439554448,652.0838520822131,1711.9427504867076,290.820995833334,303.9740127604172,79.34769192021349,0.24928571428571428,0.2028571428571429,0.0
PHASE 2,243,390400,384,1229.5765439554448,652.0838520822131,1711.9427504867076,290.820995833334,303.9740127604172,79.34769192021349,0.24,0.25214285714285717,0.0
PHASE 2,244,392000,392,1221.9727486624051,652.0838520822131,1711.9427504867076,287.80070052083397,303.12984140625053,78.88027584191661,0.0,0.0,0.0
PHASE 2,245,393600,392,1221.9727486624054,652.0838520822131,1711.9427504867076,287.80070052083397,303.12984140625053,78.88027584191661,0.2671428571428571,0.23785714285714285,0.0
PHASE 2,246,395200,392,1221.9727486624054,652.0838520822131,1711.9427504867076,287.80070052083397,303.12984140625053,78.88027584191661,0.26642857142857146,0.2742857142857143,0.0
PHASE 2,247,396800,392,1221.9727486624054,652.0838520822131,1711.9427504867076,287.80070052083397,303.12984140625053,78.88027584191661,0.22500000000000003,0.26071428571428573,0.0
PHASE 2,248,398400,392,1221.9727486624054,652.0838520822131,1711.9427504867076,287.80070052083397,303.12984140625053,78.88027584191661,0.22500000000000003,0.22357142857142862,0.0
PHASE 2,249,400000,400,1221.4556796783538,652.0838520822131,1711.9427504867076,287.39976562500067,303.89968697916714,78.76952838427486,0.0,0.0,0.0
PHASE 2,250,401600,400,1221.4556796783538,652.0838520822131,1711.9427504867076,287.3997656250006,303.89968697916714,78.76952838427488,0.23571428571428577,0.2885714285714286,0.0
PHASE 2,251,403200,400,1221.4556796783538,652.0838520822131,1711.9427504867076,287.3997656250006,303.89968697916714,78.76952838427488,0.24642857142857144,0.26,0.0
PHASE 2,252,404800,400,1221.4556796783538,652.0838520822131,1711.9427504867076,287.3997656250006,303.89968697916714,78.76952838427488,0.22357142857142862,0.25857142857142856,0.0
PHASE 2,253,406400,400,1221.4556796783538,652.0838520822131,1711.9427504867076,287.3997656250006,303.89968697916714,78.76952838427488,0.2771428571428572,0.29500000000000004,0.0
PHASE 2,254,408000,408,1219.9223875570708,652.0838520822131,1711.9427504867076,287.4108244791673,303.8618161458338,78.58121836651019,0.0,0.0,0.0
PHASE 2,255,409600,408,1219.9223875570706,652.0838520822131,1711.9427504867076,287.4108244791672,303.8618161458338,78.58121836651019,0.23500000000000001,0.23000000000000004,0.0
PHASE 2,256,411200,408,1219.9223875570706,652.0838520822131,1711.9427504867076,287.4108244791672,303.8618161458338,78.58121836651019,0.2642857142857143,0.2764285714285714,0.0
PHASE 2,257,412800,408,1219.9223875570706,652.0838520822131,1711.9427504867076,287.4108244791672,303.8618161458338,78.58121836651019,0.2535714285714286,0.26714285714285724,0.0
PHASE 2,258,414400,408,1219.9223875570706,652.0838520822131,1711.9427504867076,287.4108244791672,303.8618161458338,78.58121836651019,0.18714285714285717,0.265,0.0
PHASE 2,259,416000,416,1217.4889828784007,652.0838520822131,1711.9427504867076,286.16422604166723,303.41916927083383,78.488198445739,0.0,0.0,0.0
PHASE 2,260,417600,416,1217.4889828784005,652.0838520822131,1711.9427504867076,286.1642260416673,303.41916927083383,78.488198445739,0.2728571428571428,0.32142857142857145,0.0
PHASE 2,261,419200,416,1217.4889828784005,652.0838520822131,1711.9427504867076,286.1642260416673,303.41916927083383,78.488198445739,0.24142857142857146,0.31428571428571433,0.0
PHASE 2,262,420800,416,1217.4889828784005,652.0838520822131,1711.9427504867076,286.1642260416673,303.41916927083383,78.488198445739,0.25857142857142856,0.26,0.0
PHASE 2,263,422400,416,1217.4889828784005,652.0838520822131,1711.9427504867076,286.1642260416673,303.41916927083383,78.488198445739,0.2521428571428571,0.3164285714285714,0.0
PHASE 2,264,424000,424,1219.0195193979064,792.0108356025494,1600.164203714736,288.13203619791733,302.43353177083384,78.55674392864596,0.0,0.0,0.0
PHASE 2,265,425600,424,1219.0195193979064,792.0108356025494,1600.164203714736,288.1320361979173,302.43353177083384,78.55674392864596,0.2792857142857143,0.29285714285714287,0.0
PHASE 2,266,427200,424,1219.0195193979064,792.0108356025494,1600.164203714736,288.1320361979173,302.43353177083384,78.55674392864596,0.27,0.2914285714285714,0.0
PHASE 2,267,428800,424,1219.0195193979064,792.0108356025494,1600.164203714736,288.1320361979173,302.43353177083384,78.55674392864596,0.24571428571428572,0.26,0.0
PHASE 2,268,430400,424,1219.0195193979064,792.0108356025494,1600.164203714736,288.1320361979173,302.43353177083384,78.55674392864596,0.26357142857142857,0.30428571428571427,0.0
PHASE 2,269,432000,432,1219.621204766882,792.0108356025494,1600.164203714736,286.46649140625067,303.6786447916672,78.68450857112214,0.0,0.0,0.0
PHASE 2,270,433600,432,1219.621204766882,792.0108356025494,1600.164203714736,286.46649140625067,303.6786447916672,78.68450857112214,0.2507142857142858,0.2607142857142858,0.0
PHASE 2,271,435200,432,1219.621204766882,792.0108356025494,1600.164203714736,286.46649140625067,303.6786447916672,78.68450857112214,0.2535714285714286,0.3371428571428571,0.0
PHASE 2,272,436800,432,1219.621204766882,792.0108356025494,1600.164203714736,286.46649140625067,303.6786447916672,78.68450857112214,0.2621428571428571,0.3407142857142857,0.0
PHASE 2,273,438400,432,1219.621204766882,792.0108356025494,1600.164203714736,286.46649140625067,303.6786447916672,78.68450857112214,0.24928571428571433,0.2814285714285715,0.0
PHASE 2,274,440000,440,1219.5192776852975,815.4871820417503,1600.164203714736,286.9399125000007,303.0832828125005,78.68701029660139,0.0,0.0,0.0
PHASE 2,275,441600,440,1219.5192776852978,815.4871820417503,1600.164203714736,286.93991250000056,303.08328281250056,78.68701029660139,0.26071428571428573,0.27214285714285713,0.0
PHASE 2,276,443200,440,1219.5192776852978,815.4871820417503,1600.164203714736,286.93991250000056,303.08328281250056,78.68701029660139,0.24571428571428572,0.2864285714285714,0.0
PHASE 2,277,444800,440,1219.5192776852978,815.4871820417503,1600.164203714736,286.93991250000056,303.08328281250056,78.68701029660139,0.28214285714285714,0.24928571428571428,0.0
PHASE 2,278,446400,440,1219.5192776852978,815.4871820417503,1600.164203714736,286.93991250000056,303.08328281250056,78.68701029660139,0.2792857142857143,0.34714285714285725,0.0
PHASE 2,279,448000,448,1217.3595683531503,815.4871820417503,1600.164203714736,287.99473333333395,300.5686955729172,78.5995174308643,0.0,0.0,0.0
PHASE 2,280,449600,448,1217.3595683531503,815.4871820417503,1600.164203714736,287.99473333333395,300.5686955729172,78.5995174308643,0.2892857142857143,0.3164285714285714,0.0
PHASE 2,281,451200,448,1217.3595683531503,815.4871820417503,1600.164203714736,287.99473333333395,300.5686955729172,78.5995174308643,0.2792857142857143,0.3364285714285714,0.0
PHASE 2,282,452800,448,1217.3595683531503,815.4871820417503,1600.164203714736,287.99473333333395,300.5686955729172,78.5995174308643,0.27428571428571435,0.27571428571428575,0.0
PHASE 2,283,454400,448,1217.3595683531503,815.4871820417503,1600.164203714736,287.99473333333395,300.5686955729172,78.5995174308643,0.2485714285714286,0.29500000000000004,0.0
PHASE 2,284,456000,456,1196.5775464510252,728.7704261057421,1566.7064319653673,281.3568031250006,296.51870156250055,77.33775522044212,0.0,0.0,0.0
PHASE 2,285,457600,456,1196.5775464510252,728.7704261057421,1566.7064319653673,281.35680312500057,296.5187015625005,77.3377552204421,0.28785714285714287,0.29000000000000004,0.0
PHASE 2,286,459200,456,1196.5775464510252,728.7704261057421,1566.7064319653673,281.35680312500057,296.5187015625005,77.3377552204421,0.2828571428571429,0.3307142857142858,0.0
PHASE 2,287,460800,456,1196.5775464510252,728.7704261057421,1566.7064319653673,281.35680312500057,296.5187015625005,77.3377552204421,0.31785714285714284,0.3085714285714286,0.0
PHASE 2,288,462400,456,1196.5775464510252,728.7704261057421,1566.7064319653673,281.35680312500057,296.5187015625005,77.3377552204421,0.2978571428571428,0.36500000000000005,0.0
PHASE 2,289,464000,464,1186.2327388974265,726.7598601050644,1566.7064319653673,278.7133625000006,293.7699307291672,76.7186807085336,0.0,0.0,0.0
PHASE 2,290,465600,464,1186.2327388974265,726.7598601050644,1566.7064319653673,278.71336250000064,293.7699307291672,76.7186807085336,0.3007142857142858,0.3292857142857143,0.0
PHASE 2,291,467200,464,1186.2327388974265,726.7598601050644,1566.7064319653673,278.71336250000064,293.7699307291672,76.7186807085336,0.2821428571428572,0.3221428571428572,0.0
PHASE 2,292,468800,464,1186.2327388974265,726.7598601050644,1566.7064319653673,278.71336250000064,293.7699307291672,76.7186807085336,0.28857142857142853,0.32785714285714285,0.0
PHASE 2,293,470400,464,1186.2327388974265,726.7598601050644,1566.7064319653673,278.71336250000064,293.7699307291672,76.7186807085336,0.2978571428571429,0.28071428571428575,0.0
PHASE 2,294,472000,472,1199.675927784041,726.7598601050644,1566.7064319653673,284.76433281250064,295.4446848958339,77.43336375946497,0.0,0.0,0.0
PHASE 2,295,473600,472,1199.675927784041,726.7598601050644,1566.7064319653673,284.76433281250064,295.44468489583386,77.43336375946497,0.31,0.29928571428571427,0.0
PHASE 2,296,475200,472,1199.675927784041,726.7598601050644,1566.7064319653673,284.76433281250064,295.44468489583386,77.43336375946497,0.3307142857142858,0.2928571428571428,0.0
PHASE 2,297,476800,472,1199.675927784041,726.7598601050644,1566.7064319653673,284.76433281250064,295.44468489583386,77.43336375946497,0.275,0.2921428571428572,0.0
PHASE 2,298,478400,472,1199.675927784041,726.7598601050644,1566.7064319653673,284.76433281250064,295.44468489583386,77.43336375946497,0.24928571428571433,0.3142857142857143,0.0
PHASE 2,299,480000,480,1187.811948518899,726.7598601050644,1566.7064319653673,284.10335052083394,291.00917473958384,76.58742790731145,0.0,0.0,0.0
PHASE 2,300,481600,480,1187.811948518899,726.7598601050644,1566.7064319653673,284.10335052083394,291.00917473958395,76.58742790731145,0.32,0.29285714285714287,0.0
PHASE 2,301,483200,480,1187.811948518899,726.7598601050644,1566.7064319653673,284.10335052083394,291.00917473958395,76.58742790731145,0.3078571428571429,0.33357142857142863,0.0
PHASE 2,302,484800,480,1187.811948518899,726.7598601050644,1566.7064319653673,284.10335052083394,291.00917473958395,76.58742790731145,0.34071428571428575,0.31642857142857145,0.0
PHASE 2,303,486400,480,1187.811948518899,726.7598601050644,1566.7064319653673,284.10335052083394,291.00917473958395,76.58742790731145,0.32500000000000007,0.2978571428571429,0.0
PHASE 2,304,488000,488,1183.0961516123273,726.7598601050644,1516.0029147764917,279.70718489583396,293.1492742187506,76.27996156221903,0.0,0.0,0.0
PHASE 2,305,489600,488,1183.096151612327,726.7598601050644,1516.0029147764917,279.70718489583396,293.1492742187505,76.27996156221904,0.2814285714285715,0.32571428571428573,0.0
PHASE 2,306,491200,488,1183.096151612327,726.7598601050644,1516.0029147764917,279.70718489583396,293.1492742187505,76.27996156221904,0.31357142857142867,0.3114285714285715,0.0
PHASE 2,307,492800,488,1183.096151612327,726.7598601050644,1516.0029147764917,279.70718489583396,293.1492742187505,76.27996156221904,0.3514285714285715,0.29642857142857143,0.0
PHASE 2,308,494400,488,1183.096151612327,726.7598601050644,1516.0029147764917,279.70718489583396,293.1492742187505,76.27996156221904,0.37714285714285717,0.365,0.0
PHASE 2,309,496000,496,1192.6632478771394,726.7598601050644,1516.0029147764917,280.84584817708395,296.71198489583384,76.88817685052892,0.0,0.0,0.0
PHASE 2,310,497600,496,1192.6632478771392,726.7598601050644,1516.0029147764917,280.845848177084,296.71198489583384,76.88817685052892,0.2885714285714286,0.3542857142857143,0.0
PHASE 2,311,499200,496,1192.6632478771392,726.7598601050644,1516.0029147764917,280.845848177084,296.71198489583384,76.88817685052892,0.29214285714285715,0.34500000000000003,0.0
PHASE 2,312,500800,496,1192.6632478771392,726.7598601050644,1516.0029147764917,280.845848177084,296.71198489583384,76.88817685052892,0.32,0.2807142857142857,0.0
PHASE 2,313,502400,496,1192.6632478771392,726.7598601050644,1516.0029147764917,280.845848177084,296.71198489583384,76.88817685052892,0.315,0.3321428571428572,0.0
PHASE 2,314,504000,504,1177.4440911256786,726.7598601050644,1516.0029147764917,277.16983307291736,290.41913333333395,76.2318905899293,0.0,0.0,0.0
PHASE 2,315,505600,504,1177.4440911256786,726.7598601050644,1516.0029147764917,277.16983307291736,290.41913333333395,76.2318905899293,0.3242857142857143,0.34571428571428575,0.0
PHASE 2,316,507200,504,1177.4440911256786,726.7598601050644,1516.0029147764917,277.16983307291736,290.41913333333395,76.2318905899293,0.3335714285714285,0.27928571428571425,0.0
PHASE 2,317,508800,504,1177.4440911256786,726.7598601050644,1516.0029147764917,277.16983307291736,290.41913333333395,76.2318905899293,0.3228571428571429,0.2885714285714286,0.0
PHASE 2,318,510400,504,1177.4440911256786,726.7598601050644,1516.0029147764917,277.16983307291736,290.41913333333395,76.2318905899293,0.2857142857142857,0.3335714285714285,0.0
PHASE 2,319,512000,512,1172.9919650899956,726.7598601050644,1516.0029147764917,277.04001744791736,287.0328283854173,76.11488990708327,0.0,0.0,0.0
PHASE 2,320,513600,512,1172.9919650899953,726.7598601050644,1516.0029147764917,277.04001744791736,287.0328283854173,76.11488990708327,0.34500000000000003,0.3592857142857143,0.0
PHASE 2,321,515200,512,1172.9919650899953,726.7598601050644,1516.0029147764917,277.04001744791736,287.0328283854173,76.11488990708327,0.3207142857142858,0.3257142857142857,0.0
PHASE 2,322,516800,512,1172.9919650899953,726.7598601050644,1516.0029147764917,277.04001744791736,287.0328283854173,76.11488990708327,0.3185714285714286,0.3614285714285715,0.0
PHASE 2,323,518400,512,1172.9919650899953,726.7598601050644,1516.0029147764917,277.04001744791736,287.0328283854173,76.11488990708327,0.31499999999999995,0.3350000000000001,0.0
PHASE 2,324,520000,520,1167.5540769331903,726.7598601050644,1476.4169152150603,276.03254218750067,286.63255416666726,75.61112257237846,0.0,0.0,0.0
PHASE 2,325,521600,520,1167.5540769331903,726.7598601050644,1476.4169152150603,276.03254218750067,286.63255416666726,75.61112257237846,0.3442857142857143,0.3357142857142857,0.0
PHASE 2,326,523200,520,1167.5540769331903,726.7598601050644,1476.4169152150603,276.03254218750067,286.63255416666726,75.61112257237846,0.3392857142857143,0.3521428571428572,0.0
PHASE 2,327,524800,520,1167.5540769331903,726.7598601050644,1476.4169152150603,276.03254218750067,286.63255416666726,75.61112257237846,0.31357142857142867,0.34,0.0
PHASE 2,328,526400,520,1167.5540769331903,726.7598601050644,1476.4169152150603,276.03254218750067,286.63255416666726,75.61112257237846,0.31785714285714295,0.3671428571428571,0.0
PHASE 2,329,528000,528,1172.3026265121725,726.7598601050644,1476.4169152150603,277.41697760416736,289.01499062500056,75.73383228537647,0.0,0.0,0.0
PHASE 2,330,529600,528,1172.3026265121725,726.7598601050644,1476.4169152150603,277.41697760416736,289.0149906250007,75.73383228537647,0.3185714285714286,0.325,0.0
PHASE 2,331,531200,528,1172.3026265121725,726.7598601050644,1476.4169152150603,277.41697760416736,289.0149906250007,75.73383228537647,0.32642857142857146,0.36642857142857144,0.0
PHASE 2,332,532800,528,1172.3026265121725,726.7598601050644,1476.4169152150603,277.41697760416736,289.0149906250007,75.73383228537647,0.34714285714285714,0.3514285714285714,0.0
PHASE 2,333,534400,528,1172.3026265121725,726.7598601050644,1476.4169152150603,277.41697760416736,289.0149906250007,75.73383228537647,0.4014285714285714,0.3628571428571429,0.0
PHASE 2,334,536000,536,1184.313694964764,726.7598601050644,1480.9190446195928,281.135774739584,293.92573750000065,76.15652284064846,0.0,0.0,0.0
PHASE 2,335,537600,536,1184.313694964764,726.7598601050644,1480.9190446195928,281.13577473958395,293.92573750000054,76.15652284064846,0.34571428571428575,0.3785714285714286,0.0
PHASE 2,336,539200,536,1184.313694964764,726.7598601050644,1480.9190446195928,281.13577473958395,293.92573750000054,76.15652284064846,0.33642857142857147,0.33214285714285713,0.0
PHASE 2,337,540800,536,1184.313694964764,726.7598601050644,1480.9190446195928,281.13577473958395,293.92573750000054,76.15652284064846,0.31214285714285717,0.38,0.0
PHASE 2,338,542400,536,1184.313694964764,726.7598601050644,1480.9190446195928,281.13577473958395,293.92573750000054,76.15652284064846,0.33428571428571424,0.3421428571428572,0.0
PHASE 2,339,544000,544,1181.0464937430436,701.9863615427284,1480.9190446195928,283.1862992187506,293.4338114583339,75.55329788324592,0.0,0.0,0.0
PHASE 2,340,545600,544,1181.0464937430434,701.9863615427284,1480.9190446195928,283.18629921875066,293.43381145833393,75.55329788324592,0.3835714285714286,0.3807142857142857,0.0
PHASE 2,341,547200,544,1181.0464937430434,701.9863615427284,1480.9190446195928,283.18629921875066,293.43381145833393,75.55329788324592,0.3435714285714286,0.4121428571428571,0.0
PHASE 2,342,548800,544,1181.0464937430434,701.9863615427284,1480.9190446195928,283.18629921875066,293.43381145833393,75.55329788324592,0.33142857142857146,0.3707142857142857,0.0
PHASE 2,343,550400,544,1181.0464937430434,701.9863615427284,1480.9190446195928,283.18629921875066,293.43381145833393,75.55329788324592,0.29500000000000004,0.3742857142857143,0.0
PHASE 2,344,552000,552,1190.7322967384084,701.9863615427284,1480.9190446195928,287.67572369791725,295.2207325520839,75.97948006105219,0.0,0.0,0.0
PHASE 2,345,553600,552,1190.7322967384089,701.9863615427284,1480.9190446195928,287.6757236979173,295.2207325520839,75.97948006105219,0.3485714285714286,0.33571428571428574,0.0
PHASE 2,346,555200,552,1190.7322967384089,701.9863615427284,1480.9190446195928,287.6757236979173,295.2207325520839,75.97948006105219,0.36785714285714294,0.36214285714285716,0.0
PHASE 2,347,556800,552,1190.7322967384089,701.9863615427284,1480.9190446195928,287.6757236979173,295.2207325520839,75.97948006105219,0.40214285714285714,0.3407142857142857,0.0
PHASE 2,348,558400,552,1190.7322967384089,701.9863615427284,1480.9190446195928,287.6757236979173,295.2207325520839,75.97948006105219,0.4185714285714286,0.37142857142857144,0.0
PHASE 2,349,560000,560,1203.1120957367136,701.9863615427284,1521.8209997278698,289.2509111979173,301.47076484375054,76.54880246188206,0.0,0.0,0.0
PHASE 2,350,561600,560,1203.1120957367136,701.9863615427284,1521.8209997278698,289.2509111979173,301.4707648437506,76.54880246188208,0.34428571428571436,0.3835714285714286,0.0
PHASE 2,351,563200,560,1203.1120957367136,701.9863615427284,1521.8209997278698,289.2509111979173,301.4707648437506,76.54880246188208,0.34142857142857147,0.40857142857142864,0.0
PHASE 2,352,564800,560,1203.1120957367136,701.9863615427284,1521.8209997278698,289.2509111979173,301.4707648437506,76.54880246188208,0.3792857142857143,0.4357142857142858,0.0
PHASE 2,353,566400,560,1203.1120957367136,701.9863615427284,1521.8209997278698,289.2509111979173,301.4707648437506,76.54880246188208,0.36714285714285716,0.38357142857142856,0.0
PHASE 2,354,568000,568,1212.059412582864,701.9863615427284,1521.8209997278698,289.7305945312507,305.6139721354172,77.089355739526,0.0,0.0,0.0
PHASE 2,355,569600,568,1212.059412582864,701.9863615427284,1521.8209997278698,289.73059453125063,305.61397213541727,77.089355739526,0.35285714285714287,0.40428571428571425,0.0
PHASE 2,356,571200,568,1212.059412582864,701.9863615427284,1521.8209997278698,289.73059453125063,305.61397213541727,77.089355739526,0.385,0.39071428571428574,0.0
PHASE 2,357,572800,568,1212.059412582864,701.9863615427284,1521.8209997278698,289.73059453125063,305.61397213541727,77.089355739526,0.35285714285714287,0.35357142857142854,0.0
PHASE 2,358,574400,568,1212.059412582864,701.9863615427284,1521.8209997278698,289.73059453125063,305.61397213541727,77.089355739526,0.3685714285714286,0.3678571428571429,0.0
PHASE 2,359,576000,576,1229.1508558089622,701.9863615427284,1521.8209997278698,295.491568489584,310.66202265625054,77.87465808289288,0.0,0.0,0.0
PHASE 2,360,577600,576,1229.150855808962,701.9863615427284,1521.8209997278698,295.4915684895839,310.66202265625054,77.87465808289286,0.3521428571428572,0.4578571428571429,0.0
PHASE 2,361,579200,576,1229.150855808962,701.9863615427284,1521.8209997278698,295.4915684895839,310.66202265625054,77.87465808289286,0.4064285714285715,0.3985714285714286,0.0
PHASE 2,362,580800,576,1229.150855808962,701.9863615427284,1521.8209997278698,295.4915684895839,310.66202265625054,77.87465808289286,0.36500000000000005,0.45857142857142863,0.0
PHASE 2,363,582400,576,1229.150855808962,701.9863615427284,1521.8209997278698,295.4915684895839,310.66202265625054,77.87465808289286,0.32642857142857146,0.3464285714285714,0.0
PHASE 2,364,584000,584,1240.0477172587846,701.9863615427284,1521.8209997278698,298.8002835937505,313.7783039062505,78.43364121985023,0.0,0.0,0.0
PHASE 2,365,585600,584,1240.0477172587846,701.9863615427284,1521.8209997278698,298.8002835937506,313.7783039062505,78.43364121985023,0.3307142857142858,0.42928571428571427,0.0
PHASE 2,366,587200,584,1240.0477172587846,701.9863615427284,1521.8209997278698,298.8002835937506,313.7783039062505,78.43364121985023,0.3192857142857143,0.4207142857142857,0.0
PHASE 2,367,588800,584,1240.0477172587846,701.9863615427284,1521.8209997278698,298.8002835937506,313.7783039062505,78.43364121985023,0.3578571428571428,0.4250000000000001,0.0
PHASE 2,368,590400,584,1240.0477172587846,701.9863615427284,1521.8209997278698,298.8002835937506,313.7783039062505,78.43364121985023,0.35500000000000004,0.44642857142857145,0.0
PHASE 2,369,592000,592,1248.5528944707853,701.9863615427284,1628.2823507875269,301.6755492187506,315.6381330729172,78.90490152239225,0.0,0.0,0.0
PHASE 2,370,593600,592,1248.5528944707853,701.9863615427284,1628.2823507875269,301.67554921875063,315.6381330729171,78.90490152239227,0.35000000000000003,0.4507142857142858,0.0
PHASE 2,371,595200,592,1248.5528944707853,701.9863615427284,1628.2823507875269,301.67554921875063,315.6381330729171,78.90490152239227,0.3742857142857143,0.3757142857142857,0.0
PHASE 2,372,596800,592,1248.5528944707853,701.9863615427284,1628.2823507875269,301.67554921875063,315.6381330729171,78.90490152239227,0.3814285714285715,0.3714285714285714,0.0
PHASE 2,373,598400,592,1248.5528944707853,701.9863615427284,1628.2823507875269,301.67554921875063,315.6381330729171,78.90490152239227,0.3535714285714286,0.4207142857142858,0.0
PHASE 2,374,600000,600,1257.6677521384047,701.9863615427284,1628.2823507875269,305.2524229166673,318.80464088541714,79.20133604204275,0.0,0.0,0.0
PHASE 2,375,601600,600,1257.6677521384042,701.9863615427284,1628.2823507875269,305.25242291666723,318.8046408854172,79.20133604204275,0.3421428571428572,0.3678571428571429,0.0
PHASE 2,376,603200,600,1257.6677521384042,701.9863615427284,1628.2823507875269,305.25242291666723,318.8046408854172,79.20133604204275,0.3492857142857143,0.4292857142857144,0.0
PHASE 2,377,604800,600,1257.6677521384042,701.9863615427284,1628.2823507875269,305.25242291666723,318.8046408854172,79.20133604204275,0.40928571428571425,0.38785714285714284,0.0
PHASE 2,378,606400,600,1257.6677521384042,701.9863615427284,1628.2823507875269,305.25242291666723,318.8046408854172,79.20133604204275,0.38642857142857145,0.3957142857142857,0.0
PHASE 2,379,608000,608,1266.8022659870614,701.9863615427284,1628.2823507875269,305.6210687500005,326.52838776041716,79.33160118458349,0.0,0.0,0.0
PHASE 2,380,609600,608,1266.8022659870614,701.9863615427284,1628.2823507875269,305.62106875000046,326.52838776041716,79.3316011845835,0.3671428571428572,0.3757142857142858,0.0
PHASE 2,381,611200,608,1266.8022659870614,701.9863615427284,1628.2823507875269,305.62106875000046,326.52838776041716,79.3316011845835,0.3550000000000001,0.42000000000000004,0.0
PHASE 2,382,612800,608,1266.8022659870614,701.9863615427284,1628.2823507875269,305.62106875000046,326.52838776041716,79.3316011845835,0.39714285714285713,0.4464285714285715,0.0
PHASE 2,383,614400,608,1266.8022659870614,701.9863615427284,1628.2823507875269,305.62106875000046,326.52838776041716,79.3316011845835,0.38,0.43500000000000016,0.0
PHASE 2,384,616000,616,1278.251824723215,701.9863615427284,1628.2823507875269,305.81779583333383,333.5017882812504,79.86653007608203,0.0,0.0,0.0
PHASE 2,385,617600,616,1278.251824723215,701.9863615427284,1628.2823507875269,305.81779583333383,333.5017882812504,79.86653007608201,0.3657142857142857,0.41071428571428575,0.0
PHASE 2,386,619200,616,1278.251824723215,701.9863615427284,1628.2823507875269,305.81779583333383,333.5017882812504,79.86653007608201,0.4164285714285715,0.5292857142857144,0.0
PHASE 2,387,620800,616,1278.251824723215,701.9863615427284,1628.2823507875269,305.81779583333383,333.5017882812504,79.86653007608201,0.40285714285714286,0.41000000000000003,0.0
PHASE 2,388,622400,616,1278.251824723215,701.9863615427284,1628.2823507875269,305.81779583333383,333.5017882812504,79.86653007608201,0.4050000000000001,0.445,0.0
PHASE 2,389,624000,624,1278.1184956876257,701.9863615427284,1628.2823507875269,306.7991627604172,333.2100559895838,79.76365961720622,0.0,0.0,0.0
PHASE 2,390,625600,624,1278.1184956876257,701.9863615427284,1628.2823507875269,306.7991627604172,333.2100559895838,79.76365961720622,0.4228571428571429,0.43499999999999994,0.0
PHASE 2,391,627200,624,1278.1184956876257,701.9863615427284,1628.2823507875269,306.7991627604172,333.2100559895838,79.76365961720622,0.3621428571428572,0.3935714285714286,0.0
PHASE 2,392,628800,624,1278.1184956876257,701.9863615427284,1628.2823507875269,306.7991627604172,333.2100559895838,79.76365961720622,0.3921428571428572,0.4492857142857143,0.0
PHASE 2,393,630400,624,1278.1184956876257,701.9863615427284,1628.2823507875269,306.7991627604172,333.2100559895838,79.76365961720622,0.38142857142857145,0.43,0.0
PHASE 2,394,632000,632,1278.9792097222312,701.9863615427284,1628.2823507875269,305.76449921875053,335.49486953125046,79.71498012153207,0.0,0.0,0.0
PHASE 2,395,633600,632,1278.9792097222312,701.9863615427284,1628.2823507875269,305.76449921875053,335.49486953125046,79.71498012153207,0.37642857142857145,0.4014285714285714,0.0
PHASE 2,396,635200,632,1278.9792097222312,701.9863615427284,1628.2823507875269,305.76449921875053,335.49486953125046,79.71498012153207,0.4335714285714286,0.4664285714285715,0.0
PHASE 2,397,636800,632,1278.9792097222312,701.9863615427284,1628.2823507875269,305.76449921875053,335.49486953125046,79.71498012153207,0.3621428571428572,0.3821428571428571,0.0
PHASE 2,398,638400,632,1278.9792097222312,701.9863615427284,1628.2823507875269,305.76449921875053,335.49486953125046,79.71498012153207,0.3521428571428572,0.4235714285714286,0.0
PHASE 2,399,640000,640,1292.2981717646173,862.9378279188916,1628.2823507875269,306.7201596354172,341.5016252604171,80.50954835860131,0.0,0.0,0.0
PHASE 2,400,641600,640,1292.2981717646173,862.9378279188916,1628.2823507875269,306.7201596354172,341.5016252604171,80.50954835860134,0.3707142857142857,0.43999999999999995,0.0
PHASE 2,401,643200,640,1292.2981717646173,862.9378279188916,1628.2823507875269,306.7201596354172,341.5016252604171,80.50954835860134,0.3742857142857143,0.4142857142857143,0.0
PHASE 2,402,644800,640,1292.2981717646173,862.9378279188916,1628.2823507875269,306.7201596354172,341.5016252604171,80.50954835860134,0.3878571428571429,0.47000000000000003,0.0
PHASE 2,403,646400,640,1292.2981717646173,862.9378279188916,1628.2823507875269,306.7201596354172,341.5016252604171,80.50954835860134,0.4557142857142858,0.4671428571428572,0.0
PHASE 2,404,648000,648,1300.6301728328344,862.9378279188916,1628.2823507875269,307.42580312500047,344.4872466145838,81.08964038665972,0.0,0.0,0.0
PHASE 2,405,649600,648,1300.6301728328344,862.9378279188916,1628.2823507875269,307.4258031250005,344.4872466145837,81.08964038665972,0.4007142857142858,0.4892857142857143,0.0
PHASE 2,406,651200,648,1300.6301728328344,862.9378279188916,1628.2823507875269,307.4258031250005,344.4872466145837,81.08964038665972,0.39642857142857146,0.49642857142857155,0.0
PHASE 2,407,652800,648,1300.6301728328344,862.9378279188916,1628.2823507875269,307.4258031250005,344.4872466145837,81.08964038665972,0.43285714285714294,0.4992857142857143,0.0
PHASE 2,408,654400,648,1300.6301728328344,862.9378279188916,1628.2823507875269,307.4258031250005,344.4872466145837,81.08964038665972,0.44857142857142857,0.48142857142857143,0.0
PHASE 2,409,656000,656,1316.4620641565325,862.9378279188916,1628.2823507875269,310.8564705729172,349.4516950520837,82.01923731644519,0.0,0.0,0.0
PHASE 2,410,657600,656,1316.4620641565325,862.9378279188916,1628.2823507875269,310.85647057291715,349.45169505208366,82.01923731644519,0.34142857142857147,0.43928571428571433,0.0
PHASE 2,411,659200,656,1316.4620641565325,862.9378279188916,1628.2823507875269,310.85647057291715,349.45169505208366,82.01923731644519,0.4342857142857143,0.45,0.0
PHASE 2,412,660800,656,1316.4620641565325,862.9378279188916,1628.2823507875269,310.85647057291715,349.45169505208366,82.01923731644519,0.4135714285714286,0.37,0.0
PHASE 2,413,662400,656,1316.4620641565325,862.9378279188916,1628.2823507875269,310.85647057291715,349.45169505208366,82.01923731644519,0.38071428571428567,0.47071428571428575,0.0
PHASE 2,414,664000,664,1312.24621904583,862.9378279188916,1628.2823507875269,310.83185286458377,346.93933723958366,81.8093786177115,0.0,0.0,0.0
PHASE 2,415,665600,664,1312.24621904583,862.9378279188916,1628.2823507875269,310.8318528645838,346.93933723958366,81.80937861771152,0.39642857142857146,0.4642857142857143,0.0
PHASE 2,416,667200,664,1312.24621904583,862.9378279188916,1628.2823507875269,310.8318528645838,346.93933723958366,81.80937861771152,0.38642857142857145,0.5007142857142858,0.0
PHASE 2,417,668800,664,1312.24621904583,862.9378279188916,1628.2823507875269,310.8318528645838,346.93933723958366,81.80937861771152,0.41571428571428576,0.48999999999999994,0.0
PHASE 2,418,670400,664,1312.24621904583,862.9378279188916,1628.2823507875269,310.8318528645838,346.93933723958366,81.80937861771152,0.3721428571428572,0.44142857142857145,0.0
PHASE 2,419,672000,672,1308.6882090088084,862.9378279188916,1628.2823507875269,310.1433914062505,344.74839348958375,81.72455301412542,0.0,0.0,0.0
PHASE 2,420,673600,672,1308.6882090088081,862.9378279188916,1628.2823507875269,310.14339140625054,344.7483934895838,81.72455301412542,0.445,0.5014285714285716,0.0
PHASE 2,421,675200,672,1308.6882090088081,862.9378279188916,1628.2823507875269,310.14339140625054,344.7483934895838,81.72455301412542,0.42214285714285715,0.46357142857142863,0.0
PHASE 2,422,676800,672,1308.6882090088081,862.9378279188916,1628.2823507875269,310.14339140625054,344.7483934895838,81.72455301412542,0.39357142857142857,0.4800000000000001,0.0
PHASE 2,423,678400,672,1308.6882090088081,862.9378279188916,1628.2823507875269,310.14339140625054,344.7483934895838,81.72455301412542,0.33857142857142863,0.5492857142857143,0.0
PHASE 2,424,680000,680,1319.0807254210665,862.9378279188916,1628.2823507875269,313.6336645833339,347.6662729166672,82.22259849013717,0.0,0.0,0.0
PHASE 2,425,681600,680,1319.0807254210667,862.9378279188916,1628.2823507875269,313.6336645833339,347.66627291666714,82.22259849013717,0.38714285714285723,0.4628571428571429,0.0
PHASE 2,426,683200,680,1319.0807254210667,862.9378279188916,1628.2823507875269,313.6336645833339,347.66627291666714,82.22259849013717,0.42928571428571427,0.5071428571428572,0.0
PHASE 2,427,684800,680,1319.0807254210667,862.9378279188916,1628.2823507875269,313.6336645833339,347.66627291666714,82.22259849013717,0.3828571428571429,0.5050000000000001,0.0
PHASE 2,428,686400,680,1319.0807254210667,862.9378279188916,1628.2823507875269,313.6336645833339,347.66627291666714,82.22259849013717,0.4078571428571429,0.4621428571428571,0.0
PHASE 2,429,688000,688,1312.8481868040824,862.9378279188916,1628.2823507875269,312.88081458333386,346.78772031250037,81.64745648853487,0.0,0.0,0.0
PHASE 2,430,689600,688,1312.8481868040824,862.9378279188916,1628.2823507875269,312.8808145833338,346.7877203125005,81.64745648853486,0.39571428571428574,0.4492857142857143,0.0
PHASE 2,431,691200,688,1312.8481868040824,862.9378279188916,1628.2823507875269,312.8808145833338,346.7877203125005,81.64745648853486,0.39285714285714285,0.48428571428571443,0.0
PHASE 2,432,692800,688,1312.8481868040824,862.9378279188916,1628.2823507875269,312.8808145833338,346.7877203125005,81.64745648853486,0.4378571428571429,0.44000000000000006,0.0
PHASE 2,433,694400,688,1312.8481868040824,862.9378279188916,1628.2823507875269,312.8808145833338,346.7877203125005,81.64745648853486,0.43785714285714283,0.46642857142857136,0.0
PHASE 2,434,696000,696,1318.7702099665332,862.9378279188916,1613.4555201315168,316.7911661458338,348.5246880208337,81.68179447498741,0.0,0.0,0.0
PHASE 2,435,697600,696,1318.770209966533,862.9378279188916,1613.4555201315168,316.79116614583387,348.52468802083376,81.68179447498741,0.3964285714285714,0.4392857142857142,0.0
PHASE 2,436,699200,696,1318.770209966533,862.9378279188916,1613.4555201315168,316.79116614583387,348.52468802083376,81.68179447498741,0.42857142857142855,0.45285714285714285,0.0
PHASE 2,437,700800,696,1318.770209966533,862.9378279188916,1613.4555201315168,316.79116614583387,348.52468802083376,81.68179447498741,0.39571428571428574,0.48357142857142854,0.0
PHASE 2,438,702400,696,1318.770209966533,862.9378279188916,1613.4555201315168,316.79116614583387,348.52468802083376,81.68179447498741,0.3635714285714286,0.45785714285714285,0.0
PHASE 2,439,704000,704,1317.8473912741308,862.9378279188916,1613.4555201315168,314.2920088541672,350.2462140625004,81.663646044687,0.0,0.0,0.0
PHASE 2,440,705600,704,1317.8473912741308,862.9378279188916,1613.4555201315168,314.2920088541672,350.2462140625004,81.663646044687,0.40857142857142864,0.48571428571428565,0.0
PHASE 2,441,707200,704,1317.8473912741308,862.9378279188916,1613.4555201315168,314.2920088541672,350.2462140625004,81.663646044687,0.40928571428571425,0.4000000000000001,0.0
PHASE 2,442,708800,704,1317.8473912741308,862.9378279188916,1613.4555201315168,314.2920088541672,350.2462140625004,81.663646044687,0.38500000000000006,0.4871428571428572,0.0
PHASE 2,443,710400,704,1317.8473912741308,862.9378279188916,1613.4555201315168,314.2920088541672,350.2462140625004,81.663646044687,0.40214285714285714,0.4128571428571429,0.0
PHASE 2,444,712000,712,1319.7626537119227,862.9378279188916,1613.4555201315168,314.3457010416672,350.67590026041705,81.84263155123406,0.0,0.0,0.0
PHASE 2,445,713600,712,1319.7626537119227,862.9378279188916,1613.4555201315168,314.3457010416672,350.67590026041717,81.84263155123405,0.4764285714285714,0.4357142857142858,0.0
PHASE 2,446,715200,712,1319.7626537119227,862.9378279188916,1613.4555201315168,314.3457010416672,350.67590026041717,81.84263155123405,0.3514285714285714,0.49142857142857144,0.0
PHASE 2,447,716800,712,1319.7626537119227,862.9378279188916,1613.4555201315168,314.3457010416672,350.67590026041717,81.84263155123405,0.44642857142857145,0.4142857142857143,0.0
PHASE 2,448,718400,712,1319.7626537119227,862.9378279188916,1613.4555201315168,314.3457010416672,350.67590026041717,81.84263155123405,0.41571428571428576,0.48571428571428577,0.0
PHASE 2,449,720000,720,1323.5471743678304,862.9378279188916,1613.4555201315168,318.2563536458338,349.86133776041714,81.9286853702018,0.0,0.0,0.0
PHASE 2,450,721600,720,1323.5471743678304,862.9378279188916,1613.4555201315168,318.2563536458338,349.8613377604171,81.92868537020182,0.38428571428571423,0.43642857142857155,0.0
PHASE 2,451,723200,720,1323.5471743678304,862.9378279188916,1613.4555201315168,318.2563536458338,349.8613377604171,81.92868537020182,0.3928571428571429,0.47000000000000003,0.0
PHASE 2,452,724800,720,1323.5471743678304,862.9378279188916,1613.4555201315168,318.2563536458338,349.8613377604171,81.92868537020182,0.45857142857142863,0.4521428571428571,0.0
PHASE 2,453,726400,720,1323.5471743678304,862.9378279188916,1613.4555201315168,318.2563536458338,349.8613377604171,81.92868537020182,0.42714285714285716,0.395,0.0
PHASE 2,454,728000,728,1328.9822628187,910.6903902160489,1613.4555201315168,321.5353598958338,350.0494403645838,82.17468281978981,0.0,0.0,0.0
PHASE 2,455,729600,728,1328.9822628186998,910.6903902160489,1613.4555201315168,321.5353598958338,350.0494403645838,82.1746828197898,0.395,0.4821428571428572,0.0
PHASE 2,456,731200,728,1328.9822628186998,910.6903902160489,1613.4555201315168,321.5353598958338,350.0494403645838,82.1746828197898,0.44785714285714284,0.49214285714285716,0.0
PHASE 2,457,732800,728,1328.9822628186998,910.6903902160489,1613.4555201315168,321.5353598958338,350.0494403645838,82.1746828197898,0.445,0.4735714285714286,0.0
PHASE 2,458,734400,728,1328.9822628186998,910.6903902160489,1613.4555201315168,321.5353598958338,350.0494403645838,82.1746828197898,0.38142857142857145,0.44571428571428573,0.0
PHASE 2,459,736000,736,1329.7723740117121,910.6903902160489,1627.477624431762,323.2142484375005,347.32025494791714,82.40473382829116,0.0,0.0,0.0
PHASE 2,460,737600,736,1329.7723740117124,910.6903902160489,1627.477624431762,323.2142484375005,347.32025494791696,82.40473382829117,0.39071428571428574,0.485,0.0
PHASE 2,461,739200,736,1329.7723740117124,910.6903902160489,1627.477624431762,323.2142484375005,347.32025494791696,82.40473382829117,0.3992857142857143,0.40214285714285714,0.0
PHASE 2,462,740800,736,1329.7723740117124,910.6903902160489,1627.477624431762,323.2142484375005,347.32025494791696,82.40473382829117,0.3957142857142857,0.4271428571428572,0.0
PHASE 2,463,742400,736,1329.7723740117124,910.6903902160489,1627.477624431762,323.2142484375005,347.32025494791696,82.40473382829117,0.40499999999999997,0.47857142857142854,0.0
PHASE 2,464,744000,744,1324.2687541042958,910.6903902160489,1627.477624431762,323.21616067708385,344.4349713541671,82.07720275913508,0.0,0.0,0.0
PHASE 2,465,745600,744,1324.2687541042958,910.6903902160489,1627.477624431762,323.2161606770838,344.4349713541671,82.07720275913508,0.37142857142857144,0.4078571428571428,0.0
PHASE 2,466,747200,744,1324.2687541042958,910.6903902160489,1627.477624431762,323.2161606770838,344.4349713541671,82.07720275913508,0.3757142857142857,0.5028571428571429,0.0
PHASE 2,467,748800,744,1324.2687541042958,910.6903902160489,1627.477624431762,323.2161606770838,344.4349713541671,82.07720275913508,0.3678571428571428,0.3757142857142858,0.0
PHASE 2,468,750400,744,1324.2687541042958,910.6903902160489,1627.477624431762,323.2161606770838,344.4349713541671,82.07720275913508,0.4185714285714286,0.45928571428571424,0.0
PHASE 2,469,752000,752,1311.4411577332496,910.6903902160489,1627.477624431762,320.85109218750046,339.97181666666705,81.32728110988936,0.0,0.0,0.0
PHASE 2,470,753600,752,1311.4411577332496,910.6903902160489,1627.477624431762,320.85109218750046,339.97181666666705,81.32728110988936,0.40285714285714286,0.4521428571428571,0.0
PHASE 2,471,755200,752,1311.4411577332496,910.6903902160489,1627.477624431762,320.85109218750046,339.97181666666705,81.32728110988936,0.40428571428571425,0.48285714285714293,0.0
PHASE 2,472,756800,752,1311.4411577332496,910.6903902160489,1627.477624431762,320.85109218750046,339.97181666666705,81.32728110988936,0.35500000000000004,0.4,0.0
PHASE 2,473,758400,752,1311.4411577332496,910.6903902160489,1627.477624431762,320.85109218750046,339.97181666666705,81.32728110988936,0.36214285714285716,0.4264285714285715,0.0
PHASE 2,474,760000,760,1305.1498099491744,910.6903902160489,1627.477624431762,319.8681296875004,339.099212760417,80.77280843766093,0.0,0.0,0.0
PHASE 2,475,761600,760,1305.1498099491744,910.6903902160489,1627.477624431762,319.8681296875004,339.099212760417,80.77280843766094,0.43499999999999994,0.4028571428571429,0.0
PHASE 2,476,763200,760,1305.1498099491744,910.6903902160489,1627.477624431762,319.8681296875004,339.099212760417,80.77280843766094,0.3621428571428571,0.4442857142857144,0.0
PHASE 2,477,764800,760,1305.1498099491744,910.6903902160489,1627.477624431762,319.8681296875004,339.099212760417,80.77280843766094,0.45428571428571435,0.45285714285714296,0.0
PHASE 2,478,766400,760,1305.1498099491744,910.6903902160489,1627.477624431762,319.8681296875004,339.099212760417,80.77280843766094,0.43285714285714294,0.4407142857142857,0.0
PHASE 2,479,768000,768,1300.1993704669121,922.5548302197069,1627.477624431762,321.45429348958373,336.0822828125004,80.33284927060706,0.0,0.0,0.0
PHASE 2,480,769600,768,1300.199370466912,922.5548302197069,1627.477624431762,321.45429348958385,336.08228281250035,80.33284927060706,0.39071428571428574,0.3728571428571429,0.0
PHASE 2,481,771200,768,1300.199370466912,922.5548302197069,1627.477624431762,321.45429348958385,336.08228281250035,80.33284927060706,0.4064285714285715,0.44714285714285723,0.0
PHASE 2,482,772800,768,1300.199370466912,922.5548302197069,1627.477624431762,321.45429348958385,336.08228281250035,80.33284927060706,0.36928571428571433,0.36214285714285716,0.0
PHASE 2,483,774400,768,1300.199370466912,922.5548302197069,1627.477624431762,321.45429348958385,336.08228281250035,80.33284927060706,0.3592857142857143,0.465,0.0
PHASE 2,484,776000,776,1291.5310109279903,872.4468903664875,1627.477624431762,321.1060630208338,332.67660468750046,79.71854290246027,0.0,0.0,0.0
PHASE 2,485,777600,776,1291.5310109279903,872.4468903664875,1627.477624431762,321.1060630208338,332.67660468750046,79.71854290246029,0.4314285714285714,0.445,0.0
PHASE 2,486,779200,776,1291.5310109279903,872.4468903664875,1627.477624431762,321.1060630208338,332.67660468750046,79.71854290246029,0.41785714285714287,0.46642857142857147,0.0
PHASE 2,487,780800,776,1291.5310109279903,872.4468903664875,1627.477624431762,321.1060630208338,332.67660468750046,79.71854290246029,0.40499999999999997,0.48142857142857143,0.0
PHASE 2,488,782400,776,1291.5310109279903,872.4468903664875,1627.477624431762,321.1060630208338,332.67660468750046,79.71854290246029,0.3942857142857143,0.41500000000000004,0.0
PHASE 2,489,784000,784,1283.833476358419,872.4468903664875,1627.477624431762,323.3869135416671,326.4357213541671,79.25135518282625,0.0,0.0,0.0
PHASE 2,490,785600,784,1283.833476358419,872.4468903664875,1627.477624431762,323.38691354166707,326.4357213541671,79.25135518282623,0.4228571428571429,0.487857142857143,0.0
PHASE 2,491,787200,784,1283.833476358419,872.4468903664875,1627.477624431762,323.38691354166707,326.4357213541671,79.25135518282623,0.3992857142857143,0.42142857142857154,0.0
PHASE 2,492,788800,784,1283.833476358419,872.4468903664875,1627.477624431762,323.38691354166707,326.4357213541671,79.25135518282623,0.40928571428571436,0.4057142857142857,0.0
PHASE 2,493,790400,784,1283.833476358419,872.4468903664875,1627.477624431762,323.38691354166707,326.4357213541671,79.25135518282623,0.40285714285714286,0.4364285714285715,0.0
PHASE 2,494,792000,792,1281.197493312547,872.4468903664875,1627.477624431762,322.03847500000046,324.57197447916707,79.3233804791753,0.0,0.0,0.0
PHASE 2,495,793600,792,1281.197493312547,872.4468903664875,1627.477624431762,322.0384750000005,324.5719744791671,79.3233804791753,0.40857142857142864,0.43071428571428577,0.0
PHASE 2,496,795200,792,1281.197493312547,872.4468903664875,1627.477624431762,322.0384750000005,324.5719744791671,79.3233804791753,0.3785714285714286,0.49214285714285716,0.0
PHASE 2,497,796800,792,1281.197493312547,872.4468903664875,1627.477624431762,322.0384750000005,324.5719744791671,79.3233804791753,0.39785714285714285,0.4735714285714286,0.0
PHASE 2,498,798400,792,1281.197493312547,872.4468903664875,1627.477624431762,322.0384750000005,324.5719744791671,79.3233804791753,0.40928571428571436,0.4621428571428572,0.0
PHASE 2,499,800000,800,1274.489389840438,872.4468903664875,1672.3037922361996,324.7445166666672,317.6162369791671,79.01607952432809,0.0,0.0,0.0
PHASE 2,500,801600,800,1274.489389840438,872.4468903664875,1672.3037922361996,324.7445166666671,317.6162369791671,79.01607952432809,0.43499999999999994,0.445,0.0
PHASE 2,501,803200,800,1274.489389840438,872.4468903664875,1672.3037922361996,324.7445166666671,317.6162369791671,79.01607952432809,0.4378571428571429,0.4192857142857143,0.0
PHASE 2,502,804800,800,1274.489389840438,872.4468903664875,1672.3037922361996,324.7445166666671,317.6162369791671,79.01607952432809,0.3942857142857143,0.41571428571428576,0.0
PHASE 2,503,806400,800,1274.489389840438,872.4468903664875,1672.3037922361996,324.7445166666671,317.6162369791671,79.01607952432809,0.48,0.42000000000000004,0.0
PHASE 2,504,808000,808,1268.5401837995275,872.4468903664875,1672.3037922361996,323.7600703125005,314.3780617187504,78.80025647103692,0.0,0.0,0.0
PHASE 2,505,809600,808,1268.5401837995273,872.4468903664875,1672.3037922361996,323.7600703125005,314.3780617187504,78.80025647103692,0.34500000000000003,0.47071428571428575,0.0
PHASE 2,506,811200,808,1268.5401837995273,872.4468903664875,1672.3037922361996,323.7600703125005,314.3780617187504,78.80025647103692,0.43428571428571433,0.47214285714285714,0.0
PHASE 2,507,812800,808,1268.5401837995273,872.4468903664875,1672.3037922361996,323.7600703125005,314.3780617187504,78.80025647103692,0.39714285714285713,0.44214285714285717,0.0
PHASE 2,508,814400,808,1268.5401837995273,872.4468903664875,1672.3037922361996,323.7600703125005,314.3780617187504,78.80025647103692,0.4492857142857143,0.44642857142857145,0.0
PHASE 2,509,816000,816,1269.774990695191,872.4468903664875,1672.3037922361996,325.53676718750046,312.63026692708377,78.95099457257842,0.0,0.0,0.0
PHASE 2,510,817600,816,1269.774990695191,872.4468903664875,1672.3037922361996,325.53676718750046,312.63026692708377,78.95099457257842,0.37357142857142855,0.445,0.0
PHASE 2,511,819200,816,1269.774990695191,872.4468903664875,1672.3037922361996,325.53676718750046,312.63026692708377,78.95099457257842,0.4135714285714286,0.41357142857142853,0.0
PHASE 2,512,820800,816,1269.774990695191,872.4468903664875,1672.3037922361996,325.53676718750046,312.63026692708377,78.95099457257842,0.31214285714285717,0.46642857142857147,0.0
PHASE 2,513,822400,816,1269.774990695191,872.4468903664875,1672.3037922361996,325.53676718750046,312.63026692708377,78.95099457257842,0.4142857142857143,0.4578571428571429,0.0
PHASE 2,514,824000,824,1264.5327934070292,872.4468903664875,1672.3037922361996,321.8771302083338,312.45852213541707,78.77464263291218,0.0,0.0,0.0
PHASE 2,515,825600,824,1264.5327934070292,872.4468903664875,1672.3037922361996,321.8771302083338,312.45852213541707,78.77464263291218,0.3921428571428571,0.38500000000000006,0.0
PHASE 2,516,827200,824,1264.5327934070292,872.4468903664875,1672.3037922361996,321.8771302083338,312.45852213541707,78.77464263291218,0.40285714285714286,0.45500000000000007,0.0
PHASE 2,517,828800,824,1264.5327934070292,872.4468903664875,1672.3037922361996,321.8771302083338,312.45852213541707,78.77464263291218,0.4007142857142858,0.4535714285714286,0.0
PHASE 2,518,830400,824,1264.5327934070292,872.4468903664875,1672.3037922361996,321.8771302083338,312.45852213541707,78.77464263291218,0.4164285714285715,0.42928571428571427,0.0
PHASE 2,519,832000,832,1255.4227932303493,872.4468903664875,1672.3037922361996,317.5777559895838,313.51056848958376,78.04180859389996,0.0,0.0,0.0
PHASE 2,520,833600,832,1255.4227932303495,872.4468903664875,1672.3037922361996,317.5777559895838,313.5105684895837,78.04180859389996,0.4442857142857143,0.45928571428571435,0.0
PHASE 2,521,835200,832,1255.4227932303495,872.4468903664875,1672.3037922361996,317.5777559895838,313.5105684895837,78.04180859389996,0.4435714285714286,0.38571428571428573,0.0
PHASE 2,522,836800,832,1255.4227932303495,872.4468903664875,1672.3037922361996,317.5777559895838,313.5105684895837,78.04180859389996,0.39571428571428574,0.4807142857142857,0.0
PHASE 2,523,838400,832,1255.4227932303495,872.4468903664875,1672.3037922361996,317.5777559895838,313.5105684895837,78.04180859389996,0.40285714285714286,0.4278571428571428,0.0
PHASE 2,524,840000,840,1239.0048033254072,872.4468903664875,1672.3037922361996,312.9674882812505,309.8260809895837,77.02640425682343,0.0,0.0,0.0
PHASE 2,525,841600,840,1239.004803325407,872.4468903664875,1672.3037922361996,312.9674882812504,309.8260809895838,77.02640425682343,0.36,0.45785714285714285,0.0
PHASE 2,526,843200,840,1239.004803325407,872.4468903664875,1672.3037922361996,312.9674882812504,309.8260809895838,77.02640425682343,0.4185714285714286,0.44142857142857145,0.0
PHASE 2,527,844800,840,1239.004803325407,872.4468903664875,1672.3037922361996,312.9674882812504,309.8260809895838,77.02640425682343,0.44142857142857145,0.46499999999999997,0.0
PHASE 2,528,846400,840,1239.004803325407,872.4468903664875,1672.3037922361996,312.9674882812504,309.8260809895838,77.02640425682343,0.36071428571428577,0.4514285714285715,0.0
PHASE 2,529,848000,848,1241.6098186509007,872.4468903664875,1672.3037922361996,314.7052734375004,309.1872304687504,77.21466434308311,0.0,0.0,0.0
PHASE 2,530,849600,848,1241.6098186509005,872.4468903664875,1672.3037922361996,314.70527343750047,309.18723046875044,77.21466434308311,0.4407142857142857,0.44785714285714295,0.0
PHASE 2,531,851200,848,1241.6098186509005,872.4468903664875,1672.3037922361996,314.70527343750047,309.18723046875044,77.21466434308311,0.37857142857142856,0.4621428571428572,0.0
PHASE 2,532,852800,848,1241.6098186509005,872.4468903664875,1672.3037922361996,314.70527343750047,309.18723046875044,77.21466434308311,0.4114285714285715,0.42857142857142855,0.0
PHASE 2,533,854400,848,1241.6098186509005,872.4468903664875,1672.3037922361996,314.70527343750047,309.18723046875044,77.21466434308311,0.38857142857142846,0.45714285714285713,0.0
PHASE 2,534,856000,856,1244.5030867917262,872.4468903664875,1737.8478110934946,315.5234750000005,309.3787950520838,77.4501020924572,0.0,0.0,0.0
PHASE 2,535,857600,856,1244.5030867917264,872.4468903664875,1737.8478110934946,315.52347500000053,309.3787950520837,77.4501020924572,0.4185714285714286,0.41071428571428575,0.0
PHASE 2,536,859200,856,1244.5030867917264,872.4468903664875,1737.8478110934946,315.52347500000053,309.3787950520837,77.4501020924572,0.40285714285714286,0.4714285714285714,0.0
PHASE 2,537,860800,856,1244.5030867917264,872.4468903664875,1737.8478110934946,315.52347500000053,309.3787950520837,77.4501020924572,0.44285714285714295,0.4428571428571428,0.0
PHASE 2,538,862400,856,1244.5030867917264,872.4468903664875,1737.8478110934946,315.52347500000053,309.3787950520837,77.4501020924572,0.42857142857142855,0.47785714285714287,0.0
PHASE 2,539,864000,864,1252.0581807902133,872.4468903664875,1737.8478110934946,317.65351197916715,310.09335130208376,78.03891468862241,0.0,0.0,0.0
PHASE 2,540,865600,864,1252.058180790213,872.4468903664875,1737.8478110934946,317.6535119791671,310.0933513020837,78.03891468862241,0.3757142857142858,0.4014285714285714,0.0
PHASE 2,541,867200,864,1252.058180790213,872.4468903664875,1737.8478110934946,317.6535119791671,310.0933513020837,78.03891468862241,0.39571428571428574,0.49428571428571433,0.0
PHASE 2,542,868800,864,1252.058180790213,872.4468903664875,1737.8478110934946,317.6535119791671,310.0933513020837,78.03891468862241,0.355,0.4142857142857143,0.0
PHASE 2,543,870400,864,1252.058180790213,872.4468903664875,1737.8478110934946,317.6535119791671,310.0933513020837,78.03891468862241,0.4121428571428572,0.42857142857142855,0.0
PHASE 2,544,872000,872,1249.719606975608,784.0244019313052,1737.8478110934946,317.02697968750044,308.9239273437504,77.97108749304678,0.0,0.0,0.0
PHASE 2,545,873600,872,1249.719606975608,784.0244019313052,1737.8478110934946,317.02697968750044,308.92392734375045,77.97108749304677,0.3935714285714286,0.41357142857142853,0.0
PHASE 2,546,875200,872,1249.719606975608,784.0244019313052,1737.8478110934946,317.02697968750044,308.92392734375045,77.97108749304677,0.4250000000000001,0.4578571428571429,0.0
PHASE 2,547,876800,872,1249.719606975608,784.0244019313052,1737.8478110934946,317.02697968750044,308.92392734375045,77.97108749304677,0.42428571428571427,0.36714285714285716,0.0
PHASE 2,548,878400,872,1249.719606975608,784.0244019313052,1737.8478110934946,317.02697968750044,308.92392734375045,77.97108749304677,0.3871428571428572,0.4185714285714287,0.0
PHASE 2,549,880000,880,1251.9249566880617,784.0244019313052,1737.8478110934946,317.0803994791671,309.6186752604171,78.15323524356174,0.0,0.0,0.0
PHASE 2,550,881600,880,1251.9249566880617,784.0244019313052,1737.8478110934946,317.0803994791671,309.6186752604171,78.15323524356174,0.4128571428571428,0.43500000000000005,0.0
PHASE 2,551,883200,880,1251.9249566880617,784.0244019313052,1737.8478110934946,317.0803994791671,309.6186752604171,78.15323524356174,0.42857142857142866,0.4271428571428572,0.0
PHASE 2,552,884800,880,1251.9249566880617,784.0244019313052,1737.8478110934946,317.0803994791671,309.6186752604171,78.15323524356174,0.3242857142857143,0.38,0.0
PHASE 2,553,886400,880,1251.9249566880617,784.0244019313052,1737.8478110934946,317.0803994791671,309.6186752604171,78.15323524356174,0.47928571428571437,0.42285714285714293,0.0
PHASE 2,554,888000,888,1261.2708558578079,784.0244019313052,1740.192498451458,320.94034479166714,310.2939408854171,78.75457127259251,0.0,0.0,0.0
PHASE 2,555,889600,888,1261.2708558578076,784.0244019313052,1740.192498451458,320.9403447916671,310.29394088541704,78.7545712725925,0.3928571428571429,0.5014285714285714,0.0
PHASE 2,556,891200,888,1261.2708558578076,784.0244019313052,1740.192498451458,320.9403447916671,310.29394088541704,78.7545712725925,0.4578571428571429,0.42214285714285715,0.0
PHASE 2,557,892800,888,1261.2708558578076,784.0244019313052,1740.192498451458,320.9403447916671,310.29394088541704,78.7545712725925,0.3935714285714286,0.38214285714285706,0.0
PHASE 2,558,894400,888,1261.2708558578076,784.0244019313052,1740.192498451458,320.9403447916671,310.29394088541704,78.7545712725925,0.40285714285714286,0.42214285714285715,0.0
PHASE 2,559,896000,896,1269.172928876576,784.0244019313052,1740.192498451458,323.1995500000004,311.939369010417,79.25425123327223,0.0,0.0,0.0
PHASE 2,560,897600,896,1269.1729288765762,784.0244019313052,1740.192498451458,323.19955000000044,311.939369010417,79.25425123327223,0.3871428571428571,0.4557142857142857,0.0
PHASE 2,561,899200,896,1269.1729288765762,784.0244019313052,1740.192498451458,323.19955000000044,311.939369010417,79.25425123327223,0.3814285714285714,0.43500000000000005,0.0
PHASE 2,562,900800,896,1269.1729288765762,784.0244019313052,1740.192498451458,323.19955000000044,311.939369010417,79.25425123327223,0.4228571428571429,0.41571428571428576,0.0
PHASE 2,563,902400,896,1269.1729288765762,784.0244019313052,1740.192498451458,323.19955000000044,311.939369010417,79.25425123327223,0.4071428571428572,0.4207142857142858,0.0
PHASE 2,564,904000,904,1270.2477363127107,784.0244019313052,1740.192498451458,323.6595489583338,312.84601171875033,79.21777195445567,0.0,0.0,0.0
PHASE 2,565,905600,904,1270.2477363127107,784.0244019313052,1740.192498451458,323.65954895833374,312.84601171875033,79.21777195445567,0.39142857142857146,0.4757142857142857,0.0
PHASE 2,566,907200,904,1270.2477363127107,784.0244019313052,1740.192498451458,323.65954895833374,312.84601171875033,79.21777195445567,0.39714285714285713,0.44642857142857145,0.0
PHASE 2,567,908800,904,1270.2477363127107,784.0244019313052,1740.192498451458,323.65954895833374,312.84601171875033,79.21777195445567,0.4314285714285714,0.4207142857142857,0.0
PHASE 2,568,910400,904,1270.2477363127107,784.0244019313052,1740.192498451458,323.65954895833374,312.84601171875033,79.21777195445567,0.4514285714285715,0.44571428571428584,0.0
PHASE 2,569,912000,912,1269.8425228303859,784.0244019313052,1740.192498451458,323.6224729166671,314.3578231770837,78.98277834208164,0.0,0.0,0.0
PHASE 2,570,913600,912,1269.842522830386,784.0244019313052,1740.192498451458,323.62247291666705,314.3578231770837,78.98277834208164,0.42000000000000004,0.46785714285714286,0.0
PHASE 2,571,915200,912,1269.842522830386,784.0244019313052,1740.192498451458,323.62247291666705,314.3578231770837,78.98277834208164,0.43571428571428567,0.3728571428571429,0.0
PHASE 2,572,916800,912,1269.842522830386,784.0244019313052,1740.192498451458,323.62247291666705,314.3578231770837,78.98277834208164,0.4014285714285714,0.44142857142857145,0.0
PHASE 2,573,918400,912,1269.842522830386,784.0244019313052,1740.192498451458,323.62247291666705,314.3578231770837,78.98277834208164,0.3614285714285715,0.4378571428571429,0.0
PHASE 2,574,920000,920,1272.8523998218043,784.0244019313052,1740.192498451458,324.21846875000034,315.71553203125035,79.1147998800715,0.0,0.0,0.0
PHASE 2,575,921600,920,1272.852399821804,784.0244019313052,1740.192498451458,324.2184687500004,315.71553203125035,79.11479988007149,0.4121428571428572,0.5142857142857143,0.0
PHASE 2,576,923200,920,1272.852399821804,784.0244019313052,1740.192498451458,324.2184687500004,315.71553203125035,79.11479988007149,0.4671428571428572,0.41071428571428575,0.0
PHASE 2,577,924800,920,1272.852399821804,784.0244019313052,1740.192498451458,324.2184687500004,315.71553203125035,79.11479988007149,0.4471428571428572,0.4064285714285714,0.0
PHASE 2,578,926400,920,1272.852399821804,784.0244019313052,1740.192498451458,324.2184687500004,315.71553203125035,79.11479988007149,0.44214285714285717,0.4671428571428572,0.0
PHASE 2,579,928000,928,1286.7828704560352,784.0244019313052,1740.192498451458,329.8058541666671,316.311440104167,80.08319702315289,0.0,0.0,0.0
PHASE 2,580,929600,928,1286.7828704560352,784.0244019313052,1740.192498451458,329.80585416666696,316.311440104167,80.08319702315289,0.4064285714285715,0.4564285714285714,0.0
PHASE 2,581,931200,928,1286.7828704560352,784.0244019313052,1740.192498451458,329.80585416666696,316.311440104167,80.08319702315289,0.36214285714285716,0.46071428571428574,0.0
PHASE 2,582,932800,928,1286.7828704560352,784.0244019313052,1740.192498451458,329.80585416666696,316.311440104167,80.08319702315289,0.43714285714285717,0.42928571428571427,0.0
PHASE 2,583,934400,928,1286.7828704560352,784.0244019313052,1740.192498451458,329.80585416666696,316.311440104167,80.08319702315289,0.41071428571428575,0.4514285714285714,0.0
PHASE 2,584,936000,936,1295.28494953821,784.0244019313052,1740.192498451458,331.921626041667,316.08814427083365,80.90939740321643,0.0,0.0,0.0
PHASE 2,585,937600,936,1295.28494953821,784.0244019313052,1740.192498451458,331.921626041667,316.0881442708337,80.90939740321645,0.3885714285714286,0.42142857142857143,0.0
PHASE 2,586,939200,936,1295.28494953821,784.0244019313052,1740.192498451458,331.921626041667,316.0881442708337,80.90939740321645,0.34428571428571425,0.49214285714285716,0.0
PHASE 2,587,940800,936,1295.28494953821,784.0244019313052,1740.192498451458,331.921626041667,316.0881442708337,80.90939740321645,0.40428571428571425,0.40928571428571436,0.0
PHASE 2,588,942400,936,1295.28494953821,784.0244019313052,1740.192498451458,331.921626041667,316.0881442708337,80.90939740321645,0.3914285714285714,0.4192857142857143,0.0
PHASE 2,589,944000,944,1297.234342389595,748.5292004550283,1740.192498451458,334.020619791667,314.5931265625003,81.07757450443138,0.0,0.0,0.0
PHASE 2,590,945600,944,1297.2343423895948,748.5292004550283,1740.192498451458,334.020619791667,314.59312656250034,81.07757450443138,0.4014285714285714,0.4871428571428572,0.0
PHASE 2,591,947200,944,1297.2343423895948,748.5292004550283,1740.192498451458,334.020619791667,314.59312656250034,81.07757450443138,0.38571428571428573,0.4514285714285714,0.0
PHASE 2,592,948800,944,1297.2343423895948,748.5292004550283,1740.192498451458,334.020619791667,314.59312656250034,81.07757450443138,0.46142857142857147,0.4335714285714286,0.0
PHASE 2,593,950400,944,1297.2343423895948,748.5292004550283,1740.192498451458,334.020619791667,314.59312656250034,81.07757450443138,0.42000000000000004,0.4821428571428572,0.0
PHASE 2,594,952000,952,1300.1234163355641,748.5292004550283,1740.192498451458,335.81227656250036,314.38554192708375,81.24069973075058,0.0,0.0,0.0
PHASE 2,595,953600,952,1300.1234163355641,748.5292004550283,1740.192498451458,335.81227656250036,314.38554192708375,81.24069973075058,0.36000000000000004,0.4078571428571428,0.0
PHASE 2,596,955200,952,1300.1234163355641,748.5292004550283,1740.192498451458,335.81227656250036,314.38554192708375,81.24069973075058,0.41500000000000004,0.43500000000000005,0.0
PHASE 2,597,956800,952,1300.1234163355641,748.5292004550283,1740.192498451458,335.81227656250036,314.38554192708375,81.24069973075058,0.4171428571428571,0.4192857142857143,0.0
PHASE 2,598,958400,952,1300.1234163355641,748.5292004550283,1740.192498451458,335.81227656250036,314.38554192708375,81.24069973075058,0.4107142857142857,0.472857142857143,0.0
PHASE 2,599,960000,960,1301.0836468168325,748.5292004550283,1740.192498451458,336.8236669270837,313.663861197917,81.32451483648221,0.0,0.0,0.0
PHASE 2,600,961600,960,1301.0836468168327,748.5292004550283,1740.192498451458,336.8236669270837,313.663861197917,81.32451483648221,0.4364285714285715,0.45928571428571424,0.0
PHASE 2,601,963200,960,1301.0836468168327,748.5292004550283,1740.192498451458,336.8236669270837,313.663861197917,81.32451483648221,0.35714285714285715,0.4685714285714286,0.0
PHASE 2,602,964800,960,1301.0836468168327,748.5292004550283,1740.192498451458,336.8236669270837,313.663861197917,81.32451483648221,0.4257142857142857,0.45785714285714285,0.0
PHASE 2,603,966400,960,1301.0836468168327,748.5292004550283,1740.192498451458,336.8236669270837,313.663861197917,81.32451483648221,0.49142857142857144,0.49428571428571433,0.0
PHASE 2,604,968000,968,1308.6852725270403,748.5292004550283,1740.192498451458,339.19570781250025,314.97093723958363,81.81482843437281,0.0,0.0,0.0
PHASE 2,605,969600,968,1308.68527252704,748.5292004550283,1740.192498451458,339.19570781250036,314.9709372395837,81.81482843437281,0.37642857142857145,0.42214285714285715,0.0
PHASE 2,606,971200,968,1308.68527252704,748.5292004550283,1740.192498451458,339.19570781250036,314.9709372395837,81.81482843437281,0.4642857142857143,0.41571428571428576,0.0
PHASE 2,607,972800,968,1308.68527252704,748.5292004550283,1740.192498451458,339.19570781250036,314.9709372395837,81.81482843437281,0.42642857142857143,0.4800000000000001,0.0
PHASE 2,608,974400,968,1308.68527252704,748.5292004550283,1740.192498451458,339.19570781250036,314.9709372395837,81.81482843437281,0.4121428571428572,0.4521428571428571,0.0
PHASE 2,609,976000,976,1301.7603485093396,748.5292004550283,1740.192498451458,337.4788484375003,313.70059140625034,81.32261358320187,0.0,0.0,0.0
PHASE 2,610,977600,976,1301.7603485093398,748.5292004550283,1740.192498451458,337.4788484375003,313.70059140625034,81.32261358320187,0.38642857142857145,0.48571428571428577,0.0
PHASE 2,611,979200,976,1301.7603485093398,748.5292004550283,1740.192498451458,337.4788484375003,313.70059140625034,81.32261358320187,0.46571428571428575,0.4257142857142857,0.0
PHASE 2,612,980800,976,1301.7603485093398,748.5292004550283,1740.192498451458,337.4788484375003,313.70059140625034,81.32261358320187,0.47214285714285714,0.445,0.0
PHASE 2,613,982400,976,1301.7603485093398,748.5292004550283,1740.192498451458,337.4788484375003,313.70059140625034,81.32261358320187,0.44214285714285717,0.4185714285714286,0.0
PHASE 2,614,984000,984,1306.3800991288945,748.5292004550283,1740.192498451458,336.4951828125003,318.0064632812504,81.48480662939623,0.0,0.0,0.0
PHASE 2,615,985600,984,1306.3800991288945,748.5292004550283,1740.192498451458,336.49518281250033,318.0064632812504,81.48480662939623,0.4321428571428572,0.42214285714285715,0.0
PHASE 2,616,987200,984,1306.3800991288945,748.5292004550283,1740.192498451458,336.49518281250033,318.0064632812504,81.48480662939623,0.4685714285714286,0.45357142857142857,0.0
PHASE 2,617,988800,984,1306.3800991288945,748.5292004550283,1740.192498451458,336.49518281250033,318.0064632812504,81.48480662939623,0.425,0.5114285714285715,0.0
PHASE 2,618,990400,984,1306.3800991288945,748.5292004550283,1740.192498451458,336.49518281250033,318.0064632812504,81.48480662939623,0.4257142857142857,0.5114285714285715,0.0
PHASE 2,619,992000,992,1305.6277967585384,748.5292004550283,1693.5798248528072,335.7851161458336,319.93051015625036,81.23902130706009,0.0,0.0,0.0
PHASE 2,620,993600,992,1305.6277967585386,748.5292004550283,1693.5798248528072,335.7851161458337,319.93051015625025,81.23902130706007,0.4185714285714286,0.5250000000000001,0.0
PHASE 2,621,995200,992,1305.6277967585386,748.5292004550283,1693.5798248528072,335.7851161458337,319.93051015625025,81.23902130706007,0.46642857142857147,0.45357142857142857,0.0
PHASE 2,622,996800,992,1305.6277967585386,748.5292004550283,1693.5798248528072,335.7851161458337,319.93051015625025,81.23902130706007,0.40499999999999997,0.5,0.0
PHASE 2,623,998400,992,1305.6277967585386,748.5292004550283,1693.5798248528072,335.7851161458337,319.93051015625025,81.23902130706007,0.38571428571428573,0.44857142857142857,0.0
PHASE 2,624,1000000,1000,1318.4411850396284,748.5292004550283,1693.5798248528072,335.86983802083364,325.8787093750003,82.08657970547783,0.0,0.0,0.0
PHASE 2,625,1001600,1000,1318.4411850396282,748.5292004550283,1693.5798248528072,335.8698380208336,325.87870937500026,82.08657970547783,0.44571428571428573,0.4485714285714287,0.0
PHASE 2,626,1003200,1000,1318.4411850396282,748.5292004550283,1693.5798248528072,335.8698380208336,325.87870937500026,82.08657970547783,0.4321428571428571,0.48071428571428576,0.0
PHASE 2,627,1004800,1000,1318.4411850396282,748.5292004550283,1693.5798248528072,335.8698380208336,325.87870937500026,82.08657970547783,0.41000000000000003,0.4207142857142857,0.0
PHASE 2,628,1006400,1000,1318.4411850396282,748.5292004550283,1693.5798248528072,335.8698380208336,325.87870937500026,82.08657970547783,0.42285714285714293,0.43357142857142855,0.0
PHASE 2,629,1008000,1008,1328.0882671458178,748.5292004550283,1693.5798248528072,338.8310609375003,327.7324541666669,82.6905940052103,0.0,0.0,0.0
PHASE 2,630,1009600,1008,1328.0882671458178,748.5292004550283,1693.5798248528072,338.83106093750035,327.7324541666669,82.6905940052103,0.385,0.43428571428571433,0.0
PHASE 2,631,1011200,1008,1328.0882671458178,748.5292004550283,1693.5798248528072,338.83106093750035,327.7324541666669,82.6905940052103,0.47071428571428575,0.44571428571428573,0.0
PHASE 2,632,1012800,1008,1328.0882671458178,748.5292004550283,1693.5798248528072,338.83106093750035,327.7324541666669,82.6905940052103,0.47428571428571437,0.49142857142857144,0.0
PHASE 2,633,1014400,1008,1328.0882671458178,748.5292004550283,1693.5798248528072,338.83106093750035,327.7324541666669,82.6905940052103,0.40214285714285714,0.42642857142857143,0.0
PHASE 2,634,1016000,1016,1335.0121440381085,748.5292004550283,1693.5798248528072,341.42210729166703,329.15496510416693,83.05438395528847,0.0,0.0,0.0
PHASE 2,635,1017600,1016,1335.0121440381085,748.5292004550283,1693.5798248528072,341.42210729166703,329.154965104167,83.05438395528847,0.43071428571428577,0.3864285714285714,0.0
PHASE 2,636,1019200,1016,1335.0121440381085,748.5292004550283,1693.5798248528072,341.42210729166703,329.154965104167,83.05438395528847,0.40214285714285725,0.46142857142857147,0.0
PHASE 2,637,1020800,1016,1335.0121440381085,748.5292004550283,1693.5798248528072,341.42210729166703,329.154965104167,83.05438395528847,0.4392857142857142,0.4935714285714286,0.0
PHASE 2,638,1022400,1016,1335.0121440381085,748.5292004550283,1693.5798248528072,341.42210729166703,329.154965104167,83.05438395528847,0.51,0.45857142857142863,0.0
PHASE 2,639,1024000,1024,1323.2895905497771,748.5292004550283,1693.5798248528072,337.42410729166704,329.18627656250027,82.0849008369554,0.0,0.0,0.0
PHASE 2,640,1025600,1024,1323.2895905497771,748.5292004550283,1693.5798248528072,337.42410729166704,329.18627656250027,82.0849008369554,0.5000000000000001,0.45499999999999996,0.0
PHASE 2,641,1027200,1024,1323.2895905497771,748.5292004550283,1693.5798248528072,337.42410729166704,329.18627656250027,82.0849008369554,0.5192857142857144,0.42928571428571427,0.0
PHASE 2,642,1028800,1024,1323.2895905497771,748.5292004550283,1693.5798248528072,337.42410729166704,329.18627656250027,82.0849008369554,0.4435714285714286,0.43285714285714294,0.0
PHASE 2,643,1030400,1024,1323.2895905497771,748.5292004550283,1693.5798248528072,337.42410729166704,329.18627656250027,82.0849008369554,0.47785714285714287,0.45928571428571435,0.0
PHASE 2,644,1032000,1032,1325.753530270046,748.5292004550283,1693.5798248528072,340.5058052083337,329.2694419270837,81.9972853918328,0.0,0.0,0.0
PHASE 2,645,1033600,1032,1325.753530270046,748.5292004550283,1693.5798248528072,340.50580520833364,329.2694419270836,81.9972853918328,0.44571428571428573,0.4607142857142857,0.0
PHASE 2,646,1035200,1032,1325.753530270046,748.5292004550283,1693.5798248528072,340.50580520833364,329.2694419270836,81.9972853918328,0.48857142857142855,0.42857142857142866,0.0
PHASE 2,647,1036800,1032,1325.753530270046,748.5292004550283,1693.5798248528072,340.50580520833364,329.2694419270836,81.9972853918328,0.4700000000000001,0.5142857142857142,0.0
PHASE 2,648,1038400,1032,1325.753530270046,748.5292004550283,1693.5798248528072,340.50580520833364,329.2694419270836,81.9972853918328,0.4428571428571429,0.40714285714285714,0.0
PHASE 2,649,1040000,1040,1336.916450278977,748.5292004550283,1693.5798248528072,344.66021250000034,332.63781484375033,82.45230286690762,0.0,0.0,0.0
PHASE 2,650,1041600,1040,1336.9164502789772,748.5292004550283,1693.5798248528072,344.66021250000034,332.63781484375033,82.45230286690759,0.43500000000000005,0.485,0.0
PHASE 2,651,1043200,1040,1336.9164502789772,748.5292004550283,1693.5798248528072,344.66021250000034,332.63781484375033,82.45230286690759,0.47357142857142864,0.4864285714285714,0.0
PHASE 2,652,1044800,1040,1336.9164502789772,748.5292004550283,1693.5798248528072,344.66021250000034,332.63781484375033,82.45230286690759,0.45857142857142863,0.47928571428571426,0.0
PHASE 2,653,1046400,1040,1336.9164502789772,748.5292004550283,1693.5798248528072,344.66021250000034,332.63781484375033,82.45230286690759,0.4714285714285714,0.47857142857142854,0.0
PHASE 2,654,1048000,1048,1345.081544628403,875.1203276436081,1693.5798248528072,347.974710416667,335.24444088541696,82.73279916579423,0.0,0.0,0.0
PHASE 2,655,1049600,1048,1345.081544628403,875.1203276436081,1693.5798248528072,347.974710416667,335.2444408854169,82.73279916579423,0.4514285714285714,0.39785714285714285,0.0
PHASE 2,656,1051200,1048,1345.081544628403,875.1203276436081,1693.5798248528072,347.974710416667,335.2444408854169,82.73279916579423,0.4035714285714286,0.47285714285714286,0.0
PHASE 2,657,1052800,1048,1345.081544628403,875.1203276436081,1693.5798248528072,347.974710416667,335.2444408854169,82.73279916579423,0.43357142857142855,0.4671428571428572,0.0
PHASE 2,658,1054400,1048,1345.081544628403,875.1203276436081,1693.5798248528072,347.974710416667,335.2444408854169,82.73279916579423,0.37357142857142855,0.425,0.0
PHASE 2,659,1056000,1056,1350.0598065348945,875.1203276436081,1790.8742290750247,347.96747708333373,339.001906510417,82.88630286764764,0.0,0.0,0.0
PHASE 2,660,1057600,1056,1350.059806534894,875.1203276436081,1790.8742290750247,347.9674770833337,339.001906510417,82.88630286764764,0.4400000000000001,0.47857142857142854,0.0
PHASE 2,661,1059200,1056,1350.059806534894,875.1203276436081,1790.8742290750247,347.9674770833337,339.001906510417,82.88630286764764,0.43071428571428577,0.47285714285714286,0.0
PHASE 2,662,1060800,1056,1350.059806534894,875.1203276436081,1790.8742290750247,347.9674770833337,339.001906510417,82.88630286764764,0.42857142857142866,0.437857142857143,0.0
PHASE 2,663,1062400,1056,1350.059806534894,875.1203276436081,1790.8742290750247,347.9674770833337,339.001906510417,82.88630286764764,0.4014285714285714,0.4492857142857143,0.0
PHASE 2,664,1064000,1064,1363.5882843674688,875.1203276436081,1790.8742290750247,347.67385572916703,346.70928932291696,83.65064241442808,0.0,0.0,0.0
PHASE 2,665,1065600,1064,1363.5882843674685,875.1203276436081,1790.8742290750247,347.673855729167,346.70928932291696,83.65064241442808,0.4321428571428572,0.4521428571428571,0.0
PHASE 2,666,1067200,1064,1363.5882843674685,875.1203276436081,1790.8742290750247,347.673855729167,346.70928932291696,83.65064241442808,0.3850000000000001,0.3992857142857143,0.0
PHASE 2,667,1068800,1064,1363.5882843674685,875.1203276436081,1790.8742290750247,347.673855729167,346.70928932291696,83.65064241442808,0.4078571428571428,0.4192857142857142,0.0
PHASE 2,668,1070400,1064,1363.5882843674685,875.1203276436081,1790.8742290750247,347.673855729167,346.70928932291696,83.65064241442808,0.44857142857142857,0.4671428571428572,0.0
PHASE 2,669,1072000,1072,1365.8437765491335,875.1203276436081,1790.8742290750247,346.297443229167,350.46052578125034,83.63572594234465,0.0,0.0,0.0
PHASE 2,670,1073600,1072,1365.8437765491337,875.1203276436081,1790.8742290750247,346.29744322916713,350.4605257812504,83.63572594234464,0.45500000000000007,0.5271428571428572,0.0
PHASE 2,671,1075200,1072,1365.8437765491337,875.1203276436081,1790.8742290750247,346.29744322916713,350.4605257812504,83.63572594234464,0.4507142857142858,0.4800000000000001,0.0
PHASE 2,672,1076800,1072,1365.8437765491337,875.1203276436081,1790.8742290750247,346.29744322916713,350.4605257812504,83.63572594234464,0.37,0.4428571428571429,0.0
PHASE 2,673,1078400,1072,1365.8437765491337,875.1203276436081,1790.8742290750247,346.29744322916713,350.4605257812504,83.63572594234464,0.4192857142857143,0.45785714285714285,0.0
PHASE 2,674,1080000,1080,1378.0560894658536,875.1203276436081,1790.8742290750247,348.717472916667,355.05260182291704,84.28575184078909,0.0,0.0,0.0
PHASE 2,675,1081600,1080,1378.056089465853,875.1203276436081,1790.8742290750247,348.7174729166671,355.0526018229169,84.28575184078909,0.4121428571428572,0.47928571428571437,0.0
PHASE 2,676,1083200,1080,1378.056089465853,875.1203276436081,1790.8742290750247,348.7174729166671,355.0526018229169,84.28575184078909,0.39357142857142857,0.4192857142857144,0.0
PHASE 2,677,1084800,1080,1378.056089465853,875.1203276436081,1790.8742290750247,348.7174729166671,355.0526018229169,84.28575184078909,0.41785714285714287,0.5014285714285714,0.0
PHASE 2,678,1086400,1080,1378.056089465853,875.1203276436081,1790.8742290750247,348.7174729166671,355.0526018229169,84.28575184078909,0.4192857142857143,0.495,0.0
PHASE 2,679,1088000,1088,1382.1667269711345,875.1203276436081,1790.8742290750247,350.31061250000033,354.9847752604169,84.60891740134528,0.0,0.0,0.0
PHASE 2,680,1089600,1088,1382.1667269711345,875.1203276436081,1790.8742290750247,350.31061250000045,354.98477526041694,84.60891740134528,0.42214285714285715,0.4885714285714286,0.0
PHASE 2,681,1091200,1088,1382.1667269711345,875.1203276436081,1790.8742290750247,350.31061250000045,354.98477526041694,84.60891740134528,0.4521428571428571,0.4735714285714286,0.0
PHASE 2,682,1092800,1088,1382.1667269711345,875.1203276436081,1790.8742290750247,350.31061250000045,354.98477526041694,84.60891740134528,0.3807142857142857,0.45357142857142857,0.0
PHASE 2,683,1094400,1088,1382.1667269711345,875.1203276436081,1790.8742290750247,350.31061250000045,354.98477526041694,84.60891740134528,0.4671428571428572,0.49285714285714277,0.0
PHASE 2,684,1096000,1096,1384.702628979894,875.1203276436081,1790.8742290750247,351.86855468750036,354.5409989583336,84.7866344167634,0.0,0.0,0.0
PHASE 2,685,1097600,1096,1384.702628979894,875.1203276436081,1790.8742290750247,351.8685546875003,354.54099895833366,84.7866344167634,0.40214285714285714,0.49214285714285716,0.0
PHASE 2,686,1099200,1096,1384.702628979894,875.1203276436081,1790.8742290750247,351.8685546875003,354.54099895833366,84.7866344167634,0.4507142857142856,0.4564285714285714,0.0
PHASE 2,687,1100800,1096,1384.702628979894,875.1203276436081,1790.8742290750247,351.8685546875003,354.54099895833366,84.7866344167634,0.38500000000000006,0.42142857142857143,0.0
PHASE 2,688,1102400,1096,1384.702628979894,875.1203276436081,1790.8742290750247,351.8685546875003,354.54099895833366,84.7866344167634,0.4192857142857143,0.44571428571428573,0.0
PHASE 2,689,1104000,1104,1391.5676473911903,875.1203276436081,1790.8742290750247,352.15467708333364,356.859707291667,85.31915787702965,0.0,0.0,0.0
PHASE 2,690,1105600,1104,1391.567647391191,875.1203276436081,1790.8742290750247,352.1546770833336,356.85970729166706,85.31915787702965,0.445,0.46500000000000014,0.0
PHASE 2,691,1107200,1104,1391.567647391191,875.1203276436081,1790.8742290750247,352.1546770833336,356.85970729166706,85.31915787702965,0.44785714285714284,0.5092857142857143,0.0
PHASE 2,692,1108800,1104,1391.567647391191,875.1203276436081,1790.8742290750247,352.1546770833336,356.85970729166706,85.31915787702965,0.325,0.43714285714285717,0.0
PHASE 2,693,1110400,1104,1391.567647391191,875.1203276436081,1790.8742290750247,352.1546770833336,356.85970729166706,85.31915787702965,0.40928571428571425,0.40928571428571436,0.0
PHASE 2,694,1112000,1112,1387.5118009824935,875.1203276436081,1790.8742290750247,349.23452916666696,357.4177718750004,85.10743749260915,0.0,0.0,0.0
PHASE 2,695,1113600,1112,1387.5118009824932,875.1203276436081,1790.8742290750247,349.2345291666671,357.41777187500026,85.10743749260917,0.4007142857142858,0.4892857142857142,0.0
PHASE 2,696,1115200,1112,1387.5118009824932,875.1203276436081,1790.8742290750247,349.2345291666671,357.41777187500026,85.10743749260917,0.42000000000000004,0.44571428571428573,0.0
PHASE 2,697,1116800,1112,1387.5118009824932,875.1203276436081,1790.8742290750247,349.2345291666671,357.41777187500026,85.10743749260917,0.48428571428571426,0.44000000000000006,0.0
PHASE 2,698,1118400,1112,1387.5118009824932,875.1203276436081,1790.8742290750247,349.2345291666671,357.41777187500026,85.10743749260917,0.4064285714285715,0.49785714285714294,0.0
PHASE 2,699,1120000,1120,1380.37393434577,875.1203276436081,1790.8742290750247,345.6787203125004,357.0185093750003,84.70958808228924,0.0,0.0,0.0
PHASE 2,700,1121600,1120,1380.37393434577,875.1203276436081,1790.8742290750247,345.6787203125004,357.0185093750003,84.70958808228924,0.475,0.4564285714285714,0.0
PHASE 2,701,1123200,1120,1380.37393434577,875.1203276436081,1790.8742290750247,345.6787203125004,357.0185093750003,84.70958808228924,0.3928571428571429,0.44642857142857145,0.0
PHASE 2,702,1124800,1120,1380.37393434577,875.1203276436081,1790.8742290750247,345.6787203125004,357.0185093750003,84.70958808228924,0.4692857142857143,0.49357142857142866,0.0
PHASE 2,703,1126400,1120,1380.37393434577,875.1203276436081,1790.8742290750247,345.6787203125004,357.0185093750003,84.70958808228924,0.4600000000000001,0.5221428571428571,0.0
PHASE 2,704,1128000,1128,1374.5532411150384,810.9673546876879,1790.8742290750247,343.26480520833366,355.17244947916697,84.51449830344754,0.0,0.0,0.0
PHASE 2,705,1129600,1128,1374.5532411150386,810.9673546876879,1790.8742290750247,343.2648052083337,355.17244947916697,84.51449830344757,0.40499999999999997,0.40357142857142864,0.0
PHASE 2,706,1131200,1128,1374.5532411150386,810.9673546876879,1790.8742290750247,343.2648052083337,355.17244947916697,84.51449830344757,0.48571428571428577,0.4628571428571429,0.0
PHASE 2,707,1132800,1128,1374.5532411150386,810.9673546876879,1790.8742290750247,343.2648052083337,355.17244947916697,84.51449830344757,0.4978571428571429,0.47928571428571426,0.0
PHASE 2,708,1134400,1128,1374.5532411150386,810.9673546876879,1790.8742290750247,343.2648052083337,355.17244947916697,84.51449830344757,0.38928571428571435,0.49071428571428577,0.0
PHASE 2,709,1136000,1136,1379.2224801139578,810.9673546876879,1790.8742290750247,342.3400802083337,358.6492536458336,84.77914328247931,0.0,0.0,0.0
PHASE 2,710,1137600,1136,1379.2224801139578,810.9673546876879,1790.8742290750247,342.3400802083337,358.64925364583365,84.77914328247931,0.4492857142857143,0.48142857142857143,0.0
PHASE 2,711,1139200,1136,1379.2224801139578,810.9673546876879,1790.8742290750247,342.3400802083337,358.64925364583365,84.77914328247931,0.4121428571428572,0.3664285714285715,0.0
PHASE 2,712,1140800,1136,1379.2224801139578,810.9673546876879,1790.8742290750247,342.3400802083337,358.64925364583365,84.77914328247931,0.44857142857142857,0.46142857142857147,0.0
PHASE 2,713,1142400,1136,1379.2224801139578,810.9673546876879,1790.8742290750247,342.3400802083337,358.64925364583365,84.77914328247931,0.39142857142857146,0.4871428571428572,0.0
PHASE 2,714,1144000,1144,1378.575805325368,810.9673546876879,1790.8742290750247,342.594176041667,356.2741692708337,84.96343250161397,0.0,0.0,0.0
PHASE 2,715,1145600,1144,1378.5758053253678,810.9673546876879,1790.8742290750247,342.594176041667,356.27416927083374,84.96343250161397,0.4642857142857143,0.4607142857142857,0.0
PHASE 2,716,1147200,1144,1378.5758053253678,810.9673546876879,1790.8742290750247,342.594176041667,356.27416927083374,84.96343250161397,0.4257142857142858,0.4621428571428571,0.0
PHASE 2,717,1148800,1144,1378.5758053253678,810.9673546876879,1790.8742290750247,342.594176041667,356.27416927083374,84.96343250161397,0.39714285714285713,0.45428571428571435,0.0
PHASE 2,718,1150400,1144,1378.5758053253678,810.9673546876879,1790.8742290750247,342.594176041667,356.27416927083374,84.96343250161397,0.4271428571428572,0.48357142857142854,0.0
PHASE 2,719,1152000,1152,1376.7694361224235,810.9673546876879,1790.8742290750247,339.4320364583337,357.6604609375004,84.95961734082935,0.0,0.0,0.0
PHASE 2,720,1153600,1152,1376.7694361224242,810.9673546876879,1790.8742290750247,339.4320364583337,357.6604609375003,84.95961734082934,0.4685714285714286,0.4614285714285714,0.0
PHASE 2,721,1155200,1152,1376.7694361224242,810.9673546876879,1790.8742290750247,339.4320364583337,357.6604609375003,84.95961734082934,0.4542857142857143,0.48500000000000004,0.0
PHASE 2,722,1156800,1152,1376.7694361224242,810.9673546876879,1790.8742290750247,339.4320364583337,357.6604609375003,84.95961734082934,0.42857142857142866,0.45999999999999996,0.0
PHASE 2,723,1158400,1152,1376.7694361224242,810.9673546876879,1790.8742290750247,339.4320364583337,357.6604609375003,84.95961734082934,0.5092857142857143,0.4307142857142857,0.0
PHASE 2,724,1160000,1160,1367.7280420046177,810.9673546876879,1713.4516698100938,338.57011145833366,353.3420828125003,84.47698096672859,0.0,0.0,0.0
PHASE 2,725,1161600,1160,1367.7280420046172,810.9673546876879,1713.4516698100938,338.5701114583337,353.3420828125003,84.47698096672859,0.46142857142857147,0.46571428571428575,0.0
PHASE 2,726,1163200,1160,1367.7280420046172,810.9673546876879,1713.4516698100938,338.5701114583337,353.3420828125003,84.47698096672859,0.4435714285714286,0.4621428571428572,0.0
PHASE 2,727,1164800,1160,1367.7280420046172,810.9673546876879,1713.4516698100938,338.5701114583337,353.3420828125003,84.47698096672859,0.48571428571428577,0.465,0.0
PHASE 2,728,1166400,1160,1367.7280420046172,810.9673546876879,1713.4516698100938,338.5701114583337,353.3420828125003,84.47698096672859,0.4828571428571428,0.4600000000000001,0.0
PHASE 2,729,1168000,1168,1362.9671514891616,810.9673546876879,1708.549366371661,339.94627421875043,349.56656302083354,84.18178928120264,0.0,0.0,0.0
PHASE 2,730,1169600,1168,1362.9671514891618,810.9673546876879,1708.549366371661,339.9462742187503,349.56656302083366,84.18178928120264,0.44000000000000006,0.5271428571428571,0.0
PHASE 2,731,1171200,1168,1362.9671514891618,810.9673546876879,1708.549366371661,339.9462742187503,349.56656302083366,84.18178928120264,0.43571428571428567,0.45357142857142857,0.0
PHASE 2,732,1172800,1168,1362.9671514891618,810.9673546876879,1708.549366371661,339.9462742187503,349.56656302083366,84.18178928120264,0.39142857142857135,0.5000000000000001,0.0
PHASE 2,733,1174400,1168,1362.9671514891618,810.9673546876879,1708.549366371661,339.9462742187503,349.56656302083366,84.18178928120264,0.41571428571428576,0.49428571428571433,0.0
PHASE 2,734,1176000,1176,1369.0017241625014,810.9673546876879,1708.549366371661,340.45797265625026,352.2579796875003,84.53572147734954,0.0,0.0,0.0
PHASE 2,735,1177600,1176,1369.0017241625014,810.9673546876879,1708.549366371661,340.45797265625026,352.25797968750027,84.53572147734954,0.4071428571428572,0.40214285714285725,0.0
PHASE 2,736,1179200,1176,1369.0017241625014,810.9673546876879,1708.549366371661,340.45797265625026,352.25797968750027,84.53572147734954,0.4385714285714285,0.4621428571428573,0.0
PHASE 2,737,1180800,1176,1369.0017241625014,810.9673546876879,1708.549366371661,340.45797265625026,352.25797968750027,84.53572147734954,0.3778571428571429,0.4671428571428572,0.0
PHASE 2,738,1182400,1176,1369.0017241625014,810.9673546876879,1708.549366371661,340.45797265625026,352.25797968750027,84.53572147734954,0.43785714285714283,0.37071428571428566,0.0
PHASE 2,739,1184000,1184,1364.6576814771172,810.9673546876879,1708.549366371661,336.80826744791705,352.3248953125003,84.44056483959314,0.0,0.0,0.0
PHASE 2,740,1185600,1184,1364.657681477117,810.9673546876879,1708.549366371661,336.80826744791705,352.3248953125003,84.44056483959314,0.4278571428571428,0.39,0.0
PHASE 2,741,1187200,1184,1364.657681477117,810.9673546876879,1708.549366371661,336.80826744791705,352.3248953125003,84.44056483959314,0.47214285714285725,0.44785714285714284,0.0
PHASE 2,742,1188800,1184,1364.657681477117,810.9673546876879,1708.549366371661,336.80826744791705,352.3248953125003,84.44056483959314,0.4735714285714286,0.4471428571428572,0.0
PHASE 2,743,1190400,1184,1364.657681477117,810.9673546876879,1708.549366371661,336.80826744791705,352.3248953125003,84.44056483959314,0.42785714285714294,0.4121428571428572,0.0
PHASE 2,744,1192000,1192,1361.5044124090002,810.9673546876879,1708.549366371661,335.79027421875026,351.31673151041696,84.29967583498468,0.0,0.0,0.0
PHASE 2,745,1193600,1192,1361.504412409001,810.9673546876879,1708.549366371661,335.79027421875037,351.31673151041696,84.29967583498467,0.39,0.4692857142857143,0.0
PHASE 2,746,1195200,1192,1361.504412409001,810.9673546876879,1708.549366371661,335.79027421875037,351.31673151041696,84.29967583498467,0.4685714285714287,0.41785714285714287,0.0
PHASE 2,747,1196800,1192,1361.504412409001,810.9673546876879,1708.549366371661,335.79027421875037,351.31673151041696,84.29967583498467,0.41500000000000015,0.44285714285714295,0.0
PHASE 2,748,1198400,1192,1361.504412409001,810.9673546876879,1708.549366371661,335.79027421875037,351.31673151041696,84.29967583498467,0.49857142857142855,0.45928571428571424,0.0
PHASE 2,749,1200000,1200,1350.5633540412134,810.9673546876879,1708.549366371661,337.85740104166706,344.2041888020836,83.56272052468817,0.0,0.0,0.0
PHASE 2,750,1201600,1200,1350.5633540412134,810.9673546876879,1708.549366371661,337.85740104166706,344.2041888020836,83.56272052468816,0.44785714285714284,0.43000000000000005,0.0
PHASE 2,751,1203200,1200,1350.5633540412134,810.9673546876879,1708.549366371661,337.85740104166706,344.2041888020836,83.56272052468816,0.41785714285714287,0.49571428571428583,0.0
PHASE 2,752,1204800,1200,1350.5633540412134,810.9673546876879,1708.549366371661,337.85740104166706,344.2041888020836,83.56272052468816,0.39642857142857146,0.4414285714285714,0.0
PHASE 2,753,1206400,1200,1350.5633540412134,810.9673546876879,1708.549366371661,337.85740104166706,344.2041888020836,83.56272052468816,0.425,0.47285714285714286,0.0
PHASE 2,754,1208000,1208,1352.3077603051934,810.9673546876879,1708.549366371661,336.3716708333336,346.7716981770836,83.64554891185249,0.0,0.0,0.0
PHASE 2,755,1209600,1208,1352.3077603051936,810.9673546876879,1708.549366371661,336.3716708333337,346.7716981770837,83.64554891185252,0.44000000000000006,0.43714285714285717,0.0
PHASE 2,756,1211200,1208,1352.3077603051936,810.9673546876879,1708.549366371661,336.3716708333337,346.7716981770837,83.64554891185252,0.45,0.48285714285714293,0.0
PHASE 2,757,1212800,1208,1352.3077603051936,810.9673546876879,1708.549366371661,336.3716708333337,346.7716981770837,83.64554891185252,0.4842857142857143,0.3921428571428572,0.0
PHASE 2,758,1214400,1208,1352.3077603051936,810.9673546876879,1708.549366371661,336.3716708333337,346.7716981770837,83.64554891185252,0.47285714285714286,0.4207142857142857,0.0
PHASE 2,759,1216000,1216,1362.483221703861,810.9673546876879,1734.7990857857726,340.56855104166704,347.68832213541697,84.27829356585272,0.0,0.0,0.0
PHASE 2,760,1217600,1216,1362.4832217038609,810.9673546876879,1734.7990857857726,340.56855104166704,347.68832213541697,84.2782935658527,0.425,0.44857142857142857,0.0
PHASE 2,761,1219200,1216,1362.4832217038609,810.9673546876879,1734.7990857857726,340.56855104166704,347.68832213541697,84.2782935658527,0.4107142857142857,0.5107142857142857,0.0
PHASE 2,762,1220800,1216,1362.4832217038609,810.9673546876879,1734.7990857857726,340.56855104166704,347.68832213541697,84.2782935658527,0.4192857142857143,0.4378571428571429,0.0
PHASE 2,763,1222400,1216,1362.4832217038609,810.9673546876879,1734.7990857857726,340.56855104166704,347.68832213541697,84.2782935658527,0.45714285714285713,0.4185714285714285,0.0
PHASE 2,764,1224000,1224,1386.801145512469,986.2862076574943,1734.7990857857726,350.5868531250003,350.02348854166695,85.77385048073157,0.0,0.0,0.0
PHASE 2,765,1225600,1224,1386.801145512469,986.2862076574943,1734.7990857857726,350.58685312500035,350.023488541667,85.77385048073157,0.4714285714285714,0.44000000000000006,0.0
PHASE 2,766,1227200,1224,1386.801145512469,986.2862076574943,1734.7990857857726,350.58685312500035,350.023488541667,85.77385048073157,0.4135714285714286,0.44642857142857145,0.0
PHASE 2,767,1228800,1224,1386.801145512469,986.2862076574943,1734.7990857857726,350.58685312500035,350.023488541667,85.77385048073157,0.5321428571428573,0.4821428571428571,0.0
PHASE 2,768,1230400,1224,1386.801145512469,986.2862076574943,1734.7990857857726,350.58685312500035,350.023488541667,85.77385048073157,0.43499999999999994,0.4235714285714286,0.0
PHASE 2,769,1232000,1232,1396.2222355909316,1017.5296919098874,1734.7990857857726,353.70120208333356,352.96349270833366,86.1946925999147,0.0,0.0,0.0
PHASE 2,770,1233600,1232,1396.2222355909323,1017.5296919098874,1734.7990857857726,353.7012020833336,352.9634927083336,86.1946925999147,0.4578571428571429,0.4600000000000001,0.0
PHASE 2,771,1235200,1232,1396.2222355909323,1017.5296919098874,1734.7990857857726,353.7012020833336,352.9634927083336,86.1946925999147,0.41071428571428575,0.45000000000000007,0.0
PHASE 2,772,1236800,1232,1396.2222355909323,1017.5296919098874,1734.7990857857726,353.7012020833336,352.9634927083336,86.1946925999147,0.4335714285714286,0.4885714285714286,0.0
PHASE 2,773,1238400,1232,1396.2222355909323,1017.5296919098874,1734.7990857857726,353.7012020833336,352.9634927083336,86.1946925999147,0.4121428571428572,0.47214285714285714,0.0
PHASE 2,774,1240000,1240,1396.0623347630442,1017.5296919098874,1734.7990857857726,356.04815000000025,351.21128229166686,86.10036280892884,0.0,0.0,0.0
PHASE 2,775,1241600,1240,1396.0623347630442,1017.5296919098874,1734.7990857857726,356.0481500000003,351.2112822916669,86.10036280892886,0.42714285714285716,0.47000000000000003,0.0
PHASE 2,776,1243200,1240,1396.0623347630442,1017.5296919098874,1734.7990857857726,356.0481500000003,351.2112822916669,86.10036280892886,0.44214285714285717,0.495,0.0
PHASE 2,777,1244800,1240,1396.0623347630442,1017.5296919098874,1734.7990857857726,356.0481500000003,351.2112822916669,86.10036280892886,0.4207142857142857,0.46642857142857147,0.0
PHASE 2,778,1246400,1240,1396.0623347630442,1017.5296919098874,1734.7990857857726,356.0481500000003,351.2112822916669,86.10036280892886,0.4078571428571429,0.4600000000000001,0.0
PHASE 2,779,1248000,1248,1406.3246651830873,1087.0460805359442,1734.7990857857726,355.7067645833337,357.7386729166669,86.60990346039286,0.0,0.0,0.0
PHASE 2,780,1249600,1248,1406.3246651830877,1087.0460805359442,1734.7990857857726,355.70676458333367,357.7386729166669,86.60990346039286,0.44714285714285706,0.3914285714285714,0.0
PHASE 2,781,1251200,1248,1406.3246651830877,1087.0460805359442,1734.7990857857726,355.70676458333367,357.7386729166669,86.60990346039286,0.41000000000000003,0.5064285714285715,0.0
PHASE 2,782,1252800,1248,1406.3246651830877,1087.0460805359442,1734.7990857857726,355.70676458333367,357.7386729166669,86.60990346039286,0.4342857142857143,0.40714285714285714,0.0
PHASE 2,783,1254400,1248,1406.3246651830877,1087.0460805359442,1734.7990857857726,355.70676458333367,357.7386729166669,86.60990346039286,0.43357142857142855,0.5085714285714286,0.0
PHASE 2,784,1256000,1256,1403.1399692140008,1078.768087265688,1734.7990857857726,357.1160458333336,356.16557916666693,86.23229302675689,0.0,0.0,0.0
PHASE 2,785,1257600,1256,1403.1399692140005,1078.768087265688,1734.7990857857726,357.1160458333336,356.16557916666693,86.2322930267569,0.3921428571428572,0.47071428571428575,0.0
PHASE 2,786,1259200,1256,1403.1399692140005,1078.768087265688,1734.7990857857726,357.1160458333336,356.16557916666693,86.2322930267569,0.4014285714285714,0.4735714285714286,0.0
PHASE 2,787,1260800,1256,1403.1399692140005,1078.768087265688,1734.7990857857726,357.1160458333336,356.16557916666693,86.2322930267569,0.395,0.4642857142857143,0.0
PHASE 2,788,1262400,1256,1403.1399692140005,1078.768087265688,1734.7990857857726,357.1160458333336,356.16557916666693,86.2322930267569,0.44285714285714295,0.49428571428571433,0.0
PHASE 2,789,1264000,1264,1402.0484643085945,1078.768087265688,1734.7990857857726,352.5720708333337,359.8686833333336,86.20096376774767,0.0,0.0,0.0
PHASE 2,790,1265600,1264,1402.0484643085945,1078.768087265688,1734.7990857857726,352.5720708333336,359.86868333333354,86.20096376774767,0.4035714285714286,0.44571428571428573,0.0
PHASE 2,791,1267200,1264,1402.0484643085945,1078.768087265688,1734.7990857857726,352.5720708333336,359.86868333333354,86.20096376774767,0.4607142857142857,0.44000000000000006,0.0
PHASE 2,792,1268800,1264,1402.0484643085945,1078.768087265688,1734.7990857857726,352.5720708333336,359.86868333333354,86.20096376774767,0.44857142857142857,0.41714285714285715,0.0
PHASE 2,793,1270400,1264,1402.0484643085945,1078.768087265688,1734.7990857857726,352.5720708333336,359.86868333333354,86.20096376774767,0.4121428571428571,0.44571428571428573,0.0
PHASE 2,794,1272000,1272,1408.570185606647,1078.768087265688,1830.4900966928092,353.402864322917,361.9305989583336,86.65459029068163,0.0,0.0,0.0
PHASE 2,795,1273600,1272,1408.570185606647,1078.768087265688,1830.4900966928092,353.4028643229169,361.9305989583335,86.65459029068163,0.42857142857142855,0.4171428571428571,0.0
PHASE 2,796,1275200,1272,1408.570185606647,1078.768087265688,1830.4900966928092,353.4028643229169,361.9305989583335,86.65459029068163,0.3828571428571429,0.49071428571428577,0.0
PHASE 2,797,1276800,1272,1408.570185606647,1078.768087265688,1830.4900966928092,353.4028643229169,361.9305989583335,86.65459029068163,0.4871428571428571,0.47714285714285715,0.0
PHASE 2,798,1278400,1272,1408.570185606647,1078.768087265688,1830.4900966928092,353.4028643229169,361.9305989583335,86.65459029068163,0.40857142857142864,0.41500000000000004,0.0
PHASE 2,799,1280000,1280,1396.0558601436392,1078.768087265688,1830.4900966928092,352.3951414062503,355.51668333333356,86.01800442551372,0.0,0.0,0.0
PHASE 2,800,1281600,1280,1396.055860143639,1078.768087265688,1830.4900966928092,352.39514140625033,355.51668333333373,86.01800442551372,0.4407142857142857,0.4428571428571429,0.0
PHASE 2,801,1283200,1280,1396.055860143639,1078.768087265688,1830.4900966928092,352.39514140625033,355.51668333333373,86.01800442551372,0.40285714285714286,0.41428571428571426,0.0
PHASE 2,802,1284800,1280,1396.055860143639,1078.768087265688,1830.4900966928092,352.39514140625033,355.51668333333373,86.01800442551372,0.40499999999999997,0.47857142857142854,0.0
PHASE 2,803,1286400,1280,1396.055860143639,1078.768087265688,1830.4900966928092,352.39514140625033,355.51668333333373,86.01800442551372,0.42714285714285716,0.4564285714285714,0.0
PHASE 2,804,1288000,1288,1404.2553464900398,1078.768087265688,1830.4900966928092,352.8294382812503,359.0404958333337,86.5481765469389,0.0,0.0,0.0
PHASE 2,805,1289600,1288,1404.2553464900393,1078.768087265688,1830.4900966928092,352.8294382812504,359.04049583333364,86.54817654693889,0.4442857142857143,0.43500000000000005,0.0
PHASE 2,806,1291200,1288,1404.2553464900393,1078.768087265688,1830.4900966928092,352.8294382812504,359.04049583333364,86.54817654693889,0.48142857142857143,0.4978571428571429,0.0
PHASE 2,807,1292800,1288,1404.2553464900393,1078.768087265688,1830.4900966928092,352.8294382812504,359.04049583333364,86.54817654693889,0.3785714285714286,0.40214285714285714,0.0
PHASE 2,808,1294400,1288,1404.2553464900393,1078.768087265688,1830.4900966928092,352.8294382812504,359.04049583333364,86.54817654693889,0.49857142857142855,0.5035714285714286,0.0
PHASE 2,809,1296000,1296,1410.2133296028398,1078.768087265688,1830.4900966928092,355.11611744791696,360.80308515625023,86.78676587484104,0.0,0.0,0.0
PHASE 2,810,1297600,1296,1410.2133296028396,1078.768087265688,1830.4900966928092,355.11611744791696,360.8030851562503,86.78676587484104,0.4335714285714286,0.45785714285714285,0.0
PHASE 2,811,1299200,1296,1410.2133296028396,1078.768087265688,1830.4900966928092,355.11611744791696,360.8030851562503,86.78676587484104,0.42428571428571427,0.4121428571428572,0.0
PHASE 2,812,1300800,1296,1410.2133296028396,1078.768087265688,1830.4900966928092,355.11611744791696,360.8030851562503,86.78676587484104,0.37357142857142855,0.4435714285714286,0.0
PHASE 2,813,1302400,1296,1410.2133296028396,1078.768087265688,1830.4900966928092,355.11611744791696,360.8030851562503,86.78676587484104,0.42928571428571427,0.4514285714285714,0.0
PHASE 2,814,1304000,1304,1412.778393806076,1078.768087265688,1830.4900966928092,354.2079098958337,362.00383098958366,87.07083161508938,0.0,0.0,0.0
PHASE 2,815,1305600,1304,1412.7783938060766,1078.768087265688,1830.4900966928092,354.20790989583367,362.00383098958366,87.07083161508939,0.40857142857142864,0.5178571428571428,0.0
PHASE 2,816,1307200,1304,1412.7783938060766,1078.768087265688,1830.4900966928092,354.20790989583367,362.00383098958366,87.07083161508939,0.465,0.46499999999999997,0.0
PHASE 2,817,1308800,1304,1412.7783938060766,1078.768087265688,1830.4900966928092,354.20790989583367,362.00383098958366,87.07083161508939,0.4307142857142857,0.42642857142857143,0.0
PHASE 2,818,1310400,1304,1412.7783938060766,1078.768087265688,1830.4900966928092,354.20790989583367,362.00383098958366,87.07083161508939,0.4492857142857144,0.40928571428571425,0.0
PHASE 2,819,1312000,1312,1405.3831545385108,1078.768087265688,1830.4900966928092,352.94764947916696,359.42160651041695,86.62673731862263,0.0,0.0,0.0
PHASE 2,820,1313600,1312,1405.3831545385108,1078.768087265688,1830.4900966928092,352.947649479167,359.42160651041695,86.62673731862263,0.42857142857142855,0.4685714285714286,0.0
PHASE 2,821,1315200,1312,1405.3831545385108,1078.768087265688,1830.4900966928092,352.947649479167,359.42160651041695,86.62673731862263,0.40428571428571425,0.49857142857142855,0.0
PHASE 2,822,1316800,1312,1405.3831545385108,1078.768087265688,1830.4900966928092,352.947649479167,359.42160651041695,86.62673731862263,0.42642857142857143,0.45928571428571435,0.0
PHASE 2,823,1318400,1312,1405.3831545385108,1078.768087265688,1830.4900966928092,352.947649479167,359.42160651041695,86.62673731862263,0.44714285714285723,0.5535714285714286,0.0
PHASE 2,824,1320000,1320,1393.0471993324836,1078.768087265688,1830.4900966928092,347.474808854167,358.2664869791669,85.91323793740023,0.0,0.0,0.0
PHASE 2,825,1321600,1320,1393.047199332483,1078.768087265688,1830.4900966928092,347.474808854167,358.26648697916687,85.91323793740023,0.445,0.4892857142857143,0.0
PHASE 2,826,1323200,1320,1393.047199332483,1078.768087265688,1830.4900966928092,347.474808854167,358.26648697916687,85.91323793740023,0.4235714285714286,0.4928571428571429,0.0
PHASE 2,827,1324800,1320,1393.047199332483,1078.768087265688,1830.4900966928092,347.474808854167,358.26648697916687,85.91323793740023,0.48,0.4671428571428572,0.0
PHASE 2,828,1326400,1320,1393.047199332483,1078.768087265688,1830.4900966928092,347.474808854167,358.26648697916687,85.91323793740023,0.43928571428571433,0.44785714285714284,0.0
PHASE 2,829,1328000,1328,1389.0246420135509,1078.768087265688,1830.4900966928092,347.6168015625003,355.5018067708336,85.73825421003345,0.0,0.0,0.0
PHASE 2,830,1329600,1328,1389.0246420135516,1078.768087265688,1830.4900966928092,347.6168015625005,355.50180677083364,85.73825421003346,0.4278571428571428,0.4385714285714285,0.0
PHASE 2,831,1331200,1328,1389.0246420135516,1078.768087265688,1830.4900966928092,347.6168015625005,355.50180677083364,85.73825421003346,0.43357142857142855,0.47071428571428575,0.0
PHASE 2,832,1332800,1328,1389.0246420135516,1078.768087265688,1830.4900966928092,347.6168015625005,355.50180677083364,85.73825421003346,0.4207142857142857,0.3892857142857143,0.0
PHASE 2,833,1334400,1328,1389.0246420135516,1078.768087265688,1830.4900966928092,347.6168015625005,355.50180677083364,85.73825421003346,0.3592857142857143,0.4864285714285715,0.0
PHASE 2,834,1336000,1336,1377.4065384804428,1073.8074593368176,1830.4900966928092,345.9583260416672,350.7060786458337,85.09276672412366,0.0,0.0,0.0
PHASE 2,835,1337600,1336,1377.4065384804428,1073.8074593368176,1830.4900966928092,345.958326041667,350.7060786458337,85.09276672412369,0.4564285714285714,0.4885714285714287,0.0
PHASE 2,836,1339200,1336,1377.4065384804428,1073.8074593368176,1830.4900966928092,345.958326041667,350.7060786458337,85.09276672412369,0.3828571428571429,0.4278571428571428,0.0
PHASE 2,837,1340800,1336,1377.4065384804428,1073.8074593368176,1830.4900966928092,345.958326041667,350.7060786458337,85.09276672412369,0.425,0.4178571428571428,0.0
PHASE 2,838,1342400,1336,1377.4065384804428,1073.8074593368176,1830.4900966928092,345.958326041667,350.7060786458337,85.09276672412369,0.4585714285714285,0.49857142857142855,0.0
PHASE 2,839,1344000,1344,1383.3859717844553,1073.8074593368176,1830.4900966928092,344.8175468750004,352.9828716145837,85.69819416186499,0.0,0.0,0.0
PHASE 2,840,1345600,1344,1383.3859717844553,1073.8074593368176,1830.4900966928092,344.81754687500046,352.9828716145836,85.69819416186498,0.4078571428571429,0.47642857142857153,0.0
PHASE 2,841,1347200,1344,1383.3859717844553,1073.8074593368176,1830.4900966928092,344.81754687500046,352.9828716145836,85.69819416186498,0.4392857142857142,0.4435714285714285,0.0
PHASE 2,842,1348800,1344,1383.3859717844553,1073.8074593368176,1830.4900966928092,344.81754687500046,352.9828716145836,85.69819416186498,0.40714285714285714,0.3985714285714286,0.0
PHASE 2,843,1350400,1344,1383.3859717844553,1073.8074593368176,1830.4900966928092,344.81754687500046,352.9828716145836,85.69819416186498,0.44857142857142857,0.5228571428571429,0.0
PHASE 2,844,1352000,1352,1380.1218525068484,1073.8074593368176,1830.4900966928092,343.8029588541672,352.1620476562502,85.51960574955997,0.0,0.0,0.0
PHASE 2,845,1353600,1352,1380.1218525068484,1073.8074593368176,1830.4900966928092,343.802958854167,352.16204765625037,85.51960574955997,0.4064285714285714,0.43,0.0
PHASE 2,846,1355200,1352,1380.1218525068484,1073.8074593368176,1830.4900966928092,343.802958854167,352.16204765625037,85.51960574955997,0.3742857142857143,0.4642857142857143,0.0
PHASE 2,847,1356800,1352,1380.1218525068484,1073.8074593368176,1830.4900966928092,343.802958854167,352.16204765625037,85.51960574955997,0.4014285714285715,0.41428571428571426,0.0
PHASE 2,848,1358400,1352,1380.1218525068484,1073.8074593368176,1830.4900966928092,343.802958854167,352.16204765625037,85.51960574955997,0.4435714285714286,0.46642857142857147,0.0
PHASE 2,849,1360000,1360,1385.2469151727862,840.1414164691753,1830.4900966928092,347.4422359375003,350.8378427083337,85.87085456587515,0.0,0.0,0.0
PHASE 2,850,1361600,1360,1385.2469151727862,840.1414164691753,1830.4900966928092,347.44223593750036,350.83784270833365,85.87085456587512,0.43928571428571433,0.4407142857142857,0.0
PHASE 2,851,1363200,1360,1385.2469151727862,840.1414164691753,1830.4900966928092,347.44223593750036,350.83784270833365,85.87085456587512,0.43,0.44785714285714284,0.0
PHASE 2,852,1364800,1360,1385.2469151727862,840.1414164691753,1830.4900966928092,347.44223593750036,350.83784270833365,85.87085456587512,0.4600000000000001,0.4628571428571429,0.0
PHASE 2,853,1366400,1360,1385.2469151727862,840.1414164691753,1830.4900966928092,347.44223593750036,350.83784270833365,85.87085456587512,0.39,0.4685714285714286,0.0
PHASE 2,854,1368000,1368,1382.738045762984,840.1414164691753,1796.544993261081,347.9630911458337,349.6671375000003,85.63847713965002,0.0,0.0,0.0
PHASE 2,855,1369600,1368,1382.7380457629836,840.1414164691753,1796.544993261081,347.96309114583374,349.6671375000003,85.63847713965,0.45285714285714285,0.445,0.0
PHASE 2,856,1371200,1368,1382.7380457629836,840.1414164691753,1796.544993261081,347.96309114583374,349.6671375000003,85.63847713965,0.35714285714285715,0.4314285714285714,0.0
PHASE 2,857,1372800,1368,1382.7380457629836,840.1414164691753,1796.544993261081,347.96309114583374,349.6671375000003,85.63847713965,0.4307142857142857,0.39714285714285713,0.0
PHASE 2,858,1374400,1368,1382.7380457629836,840.1414164691753,1796.544993261081,347.96309114583374,349.6671375000003,85.63847713965,0.4185714285714286,0.4878571428571429,0.0
PHASE 2,859,1376000,1376,1396.071409784218,840.1414164691753,1796.544993261081,351.7797630208336,351.429722916667,86.6077404808463,0.0,0.0,0.0
PHASE 2,860,1377600,1376,1396.071409784218,840.1414164691753,1796.544993261081,351.7797630208336,351.4297229166669,86.6077404808463,0.45857142857142863,0.42785714285714294,0.0
PHASE 2,861,1379200,1376,1396.071409784218,840.1414164691753,1796.544993261081,351.7797630208336,351.4297229166669,86.6077404808463,0.43071428571428577,0.4628571428571429,0.0
PHASE 2,862,1380800,1376,1396.071409784218,840.1414164691753,1796.544993261081,351.7797630208336,351.4297229166669,86.6077404808463,0.41500000000000004,0.44000000000000006,0.0
PHASE 2,863,1382400,1376,1396.071409784218,840.1414164691753,1796.544993261081,351.7797630208336,351.4297229166669,86.6077404808463,0.4635714285714285,0.4357142857142858,0.0
PHASE 2,864,1384000,1384,1409.7277305299888,840.1414164691753,1796.544993261081,353.8543484375003,356.8452427083336,87.37851742302621,0.0,0.0,0.0
PHASE 2,865,1385600,1384,1409.727730529989,840.1414164691753,1796.544993261081,353.8543484375003,356.8452427083336,87.37851742302621,0.4135714285714287,0.5007142857142857,0.0
PHASE 2,866,1387200,1384,1409.727730529989,840.1414164691753,1796.544993261081,353.8543484375003,356.8452427083336,87.37851742302621,0.465,0.4200000000000001,0.0
PHASE 2,867,1388800,1384,1409.727730529989,840.1414164691753,1796.544993261081,353.8543484375003,356.8452427083336,87.37851742302621,0.39285714285714285,0.5000000000000001,0.0
PHASE 2,868,1390400,1384,1409.727730529989,840.1414164691753,1796.544993261081,353.8543484375003,356.8452427083336,87.37851742302621,0.46571428571428575,0.4821428571428571,0.0
PHASE 2,869,1392000,1392,1411.8489159925116,840.1414164691753,1796.544993261081,352.576940104167,359.889732291667,87.42278044959171,0.0,0.0,0.0
PHASE 2,870,1393600,1392,1411.8489159925116,840.1414164691753,1796.544993261081,352.576940104167,359.88973229166703,87.42278044959171,0.40928571428571425,0.4250000000000001,0.0
PHASE 2,871,1395200,1392,1411.8489159925116,840.1414164691753,1796.544993261081,352.576940104167,359.88973229166703,87.42278044959171,0.39499999999999996,0.5164285714285715,0.0
PHASE 2,872,1396800,1392,1411.8489159925116,840.1414164691753,1796.544993261081,352.576940104167,359.88973229166703,87.42278044959171,0.42714285714285716,0.45071428571428573,0.0
PHASE 2,873,1398400,1392,1411.8489159925116,840.1414164691753,1796.544993261081,352.576940104167,359.88973229166703,87.42278044959171,0.47785714285714287,0.42642857142857143,0.0
PHASE 2,874,1400000,1400,1398.2424466268267,840.1414164691753,1730.7596905068115,350.39523177083373,353.890176041667,86.7446298517977,0.0,0.0,0.0
PHASE 2,875,1401600,1400,1398.2424466268267,840.1414164691753,1730.7596905068115,350.39523177083373,353.8901760416669,86.7446298517977,0.46571428571428575,0.5149999999999999,0.0
PHASE 2,876,1403200,1400,1398.2424466268267,840.1414164691753,1730.7596905068115,350.39523177083373,353.8901760416669,86.7446298517977,0.41785714285714287,0.5307142857142858,0.0
PHASE 2,877,1404800,1400,1398.2424466268267,840.1414164691753,1730.7596905068115,350.39523177083373,353.8901760416669,86.7446298517977,0.4185714285714286,0.46071428571428574,0.0
PHASE 2,878,1406400,1400,1398.2424466268267,840.1414164691753,1730.7596905068115,350.39523177083373,353.8901760416669,86.7446298517977,0.4321428571428571,0.5042857142857143,0.0
PHASE 2,879,1408000,1408,1403.0809015665864,840.1414164691753,1739.261115173294,349.54890026041693,358.03284322916693,86.93739475963226,0.0,0.0,0.0
PHASE 2,880,1409600,1408,1403.0809015665866,840.1414164691753,1739.261115173294,349.54890026041693,358.03284322916693,86.93739475963228,0.45,0.4757142857142857,0.0
PHASE 2,881,1411200,1408,1403.0809015665866,840.1414164691753,1739.261115173294,349.54890026041693,358.03284322916693,86.93739475963228,0.3978571428571428,0.42857142857142866,0.0
PHASE 2,882,1412800,1408,1403.0809015665866,840.1414164691753,1739.261115173294,349.54890026041693,358.03284322916693,86.93739475963228,0.40499999999999997,0.4842857142857143,0.0
PHASE 2,883,1414400,1408,1403.0809015665866,840.1414164691753,1739.261115173294,349.54890026041693,358.03284322916693,86.93739475963228,0.4278571428571428,0.4385714285714286,0.0
PHASE 2,884,1416000,1416,1403.010627428418,840.1414164691753,1739.261115173294,348.52728463541695,359.0491859375002,86.92926960694467,0.0,0.0,0.0
PHASE 2,885,1417600,1416,1403.0106274284178,840.1414164691753,1739.261115173294,348.52728463541695,359.0491859375002,86.92926960694467,0.4414285714285714,0.4492857142857144,0.0
PHASE 2,886,1419200,1416,1403.0106274284178,840.1414164691753,1739.261115173294,348.52728463541695,359.0491859375002,86.92926960694467,0.46642857142857147,0.47928571428571437,0.0
PHASE 2,887,1420800,1416,1403.0106274284178,840.1414164691753,1739.261115173294,348.52728463541695,359.0491859375002,86.92926960694467,0.4321428571428572,0.445,0.0
PHASE 2,888,1422400,1416,1403.0106274284178,840.1414164691753,1739.261115173294,348.52728463541695,359.0491859375002,86.92926960694467,0.3728571428571429,0.42928571428571427,0.0
PHASE 2,889,1424000,1424,1392.5456071537628,840.1414164691753,1739.261115173294,344.89716796875035,356.1231255208336,86.44066420802923,0.0,0.0,0.0
PHASE 2,890,1425600,1424,1392.5456071537628,840.1414164691753,1739.261115173294,344.89716796875035,356.12312552083364,86.44066420802923,0.4807142857142857,0.4164285714285715,0.0
PHASE 2,891,1427200,1424,1392.5456071537628,840.1414164691753,1739.261115173294,344.89716796875035,356.12312552083364,86.44066420802923,0.43500000000000005,0.49071428571428577,0.0
PHASE 2,892,1428800,1424,1392.5456071537628,840.1414164691753,1739.261115173294,344.89716796875035,356.12312552083364,86.44066420802923,0.47928571428571437,0.5014285714285716,0.0
PHASE 2,893,1430400,1424,1392.5456071537628,840.1414164691753,1739.261115173294,344.89716796875035,356.12312552083364,86.44066420802923,0.4557142857142858,0.4385714285714285,0.0
PHASE 2,894,1432000,1432,1394.370285539202,840.1414164691753,1739.261115173294,343.6182492187504,358.7099692708336,86.50525838120937,0.0,0.0,0.0
PHASE 2,895,1433600,1432,1394.370285539202,840.1414164691753,1739.261115173294,343.61824921875035,358.7099692708336,86.50525838120934,0.4671428571428572,0.5178571428571429,0.0
PHASE 2,896,1435200,1432,1394.370285539202,840.1414164691753,1739.261115173294,343.61824921875035,358.7099692708336,86.50525838120934,0.3978571428571428,0.46357142857142863,0.0
PHASE 2,897,1436800,1432,1394.370285539202,840.1414164691753,1739.261115173294,343.61824921875035,358.7099692708336,86.50525838120934,0.4149999999999999,0.43714285714285717,0.0
PHASE 2,898,1438400,1432,1394.370285539202,840.1414164691753,1739.261115173294,343.61824921875035,358.7099692708336,86.50525838120934,0.40928571428571436,0.46500000000000014,0.0
PHASE 2,899,1440000,1440,1394.3397994301724,840.1414164691753,1739.261115173294,343.70918671875035,359.8651783854169,86.34567929075793,0.0,0.0,0.0
PHASE 2,900,1441600,1440,1394.3397994301724,840.1414164691753,1739.261115173294,343.7091867187503,359.86517838541687,86.34567929075793,0.3871428571428572,0.4078571428571429,0.0
PHASE 2,901,1443200,1440,1394.3397994301724,840.1414164691753,1739.261115173294,343.7091867187503,359.86517838541687,86.34567929075793,0.38857142857142857,0.4014285714285714,0.0
PHASE 2,902,1444800,1440,1394.3397994301724,840.1414164691753,1739.261115173294,343.7091867187503,359.86517838541687,86.34567929075793,0.40928571428571425,0.5442857142857143,0.0
PHASE 2,903,1446400,1440,1394.3397994301724,840.1414164691753,1739.261115173294,343.7091867187503,359.86517838541687,86.34567929075793,0.41714285714285715,0.46785714285714286,0.0
PHASE 2,904,1448000,1448,1406.6231633465445,840.1414164691753,1796.3745416055667,346.5844966145836,363.44131692708356,87.07466872561712,0.0,0.0,0.0
PHASE 2,905,1449600,1448,1406.6231633465445,840.1414164691753,1796.3745416055667,346.5844966145836,363.44131692708356,87.07466872561712,0.4685714285714286,0.4699999999999999,0.0
PHASE 2,906,1451200,1448,1406.6231633465445,840.1414164691753,1796.3745416055667,346.5844966145836,363.44131692708356,87.07466872561712,0.3885714285714286,0.47357142857142864,0.0
PHASE 2,907,1452800,1448,1406.6231633465445,840.1414164691753,1796.3745416055667,346.5844966145836,363.44131692708356,87.07466872561712,0.4464285714285715,0.4957142857142857,0.0
PHASE 2,908,1454400,1448,1406.6231633465445,840.1414164691753,1796.3745416055667,346.5844966145836,363.44131692708356,87.07466872561712,0.4628571428571429,0.5107142857142858,0.0
PHASE 2,909,1456000,1456,1404.0520610370927,840.1414164691753,1796.3745416055667,344.1305934895837,364.5780166666668,86.9179313601127,0.0,0.0,0.0
PHASE 2,910,1457600,1456,1404.052061037093,840.1414164691753,1796.3745416055667,344.13059348958365,364.57801666666694,86.9179313601127,0.4892857142857143,0.4364285714285715,0.0
PHASE 2,911,1459200,1456,1404.052061037093,840.1414164691753,1796.3745416055667,344.13059348958365,364.57801666666694,86.9179313601127,0.44000000000000006,0.47285714285714286,0.0
PHASE 2,912,1460800,1456,1404.052061037093,840.1414164691753,1796.3745416055667,344.13059348958365,364.57801666666694,86.9179313601127,0.4164285714285715,0.445,0.0
PHASE 2,913,1462400,1456,1404.052061037093,840.1414164691753,1796.3745416055667,344.13059348958365,364.57801666666694,86.9179313601127,0.47285714285714286,0.47000000000000003,0.0
PHASE 2,914,1464000,1464,1416.9417492186813,892.8777276816093,1796.3745416055667,350.3425059895837,365.7137541666669,87.61068613281147,0.0,0.0,0.0
PHASE 2,915,1465600,1464,1416.9417492186808,892.8777276816093,1796.3745416055667,350.3425059895837,365.713754166667,87.61068613281148,0.42142857142857154,0.43,0.0
PHASE 2,916,1467200,1464,1416.9417492186808,892.8777276816093,1796.3745416055667,350.3425059895837,365.713754166667,87.61068613281148,0.4628571428571429,0.48500000000000004,0.0
PHASE 2,917,1468800,1464,1416.9417492186808,892.8777276816093,1796.3745416055667,350.3425059895837,365.713754166667,87.61068613281148,0.39428571428571424,0.4742857142857143,0.0
PHASE 2,918,1470400,1464,1416.9417492186808,892.8777276816093,1796.3745416055667,350.3425059895837,365.713754166667,87.61068613281148,0.40357142857142847,0.4557142857142858,0.0
PHASE 2,919,1472000,1472,1411.5741010299191,892.8777276816093,1796.3745416055667,351.737914322917,362.62602812500023,87.15126982275784,0.0,0.0,0.0
PHASE 2,920,1473600,1472,1411.57410102992,892.8777276816093,1796.3745416055667,351.737914322917,362.6260281250003,87.15126982275783,0.4521428571428571,0.5,0.0
PHASE 2,921,1475200,1472,1411.57410102992,892.8777276816093,1796.3745416055667,351.737914322917,362.6260281250003,87.15126982275783,0.41500000000000004,0.48142857142857143,0.0
PHASE 2,922,1476800,1472,1411.57410102992,892.8777276816093,1796.3745416055667,351.737914322917,362.6260281250003,87.15126982275783,0.37642857142857145,0.4557142857142858,0.0
PHASE 2,923,1478400,1472,1411.57410102992,892.8777276816093,1796.3745416055667,351.737914322917,362.6260281250003,87.15126982275783,0.44571428571428584,0.47071428571428575,0.0
PHASE 2,924,1480000,1480,1414.3342908754305,892.8777276816093,1796.3745416055667,354.24805703125026,361.84962838541696,87.27957568235286,0.0,0.0,0.0
PHASE 2,925,1481600,1480,1414.3342908754303,892.8777276816093,1796.3745416055667,354.24805703125026,361.84962838541685,87.27957568235288,0.4492857142857143,0.47785714285714287,0.0
PHASE 2,926,1483200,1480,1414.3342908754303,892.8777276816093,1796.3745416055667,354.24805703125026,361.84962838541685,87.27957568235288,0.4307142857142857,0.4428571428571429,0.0
PHASE 2,927,1484800,1480,1414.3342908754303,892.8777276816093,1796.3745416055667,354.24805703125026,361.84962838541685,87.27957568235288,0.48357142857142854,0.5185714285714286,0.0
PHASE 2,928,1486400,1480,1414.3342908754303,892.8777276816093,1796.3745416055667,354.24805703125026,361.84962838541685,87.27957568235288,0.40857142857142864,0.4892857142857143,0.0
PHASE 2,929,1488000,1488,1407.6957594430396,892.8777276816093,1796.3745416055667,354.53943020833367,357.8278888020835,86.91605505408523,0.0,0.0,0.0
PHASE 2,930,1489600,1488,1407.6957594430394,892.8777276816093,1796.3745416055667,354.53943020833367,357.8278888020835,86.91605505408523,0.51,0.47000000000000003,0.0
PHASE 2,931,1491200,1488,1407.6957594430394,892.8777276816093,1796.3745416055667,354.53943020833367,357.8278888020835,86.91605505408523,0.37857142857142856,0.4335714285714286,0.0
PHASE 2,932,1492800,1488,1407.6957594430394,892.8777276816093,1796.3745416055667,354.53943020833367,357.8278888020835,86.91605505408523,0.4585714285714285,0.4578571428571429,0.0
PHASE 2,933,1494400,1488,1407.6957594430394,892.8777276816093,1796.3745416055667,354.53943020833367,357.8278888020835,86.91605505408523,0.42214285714285715,0.43999999999999995,0.0
PHASE 2,934,1496000,1496,1405.353914112547,892.8777276816093,1796.3745416055667,357.05706250000037,354.3870950520835,86.73871957006533,0.0,0.0,0.0
PHASE 2,935,1497600,1496,1405.3539141125473,892.8777276816093,1796.3745416055667,357.0570625000003,354.3870950520836,86.73871957006533,0.47214285714285725,0.48071428571428576,0.0
PHASE 2,936,1499200,1496,1405.3539141125473,892.8777276816093,1796.3745416055667,357.0570625000003,354.3870950520836,86.73871957006533,0.4757142857142858,0.47071428571428575,0.0
PHASE 2,937,1500800,1496,1405.3539141125473,892.8777276816093,1796.3745416055667,357.0570625000003,354.3870950520836,86.73871957006533,0.3878571428571429,0.48428571428571426,0.0
PHASE 2,938,1502400,1496,1405.3539141125473,892.8777276816093,1796.3745416055667,357.0570625000003,354.3870950520836,86.73871957006533,0.4257142857142858,0.47214285714285714,0.0
PHASE 2,939,1504000,1504,1412.3166151426783,892.8777276816093,1796.3745416055667,358.09553125000025,356.92978151041694,87.16141279779022,0.0,0.0,0.0
PHASE 2,940,1505600,1504,1412.3166151426778,892.8777276816093,1796.3745416055667,358.0955312500002,356.92978151041694,87.16141279779023,0.4257142857142857,0.4778571428571429,0.0
PHASE 2,941,1507200,1504,1412.3166151426778,892.8777276816093,1796.3745416055667,358.0955312500002,356.92978151041694,87.16141279779023,0.4750000000000001,0.42928571428571427,0.0
PHASE 2,942,1508800,1504,1412.3166151426778,892.8777276816093,1796.3745416055667,358.0955312500002,356.92978151041694,87.16141279779023,0.4442857142857143,0.4564285714285715,0.0
PHASE 2,943,1510400,1504,1412.3166151426778,892.8777276816093,1796.3745416055667,358.0955312500002,356.92978151041694,87.16141279779023,0.4207142857142857,0.4685714285714286,0.0
PHASE 2,944,1512000,1512,1415.9701669685846,892.8777276816093,1796.3745416055667,358.43557005208356,357.45897734375023,87.50945244660144,0.0,0.0,0.0
PHASE 2,945,1513600,1512,1415.9701669685846,892.8777276816093,1796.3745416055667,358.43557005208356,357.45897734375023,87.50945244660143,0.4692857142857143,0.43785714285714283,0.0
PHASE 2,946,1515200,1512,1415.9701669685846,892.8777276816093,1796.3745416055667,358.43557005208356,357.45897734375023,87.50945244660143,0.3921428571428572,0.4428571428571429,0.0
PHASE 2,947,1516800,1512,1415.9701669685846,892.8777276816093,1796.3745416055667,358.43557005208356,357.45897734375023,87.50945244660143,0.4128571428571429,0.475,0.0
PHASE 2,948,1518400,1512,1415.9701669685846,892.8777276816093,1796.3745416055667,358.43557005208356,357.45897734375023,87.50945244660143,0.48142857142857143,0.4985714285714285,0.0
PHASE 2,949,1520000,1520,1419.7115999584564,892.8777276816093,1796.3745416055667,363.16174713541693,355.7112690104168,87.60482297658535,0.0,0.0,0.0
PHASE 2,950,1521600,1520,1419.7115999584566,892.8777276816093,1796.3745416055667,363.16174713541693,355.71126901041686,87.60482297658537,0.3978571428571428,0.43500000000000005,0.0
PHASE 2,951,1523200,1520,1419.7115999584566,892.8777276816093,1796.3745416055667,363.16174713541693,355.71126901041686,87.60482297658537,0.4521428571428571,0.49714285714285716,0.0
PHASE 2,952,1524800,1520,1419.7115999584566,892.8777276816093,1796.3745416055667,363.16174713541693,355.71126901041686,87.60482297658537,0.44499999999999995,0.4842857142857143,0.0
PHASE 2,953,1526400,1520,1419.7115999584566,892.8777276816093,1796.3745416055667,363.16174713541693,355.71126901041686,87.60482297658537,0.47785714285714287,0.48357142857142865,0.0
PHASE 2,954,1528000,1528,1428.6181052232755,1023.6571284404704,1796.3745416055667,366.60225963541683,357.1009075520835,88.11436725447967,0.0,0.0,0.0
PHASE 2,955,1529600,1528,1428.6181052232755,1023.6571284404704,1796.3745416055667,366.60225963541694,357.10090755208364,88.11436725447967,0.45500000000000007,0.5450000000000002,0.0
PHASE 2,956,1531200,1528,1428.6181052232755,1023.6571284404704,1796.3745416055667,366.60225963541694,357.10090755208364,88.11436725447967,0.4764285714285714,0.45357142857142857,0.0
PHASE 2,957,1532800,1528,1428.6181052232755,1023.6571284404704,1796.3745416055667,366.60225963541694,357.10090755208364,88.11436725447967,0.5071428571428572,0.46357142857142863,0.0
PHASE 2,958,1534400,1528,1428.6181052232755,1023.6571284404704,1796.3745416055667,366.60225963541694,357.10090755208364,88.11436725447967,0.4492857142857143,0.5092857142857143,0.0
PHASE 2,959,1536000,1536,1428.3897690489948,954.6539177659273,1796.3745416055667,368.04724921875027,356.2030315104169,88.01743603998624,0.0,0.0,0.0
PHASE 2,960,1537600,1536,1428.3897690489948,954.6539177659273,1796.3745416055667,368.04724921875044,356.20303151041685,88.01743603998624,0.49142857142857144,0.46571428571428575,0.0
PHASE 2,961,1539200,1536,1428.3897690489948,954.6539177659273,1796.3745416055667,368.04724921875044,356.20303151041685,88.01743603998624,0.49428571428571433,0.4450000000000001,0.0
PHASE 2,962,1540800,1536,1428.3897690489948,954.6539177659273,1796.3745416055667,368.04724921875044,356.20303151041685,88.01743603998624,0.47857142857142854,0.5164285714285715,0.0
PHASE 2,963,1542400,1536,1428.3897690489948,954.6539177659273,1796.3745416055667,368.04724921875044,356.20303151041685,88.01743603998624,0.5021428571428571,0.4635714285714285,0.0
PHASE 2,964,1544000,1544,1419.231841778438,954.6539177659273,1796.3745416055667,364.7931390625004,354.2223054687502,87.52704965590583,0.0,0.0,0.0
PHASE 2,965,1545600,1544,1419.231841778438,954.6539177659273,1796.3745416055667,364.79313906250025,354.2223054687503,87.52704965590583,0.4692857142857143,0.44000000000000006,0.0
PHASE 2,966,1547200,1544,1419.231841778438,954.6539177659273,1796.3745416055667,364.79313906250025,354.2223054687503,87.52704965590583,0.437857142857143,0.425,0.0
PHASE 2,967,1548800,1544,1419.231841778438,954.6539177659273,1796.3745416055667,364.79313906250025,354.2223054687503,87.52704965590583,0.4807142857142857,0.4142857142857143,0.0
PHASE 2,968,1550400,1544,1419.231841778438,954.6539177659273,1796.3745416055667,364.79313906250025,354.2223054687503,87.52704965590583,0.45,0.4928571428571429,0.0
PHASE 2,969,1552000,1552,1407.8384386111034,858.66267511983,1780.232324789875,361.34499739583373,350.51994609375026,86.99668689019701,0.0,0.0,0.0
PHASE 2,970,1553600,1552,1407.8384386111034,858.66267511983,1780.232324789875,361.34499739583373,350.5199460937502,86.99668689019701,0.4871428571428572,0.4800000000000001,0.0
PHASE 2,971,1555200,1552,1407.8384386111034,858.66267511983,1780.232324789875,361.34499739583373,350.5199460937502,86.99668689019701,0.4892857142857143,0.4364285714285715,0.0
PHASE 2,972,1556800,1552,1407.8384386111034,858.66267511983,1780.232324789875,361.34499739583373,350.5199460937502,86.99668689019701,0.39714285714285713,0.4071428571428572,0.0
PHASE 2,973,1558400,1552,1407.8384386111034,858.66267511983,1780.232324789875,361.34499739583373,350.5199460937502,86.99668689019701,0.4342857142857143,0.45,0.0
PHASE 2,974,1560000,1560,1395.9719640201133,858.66267511983,1780.232324789875,360.65980156250043,344.0948700520836,86.40216155069824,0.0,0.0,0.0
PHASE 2,975,1561600,1560,1395.9719640201138,858.66267511983,1780.232324789875,360.6598015625004,344.0948700520836,86.40216155069822,0.47928571428571437,0.4685714285714286,0.0
PHASE 2,976,1563200,1560,1395.9719640201138,858.66267511983,1780.232324789875,360.6598015625004,344.0948700520836,86.40216155069822,0.4050000000000001,0.44142857142857145,0.0
PHASE 2,977,1564800,1560,1395.9719640201138,858.66267511983,1780.232324789875,360.6598015625004,344.0948700520836,86.40216155069822,0.41714285714285715,0.4564285714285714,0.0
PHASE 2,978,1566400,1560,1395.9719640201138,858.66267511983,1780.232324789875,360.6598015625004,344.0948700520836,86.40216155069822,0.47642857142857153,0.5085714285714286,0.0
PHASE 2,979,1568000,1568,1394.9471166465946,858.66267511983,1780.232324789875,360.29109947916703,342.6246679687503,86.50391864984176,0.0,0.0,0.0
PHASE 2,980,1569600,1568,1394.9471166465944,858.66267511983,1780.232324789875,360.291099479167,342.6246679687503,86.50391864984176,0.4321428571428572,0.49428571428571433,0.0
PHASE 2,981,1571200,1568,1394.9471166465944,858.66267511983,1780.232324789875,360.291099479167,342.6246679687503,86.50391864984176,0.4121428571428572,0.42928571428571427,0.0
PHASE 2,982,1572800,1568,1394.9471166465944,858.66267511983,1780.232324789875,360.291099479167,342.6246679687503,86.50391864984176,0.4557142857142857,0.4057142857142858,0.0
PHASE 2,983,1574400,1568,1394.9471166465944,858.66267511983,1780.232324789875,360.291099479167,342.6246679687503,86.50391864984176,0.4735714285714286,0.4492857142857143,0.0
PHASE 2,984,1576000,1576,1384.6571229738238,858.66267511983,1780.232324789875,356.012160416667,341.08998750000035,85.94437188215161,0.0,0.0,0.0
PHASE 2,985,1577600,1576,1384.6571229738238,858.66267511983,1780.232324789875,356.012160416667,341.08998750000035,85.94437188215161,0.46785714285714286,0.4485714285714285,0.0
PHASE 2,986,1579200,1576,1384.6571229738238,858.66267511983,1780.232324789875,356.012160416667,341.08998750000035,85.94437188215161,0.4307142857142857,0.4642857142857143,0.0
PHASE 2,987,1580800,1576,1384.6571229738238,858.66267511983,1780.232324789875,356.012160416667,341.08998750000035,85.94437188215161,0.45357142857142857,0.5235714285714285,0.0
PHASE 2,988,1582400,1576,1384.6571229738238,858.66267511983,1780.232324789875,356.012160416667,341.08998750000035,85.94437188215161,0.4435714285714286,0.40214285714285714,0.0
PHASE 2,989,1584000,1584,1389.270457625946,858.66267511983,1846.040452441429,355.826307291667,343.53113177083367,86.23912732043773,0.0,0.0,0.0
PHASE 2,990,1585600,1584,1389.270457625946,858.66267511983,1846.040452441429,355.82630729166686,343.5311317708336,86.23912732043773,0.4471428571428572,0.4957142857142857,0.0
PHASE 2,991,1587200,1584,1389.270457625946,858.66267511983,1846.040452441429,355.82630729166686,343.5311317708336,86.23912732043773,0.4571428571428572,0.44857142857142857,0.0
PHASE 2,992,1588800,1584,1389.270457625946,858.66267511983,1846.040452441429,355.82630729166686,343.5311317708336,86.23912732043773,0.42428571428571427,0.4435714285714285,0.0
PHASE 2,993,1590400,1584,1389.270457625946,858.66267511983,1846.040452441429,355.82630729166686,343.5311317708336,86.23912732043773,0.4385714285714286,0.4878571428571429,0.0
PHASE 2,994,1592000,1592,1398.2471210310373,858.66267511983,1846.040452441429,355.72702994791695,348.81345364583365,86.71332967966815,0.0,0.0,0.0
PHASE 2,995,1593600,1592,1398.2471210310373,858.66267511983,1846.040452441429,355.72702994791695,348.8134536458337,86.71332967966815,0.46571428571428575,0.5057142857142857,0.0
PHASE 2,996,1595200,1592,1398.2471210310373,858.66267511983,1846.040452441429,355.72702994791695,348.8134536458337,86.71332967966815,0.4114285714285715,0.465,0.0
PHASE 2,997,1596800,1592,1398.2471210310373,858.66267511983,1846.040452441429,355.72702994791695,348.8134536458337,86.71332967966815,0.49428571428571433,0.525,0.0
PHASE 2,998,1598400,1592,1398.2471210310373,858.66267511983,1846.040452441429,355.72702994791695,348.8134536458337,86.71332967966815,0.4557142857142858,0.4407142857142857,0.0
PHASE 2,999,1600000,1600,1401.9429976925217,858.66267511983,1846.040452441429,358.7309851562503,347.4450411458336,86.97087142381211,0.0,0.0,0.0
PHASE 2,1000,1601600,1600,1401.9429976925217,858.66267511983,1846.040452441429,358.7309851562503,347.4450411458336,86.97087142381211,0.48357142857142865,0.5042857142857143,0.0
PHASE 2,1001,1603200,1600,1401.9429976925217,858.66267511983,1846.040452441429,358.7309851562503,347.4450411458336,86.97087142381211,0.425,0.43285714285714294,0.0
PHASE 2,1002,1604800,1600,1401.9429976925217,858.66267511983,1846.040452441429,358.7309851562503,347.4450411458336,86.97087142381211,0.47714285714285715,0.48571428571428577,0.0
PHASE 2,1003,1606400,1600,1401.9429976925217,858.66267511983,1846.040452441429,358.7309851562503,347.4450411458336,86.97087142381211,0.45928571428571424,0.40857142857142853,0.0
PHASE 2,1004,1608000,1608,1398.6299306463186,858.66267511983,1846.040452441429,359.522392447917,345.9499638020836,86.6446967995472,0.0,0.0,0.0
PHASE 2,1005,1609600,1608,1398.6299306463181,858.66267511983,1846.040452441429,359.522392447917,345.94996380208363,86.64469679954718,0.4514285714285715,0.4557142857142857,0.0
PHASE 2,1006,1611200,1608,1398.6299306463181,858.66267511983,1846.040452441429,359.522392447917,345.94996380208363,86.64469679954718,0.42714285714285716,0.5064285714285715,0.0
PHASE 2,1007,1612800,1608,1398.6299306463181,858.66267511983,1846.040452441429,359.522392447917,345.94996380208363,86.64469679954718,0.4385714285714286,0.4757142857142857,0.0
PHASE 2,1008,1614400,1608,1398.6299306463181,858.66267511983,1846.040452441429,359.522392447917,345.94996380208363,86.64469679954718,0.44214285714285717,0.46142857142857147,0.0
PHASE 2,1009,1616000,1616,1392.053537423665,858.66267511983,1846.040452441429,360.019923697917,341.6538544270836,86.29746991234047,0.0,0.0,0.0
PHASE 2,1010,1617600,1616,1392.0535374236654,858.66267511983,1846.040452441429,360.01992369791697,341.6538544270835,86.29746991234046,0.5042857142857143,0.4235714285714286,0.0
PHASE 2,1011,1619200,1616,1392.0535374236654,858.66267511983,1846.040452441429,360.01992369791697,341.6538544270835,86.29746991234046,0.4571428571428572,0.4771428571428572,0.0
PHASE 2,1012,1620800,1616,1392.0535374236654,858.66267511983,1846.040452441429,360.01992369791697,341.6538544270835,86.29746991234046,0.43500000000000005,0.5,0.0
PHASE 2,1013,1622400,1616,1392.0535374236654,858.66267511983,1846.040452441429,360.01992369791697,341.6538544270835,86.29746991234046,0.465,0.4114285714285715,0.0
PHASE 2,1014,1624000,1624,1387.8662788927013,858.66267511983,1846.040452441429,355.23205703125035,343.42610625000015,86.15101445143878,0.0,0.0,0.0
PHASE 2,1015,1625600,1624,1387.866278892701,858.66267511983,1846.040452441429,355.2320570312503,343.4261062500003,86.15101445143878,0.4699999999999999,0.45285714285714285,0.0
PHASE 2,1016,1627200,1624,1387.866278892701,858.66267511983,1846.040452441429,355.2320570312503,343.4261062500003,86.15101445143878,0.4642857142857143,0.46571428571428575,0.0
PHASE 2,1017,1628800,1624,1387.866278892701,858.66267511983,1846.040452441429,355.2320570312503,343.4261062500003,86.15101445143878,0.4485714285714287,0.4764285714285714,0.0
PHASE 2,1018,1630400,1624,1387.866278892701,858.66267511983,1846.040452441429,355.2320570312503,343.4261062500003,86.15101445143878,0.43499999999999994,0.4435714285714286,0.0
PHASE 2,1019,1632000,1632,1383.5202909056104,858.66267511983,1846.040452441429,352.61282161458365,342.7659114583337,86.01769472909403,0.0,0.0,0.0
PHASE 2,1020,1633600,1632,1383.5202909056104,858.66267511983,1846.040452441429,352.61282161458365,342.76591145833356,86.01769472909403,0.49142857142857155,0.4571428571428572,0.0
PHASE 2,1021,1635200,1632,1383.5202909056104,858.66267511983,1846.040452441429,352.61282161458365,342.76591145833356,86.01769472909403,0.46357142857142863,0.4585714285714285,0.0
PHASE 2,1022,1636800,1632,1383.5202909056104,858.66267511983,1846.040452441429,352.61282161458365,342.76591145833356,86.01769472909403,0.4614285714285714,0.45714285714285713,0.0
PHASE 2,1023,1638400,1632,1383.5202909056104,858.66267511983,1846.040452441429,352.61282161458365,342.76591145833356,86.01769472909403,0.4628571428571429,0.49428571428571433,0.0
PHASE 2,1024,1640000,1640,1379.3170443689235,858.66267511983,1846.040452441429,350.6392716145836,341.85782812500025,85.85249307867478,0.0,0.0,0.0
PHASE 2,1025,1641600,1640,1379.317044368924,858.66267511983,1846.040452441429,350.6392716145837,341.85782812500025,85.85249307867478,0.4671428571428572,0.43428571428571433,0.0
PHASE 2,1026,1643200,1640,1379.317044368924,858.66267511983,1846.040452441429,350.6392716145837,341.85782812500025,85.85249307867478,0.4692857142857143,0.4685714285714287,0.0
PHASE 2,1027,1644800,1640,1379.317044368924,858.66267511983,1846.040452441429,350.6392716145837,341.85782812500025,85.85249307867478,0.4564285714285714,0.5285714285714287,0.0
PHASE 2,1028,1646400,1640,1379.317044368924,858.66267511983,1846.040452441429,350.6392716145837,341.85782812500025,85.85249307867478,0.4514285714285715,0.5342857142857144,0.0
PHASE 2,1029,1648000,1648,1389.806926643659,858.66267511983,1846.040452441429,353.8283666666671,344.1568875000002,86.47770905963175,0.0,0.0,0.0
PHASE 2,1030,1649600,1648,1389.8069266436587,858.66267511983,1846.040452441429,353.82836666666697,344.1568875000004,86.47770905963172,0.5121428571428572,0.5035714285714286,0.0
PHASE 2,1031,1651200,1648,1389.8069266436587,858.66267511983,1846.040452441429,353.82836666666697,344.1568875000004,86.47770905963172,0.37214285714285716,0.46499999999999997,0.0
PHASE 2,1032,1652800,1648,1389.8069266436587,858.66267511983,1846.040452441429,353.82836666666697,344.1568875000004,86.47770905963172,0.43,0.5042857142857142,0.0
PHASE 2,1033,1654400,1648,1389.8069266436587,858.66267511983,1846.040452441429,353.82836666666697,344.1568875000004,86.47770905963172,0.4214285714285714,0.4685714285714286,0.0
PHASE 2,1034,1656000,1656,1391.0343641437305,860.4658040629685,1846.040452441429,349.5697244791669,350.09061458333366,86.4217531351614,0.0,0.0,0.0
PHASE 2,1035,1657600,1656,1391.0343641437305,860.4658040629685,1846.040452441429,349.569724479167,350.0906145833335,86.4217531351614,0.41642857142857137,0.4314285714285715,0.0
PHASE 2,1036,1659200,1656,1391.0343641437305,860.4658040629685,1846.040452441429,349.569724479167,350.0906145833335,86.4217531351614,0.45285714285714285,0.4778571428571429,0.0
PHASE 2,1037,1660800,1656,1391.0343641437305,860.4658040629685,1846.040452441429,349.569724479167,350.0906145833335,86.4217531351614,0.44000000000000006,0.5057142857142858,0.0
PHASE 2,1038,1662400,1656,1391.0343641437305,860.4658040629685,1846.040452441429,349.569724479167,350.0906145833335,86.4217531351614,0.41428571428571426,0.44285714285714295,0.0
PHASE 2,1039,1664000,1664,1388.2016950759407,860.4658040629685,1846.040452441429,346.15780000000035,351.91613750000016,86.265969697,0.0,0.0,0.0
PHASE 2,1040,1665600,1664,1388.2016950759412,860.4658040629685,1846.040452441429,346.15780000000035,351.91613750000033,86.265969697,0.4407142857142857,0.5114285714285715,0.0
PHASE 2,1041,1667200,1664,1388.2016950759412,860.4658040629685,1846.040452441429,346.15780000000035,351.91613750000033,86.265969697,0.4321428571428571,0.4778571428571429,0.0
PHASE 2,1042,1668800,1664,1388.2016950759412,860.4658040629685,1846.040452441429,346.15780000000035,351.91613750000033,86.265969697,0.44642857142857134,0.49142857142857144,0.0
PHASE 2,1043,1670400,1664,1388.2016950759412,860.4658040629685,1846.040452441429,346.15780000000035,351.91613750000033,86.265969697,0.4864285714285715,0.4621428571428572,0.0
PHASE 2,1044,1672000,1672,1371.2369572957534,860.4658040629685,1846.040452441429,342.5547958333337,346.8562395833335,85.22824023489264,0.0,0.0,0.0
PHASE 2,1045,1673600,1672,1371.2369572957539,860.4658040629685,1846.040452441429,342.5547958333337,346.8562395833335,85.22824023489265,0.4385714285714286,0.4321428571428572,0.0
PHASE 2,1046,1675200,1672,1371.2369572957539,860.4658040629685,1846.040452441429,342.5547958333337,346.8562395833335,85.22824023489265,0.4600000000000001,0.41571428571428576,0.0
PHASE 2,1047,1676800,1672,1371.2369572957539,860.4658040629685,1846.040452441429,342.5547958333337,346.8562395833335,85.22824023489265,0.4685714285714287,0.49428571428571433,0.0
PHASE 2,1048,1678400,1672,1371.2369572957539,860.4658040629685,1846.040452441429,342.5547958333337,346.8562395833335,85.22824023489265,0.43285714285714283,0.4692857142857144,0.0
PHASE 2,1049,1680000,1680,1374.7593182998844,860.4658040629685,1824.03244997841,342.21110885416704,349.1856281250002,85.42032266509635,0.0,0.0,0.0
PHASE 2,1050,1681600,1680,1374.759318299884,860.4658040629685,1824.03244997841,342.211108854167,349.1856281250002,85.42032266509635,0.45,0.4442857142857144,0.0
PHASE 2,1051,1683200,1680,1374.759318299884,860.4658040629685,1824.03244997841,342.211108854167,349.1856281250002,85.42032266509635,0.3957142857142857,0.4314285714285714,0.0
PHASE 2,1052,1684800,1680,1374.759318299884,860.4658040629685,1824.03244997841,342.211108854167,349.1856281250002,85.42032266509635,0.46142857142857147,0.47642857142857153,0.0
PHASE 2,1053,1686400,1680,1374.759318299884,860.4658040629685,1824.03244997841,342.211108854167,349.1856281250002,85.42032266509635,0.4735714285714286,0.4635714285714285,0.0
PHASE 2,1054,1688000,1688,1363.5023702027092,860.4658040629685,1824.03244997841,339.24240156250033,346.09013072916684,84.77122973888665,0.0,0.0,0.0
PHASE 2,1055,1689600,1688,1363.5023702027092,860.4658040629685,1824.03244997841,339.24240156250045,346.090130729167,84.77122973888665,0.40714285714285714,0.425,0.0
PHASE 2,1056,1691200,1688,1363.5023702027092,860.4658040629685,1824.03244997841,339.24240156250045,346.090130729167,84.77122973888665,0.41785714285714287,0.5257142857142858,0.0
PHASE 2,1057,1692800,1688,1363.5023702027092,860.4658040629685,1824.03244997841,339.24240156250045,346.090130729167,84.77122973888665,0.43500000000000005,0.49071428571428577,0.0
PHASE 2,1058,1694400,1688,1363.5023702027092,860.4658040629685,1824.03244997841,339.24240156250045,346.090130729167,84.77122973888665,0.42214285714285715,0.44642857142857145,0.0
PHASE 2,1059,1696000,1696,1345.119229691944,860.4658040629685,1824.03244997841,334.91413697916704,341.6603507812504,83.56809274144675,0.0,0.0,0.0
PHASE 2,1060,1697600,1696,1345.119229691944,860.4658040629685,1824.03244997841,334.91413697916704,341.66035078125026,83.56809274144676,0.44142857142857145,0.385,0.0
PHASE 2,1061,1699200,1696,1345.119229691944,860.4658040629685,1824.03244997841,334.91413697916704,341.66035078125026,83.56809274144676,0.42000000000000004,0.4621428571428572,0.0
PHASE 2,1062,1700800,1696,1345.119229691944,860.4658040629685,1824.03244997841,334.91413697916704,341.66035078125026,83.56809274144676,0.42714285714285716,0.472857142857143,0.0
PHASE 2,1063,1702400,1696,1345.119229691944,860.4658040629685,1824.03244997841,334.91413697916704,341.66035078125026,83.56809274144676,0.39571428571428574,0.40714285714285714,0.0
PHASE 2,1064,1704000,1704,1342.6865650016812,860.4658040629685,1824.03244997841,333.79595885416694,342.571182291667,83.28992798198662,0.0,0.0,0.0
PHASE 2,1065,1705600,1704,1342.686565001681,860.4658040629685,1824.03244997841,333.79595885416694,342.5711822916669,83.28992798198662,0.4257142857142857,0.4207142857142857,0.0
PHASE 2,1066,1707200,1704,1342.686565001681,860.4658040629685,1824.03244997841,333.79595885416694,342.5711822916669,83.28992798198662,0.4928571428571429,0.4521428571428571,0.0
PHASE 2,1067,1708800,1704,1342.686565001681,860.4658040629685,1824.03244997841,333.79595885416694,342.5711822916669,83.28992798198662,0.44785714285714284,0.45499999999999996,0.0
PHASE 2,1068,1710400,1704,1342.686565001681,860.4658040629685,1824.03244997841,333.79595885416694,342.5711822916669,83.28992798198662,0.4335714285714286,0.4742857142857143,0.0
PHASE 2,1069,1712000,1712,1343.7039649162343,860.4658040629685,1824.03244997841,332.93073489583367,343.52541666666696,83.40597666922244,0.0,0.0,0.0
PHASE 2,1070,1713600,1712,1343.7039649162346,860.4658040629685,1824.03244997841,332.93073489583367,343.52541666666696,83.40597666922245,0.45928571428571435,0.48285714285714293,0.0
PHASE 2,1071,1715200,1712,1343.7039649162346,860.4658040629685,1824.03244997841,332.93073489583367,343.52541666666696,83.40597666922245,0.43785714285714283,0.39785714285714296,0.0
PHASE 2,1072,1716800,1712,1343.7039649162346,860.4658040629685,1824.03244997841,332.93073489583367,343.52541666666696,83.40597666922245,0.45357142857142857,0.47285714285714286,0.0
PHASE 2,1073,1718400,1712,1343.7039649162346,860.4658040629685,1824.03244997841,332.93073489583367,343.52541666666696,83.40597666922245,0.4828571428571428,0.4764285714285714,0.0
PHASE 2,1074,1720000,1720,1336.3781244660138,860.4658040629685,1755.8405946458684,331.760972916667,342.2516388020836,82.79568909341332,0.0,0.0,0.0
PHASE 2,1075,1721600,1720,1336.3781244660138,860.4658040629685,1755.8405946458684,331.760972916667,342.2516388020836,82.79568909341332,0.4628571428571428,0.43714285714285717,0.0
PHASE 2,1076,1723200,1720,1336.3781244660138,860.4658040629685,1755.8405946458684,331.760972916667,342.2516388020836,82.79568909341332,0.4492857142857143,0.44642857142857145,0.0
PHASE 2,1077,1724800,1720,1336.3781244660138,860.4658040629685,1755.8405946458684,331.760972916667,342.2516388020836,82.79568909341332,0.4571428571428572,0.4342857142857143,0.0
PHASE 2,1078,1726400,1720,1336.3781244660138,860.4658040629685,1755.8405946458684,331.760972916667,342.2516388020836,82.79568909341332,0.4257142857142858,0.47214285714285714,0.0
PHASE 2,1079,1728000,1728,1341.2347909830528,860.4658040629685,1755.8405946458684,335.36865729166703,341.90360755208354,82.99531576741839,0.0,0.0,0.0
PHASE 2,1080,1729600,1728,1341.2347909830528,860.4658040629685,1755.8405946458684,335.36865729166703,341.90360755208366,82.99531576741839,0.45071428571428573,0.43428571428571433,0.0
PHASE 2,1081,1731200,1728,1341.2347909830528,860.4658040629685,1755.8405946458684,335.36865729166703,341.90360755208366,82.99531576741839,0.44000000000000006,0.5392857142857144,0.0
PHASE 2,1082,1732800,1728,1341.2347909830528,860.4658040629685,1755.8405946458684,335.36865729166703,341.90360755208366,82.99531576741839,0.47357142857142864,0.5135714285714286,0.0
PHASE 2,1083,1734400,1728,1341.2347909830528,860.4658040629685,1755.8405946458684,335.36865729166703,341.90360755208366,82.99531576741839,0.4821428571428573,0.4885714285714286,0.0
PHASE 2,1084,1736000,1736,1337.2923359337383,860.4658040629685,1755.8405946458684,335.72012500000034,340.62657005208354,82.6182051102122,0.0,0.0,0.0
PHASE 2,1085,1737600,1736,1337.2923359337383,860.4658040629685,1755.8405946458684,335.72012500000034,340.62657005208354,82.61820511021219,0.42214285714285715,0.475,0.0
PHASE 2,1086,1739200,1736,1337.2923359337383,860.4658040629685,1755.8405946458684,335.72012500000034,340.62657005208354,82.61820511021219,0.4750000000000001,0.4892857142857142,0.0
PHASE 2,1087,1740800,1736,1337.2923359337383,860.4658040629685,1755.8405946458684,335.72012500000034,340.62657005208354,82.61820511021219,0.3764285714285715,0.4735714285714286,0.0
PHASE 2,1088,1742400,1736,1337.2923359337383,860.4658040629685,1755.8405946458684,335.72012500000034,340.62657005208354,82.61820511021219,0.44142857142857145,0.4607142857142857,0.0
PHASE 2,1089,1744000,1744,1337.359863081269,945.2573774517327,1755.8405946458684,335.66680468750036,339.84481484375027,82.73103044375763,0.0,0.0,0.0
PHASE 2,1090,1745600,1744,1337.359863081269,945.2573774517327,1755.8405946458684,335.66680468750036,339.84481484375027,82.73103044375763,0.45071428571428573,0.49571428571428583,0.0
PHASE 2,1091,1747200,1744,1337.359863081269,945.2573774517327,1755.8405946458684,335.66680468750036,339.84481484375027,82.73103044375763,0.49571428571428583,0.5114285714285715,0.0
PHASE 2,1092,1748800,1744,1337.359863081269,945.2573774517327,1755.8405946458684,335.66680468750036,339.84481484375027,82.73103044375763,0.465,0.4192857142857143,0.0
PHASE 2,1093,1750400,1744,1337.359863081269,945.2573774517327,1755.8405946458684,335.66680468750036,339.84481484375027,82.73103044375763,0.41785714285714287,0.445,0.0
PHASE 2,1094,1752000,1752,1322.5457030888047,945.2573774517327,1755.8405946458684,333.064769791667,334.75917630208363,81.84021962438658,0.0,0.0,0.0
PHASE 2,1095,1753600,1752,1322.5457030888047,945.2573774517327,1755.8405946458684,333.06476979166706,334.75917630208363,81.84021962438658,0.4207142857142857,0.49428571428571433,0.0
PHASE 2,1096,1755200,1752,1322.5457030888047,945.2573774517327,1755.8405946458684,333.06476979166706,334.75917630208363,81.84021962438658,0.4114285714285715,0.47857142857142854,0.0
PHASE 2,1097,1756800,1752,1322.5457030888047,945.2573774517327,1755.8405946458684,333.06476979166706,334.75917630208363,81.84021962438658,0.4714285714285714,0.49714285714285716,0.0
PHASE 2,1098,1758400,1752,1322.5457030888047,945.2573774517327,1755.8405946458684,333.06476979166706,334.75917630208363,81.84021962438658,0.43714285714285717,0.45785714285714285,0.0
PHASE 2,1099,1760000,1760,1320.5331199885136,978.1991659156514,1755.8405946458684,334.03591770833367,332.9591544270836,81.69225598164167,0.0,0.0,0.0
PHASE 2,1100,1761600,1760,1320.5331199885134,978.1991659156514,1755.8405946458684,334.0359177083337,332.95915442708355,81.69225598164167,0.4564285714285714,0.4442857142857143,0.0
PHASE 2,1101,1763200,1760,1320.5331199885134,978.1991659156514,1755.8405946458684,334.0359177083337,332.95915442708355,81.69225598164167,0.4057142857142858,0.4671428571428572,0.0
PHASE 2,1102,1764800,1760,1320.5331199885134,978.1991659156514,1755.8405946458684,334.0359177083337,332.95915442708355,81.69225598164167,0.3985714285714286,0.515,0.0
PHASE 2,1103,1766400,1760,1320.5331199885134,978.1991659156514,1755.8405946458684,334.0359177083337,332.95915442708355,81.69225598164167,0.4078571428571428,0.54,0.0
PHASE 2,1104,1768000,1768,1319.7751927629724,978.1991659156514,1755.8405946458684,336.94413854166703,328.86589296875025,81.74564515657423,0.0,0.0,0.0
PHASE 2,1105,1769600,1768,1319.7751927629727,978.1991659156514,1755.8405946458684,336.944138541667,328.86589296875025,81.74564515657423,0.3714285714285714,0.48571428571428565,0.0
PHASE 2,1106,1771200,1768,1319.7751927629727,978.1991659156514,1755.8405946458684,336.944138541667,328.86589296875025,81.74564515657423,0.4564285714285714,0.4935714285714286,0.0
PHASE 2,1107,1772800,1768,1319.7751927629727,978.1991659156514,1755.8405946458684,336.944138541667,328.86589296875025,81.74564515657423,0.34142857142857147,0.5321428571428573,0.0
PHASE 2,1108,1774400,1768,1319.7751927629727,978.1991659156514,1755.8405946458684,336.944138541667,328.86589296875025,81.74564515657423,0.4228571428571429,0.49214285714285716,0.0
PHASE 2,1109,1776000,1776,1326.32313361304,978.1991659156514,1755.8405946458684,336.69079713541703,332.5813528645836,82.13137295163506,0.0,0.0,0.0
PHASE 2,1110,1777600,1776,1326.3231336130402,978.1991659156514,1755.8405946458684,336.6907971354171,332.5813528645836,82.13137295163506,0.4442857142857143,0.5121428571428572,0.0
PHASE 2,1111,1779200,1776,1326.3231336130402,978.1991659156514,1755.8405946458684,336.6907971354171,332.5813528645836,82.13137295163506,0.3992857142857143,0.4842857142857143,0.0
PHASE 2,1112,1780800,1776,1326.3231336130402,978.1991659156514,1755.8405946458684,336.6907971354171,332.5813528645836,82.13137295163506,0.4542857142857143,0.5064285714285715,0.0
PHASE 2,1113,1782400,1776,1326.3231336130402,978.1991659156514,1755.8405946458684,336.6907971354171,332.5813528645836,82.13137295163506,0.47785714285714287,0.492857142857143,0.0
PHASE 2,1114,1784000,1784,1332.185293398304,978.1991659156514,1755.8405946458684,341.7161263020837,330.9457080729169,82.44043237791816,0.0,0.0,0.0
PHASE 2,1115,1785600,1784,1332.1852933983046,978.1991659156514,1755.8405946458684,341.71612630208364,330.9457080729169,82.44043237791813,0.5092857142857142,0.5085714285714286,0.0
PHASE 2,1116,1787200,1784,1332.1852933983046,978.1991659156514,1755.8405946458684,341.71612630208364,330.9457080729169,82.44043237791813,0.40928571428571425,0.43500000000000005,0.0
PHASE 2,1117,1788800,1784,1332.1852933983046,978.1991659156514,1755.8405946458684,341.71612630208364,330.9457080729169,82.44043237791813,0.42857142857142866,0.4621428571428572,0.0
PHASE 2,1118,1790400,1784,1332.1852933983046,978.1991659156514,1755.8405946458684,341.71612630208364,330.9457080729169,82.44043237791813,0.42857142857142866,0.46571428571428586,0.0
PHASE 2,1119,1792000,1792,1341.5839065378666,985.6730248966892,1902.5718902605686,345.830453385417,331.62560625000026,83.01598086281159,0.0,0.0,0.0
PHASE 2,1120,1793600,1792,1341.5839065378668,985.6730248966892,1902.5718902605686,345.83045338541723,331.62560625000026,83.01598086281159,0.3785714285714286,0.5128571428571428,0.0
PHASE 2,1121,1795200,1792,1341.5839065378668,985.6730248966892,1902.5718902605686,345.83045338541723,331.62560625000026,83.01598086281159,0.4564285714285716,0.4942857142857142,0.0
PHASE 2,1122,1796800,1792,1341.5839065378668,985.6730248966892,1902.5718902605686,345.83045338541723,331.62560625000026,83.01598086281159,0.42642857142857143,0.4764285714285714,0.0
PHASE 2,1123,1798400,1792,1341.5839065378668,985.6730248966892,1902.5718902605686,345.83045338541723,331.62560625000026,83.01598086281159,0.42214285714285715,0.49000000000000005,0.0
PHASE 2,1124,1800000,1800,1349.0093755674886,985.6730248966892,1902.5718902605686,345.21626067708377,335.09862812500023,83.58681084568127,0.0,0.0,0.0
PHASE 2,1125,1801600,1800,1349.009375567488,985.6730248966892,1902.5718902605686,345.21626067708377,335.09862812500023,83.58681084568127,0.4892857142857143,0.4685714285714286,0.0
PHASE 2,1126,1803200,1800,1349.009375567488,985.6730248966892,1902.5718902605686,345.21626067708377,335.09862812500023,83.58681084568127,0.49071428571428577,0.48500000000000004,0.0
PHASE 2,1127,1804800,1800,1349.009375567488,985.6730248966892,1902.5718902605686,345.21626067708377,335.09862812500023,83.58681084568127,0.465,0.4978571428571429,0.0
PHASE 2,1128,1806400,1800,1349.009375567488,985.6730248966892,1902.5718902605686,345.21626067708377,335.09862812500023,83.58681084568127,0.46285714285714297,0.4692857142857143,0.0
PHASE 2,1129,1808000,1808,1358.6142296913113,985.6730248966892,1908.8855497539653,348.00846093750033,338.029294791667,84.07205924527403,0.0,0.0,0.0
PHASE 2,1130,1809600,1808,1358.6142296913117,985.6730248966892,1908.8855497539653,348.0084609375003,338.029294791667,84.07205924527403,0.4878571428571429,0.47928571428571437,0.0
PHASE 2,1131,1811200,1808,1358.6142296913117,985.6730248966892,1908.8855497539653,348.0084609375003,338.029294791667,84.07205924527403,0.48071428571428576,0.3928571428571429,0.0
PHASE 2,1132,1812800,1808,1358.6142296913117,985.6730248966892,1908.8855497539653,348.0084609375003,338.029294791667,84.07205924527403,0.41785714285714287,0.475,0.0
PHASE 2,1133,1814400,1808,1358.6142296913117,985.6730248966892,1908.8855497539653,348.0084609375003,338.029294791667,84.07205924527403,0.4385714285714285,0.41642857142857137,0.0
PHASE 2,1134,1816000,1816,1366.6182296213415,985.6730248966892,1908.8855497539653,350.30227239583365,338.5748786458337,84.71763482246537,0.0,0.0,0.0
PHASE 2,1135,1817600,1816,1366.6182296213412,985.6730248966892,1908.8855497539653,350.3022723958336,338.5748786458336,84.71763482246537,0.5321428571428571,0.44000000000000006,0.0
PHASE 2,1136,1819200,1816,1366.6182296213412,985.6730248966892,1908.8855497539653,350.3022723958336,338.5748786458336,84.71763482246537,0.4242857142857144,0.4750000000000001,0.0
PHASE 2,1137,1820800,1816,1366.6182296213412,985.6730248966892,1908.8855497539653,350.3022723958336,338.5748786458336,84.71763482246537,0.4207142857142857,0.5085714285714287,0.0
PHASE 2,1138,1822400,1816,1366.6182296213412,985.6730248966892,1908.8855497539653,350.3022723958336,338.5748786458336,84.71763482246537,0.45000000000000007,0.53,0.0
PHASE 2,1139,1824000,1824,1376.6179716508145,985.6730248966892,1908.8855497539653,352.68722500000035,341.43485572916694,85.31198636521236,0.0,0.0,0.0
PHASE 2,1140,1825600,1824,1376.6179716508143,985.6730248966892,1908.8855497539653,352.68722500000035,341.4348557291669,85.31198636521236,0.4778571428571429,0.44571428571428573,0.0
PHASE 2,1141,1827200,1824,1376.6179716508143,985.6730248966892,1908.8855497539653,352.68722500000035,341.4348557291669,85.31198636521236,0.47857142857142865,0.49357142857142866,0.0
PHASE 2,1142,1828800,1824,1376.6179716508143,985.6730248966892,1908.8855497539653,352.68722500000035,341.4348557291669,85.31198636521236,0.4078571428571429,0.487857142857143,0.0
PHASE 2,1143,1830400,1824,1376.6179716508143,985.6730248966892,1908.8855497539653,352.68722500000035,341.4348557291669,85.31198636521236,0.45499999999999996,0.4557142857142857,0.0
PHASE 2,1144,1832000,1832,1387.1979898791478,985.6730248966892,1908.8855497539653,356.48444375000037,343.1385421875004,85.94687549271262,0.0,0.0,0.0
PHASE 2,1145,1833600,1832,1387.1979898791478,985.6730248966892,1908.8855497539653,356.48444375000037,343.13854218750026,85.94687549271265,0.47214285714285714,0.4478571428571428,0.0
PHASE 2,1146,1835200,1832,1387.1979898791478,985.6730248966892,1908.8855497539653,356.48444375000037,343.13854218750026,85.94687549271265,0.4892857142857143,0.51,0.0
PHASE 2,1147,1836800,1832,1387.1979898791478,985.6730248966892,1908.8855497539653,356.48444375000037,343.13854218750026,85.94687549271265,0.44071428571428567,0.45857142857142863,0.0
PHASE 2,1148,1838400,1832,1387.1979898791478,985.6730248966892,1908.8855497539653,356.48444375000037,343.13854218750026,85.94687549271265,0.4078571428571428,0.5000000000000001,0.0
PHASE 2,1149,1840000,1840,1387.0210559713596,985.6730248966892,1908.8855497539653,355.1713625000004,345.15167031250036,85.83725289486429,0.0,0.0,0.0
PHASE 2,1150,1841600,1840,1387.0210559713598,985.6730248966892,1908.8855497539653,355.17136250000044,345.15167031250036,85.83725289486426,0.47000000000000003,0.4607142857142857,0.0
PHASE 2,1151,1843200,1840,1387.0210559713598,985.6730248966892,1908.8855497539653,355.17136250000044,345.15167031250036,85.83725289486426,0.4707142857142858,0.39928571428571435,0.0
PHASE 2,1152,1844800,1840,1387.0210559713598,985.6730248966892,1908.8855497539653,355.17136250000044,345.15167031250036,85.83725289486426,0.4435714285714285,0.5114285714285715,0.0
PHASE 2,1153,1846400,1840,1387.0210559713598,985.6730248966892,1908.8855497539653,355.17136250000044,345.15167031250036,85.83725289486426,0.43571428571428567,0.5207142857142857,0.0
PHASE 2,1154,1848000,1848,1395.9786001757698,985.6730248966892,1908.8855497539653,359.6943015625004,346.7921906250003,86.18651349854075,0.0,0.0,0.0
PHASE 2,1155,1849600,1848,1395.9786001757702,985.6730248966892,1908.8855497539653,359.69430156250036,346.7921906250003,86.18651349854075,0.42142857142857143,0.4492857142857143,0.0
PHASE 2,1156,1851200,1848,1395.9786001757702,985.6730248966892,1908.8855497539653,359.69430156250036,346.7921906250003,86.18651349854075,0.4407142857142857,0.49642857142857144,0.0
PHASE 2,1157,1852800,1848,1395.9786001757702,985.6730248966892,1908.8855497539653,359.69430156250036,346.7921906250003,86.18651349854075,0.4814285714285715,0.45285714285714285,0.0
PHASE 2,1158,1854400,1848,1395.9786001757702,985.6730248966892,1908.8855497539653,359.69430156250036,346.7921906250003,86.18651349854075,0.4442857142857143,0.45785714285714285,0.0
PHASE 2,1159,1856000,1856,1407.3090959546064,985.6730248966892,1908.8855497539653,363.20867864583374,348.6284395833336,86.9339972156871,0.0,0.0,0.0
PHASE 2,1160,1857600,1856,1407.3090959546064,985.6730248966892,1908.8855497539653,363.20867864583374,348.62843958333355,86.93399721568713,0.4935714285714286,0.4957142857142857,0.0
PHASE 2,1161,1859200,1856,1407.3090959546064,985.6730248966892,1908.8855497539653,363.20867864583374,348.62843958333355,86.93399721568713,0.44571428571428573,0.4400000000000001,0.0
PHASE 2,1162,1860800,1856,1407.3090959546064,985.6730248966892,1908.8855497539653,363.20867864583374,348.62843958333355,86.93399721568713,0.4621428571428572,0.4678571428571428,0.0
PHASE 2,1163,1862400,1856,1407.3090959546064,985.6730248966892,1908.8855497539653,363.20867864583374,348.62843958333355,86.93399721568713,0.4064285714285715,0.4878571428571428,0.0
PHASE 2,1164,1864000,1864,1426.2514856326845,991.2965962058383,1908.8855497539653,368.25281927083364,353.93141562500017,88.00840634211403,0.0,0.0,0.0
PHASE 2,1165,1865600,1864,1426.251485632685,991.2965962058383,1908.8855497539653,368.25281927083364,353.9314156250003,88.00840634211403,0.4035714285714286,0.47071428571428575,0.0
PHASE 2,1166,1867200,1864,1426.251485632685,991.2965962058383,1908.8855497539653,368.25281927083364,353.9314156250003,88.00840634211403,0.45,0.45428571428571435,0.0
PHASE 2,1167,1868800,1864,1426.251485632685,991.2965962058383,1908.8855497539653,368.25281927083364,353.9314156250003,88.00840634211403,0.43357142857142855,0.4600000000000001,0.0
PHASE 2,1168,1870400,1864,1426.251485632685,991.2965962058383,1908.8855497539653,368.25281927083364,353.9314156250003,88.00840634211403,0.445,0.5407142857142858,0.0
PHASE 2,1169,1872000,1872,1437.2884221613213,991.2965962058383,1908.8855497539653,368.4946078125004,360.36491927083364,88.55361188475618,0.0,0.0,0.0
PHASE 2,1170,1873600,1872,1437.2884221613213,991.2965962058383,1908.8855497539653,368.4946078125004,360.36491927083347,88.55361188475618,0.385,0.47142857142857153,0.0
PHASE 2,1171,1875200,1872,1437.2884221613213,991.2965962058383,1908.8855497539653,368.4946078125004,360.36491927083347,88.55361188475618,0.4292857142857144,0.4942857142857144,0.0
PHASE 2,1172,1876800,1872,1437.2884221613213,991.2965962058383,1908.8855497539653,368.4946078125004,360.36491927083347,88.55361188475618,0.4471428571428572,0.4714285714285714,0.0
PHASE 2,1173,1878400,1872,1437.2884221613213,991.2965962058383,1908.8855497539653,368.4946078125004,360.36491927083347,88.55361188475618,0.45,0.45500000000000007,0.0
PHASE 2,1174,1880000,1880,1445.3329913626271,991.2965962058383,1908.8855497539653,370.28379401041695,362.71386406250014,89.04191666122188,0.0,0.0,0.0
PHASE 2,1175,1881600,1880,1445.3329913626271,991.2965962058383,1908.8855497539653,370.2837940104169,362.7138640625002,89.04191666122188,0.4307142857142857,0.4864285714285715,0.0
PHASE 2,1176,1883200,1880,1445.3329913626271,991.2965962058383,1908.8855497539653,370.2837940104169,362.7138640625002,89.04191666122188,0.4800000000000001,0.4621428571428571,0.0
PHASE 2,1177,1884800,1880,1445.3329913626271,991.2965962058383,1908.8855497539653,370.2837940104169,362.7138640625002,89.04191666122188,0.40857142857142864,0.4135714285714286,0.0
PHASE 2,1178,1886400,1880,1445.3329913626271,991.2965962058383,1908.8855497539653,370.2837940104169,362.7138640625002,89.04191666122188,0.4164285714285715,0.5478571428571428,0.0
PHASE 2,1179,1888000,1888,1444.4665252053153,991.2965962058383,1908.8855497539653,367.90436901041693,365.0908140625002,88.9339177665579,0.0,0.0,0.0
PHASE 2,1180,1889600,1888,1444.466525205315,991.2965962058383,1908.8855497539653,367.90436901041693,365.0908140625004,88.93391776655788,0.3821428571428571,0.47928571428571426,0.0
PHASE 2,1181,1891200,1888,1444.466525205315,991.2965962058383,1908.8855497539653,367.90436901041693,365.0908140625004,88.93391776655788,0.4385714285714286,0.38642857142857145,0.0
PHASE 2,1182,1892800,1888,1444.466525205315,991.2965962058383,1908.8855497539653,367.90436901041693,365.0908140625004,88.93391776655788,0.43071428571428577,0.45357142857142857,0.0
PHASE 2,1183,1894400,1888,1444.466525205315,991.2965962058383,1908.8855497539653,367.90436901041693,365.0908140625004,88.93391776655788,0.42214285714285715,0.42928571428571427,0.0
PHASE 2,1184,1896000,1896,1466.0150328435086,991.2965962058383,1908.8855497539653,373.0412575520836,370.575947916667,90.29972842185309,0.0,0.0,0.0
PHASE 2,1185,1897600,1896,1466.0150328435086,991.2965962058383,1908.8855497539653,373.0412575520836,370.575947916667,90.29972842185309,0.4471428571428572,0.5092857142857142,0.0
PHASE 2,1186,1899200,1896,1466.0150328435086,991.2965962058383,1908.8855497539653,373.0412575520836,370.575947916667,90.29972842185309,0.45785714285714285,0.49642857142857155,0.0
PHASE 2,1187,1900800,1896,1466.0150328435086,991.2965962058383,1908.8855497539653,373.0412575520836,370.575947916667,90.29972842185309,0.4114285714285715,0.4928571428571429,0.0
PHASE 2,1188,1902400,1896,1466.0150328435086,991.2965962058383,1908.8855497539653,373.0412575520836,370.575947916667,90.29972842185309,0.38428571428571434,0.4885714285714286,0.0
PHASE 2,1189,1904000,1904,1455.1394736821721,991.2965962058383,1891.878405080062,371.9801398437503,365.4647093750002,89.71182805793582,0.0,0.0,0.0
PHASE 2,1190,1905600,1904,1455.1394736821717,991.2965962058383,1891.878405080062,371.9801398437503,365.4647093750002,89.71182805793582,0.41571428571428576,0.48357142857142865,0.0
PHASE 2,1191,1907200,1904,1455.1394736821717,991.2965962058383,1891.878405080062,371.9801398437503,365.4647093750002,89.71182805793582,0.45857142857142863,0.4585714285714285,0.0
PHASE 2,1192,1908800,1904,1455.1394736821717,991.2965962058383,1891.878405080062,371.9801398437503,365.4647093750002,89.71182805793582,0.43499999999999994,0.4557142857142858,0.0
PHASE 2,1193,1910400,1904,1455.1394736821717,991.2965962058383,1891.878405080062,371.9801398437503,365.4647093750002,89.71182805793582,0.43999999999999995,0.4149999999999999,0.0
PHASE 2,1194,1912000,1912,1479.1473019572027,991.2965962058383,1891.878405080062,377.99172916666697,371.42850885416686,91.21588299205455,0.0,0.0,0.0
PHASE 2,1195,1913600,1912,1479.1473019572027,991.2965962058383,1891.878405080062,377.99172916666697,371.4285088541669,91.21588299205456,0.4742857142857143,0.46142857142857147,0.0
PHASE 2,1196,1915200,1912,1479.1473019572027,991.2965962058383,1891.878405080062,377.99172916666697,371.4285088541669,91.21588299205456,0.3914285714285714,0.48928571428571443,0.0
PHASE 2,1197,1916800,1912,1479.1473019572027,991.2965962058383,1891.878405080062,377.99172916666697,371.4285088541669,91.21588299205456,0.47285714285714286,0.4928571428571429,0.0
PHASE 2,1198,1918400,1912,1479.1473019572027,991.2965962058383,1891.878405080062,377.99172916666697,371.4285088541669,91.21588299205456,0.4928571428571429,0.4207142857142857,0.0
PHASE 2,1199,1920000,1920,1472.334748441341,973.2274787164738,1891.878405080062,377.65138854166696,369.21470677083363,90.68358164111324,0.0,0.0,0.0
PHASE 2,1200,1921600,1920,1472.334748441341,973.2274787164738,1891.878405080062,377.65138854166696,369.21470677083363,90.68358164111322,0.46642857142857136,0.4192857142857143,0.0
PHASE 2,1201,1923200,1920,1472.334748441341,973.2274787164738,1891.878405080062,377.65138854166696,369.21470677083363,90.68358164111322,0.41000000000000003,0.46785714285714297,0.0
PHASE 2,1202,1924800,1920,1472.334748441341,973.2274787164738,1891.878405080062,377.65138854166696,369.21470677083363,90.68358164111322,0.45,0.475,0.0
PHASE 2,1203,1926400,1920,1472.334748441341,973.2274787164738,1891.878405080062,377.65138854166696,369.21470677083363,90.68358164111322,0.48285714285714293,0.45357142857142857,0.0
PHASE 2,1204,1928000,1928,1477.4842480841596,973.2274787164738,1891.878405080062,376.6163718750003,372.01207083333355,91.10697567198639,0.0,0.0,0.0
PHASE 2,1205,1929600,1928,1477.4842480841594,973.2274787164738,1891.878405080062,376.6163718750003,372.0120708333336,91.10697567198639,0.47785714285714287,0.4878571428571428,0.0
PHASE 2,1206,1931200,1928,1477.4842480841594,973.2274787164738,1891.878405080062,376.6163718750003,372.0120708333336,91.10697567198639,0.40428571428571425,0.4471428571428572,0.0
PHASE 2,1207,1932800,1928,1477.4842480841594,973.2274787164738,1891.878405080062,376.6163718750003,372.0120708333336,91.10697567198639,0.4621428571428572,0.4878571428571429,0.0
PHASE 2,1208,1934400,1928,1477.4842480841594,973.2274787164738,1891.878405080062,376.6163718750003,372.0120708333336,91.10697567198639,0.4764285714285714,0.4542857142857143,0.0
PHASE 2,1209,1936000,1936,1488.0625652524066,973.2274787164738,1891.878405080062,378.18620781250024,377.1840322916669,91.58654064353829,0.0,0.0,0.0
PHASE 2,1210,1937600,1936,1488.062565252407,973.2274787164738,1891.878405080062,378.18620781250024,377.18403229166705,91.58654064353829,0.5157142857142858,0.45499999999999996,0.0
PHASE 2,1211,1939200,1936,1488.062565252407,973.2274787164738,1891.878405080062,378.18620781250024,377.18403229166705,91.58654064353829,0.4314285714285714,0.4600000000000001,0.0
PHASE 2,1212,1940800,1936,1488.062565252407,973.2274787164738,1891.878405080062,378.18620781250024,377.18403229166705,91.58654064353829,0.4750000000000001,0.45499999999999996,0.0
PHASE 2,1213,1942400,1936,1488.062565252407,973.2274787164738,1891.878405080062,378.18620781250024,377.18403229166705,91.58654064353829,0.4542857142857143,0.4642857142857143,0.0
PHASE 2,1214,1944000,1944,1494.177159103364,973.2274787164738,1891.878405080062,378.1933734375002,379.63228281250025,92.04393785667855,0.0,0.0,0.0
PHASE 2,1215,1945600,1944,1494.177159103364,973.2274787164738,1891.878405080062,378.19337343750027,379.63228281250025,92.04393785667855,0.4871428571428572,0.49428571428571433,0.0
PHASE 2,1216,1947200,1944,1494.177159103364,973.2274787164738,1891.878405080062,378.19337343750027,379.63228281250025,92.04393785667855,0.47857142857142854,0.5207142857142858,0.0
PHASE 2,1217,1948800,1944,1494.177159103364,973.2274787164738,1891.878405080062,378.19337343750027,379.63228281250025,92.04393785667855,0.4364285714285715,0.38500000000000006,0.0
PHASE 2,1218,1950400,1944,1494.177159103364,973.2274787164738,1891.878405080062,378.19337343750027,379.63228281250025,92.04393785667855,0.45500000000000007,0.49642857142857144,0.0
PHASE 2,1219,1952000,1952,1501.5208926800735,973.2274787164738,1891.878405080062,384.39503723958364,377.75604921875026,92.4212257777256,0.0,0.0,0.0
PHASE 2,1220,1953600,1952,1501.5208926800735,973.2274787164738,1891.878405080062,384.3950372395837,377.75604921875026,92.4212257777256,0.4385714285714286,0.4235714285714286,0.0
PHASE 2,1221,1955200,1952,1501.5208926800735,973.2274787164738,1891.878405080062,384.3950372395837,377.75604921875026,92.4212257777256,0.4521428571428571,0.45071428571428573,0.0
PHASE 2,1222,1956800,1952,1501.5208926800735,973.2274787164738,1891.878405080062,384.3950372395837,377.75604921875026,92.4212257777256,0.4307142857142857,0.48500000000000004,0.0
PHASE 2,1223,1958400,1952,1501.5208926800735,973.2274787164738,1891.878405080062,384.3950372395837,377.75604921875026,92.4212257777256,0.46785714285714297,0.44571428571428573,0.0
PHASE 2,1224,1960000,1960,1504.2231428598918,973.2274787164738,1911.175326484654,383.42681432291704,380.71086588541687,92.51068283145324,0.0,0.0,0.0
PHASE 2,1225,1961600,1960,1504.2231428598918,973.2274787164738,1911.175326484654,383.42681432291704,380.71086588541687,92.51068283145324,0.46642857142857147,0.51,0.0
PHASE 2,1226,1963200,1960,1504.2231428598918,973.2274787164738,1911.175326484654,383.42681432291704,380.71086588541687,92.51068283145324,0.45499999999999996,0.41571428571428576,0.0
PHASE 2,1227,1964800,1960,1504.2231428598918,973.2274787164738,1911.175326484654,383.42681432291704,380.71086588541687,92.51068283145324,0.4428571428571429,0.44571428571428573,0.0
PHASE 2,1228,1966400,1960,1504.2231428598918,973.2274787164738,1911.175326484654,383.42681432291704,380.71086588541687,92.51068283145324,0.4071428571428572,0.42142857142857143,0.0
PHASE 2,1229,1968000,1968,1502.0941362583824,973.2274787164738,1911.175326484654,383.2039539062504,379.09461901041686,92.47444541772256,0.0,0.0,0.0
PHASE 2,1230,1969600,1968,1502.0941362583822,973.2274787164738,1911.175326484654,383.2039539062503,379.0946190104168,92.47444541772258,0.43928571428571433,0.4807142857142857,0.0
PHASE 2,1231,1971200,1968,1502.0941362583822,973.2274787164738,1911.175326484654,383.2039539062503,379.0946190104168,92.47444541772258,0.4371428571428571,0.4521428571428571,0.0
PHASE 2,1232,1972800,1968,1502.0941362583822,973.2274787164738,1911.175326484654,383.2039539062503,379.0946190104168,92.47444541772258,0.4192857142857143,0.4,0.0
PHASE 2,1233,1974400,1968,1502.0941362583822,973.2274787164738,1911.175326484654,383.2039539062503,379.0946190104168,92.47444541772258,0.4321428571428572,0.5057142857142857,0.0
PHASE 2,1234,1976000,1976,1503.272048405401,973.2274787164738,1911.175326484654,384.764151822917,377.9427497395835,92.57064335537078,0.0,0.0,0.0
PHASE 2,1235,1977600,1976,1503.272048405401,973.2274787164738,1911.175326484654,384.7641518229169,377.94274973958346,92.57064335537078,0.44642857142857145,0.39999999999999997,0.0
PHASE 2,1236,1979200,1976,1503.272048405401,973.2274787164738,1911.175326484654,384.7641518229169,377.94274973958346,92.57064335537078,0.4864285714285714,0.4321428571428572,0.0
PHASE 2,1237,1980800,1976,1503.272048405401,973.2274787164738,1911.175326484654,384.7641518229169,377.94274973958346,92.57064335537078,0.4057142857142858,0.4621428571428572,0.0
PHASE 2,1238,1982400,1976,1503.272048405401,973.2274787164738,1911.175326484654,384.7641518229169,377.94274973958346,92.57064335537078,0.45857142857142863,0.5021428571428571,0.0
PHASE 2,1239,1984000,1984,1501.8338211829825,973.2274787164738,1911.175326484654,388.35081744791694,373.6447674479168,92.47977953590174,0.0,0.0,0.0
PHASE 2,1240,1985600,1984,1501.8338211829832,973.2274787164738,1911.175326484654,388.35081744791694,373.6447674479169,92.47977953590174,0.4492857142857143,0.4771428571428572,0.0
PHASE 2,1241,1987200,1984,1501.8338211829832,973.2274787164738,1911.175326484654,388.35081744791694,373.6447674479169,92.47977953590174,0.4642857142857143,0.47857142857142854,0.0
PHASE 2,1242,1988800,1984,1501.8338211829832,973.2274787164738,1911.175326484654,388.35081744791694,373.6447674479169,92.47977953590174,0.4871428571428572,0.46571428571428575,0.0
PHASE 2,1243,1990400,1984,1501.8338211829832,973.2274787164738,1911.175326484654,388.35081744791694,373.6447674479169,92.47977953590174,0.47857142857142854,0.4471428571428572,0.0
PHASE 2,1244,1992000,1992,1488.3508320971587,973.2274787164738,1911.175326484654,385.9643122395836,369.42359114583354,91.62036608897556,0.0,0.0,0.0
PHASE 2,1245,1993600,1992,1488.3508320971584,973.2274787164738,1911.175326484654,385.9643122395836,369.42359114583354,91.62036608897557,0.46071428571428574,0.49000000000000005,0.0
PHASE 2,1246,1995200,1992,1488.3508320971584,973.2274787164738,1911.175326484654,385.9643122395836,369.42359114583354,91.62036608897557,0.4314285714285715,0.4192857142857143,0.0
PHASE 2,1247,1996800,1992,1488.3508320971584,973.2274787164738,1911.175326484654,385.9643122395836,369.42359114583354,91.62036608897557,0.42785714285714294,0.45500000000000007,0.0
PHASE 2,1248,1998400,1992,1488.3508320971584,973.2274787164738,1911.175326484654,385.9643122395836,369.42359114583354,91.62036608897557,0.4578571428571429,0.46642857142857147,0.0
PHASE 2,1249,2000000,2000,1492.7042971039016,973.2274787164738,1911.175326484654,385.9441960937503,371.6558630208336,91.88802974867271,0.0,0.0,0.0
PHASE 2,1250,2001600,2000,1492.7042971039014,973.2274787164738,1911.175326484654,385.94419609375024,371.6558630208335,91.88802974867271,0.4642857142857143,0.4035714285714286,0.0
PHASE 2,1251,2003200,2000,1492.7042971039014,973.2274787164738,1911.175326484654,385.94419609375024,371.6558630208335,91.88802974867271,0.46357142857142863,0.4614285714285714,0.0
PHASE 2,1252,2004800,2000,1492.7042971039014,973.2274787164738,1911.175326484654,385.94419609375024,371.6558630208335,91.88802974867271,0.39571428571428574,0.4878571428571429,0.0
PHASE 2,1253,2006400,2000,1492.7042971039014,973.2274787164738,1911.175326484654,385.94419609375024,371.6558630208335,91.88802974867271,0.4278571428571428,0.475,0.0
PHASE 2,1254,2008000,2008,1486.9959244331826,973.2274787164738,1911.175326484654,382.6427731770836,372.29272656250015,91.50755308670763,0.0,0.0,0.0
PHASE 2,1255,2009600,2008,1486.9959244331822,973.2274787164738,1911.175326484654,382.6427731770836,372.29272656250026,91.50755308670763,0.4821428571428572,0.47928571428571437,0.0
PHASE 2,1256,2011200,2008,1486.9959244331822,973.2274787164738,1911.175326484654,382.6427731770836,372.29272656250026,91.50755308670763,0.39785714285714285,0.43428571428571433,0.0
PHASE 2,1257,2012800,2008,1486.9959244331822,973.2274787164738,1911.175326484654,382.6427731770836,372.29272656250026,91.50755308670763,0.49000000000000005,0.46642857142857147,0.0
PHASE 2,1258,2014400,2008,1486.9959244331822,973.2274787164738,1911.175326484654,382.6427731770836,372.29272656250026,91.50755308670763,0.375,0.5228571428571429,0.0
PHASE 2,1259,2016000,2016,1479.9845558653165,973.2274787164738,1911.175326484654,380.9684169270836,372.23939479166677,90.84709301832851,0.0,0.0,0.0
PHASE 2,1260,2017600,2016,1479.9845558653167,973.2274787164738,1911.175326484654,380.9684169270835,372.23939479166694,90.8470930183285,0.47214285714285714,0.47928571428571437,0.0
PHASE 2,1261,2019200,2016,1479.9845558653167,973.2274787164738,1911.175326484654,380.9684169270835,372.23939479166694,90.8470930183285,0.48500000000000004,0.42214285714285726,0.0
PHASE 2,1262,2020800,2016,1479.9845558653167,973.2274787164738,1911.175326484654,380.9684169270835,372.23939479166694,90.8470930183285,0.4842857142857143,0.48357142857142865,0.0
PHASE 2,1263,2022400,2016,1479.9845558653167,973.2274787164738,1911.175326484654,380.9684169270835,372.23939479166694,90.8470930183285,0.47000000000000003,0.5192857142857144,0.0
PHASE 2,1264,2024000,2024,1486.6112506029583,1132.4187670759277,2032.1378849756677,384.4321257812502,372.4972406250002,91.21023552459634,0.0,0.0,0.0
PHASE 2,1265,2025600,2024,1486.6112506029583,1132.4187670759277,2032.1378849756677,384.4321257812503,372.49724062500013,91.21023552459636,0.4642857142857143,0.525,0.0
PHASE 2,1266,2027200,2024,1486.6112506029583,1132.4187670759277,2032.1378849756677,384.4321257812503,372.49724062500013,91.21023552459636,0.445,0.44785714285714284,0.0
PHASE 2,1267,2028800,2024,1486.6112506029583,1132.4187670759277,2032.1378849756677,384.4321257812503,372.49724062500013,91.21023552459636,0.4114285714285715,0.5064285714285715,0.0
PHASE 2,1268,2030400,2024,1486.6112506029583,1132.4187670759277,2032.1378849756677,384.4321257812503,372.49724062500013,91.21023552459636,0.4321428571428572,0.43928571428571433,0.0
PHASE 2,1269,2032000,2032,1486.4403930952449,873.7005535540404,2032.1378849756677,386.1181731770836,368.70216927083356,91.45250633092374,0.0,0.0,0.0
PHASE 2,1270,2033600,2032,1486.4403930952456,873.7005535540404,2032.1378849756677,386.1181731770836,368.70216927083356,91.45250633092374,0.41071428571428575,0.4128571428571429,0.0
PHASE 2,1271,2035200,2032,1486.4403930952456,873.7005535540404,2032.1378849756677,386.1181731770836,368.70216927083356,91.45250633092374,0.45999999999999996,0.5214285714285715,0.0
PHASE 2,1272,2036800,2032,1486.4403930952456,873.7005535540404,2032.1378849756677,386.1181731770836,368.70216927083356,91.45250633092374,0.44857142857142857,0.4692857142857143,0.0
PHASE 2,1273,2038400,2032,1486.4403930952456,873.7005535540404,2032.1378849756677,386.1181731770836,368.70216927083356,91.45250633092374,0.39785714285714285,0.5107142857142858,0.0
PHASE 2,1274,2040000,2040,1497.763387552972,873.7005535540404,2083.689755966123,387.49092395833367,371.386458854167,92.36075059256673,0.0,0.0,0.0
PHASE 2,1275,2041600,2040,1497.7633875529712,873.7005535540404,2083.689755966123,387.49092395833367,371.3864588541669,92.36075059256673,0.45999999999999996,0.4257142857142857,0.0
PHASE 2,1276,2043200,2040,1497.7633875529712,873.7005535540404,2083.689755966123,387.49092395833367,371.3864588541669,92.36075059256673,0.42142857142857143,0.45500000000000007,0.0
PHASE 2,1277,2044800,2040,1497.7633875529712,873.7005535540404,2083.689755966123,387.49092395833367,371.3864588541669,92.36075059256673,0.4335714285714286,0.49000000000000005,0.0
PHASE 2,1278,2046400,2040,1497.7633875529712,873.7005535540404,2083.689755966123,387.49092395833367,371.3864588541669,92.36075059256673,0.4114285714285715,0.5078571428571428,0.0
PHASE 2,1279,2048000,2048,1501.1369607703143,873.7005535540404,2083.689755966123,386.10777708333364,374.09040052083355,92.61734789577635,0.0,0.0,0.0
PHASE 2,1280,2049600,2048,1501.1369607703145,873.7005535540404,2083.689755966123,386.1077770833336,374.09040052083367,92.61734789577635,0.4314285714285715,0.4978571428571429,0.0
PHASE 2,1281,2051200,2048,1501.1369607703145,873.7005535540404,2083.689755966123,386.1077770833336,374.09040052083367,92.61734789577635,0.4378571428571429,0.4564285714285715,0.0
PHASE 2,1282,2052800,2048,1501.1369607703145,873.7005535540404,2083.689755966123,386.1077770833336,374.09040052083367,92.61734789577635,0.4535714285714286,0.47642857142857153,0.0
PHASE 2,1283,2054400,2048,1501.1369607703145,873.7005535540404,2083.689755966123,386.1077770833336,374.09040052083367,92.61734789577635,0.4407142857142857,0.48500000000000004,0.0
PHASE 2,1284,2056000,2056,1512.4123227215148,873.7005535540404,2083.689755966123,387.45535598958355,377.6208414062504,93.41701566571828,0.0,0.0,0.0
PHASE 2,1285,2057600,2056,1512.4123227215146,873.7005535540404,2083.689755966123,387.4553559895836,377.62084140625024,93.41701566571828,0.45500000000000007,0.5285714285714286,0.0
PHASE 2,1286,2059200,2056,1512.4123227215146,873.7005535540404,2083.689755966123,387.4553559895836,377.62084140625024,93.41701566571828,0.4457142857142856,0.49214285714285716,0.0
PHASE 2,1287,2060800,2056,1512.4123227215146,873.7005535540404,2083.689755966123,387.4553559895836,377.62084140625024,93.41701566571828,0.4171428571428571,0.4871428571428571,0.0
PHASE 2,1288,2062400,2056,1512.4123227215146,873.7005535540404,2083.689755966123,387.4553559895836,377.62084140625024,93.41701566571828,0.46142857142857147,0.4935714285714286,0.0
PHASE 2,1289,2064000,2064,1519.270399333669,873.7005535540404,2083.689755966123,391.14949973958363,377.9094023437503,93.7764371563002,0.0,0.0,0.0
PHASE 2,1290,2065600,2064,1519.270399333669,873.7005535540404,2083.689755966123,391.1494997395837,377.9094023437502,93.7764371563002,0.47214285714285714,0.4050000000000001,0.0
PHASE 2,1291,2067200,2064,1519.270399333669,873.7005535540404,2083.689755966123,391.1494997395837,377.9094023437502,93.7764371563002,0.4385714285714286,0.52,0.0
PHASE 2,1292,2068800,2064,1519.270399333669,873.7005535540404,2083.689755966123,391.1494997395837,377.9094023437502,93.7764371563002,0.46642857142857147,0.4385714285714285,0.0
PHASE 2,1293,2070400,2064,1519.270399333669,873.7005535540404,2083.689755966123,391.1494997395837,377.9094023437502,93.7764371563002,0.4621428571428572,0.4828571428571428,0.0
PHASE 2,1294,2072000,2072,1508.4730284588948,873.7005535540404,2083.689755966123,387.41248671875036,376.6563596354169,93.05052276309908,0.0,0.0,0.0
PHASE 2,1295,2073600,2072,1508.473028458895,873.7005535540404,2083.689755966123,387.4124867187503,376.6563596354169,93.05052276309907,0.4542857142857143,0.4864285714285714,0.0
PHASE 2,1296,2075200,2072,1508.473028458895,873.7005535540404,2083.689755966123,387.4124867187503,376.6563596354169,93.05052276309907,0.4821428571428571,0.4757142857142857,0.0
PHASE 2,1297,2076800,2072,1508.473028458895,873.7005535540404,2083.689755966123,387.4124867187503,376.6563596354169,93.05052276309907,0.44714285714285723,0.5021428571428571,0.0
PHASE 2,1298,2078400,2072,1508.473028458895,873.7005535540404,2083.689755966123,387.4124867187503,376.6563596354169,93.05052276309907,0.43071428571428577,0.4928571428571429,0.0
PHASE 2,1299,2080000,2080,1513.4716258713045,873.7005535540404,2083.689755966123,389.0956210937503,378.2580528645836,93.26474398912934,0.0,0.0,0.0
PHASE 2,1300,2081600,2080,1513.4716258713045,873.7005535540404,2083.689755966123,389.0956210937503,378.25805286458353,93.26474398912937,0.4228571428571429,0.5257142857142857,0.0
PHASE 2,1301,2083200,2080,1513.4716258713045,873.7005535540404,2083.689755966123,389.0956210937503,378.25805286458353,93.26474398912937,0.3892857142857143,0.4807142857142857,0.0
PHASE 2,1302,2084800,2080,1513.4716258713045,873.7005535540404,2083.689755966123,389.0956210937503,378.25805286458353,93.26474398912937,0.5021428571428572,0.43,0.0
PHASE 2,1303,2086400,2080,1513.4716258713045,873.7005535540404,2083.689755966123,389.0956210937503,378.25805286458353,93.26474398912937,0.43714285714285717,0.4292857142857144,0.0
PHASE 2,1304,2088000,2088,1521.9628701194138,873.7005535540404,2083.689755966123,387.489365885417,383.40789296875033,93.88320140816403,0.0,0.0,0.0
PHASE 2,1305,2089600,2088,1521.962870119413,873.7005535540404,2083.689755966123,387.489365885417,383.4078929687502,93.88320140816403,0.48,0.45,0.0
PHASE 2,1306,2091200,2088,1521.962870119413,873.7005535540404,2083.689755966123,387.489365885417,383.4078929687502,93.88320140816403,0.4557142857142857,0.5192857142857144,0.0
PHASE 2,1307,2092800,2088,1521.962870119413,873.7005535540404,2083.689755966123,387.489365885417,383.4078929687502,93.88320140816403,0.45428571428571435,0.49071428571428566,0.0
PHASE 2,1308,2094400,2088,1521.962870119413,873.7005535540404,2083.689755966123,387.489365885417,383.4078929687502,93.88320140816403,0.41714285714285715,0.4992857142857143,0.0
PHASE 2,1309,2096000,2096,1527.7304740012578,873.7005535540404,2083.689755966123,388.48410911458365,386.22491666666696,94.12768102750924,0.0,0.0,0.0
PHASE 2,1310,2097600,2096,1527.7304740012573,873.7005535540404,2083.689755966123,388.48410911458376,386.22491666666696,94.12768102750924,0.4700000000000001,0.46142857142857147,0.0
PHASE 2,1311,2099200,2096,1527.7304740012573,873.7005535540404,2083.689755966123,388.48410911458376,386.22491666666696,94.12768102750924,0.4735714285714286,0.42142857142857143,0.0
PHASE 2,1312,2100800,2096,1527.7304740012573,873.7005535540404,2083.689755966123,388.48410911458376,386.22491666666696,94.12768102750924,0.4628571428571429,0.48428571428571426,0.0
PHASE 2,1313,2102400,2096,1527.7304740012573,873.7005535540404,2083.689755966123,388.48410911458376,386.22491666666696,94.12768102750924,0.4035714285714286,0.4192857142857144,0.0
PHASE 2,1314,2104000,2104,1535.8713266493046,873.7005535540404,2083.689755966123,393.37751536458376,384.237847916667,94.78199542101518,0.0,0.0,0.0
PHASE 2,1315,2105600,2104,1535.8713266493041,873.7005535540404,2083.689755966123,393.37751536458364,384.23784791666696,94.7819954210152,0.5221428571428571,0.445,0.0
PHASE 2,1316,2107200,2104,1535.8713266493041,873.7005535540404,2083.689755966123,393.37751536458364,384.23784791666696,94.7819954210152,0.40428571428571425,0.45,0.0
PHASE 2,1317,2108800,2104,1535.8713266493041,873.7005535540404,2083.689755966123,393.37751536458364,384.23784791666696,94.7819954210152,0.46357142857142863,0.4521428571428571,0.0
PHASE 2,1318,2110400,2104,1535.8713266493041,873.7005535540404,2083.689755966123,393.37751536458364,384.23784791666696,94.7819954210152,0.49214285714285716,0.43285714285714294,0.0
PHASE 2,1319,2112000,2112,1542.3416139989317,873.7005535540404,2083.689755966123,390.34914609375033,389.81606562500025,95.27205028503121,0.0,0.0,0.0
PHASE 2,1320,2113600,2112,1542.3416139989317,873.7005535540404,2083.689755966123,390.34914609375045,389.8160656250002,95.27205028503121,0.5050000000000001,0.49357142857142866,0.0
PHASE 2,1321,2115200,2112,1542.3416139989317,873.7005535540404,2083.689755966123,390.34914609375045,389.8160656250002,95.27205028503121,0.48,0.4764285714285714,0.0
PHASE 2,1322,2116800,2112,1542.3416139989317,873.7005535540404,2083.689755966123,390.34914609375045,389.8160656250002,95.27205028503121,0.42714285714285716,0.4842857142857143,0.0
PHASE 2,1323,2118400,2112,1542.3416139989317,873.7005535540404,2083.689755966123,390.34914609375045,389.8160656250002,95.27205028503121,0.49071428571428566,0.4014285714285714,0.0
PHASE 2,1324,2120000,2120,1531.3079391390438,873.7005535540404,2083.689755966123,384.5300875000005,389.7626130208335,94.6269048272847,0.0,0.0,0.0
PHASE 2,1325,2121600,2120,1531.3079391390438,873.7005535540404,2083.689755966123,384.5300875000004,389.7626130208336,94.62690482728469,0.5242857142857144,0.5085714285714286,0.0
PHASE 2,1326,2123200,2120,1531.3079391390438,873.7005535540404,2083.689755966123,384.5300875000004,389.7626130208336,94.62690482728469,0.4321428571428571,0.46357142857142863,0.0
PHASE 2,1327,2124800,2120,1531.3079391390438,873.7005535540404,2083.689755966123,384.5300875000004,389.7626130208336,94.62690482728469,0.495,0.4642857142857143,0.0
PHASE 2,1328,2126400,2120,1531.3079391390438,873.7005535540404,2083.689755966123,384.5300875000004,389.7626130208336,94.62690482728469,0.4950000000000001,0.47857142857142854,0.0
PHASE 2,1329,2128000,2128,1529.5672401213494,873.7005535540404,2120.607076134253,381.93487239583374,391.8995526041669,94.46660189017693,0.0,0.0,0.0
PHASE 2,1330,2129600,2128,1529.5672401213492,873.7005535540404,2120.607076134253,381.9348723958338,391.8995526041669,94.46660189017693,0.5071428571428573,0.5321428571428573,0.0
PHASE 2,1331,2131200,2128,1529.5672401213492,873.7005535540404,2120.607076134253,381.9348723958338,391.8995526041669,94.46660189017693,0.4878571428571428,0.40857142857142864,0.0
PHASE 2,1332,2132800,2128,1529.5672401213492,873.7005535540404,2120.607076134253,381.9348723958338,391.8995526041669,94.46660189017693,0.4621428571428573,0.5014285714285716,0.0
PHASE 2,1333,2134400,2128,1529.5672401213492,873.7005535540404,2120.607076134253,381.9348723958338,391.8995526041669,94.46660189017693,0.42142857142857143,0.4521428571428571,0.0
PHASE 2,1334,2136000,2136,1530.6848826040402,1039.418899579972,2120.607076134253,381.2164453125004,393.38395000000025,94.51056091145087,0.0,0.0,0.0
PHASE 2,1335,2137600,2136,1530.6848826040407,1039.418899579972,2120.607076134253,381.2164453125003,393.3839500000002,94.51056091145087,0.4464285714285715,0.5007142857142858,0.0
PHASE 2,1336,2139200,2136,1530.6848826040407,1039.418899579972,2120.607076134253,381.2164453125003,393.3839500000002,94.51056091145087,0.4614285714285714,0.5057142857142858,0.0
PHASE 2,1337,2140800,2136,1530.6848826040407,1039.418899579972,2120.607076134253,381.2164453125003,393.3839500000002,94.51056091145087,0.43428571428571433,0.4621428571428571,0.0
PHASE 2,1338,2142400,2136,1530.6848826040407,1039.418899579972,2120.607076134253,381.2164453125003,393.3839500000002,94.51056091145087,0.42214285714285715,0.48142857142857143,0.0
PHASE 2,1339,2144000,2144,1515.0751163295572,1039.418899579972,2120.607076134253,377.94257682291703,388.3183312500002,93.6017760320882,0.0,0.0,0.0
PHASE 2,1340,2145600,2144,1515.075116329557,1039.418899579972,2120.607076134253,377.94257682291703,388.31833125000026,93.6017760320882,0.49714285714285716,0.43785714285714283,0.0
PHASE 2,1341,2147200,2144,1515.075116329557,1039.418899579972,2120.607076134253,377.94257682291703,388.31833125000026,93.6017760320882,0.4692857142857144,0.4692857142857144,0.0
PHASE 2,1342,2148800,2144,1515.075116329557,1039.418899579972,2120.607076134253,377.94257682291703,388.31833125000026,93.6017760320882,0.47928571428571426,0.5114285714285716,0.0
PHASE 2,1343,2150400,2144,1515.075116329557,1039.418899579972,2120.607076134253,377.94257682291703,388.31833125000026,93.6017760320882,0.4842857142857143,0.48999999999999994,0.0
PHASE 2,1344,2152000,2152,1516.6827345658392,1039.418899579972,2120.607076134253,378.15564635416695,390.47881822916685,93.5060337478212,0.0,0.0,0.0
PHASE 2,1345,2153600,2152,1516.6827345658392,1039.418899579972,2120.607076134253,378.15564635416706,390.478818229167,93.5060337478212,0.45999999999999996,0.4428571428571429,0.0
PHASE 2,1346,2155200,2152,1516.6827345658392,1039.418899579972,2120.607076134253,378.15564635416706,390.478818229167,93.5060337478212,0.485,0.42857142857142866,0.0
PHASE 2,1347,2156800,2152,1516.6827345658392,1039.418899579972,2120.607076134253,378.15564635416706,390.478818229167,93.5060337478212,0.5171428571428571,0.43357142857142855,0.0
PHASE 2,1348,2158400,2152,1516.6827345658392,1039.418899579972,2120.607076134253,378.15564635416706,390.478818229167,93.5060337478212,0.5035714285714284,0.44214285714285717,0.0
PHASE 2,1349,2160000,2160,1512.9628336228297,1039.418899579972,2120.607076134253,375.34266614583373,389.5549513020836,93.508152021872,0.0,0.0,0.0
PHASE 2,1350,2161600,2160,1512.9628336228297,1039.418899579972,2120.607076134253,375.34266614583373,389.55495130208357,93.508152021872,0.42000000000000004,0.4628571428571429,0.0
PHASE 2,1351,2163200,2160,1512.9628336228297,1039.418899579972,2120.607076134253,375.34266614583373,389.55495130208357,93.508152021872,0.46071428571428574,0.5078571428571429,0.0
PHASE 2,1352,2164800,2160,1512.9628336228297,1039.418899579972,2120.607076134253,375.34266614583373,389.55495130208357,93.508152021872,0.47285714285714286,0.4935714285714286,0.0
PHASE 2,1353,2166400,2160,1512.9628336228297,1039.418899579972,2120.607076134253,375.34266614583373,389.55495130208357,93.508152021872,0.5114285714285715,0.4892857142857143,0.0
PHASE 2,1354,2168000,2168,1517.5391640524158,1060.7423330652018,2120.607076134253,377.04055729166697,391.1415481770836,93.66963232296627,0.0,0.0,0.0
PHASE 2,1355,2169600,2168,1517.5391640524158,1060.7423330652018,2120.607076134253,377.0405572916671,391.1415481770837,93.66963232296625,0.47142857142857153,0.5135714285714286,0.0
PHASE 2,1356,2171200,2168,1517.5391640524158,1060.7423330652018,2120.607076134253,377.0405572916671,391.1415481770837,93.66963232296625,0.4678571428571428,0.4492857142857143,0.0
PHASE 2,1357,2172800,2168,1517.5391640524158,1060.7423330652018,2120.607076134253,377.0405572916671,391.1415481770837,93.66963232296625,0.4935714285714286,0.44142857142857145,0.0
PHASE 2,1358,2174400,2168,1517.5391640524158,1060.7423330652018,2120.607076134253,377.0405572916671,391.1415481770837,93.66963232296625,0.4692857142857143,0.45071428571428573,0.0
PHASE 2,1359,2176000,2176,1532.819543008114,1060.7423330652018,2120.607076134253,379.1127052083337,396.71676171875043,94.62375951013684,0.0,0.0,0.0
PHASE 2,1360,2177600,2176,1532.8195430081137,1060.7423330652018,2120.607076134253,379.1127052083337,396.71676171875026,94.62375951013686,0.46142857142857147,0.4235714285714286,0.0
PHASE 2,1361,2179200,2176,1532.8195430081137,1060.7423330652018,2120.607076134253,379.1127052083337,396.71676171875026,94.62375951013686,0.5014285714285716,0.4485714285714287,0.0
PHASE 2,1362,2180800,2176,1532.8195430081137,1060.7423330652018,2120.607076134253,379.1127052083337,396.71676171875026,94.62375951013686,0.4671428571428572,0.46571428571428575,0.0
PHASE 2,1363,2182400,2176,1532.8195430081137,1060.7423330652018,2120.607076134253,379.1127052083337,396.71676171875026,94.62375951013686,0.4121428571428572,0.49642857142857133,0.0
PHASE 2,1364,2184000,2184,1527.7901415940453,1060.7423330652018,2120.607076134253,380.23129270833374,393.20657213541693,94.29403459379492,0.0,0.0,0.0
PHASE 2,1365,2185600,2184,1527.790141594045,1060.7423330652018,2120.607076134253,380.23129270833374,393.20657213541693,94.29403459379492,0.49000000000000005,0.4821428571428572,0.0
PHASE 2,1366,2187200,2184,1527.790141594045,1060.7423330652018,2120.607076134253,380.23129270833374,393.20657213541693,94.29403459379492,0.4435714285714286,0.47000000000000003,0.0
PHASE 2,1367,2188800,2184,1527.790141594045,1060.7423330652018,2120.607076134253,380.23129270833374,393.20657213541693,94.29403459379492,0.45285714285714296,0.5385714285714286,0.0
PHASE 2,1368,2190400,2184,1527.790141594045,1060.7423330652018,2120.607076134253,380.23129270833374,393.20657213541693,94.29403459379492,0.4321428571428571,0.5364285714285715,0.0
PHASE 2,1369,2192000,2192,1525.1295503811073,1019.004257004712,2120.607076134253,377.0744843750004,393.69707708333357,94.29474861535455,0.0,0.0,0.0
PHASE 2,1370,2193600,2192,1525.1295503811073,1019.004257004712,2120.607076134253,377.07448437500034,393.6970770833336,94.29474861535455,0.4757142857142858,0.4435714285714286,0.0
PHASE 2,1371,2195200,2192,1525.1295503811073,1019.004257004712,2120.607076134253,377.07448437500034,393.6970770833336,94.29474861535455,0.46357142857142863,0.4278571428571428,0.0
PHASE 2,1372,2196800,2192,1525.1295503811073,1019.004257004712,2120.607076134253,377.07448437500034,393.6970770833336,94.29474861535455,0.4535714285714286,0.5078571428571429,0.0
PHASE 2,1373,2198400,2192,1525.1295503811073,1019.004257004712,2120.607076134253,377.07448437500034,393.6970770833336,94.29474861535455,0.45285714285714285,0.4307142857142857,0.0
PHASE 2,1374,2200000,2200,1519.4350447508791,1019.004257004712,2120.607076134253,373.5675593750004,394.8986648437503,93.8711025665239,0.0,0.0,0.0
PHASE 2,1375,2201600,2200,1519.4350447508796,1019.004257004712,2120.607076134253,373.56755937500026,394.8986648437502,93.8711025665239,0.4435714285714286,0.4771428571428572,0.0
PHASE 2,1376,2203200,2200,1519.4350447508796,1019.004257004712,2120.607076134253,373.56755937500026,394.8986648437502,93.8711025665239,0.4442857142857143,0.3928571428571429,0.0
PHASE 2,1377,2204800,2200,1519.4350447508796,1019.004257004712,2120.607076134253,373.56755937500026,394.8986648437502,93.8711025665239,0.43928571428571433,0.4885714285714286,0.0
PHASE 2,1378,2206400,2200,1519.4350447508796,1019.004257004712,2120.607076134253,373.56755937500026,394.8986648437502,93.8711025665239,0.4600000000000001,0.4464285714285715,0.0
PHASE 2,1379,2208000,2208,1512.4363138000874,888.1702757574437,2120.607076134253,372.851274479167,393.00068932291697,93.32304374975793,0.0,0.0,0.0
PHASE 2,1380,2209600,2208,1512.4363138000867,888.1702757574437,2120.607076134253,372.851274479167,393.000689322917,93.32304374975793,0.4314285714285715,0.5442857142857144,0.0
PHASE 2,1381,2211200,2208,1512.4363138000867,888.1702757574437,2120.607076134253,372.851274479167,393.000689322917,93.32304374975793,0.46142857142857147,0.47928571428571426,0.0
PHASE 2,1382,2212800,2208,1512.4363138000867,888.1702757574437,2120.607076134253,372.851274479167,393.000689322917,93.32304374975793,0.46142857142857147,0.47928571428571437,0.0
PHASE 2,1383,2214400,2208,1512.4363138000867,888.1702757574437,2120.607076134253,372.851274479167,393.000689322917,93.32304374975793,0.5192857142857144,0.4671428571428572,0.0
PHASE 2,1384,2216000,2216,1517.4851499882047,888.1702757574437,2120.607076134253,376.6438953125003,392.42602369791706,93.55190387223105,0.0,0.0,0.0
PHASE 2,1385,2217600,2216,1517.4851499882047,888.1702757574437,2120.607076134253,376.64389531250026,392.42602369791695,93.55190387223105,0.4207142857142857,0.4642857142857143,0.0
PHASE 2,1386,2219200,2216,1517.4851499882047,888.1702757574437,2120.607076134253,376.64389531250026,392.42602369791695,93.55190387223105,0.42428571428571427,0.4671428571428572,0.0
PHASE 2,1387,2220800,2216,1517.4851499882047,888.1702757574437,2120.607076134253,376.64389531250026,392.42602369791695,93.55190387223105,0.4407142857142857,0.5485714285714286,0.0
PHASE 2,1388,2222400,2216,1517.4851499882047,888.1702757574437,2120.607076134253,376.64389531250026,392.42602369791695,93.55190387223105,0.425,0.4364285714285715,0.0
PHASE 2,1389,2224000,2224,1525.6784902680727,888.1702757574437,2120.607076134253,380.2631507812503,392.368379947917,94.13086994237085,0.0,0.0,0.0
PHASE 2,1390,2225600,2224,1525.6784902680727,888.1702757574437,2120.607076134253,380.2631507812504,392.36837994791694,94.13086994237085,0.45285714285714296,0.5042857142857143,0.0
PHASE 2,1391,2227200,2224,1525.6784902680727,888.1702757574437,2120.607076134253,380.2631507812504,392.36837994791694,94.13086994237085,0.40214285714285714,0.46499999999999997,0.0
PHASE 2,1392,2228800,2224,1525.6784902680727,888.1702757574437,2120.607076134253,380.2631507812504,392.36837994791694,94.13086994237085,0.46785714285714286,0.5078571428571429,0.0
PHASE 2,1393,2230400,2224,1525.6784902680727,888.1702757574437,2120.607076134253,380.2631507812504,392.36837994791694,94.13086994237085,0.43000000000000005,0.49857142857142855,0.0
PHASE 2,1394,2232000,2232,1518.0686511970118,888.1702757574437,2096.7750608334613,378.043317447917,392.5367794270836,93.4360692902591,0.0,0.0,0.0
PHASE 2,1395,2233600,2232,1518.0686511970118,888.1702757574437,2096.7750608334613,378.043317447917,392.5367794270837,93.43606929025907,0.44571428571428573,0.48857142857142855,0.0
PHASE 2,1396,2235200,2232,1518.0686511970118,888.1702757574437,2096.7750608334613,378.043317447917,392.5367794270837,93.43606929025907,0.4228571428571429,0.46142857142857147,0.0
PHASE 2,1397,2236800,2232,1518.0686511970118,888.1702757574437,2096.7750608334613,378.043317447917,392.5367794270837,93.43606929025907,0.4821428571428572,0.45785714285714285,0.0
PHASE 2,1398,2238400,2232,1518.0686511970118,888.1702757574437,2096.7750608334613,378.043317447917,392.5367794270837,93.43606929025907,0.465,0.4992857142857143,0.0
PHASE 2,1399,2240000,2240,1530.3559530137106,888.1702757574437,2096.7750608334613,381.80103828125027,395.3602242187504,94.14933631422133,0.0,0.0,0.0
PHASE 2,1400,2241600,2240,1530.3559530137102,888.1702757574437,2096.7750608334613,381.8010382812504,395.3602242187504,94.14933631422133,0.4257142857142858,0.5142857142857143,0.0
PHASE 2,1401,2243200,2240,1530.3559530137102,888.1702757574437,2096.7750608334613,381.8010382812504,395.3602242187504,94.14933631422133,0.4685714285714286,0.4685714285714286,0.0
PHASE 2,1402,2244800,2240,1530.3559530137102,888.1702757574437,2096.7750608334613,381.8010382812504,395.3602242187504,94.14933631422133,0.4757142857142857,0.45500000000000007,0.0
PHASE 2,1403,2246400,2240,1530.3559530137102,888.1702757574437,2096.7750608334613,381.8010382812504,395.3602242187504,94.14933631422133,0.4714285714285714,0.4800000000000001,0.0
PHASE 2,1404,2248000,2248,1523.0782706845443,888.1702757574437,2096.7750608334613,382.50768177083364,390.4351937500004,93.76692439547136,0.0,0.0,0.0
PHASE 2,1405,2249600,2248,1523.0782706845448,888.1702757574437,2096.7750608334613,382.50768177083364,390.4351937500003,93.76692439547136,0.4578571428571429,0.43,0.0
PHASE 2,1406,2251200,2248,1523.0782706845448,888.1702757574437,2096.7750608334613,382.50768177083364,390.4351937500003,93.76692439547136,0.44000000000000006,0.44857142857142857,0.0
PHASE 2,1407,2252800,2248,1523.0782706845448,888.1702757574437,2096.7750608334613,382.50768177083364,390.4351937500003,93.76692439547136,0.465,0.49214285714285716,0.0
PHASE 2,1408,2254400,2248,1523.0782706845448,888.1702757574437,2096.7750608334613,382.50768177083364,390.4351937500003,93.76692439547136,0.4771428571428572,0.4192857142857143,0.0
PHASE 2,1409,2256000,2256,1530.4457042858166,888.1702757574437,2096.7750608334613,384.51247265625034,392.73202630208357,94.15015066594307,0.0,0.0,0.0
PHASE 2,1410,2257600,2256,1530.445704285817,888.1702757574437,2096.7750608334613,384.51247265625034,392.7320263020836,94.15015066594309,0.4485714285714287,0.4271428571428572,0.0
PHASE 2,1411,2259200,2256,1530.445704285817,888.1702757574437,2096.7750608334613,384.51247265625034,392.7320263020836,94.15015066594309,0.4821428571428572,0.5085714285714287,0.0
PHASE 2,1412,2260800,2256,1530.445704285817,888.1702757574437,2096.7750608334613,384.51247265625034,392.7320263020836,94.15015066594309,0.475,0.4892857142857143,0.0
PHASE 2,1413,2262400,2256,1530.445704285817,888.1702757574437,2096.7750608334613,384.51247265625034,392.7320263020836,94.15015066594309,0.47857142857142865,0.475,0.0
PHASE 2,1414,2264000,2264,1524.0352076520783,888.1702757574437,2096.7750608334613,380.8884684895836,394.5630888020836,93.57295629505887,0.0,0.0,0.0
PHASE 2,1415,2265600,2264,1524.0352076520776,888.1702757574437,2096.7750608334613,380.88846848958366,394.56308880208366,93.57295629505887,0.465,0.4864285714285715,0.0
PHASE 2,1416,2267200,2264,1524.0352076520776,888.1702757574437,2096.7750608334613,380.88846848958366,394.56308880208366,93.57295629505887,0.4557142857142858,0.5085714285714287,0.0
PHASE 2,1417,2268800,2264,1524.0352076520776,888.1702757574437,2096.7750608334613,380.88846848958366,394.56308880208366,93.57295629505887,0.5707142857142858,0.46785714285714286,0.0
PHASE 2,1418,2270400,2264,1524.0352076520776,888.1702757574437,2096.7750608334613,380.88846848958366,394.56308880208366,93.57295629505887,0.4821428571428572,0.45285714285714285,0.0
PHASE 2,1419,2272000,2272,1517.4206508105133,888.1702757574437,2096.7750608334613,379.3900445312504,391.63424921875026,93.29954463257148,0.0,0.0,0.0
PHASE 2,1420,2273600,2272,1517.4206508105135,888.1702757574437,2096.7750608334613,379.3900445312504,391.63424921875014,93.29954463257147,0.46499999999999997,0.4757142857142858,0.0
PHASE 2,1421,2275200,2272,1517.4206508105135,888.1702757574437,2096.7750608334613,379.3900445312504,391.63424921875014,93.29954463257147,0.45285714285714285,0.4628571428571429,0.0
PHASE 2,1422,2276800,2272,1517.4206508105135,888.1702757574437,2096.7750608334613,379.3900445312504,391.63424921875014,93.29954463257147,0.4614285714285714,0.5157142857142857,0.0
PHASE 2,1423,2278400,2272,1517.4206508105135,888.1702757574437,2096.7750608334613,379.3900445312504,391.63424921875014,93.29954463257147,0.4828571428571428,0.46142857142857147,0.0
PHASE 2,1424,2280000,2280,1508.8627624736973,888.1702757574437,2096.7750608334613,378.67449140625035,387.28054609375016,92.8634656217194,0.0,0.0,0.0
PHASE 2,1425,2281600,2280,1508.8627624736973,888.1702757574437,2096.7750608334613,378.67449140625035,387.2805460937504,92.8634656217194,0.4464285714285715,0.49071428571428577,0.0
PHASE 2,1426,2283200,2280,1508.8627624736973,888.1702757574437,2096.7750608334613,378.67449140625035,387.2805460937504,92.8634656217194,0.47000000000000003,0.49642857142857133,0.0
PHASE 2,1427,2284800,2280,1508.8627624736973,888.1702757574437,2096.7750608334613,378.67449140625035,387.2805460937504,92.8634656217194,0.48428571428571426,0.45714285714285713,0.0
PHASE 2,1428,2286400,2280,1508.8627624736973,888.1702757574437,2096.7750608334613,378.67449140625035,387.2805460937504,92.8634656217194,0.48142857142857143,0.49642857142857133,0.0
PHASE 2,1429,2288000,2288,1491.3940451882781,888.1702757574437,2093.8495726797955,376.7665882812504,381.143090885417,91.68554575270846,0.0,0.0,0.0
PHASE 2,1430,2289600,2288,1491.394045188278,888.1702757574437,2093.8495726797955,376.7665882812504,381.14309088541705,91.68554575270846,0.3685714285714286,0.5128571428571429,0.0
PHASE 2,1431,2291200,2288,1491.394045188278,888.1702757574437,2093.8495726797955,376.7665882812504,381.14309088541705,91.68554575270846,0.4771428571428572,0.49214285714285716,0.0
PHASE 2,1432,2292800,2288,1491.394045188278,888.1702757574437,2093.8495726797955,376.7665882812504,381.14309088541705,91.68554575270846,0.42000000000000004,0.475,0.0
PHASE 2,1433,2294400,2288,1491.394045188278,888.1702757574437,2093.8495726797955,376.7665882812504,381.14309088541705,91.68554575270846,0.485,0.44714285714285723,0.0
PHASE 2,1434,2296000,2296,1492.9292466521115,888.1702757574437,2093.8495726797955,378.83240494791704,379.9536325520837,91.76790114402112,0.0,0.0,0.0
PHASE 2,1435,2297600,2296,1492.9292466521115,888.1702757574437,2093.8495726797955,378.83240494791704,379.9536325520836,91.76790114402112,0.4564285714285714,0.5178571428571428,0.0
PHASE 2,1436,2299200,2296,1492.9292466521115,888.1702757574437,2093.8495726797955,378.83240494791704,379.9536325520836,91.76790114402112,0.4928571428571429,0.4928571428571429,0.0
PHASE 2,1437,2300800,2296,1492.9292466521115,888.1702757574437,2093.8495726797955,378.83240494791704,379.9536325520836,91.76790114402112,0.48500000000000004,0.5435714285714287,0.0
PHASE 2,1438,2302400,2296,1492.9292466521115,888.1702757574437,2093.8495726797955,378.83240494791704,379.9536325520836,91.76790114402112,0.46571428571428575,0.43928571428571433,0.0
PHASE 2,1439,2304000,2304,1488.6162911475785,888.1702757574437,2093.8495726797955,378.03884557291696,379.2764570312502,91.41262356793351,0.0,0.0,0.0
PHASE 2,1440,2305600,2304,1488.616291147578,888.1702757574437,2093.8495726797955,378.03884557291696,379.27645703125035,91.41262356793351,0.42214285714285715,0.47928571428571426,0.0
PHASE 2,1441,2307200,2304,1488.616291147578,888.1702757574437,2093.8495726797955,378.03884557291696,379.27645703125035,91.41262356793351,0.4014285714285714,0.4757142857142857,0.0
PHASE 2,1442,2308800,2304,1488.616291147578,888.1702757574437,2093.8495726797955,378.03884557291696,379.27645703125035,91.41262356793351,0.43357142857142855,0.44714285714285706,0.0
PHASE 2,1443,2310400,2304,1488.616291147578,888.1702757574437,2093.8495726797955,378.03884557291696,379.27645703125035,91.41262356793351,0.45499999999999996,0.4750000000000001,0.0
PHASE 2,1444,2312000,2312,1481.6116488240002,1063.658287710893,2093.8495726797955,375.6025843750004,380.3978622395837,90.70140027618407,0.0,0.0,0.0
PHASE 2,1445,2313600,2312,1481.6116488240004,1063.658287710893,2093.8495726797955,375.6025843750004,380.3978622395835,90.70140027618407,0.4828571428571428,0.49214285714285716,0.0
PHASE 2,1446,2315200,2312,1481.6116488240004,1063.658287710893,2093.8495726797955,375.6025843750004,380.3978622395835,90.70140027618407,0.4828571428571428,0.49785714285714294,0.0
PHASE 2,1447,2316800,2312,1481.6116488240004,1063.658287710893,2093.8495726797955,375.6025843750004,380.3978622395835,90.70140027618407,0.4621428571428572,0.4842857142857143,0.0
PHASE 2,1448,2318400,2312,1481.6116488240004,1063.658287710893,2093.8495726797955,375.6025843750004,380.3978622395835,90.70140027618407,0.40428571428571425,0.5085714285714287,0.0
PHASE 2,1449,2320000,2320,1477.2391809233034,1063.658287710893,2093.8495726797955,371.7026554687504,381.6755132812501,90.48262652166983,0.0,0.0,0.0
PHASE 2,1450,2321600,2320,1477.2391809233031,1063.658287710893,2093.8495726797955,371.7026554687503,381.67551328125023,90.48262652166981,0.4564285714285715,0.5207142857142857,0.0
PHASE 2,1451,2323200,2320,1477.2391809233031,1063.658287710893,2093.8495726797955,371.7026554687503,381.67551328125023,90.48262652166981,0.45999999999999996,0.4735714285714286,0.0
PHASE 2,1452,2324800,2320,1477.2391809233031,1063.658287710893,2093.8495726797955,371.7026554687503,381.67551328125023,90.48262652166981,0.4507142857142858,0.45285714285714285,0.0
PHASE 2,1453,2326400,2320,1477.2391809233031,1063.658287710893,2093.8495726797955,371.7026554687503,381.67551328125023,90.48262652166981,0.43285714285714283,0.5257142857142857,0.0
PHASE 2,1454,2328000,2328,1485.266548047023,1063.658287710893,2093.8495726797955,373.3132617187503,384.04433098958356,90.9886194173434,0.0,0.0,0.0
PHASE 2,1455,2329600,2328,1485.266548047023,1063.658287710893,2093.8495726797955,373.31326171875037,384.04433098958367,90.9886194173434,0.46357142857142863,0.4321428571428571,0.0
PHASE 2,1456,2331200,2328,1485.266548047023,1063.658287710893,2093.8495726797955,373.31326171875037,384.04433098958367,90.9886194173434,0.42142857142857143,0.4892857142857142,0.0
PHASE 2,1457,2332800,2328,1485.266548047023,1063.658287710893,2093.8495726797955,373.31326171875037,384.04433098958367,90.9886194173434,0.43500000000000005,0.5050000000000001,0.0
PHASE 2,1458,2334400,2328,1485.266548047023,1063.658287710893,2093.8495726797955,373.31326171875037,384.04433098958367,90.9886194173434,0.48,0.39357142857142857,0.0
PHASE 2,1459,2336000,2336,1485.5786896367267,1063.658287710893,2093.8495726797955,372.90228046875035,384.5881695312503,91.01102995459809,0.0,0.0,0.0
PHASE 2,1460,2337600,2336,1485.5786896367267,1063.658287710893,2093.8495726797955,372.90228046875035,384.5881695312502,91.01102995459809,0.4442857142857143,0.42857142857142866,0.0
PHASE 2,1461,2339200,2336,1485.5786896367267,1063.658287710893,2093.8495726797955,372.90228046875035,384.5881695312502,91.01102995459809,0.49000000000000005,0.5042857142857142,0.0
PHASE 2,1462,2340800,2336,1485.5786896367267,1063.658287710893,2093.8495726797955,372.90228046875035,384.5881695312502,91.01102995459809,0.4114285714285716,0.5128571428571429,0.0
PHASE 2,1463,2342400,2336,1485.5786896367267,1063.658287710893,2093.8495726797955,372.90228046875035,384.5881695312502,91.01102995459809,0.45071428571428573,0.46142857142857147,0.0
PHASE 2,1464,2344000,2344,1480.9545286223592,1063.658287710893,1904.5986751031546,370.1195369791669,386.5437028645836,90.53641109733331,0.0,0.0,0.0
PHASE 2,1465,2345600,2344,1480.9545286223586,1063.658287710893,1904.5986751031546,370.1195369791669,386.5437028645836,90.53641109733331,0.4321428571428571,0.47928571428571426,0.0
PHASE 2,1466,2347200,2344,1480.9545286223586,1063.658287710893,1904.5986751031546,370.1195369791669,386.5437028645836,90.53641109733331,0.46571428571428575,0.4878571428571428,0.0
PHASE 2,1467,2348800,2344,1480.9545286223586,1063.658287710893,1904.5986751031546,370.1195369791669,386.5437028645836,90.53641109733331,0.4364285714285714,0.4635714285714285,0.0
PHASE 2,1468,2350400,2344,1480.9545286223586,1063.658287710893,1904.5986751031546,370.1195369791669,386.5437028645836,90.53641109733331,0.5078571428571429,0.47714285714285715,0.0
PHASE 2,1469,2352000,2352,1487.1833705169797,1063.658287710893,1963.3596316156622,372.1469802083337,387.5379208333336,90.93730868442138,0.0,0.0,0.0
PHASE 2,1470,2353600,2352,1487.1833705169804,1063.658287710893,1963.3596316156622,372.1469802083336,387.53792083333354,90.93730868442141,0.4685714285714286,0.425,0.0
PHASE 2,1471,2355200,2352,1487.1833705169804,1063.658287710893,1963.3596316156622,372.1469802083336,387.53792083333354,90.93730868442141,0.4885714285714286,0.4992857142857144,0.0
PHASE 2,1472,2356800,2352,1487.1833705169804,1063.658287710893,1963.3596316156622,372.1469802083336,387.53792083333354,90.93730868442141,0.45357142857142857,0.4407142857142857,0.0
PHASE 2,1473,2358400,2352,1487.1833705169804,1063.658287710893,1963.3596316156622,372.1469802083336,387.53792083333354,90.93730868442141,0.4671428571428572,0.46642857142857147,0.0
PHASE 2,1474,2360000,2360,1485.8661719366394,1063.658287710893,1963.3596316156622,375.3995697916671,382.4191052083336,91.00593711708706,0.0,0.0,0.0
PHASE 2,1475,2361600,2360,1485.8661719366396,1063.658287710893,1963.3596316156622,375.39956979166703,382.4191052083336,91.00593711708703,0.45928571428571435,0.48071428571428576,0.0
PHASE 2,1476,2363200,2360,1485.8661719366396,1063.658287710893,1963.3596316156622,375.39956979166703,382.4191052083336,91.00593711708703,0.4757142857142858,0.4642857142857143,0.0
PHASE 2,1477,2364800,2360,1485.8661719366396,1063.658287710893,1963.3596316156622,375.39956979166703,382.4191052083336,91.00593711708703,0.4442857142857144,0.49285714285714277,0.0
PHASE 2,1478,2366400,2360,1485.8661719366396,1063.658287710893,1963.3596316156622,375.39956979166703,382.4191052083336,91.00593711708703,0.4864285714285715,0.4985714285714285,0.0
PHASE 2,1479,2368000,2368,1479.5617270273838,1063.658287710893,1963.3596316156622,376.2762739583337,379.62260000000026,90.45785663363844,0.0,0.0,0.0
PHASE 2,1480,2369600,2368,1479.5617270273835,1063.658287710893,1963.3596316156622,376.2762739583336,379.62260000000015,90.45785663363844,0.46357142857142863,0.4428571428571429,0.0
PHASE 2,1481,2371200,2368,1479.5617270273835,1063.658287710893,1963.3596316156622,376.2762739583336,379.62260000000015,90.45785663363844,0.43499999999999994,0.4842857142857143,0.0
PHASE 2,1482,2372800,2368,1479.5617270273835,1063.658287710893,1963.3596316156622,376.2762739583336,379.62260000000015,90.45785663363844,0.4271428571428572,0.4235714285714286,0.0
PHASE 2,1483,2374400,2368,1479.5617270273835,1063.658287710893,1963.3596316156622,376.2762739583336,379.62260000000015,90.45785663363844,0.4492857142857143,0.5192857142857144,0.0
PHASE 2,1484,2376000,2376,1485.5177150538864,1063.658287710893,1963.3596316156622,377.1114395833337,381.8336348958335,90.82158007184715,0.0,0.0,0.0
PHASE 2,1485,2377600,2376,1485.5177150538864,1063.658287710893,1963.3596316156622,377.1114395833336,381.8336348958335,90.82158007184712,0.4585714285714285,0.45999999999999996,0.0
PHASE 2,1486,2379200,2376,1485.5177150538864,1063.658287710893,1963.3596316156622,377.1114395833336,381.8336348958335,90.82158007184712,0.4000000000000001,0.4921428571428571,0.0
PHASE 2,1487,2380800,2376,1485.5177150538864,1063.658287710893,1963.3596316156622,377.1114395833336,381.8336348958335,90.82158007184712,0.49857142857142867,0.5035714285714287,0.0
PHASE 2,1488,2382400,2376,1485.5177150538864,1063.658287710893,1963.3596316156622,377.1114395833336,381.8336348958335,90.82158007184712,0.43999999999999995,0.4757142857142857,0.0
PHASE 2,1489,2384000,2384,1497.5359026132633,1122.317492288211,1963.3596316156622,375.74112604166703,390.4625109375001,91.41653320426957,0.0,0.0,0.0
PHASE 2,1490,2385600,2384,1497.5359026132633,1122.317492288211,1963.3596316156622,375.74112604166703,390.4625109375001,91.41653320426958,0.4385714285714286,0.4685714285714287,0.0
PHASE 2,1491,2387200,2384,1497.5359026132633,1122.317492288211,1963.3596316156622,375.74112604166703,390.4625109375001,91.41653320426958,0.4514285714285715,0.4914285714285714,0.0
PHASE 2,1492,2388800,2384,1497.5359026132633,1122.317492288211,1963.3596316156622,375.74112604166703,390.4625109375001,91.41653320426958,0.4692857142857143,0.53,0.0
PHASE 2,1493,2390400,2384,1497.5359026132633,1122.317492288211,1963.3596316156622,375.74112604166703,390.4625109375001,91.41653320426958,0.4671428571428572,0.4714285714285714,0.0
PHASE 2,1494,2392000,2392,1507.2599722168227,1122.317492288211,1963.3596316156622,377.92239479166705,393.46926979166676,91.98353845419392,0.0,0.0,0.0
PHASE 2,1495,2393600,2392,1507.2599722168227,1122.317492288211,1963.3596316156622,377.92239479166693,393.4692697916668,91.98353845419392,0.4128571428571428,0.5042857142857143,0.0
PHASE 2,1496,2395200,2392,1507.2599722168227,1122.317492288211,1963.3596316156622,377.92239479166693,393.4692697916668,91.98353845419392,0.4192857142857143,0.48142857142857143,0.0
PHASE 2,1497,2396800,2392,1507.2599722168227,1122.317492288211,1963.3596316156622,377.92239479166693,393.4692697916668,91.98353845419392,0.45357142857142857,0.4671428571428572,0.0
PHASE 2,1498,2398400,2392,1507.2599722168227,1122.317492288211,1963.3596316156622,377.92239479166693,393.4692697916668,91.98353845419392,0.475,0.42000000000000004,0.0
PHASE 2,1499,2400000,2400,1507.2285174833617,1122.317492288211,1963.3596316156622,376.83925937500027,393.3257187500001,92.13294241980289,0.0,0.0,0.0
PHASE 3A,0,1600,0,,,,,,,0.4478571428571428,0.5278571428571429,0.0
PHASE 3A,1,3200,0,,,,,,,0.51,0.4714285714285714,0.0
PHASE 3A,2,4800,0,,,,,,,0.47142857142857153,0.5114285714285715,0.0
PHASE 3A,3,6400,0,,,,,,,0.40928571428571425,0.43500000000000005,0.0
PHASE 3A,4,8000,8,1562.3875703107033,1344.040346349316,1675.55169860547,376.1933333333336,426.23589843750017,94.99479231749248,0.0,0.0,0.0
PHASE 3A,5,9600,8,1562.3875703107033,1344.040346349316,1675.55169860547,376.1933333333336,426.23589843750017,94.99479231749248,0.3921428571428572,0.5000000000000001,0.0
PHASE 3A,6,11200,8,1562.3875703107033,1344.040346349316,1675.55169860547,376.1933333333336,426.23589843750017,94.99479231749248,0.49571428571428583,0.51,0.0
PHASE 3A,7,12800,8,1562.3875703107033,1344.040346349316,1675.55169860547,376.1933333333336,426.23589843750017,94.99479231749248,0.5128571428571428,0.5014285714285714,0.0
PHASE 3A,8,14400,8,1562.3875703107033,1344.040346349316,1675.55169860547,376.1933333333336,426.23589843750017,94.99479231749248,0.4928571428571429,0.4692857142857143,0.0
PHASE 3A,9,16000,16,1599.8231191661198,1326.0578831581142,1893.6815814552392,410.65386718750017,417.4930875651043,96.45952055169843,0.0,0.0,0.0
PHASE 3A,10,17600,16,1599.8231191661198,1326.0578831581142,1893.6815814552392,410.65386718750017,417.4930875651043,96.45952055169842,0.42642857142857143,0.49857142857142867,0.0
PHASE 3A,11,19200,16,1599.8231191661198,1326.0578831581142,1893.6815814552392,410.65386718750017,417.4930875651043,96.45952055169842,0.4714285714285714,0.48428571428571426,0.0
PHASE 3A,12,20800,16,1599.8231191661198,1326.0578831581142,1893.6815814552392,410.65386718750017,417.4930875651043,96.45952055169842,0.4878571428571429,0.4878571428571428,0.0
PHASE 3A,13,22400,16,1599.8231191661198,1326.0578831581142,1893.6815814552392,410.65386718750017,417.4930875651043,96.45952055169842,0.47285714285714286,0.5328571428571429,0.0
PHASE 3A,14,24000,24,1581.6775842695304,1101.884445325494,1893.6815814552392,404.9220616319447,413.2499099392364,95.43820158730212,0.0,0.0,0.0
PHASE 3A,15,25600,24,1581.6775842695304,1101.884445325494,1893.6815814552392,404.9220616319447,413.2499099392364,95.43820158730212,0.5014285714285716,0.5207142857142857,0.0
PHASE 3A,16,27200,24,1581.6775842695304,1101.884445325494,1893.6815814552392,404.9220616319447,413.2499099392364,95.43820158730212,0.4692857142857143,0.475,0.0
PHASE 3A,17,28800,24,1581.6775842695304,1101.884445325494,1893.6815814552392,404.9220616319447,413.2499099392364,95.43820158730212,0.47714285714285715,0.4885714285714286,0.0
PHASE 3A,18,30400,24,1581.6775842695304,1101.884445325494,1893.6815814552392,404.9220616319447,413.2499099392364,95.43820158730212,0.472857142857143,0.5085714285714286,0.0
PHASE 3A,19,32000,32,1556.0291481645602,1101.884445325494,1893.6815814552392,395.69452148437523,408.19479899088554,94.01747846117014,0.0,0.0,0.0
PHASE 3A,20,33600,32,1556.0291481645602,1101.884445325494,1893.6815814552392,395.6945214843753,408.1947989908856,94.01747846117013,0.4428571428571429,0.44571428571428573,0.0
PHASE 3A,21,35200,32,1556.0291481645602,1101.884445325494,1893.6815814552392,395.6945214843753,408.1947989908856,94.01747846117013,0.4600000000000001,0.4778571428571429,0.0
PHASE 3A,22,36800,32,1556.0291481645602,1101.884445325494,1893.6815814552392,395.6945214843753,408.1947989908856,94.01747846117013,0.4750000000000001,0.4821428571428571,0.0
PHASE 3A,23,38400,32,1556.0291481645602,1101.884445325494,1893.6815814552392,395.6945214843753,408.1947989908856,94.01747846117013,0.38428571428571434,0.47785714285714304,0.0
PHASE 3A,24,40000,40,1561.406321093154,1074.2952958833896,1893.6815814552392,399.9550781250003,405.7189589843752,94.46653549797992,0.0,0.0,0.0
PHASE 3A,25,41600,40,1561.406321093154,1074.2952958833896,1893.6815814552392,399.9550781250003,405.7189589843752,94.4665354979799,0.47000000000000003,0.4442857142857143,0.0
PHASE 3A,26,43200,40,1561.406321093154,1074.2952958833896,1893.6815814552392,399.9550781250003,405.7189589843752,94.4665354979799,0.4671428571428572,0.45857142857142863,0.0
PHASE 3A,27,44800,40,1561.406321093154,1074.2952958833896,1893.6815814552392,399.9550781250003,405.7189589843752,94.4665354979799,0.48071428571428576,0.4892857142857142,0.0
PHASE 3A,28,46400,40,1561.406321093154,1074.2952958833896,1893.6815814552392,399.9550781250003,405.7189589843752,94.4665354979799,0.4685714285714286,0.4821428571428571,0.0
PHASE 3A,29,48000,48,1543.2373050122787,1074.2952958833896,1893.6815814552392,402.79400824652794,394.59488226996547,93.23105181198055,0.0,0.0,0.0
PHASE 3A,30,49600,48,1543.2373050122787,1074.2952958833896,1893.6815814552392,402.79400824652794,394.59488226996547,93.23105181198055,0.42642857142857143,0.47428571428571437,0.0
PHASE 3A,31,51200,48,1543.2373050122787,1074.2952958833896,1893.6815814552392,402.79400824652794,394.59488226996547,93.23105181198055,0.48428571428571426,0.5107142857142858,0.0
PHASE 3A,32,52800,48,1543.2373050122787,1074.2952958833896,1893.6815814552392,402.79400824652794,394.59488226996547,93.23105181198055,0.4800000000000001,0.45714285714285713,0.0
PHASE 3A,33,54400,48,1543.2373050122787,1074.2952958833896,1893.6815814552392,402.79400824652794,394.59488226996547,93.23105181198055,0.46071428571428585,0.4757142857142857,0.0
PHASE 3A,34,56000,56,1552.7713582229358,1074.2952958833896,1893.6815814552392,408.0124014136906,394.9197781808038,93.72989732856283,0.0,0.0,0.0
PHASE 3A,35,57600,56,1552.7713582229355,1074.2952958833896,1893.6815814552392,408.0124014136906,394.9197781808038,93.72989732856283,0.47142857142857153,0.4835714285714287,0.0
PHASE 3A,36,59200,56,1552.7713582229355,1074.2952958833896,1893.6815814552392,408.0124014136906,394.9197781808038,93.72989732856283,0.48357142857142865,0.4514285714285714,0.0
PHASE 3A,37,60800,56,1552.7713582229355,1074.2952958833896,1893.6815814552392,408.0124014136906,394.9197781808038,93.72989732856283,0.5157142857142858,0.5042857142857142,0.0
PHASE 3A,38,62400,56,1552.7713582229355,1074.2952958833896,1893.6815814552392,408.0124014136906,394.9197781808038,93.72989732856283,0.44857142857142857,0.4807142857142857,0.0
PHASE 3A,39,64000,64,1564.163398746928,1074.2952958833896,1893.6815814552392,409.787019856771,397.6047408040367,94.59645476077296,0.0,0.0,0.0
PHASE 3A,40,65600,64,1564.163398746928,1074.2952958833896,1893.6815814552392,409.78701985677105,397.6047408040367,94.59645476077294,0.4471428571428572,0.4471428571428572,0.0
PHASE 3A,41,67200,64,1564.163398746928,1074.2952958833896,1893.6815814552392,409.78701985677105,397.6047408040367,94.59645476077294,0.44214285714285717,0.4714285714285714,0.0
PHASE 3A,42,68800,64,1564.163398746928,1074.2952958833896,1893.6815814552392,409.78701985677105,397.6047408040367,94.59645476077294,0.4900000000000001,0.5200000000000001,0.0
PHASE 3A,43,70400,64,1564.163398746928,1074.2952958833896,1893.6815814552392,409.78701985677105,397.6047408040367,94.59645476077294,0.465,0.5164285714285716,0.0
PHASE 3A,44,72000,72,1564.32258250866,1074.2952958833896,1893.6815814552392,406.66474500868077,401.04425021701417,94.57669841037864,0.0,0.0,0.0
PHASE 3A,45,73600,72,1564.32258250866,1074.2952958833896,1893.6815814552392,406.66474500868077,401.04425021701417,94.57669841037864,0.4264285714285715,0.4600000000000001,0.0
PHASE 3A,46,75200,72,1564.32258250866,1074.2952958833896,1893.6815814552392,406.66474500868077,401.04425021701417,94.57669841037864,0.47071428571428575,0.47928571428571426,0.0
PHASE 3A,47,76800,72,1564.32258250866,1074.2952958833896,1893.6815814552392,406.66474500868077,401.04425021701417,94.57669841037864,0.4035714285714286,0.49857142857142867,0.0
PHASE 3A,48,78400,72,1564.32258250866,1074.2952958833896,1893.6815814552392,406.66474500868077,401.04425021701417,94.57669841037864,0.46142857142857147,0.44857142857142857,0.0
PHASE 3A,49,80000,80,1563.3250748727985,1074.2952958833896,1893.6815814552392,404.155039388021,402.6076803385419,94.5702943932874,0.0,0.0,0.0
PHASE 3A,50,81600,80,1563.3250748727985,1074.2952958833896,1893.6815814552392,404.155039388021,402.6076803385419,94.5702943932874,0.4600000000000001,0.4671428571428571,0.0
PHASE 3A,51,83200,80,1563.3250748727985,1074.2952958833896,1893.6815814552392,404.155039388021,402.6076803385419,94.5702943932874,0.4492857142857143,0.45428571428571435,0.0
PHASE 3A,52,84800,80,1563.3250748727985,1074.2952958833896,1893.6815814552392,404.155039388021,402.6076803385419,94.5702943932874,0.4757142857142858,0.5207142857142857,0.0
PHASE 3A,53,86400,80,1563.3250748727985,1074.2952958833896,1893.6815814552392,404.155039388021,402.6076803385419,94.5702943932874,0.42642857142857143,0.4685714285714286,0.0
PHASE 3A,54,88000,88,1555.5654039106432,1074.2952958833896,1893.6815814552392,403.2265616122161,398.2257232481063,94.26413988129806,0.0,0.0,0.0
PHASE 3A,55,89600,88,1555.5654039106432,1074.2952958833896,1893.6815814552392,403.2265616122161,398.22572324810625,94.26413988129808,0.45928571428571435,0.43285714285714294,0.0
PHASE 3A,56,91200,88,1555.5654039106432,1074.2952958833896,1893.6815814552392,403.2265616122161,398.22572324810625,94.26413988129808,0.44142857142857145,0.5178571428571429,0.0
PHASE 3A,57,92800,88,1555.5654039106432,1074.2952958833896,1893.6815814552392,403.2265616122161,398.22572324810625,94.26413988129808,0.4578571428571429,0.5457142857142857,0.0
PHASE 3A,58,94400,88,1555.5654039106432,1074.2952958833896,1893.6815814552392,403.2265616122161,398.22572324810625,94.26413988129808,0.43928571428571433,0.5014285714285714,0.0
PHASE 3A,59,96000,96,1559.4051301643524,1074.2952958833896,1893.6815814552392,402.8983026801218,400.8223296440974,94.46056223002472,0.0,0.0,0.0
PHASE 3A,60,97600,96,1559.4051301643524,1074.2952958833896,1893.6815814552392,402.8983026801218,400.8223296440974,94.46056223002472,0.5335714285714286,0.5071428571428571,0.0
PHASE 3A,61,99200,96,1559.4051301643524,1074.2952958833896,1893.6815814552392,402.8983026801218,400.8223296440974,94.46056223002472,0.4364285714285715,0.45928571428571424,0.0
PHASE 3A,62,100800,96,1559.4051301643524,1074.2952958833896,1893.6815814552392,402.8983026801218,400.8223296440974,94.46056223002472,0.43285714285714294,0.5478571428571428,0.0
PHASE 3A,63,102400,96,1559.4051301643524,1074.2952958833896,1893.6815814552392,402.8983026801218,400.8223296440974,94.46056223002472,0.44142857142857145,0.4685714285714286,0.0
PHASE 3A,64,104000,104,1568.6790379704623,1074.2952958833896,1949.6360528598932,405.08588619791686,403.77448333333354,94.97733355490963,0.0,0.0,0.0
PHASE 3A,65,105600,104,1568.6790379704623,1074.2952958833896,1949.6360528598932,405.085886197917,403.77448333333354,94.97733355490963,0.40857142857142853,0.5285714285714286,0.0
PHASE 3A,66,107200,104,1568.6790379704623,1074.2952958833896,1949.6360528598932,405.085886197917,403.77448333333354,94.97733355490963,0.4942857142857144,0.44357142857142867,0.0
PHASE 3A,67,108800,104,1568.6790379704623,1074.2952958833896,1949.6360528598932,405.085886197917,403.77448333333354,94.97733355490963,0.43714285714285717,0.4978571428571429,0.0
PHASE 3A,68,110400,104,1568.6790379704623,1074.2952958833896,1949.6360528598932,405.085886197917,403.77448333333354,94.97733355490963,0.4228571428571429,0.42000000000000004,0.0
PHASE 3A,69,112000,112,1565.9134452601845,1074.2952958833896,1949.6360528598932,406.37827161458364,401.31218671875024,94.77787336586454,0.0,0.0,0.0
PHASE 3A,70,113600,112,1565.9134452601847,1074.2952958833896,1949.6360528598932,406.3782716145836,401.31218671875024,94.77787336586454,0.47857142857142865,0.5328571428571427,0.0
PHASE 3A,71,115200,112,1565.9134452601847,1074.2952958833896,1949.6360528598932,406.3782716145836,401.31218671875024,94.77787336586454,0.4764285714285714,0.46642857142857147,0.0
PHASE 3A,72,116800,112,1565.9134452601847,1074.2952958833896,1949.6360528598932,406.3782716145836,401.31218671875024,94.77787336586454,0.4814285714285715,0.38857142857142857,0.0
PHASE 3A,73,118400,112,1565.9134452601847,1074.2952958833896,1949.6360528598932,406.3782716145836,401.31218671875024,94.77787336586454,0.4628571428571429,0.4714285714285714,0.0
PHASE 3A,74,120000,120,1557.4535050990596,1074.2952958833896,1949.6360528598932,401.7622674479169,400.7869700520836,94.36303344989057,0.0,0.0,0.0
PHASE 3A,75,121600,120,1557.4535050990596,1074.2952958833896,1949.6360528598932,401.7622674479169,400.78697005208363,94.36303344989057,0.45285714285714296,0.44785714285714284,0.0
PHASE 3A,76,123200,120,1557.4535050990596,1074.2952958833896,1949.6360528598932,401.7622674479169,400.78697005208363,94.36303344989057,0.4414285714285714,0.4257142857142858,0.0
PHASE 3A,77,124800,120,1557.4535050990596,1074.2952958833896,1949.6360528598932,401.7622674479169,400.78697005208363,94.36303344989057,0.4514285714285714,0.5157142857142858,0.0
PHASE 3A,78,126400,120,1557.4535050990596,1074.2952958833896,1949.6360528598932,401.7622674479169,400.78697005208363,94.36303344989057,0.505,0.4935714285714286,0.0
PHASE 3A,79,128000,128,1566.495655251225,1074.2952958833896,1949.6360528598932,401.8922481770835,405.9221044270835,94.83516283089074,0.0,0.0,0.0
PHASE 3A,80,129600,128,1566.4956552512244,1074.2952958833896,1949.6360528598932,401.8922481770835,405.9221044270835,94.83516283089074,0.4707142857142858,0.48142857142857143,0.0
PHASE 3A,81,131200,128,1566.4956552512244,1074.2952958833896,1949.6360528598932,401.8922481770835,405.9221044270835,94.83516283089074,0.4557142857142858,0.4864285714285715,0.0
PHASE 3A,82,132800,128,1566.4956552512244,1074.2952958833896,1949.6360528598932,401.8922481770835,405.9221044270835,94.83516283089074,0.46428571428571425,0.47785714285714287,0.0
PHASE 3A,83,134400,128,1566.4956552512244,1074.2952958833896,1949.6360528598932,401.8922481770835,405.9221044270835,94.83516283089074,0.4707142857142858,0.5014285714285714,0.0
PHASE 3A,84,136000,136,1573.5730007846278,1161.2698889886676,1949.6360528598932,403.9992528645835,407.7496778645836,95.22800875694138,0.0,0.0,0.0
PHASE 3A,85,137600,136,1573.573000784628,1161.2698889886676,1949.6360528598932,403.9992528645835,407.7496778645837,95.22800875694138,0.46785714285714286,0.4864285714285715,0.0
PHASE 3A,86,139200,136,1573.573000784628,1161.2698889886676,1949.6360528598932,403.9992528645835,407.7496778645837,95.22800875694138,0.46500000000000014,0.5464285714285715,0.0
PHASE 3A,87,140800,136,1573.573000784628,1161.2698889886676,1949.6360528598932,403.9992528645835,407.7496778645837,95.22800875694138,0.4435714285714286,0.4807142857142857,0.0
PHASE 3A,88,142400,136,1573.573000784628,1161.2698889886676,1949.6360528598932,403.9992528645835,407.7496778645837,95.22800875694138,0.5064285714285715,0.47785714285714287,0.0
PHASE 3A,89,144000,144,1588.9939764857813,1161.2698889886676,1949.6360528598932,404.8013184895835,414.83710286458364,96.16944439146069,0.0,0.0,0.0
PHASE 3A,90,145600,144,1588.9939764857813,1161.2698889886676,1949.6360528598932,404.8013184895836,414.8371028645836,96.16944439146069,0.4821428571428571,0.47857142857142865,0.0
PHASE 3A,91,147200,144,1588.9939764857813,1161.2698889886676,1949.6360528598932,404.8013184895836,414.8371028645836,96.16944439146069,0.4435714285714286,0.517857142857143,0.0
PHASE 3A,92,148800,144,1588.9939764857813,1161.2698889886676,1949.6360528598932,404.8013184895836,414.8371028645836,96.16944439146069,0.42285714285714293,0.5078571428571429,0.0
PHASE 3A,93,150400,144,1588.9939764857813,1161.2698889886676,1949.6360528598932,404.8013184895836,414.8371028645836,96.16944439146069,0.45999999999999996,0.4828571428571428,0.0
PHASE 3A,94,152000,152,1599.2843924202202,1161.2698889886676,2038.597904109201,404.0403101562502,420.664550260417,96.82244150045317,0.0,0.0,0.0
PHASE 3A,95,153600,152,1599.2843924202198,1161.2698889886676,2038.597904109201,404.04031015625026,420.6645502604169,96.82244150045317,0.4764285714285714,0.4885714285714286,0.0
PHASE 3A,96,155200,152,1599.2843924202198,1161.2698889886676,2038.597904109201,404.04031015625026,420.6645502604169,96.82244150045317,0.4735714285714286,0.4892857142857143,0.0
PHASE 3A,97,156800,152,1599.2843924202198,1161.2698889886676,2038.597904109201,404.04031015625026,420.6645502604169,96.82244150045317,0.4642857142857143,0.47928571428571437,0.0
PHASE 3A,98,158400,152,1599.2843924202198,1161.2698889886676,2038.597904109201,404.04031015625026,420.6645502604169,96.82244150045317,0.4228571428571429,0.4892857142857143,0.0
PHASE 3A,99,160000,160,1589.9639565468801,1161.2698889886676,2038.597904109201,397.65541380208356,422.40280651041684,96.23821702930633,0.0,0.0,0.0
PHASE 3A,100,161600,160,1589.9639565468801,1161.2698889886676,2038.597904109201,397.65541380208356,422.40280651041707,96.23821702930633,0.4828571428571428,0.5014285714285714,0.0
PHASE 3A,101,163200,160,1589.9639565468801,1161.2698889886676,2038.597904109201,397.65541380208356,422.40280651041707,96.23821702930633,0.445,0.49214285714285727,0.0
PHASE 3A,102,164800,160,1589.9639565468801,1161.2698889886676,2038.597904109201,397.65541380208356,422.40280651041707,96.23821702930633,0.4185714285714286,0.47785714285714287,0.0
PHASE 3A,103,166400,160,1589.9639565468801,1161.2698889886676,2038.597904109201,397.65541380208356,422.40280651041707,96.23821702930633,0.44642857142857145,0.4471428571428572,0.0
PHASE 3A,104,168000,168,1597.5907547933928,1161.2698889886676,2038.597904109201,400.82698463541686,423.4878200520837,96.65949376324545,0.0,0.0,0.0
PHASE 3A,105,169600,168,1597.5907547933932,1161.2698889886676,2038.597904109201,400.82698463541686,423.48782005208363,96.65949376324545,0.45357142857142857,0.535,0.0
PHASE 3A,106,171200,168,1597.5907547933932,1161.2698889886676,2038.597904109201,400.82698463541686,423.48782005208363,96.65949376324545,0.5128571428571428,0.4735714285714286,0.0
PHASE 3A,107,172800,168,1597.5907547933932,1161.2698889886676,2038.597904109201,400.82698463541686,423.48782005208363,96.65949376324545,0.43500000000000005,0.45714285714285713,0.0
PHASE 3A,108,174400,168,1597.5907547933932,1161.2698889886676,2038.597904109201,400.82698463541686,423.48782005208363,96.65949376324545,0.4692857142857143,0.4535714285714286,0.0
PHASE 3A,109,176000,176,1594.7426292313364,917.0628721893311,2038.597904109201,403.2488348958336,420.1772789062502,96.41456442866539,0.0,0.0,0.0
PHASE 3A,110,177600,176,1594.7426292313364,917.0628721893311,2038.597904109201,403.2488348958336,420.17727890625014,96.41456442866536,0.4685714285714286,0.49857142857142855,0.0
PHASE 3A,111,179200,176,1594.7426292313364,917.0628721893311,2038.597904109201,403.2488348958336,420.17727890625014,96.41456442866536,0.45214285714285724,0.5114285714285715,0.0
PHASE 3A,112,180800,176,1594.7426292313364,917.0628721893311,2038.597904109201,403.2488348958336,420.17727890625014,96.41456442866536,0.4878571428571429,0.4807142857142857,0.0
PHASE 3A,113,182400,176,1594.7426292313364,917.0628721893311,2038.597904109201,403.2488348958336,420.17727890625014,96.41456442866536,0.4128571428571429,0.46499999999999997,0.0
PHASE 3A,114,184000,184,1599.2528963769435,917.0628721893311,2038.597904109201,405.26521510416694,422.01857395833343,96.49613841431426,0.0,0.0,0.0
PHASE 3A,115,185600,184,1599.2528963769437,917.0628721893311,2038.597904109201,405.2652151041668,422.0185739583336,96.49613841431425,0.43000000000000005,0.5328571428571429,0.0
PHASE 3A,116,187200,184,1599.2528963769437,917.0628721893311,2038.597904109201,405.2652151041668,422.0185739583336,96.49613841431425,0.4278571428571428,0.5549999999999999,0.0
PHASE 3A,117,188800,184,1599.2528963769437,917.0628721893311,2038.597904109201,405.2652151041668,422.0185739583336,96.49613841431425,0.45214285714285724,0.5135714285714286,0.0
PHASE 3A,118,190400,184,1599.2528963769437,917.0628721893311,2038.597904109201,405.2652151041668,422.0185739583336,96.49613841431425,0.5278571428571429,0.4928571428571429,0.0
PHASE 3A,119,192000,192,1608.8751133324154,917.0628721893311,2038.597904109201,405.65564270833346,427.9578765625002,96.90769925770647,0.0,0.0,0.0
PHASE 3A,120,193600,192,1608.8751133324154,917.0628721893311,2038.597904109201,405.6556427083335,427.9578765625003,96.90769925770648,0.48571428571428565,0.562857142857143,0.0
PHASE 3A,121,195200,192,1608.8751133324154,917.0628721893311,2038.597904109201,405.6556427083335,427.9578765625003,96.90769925770648,0.4514285714285715,0.5121428571428572,0.0
PHASE 3A,122,196800,192,1608.8751133324154,917.0628721893311,2038.597904109201,405.6556427083335,427.9578765625003,96.90769925770648,0.44857142857142857,0.4557142857142857,0.0
PHASE 3A,123,198400,192,1608.8751133324154,917.0628721893311,2038.597904109201,405.6556427083335,427.9578765625003,96.90769925770648,0.43714285714285717,0.5292857142857142,0.0
PHASE 3A,124,200000,200,1605.713569093102,917.0628721893311,2038.597904109201,409.7514281250002,422.2259328125003,96.71702601945914,0.0,0.0,0.0
PHASE 3A,125,201600,200,1605.7135690931027,917.0628721893311,2038.597904109201,409.7514281250002,422.2259328125003,96.71702601945914,0.43357142857142855,0.4892857142857143,0.0
PHASE 3A,126,203200,200,1605.7135690931027,917.0628721893311,2038.597904109201,409.7514281250002,422.2259328125003,96.71702601945914,0.4428571428571429,0.5235714285714286,0.0
PHASE 3A,127,204800,200,1605.7135690931027,917.0628721893311,2038.597904109201,409.7514281250002,422.2259328125003,96.71702601945914,0.4407142857142857,0.39,0.0
PHASE 3A,128,206400,200,1605.7135690931027,917.0628721893311,2038.597904109201,409.7514281250002,422.2259328125003,96.71702601945914,0.46499999999999997,0.49071428571428566,0.0
PHASE 3A,129,208000,208,1608.3840519390694,917.0628721893311,2038.597904109201,407.0261916666669,426.36179114583365,96.87450864082997,0.0,0.0,0.0
PHASE 3A,130,209600,208,1608.3840519390694,917.0628721893311,2038.597904109201,407.0261916666669,426.36179114583365,96.87450864082996,0.3821428571428572,0.48,0.0
PHASE 3A,131,211200,208,1608.3840519390694,917.0628721893311,2038.597904109201,407.0261916666669,426.36179114583365,96.87450864082996,0.44571428571428584,0.5064285714285715,0.0
PHASE 3A,132,212800,208,1608.3840519390694,917.0628721893311,2038.597904109201,407.0261916666669,426.36179114583365,96.87450864082996,0.46071428571428574,0.5078571428571429,0.0
PHASE 3A,133,214400,208,1608.3840519390694,917.0628721893311,2038.597904109201,407.0261916666669,426.36179114583365,96.87450864082996,0.4878571428571429,0.4878571428571429,0.0
PHASE 3A,134,216000,216,1630.8656110944548,917.0628721893311,2110.1175850247832,413.7093343750002,432.4996010416669,98.0820844597324,0.0,0.0,0.0
PHASE 3A,135,217600,216,1630.8656110944546,917.0628721893311,2110.1175850247832,413.7093343750001,432.4996010416669,98.0820844597324,0.43500000000000005,0.53,0.0
PHASE 3A,136,219200,216,1630.8656110944546,917.0628721893311,2110.1175850247832,413.7093343750001,432.4996010416669,98.0820844597324,0.4864285714285715,0.5278571428571428,0.0
PHASE 3A,137,220800,216,1630.8656110944546,917.0628721893311,2110.1175850247832,413.7093343750001,432.4996010416669,98.0820844597324,0.45357142857142846,0.51,0.0
PHASE 3A,138,222400,216,1630.8656110944546,917.0628721893311,2110.1175850247832,413.7093343750001,432.4996010416669,98.0820844597324,0.4764285714285714,0.5078571428571428,0.0
PHASE 3A,139,224000,224,1638.9089621955084,917.0628721893311,2110.1175850247832,420.1338171875002,431.2318205729169,98.44291555439533,0.0,0.0,0.0
PHASE 3A,140,225600,224,1638.9089621955084,917.0628721893311,2110.1175850247832,420.13381718750026,431.231820572917,98.44291555439533,0.4692857142857143,0.4671428571428571,0.0
PHASE 3A,141,227200,224,1638.9089621955084,917.0628721893311,2110.1175850247832,420.13381718750026,431.231820572917,98.44291555439533,0.4407142857142857,0.46785714285714286,0.0
PHASE 3A,142,228800,224,1638.9089621955084,917.0628721893311,2110.1175850247832,420.13381718750026,431.231820572917,98.44291555439533,0.49214285714285716,0.4864285714285715,0.0
PHASE 3A,143,230400,224,1638.9089621955084,917.0628721893311,2110.1175850247832,420.13381718750026,431.231820572917,98.44291555439533,0.4442857142857143,0.47714285714285715,0.0
PHASE 3A,144,232000,232,1635.8982007858153,917.0628721893311,2110.1175850247832,420.67738020833355,429.3251523437503,98.23695852922526,0.0,0.0,0.0
PHASE 3A,145,233600,232,1635.8982007858158,917.0628721893311,2110.1175850247832,420.67738020833355,429.32515234375023,98.23695852922526,0.43428571428571433,0.45285714285714296,0.0
PHASE 3A,146,235200,232,1635.8982007858158,917.0628721893311,2110.1175850247832,420.67738020833355,429.32515234375023,98.23695852922526,0.4992857142857143,0.5750000000000001,0.0
PHASE 3A,147,236800,232,1635.8982007858158,917.0628721893311,2110.1175850247832,420.67738020833355,429.32515234375023,98.23695852922526,0.475,0.505,0.0
PHASE 3A,148,238400,232,1635.8982007858158,917.0628721893311,2110.1175850247832,420.67738020833355,429.32515234375023,98.23695852922526,0.4335714285714286,0.5014285714285714,0.0
PHASE 3A,149,240000,240,1638.83890407118,917.0628721893311,2110.1175850247832,423.8349421875002,429.19875026041694,98.22565145291675,0.0,0.0,0.0
PHASE 3A,150,241600,240,1638.83890407118,917.0628721893311,2110.1175850247832,423.8349421875002,429.1987502604168,98.22565145291675,0.4314285714285714,0.4207142857142857,0.0
PHASE 3A,151,243200,240,1638.83890407118,917.0628721893311,2110.1175850247832,423.8349421875002,429.1987502604168,98.22565145291675,0.4842857142857143,0.5107142857142858,0.0
PHASE 3A,152,244800,240,1638.83890407118,917.0628721893311,2110.1175850247832,423.8349421875002,429.1987502604168,98.22565145291675,0.47714285714285715,0.5085714285714286,0.0
PHASE 3A,153,246400,240,1638.83890407118,917.0628721893311,2110.1175850247832,423.8349421875002,429.1987502604168,98.22565145291675,0.4128571428571429,0.5114285714285713,0.0
PHASE 3A,154,248000,248,1629.798201585754,917.0628721893311,2110.1175850247832,421.86513593750016,425.8480075520835,97.76063226202997,0.0,0.0,0.0
PHASE 3A,155,249600,248,1629.7982015857542,917.0628721893311,2110.1175850247832,421.86513593750016,425.8480075520836,97.76063226202997,0.4185714285714286,0.5157142857142858,0.0
PHASE 3A,156,251200,248,1629.7982015857542,917.0628721893311,2110.1175850247832,421.86513593750016,425.8480075520836,97.76063226202997,0.40928571428571425,0.44571428571428573,0.0
PHASE 3A,157,252800,248,1629.7982015857542,917.0628721893311,2110.1175850247832,421.86513593750016,425.8480075520836,97.76063226202997,0.43428571428571433,0.5,0.0
PHASE 3A,158,254400,248,1629.7982015857542,917.0628721893311,2110.1175850247832,421.86513593750016,425.8480075520836,97.76063226202997,0.44142857142857145,0.5142857142857143,0.0
PHASE 3A,159,256000,256,1631.7949455803935,917.0628721893311,2110.1175850247832,424.2333447916669,425.06207161458354,97.81244114677673,0.0,0.0,0.0
PHASE 3A,160,257600,256,1631.794945580394,917.0628721893311,2110.1175850247832,424.2333447916669,425.06207161458354,97.81244114677673,0.5035714285714287,0.4685714285714286,0.0
PHASE 3A,161,259200,256,1631.794945580394,917.0628721893311,2110.1175850247832,424.2333447916669,425.06207161458354,97.81244114677673,0.43571428571428567,0.5078571428571429,0.0
PHASE 3A,162,260800,256,1631.794945580394,917.0628721893311,2110.1175850247832,424.2333447916669,425.06207161458354,97.81244114677673,0.47857142857142854,0.43285714285714294,0.0
PHASE 3A,163,262400,256,1631.794945580394,917.0628721893311,2110.1175850247832,424.2333447916669,425.06207161458354,97.81244114677673,0.3607142857142857,0.4892857142857143,0.0
PHASE 3A,164,264000,264,1623.9976531097743,917.0628721893311,2110.1175850247832,425.6706765625002,420.37211640625026,97.24435751763662,0.0,0.0,0.0
PHASE 3A,165,265600,264,1623.9976531097743,917.0628721893311,2110.1175850247832,425.67067656250015,420.3721164062502,97.2443575176366,0.43071428571428577,0.5057142857142858,0.0
PHASE 3A,166,267200,264,1623.9976531097743,917.0628721893311,2110.1175850247832,425.67067656250015,420.3721164062502,97.2443575176366,0.4507142857142858,0.49642857142857155,0.0
PHASE 3A,167,268800,264,1623.9976531097743,917.0628721893311,2110.1175850247832,425.67067656250015,420.3721164062502,97.2443575176366,0.46142857142857147,0.51,0.0
PHASE 3A,168,270400,264,1623.9976531097743,917.0628721893311,2110.1175850247832,425.67067656250015,420.3721164062502,97.2443575176366,0.475,0.5078571428571428,0.0
PHASE 3A,169,272000,272,1640.0395423105233,1183.9886694578468,2110.1175850247832,428.27290312500014,426.0698669270836,98.21209653231374,0.0,0.0,0.0
PHASE 3A,170,273600,272,1640.039542310523,1183.9886694578468,2110.1175850247832,428.27290312500014,426.0698669270836,98.21209653231374,0.42928571428571427,0.45071428571428573,0.0
PHASE 3A,171,275200,272,1640.039542310523,1183.9886694578468,2110.1175850247832,428.27290312500014,426.0698669270836,98.21209653231374,0.46785714285714297,0.42714285714285716,0.0
PHASE 3A,172,276800,272,1640.039542310523,1183.9886694578468,2110.1175850247832,428.27290312500014,426.0698669270836,98.21209653231374,0.41571428571428565,0.4357142857142858,0.0
PHASE 3A,173,278400,272,1640.039542310523,1183.9886694578468,2110.1175850247832,428.27290312500014,426.0698669270836,98.21209653231374,0.4228571428571429,0.48357142857142865,0.0
PHASE 3A,174,280000,280,1641.8026961687551,1183.9886694578468,2110.1175850247832,428.2502109375002,426.7291757812502,98.3529136812594,0.0,0.0,0.0
PHASE 3A,175,281600,280,1641.8026961687553,1183.9886694578468,2110.1175850247832,428.2502109375002,426.7291757812503,98.35291368125941,0.425,0.4564285714285714,0.0
PHASE 3A,176,283200,280,1641.8026961687553,1183.9886694578468,2110.1175850247832,428.2502109375002,426.7291757812503,98.35291368125941,0.4635714285714285,0.45499999999999996,0.0
PHASE 3A,177,284800,280,1641.8026961687553,1183.9886694578468,2110.1175850247832,428.2502109375002,426.7291757812503,98.35291368125941,0.4264285714285715,0.4585714285714285,0.0
PHASE 3A,178,286400,280,1641.8026961687553,1183.9886694578468,2110.1175850247832,428.2502109375002,426.7291757812503,98.35291368125941,0.45071428571428573,0.45071428571428573,0.0
PHASE 3A,179,288000,288,1635.5487574400843,1183.9886694578468,2110.1175850247832,427.45721979166694,423.9403476562503,98.01889874902955,0.0,0.0,0.0
PHASE 3A,180,289600,288,1635.5487574400838,1183.9886694578468,2110.1175850247832,427.45721979166694,423.9403476562503,98.01889874902952,0.42714285714285716,0.5435714285714285,0.0
PHASE 3A,181,291200,288,1635.5487574400838,1183.9886694578468,2110.1175850247832,427.45721979166694,423.9403476562503,98.01889874902952,0.4164285714285715,0.44142857142857145,0.0
PHASE 3A,182,292800,288,1635.5487574400838,1183.9886694578468,2110.1175850247832,427.45721979166694,423.9403476562503,98.01889874902952,0.46428571428571425,0.515,0.0
PHASE 3A,183,294400,288,1635.5487574400838,1183.9886694578468,2110.1175850247832,427.45721979166694,423.9403476562503,98.01889874902952,0.4628571428571428,0.43285714285714283,0.0
PHASE 3A,184,296000,296,1632.8136727888257,1207.737085256432,2110.1175850247832,426.1959093750002,424.348142447917,97.78370262074728,0.0,0.0,0.0
PHASE 3A,185,297600,296,1632.8136727888261,1207.737085256432,2110.1175850247832,426.1959093750002,424.3481424479168,97.78370262074728,0.47285714285714286,0.45285714285714296,0.0
PHASE 3A,186,299200,296,1632.8136727888261,1207.737085256432,2110.1175850247832,426.1959093750002,424.3481424479168,97.78370262074728,0.425,0.4635714285714287,0.0
PHASE 3A,187,300800,296,1632.8136727888261,1207.737085256432,2110.1175850247832,426.1959093750002,424.3481424479168,97.78370262074728,0.4671428571428572,0.4814285714285715,0.0
PHASE 3A,188,302400,296,1632.8136727888261,1207.737085256432,2110.1175850247832,426.1959093750002,424.3481424479168,97.78370262074728,0.5021428571428572,0.5021428571428571,0.0
PHASE 3A,189,304000,304,1632.3650476500777,1156.2887927330185,2110.1175850247832,426.65186979166685,424.08617213541686,97.70337571538279,0.0,0.0,0.0
PHASE 3A,190,305600,304,1632.3650476500777,1156.2887927330185,2110.1175850247832,426.6518697916669,424.08617213541686,97.70337571538278,0.475,0.43285714285714294,0.0
PHASE 3A,191,307200,304,1632.3650476500777,1156.2887927330185,2110.1175850247832,426.6518697916669,424.08617213541686,97.70337571538278,0.5021428571428572,0.5221428571428572,0.0
PHASE 3A,192,308800,304,1632.3650476500777,1156.2887927330185,2110.1175850247832,426.6518697916669,424.08617213541686,97.70337571538278,0.4521428571428571,0.37642857142857145,0.0
PHASE 3A,193,310400,304,1632.3650476500777,1156.2887927330185,2110.1175850247832,426.6518697916669,424.08617213541686,97.70337571538278,0.4464285714285715,0.5,0.0
PHASE 3A,194,312000,312,1614.07573836803,1156.2887927330185,2098.8929789620506,420.65160000000026,420.07347213541686,96.66883327908504,0.0,0.0,0.0
PHASE 3A,195,313600,312,1614.0757383680298,1156.2887927330185,2098.8929789620506,420.65160000000026,420.07347213541686,96.66883327908504,0.42857142857142866,0.5292857142857142,0.0
PHASE 3A,196,315200,312,1614.0757383680298,1156.2887927330185,2098.8929789620506,420.65160000000026,420.07347213541686,96.66883327908504,0.4557142857142857,0.45928571428571424,0.0
PHASE 3A,197,316800,312,1614.0757383680298,1156.2887927330185,2098.8929789620506,420.65160000000026,420.07347213541686,96.66883327908504,0.4642857142857143,0.4235714285714286,0.0
PHASE 3A,198,318400,312,1614.0757383680298,1156.2887927330185,2098.8929789620506,420.65160000000026,420.07347213541686,96.66883327908504,0.4814285714285715,0.525,0.0
PHASE 3A,199,320000,320,1618.7106743952465,1156.2887927330185,2098.8929789620506,420.70789401041685,420.9823187500002,97.12755770436218,0.0,0.0,0.0
PHASE 3A,200,321600,320,1618.7106743952463,1156.2887927330185,2098.8929789620506,420.70789401041685,420.9823187500002,97.12755770436219,0.45285714285714296,0.4864285714285715,0.0
PHASE 3A,201,323200,320,1618.7106743952463,1156.2887927330185,2098.8929789620506,420.70789401041685,420.9823187500002,97.12755770436219,0.45928571428571435,0.46785714285714286,0.0
PHASE 3A,202,324800,320,1618.7106743952463,1156.2887927330185,2098.8929789620506,420.70789401041685,420.9823187500002,97.12755770436219,0.5064285714285715,0.5135714285714286,0.0
PHASE 3A,203,326400,320,1618.7106743952463,1156.2887927330185,2098.8929789620506,420.70789401041685,420.9823187500002,97.12755770436219,0.4492857142857143,0.4771428571428572,0.0
PHASE 3A,204,328000,328,1604.9699026668513,1156.2887927330185,2098.8929789620506,415.45915651041696,418.04762083333355,96.43289066539586,0.0,0.0,0.0
PHASE 3A,205,329600,328,1604.9699026668513,1156.2887927330185,2098.8929789620506,415.45915651041696,418.04762083333367,96.43289066539586,0.45071428571428573,0.4628571428571429,0.0
PHASE 3A,206,331200,328,1604.9699026668513,1156.2887927330185,2098.8929789620506,415.45915651041696,418.04762083333367,96.43289066539586,0.45928571428571435,0.5142857142857143,0.0
PHASE 3A,207,332800,328,1604.9699026668513,1156.2887927330185,2098.8929789620506,415.45915651041696,418.04762083333367,96.43289066539586,0.4928571428571429,0.4692857142857143,0.0
PHASE 3A,208,334400,328,1604.9699026668513,1156.2887927330185,2098.8929789620506,415.45915651041696,418.04762083333367,96.43289066539586,0.4614285714285714,0.48357142857142865,0.0
PHASE 3A,209,336000,336,1607.3399909512082,1156.2887927330185,2098.8929789620506,419.4327059895836,415.4324841145837,96.55935010588848,0.0,0.0,0.0
PHASE 3A,210,337600,336,1607.3399909512082,1156.2887927330185,2098.8929789620506,419.4327059895835,415.43248411458364,96.55935010588848,0.45071428571428573,0.49285714285714277,0.0
PHASE 3A,211,339200,336,1607.3399909512082,1156.2887927330185,2098.8929789620506,419.4327059895835,415.43248411458364,96.55935010588848,0.4228571428571429,0.5078571428571428,0.0
PHASE 3A,212,340800,336,1607.3399909512082,1156.2887927330185,2098.8929789620506,419.4327059895835,415.43248411458364,96.55935010588848,0.4471428571428572,0.4864285714285714,0.0
PHASE 3A,213,342400,336,1607.3399909512082,1156.2887927330185,2098.8929789620506,419.4327059895835,415.43248411458364,96.55935010588848,0.43285714285714294,0.485,0.0
PHASE 3A,214,344000,344,1603.5044394391757,1156.2887927330185,2098.8929789620506,418.50199062500013,414.7812856770836,96.27764539214479,0.0,0.0,0.0
PHASE 3A,215,345600,344,1603.5044394391755,1156.2887927330185,2098.8929789620506,418.50199062500025,414.78128567708364,96.2776453921448,0.46571428571428575,0.495,0.0
PHASE 3A,216,347200,344,1603.5044394391755,1156.2887927330185,2098.8929789620506,418.50199062500025,414.78128567708364,96.2776453921448,0.4128571428571429,0.495,0.0
PHASE 3A,217,348800,344,1603.5044394391755,1156.2887927330185,2098.8929789620506,418.50199062500025,414.78128567708364,96.2776453921448,0.47785714285714287,0.48,0.0
PHASE 3A,218,350400,344,1603.5044394391755,1156.2887927330185,2098.8929789620506,418.50199062500025,414.78128567708364,96.2776453921448,0.5285714285714287,0.5035714285714286,0.0
PHASE 3A,219,352000,352,1618.8859718171661,1156.2887927330185,2098.8929789620506,424.7359104166669,417.91728151041696,97.02909748626878,0.0,0.0,0.0
PHASE 3A,220,353600,352,1618.8859718171664,1156.2887927330185,2098.8929789620506,424.73591041666697,417.91728151041684,97.02909748626877,0.47071428571428575,0.4364285714285715,0.0
PHASE 3A,221,355200,352,1618.8859718171664,1156.2887927330185,2098.8929789620506,424.73591041666697,417.91728151041684,97.02909748626877,0.495,0.4307142857142857,0.0
PHASE 3A,222,356800,352,1618.8859718171664,1156.2887927330185,2098.8929789620506,424.73591041666697,417.91728151041684,97.02909748626877,0.485,0.4978571428571429,0.0
PHASE 3A,223,358400,352,1618.8859718171664,1156.2887927330185,2098.8929789620506,424.73591041666697,417.91728151041684,97.02909748626877,0.4442857142857143,0.44785714285714284,0.0
PHASE 3A,224,360000,360,1638.725710514927,1156.2887927330185,2098.8929789620506,429.56544947916694,423.52478515625023,98.2044344849473,0.0,0.0,0.0
PHASE 3A,225,361600,360,1638.725710514927,1156.2887927330185,2098.8929789620506,429.56544947916694,423.5247851562503,98.2044344849473,0.43928571428571433,0.49642857142857144,0.0
PHASE 3A,226,363200,360,1638.725710514927,1156.2887927330185,2098.8929789620506,429.56544947916694,423.5247851562503,98.2044344849473,0.487857142857143,0.4757142857142858,0.0
PHASE 3A,227,364800,360,1638.725710514927,1156.2887927330185,2098.8929789620506,429.56544947916694,423.5247851562503,98.2044344849473,0.47071428571428575,0.56,0.0
PHASE 3A,228,366400,360,1638.725710514927,1156.2887927330185,2098.8929789620506,429.56544947916694,423.5247851562503,98.2044344849473,0.445,0.475,0.0
PHASE 3A,229,368000,368,1633.6820464086472,1156.2887927330185,2098.8929789620506,433.4045234375002,418.03828151041694,97.7799051825999,0.0,0.0,0.0
PHASE 3A,230,369600,368,1633.6820464086472,1156.2887927330185,2098.8929789620506,433.4045234375002,418.0382815104169,97.7799051825999,0.43500000000000005,0.45785714285714285,0.0
PHASE 3A,231,371200,368,1633.6820464086472,1156.2887927330185,2098.8929789620506,433.4045234375002,418.0382815104169,97.7799051825999,0.4950000000000001,0.48857142857142855,0.0
PHASE 3A,232,372800,368,1633.6820464086472,1156.2887927330185,2098.8929789620506,433.4045234375002,418.0382815104169,97.7799051825999,0.4185714285714286,0.4685714285714286,0.0
PHASE 3A,233,374400,368,1633.6820464086472,1156.2887927330185,2098.8929789620506,433.4045234375002,418.0382815104169,97.7799051825999,0.46785714285714286,0.495,0.0
PHASE 3A,234,376000,376,1637.0808594139962,1156.2887927330185,2098.8929789620506,433.4938817708335,421.1278757812503,97.80738773274784,0.0,0.0,0.0
PHASE 3A,235,377600,376,1637.0808594139964,1156.2887927330185,2098.8929789620506,433.49388177083347,421.12787578125034,97.80738773274784,0.48571428571428577,0.47785714285714287,0.0
PHASE 3A,236,379200,376,1637.0808594139964,1156.2887927330185,2098.8929789620506,433.49388177083347,421.12787578125034,97.80738773274784,0.4364285714285714,0.44000000000000006,0.0
PHASE 3A,237,380800,376,1637.0808594139964,1156.2887927330185,2098.8929789620506,433.49388177083347,421.12787578125034,97.80738773274784,0.4164285714285715,0.4757142857142858,0.0
PHASE 3A,238,382400,376,1637.0808594139964,1156.2887927330185,2098.8929789620506,433.49388177083347,421.12787578125034,97.80738773274784,0.4364285714285715,0.49642857142857144,0.0
PHASE 3A,239,384000,384,1637.3796617274784,1156.2887927330185,2098.8929789620506,435.2072145833335,420.06428750000026,97.76351995552693,0.0,0.0,0.0
PHASE 3A,240,385600,384,1637.3796617274777,1156.2887927330185,2098.8929789620506,435.20721458333355,420.06428750000026,97.76351995552693,0.4271428571428572,0.49142857142857144,0.0
PHASE 3A,241,387200,384,1637.3796617274777,1156.2887927330185,2098.8929789620506,435.20721458333355,420.06428750000026,97.76351995552693,0.4578571428571429,0.5485714285714287,0.0
PHASE 3A,242,388800,384,1637.3796617274777,1156.2887927330185,2098.8929789620506,435.20721458333355,420.06428750000026,97.76351995552693,0.4471428571428572,0.47785714285714287,0.0
PHASE 3A,243,390400,384,1637.3796617274777,1156.2887927330185,2098.8929789620506,435.20721458333355,420.06428750000026,97.76351995552693,0.4185714285714286,0.48357142857142854,0.0
PHASE 3A,244,392000,392,1646.8052588244796,1115.6477671295488,2100.0192640355617,435.2593869791669,424.3879369791669,98.39474185827709,0.0,0.0,0.0
PHASE 3A,245,393600,392,1646.8052588244793,1115.6477671295488,2100.0192640355617,435.25938697916695,424.3879369791669,98.39474185827709,0.46785714285714286,0.5121428571428571,0.0
PHASE 3A,246,395200,392,1646.8052588244793,1115.6477671295488,2100.0192640355617,435.25938697916695,424.3879369791669,98.39474185827709,0.4757142857142857,0.47285714285714286,0.0
PHASE 3A,247,396800,392,1646.8052588244793,1115.6477671295488,2100.0192640355617,435.25938697916695,424.3879369791669,98.39474185827709,0.4692857142857142,0.5014285714285714,0.0
PHASE 3A,248,398400,392,1646.8052588244793,1115.6477671295488,2100.0192640355617,435.25938697916695,424.3879369791669,98.39474185827709,0.4992857142857144,0.5014285714285714,0.0
PHASE 3A,249,400000,400,1653.91485074964,1115.6477671295488,2100.0192640355617,437.2695619791669,426.2260229166669,98.80240823173466,0.0,0.0,0.0
PHASE 3A,250,401600,400,1653.9148507496398,1115.6477671295488,2100.0192640355617,437.26956197916684,426.22602291666686,98.80240823173466,0.4164285714285715,0.5314285714285714,0.0
PHASE 3A,251,403200,400,1653.9148507496398,1115.6477671295488,2100.0192640355617,437.26956197916684,426.22602291666686,98.80240823173466,0.47357142857142864,0.5385714285714286,0.0
PHASE 3A,252,404800,400,1653.9148507496398,1115.6477671295488,2100.0192640355617,437.26956197916684,426.22602291666686,98.80240823173466,0.4871428571428571,0.4864285714285715,0.0
PHASE 3A,253,406400,400,1653.9148507496398,1115.6477671295488,2100.0192640355617,437.26956197916684,426.22602291666686,98.80240823173466,0.4278571428571428,0.48571428571428577,0.0
PHASE 3A,254,408000,408,1649.13105604796,1115.6477671295488,2100.0192640355617,435.4208307291668,426.30259166666684,98.42595420652452,0.0,0.0,0.0
PHASE 3A,255,409600,408,1649.1310560479603,1115.6477671295488,2100.0192640355617,435.42083072916694,426.3025916666669,98.42595420652452,0.3928571428571429,0.5064285714285715,0.0
PHASE 3A,256,411200,408,1649.1310560479603,1115.6477671295488,2100.0192640355617,435.42083072916694,426.3025916666669,98.42595420652452,0.42714285714285716,0.5092857142857143,0.0
PHASE 3A,257,412800,408,1649.1310560479603,1115.6477671295488,2100.0192640355617,435.42083072916694,426.3025916666669,98.42595420652452,0.4757142857142858,0.47357142857142864,0.0
PHASE 3A,258,414400,408,1649.1310560479603,1115.6477671295488,2100.0192640355617,435.42083072916694,426.3025916666669,98.42595420652452,0.4842857142857143,0.45285714285714285,0.0
PHASE 3A,259,416000,416,1650.3315575745928,1115.6477671295488,2100.0192640355617,436.3936018229169,427.14536536458365,98.34907379839528,0.0,0.0,0.0
PHASE 3A,260,417600,416,1650.3315575745926,1115.6477671295488,2100.0192640355617,436.3936018229169,427.14536536458354,98.34907379839525,0.40285714285714286,0.5357142857142858,0.0
PHASE 3A,261,419200,416,1650.3315575745926,1115.6477671295488,2100.0192640355617,436.3936018229169,427.14536536458354,98.34907379839525,0.4364285714285715,0.5185714285714285,0.0
PHASE 3A,262,420800,416,1650.3315575745926,1115.6477671295488,2100.0192640355617,436.3936018229169,427.14536536458354,98.34907379839525,0.4357142857142858,0.4614285714285714,0.0
PHASE 3A,263,422400,416,1650.3315575745926,1115.6477671295488,2100.0192640355617,436.3936018229169,427.14536536458354,98.34907379839525,0.48500000000000004,0.445,0.0
PHASE 3A,264,424000,424,1640.0637192611766,1091.4421632186668,2100.0192640355617,434.10945130208364,425.03769140625025,97.61457206911413,0.0,0.0,0.0
PHASE 3A,265,425600,424,1640.0637192611764,1091.4421632186668,2100.0192640355617,434.10945130208364,425.03769140625013,97.61457206911413,0.44428571428571423,0.5071428571428572,0.0
PHASE 3A,266,427200,424,1640.0637192611764,1091.4421632186668,2100.0192640355617,434.10945130208364,425.03769140625013,97.61457206911413,0.4135714285714286,0.45,0.0
PHASE 3A,267,428800,424,1640.0637192611764,1091.4421632186668,2100.0192640355617,434.10945130208364,425.03769140625013,97.61457206911413,0.4492857142857143,0.43,0.0
PHASE 3A,268,430400,424,1640.0637192611764,1091.4421632186668,2100.0192640355617,434.10945130208364,425.03769140625013,97.61457206911413,0.4871428571428571,0.5042857142857142,0.0
PHASE 3A,269,432000,432,1635.8037257542303,1091.4421632186668,2100.0192640355617,434.0730705729169,422.6522406250002,97.38480181954793,0.0,0.0,0.0
PHASE 3A,270,433600,432,1635.8037257542308,1091.4421632186668,2100.0192640355617,434.0730705729169,422.6522406250002,97.38480181954793,0.4864285714285715,0.4978571428571429,0.0
PHASE 3A,271,435200,432,1635.8037257542308,1091.4421632186668,2100.0192640355617,434.0730705729169,422.6522406250002,97.38480181954793,0.49428571428571433,0.5114285714285716,0.0
PHASE 3A,272,436800,432,1635.8037257542308,1091.4421632186668,2100.0192640355617,434.0730705729169,422.6522406250002,97.38480181954793,0.445,0.4628571428571429,0.0
PHASE 3A,273,438400,432,1635.8037257542308,1091.4421632186668,2100.0192640355617,434.0730705729169,422.6522406250002,97.38480181954793,0.47000000000000003,0.4907142857142858,0.0
PHASE 3A,274,440000,440,1636.0231944672214,1091.4421632186668,2100.0192640355617,430.25197864583356,425.2360481770836,97.56689595554671,0.0,0.0,0.0
PHASE 3A,275,441600,440,1636.0231944672214,1091.4421632186668,2100.0192640355617,430.2519786458337,425.2360481770836,97.56689595554673,0.4735714285714286,0.41714285714285715,0.0
PHASE 3A,276,443200,440,1636.0231944672214,1091.4421632186668,2100.0192640355617,430.2519786458337,425.2360481770836,97.56689595554673,0.4614285714285714,0.4628571428571429,0.0
PHASE 3A,277,444800,440,1636.0231944672214,1091.4421632186668,2100.0192640355617,430.2519786458337,425.2360481770836,97.56689595554673,0.3721428571428572,0.4692857142857142,0.0
PHASE 3A,278,446400,440,1636.0231944672214,1091.4421632186668,2100.0192640355617,430.2519786458337,425.2360481770836,97.56689595554673,0.42857142857142866,0.48357142857142854,0.0
PHASE 3A,279,448000,448,1637.4059692174799,1091.4421632186668,2100.0192640355617,431.31449921875026,425.79030859375024,97.53764517563104,0.0,0.0,0.0
PHASE 3A,280,449600,448,1637.4059692174797,1091.4421632186668,2100.0192640355617,431.31449921875026,425.79030859375024,97.53764517563104,0.4628571428571429,0.5064285714285715,0.0
PHASE 3A,281,451200,448,1637.4059692174797,1091.4421632186668,2100.0192640355617,431.31449921875026,425.79030859375024,97.53764517563104,0.46357142857142863,0.4957142857142857,0.0
PHASE 3A,282,452800,448,1637.4059692174797,1091.4421632186668,2100.0192640355617,431.31449921875026,425.79030859375024,97.53764517563104,0.39571428571428574,0.4628571428571429,0.0
PHASE 3A,283,454400,448,1637.4059692174797,1091.4421632186668,2100.0192640355617,431.31449921875026,425.79030859375024,97.53764517563104,0.4557142857142858,0.5035714285714286,0.0
PHASE 3A,284,456000,456,1627.8466513257351,1091.4421632186668,2100.0192640355617,430.4396002604169,421.6878804687503,96.96489632457957,0.0,0.0,0.0
PHASE 3A,285,457600,456,1627.8466513257354,1091.4421632186668,2100.0192640355617,430.4396002604169,421.68788046875017,96.96489632457957,0.4557142857142858,0.49071428571428577,0.0
PHASE 3A,286,459200,456,1627.8466513257354,1091.4421632186668,2100.0192640355617,430.4396002604169,421.68788046875017,96.96489632457957,0.4442857142857143,0.4621428571428571,0.0
PHASE 3A,287,460800,456,1627.8466513257354,1091.4421632186668,2100.0192640355617,430.4396002604169,421.68788046875017,96.96489632457957,0.46571428571428564,0.4742857142857143,0.0
PHASE 3A,288,462400,456,1627.8466513257354,1091.4421632186668,2100.0192640355617,430.4396002604169,421.68788046875017,96.96489632457957,0.39357142857142857,0.48142857142857143,0.0
PHASE 3A,289,464000,464,1623.810449038058,1091.4421632186668,2100.0192640355617,426.9469554687504,423.2256583333335,96.70472940450526,0.0,0.0,0.0
PHASE 3A,290,465600,464,1623.8104490380576,1091.4421632186668,2100.0192640355617,426.9469554687502,423.22565833333357,96.70472940450527,0.45285714285714296,0.47642857142857153,0.0
PHASE 3A,291,467200,464,1623.8104490380576,1091.4421632186668,2100.0192640355617,426.9469554687502,423.22565833333357,96.70472940450527,0.49000000000000005,0.46571428571428575,0.0
PHASE 3A,292,468800,464,1623.8104490380576,1091.4421632186668,2100.0192640355617,426.9469554687502,423.22565833333357,96.70472940450527,0.48571428571428577,0.4685714285714285,0.0
PHASE 3A,293,470400,464,1623.8104490380576,1091.4421632186668,2100.0192640355617,426.9469554687502,423.22565833333357,96.70472940450527,0.49785714285714294,0.4471428571428572,0.0
PHASE 3A,294,472000,472,1628.4038401529947,1091.4421632186668,2100.0192640355617,430.19440338541693,421.43811666666693,97.09641501262234,0.0,0.0,0.0
PHASE 3A,295,473600,472,1628.403840152995,1091.4421632186668,2100.0192640355617,430.1944033854168,421.43811666666693,97.09641501262233,0.492857142857143,0.4800000000000001,0.0
PHASE 3A,296,475200,472,1628.403840152995,1091.4421632186668,2100.0192640355617,430.1944033854168,421.43811666666693,97.09641501262233,0.4442857142857143,0.47785714285714287,0.0
PHASE 3A,297,476800,472,1628.403840152995,1091.4421632186668,2100.0192640355617,430.1944033854168,421.43811666666693,97.09641501262233,0.47928571428571426,0.47214285714285725,0.0
PHASE 3A,298,478400,472,1628.403840152995,1091.4421632186668,2100.0192640355617,430.1944033854168,421.43811666666693,97.09641501262233,0.44785714285714284,0.43928571428571433,0.0
PHASE 3A,299,480000,480,1630.3634659355878,1091.4421632186668,2100.0192640355617,433.1814851562502,419.50977005208347,97.20902634091506,0.0,0.0,0.0
PHASE 3A,300,481600,480,1630.3634659355878,1091.4421632186668,2100.0192640355617,433.18148515625035,419.50977005208347,97.20902634091506,0.4535714285714286,0.4800000000000001,0.0
PHASE 3A,301,483200,480,1630.3634659355878,1091.4421632186668,2100.0192640355617,433.18148515625035,419.50977005208347,97.20902634091506,0.43500000000000005,0.5071428571428572,0.0
PHASE 3A,302,484800,480,1630.3634659355878,1091.4421632186668,2100.0192640355617,433.18148515625035,419.50977005208347,97.20902634091506,0.4564285714285714,0.472857142857143,0.0
PHASE 3A,303,486400,480,1630.3634659355878,1091.4421632186668,2100.0192640355617,433.18148515625035,419.50977005208347,97.20902634091506,0.4314285714285715,0.5307142857142857,0.0
PHASE 3A,304,488000,488,1634.8604099519696,1091.4421632186668,2100.0192640355617,437.52130598958365,419.2816463541668,97.25718220103552,0.0,0.0,0.0
PHASE 3A,305,489600,488,1634.8604099519694,1091.4421632186668,2100.0192640355617,437.52130598958354,419.2816463541668,97.2571822010355,0.3957142857142858,0.49071428571428577,0.0
PHASE 3A,306,491200,488,1634.8604099519694,1091.4421632186668,2100.0192640355617,437.52130598958354,419.2816463541668,97.2571822010355,0.5164285714285715,0.4557142857142858,0.0
PHASE 3A,307,492800,488,1634.8604099519694,1091.4421632186668,2100.0192640355617,437.52130598958354,419.2816463541668,97.2571822010355,0.5071428571428572,0.47928571428571437,0.0
PHASE 3A,308,494400,488,1634.8604099519694,1091.4421632186668,2100.0192640355617,437.52130598958354,419.2816463541668,97.2571822010355,0.48500000000000004,0.4521428571428571,0.0
PHASE 3A,309,496000,496,1636.446616898288,1091.4421632186668,2040.4520645335929,441.2984723958336,417.2155718750002,97.24157157844007,0.0,0.0,0.0
PHASE 3A,310,497600,496,1636.4466168982888,1091.4421632186668,2040.4520645335929,441.2984723958336,417.2155718750001,97.24157157844009,0.4564285714285714,0.49642857142857155,0.0
PHASE 3A,311,499200,496,1636.4466168982888,1091.4421632186668,2040.4520645335929,441.2984723958336,417.2155718750001,97.24157157844009,0.44571428571428573,0.4314285714285714,0.0
PHASE 3A,312,500800,496,1636.4466168982888,1091.4421632186668,2040.4520645335929,441.2984723958336,417.2155718750001,97.24157157844009,0.46142857142857147,0.4578571428571429,0.0
PHASE 3A,313,502400,496,1636.4466168982888,1091.4421632186668,2040.4520645335929,441.2984723958336,417.2155718750001,97.24157157844009,0.44428571428571423,0.4671428571428571,0.0
PHASE 3A,314,504000,504,1640.6088023913153,1091.4421632186668,2040.4520645335929,441.7834442708336,417.7728984375002,97.6315574603809,0.0,0.0,0.0
PHASE 3A,315,505600,504,1640.6088023913148,1091.4421632186668,2040.4520645335929,441.7834442708336,417.7728984375002,97.6315574603809,0.4928571428571429,0.4957142857142857,0.0
PHASE 3A,316,507200,504,1640.6088023913148,1091.4421632186668,2040.4520645335929,441.7834442708336,417.7728984375002,97.6315574603809,0.44571428571428573,0.487857142857143,0.0
PHASE 3A,317,508800,504,1640.6088023913148,1091.4421632186668,2040.4520645335929,441.7834442708336,417.7728984375002,97.6315574603809,0.47000000000000003,0.45857142857142863,0.0
PHASE 3A,318,510400,504,1640.6088023913148,1091.4421632186668,2040.4520645335929,441.7834442708336,417.7728984375002,97.6315574603809,0.3778571428571429,0.4707142857142858,0.0
PHASE 3A,319,512000,512,1655.632666072774,1091.4421632186668,2040.4520645335929,447.482344791667,420.1429830729169,98.50091727603218,0.0,0.0,0.0
PHASE 3A,320,513600,512,1655.632666072774,1091.4421632186668,2040.4520645335929,447.48234479166683,420.1429830729168,98.50091727603215,0.48071428571428576,0.4692857142857143,0.0
PHASE 3A,321,515200,512,1655.632666072774,1091.4421632186668,2040.4520645335929,447.48234479166683,420.1429830729168,98.50091727603215,0.45000000000000007,0.48500000000000004,0.0
PHASE 3A,322,516800,512,1655.632666072774,1091.4421632186668,2040.4520645335929,447.48234479166683,420.1429830729168,98.50091727603215,0.3992857142857143,0.49071428571428577,0.0
PHASE 3A,323,518400,512,1655.632666072774,1091.4421632186668,2040.4520645335929,447.48234479166683,420.1429830729168,98.50091727603215,0.4992857142857143,0.42928571428571427,0.0
PHASE 3A,324,520000,520,1662.68484757677,1187.7057815508128,2040.4520645335929,449.8031526041668,420.9681882812501,98.98918833642735,0.0,0.0,0.0
PHASE 3A,325,521600,520,1662.68484757677,1187.7057815508128,2040.4520645335929,449.803152604167,420.9681882812502,98.98918833642735,0.4385714285714285,0.5142857142857142,0.0
PHASE 3A,326,523200,520,1662.68484757677,1187.7057815508128,2040.4520645335929,449.803152604167,420.9681882812502,98.98918833642735,0.4207142857142857,0.41785714285714287,0.0
PHASE 3A,327,524800,520,1662.68484757677,1187.7057815508128,2040.4520645335929,449.803152604167,420.9681882812502,98.98918833642735,0.4364285714285714,0.5185714285714287,0.0
PHASE 3A,328,526400,520,1662.68484757677,1187.7057815508128,2040.4520645335929,449.803152604167,420.9681882812502,98.98918833642735,0.45214285714285724,0.5507142857142857,0.0
PHASE 3A,329,528000,528,1652.1421229860855,1187.7057815508128,2040.4520645335929,448.82779270833356,416.0788807291668,98.40443119358132,0.0,0.0,0.0
PHASE 3A,330,529600,528,1652.1421229860855,1187.7057815508128,2040.4520645335929,448.82779270833356,416.07888072916694,98.40443119358133,0.45357142857142857,0.47785714285714287,0.0
PHASE 3A,331,531200,528,1652.1421229860855,1187.7057815508128,2040.4520645335929,448.82779270833356,416.07888072916694,98.40443119358133,0.4607142857142857,0.44857142857142857,0.0
PHASE 3A,332,532800,528,1652.1421229860855,1187.7057815508128,2040.4520645335929,448.82779270833356,416.07888072916694,98.40443119358133,0.45499999999999996,0.45928571428571424,0.0
PHASE 3A,333,534400,528,1652.1421229860855,1187.7057815508128,2040.4520645335929,448.82779270833356,416.07888072916694,98.40443119358133,0.47071428571428575,0.5057142857142858,0.0
PHASE 3A,334,536000,536,1659.8842848398608,1187.7057815508128,2040.4520645335929,451.648950260417,417.68553177083356,98.81872535108464,0.0,0.0,0.0
PHASE 3A,335,537600,536,1659.8842848398615,1187.7057815508128,2040.4520645335929,451.6489502604169,417.68553177083356,98.81872535108461,0.4114285714285715,0.4757142857142857,0.0
PHASE 3A,336,539200,536,1659.8842848398615,1187.7057815508128,2040.4520645335929,451.6489502604169,417.68553177083356,98.81872535108461,0.4978571428571429,0.4892857142857143,0.0
PHASE 3A,337,540800,536,1659.8842848398615,1187.7057815508128,2040.4520645335929,451.6489502604169,417.68553177083356,98.81872535108461,0.4671428571428572,0.44857142857142857,0.0
PHASE 3A,338,542400,536,1659.8842848398615,1187.7057815508128,2040.4520645335929,451.6489502604169,417.68553177083356,98.81872535108461,0.39,0.45499999999999996,0.0
PHASE 3A,339,544000,544,1677.9506922457167,1187.7057815508128,2043.8742164557038,456.63913151041686,422.3600994791669,99.86893265702487,0.0,0.0,0.0
PHASE 3A,340,545600,544,1677.950692245716,1187.7057815508128,2043.8742164557038,456.6391315104169,422.3600994791668,99.86893265702489,0.36714285714285716,0.51,0.0
PHASE 3A,341,547200,544,1677.950692245716,1187.7057815508128,2043.8742164557038,456.6391315104169,422.3600994791668,99.86893265702489,0.42214285714285715,0.47214285714285714,0.0
PHASE 3A,342,548800,544,1677.950692245716,1187.7057815508128,2043.8742164557038,456.6391315104169,422.3600994791668,99.86893265702489,0.49214285714285716,0.5271428571428571,0.0
PHASE 3A,343,550400,544,1677.950692245716,1187.7057815508128,2043.8742164557038,456.6391315104169,422.3600994791668,99.86893265702489,0.4192857142857143,0.4864285714285715,0.0
PHASE 3A,344,552000,552,1681.3401032200081,1187.7057815508128,2053.337298684056,453.73871067708365,425.9718828125002,100.20368871631148,0.0,0.0,0.0
PHASE 3A,345,553600,552,1681.3401032200086,1187.7057815508128,2053.337298684056,453.73871067708353,425.9718828125002,100.20368871631148,0.49642857142857155,0.5007142857142857,0.0
PHASE 3A,346,555200,552,1681.3401032200086,1187.7057815508128,2053.337298684056,453.73871067708353,425.9718828125002,100.20368871631148,0.4700000000000001,0.4585714285714285,0.0
PHASE 3A,347,556800,552,1681.3401032200086,1187.7057815508128,2053.337298684056,453.73871067708353,425.9718828125002,100.20368871631148,0.37214285714285716,0.4707142857142858,0.0
PHASE 3A,348,558400,552,1681.3401032200086,1187.7057815508128,2053.337298684056,453.73871067708353,425.9718828125002,100.20368871631148,0.41785714285714287,0.41714285714285715,0.0
PHASE 3A,349,560000,560,1683.7690832265134,1187.7057815508128,2053.337298684056,451.20624479166673,428.4500247395835,100.51410171191635,0.0,0.0,0.0
PHASE 3A,350,561600,560,1683.7690832265137,1187.7057815508128,2053.337298684056,451.20624479166685,428.4500247395836,100.51410171191635,0.5021428571428572,0.4621428571428571,0.0
PHASE 3A,351,563200,560,1683.7690832265137,1187.7057815508128,2053.337298684056,451.20624479166685,428.4500247395836,100.51410171191635,0.4521428571428571,0.5142857142857145,0.0
PHASE 3A,352,564800,560,1683.7690832265137,1187.7057815508128,2053.337298684056,451.20624479166685,428.4500247395836,100.51410171191635,0.4585714285714285,0.45999999999999996,0.0
PHASE 3A,353,566400,560,1683.7690832265137,1187.7057815508128,2053.337298684056,451.20624479166685,428.4500247395836,100.51410171191635,0.47214285714285714,0.51,0.0
PHASE 3A,354,568000,568,1686.6588182095563,1187.7057815508128,2053.337298684056,450.6521296875001,429.8527263020836,100.76924527750506,0.0,0.0,0.0
PHASE 3A,355,569600,568,1686.6588182095556,1187.7057815508128,2053.337298684056,450.6521296875001,429.85272630208374,100.76924527750506,0.3771428571428571,0.47000000000000003,0.0
PHASE 3A,356,571200,568,1686.6588182095556,1187.7057815508128,2053.337298684056,450.6521296875001,429.85272630208374,100.76924527750506,0.4628571428571428,0.5171428571428571,0.0
PHASE 3A,357,572800,568,1686.6588182095556,1187.7057815508128,2053.337298684056,450.6521296875001,429.85272630208374,100.76924527750506,0.4435714285714286,0.4542857142857143,0.0
PHASE 3A,358,574400,568,1686.6588182095556,1187.7057815508128,2053.337298684056,450.6521296875001,429.85272630208374,100.76924527750506,0.4214285714285714,0.5071428571428572,0.0
PHASE 3A,359,576000,576,1688.5452352215405,1187.7057815508128,2053.337298684056,447.35625729166685,432.9882437500004,101.02509177249274,0.0,0.0,0.0
PHASE 3A,360,577600,576,1688.5452352215407,1187.7057815508128,2053.337298684056,447.3562572916669,432.9882437500002,101.02509177249274,0.39357142857142857,0.4692857142857143,0.0
PHASE 3A,361,579200,576,1688.5452352215407,1187.7057815508128,2053.337298684056,447.3562572916669,432.9882437500002,101.02509177249274,0.5042857142857143,0.505,0.0
PHASE 3A,362,580800,576,1688.5452352215407,1187.7057815508128,2053.337298684056,447.3562572916669,432.9882437500002,101.02509177249274,0.4428571428571429,0.47714285714285715,0.0
PHASE 3A,363,582400,576,1688.5452352215407,1187.7057815508128,2053.337298684056,447.3562572916669,432.9882437500002,101.02509177249274,0.5185714285714287,0.5228571428571429,0.0
PHASE 3A,364,584000,584,1688.9303137060276,1187.7057815508128,2053.337298684056,446.90311041666695,432.13441979166686,101.23659793722047,0.0,0.0,0.0
PHASE 3A,365,585600,584,1688.9303137060278,1187.7057815508128,2053.337298684056,446.9031104166669,432.13441979166686,101.23659793722047,0.42714285714285716,0.5,0.0
PHASE 3A,366,587200,584,1688.9303137060278,1187.7057815508128,2053.337298684056,446.9031104166669,432.13441979166686,101.23659793722047,0.45428571428571435,0.5107142857142858,0.0
PHASE 3A,367,588800,584,1688.9303137060278,1187.7057815508128,2053.337298684056,446.9031104166669,432.13441979166686,101.23659793722047,0.5092857142857142,0.47928571428571426,0.0
PHASE 3A,368,590400,584,1688.9303137060278,1187.7057815508128,2053.337298684056,446.9031104166669,432.13441979166686,101.23659793722047,0.44357142857142867,0.4392857142857142,0.0
PHASE 3A,369,592000,592,1694.1652341745719,1252.5955816645715,2053.337298684056,447.07713619791684,434.4237447916669,101.58304414813229,0.0,0.0,0.0
PHASE 3A,370,593600,592,1694.1652341745719,1252.5955816645715,2053.337298684056,447.0771361979169,434.4237447916669,101.58304414813229,0.4628571428571429,0.46642857142857136,0.0
PHASE 3A,371,595200,592,1694.1652341745719,1252.5955816645715,2053.337298684056,447.0771361979169,434.4237447916669,101.58304414813229,0.4578571428571429,0.44785714285714284,0.0
PHASE 3A,372,596800,592,1694.1652341745719,1252.5955816645715,2053.337298684056,447.0771361979169,434.4237447916669,101.58304414813229,0.4414285714285714,0.4928571428571429,0.0
PHASE 3A,373,598400,592,1694.1652341745719,1252.5955816645715,2053.337298684056,447.0771361979169,434.4237447916669,101.58304414813229,0.37928571428571434,0.5257142857142857,0.0
PHASE 3A,374,600000,600,1693.8501060403078,1297.0184702767672,2053.337298684056,448.010609635417,433.7433244791669,101.51202149072431,0.0,0.0,0.0
PHASE 3A,375,601600,600,1693.8501060403078,1297.0184702767672,2053.337298684056,448.0106096354169,433.74332447916674,101.5120214907243,0.45500000000000007,0.4928571428571429,0.0
PHASE 3A,376,603200,600,1693.8501060403078,1297.0184702767672,2053.337298684056,448.0106096354169,433.74332447916674,101.5120214907243,0.4185714285714286,0.5064285714285715,0.0
PHASE 3A,377,604800,600,1693.8501060403078,1297.0184702767672,2053.337298684056,448.0106096354169,433.74332447916674,101.5120214907243,0.47071428571428575,0.4342857142857143,0.0
PHASE 3A,378,606400,600,1693.8501060403078,1297.0184702767672,2053.337298684056,448.0106096354169,433.74332447916674,101.5120214907243,0.48,0.5214285714285714,0.0
PHASE 3A,379,608000,608,1685.1769676084068,1297.0184702767672,2093.292681973471,449.3607299479169,427.88817968750016,100.99100724663238,0.0,0.0,0.0
PHASE 3A,380,609600,608,1685.1769676084068,1297.0184702767672,2093.292681973471,449.360729947917,427.8881796875003,100.99100724663236,0.425,0.5050000000000001,0.0
PHASE 3A,381,611200,608,1685.1769676084068,1297.0184702767672,2093.292681973471,449.360729947917,427.8881796875003,100.99100724663236,0.5028571428571429,0.4885714285714286,0.0
PHASE 3A,382,612800,608,1685.1769676084068,1297.0184702767672,2093.292681973471,449.360729947917,427.8881796875003,100.99100724663236,0.4628571428571429,0.49000000000000005,0.0
PHASE 3A,383,614400,608,1685.1769676084068,1297.0184702767672,2093.292681973471,449.360729947917,427.8881796875003,100.99100724663236,0.4492857142857142,0.45500000000000007,0.0
PHASE 3A,384,616000,616,1697.387292524184,1297.0184702767672,2093.292681973471,449.0307507812502,434.3812796875003,101.74690775693794,0.0,0.0,0.0
PHASE 3A,385,617600,616,1697.387292524184,1297.0184702767672,2093.292681973471,449.0307507812502,434.3812796875002,101.74690775693793,0.47071428571428575,0.5028571428571429,0.0
PHASE 3A,386,619200,616,1697.387292524184,1297.0184702767672,2093.292681973471,449.0307507812502,434.3812796875002,101.74690775693793,0.4585714285714285,0.5257142857142857,0.0
PHASE 3A,387,620800,616,1697.387292524184,1297.0184702767672,2093.292681973471,449.0307507812502,434.3812796875002,101.74690775693793,0.4485714285714287,0.4735714285714285,0.0
PHASE 3A,388,622400,616,1697.387292524184,1297.0184702767672,2093.292681973471,449.0307507812502,434.3812796875002,101.74690775693793,0.42214285714285726,0.48071428571428576,0.0
PHASE 3A,389,624000,624,1710.0143071965163,1298.4434242486575,2093.292681973471,453.2599351562502,437.02696901041696,102.46592537873995,0.0,0.0,0.0
PHASE 3A,390,625600,624,1710.0143071965163,1298.4434242486575,2093.292681973471,453.2599351562502,437.02696901041696,102.46592537873995,0.4435714285714286,0.48500000000000004,0.0
PHASE 3A,391,627200,624,1710.0143071965163,1298.4434242486575,2093.292681973471,453.2599351562502,437.02696901041696,102.46592537873995,0.44785714285714295,0.41357142857142853,0.0
PHASE 3A,392,628800,624,1710.0143071965163,1298.4434242486575,2093.292681973471,453.2599351562502,437.02696901041696,102.46592537873995,0.44214285714285717,0.47214285714285714,0.0
PHASE 3A,393,630400,624,1710.0143071965163,1298.4434242486575,2093.292681973471,453.2599351562502,437.02696901041696,102.46592537873995,0.46357142857142863,0.4342857142857143,0.0
PHASE 3A,394,632000,632,1719.881384086896,1298.4434242486575,2146.727225718764,456.3249830729169,440.98093619791695,102.82193310201662,0.0,0.0,0.0
PHASE 3A,395,633600,632,1719.8813840868963,1298.4434242486575,2146.727225718764,456.3249830729169,440.9809361979169,102.82193310201663,0.41571428571428576,0.4892857142857142,0.0
PHASE 3A,396,635200,632,1719.8813840868963,1298.4434242486575,2146.727225718764,456.3249830729169,440.9809361979169,102.82193310201663,0.4378571428571429,0.43428571428571433,0.0
PHASE 3A,397,636800,632,1719.8813840868963,1298.4434242486575,2146.727225718764,456.3249830729169,440.9809361979169,102.82193310201663,0.4378571428571429,0.46785714285714286,0.0
PHASE 3A,398,638400,632,1719.8813840868963,1298.4434242486575,2146.727225718764,456.3249830729169,440.9809361979169,102.82193310201663,0.48071428571428576,0.49857142857142855,0.0
PHASE 3A,399,640000,640,1713.5912273714837,1298.4434242486575,2146.727225718764,455.2584992187502,438.47260598958354,102.48251527040259,0.0,0.0,0.0
PHASE 3A,400,641600,640,1713.591227371483,1298.4434242486575,2146.727225718764,455.2584992187503,438.4726059895836,102.48251527040259,0.46642857142857147,0.5271428571428571,0.0
PHASE 3A,401,643200,640,1713.591227371483,1298.4434242486575,2146.727225718764,455.2584992187503,438.4726059895836,102.48251527040259,0.4278571428571428,0.5121428571428572,0.0
PHASE 3A,402,644800,640,1713.591227371483,1298.4434242486575,2146.727225718764,455.2584992187503,438.4726059895836,102.48251527040259,0.44857142857142857,0.4385714285714286,0.0
PHASE 3A,403,646400,640,1713.591227371483,1298.4434242486575,2146.727225718764,455.2584992187503,438.4726059895836,102.48251527040259,0.42928571428571427,0.41571428571428576,0.0
PHASE 3A,404,648000,648,1711.3423724568588,1298.4434242486575,2146.727225718764,456.5848304687502,436.914819010417,102.2303403722204,0.0,0.0,0.0
PHASE 3A,405,649600,648,1711.3423724568593,1298.4434242486575,2146.727225718764,456.5848304687502,436.914819010417,102.2303403722204,0.49142857142857155,0.4385714285714285,0.0
PHASE 3A,406,651200,648,1711.3423724568593,1298.4434242486575,2146.727225718764,456.5848304687502,436.914819010417,102.2303403722204,0.4471428571428572,0.4685714285714285,0.0
PHASE 3A,407,652800,648,1711.3423724568593,1298.4434242486575,2146.727225718764,456.5848304687502,436.914819010417,102.2303403722204,0.49142857142857144,0.5092857142857143,0.0
PHASE 3A,408,654400,648,1711.3423724568593,1298.4434242486575,2146.727225718764,456.5848304687502,436.914819010417,102.2303403722204,0.46642857142857136,0.4492857142857143,0.0
PHASE 3A,409,656000,656,1706.7798225154204,1298.4434242486575,2146.727225718764,459.2713085937501,431.69231067708364,101.9770254055823,0.0,0.0,0.0
PHASE 3A,410,657600,656,1706.7798225154202,1298.4434242486575,2146.727225718764,459.2713085937503,431.6923106770835,101.9770254055823,0.48,0.5128571428571429,0.0
PHASE 3A,411,659200,656,1706.7798225154202,1298.4434242486575,2146.727225718764,459.2713085937503,431.6923106770835,101.9770254055823,0.44857142857142857,0.5214285714285715,0.0
PHASE 3A,412,660800,656,1706.7798225154202,1298.4434242486575,2146.727225718764,459.2713085937503,431.6923106770835,101.9770254055823,0.47000000000000003,0.4978571428571429,0.0
PHASE 3A,413,662400,656,1706.7798225154202,1298.4434242486575,2146.727225718764,459.2713085937503,431.6923106770835,101.9770254055823,0.4507142857142858,0.445,0.0
PHASE 3A,414,664000,664,1712.1521038020383,1298.4434242486575,2146.727225718764,458.1175239583336,436.8227065104168,102.15148416667003,0.0,0.0,0.0
PHASE 3A,415,665600,664,1712.1521038020385,1298.4434242486575,2146.727225718764,458.11752395833355,436.8227065104169,102.15148416667003,0.4685714285714286,0.5014285714285714,0.0
PHASE 3A,416,667200,664,1712.1521038020385,1298.4434242486575,2146.727225718764,458.11752395833355,436.8227065104169,102.15148416667003,0.5107142857142858,0.4492857142857143,0.0
PHASE 3A,417,668800,664,1712.1521038020385,1298.4434242486575,2146.727225718764,458.11752395833355,436.8227065104169,102.15148416667003,0.4514285714285714,0.4521428571428571,0.0
PHASE 3A,418,670400,664,1712.1521038020385,1298.4434242486575,2146.727225718764,458.11752395833355,436.8227065104169,102.15148416667003,0.4692857142857143,0.45499999999999996,0.0
PHASE 3A,419,672000,672,1728.0113024020495,1298.4434242486575,2146.727225718764,464.03182083333354,440.50173880208354,102.93471784583816,0.0,0.0,0.0
PHASE 3A,420,673600,672,1728.0113024020493,1298.4434242486575,2146.727225718764,464.0318208333336,440.5017388020835,102.93471784583816,0.4628571428571429,0.5157142857142857,0.0
PHASE 3A,421,675200,672,1728.0113024020493,1298.4434242486575,2146.727225718764,464.0318208333336,440.5017388020835,102.93471784583816,0.5214285714285715,0.4828571428571428,0.0
PHASE 3A,422,676800,672,1728.0113024020493,1298.4434242486575,2146.727225718764,464.0318208333336,440.5017388020835,102.93471784583816,0.39928571428571435,0.46642857142857147,0.0
PHASE 3A,423,678400,672,1728.0113024020493,1298.4434242486575,2146.727225718764,464.0318208333336,440.5017388020835,102.93471784583816,0.44571428571428573,0.4828571428571428,0.0
PHASE 3A,424,680000,680,1731.3461314257013,1298.4434242486575,2146.727225718764,467.21433385416697,439.28297421875027,103.10610291910736,0.0,0.0,0.0
PHASE 3A,425,681600,680,1731.3461314257015,1298.4434242486575,2146.727225718764,467.2143338541669,439.28297421875027,103.10610291910736,0.5064285714285715,0.4671428571428571,0.0
PHASE 3A,426,683200,680,1731.3461314257015,1298.4434242486575,2146.727225718764,467.2143338541669,439.28297421875027,103.10610291910736,0.4628571428571429,0.5221428571428571,0.0
PHASE 3A,427,684800,680,1731.3461314257015,1298.4434242486575,2146.727225718764,467.2143338541669,439.28297421875027,103.10610291910736,0.38857142857142857,0.49428571428571433,0.0
PHASE 3A,428,686400,680,1731.3461314257015,1298.4434242486575,2146.727225718764,467.2143338541669,439.28297421875027,103.10610291910736,0.4621428571428571,0.46071428571428574,0.0
PHASE 3A,429,688000,688,1737.7329717182179,1298.4434242486575,2256.686670404959,466.08100937500024,445.1973330729169,103.30682865879706,0.0,0.0,0.0
PHASE 3A,430,689600,688,1737.7329717182186,1298.4434242486575,2256.686670404959,466.0810093750001,445.1973330729169,103.30682865879706,0.4671428571428572,0.4878571428571428,0.0
PHASE 3A,431,691200,688,1737.7329717182186,1298.4434242486575,2256.686670404959,466.0810093750001,445.1973330729169,103.30682865879706,0.4407142857142857,0.44499999999999995,0.0
PHASE 3A,432,692800,688,1737.7329717182186,1298.4434242486575,2256.686670404959,466.0810093750001,445.1973330729169,103.30682865879706,0.4028571428571429,0.5635714285714287,0.0
PHASE 3A,433,694400,688,1737.7329717182186,1298.4434242486575,2256.686670404959,466.0810093750001,445.1973330729169,103.30682865879706,0.43357142857142855,0.4564285714285715,0.0
PHASE 3A,434,696000,696,1734.1148367155463,1298.4434242486575,2256.686670404959,468.9593984375002,442.13676744791684,102.87733385377567,0.0,0.0,0.0
PHASE 3A,435,697600,696,1734.1148367155456,1298.4434242486575,2256.686670404959,468.9593984375002,442.13676744791695,102.87733385377567,0.4207142857142857,0.45499999999999996,0.0
PHASE 3A,436,699200,696,1734.1148367155456,1298.4434242486575,2256.686670404959,468.9593984375002,442.13676744791695,102.87733385377567,0.40214285714285714,0.4692857142857143,0.0
PHASE 3A,437,700800,696,1734.1148367155456,1298.4434242486575,2256.686670404959,468.9593984375002,442.13676744791695,102.87733385377567,0.43428571428571433,0.4928571428571429,0.0
PHASE 3A,438,702400,696,1734.1148367155456,1298.4434242486575,2256.686670404959,468.9593984375002,442.13676744791695,102.87733385377567,0.4885714285714286,0.4557142857142858,0.0
PHASE 3A,439,704000,704,1733.8531682856528,1148.8065919840508,2256.686670404959,464.1664031250002,447.1007955729169,102.82324619847655,0.0,0.0,0.0
PHASE 3A,440,705600,704,1733.8531682856526,1148.8065919840508,2256.686670404959,464.1664031250003,447.1007955729168,102.82324619847655,0.425,0.46785714285714286,0.0
PHASE 3A,441,707200,704,1733.8531682856526,1148.8065919840508,2256.686670404959,464.1664031250003,447.1007955729168,102.82324619847655,0.46642857142857147,0.5257142857142857,0.0
PHASE 3A,442,708800,704,1733.8531682856526,1148.8065919840508,2256.686670404959,464.1664031250003,447.1007955729168,102.82324619847655,0.4335714285714286,0.48,0.0
PHASE 3A,443,710400,704,1733.8531682856526,1148.8065919840508,2256.686670404959,464.1664031250003,447.1007955729168,102.82324619847655,0.4578571428571429,0.4557142857142858,0.0
PHASE 3A,444,712000,712,1739.2890682916973,1148.8065919840508,2256.686670404959,465.9120273437503,448.78649140625015,103.07381869272187,0.0,0.0,0.0
PHASE 3A,445,713600,712,1739.2890682916968,1148.8065919840508,2256.686670404959,465.91202734375025,448.78649140625026,103.07381869272187,0.5042857142857142,0.475,0.0
PHASE 3A,446,715200,712,1739.2890682916968,1148.8065919840508,2256.686670404959,465.91202734375025,448.78649140625026,103.07381869272187,0.4628571428571428,0.46357142857142863,0.0
PHASE 3A,447,716800,712,1739.2890682916968,1148.8065919840508,2256.686670404959,465.91202734375025,448.78649140625026,103.07381869272187,0.4992857142857143,0.4435714285714286,0.0
PHASE 3A,448,718400,712,1739.2890682916968,1148.8065919840508,2256.686670404959,465.91202734375025,448.78649140625026,103.07381869272187,0.47357142857142864,0.4735714285714286,0.0
PHASE 3A,449,720000,720,1740.0165243529582,1148.8065919840508,2256.686670404959,464.20970442708364,451.04659687500026,103.09502788136925,0.0,0.0,0.0
PHASE 3A,450,721600,720,1740.0165243529582,1148.8065919840508,2256.686670404959,464.20970442708364,451.04659687500026,103.09502788136925,0.4764285714285714,0.492857142857143,0.0
PHASE 3A,451,723200,720,1740.0165243529582,1148.8065919840508,2256.686670404959,464.20970442708364,451.04659687500026,103.09502788136925,0.4507142857142858,0.4557142857142857,0.0
PHASE 3A,452,724800,720,1740.0165243529582,1148.8065919840508,2256.686670404959,464.20970442708364,451.04659687500026,103.09502788136925,0.5064285714285715,0.5121428571428572,0.0
PHASE 3A,453,726400,720,1740.0165243529582,1148.8065919840508,2256.686670404959,464.20970442708364,451.04659687500026,103.09502788136925,0.4185714285714286,0.47285714285714286,0.0
PHASE 3A,454,728000,728,1747.5332750736864,1148.8065919840508,2256.686670404959,466.6514809895836,454.1117843750003,103.34625121364796,0.0,0.0,0.0
PHASE 3A,455,729600,728,1747.533275073687,1148.8065919840508,2256.686670404959,466.6514809895835,454.1117843750002,103.34625121364796,0.44571428571428573,0.5164285714285713,0.0
PHASE 3A,456,731200,728,1747.533275073687,1148.8065919840508,2256.686670404959,466.6514809895835,454.1117843750002,103.34625121364796,0.5028571428571429,0.5307142857142857,0.0
PHASE 3A,457,732800,728,1747.533275073687,1148.8065919840508,2256.686670404959,466.6514809895835,454.1117843750002,103.34625121364796,0.44857142857142857,0.4557142857142857,0.0
PHASE 3A,458,734400,728,1747.533275073687,1148.8065919840508,2256.686670404959,466.6514809895835,454.1117843750002,103.34625121364796,0.4185714285714286,0.4885714285714286,0.0
PHASE 3A,459,736000,736,1760.2633367241565,1148.8065919840508,2256.686670404959,469.49146848958355,457.8015411458335,104.12129088610253,0.0,0.0,0.0
PHASE 3A,460,737600,736,1760.263336724156,1148.8065919840508,2256.686670404959,469.49146848958355,457.8015411458335,104.12129088610253,0.4257142857142858,0.5078571428571428,0.0
PHASE 3A,461,739200,736,1760.263336724156,1148.8065919840508,2256.686670404959,469.49146848958355,457.8015411458335,104.12129088610253,0.44142857142857145,0.47714285714285715,0.0
PHASE 3A,462,740800,736,1760.263336724156,1148.8065919840508,2256.686670404959,469.49146848958355,457.8015411458335,104.12129088610253,0.4578571428571429,0.5014285714285714,0.0
PHASE 3A,463,742400,736,1760.263336724156,1148.8065919840508,2256.686670404959,469.49146848958355,457.8015411458335,104.12129088610253,0.4928571428571429,0.5107142857142857,0.0
PHASE 3A,464,744000,744,1760.7676822306273,1148.8065919840508,2256.686670404959,467.51606328125024,459.11241718750017,104.26740022024474,0.0,0.0,0.0
PHASE 3A,465,745600,744,1760.767682230627,1148.8065919840508,2256.686670404959,467.5160632812502,459.1124171875002,104.26740022024474,0.4200000000000001,0.4535714285714286,0.0
PHASE 3A,466,747200,744,1760.767682230627,1148.8065919840508,2256.686670404959,467.5160632812502,459.1124171875002,104.26740022024474,0.4564285714285715,0.4878571428571429,0.0
PHASE 3A,467,748800,744,1760.767682230627,1148.8065919840508,2256.686670404959,467.5160632812502,459.1124171875002,104.26740022024474,0.45714285714285713,0.5128571428571429,0.0
PHASE 3A,468,750400,744,1760.767682230627,1148.8065919840508,2256.686670404959,467.5160632812502,459.1124171875002,104.26740022024474,0.4364285714285714,0.49642857142857144,0.0
PHASE 3A,469,752000,752,1755.1550480041603,1148.8065919840508,2256.686670404959,464.4077143229169,458.7712973958336,103.99700453568617,0.0,0.0,0.0
PHASE 3A,470,753600,752,1755.1550480041603,1148.8065919840508,2256.686670404959,464.40771432291695,458.7712973958335,103.99700453568619,0.4614285714285714,0.5257142857142857,0.0
PHASE 3A,471,755200,752,1755.1550480041603,1148.8065919840508,2256.686670404959,464.40771432291695,458.7712973958335,103.99700453568619,0.48357142857142854,0.47857142857142865,0.0
PHASE 3A,472,756800,752,1755.1550480041603,1148.8065919840508,2256.686670404959,464.40771432291695,458.7712973958335,103.99700453568619,0.4692857142857143,0.4492857142857144,0.0
PHASE 3A,473,758400,752,1755.1550480041603,1148.8065919840508,2256.686670404959,464.40771432291695,458.7712973958335,103.99700453568619,0.4278571428571428,0.47000000000000003,0.0
PHASE 3A,474,760000,760,1758.2061738846223,1148.8065919840508,2256.686670404959,464.7990697916669,460.3680104166669,104.12988670954604,0.0,0.0,0.0
PHASE 3A,475,761600,760,1758.2061738846228,1148.8065919840508,2256.686670404959,464.7990697916669,460.3680104166668,104.12988670954604,0.47285714285714275,0.505,0.0
PHASE 3A,476,763200,760,1758.2061738846228,1148.8065919840508,2256.686670404959,464.7990697916669,460.3680104166668,104.12988670954604,0.445,0.475,0.0
PHASE 3A,477,764800,760,1758.2061738846228,1148.8065919840508,2256.686670404959,464.7990697916669,460.3680104166668,104.12988670954604,0.48357142857142854,0.4607142857142857,0.0
PHASE 3A,478,766400,760,1758.2061738846228,1148.8065919840508,2256.686670404959,464.7990697916669,460.3680104166668,104.12988670954604,0.4992857142857143,0.48571428571428565,0.0
PHASE 3A,479,768000,768,1754.8078624271034,1148.8065919840508,2256.686670404959,468.9252234375002,454.7990963541668,103.88544282943934,0.0,0.0,0.0
PHASE 3A,480,769600,768,1754.8078624271031,1148.8065919840508,2256.686670404959,468.92522343750016,454.7990963541668,103.88544282943934,0.42000000000000004,0.4950000000000001,0.0
PHASE 3A,481,771200,768,1754.8078624271031,1148.8065919840508,2256.686670404959,468.92522343750016,454.7990963541668,103.88544282943934,0.40285714285714286,0.49214285714285727,0.0
PHASE 3A,482,772800,768,1754.8078624271031,1148.8065919840508,2256.686670404959,468.92522343750016,454.7990963541668,103.88544282943934,0.4557142857142858,0.49285714285714277,0.0
PHASE 3A,483,774400,768,1754.8078624271031,1148.8065919840508,2256.686670404959,468.92522343750016,454.7990963541668,103.88544282943934,0.43928571428571433,0.4164285714285715,0.0
PHASE 3A,484,776000,776,1756.1911453076182,1148.8065919840508,2256.686670404959,468.0486536458335,456.8243786458335,103.9147641270039,0.0,0.0,0.0
PHASE 3A,485,777600,776,1756.1911453076182,1148.8065919840508,2256.686670404959,468.04865364583367,456.8243786458336,103.9147641270039,0.4764285714285714,0.5128571428571429,0.0
PHASE 3A,486,779200,776,1756.1911453076182,1148.8065919840508,2256.686670404959,468.04865364583367,456.8243786458336,103.9147641270039,0.4992857142857143,0.5328571428571429,0.0
PHASE 3A,487,780800,776,1756.1911453076182,1148.8065919840508,2256.686670404959,468.04865364583367,456.8243786458336,103.9147641270039,0.42642857142857143,0.5221428571428571,0.0
PHASE 3A,488,782400,776,1756.1911453076182,1148.8065919840508,2256.686670404959,468.04865364583367,456.8243786458336,103.9147641270039,0.4807142857142857,0.4842857142857143,0.0
PHASE 3A,489,784000,784,1759.1773748881644,1148.8065919840508,2233.0736198460986,468.73178463541683,457.4432192708336,104.12529637274922,0.0,0.0,0.0
PHASE 3A,490,785600,784,1759.1773748881644,1148.8065919840508,2233.0736198460986,468.73178463541694,457.4432192708336,104.1252963727492,0.42285714285714293,0.47714285714285715,0.0
PHASE 3A,491,787200,784,1759.1773748881644,1148.8065919840508,2233.0736198460986,468.73178463541694,457.4432192708336,104.1252963727492,0.5028571428571429,0.4985714285714285,0.0
PHASE 3A,492,788800,784,1759.1773748881644,1148.8065919840508,2233.0736198460986,468.73178463541694,457.4432192708336,104.1252963727492,0.3785714285714286,0.51,0.0
PHASE 3A,493,790400,784,1759.1773748881644,1148.8065919840508,2233.0736198460986,468.73178463541694,457.4432192708336,104.1252963727492,0.4114285714285715,0.52,0.0
PHASE 3A,494,792000,792,1764.4316653590147,1148.8065919840508,2233.0736198460986,468.75510911458355,459.4257369791669,104.53135240816795,0.0,0.0,0.0
PHASE 3A,495,793600,792,1764.431665359015,1148.8065919840508,2233.0736198460986,468.75510911458355,459.4257369791669,104.53135240816799,0.4750000000000001,0.445,0.0
PHASE 3A,496,795200,792,1764.431665359015,1148.8065919840508,2233.0736198460986,468.75510911458355,459.4257369791669,104.53135240816799,0.4957142857142857,0.49142857142857144,0.0
PHASE 3A,497,796800,792,1764.431665359015,1148.8065919840508,2233.0736198460986,468.75510911458355,459.4257369791669,104.53135240816799,0.465,0.5142857142857142,0.0
PHASE 3A,498,798400,792,1764.431665359015,1148.8065919840508,2233.0736198460986,468.75510911458355,459.4257369791669,104.53135240816799,0.5042857142857142,0.4957142857142857,0.0
PHASE 3A,499,800000,800,1777.8968219620554,1148.8065919840508,2233.0736198460986,475.4349739583335,459.10060729166696,105.42015508901677,0.0,0.0,0.0
PHASE 3B,0,1600,0,,,,,,,0.4521428571428571,0.5021428571428572,0.0
PHASE 3B,1,3200,0,,,,,,,0.4642857142857143,0.42214285714285704,0.0
PHASE 3B,2,4800,0,,,,,,,0.5128571428571429,0.4578571428571429,0.0
PHASE 3B,3,6400,0,,,,,,,0.45785714285714285,0.47285714285714286,0.0
PHASE 3B,4,8000,8,1862.8738197874452,1644.4078877633754,2172.4295333236905,510.0137434895836,472.01648437500023,110.10544899036731,0.0,0.0,0.0
PHASE 3B,5,9600,8,1862.8738197874452,1644.4078877633754,2172.4295333236905,510.0137434895836,472.01648437500023,110.10544899036731,0.4621428571428572,0.43642857142857155,0.0
PHASE 3B,6,11200,8,1862.8738197874452,1644.4078877633754,2172.4295333236905,510.0137434895836,472.01648437500023,110.10544899036731,0.47285714285714286,0.4435714285714286,0.0
PHASE 3B,7,12800,8,1862.8738197874452,1644.4078877633754,2172.4295333236905,510.0137434895836,472.01648437500023,110.10544899036731,0.47071428571428575,0.49642857142857155,0.0
PHASE 3B,8,14400,8,1862.8738197874452,1644.4078877633754,2172.4295333236905,510.0137434895836,472.01648437500023,110.10544899036731,0.445,0.5171428571428571,0.0
PHASE 3B,9,16000,16,1876.5209899213155,1630.6985613166562,2172.4295333236905,502.62352539062533,484.70423177083353,111.14915409499145,0.0,0.0,0.0
PHASE 3B,10,17600,16,1876.5209899213155,1630.6985613166562,2172.4295333236905,502.62352539062533,484.70423177083353,111.14915409499146,0.4307142857142857,0.48071428571428576,0.0
PHASE 3B,11,19200,16,1876.5209899213155,1630.6985613166562,2172.4295333236905,502.62352539062533,484.70423177083353,111.14915409499146,0.43500000000000005,0.4600000000000001,0.0
PHASE 3B,12,20800,16,1876.5209899213155,1630.6985613166562,2172.4295333236905,502.62352539062533,484.70423177083353,111.14915409499146,0.4642857142857143,0.48357142857142865,0.0
PHASE 3B,13,22400,16,1876.5209899213155,1630.6985613166562,2172.4295333236905,502.62352539062533,484.70423177083353,111.14915409499146,0.46571428571428575,0.45357142857142857,0.0
PHASE 3B,14,24000,24,1858.8940700240366,1630.6985613166562,2172.4295333236905,499.55389105902805,476.68634657118076,110.33172904923818,0.0,0.0,0.0
PHASE 3B,15,25600,24,1858.8940700240366,1630.6985613166562,2172.4295333236905,499.55389105902805,476.6863465711808,110.3317290492382,0.3821428571428572,0.4821428571428572,0.0
PHASE 3B,16,27200,24,1858.8940700240366,1630.6985613166562,2172.4295333236905,499.55389105902805,476.6863465711808,110.3317290492382,0.5,0.47071428571428575,0.0
PHASE 3B,17,28800,24,1858.8940700240366,1630.6985613166562,2172.4295333236905,499.55389105902805,476.6863465711808,110.3317290492382,0.4514285714285715,0.48571428571428577,0.0
PHASE 3B,18,30400,24,1858.8940700240366,1630.6985613166562,2172.4295333236905,499.55389105902805,476.6863465711808,110.3317290492382,0.4364285714285715,0.49142857142857144,0.0
PHASE 3B,19,32000,32,1836.3617152723714,1499.6448857436642,2172.4295333236905,491.5861027018232,473.7680493164065,108.87594540677753,0.0,0.0,0.0
PHASE 3B,20,33600,32,1836.3617152723714,1499.6448857436642,2172.4295333236905,491.5861027018232,473.7680493164065,108.87594540677755,0.47928571428571426,0.4807142857142857,0.0
PHASE 3B,21,35200,32,1836.3617152723714,1499.6448857436642,2172.4295333236905,491.5861027018232,473.7680493164065,108.87594540677755,0.41500000000000004,0.47785714285714287,0.0
PHASE 3B,22,36800,32,1836.3617152723714,1499.6448857436642,2172.4295333236905,491.5861027018232,473.7680493164065,108.87594540677755,0.4871428571428571,0.4,0.0
PHASE 3B,23,38400,32,1836.3617152723714,1499.6448857436642,2172.4295333236905,491.5861027018232,473.7680493164065,108.87594540677755,0.425,0.5007142857142857,0.0
PHASE 3B,24,40000,40,1825.9051108318558,1499.6448857436642,2172.4295333236905,486.80296028645864,471.75120507812517,108.41886818341884,0.0,0.0,0.0
PHASE 3B,25,41600,40,1825.9051108318563,1499.6448857436642,2172.4295333236905,486.80296028645864,471.75120507812517,108.41886818341887,0.5228571428571429,0.4514285714285714,0.0
PHASE 3B,26,43200,40,1825.9051108318563,1499.6448857436642,2172.4295333236905,486.80296028645864,471.75120507812517,108.41886818341887,0.4692857142857143,0.4642857142857143,0.0
PHASE 3B,27,44800,40,1825.9051108318563,1499.6448857436642,2172.4295333236905,486.80296028645864,471.75120507812517,108.41886818341887,0.46642857142857136,0.4814285714285715,0.0
PHASE 3B,28,46400,40,1825.9051108318563,1499.6448857436642,2172.4295333236905,486.80296028645864,471.75120507812517,108.41886818341887,0.44000000000000006,0.4892857142857143,0.0
PHASE 3B,29,48000,48,1825.201147808247,1499.6448857436642,2172.4295333236905,483.8947585720489,474.2418484157988,108.38306760255978,0.0,0.0,0.0
PHASE 3B,30,49600,48,1825.2011478082475,1499.6448857436642,2172.4295333236905,483.8947585720489,474.2418484157988,108.38306760255978,0.5171428571428571,0.51,0.0
PHASE 3B,31,51200,48,1825.2011478082475,1499.6448857436642,2172.4295333236905,483.8947585720489,474.2418484157988,108.38306760255978,0.4757142857142857,0.5478571428571428,0.0
PHASE 3B,32,52800,48,1825.2011478082475,1499.6448857436642,2172.4295333236905,483.8947585720489,474.2418484157988,108.38306760255978,0.4635714285714287,0.45857142857142863,0.0
PHASE 3B,33,54400,48,1825.2011478082475,1499.6448857436642,2172.4295333236905,483.8947585720489,474.2418484157988,108.38306760255978,0.4442857142857143,0.4871428571428572,0.0
PHASE 3B,34,56000,56,1812.494792097576,1360.6909018685712,2172.4295333236905,478.0292871093752,472.6912774367562,107.72177844394014,0.0,0.0,0.0
PHASE 3B,35,57600,56,1812.494792097576,1360.6909018685712,2172.4295333236905,478.0292871093753,472.6912774367562,107.72177844394012,0.4642857142857143,0.5128571428571428,0.0
PHASE 3B,36,59200,56,1812.494792097576,1360.6909018685712,2172.4295333236905,478.0292871093753,472.6912774367562,107.72177844394012,0.4957142857142857,0.4464285714285715,0.0
PHASE 3B,37,60800,56,1812.494792097576,1360.6909018685712,2172.4295333236905,478.0292871093753,472.6912774367562,107.72177844394012,0.4442857142857144,0.44142857142857145,0.0
PHASE 3B,38,62400,56,1812.494792097576,1360.6909018685712,2172.4295333236905,478.0292871093753,472.6912774367562,107.72177844394012,0.4557142857142858,0.4557142857142857,0.0
PHASE 3B,39,64000,64,1793.7344568025915,1360.6909018685712,2172.4295333236905,473.28235961914083,467.56117635091175,106.61136510407702,0.0,0.0,0.0
PHASE 3B,40,65600,64,1793.7344568025915,1360.6909018685712,2172.4295333236905,473.2823596191409,467.56117635091175,106.61136510407704,0.4535714285714286,0.47214285714285714,0.0
PHASE 3B,41,67200,64,1793.7344568025915,1360.6909018685712,2172.4295333236905,473.2823596191409,467.56117635091175,106.61136510407704,0.44499999999999995,0.5492857142857143,0.0
PHASE 3B,42,68800,64,1793.7344568025915,1360.6909018685712,2172.4295333236905,473.2823596191409,467.56117635091175,106.61136510407704,0.44000000000000006,0.4442857142857143,0.0
PHASE 3B,43,70400,64,1793.7344568025915,1360.6909018685712,2172.4295333236905,473.2823596191409,467.56117635091175,106.61136510407704,0.46785714285714286,0.47071428571428575,0.0
PHASE 3B,44,72000,72,1792.8102955143283,1360.6909018685712,2172.4295333236905,475.9349200665513,464.7338321035883,106.51769291803323,0.0,0.0,0.0
PHASE 3B,45,73600,72,1792.8102955143283,1360.6909018685712,2172.4295333236905,475.9349200665512,464.7338321035883,106.51769291803323,0.4357142857142858,0.49000000000000005,0.0
PHASE 3B,46,75200,72,1792.8102955143283,1360.6909018685712,2172.4295333236905,475.9349200665512,464.7338321035883,106.51769291803323,0.4564285714285714,0.5028571428571429,0.0
PHASE 3B,47,76800,72,1792.8102955143283,1360.6909018685712,2172.4295333236905,475.9349200665512,464.7338321035883,106.51769291803323,0.41785714285714287,0.46142857142857147,0.0
PHASE 3B,48,78400,72,1792.8102955143283,1360.6909018685712,2172.4295333236905,475.9349200665512,464.7338321035883,106.51769291803323,0.495,0.4685714285714286,0.0
PHASE 3B,49,80000,80,1795.1957099025415,1360.6909018685712,2172.4295333236905,475.25544075520867,467.2831897786461,106.58213492109546,0.0,0.0,0.0
PHASE 3B,50,81600,80,1795.1957099025415,1360.6909018685712,2172.4295333236905,475.25544075520867,467.2831897786461,106.58213492109546,0.4864285714285715,0.5885714285714286,0.0
PHASE 3B,51,83200,80,1795.1957099025415,1360.6909018685712,2172.4295333236905,475.25544075520867,467.2831897786461,106.58213492109546,0.4621428571428572,0.42642857142857143,0.0
PHASE 3B,52,84800,80,1795.1957099025415,1360.6909018685712,2172.4295333236905,475.25544075520867,467.2831897786461,106.58213492109546,0.4764285714285714,0.46785714285714286,0.0
PHASE 3B,53,86400,80,1795.1957099025415,1360.6909018685712,2172.4295333236905,475.25544075520867,467.2831897786461,106.58213492109546,0.4621428571428571,0.4742857142857143,0.0
PHASE 3B,54,88000,88,1805.9230860730233,1360.6909018685712,2172.4295333236905,478.46759883996236,469.57139174952675,107.23551193545141,0.0,0.0,0.0
PHASE 3B,55,89600,88,1805.9230860730233,1360.6909018685712,2172.4295333236905,478.46759883996236,469.57139174952675,107.23551193545141,0.4014285714285715,0.5042857142857142,0.0
PHASE 3B,56,91200,88,1805.9230860730233,1360.6909018685712,2172.4295333236905,478.46759883996236,469.57139174952675,107.23551193545141,0.47714285714285715,0.4542857142857143,0.0
PHASE 3B,57,92800,88,1805.9230860730233,1360.6909018685712,2172.4295333236905,478.46759883996236,469.57139174952675,107.23551193545141,0.4514285714285715,0.5121428571428571,0.0
PHASE 3B,58,94400,88,1805.9230860730233,1360.6909018685712,2172.4295333236905,478.46759883996236,469.57139174952675,107.23551193545141,0.4385714285714285,0.5421428571428573,0.0
PHASE 3B,59,96000,96,1802.8198988898785,1360.6909018685712,2172.4295333236905,478.44962619357665,467.44769395616345,107.11532234252697,0.0,0.0,0.0
PHASE 3B,60,97600,96,1802.8198988898785,1360.6909018685712,2172.4295333236905,478.44962619357665,467.44769395616345,107.11532234252697,0.472857142857143,0.5285714285714286,0.0
PHASE 3B,61,99200,96,1802.8198988898785,1360.6909018685712,2172.4295333236905,478.44962619357665,467.44769395616345,107.11532234252697,0.4621428571428572,0.4842857142857143,0.0
PHASE 3B,62,100800,96,1802.8198988898785,1360.6909018685712,2172.4295333236905,478.44962619357665,467.44769395616345,107.11532234252697,0.4314285714285715,0.5278571428571429,0.0
PHASE 3B,63,102400,96,1802.8198988898785,1360.6909018685712,2172.4295333236905,478.44962619357665,467.44769395616345,107.11532234252697,0.4564285714285715,0.5271428571428571,0.0
PHASE 3B,64,104000,104,1805.2433365293919,1360.6909018685712,2172.4295333236905,478.88263854166695,468.25017473958366,107.2638154060275,0.0,0.0,0.0
PHASE 3B,65,105600,104,1805.2433365293919,1360.6909018685712,2172.4295333236905,478.8826385416669,468.25017473958354,107.26381540602748,0.4578571428571429,0.5207142857142858,0.0
PHASE 3B,66,107200,104,1805.2433365293919,1360.6909018685712,2172.4295333236905,478.8826385416669,468.25017473958354,107.26381540602748,0.45714285714285713,0.4192857142857143,0.0
PHASE 3B,67,108800,104,1805.2433365293919,1360.6909018685712,2172.4295333236905,478.8826385416669,468.25017473958354,107.26381540602748,0.46499999999999997,0.48571428571428565,0.0
PHASE 3B,68,110400,104,1805.2433365293919,1360.6909018685712,2172.4295333236905,478.8826385416669,468.25017473958354,107.26381540602748,0.46071428571428574,0.45285714285714285,0.0
PHASE 3B,69,112000,112,1799.430178281012,1297.519933365001,2272.1363763952095,477.31640208333357,467.1348382812502,106.8723672395631,0.0,0.0,0.0
PHASE 3B,70,113600,112,1799.4301782810116,1297.519933365001,2272.1363763952095,477.31640208333357,467.1348382812503,106.8723672395631,0.4442857142857143,0.4928571428571429,0.0
PHASE 3B,71,115200,112,1799.4301782810116,1297.519933365001,2272.1363763952095,477.31640208333357,467.1348382812503,106.8723672395631,0.4164285714285715,0.5250000000000001,0.0
PHASE 3B,72,116800,112,1799.4301782810116,1297.519933365001,2272.1363763952095,477.31640208333357,467.1348382812503,106.8723672395631,0.45357142857142857,0.49142857142857144,0.0
PHASE 3B,73,118400,112,1799.4301782810116,1297.519933365001,2272.1363763952095,477.31640208333357,467.1348382812503,106.8723672395631,0.4864285714285715,0.5235714285714287,0.0
PHASE 3B,74,120000,120,1794.9360079810044,1297.519933365001,2272.1363763952095,475.0739864583336,467.36520338541703,106.5621022671663,0.0,0.0,0.0
PHASE 3B,75,121600,120,1794.9360079810044,1297.519933365001,2272.1363763952095,475.07398645833365,467.3652033854169,106.5621022671663,0.4621428571428572,0.5328571428571428,0.0
PHASE 3B,76,123200,120,1794.9360079810044,1297.519933365001,2272.1363763952095,475.07398645833365,467.3652033854169,106.5621022671663,0.47071428571428575,0.4957142857142857,0.0
PHASE 3B,77,124800,120,1794.9360079810044,1297.519933365001,2272.1363763952095,475.07398645833365,467.3652033854169,106.5621022671663,0.4621428571428571,0.49357142857142866,0.0
PHASE 3B,78,126400,120,1794.9360079810044,1297.519933365001,2272.1363763952095,475.07398645833365,467.3652033854169,106.5621022671663,0.4821428571428571,0.5014285714285716,0.0
PHASE 3B,79,128000,128,1795.14496526982,1297.519933365001,2272.1363763952095,476.1662208333336,466.6671812500002,106.53894539832038,0.0,0.0,0.0
PHASE 3B,80,129600,128,1795.14496526982,1297.519933365001,2272.1363763952095,476.1662208333335,466.6671812500001,106.53894539832035,0.43714285714285717,0.46785714285714286,0.0
PHASE 3B,81,131200,128,1795.14496526982,1297.519933365001,2272.1363763952095,476.1662208333335,466.6671812500001,106.53894539832035,0.5071428571428572,0.4878571428571429,0.0
PHASE 3B,82,132800,128,1795.14496526982,1297.519933365001,2272.1363763952095,476.1662208333335,466.6671812500001,106.53894539832035,0.4435714285714286,0.4364285714285715,0.0
PHASE 3B,83,134400,128,1795.14496526982,1297.519933365001,2272.1363763952095,476.1662208333335,466.6671812500001,106.53894539832035,0.4871428571428572,0.46714285714285725,0.0
PHASE 3B,84,136000,136,1807.1934183276699,1297.519933365001,2272.1363763952095,477.71458098958357,472.6398088541669,107.10487856049964,0.0,0.0,0.0
PHASE 3B,85,137600,136,1807.19341832767,1297.519933365001,2272.1363763952095,477.7145809895837,472.63980885416686,107.10487856049966,0.4492857142857143,0.4428571428571429,0.0
PHASE 3B,86,139200,136,1807.19341832767,1297.519933365001,2272.1363763952095,477.7145809895837,472.63980885416686,107.10487856049966,0.4600000000000001,0.4314285714285715,0.0
PHASE 3B,87,140800,136,1807.19341832767,1297.519933365001,2272.1363763952095,477.7145809895837,472.63980885416686,107.10487856049966,0.47214285714285725,0.5342857142857143,0.0
PHASE 3B,88,142400,136,1807.19341832767,1297.519933365001,2272.1363763952095,477.7145809895837,472.63980885416686,107.10487856049966,0.41714285714285715,0.48500000000000004,0.0
PHASE 3B,89,144000,144,1807.592835744425,1297.519933365001,2272.1363763952095,475.12608098958367,475.94904635416685,107.06471355009417,0.0,0.0,0.0
PHASE 3B,90,145600,144,1807.5928357444247,1297.519933365001,2272.1363763952095,475.12608098958356,475.9490463541669,107.06471355009415,0.4442857142857143,0.44000000000000006,0.0
PHASE 3B,91,147200,144,1807.5928357444247,1297.519933365001,2272.1363763952095,475.12608098958356,475.9490463541669,107.06471355009415,0.5000000000000001,0.4800000000000001,0.0
PHASE 3B,92,148800,144,1807.5928357444247,1297.519933365001,2272.1363763952095,475.12608098958356,475.9490463541669,107.06471355009415,0.465,0.44142857142857145,0.0
PHASE 3B,93,150400,144,1807.5928357444247,1297.519933365001,2272.1363763952095,475.12608098958356,475.9490463541669,107.06471355009415,0.47785714285714287,0.49214285714285716,0.0
PHASE 3B,94,152000,152,1810.569794552093,1297.519933365001,2272.1363763952095,478.5853669270836,475.03705208333355,107.11842194271937,0.0,0.0,0.0
PHASE 3B,95,153600,152,1810.569794552093,1297.519933365001,2272.1363763952095,478.5853669270836,475.0370520833336,107.11842194271938,0.46142857142857147,0.5064285714285715,0.0
PHASE 3B,96,155200,152,1810.569794552093,1297.519933365001,2272.1363763952095,478.5853669270836,475.0370520833336,107.11842194271938,0.4692857142857142,0.47285714285714286,0.0
PHASE 3B,97,156800,152,1810.569794552093,1297.519933365001,2272.1363763952095,478.5853669270836,475.0370520833336,107.11842194271938,0.43,0.4814285714285715,0.0
PHASE 3B,98,158400,152,1810.569794552093,1297.519933365001,2272.1363763952095,478.5853669270836,475.0370520833336,107.11842194271938,0.46357142857142863,0.4257142857142857,0.0
PHASE 3B,99,160000,160,1829.1624470561042,1297.519933365001,2272.1363763952095,487.65344088541684,476.19441770833356,108.16432355780424,0.0,0.0,0.0
PHASE 3B,100,161600,160,1829.1624470561046,1297.519933365001,2272.1363763952095,487.65344088541696,476.1944177083335,108.16432355780424,0.4800000000000001,0.4885714285714286,0.0
PHASE 3B,101,163200,160,1829.1624470561046,1297.519933365001,2272.1363763952095,487.65344088541696,476.1944177083335,108.16432355780424,0.46785714285714286,0.47214285714285714,0.0
PHASE 3B,102,164800,160,1829.1624470561046,1297.519933365001,2272.1363763952095,487.65344088541696,476.1944177083335,108.16432355780424,0.4407142857142857,0.4364285714285715,0.0
PHASE 3B,103,166400,160,1829.1624470561046,1297.519933365001,2272.1363763952095,487.65344088541696,476.1944177083335,108.16432355780424,0.47142857142857153,0.4435714285714286,0.0
PHASE 3B,104,168000,168,1847.148863401793,1297.519933365001,2272.1363763952095,491.12870338541694,482.8599885416668,109.14502143434875,0.0,0.0,0.0
PHASE 3B,105,169600,168,1847.1488634017928,1297.519933365001,2272.1363763952095,491.12870338541694,482.8599885416669,109.14502143434875,0.48,0.4564285714285714,0.0
PHASE 3B,106,171200,168,1847.1488634017928,1297.519933365001,2272.1363763952095,491.12870338541694,482.8599885416669,109.14502143434875,0.43571428571428567,0.4821428571428571,0.0
PHASE 3B,107,172800,168,1847.1488634017928,1297.519933365001,2272.1363763952095,491.12870338541694,482.8599885416669,109.14502143434875,0.4685714285714286,0.41071428571428575,0.0
PHASE 3B,108,174400,168,1847.1488634017928,1297.519933365001,2272.1363763952095,491.12870338541694,482.8599885416669,109.14502143434875,0.48071428571428576,0.472857142857143,0.0
PHASE 3B,109,176000,176,1841.9348904135834,1297.519933365001,2272.1363763952095,489.9524773437503,480.6618145833335,108.91507481082252,0.0,0.0,0.0
PHASE 3B,110,177600,176,1841.9348904135834,1297.519933365001,2272.1363763952095,489.95247734375016,480.6618145833335,108.9150748108225,0.49142857142857144,0.4235714285714286,0.0
PHASE 3B,111,179200,176,1841.9348904135834,1297.519933365001,2272.1363763952095,489.95247734375016,480.6618145833335,108.9150748108225,0.4842857142857143,0.49000000000000005,0.0
PHASE 3B,112,180800,176,1841.9348904135834,1297.519933365001,2272.1363763952095,489.95247734375016,480.6618145833335,108.9150748108225,0.49142857142857144,0.49714285714285716,0.0
PHASE 3B,113,182400,176,1841.9348904135834,1297.519933365001,2272.1363763952095,489.95247734375016,480.6618145833335,108.9150748108225,0.4800000000000001,0.42000000000000004,0.0
PHASE 3B,114,184000,184,1846.1564479328683,1297.519933365001,2272.1363763952095,490.0718234375002,483.1011953125002,109.12292864786876,0.0,0.0,0.0
PHASE 3B,115,185600,184,1846.1564479328683,1297.519933365001,2272.1363763952095,490.07182343750014,483.1011953125001,109.12292864786876,0.46071428571428574,0.47071428571428575,0.0
PHASE 3B,116,187200,184,1846.1564479328683,1297.519933365001,2272.1363763952095,490.07182343750014,483.1011953125001,109.12292864786876,0.5314285714285714,0.44357142857142867,0.0
PHASE 3B,117,188800,184,1846.1564479328683,1297.519933365001,2272.1363763952095,490.07182343750014,483.1011953125001,109.12292864786876,0.5092857142857142,0.47214285714285725,0.0
PHASE 3B,118,190400,184,1846.1564479328683,1297.519933365001,2272.1363763952095,490.07182343750014,483.1011953125001,109.12292864786876,0.49214285714285716,0.5164285714285716,0.0
PHASE 3B,119,192000,192,1846.1903145858043,1297.519933365001,2272.1363763952095,491.5240182291668,482.48759583333344,109.02233756542319,0.0,0.0,0.0
PHASE 3B,120,193600,192,1846.1903145858043,1297.519933365001,2272.1363763952095,491.5240182291669,482.4875958333336,109.02233756542319,0.4364285714285715,0.4985714285714285,0.0
PHASE 3B,121,195200,192,1846.1903145858043,1297.519933365001,2272.1363763952095,491.5240182291669,482.4875958333336,109.02233756542319,0.4157142857142858,0.45285714285714285,0.0
PHASE 3B,122,196800,192,1846.1903145858043,1297.519933365001,2272.1363763952095,491.5240182291669,482.4875958333336,109.02233756542319,0.4750000000000001,0.49142857142857144,0.0
PHASE 3B,123,198400,192,1846.1903145858043,1297.519933365001,2272.1363763952095,491.5240182291669,482.4875958333336,109.02233756542319,0.425,0.49214285714285727,0.0
PHASE 3B,124,200000,200,1846.0731346978541,1297.519933365001,2272.1363763952095,491.2340848958335,483.33394687500027,108.93813786588763,0.0,0.0,0.0
PHASE 3B,125,201600,200,1846.0731346978541,1297.519933365001,2272.1363763952095,491.2340848958336,483.3339468750003,108.93813786588758,0.4207142857142857,0.4450000000000001,0.0
PHASE 3B,126,203200,200,1846.0731346978541,1297.519933365001,2272.1363763952095,491.2340848958336,483.3339468750003,108.93813786588758,0.4800000000000001,0.49714285714285716,0.0
PHASE 3B,127,204800,200,1846.0731346978541,1297.519933365001,2272.1363763952095,491.2340848958336,483.3339468750003,108.93813786588758,0.42714285714285716,0.49714285714285716,0.0
PHASE 3B,128,206400,200,1846.0731346978541,1297.519933365001,2272.1363763952095,491.2340848958336,483.3339468750003,108.93813786588758,0.47285714285714275,0.4935714285714286,0.0
PHASE 3B,129,208000,208,1862.8355553894412,1392.085315553588,2299.0780869676173,493.2840921875003,490.8406437500003,109.83885243150297,0.0,0.0,0.0
PHASE 3B,130,209600,208,1862.8355553894414,1392.085315553588,2299.0780869676173,493.2840921875002,490.8406437500003,109.83885243150294,0.5185714285714286,0.4600000000000001,0.0
PHASE 3B,131,211200,208,1862.8355553894414,1392.085315553588,2299.0780869676173,493.2840921875002,490.8406437500003,109.83885243150294,0.4742857142857143,0.47214285714285725,0.0
PHASE 3B,132,212800,208,1862.8355553894414,1392.085315553588,2299.0780869676173,493.2840921875002,490.8406437500003,109.83885243150294,0.4492857142857144,0.492857142857143,0.0
PHASE 3B,133,214400,208,1862.8355553894414,1392.085315553588,2299.0780869676173,493.2840921875002,490.8406437500003,109.83885243150294,0.42857142857142855,0.4878571428571429,0.0
PHASE 3B,134,216000,216,1860.5119923674556,1392.085315553588,2299.0780869676173,491.58926197916685,490.125841666667,109.84961109021305,0.0,0.0,0.0
PHASE 3B,135,217600,216,1860.511992367456,1392.085315553588,2299.0780869676173,491.58926197916685,490.12584166666704,109.84961109021305,0.4871428571428572,0.44785714285714284,0.0
PHASE 3B,136,219200,216,1860.511992367456,1392.085315553588,2299.0780869676173,491.58926197916685,490.12584166666704,109.84961109021305,0.46642857142857147,0.4907142857142858,0.0
PHASE 3B,137,220800,216,1860.511992367456,1392.085315553588,2299.0780869676173,491.58926197916685,490.12584166666704,109.84961109021305,0.5014285714285713,0.47928571428571437,0.0
PHASE 3B,138,222400,216,1860.511992367456,1392.085315553588,2299.0780869676173,491.58926197916685,490.12584166666704,109.84961109021305,0.4378571428571429,0.4271428571428572,0.0
PHASE 3B,139,224000,224,1869.9365924476035,1392.085315553588,2299.0780869676173,494.65538958333343,490.8668192708337,110.55179794918989,0.0,0.0,0.0
PHASE 3B,140,225600,224,1869.9365924476033,1392.085315553588,2299.0780869676173,494.6553895833336,490.86681927083356,110.55179794918989,0.46571428571428575,0.4664285714285715,0.0
PHASE 3B,141,227200,224,1869.9365924476033,1392.085315553588,2299.0780869676173,494.6553895833336,490.86681927083356,110.55179794918989,0.42928571428571427,0.4542857142857143,0.0
PHASE 3B,142,228800,224,1869.9365924476033,1392.085315553588,2299.0780869676173,494.6553895833336,490.86681927083356,110.55179794918989,0.42214285714285726,0.4435714285714286,0.0
PHASE 3B,143,230400,224,1869.9365924476033,1392.085315553588,2299.0780869676173,494.6553895833336,490.86681927083356,110.55179794918989,0.43071428571428577,0.45928571428571435,0.0
PHASE 3B,144,232000,232,1868.13999359978,1392.085315553588,2299.0780869676173,493.4693630208336,490.4684973958336,110.52526664789936,0.0,0.0,0.0
PHASE 3B,145,233600,232,1868.13999359978,1392.085315553588,2299.0780869676173,493.4693630208336,490.46849739583354,110.52526664789933,0.45071428571428573,0.46071428571428574,0.0
PHASE 3B,146,235200,232,1868.13999359978,1392.085315553588,2299.0780869676173,493.4693630208336,490.46849739583354,110.52526664789933,0.44571428571428573,0.485,0.0
PHASE 3B,147,236800,232,1868.13999359978,1392.085315553588,2299.0780869676173,493.4693630208336,490.46849739583354,110.52526664789933,0.4842857142857143,0.41642857142857137,0.0
PHASE 3B,148,238400,232,1868.13999359978,1392.085315553588,2299.0780869676173,493.4693630208336,490.46849739583354,110.52526664789933,0.4385714285714286,0.48285714285714293,0.0
PHASE 3B,149,240000,240,1855.8763448123648,1389.1821006266846,2299.0780869676173,492.0157906250003,484.0729390625002,109.97345189061818,0.0,0.0,0.0
PHASE 3B,150,241600,240,1855.8763448123643,1389.1821006266846,2299.0780869676173,492.01579062500025,484.0729390625003,109.9734518906182,0.42214285714285704,0.48285714285714293,0.0
PHASE 3B,151,243200,240,1855.8763448123643,1389.1821006266846,2299.0780869676173,492.01579062500025,484.0729390625003,109.9734518906182,0.44642857142857145,0.45285714285714296,0.0
PHASE 3B,152,244800,240,1855.8763448123643,1389.1821006266846,2299.0780869676173,492.01579062500025,484.0729390625003,109.9734518906182,0.4628571428571429,0.4342857142857143,0.0
PHASE 3B,153,246400,240,1855.8763448123643,1389.1821006266846,2299.0780869676173,492.01579062500025,484.0729390625003,109.9734518906182,0.4807142857142857,0.4828571428571428,0.0
PHASE 3B,154,248000,248,1853.328009358295,1389.1821006266846,2299.0780869676173,492.4723229166668,481.8591406250003,109.8745682270886,0.0,0.0,0.0
PHASE 3B,155,249600,248,1853.3280093582953,1389.1821006266846,2299.0780869676173,492.4723229166669,481.8591406250003,109.8745682270886,0.46285714285714297,0.47071428571428575,0.0
PHASE 3B,156,251200,248,1853.3280093582953,1389.1821006266846,2299.0780869676173,492.4723229166669,481.8591406250003,109.8745682270886,0.43,0.44642857142857145,0.0
PHASE 3B,157,252800,248,1853.3280093582953,1389.1821006266846,2299.0780869676173,492.4723229166669,481.8591406250003,109.8745682270886,0.45928571428571424,0.45500000000000007,0.0
PHASE 3B,158,254400,248,1853.3280093582953,1389.1821006266846,2299.0780869676173,492.4723229166669,481.8591406250003,109.8745682270886,0.42928571428571427,0.4035714285714286,0.0
PHASE 3B,159,256000,256,1868.0465055898358,1389.1821006266846,2299.0780869676173,493.0996473958336,487.8249906250003,110.8902334461355,0.0,0.0,0.0
PHASE 3B,160,257600,256,1868.0465055898362,1389.1821006266846,2299.0780869676173,493.0996473958336,487.8249906250002,110.8902334461355,0.48071428571428576,0.4114285714285715,0.0
PHASE 3B,161,259200,256,1868.0465055898362,1389.1821006266846,2299.0780869676173,493.0996473958336,487.8249906250002,110.8902334461355,0.4135714285714286,0.4885714285714286,0.0
PHASE 3B,162,260800,256,1868.0465055898362,1389.1821006266846,2299.0780869676173,493.0996473958336,487.8249906250002,110.8902334461355,0.49071428571428577,0.51,0.0
PHASE 3B,163,262400,256,1868.0465055898362,1389.1821006266846,2299.0780869676173,493.0996473958336,487.8249906250002,110.8902334461355,0.4378571428571429,0.4664285714285715,0.0
PHASE 3B,164,264000,264,1860.5429211503097,1198.8794744069296,2299.0780869676173,490.29151822916697,485.6163838541668,110.57937738338205,0.0,0.0,0.0
PHASE 3B,165,265600,264,1860.5429211503092,1198.8794744069296,2299.0780869676173,490.29151822916697,485.61638385416694,110.57937738338205,0.4142857142857143,0.45,0.0
PHASE 3B,166,267200,264,1860.5429211503092,1198.8794744069296,2299.0780869676173,490.29151822916697,485.61638385416694,110.57937738338205,0.45785714285714285,0.46642857142857136,0.0
PHASE 3B,167,268800,264,1860.5429211503092,1198.8794744069296,2299.0780869676173,490.29151822916697,485.61638385416694,110.57937738338205,0.38,0.4385714285714286,0.0
PHASE 3B,168,270400,264,1860.5429211503092,1198.8794744069296,2299.0780869676173,490.29151822916697,485.61638385416694,110.57937738338205,0.425,0.44714285714285723,0.0
PHASE 3B,169,272000,272,1854.0846231549742,1198.8794744069296,2299.0780869676173,486.39933802083374,485.3387578125003,110.29331591521513,0.0,0.0,0.0
PHASE 3B,170,273600,272,1854.084623154974,1198.8794744069296,2299.0780869676173,486.3993380208336,485.3387578125002,110.29331591521513,0.44214285714285717,0.4971428571428572,0.0
PHASE 3B,171,275200,272,1854.084623154974,1198.8794744069296,2299.0780869676173,486.3993380208336,485.3387578125002,110.29331591521513,0.49214285714285716,0.3857142857142858,0.0
PHASE 3B,172,276800,272,1854.084623154974,1198.8794744069296,2299.0780869676173,486.3993380208336,485.3387578125002,110.29331591521513,0.5185714285714287,0.4271428571428572,0.0
PHASE 3B,173,278400,272,1854.084623154974,1198.8794744069296,2299.0780869676173,486.3993380208336,485.3387578125002,110.29331591521513,0.4178571428571428,0.45857142857142863,0.0
PHASE 3B,174,280000,280,1860.084921201939,1198.8794744069296,2299.0780869676173,491.14062864583354,483.37053697916684,110.69671944712758,0.0,0.0,0.0
PHASE 3B,175,281600,280,1860.0849212019396,1198.8794744069296,2299.0780869676173,491.14062864583366,483.37053697916684,110.69671944712758,0.4207142857142858,0.49142857142857144,0.0
PHASE 3B,176,283200,280,1860.0849212019396,1198.8794744069296,2299.0780869676173,491.14062864583366,483.37053697916684,110.69671944712758,0.5142857142857143,0.42142857142857143,0.0
PHASE 3B,177,284800,280,1860.0849212019396,1198.8794744069296,2299.0780869676173,491.14062864583366,483.37053697916684,110.69671944712758,0.4764285714285714,0.41785714285714287,0.0
PHASE 3B,178,286400,280,1860.0849212019396,1198.8794744069296,2299.0780869676173,491.14062864583366,483.37053697916684,110.69671944712758,0.42214285714285715,0.4378571428571429,0.0
PHASE 3B,179,288000,288,1861.2496879865637,1198.8794744069296,2299.0780869676173,489.10914322916693,484.4524713541669,110.961009175414,0.0,0.0,0.0
PHASE 3B,180,289600,288,1861.2496879865637,1198.8794744069296,2299.0780869676173,489.10914322916693,484.45247135416685,110.961009175414,0.4578571428571429,0.4935714285714286,0.0
PHASE 3B,181,291200,288,1861.2496879865637,1198.8794744069296,2299.0780869676173,489.10914322916693,484.45247135416685,110.961009175414,0.4621428571428571,0.395,0.0
PHASE 3B,182,292800,288,1861.2496879865637,1198.8794744069296,2299.0780869676173,489.10914322916693,484.45247135416685,110.961009175414,0.4178571428571428,0.4164285714285715,0.0
PHASE 3B,183,294400,288,1861.2496879865637,1198.8794744069296,2299.0780869676173,489.10914322916693,484.45247135416685,110.961009175414,0.48357142857142865,0.365,0.0
PHASE 3B,184,296000,296,1869.1687838254134,1198.8794744069296,2299.0780869676173,489.06439635416695,487.3556083333335,111.59359739224958,0.0,0.0,0.0
PHASE 3B,185,297600,296,1869.168783825413,1198.8794744069296,2299.0780869676173,489.06439635416695,487.3556083333336,111.59359739224956,0.46285714285714297,0.43500000000000005,0.0
PHASE 3B,186,299200,296,1869.168783825413,1198.8794744069296,2299.0780869676173,489.06439635416695,487.3556083333336,111.59359739224956,0.375,0.4014285714285714,0.0
PHASE 3B,187,300800,296,1869.168783825413,1198.8794744069296,2299.0780869676173,489.06439635416695,487.3556083333336,111.59359739224956,0.42642857142857143,0.42428571428571427,0.0
PHASE 3B,188,302400,296,1869.168783825413,1198.8794744069296,2299.0780869676173,489.06439635416695,487.3556083333336,111.59359739224956,0.43428571428571433,0.4692857142857143,0.0
PHASE 3B,189,304000,304,1869.6652238050715,1198.8794744069296,2299.0780869676173,491.25437343750025,485.61851562500027,111.5990418428318,0.0,0.0,0.0
PHASE 3B,190,305600,304,1869.6652238050715,1198.8794744069296,2299.0780869676173,491.2543734375005,485.61851562500027,111.5990418428318,0.43285714285714294,0.4278571428571428,0.0
PHASE 3B,191,307200,304,1869.6652238050715,1198.8794744069296,2299.0780869676173,491.2543734375005,485.61851562500027,111.5990418428318,0.46142857142857147,0.46071428571428574,0.0
PHASE 3B,192,308800,304,1869.6652238050715,1198.8794744069296,2299.0780869676173,491.2543734375005,485.61851562500027,111.5990418428318,0.4535714285714286,0.39142857142857146,0.0
PHASE 3B,193,310400,304,1869.6652238050715,1198.8794744069296,2299.0780869676173,491.2543734375005,485.61851562500027,111.5990418428318,0.4264285714285715,0.4,0.0
PHASE 3B,194,312000,312,1876.790414730343,1198.8794744069296,2235.2345560567283,491.1631330729171,489.904013541667,111.96540851448052,0.0,0.0,0.0
PHASE 3B,195,313600,312,1876.790414730343,1198.8794744069296,2235.2345560567283,491.16313307291705,489.9040135416669,111.96540851448052,0.4185714285714286,0.37928571428571434,0.0
PHASE 3B,196,315200,312,1876.790414730343,1198.8794744069296,2235.2345560567283,491.16313307291705,489.9040135416669,111.96540851448052,0.4821428571428572,0.45928571428571435,0.0
PHASE 3B,197,316800,312,1876.790414730343,1198.8794744069296,2235.2345560567283,491.16313307291705,489.9040135416669,111.96540851448052,0.5007142857142858,0.36928571428571433,0.0
PHASE 3B,198,318400,312,1876.790414730343,1198.8794744069296,2235.2345560567283,491.16313307291705,489.9040135416669,111.96540851448052,0.4600000000000001,0.3992857142857143,0.0
PHASE 3B,199,320000,320,1881.3430410350622,1198.8794744069296,2235.2345560567283,492.0280677083337,491.6897593750003,112.20315174397675,0.0,0.0,0.0
PHASE 3B,200,321600,320,1881.3430410350627,1198.8794744069296,2235.2345560567283,492.0280677083336,491.68975937500034,112.20315174397676,0.42928571428571427,0.47857142857142865,0.0
PHASE 3B,201,323200,320,1881.3430410350627,1198.8794744069296,2235.2345560567283,492.0280677083336,491.68975937500034,112.20315174397676,0.5228571428571429,0.4114285714285715,0.0
PHASE 3B,202,324800,320,1881.3430410350627,1198.8794744069296,2235.2345560567283,492.0280677083336,491.68975937500034,112.20315174397676,0.4692857142857143,0.4685714285714286,0.0
PHASE 3B,203,326400,320,1881.3430410350627,1198.8794744069296,2235.2345560567283,492.0280677083336,491.68975937500034,112.20315174397676,0.4807142857142857,0.42214285714285715,0.0
PHASE 3B,204,328000,328,1887.1289650236874,1198.8794744069296,2235.2345560567283,491.33338541666694,495.63519479166695,112.52004810193,0.0,0.0,0.0
PHASE 3B,205,329600,328,1887.1289650236874,1198.8794744069296,2235.2345560567283,491.333385416667,495.635194791667,112.52004810193,0.4485714285714287,0.4642857142857143,0.0
PHASE 3B,206,331200,328,1887.1289650236874,1198.8794744069296,2235.2345560567283,491.333385416667,495.635194791667,112.52004810193,0.4435714285714285,0.475,0.0
PHASE 3B,207,332800,328,1887.1289650236874,1198.8794744069296,2235.2345560567283,491.333385416667,495.635194791667,112.52004810193,0.36571428571428577,0.4742857142857143,0.0
PHASE 3B,208,334400,328,1887.1289650236874,1198.8794744069296,2235.2345560567283,491.333385416667,495.635194791667,112.52004810193,0.3964285714285714,0.3707142857142857,0.0
PHASE 3B,209,336000,336,1890.0896000320113,1198.8794744069296,2235.2345560567283,492.8757218750003,494.5359562500003,112.83474023838706,0.0,0.0,0.0
PHASE 3B,210,337600,336,1890.0896000320113,1198.8794744069296,2235.2345560567283,492.8757218750003,494.5359562500003,112.83474023838706,0.5021428571428572,0.43357142857142855,0.0
PHASE 3B,211,339200,336,1890.0896000320113,1198.8794744069296,2235.2345560567283,492.8757218750003,494.5359562500003,112.83474023838706,0.43285714285714283,0.42142857142857143,0.0
PHASE 3B,212,340800,336,1890.0896000320113,1198.8794744069296,2235.2345560567283,492.8757218750003,494.5359562500003,112.83474023838706,0.4335714285714286,0.47928571428571437,0.0
PHASE 3B,213,342400,336,1890.0896000320113,1198.8794744069296,2235.2345560567283,492.8757218750003,494.5359562500003,112.83474023838706,0.4314285714285714,0.40714285714285714,0.0
PHASE 3B,214,344000,344,1904.2868248188222,1198.8794744069296,2235.2345560567283,494.6295687500003,500.5242979166669,113.64161976903024,0.0,0.0,0.0
PHASE 3B,215,345600,344,1904.2868248188224,1198.8794744069296,2235.2345560567283,494.6295687500004,500.5242979166669,113.64161976903026,0.4642857142857143,0.4535714285714286,0.0
PHASE 3B,216,347200,344,1904.2868248188224,1198.8794744069296,2235.2345560567283,494.6295687500004,500.5242979166669,113.64161976903026,0.41142857142857137,0.45928571428571424,0.0
PHASE 3B,217,348800,344,1904.2868248188224,1198.8794744069296,2235.2345560567283,494.6295687500004,500.5242979166669,113.64161976903026,0.45428571428571435,0.45,0.0
PHASE 3B,218,350400,344,1904.2868248188224,1198.8794744069296,2235.2345560567283,494.6295687500004,500.5242979166669,113.64161976903026,0.4192857142857143,0.44071428571428567,0.0
PHASE 3B,219,352000,352,1906.615865229832,1198.8794744069296,2271.815626263445,494.7282375000003,502.1773567708336,113.71378386988559,0.0,0.0,0.0
PHASE 3B,220,353600,352,1906.6158652298318,1198.8794744069296,2271.815626263445,494.7282375000004,502.17735677083357,113.71378386988559,0.5007142857142858,0.45428571428571435,0.0
PHASE 3B,221,355200,352,1906.6158652298318,1198.8794744069296,2271.815626263445,494.7282375000004,502.17735677083357,113.71378386988559,0.4307142857142857,0.42714285714285716,0.0
PHASE 3B,222,356800,352,1906.6158652298318,1198.8794744069296,2271.815626263445,494.7282375000004,502.17735677083357,113.71378386988559,0.43785714285714283,0.4235714285714286,0.0
PHASE 3B,223,358400,352,1906.6158652298318,1198.8794744069296,2271.815626263445,494.7282375000004,502.17735677083357,113.71378386988559,0.44785714285714284,0.5035714285714286,0.0
PHASE 3B,224,360000,360,1910.6307826696734,1198.8794744069296,2271.815626263445,496.71085000000045,502.31366927083366,113.95078292486588,0.0,0.0,0.0
PHASE 3B,225,361600,360,1910.6307826696739,1198.8794744069296,2271.815626263445,496.71085000000033,502.31366927083354,113.95078292486589,0.4121428571428572,0.4578571428571429,0.0
PHASE 3B,226,363200,360,1910.6307826696739,1198.8794744069296,2271.815626263445,496.71085000000033,502.31366927083354,113.95078292486589,0.46571428571428575,0.5185714285714286,0.0
PHASE 3B,227,364800,360,1910.6307826696739,1198.8794744069296,2271.815626263445,496.71085000000033,502.31366927083354,113.95078292486589,0.44642857142857145,0.42214285714285715,0.0
PHASE 3B,228,366400,360,1910.6307826696739,1198.8794744069296,2271.815626263445,496.71085000000033,502.31366927083354,113.95078292486589,0.4178571428571428,0.42642857142857143,0.0
PHASE 3B,229,368000,368,1928.1432340980768,1522.7165845914406,2332.9018702979106,500.74083750000034,508.0436494791669,114.91984338987463,0.0,0.0,0.0
PHASE 3B,230,369600,368,1928.1432340980768,1522.7165845914406,2332.9018702979106,500.7408375000003,508.043649479167,114.91984338987463,0.46071428571428574,0.42142857142857154,0.0
PHASE 3B,231,371200,368,1928.1432340980768,1522.7165845914406,2332.9018702979106,500.7408375000003,508.043649479167,114.91984338987463,0.4514285714285715,0.43285714285714294,0.0
PHASE 3B,232,372800,368,1928.1432340980768,1522.7165845914406,2332.9018702979106,500.7408375000003,508.043649479167,114.91984338987463,0.38428571428571434,0.4521428571428571,0.0
PHASE 3B,233,374400,368,1928.1432340980768,1522.7165845914406,2332.9018702979106,500.7408375000003,508.043649479167,114.91984338987463,0.42000000000000004,0.4714285714285714,0.0
PHASE 3B,234,376000,376,1927.117002145679,1522.7165845914406,2332.9018702979106,501.95416770833356,506.3155390625004,114.85591192186642,0.0,0.0,0.0
PHASE 3B,235,377600,376,1927.1170021456785,1522.7165845914406,2332.9018702979106,501.9541677083336,506.3155390625003,114.85591192186642,0.4471428571428572,0.4050000000000001,0.0
PHASE 3B,236,379200,376,1927.1170021456785,1522.7165845914406,2332.9018702979106,501.9541677083336,506.3155390625003,114.85591192186642,0.4978571428571429,0.46071428571428585,0.0
PHASE 3B,237,380800,376,1927.1170021456785,1522.7165845914406,2332.9018702979106,501.9541677083336,506.3155390625003,114.85591192186642,0.47357142857142864,0.47714285714285715,0.0
PHASE 3B,238,382400,376,1927.1170021456785,1522.7165845914406,2332.9018702979106,501.9541677083336,506.3155390625003,114.85591192186642,0.4250000000000001,0.4514285714285714,0.0
PHASE 3B,239,384000,384,1911.0664680270672,1293.0347781569915,2332.9018702979106,496.80904895833356,502.8063817708337,113.93137966224815,0.0,0.0,0.0
PHASE 3B,240,385600,384,1911.0664680270672,1293.0347781569915,2332.9018702979106,496.8090489583337,502.80638177083364,113.93137966224815,0.43500000000000005,0.44642857142857145,0.0
PHASE 3B,241,387200,384,1911.0664680270672,1293.0347781569915,2332.9018702979106,496.8090489583337,502.80638177083364,113.93137966224815,0.4492857142857143,0.40357142857142864,0.0
PHASE 3B,242,388800,384,1911.0664680270672,1293.0347781569915,2332.9018702979106,496.8090489583337,502.80638177083364,113.93137966224815,0.4671428571428572,0.45,0.0
PHASE 3B,243,390400,384,1911.0664680270672,1293.0347781569915,2332.9018702979106,496.8090489583337,502.80638177083364,113.93137966224815,0.4028571428571429,0.5028571428571429,0.0
PHASE 3B,244,392000,392,1917.8405309469913,1293.0347781569915,2332.9018702979106,502.63673385416695,501.9867148437504,114.15213528114502,0.0,0.0,0.0
PHASE 3B,245,393600,392,1917.8405309469917,1293.0347781569915,2332.9018702979106,502.6367338541671,501.9867148437503,114.15213528114502,0.5171428571428571,0.4671428571428572,0.0
PHASE 3B,246,395200,392,1917.8405309469917,1293.0347781569915,2332.9018702979106,502.6367338541671,501.9867148437503,114.15213528114502,0.47714285714285715,0.42000000000000004,0.0
PHASE 3B,247,396800,392,1917.8405309469917,1293.0347781569915,2332.9018702979106,502.6367338541671,501.9867148437503,114.15213528114502,0.4764285714285714,0.4992857142857144,0.0
PHASE 3B,248,398400,392,1917.8405309469917,1293.0347781569915,2332.9018702979106,502.6367338541671,501.9867148437503,114.15213528114502,0.39357142857142857,0.47000000000000003,0.0
PHASE 3B,249,400000,400,1924.1309904403229,1293.0347781569915,2332.9018702979106,503.1999557291671,505.4007679687503,114.44128334281139,0.0,0.0,0.0
PHASE 3B,250,401600,400,1924.1309904403222,1293.0347781569915,2332.9018702979106,503.1999557291669,505.4007679687503,114.44128334281136,0.43285714285714294,0.4242857142857142,0.0
PHASE 3B,251,403200,400,1924.1309904403222,1293.0347781569915,2332.9018702979106,503.1999557291669,505.4007679687503,114.44128334281136,0.49071428571428577,0.4957142857142857,0.0
PHASE 3B,252,404800,400,1924.1309904403222,1293.0347781569915,2332.9018702979106,503.1999557291669,505.4007679687503,114.44128334281136,0.4864285714285715,0.45285714285714296,0.0
PHASE 3B,253,406400,400,1924.1309904403222,1293.0347781569915,2332.9018702979106,503.1999557291669,505.4007679687503,114.44128334281136,0.4385714285714286,0.4607142857142857,0.0
PHASE 3B,254,408000,408,1917.1888710094977,1293.0347781569915,2332.9018702979106,503.35880052083354,500.98203255208364,114.10600474208324,0.0,0.0,0.0
PHASE 3B,255,409600,408,1917.1888710094981,1293.0347781569915,2332.9018702979106,503.3588005208336,500.98203255208364,114.10600474208324,0.4935714285714286,0.42357142857142865,0.0
PHASE 3B,256,411200,408,1917.1888710094981,1293.0347781569915,2332.9018702979106,503.3588005208336,500.98203255208364,114.10600474208324,0.4828571428571428,0.4999999999999999,0.0
PHASE 3B,257,412800,408,1917.1888710094981,1293.0347781569915,2332.9018702979106,503.3588005208336,500.98203255208364,114.10600474208324,0.44214285714285717,0.4514285714285715,0.0
PHASE 3B,258,414400,408,1917.1888710094981,1293.0347781569915,2332.9018702979106,503.3588005208336,500.98203255208364,114.10600474208324,0.5028571428571429,0.35714285714285715,0.0
PHASE 3B,259,416000,416,1911.3797082073072,1293.0347781569915,2332.9018702979106,499.9420098958336,500.8313700520837,113.82579103243447,0.0,0.0,0.0
PHASE 3B,260,417600,416,1911.3797082073079,1293.0347781569915,2332.9018702979106,499.9420098958336,500.83137005208357,113.82579103243448,0.4628571428571429,0.39714285714285713,0.0
PHASE 3B,261,419200,416,1911.3797082073079,1293.0347781569915,2332.9018702979106,499.9420098958336,500.83137005208357,113.82579103243448,0.44785714285714284,0.4685714285714286,0.0
PHASE 3B,262,420800,416,1911.3797082073079,1293.0347781569915,2332.9018702979106,499.9420098958336,500.83137005208357,113.82579103243448,0.4257142857142857,0.4628571428571429,0.0
PHASE 3B,263,422400,416,1911.3797082073079,1293.0347781569915,2332.9018702979106,499.9420098958336,500.83137005208357,113.82579103243448,0.46642857142857147,0.4521428571428571,0.0
PHASE 3B,264,424000,424,1905.5137753938895,1293.0347781569915,2332.9018702979106,499.45881510416694,497.865406510417,113.52369422242393,0.0,0.0,0.0
PHASE 3B,265,425600,424,1905.5137753938889,1293.0347781569915,2332.9018702979106,499.458815104167,497.865406510417,113.52369422242393,0.3985714285714286,0.43428571428571433,0.0
PHASE 3B,266,427200,424,1905.5137753938889,1293.0347781569915,2332.9018702979106,499.458815104167,497.865406510417,113.52369422242393,0.43499999999999994,0.4521428571428571,0.0
PHASE 3B,267,428800,424,1905.5137753938889,1293.0347781569915,2332.9018702979106,499.458815104167,497.865406510417,113.52369422242393,0.43714285714285717,0.46642857142857147,0.0
PHASE 3B,268,430400,424,1905.5137753938889,1293.0347781569915,2332.9018702979106,499.458815104167,497.865406510417,113.52369422242393,0.49357142857142866,0.36499999999999994,0.0
PHASE 3B,269,432000,432,1902.9503389214678,1293.0347781569915,2332.9018702979106,499.4335609375003,497.4952888020836,113.25268614774615,0.0,0.0,0.0
PHASE 3B,270,433600,432,1902.950338921468,1293.0347781569915,2332.9018702979106,499.4335609375003,497.4952888020837,113.25268614774615,0.44499999999999995,0.40285714285714286,0.0
PHASE 3B,271,435200,432,1902.950338921468,1293.0347781569915,2332.9018702979106,499.4335609375003,497.4952888020837,113.25268614774615,0.5114285714285715,0.4771428571428572,0.0
PHASE 3B,272,436800,432,1902.950338921468,1293.0347781569915,2332.9018702979106,499.4335609375003,497.4952888020837,113.25268614774615,0.4257142857142858,0.4192857142857143,0.0
PHASE 3B,273,438400,432,1902.950338921468,1293.0347781569915,2332.9018702979106,499.4335609375003,497.4952888020837,113.25268614774615,0.42142857142857143,0.46142857142857147,0.0
PHASE 3B,274,440000,440,1904.533047625503,1293.0347781569915,2332.9018702979106,498.28015677083357,498.73616380208364,113.43959088158395,0.0,0.0,0.0
PHASE 3B,275,441600,440,1904.533047625503,1293.0347781569915,2332.9018702979106,498.28015677083357,498.73616380208364,113.43959088158397,0.44857142857142857,0.4292857142857144,0.0
PHASE 3B,276,443200,440,1904.533047625503,1293.0347781569915,2332.9018702979106,498.28015677083357,498.73616380208364,113.43959088158397,0.45285714285714285,0.45214285714285724,0.0
PHASE 3B,277,444800,440,1904.533047625503,1293.0347781569915,2332.9018702979106,498.28015677083357,498.73616380208364,113.43959088158397,0.47285714285714275,0.43071428571428577,0.0
PHASE 3B,278,446400,440,1904.533047625503,1293.0347781569915,2332.9018702979106,498.28015677083357,498.73616380208364,113.43959088158397,0.41071428571428575,0.4514285714285714,0.0
PHASE 3B,279,448000,448,1894.7561802186078,1293.0347781569915,2332.9018702979106,495.99634322916694,496.4569940104169,112.78785537238888,0.0,0.0,0.0
PHASE 3B,280,449600,448,1894.756180218608,1293.0347781569915,2332.9018702979106,495.99634322916694,496.45699401041696,112.78785537238888,0.465,0.39,0.0
PHASE 3B,281,451200,448,1894.756180218608,1293.0347781569915,2332.9018702979106,495.99634322916694,496.45699401041696,112.78785537238888,0.4142857142857143,0.5000000000000001,0.0
PHASE 3B,282,452800,448,1894.756180218608,1293.0347781569915,2332.9018702979106,495.99634322916694,496.45699401041696,112.78785537238888,0.4292857142857144,0.4185714285714286,0.0
PHASE 3B,283,454400,448,1894.756180218608,1293.0347781569915,2332.9018702979106,495.99634322916694,496.45699401041696,112.78785537238888,0.517857142857143,0.35000000000000003,0.0
PHASE 3B,284,456000,456,1888.63907982306,1293.0347781569915,2332.9018702979106,493.028871354167,496.0559763020836,112.44427902086207,0.0,0.0,0.0
PHASE 3B,285,457600,456,1888.6390798230602,1293.0347781569915,2332.9018702979106,493.028871354167,496.05597630208354,112.44427902086208,0.4621428571428572,0.4178571428571428,0.0
PHASE 3B,286,459200,456,1888.6390798230602,1293.0347781569915,2332.9018702979106,493.028871354167,496.05597630208354,112.44427902086208,0.4178571428571428,0.42928571428571427,0.0
PHASE 3B,287,460800,456,1888.6390798230602,1293.0347781569915,2332.9018702979106,493.028871354167,496.05597630208354,112.44427902086208,0.41785714285714287,0.4900000000000001,0.0
PHASE 3B,288,462400,456,1888.6390798230602,1293.0347781569915,2332.9018702979106,493.028871354167,496.05597630208354,112.44427902086208,0.4471428571428572,0.4235714285714286,0.0
PHASE 3B,289,464000,464,1904.1186585830212,1293.0347781569915,2382.9806563700013,494.20289739583365,502.97810651041686,113.36720683460732,0.0,0.0,0.0
PHASE 3B,290,465600,464,1904.1186585830217,1293.0347781569915,2382.9806563700013,494.20289739583365,502.97810651041686,113.36720683460732,0.4364285714285715,0.4207142857142857,0.0
PHASE 3B,291,467200,464,1904.1186585830217,1293.0347781569915,2382.9806563700013,494.20289739583365,502.97810651041686,113.36720683460732,0.4600000000000001,0.4935714285714285,0.0
PHASE 3B,292,468800,464,1904.1186585830217,1293.0347781569915,2382.9806563700013,494.20289739583365,502.97810651041686,113.36720683460732,0.4564285714285714,0.45214285714285724,0.0
PHASE 3B,293,470400,464,1904.1186585830217,1293.0347781569915,2382.9806563700013,494.20289739583365,502.97810651041686,113.36720683460732,0.5235714285714286,0.4750000000000001,0.0
PHASE 3B,294,472000,472,1914.5172626958476,1293.0347781569915,2382.9806563700013,495.87234479166705,506.80633880208353,113.9798223877733,0.0,0.0,0.0
PHASE 3B,295,473600,472,1914.5172626958476,1293.0347781569915,2382.9806563700013,495.872344791667,506.80633880208353,113.97982238777327,0.495,0.4885714285714286,0.0
PHASE 3B,296,475200,472,1914.5172626958476,1293.0347781569915,2382.9806563700013,495.872344791667,506.80633880208353,113.97982238777327,0.4471428571428572,0.4992857142857143,0.0
PHASE 3B,297,476800,472,1914.5172626958476,1293.0347781569915,2382.9806563700013,495.872344791667,506.80633880208353,113.97982238777327,0.4121428571428572,0.4564285714285714,0.0
PHASE 3B,298,478400,472,1914.5172626958476,1293.0347781569915,2382.9806563700013,495.872344791667,506.80633880208353,113.97982238777327,0.4714285714285714,0.4878571428571429,0.0
PHASE 3B,299,480000,480,1928.449028614127,1293.0347781569915,2382.9806563700013,499.8968020833336,510.8869221354169,114.70816304943331,0.0,0.0,0.0
PHASE 3B,300,481600,480,1928.449028614127,1293.0347781569915,2382.9806563700013,499.8968020833337,510.8869221354169,114.70816304943331,0.3928571428571429,0.39642857142857146,0.0
PHASE 3B,301,483200,480,1928.449028614127,1293.0347781569915,2382.9806563700013,499.8968020833337,510.8869221354169,114.70816304943331,0.4164285714285715,0.47785714285714287,0.0
PHASE 3B,302,484800,480,1928.449028614127,1293.0347781569915,2382.9806563700013,499.8968020833337,510.8869221354169,114.70816304943331,0.46357142857142863,0.48,0.0
PHASE 3B,303,486400,480,1928.449028614127,1293.0347781569915,2382.9806563700013,499.8968020833337,510.8869221354169,114.70816304943331,0.42857142857142855,0.4885714285714286,0.0
PHASE 3B,304,488000,488,1929.0226450786254,1437.9532466064315,2382.9806563700013,500.98410260416694,509.1176020833336,114.86511754890176,0.0,0.0,0.0
PHASE 3B,305,489600,488,1929.0226450786251,1437.9532466064315,2382.9806563700013,500.984102604167,509.11760208333357,114.86511754890178,0.4442857142857143,0.4621428571428572,0.0
PHASE 3B,306,491200,488,1929.0226450786251,1437.9532466064315,2382.9806563700013,500.984102604167,509.11760208333357,114.86511754890178,0.45785714285714285,0.425,0.0
PHASE 3B,307,492800,488,1929.0226450786251,1437.9532466064315,2382.9806563700013,500.984102604167,509.11760208333357,114.86511754890178,0.5064285714285715,0.47000000000000003,0.0
PHASE 3B,308,494400,488,1929.0226450786251,1437.9532466064315,2382.9806563700013,500.984102604167,509.11760208333357,114.86511754890178,0.4578571428571429,0.44000000000000006,0.0
PHASE 3B,309,496000,496,1918.4989426115064,1437.9532466064315,2382.9806563700013,496.88901927083367,507.0909322916669,114.31487388113696,0.0,0.0,0.0
PHASE 3B,310,497600,496,1918.498942611507,1437.9532466064315,2382.9806563700013,496.88901927083367,507.0909322916669,114.31487388113696,0.4571428571428572,0.42857142857142855,0.0
PHASE 3B,311,499200,496,1918.498942611507,1437.9532466064315,2382.9806563700013,496.88901927083367,507.0909322916669,114.31487388113696,0.45,0.5528571428571429,0.0
PHASE 3B,312,500800,496,1918.498942611507,1437.9532466064315,2382.9806563700013,496.88901927083367,507.0909322916669,114.31487388113696,0.4464285714285715,0.4864285714285715,0.0
PHASE 3B,313,502400,496,1918.498942611507,1437.9532466064315,2382.9806563700013,496.88901927083367,507.0909322916669,114.31487388113696,0.4571428571428572,0.4821428571428572,0.0
PHASE 3B,314,504000,504,1910.0470044835445,1437.9532466064315,2382.9806563700013,493.31807239583367,505.85228645833354,113.8595807036834,0.0,0.0,0.0
PHASE 3B,315,505600,504,1910.0470044835445,1437.9532466064315,2382.9806563700013,493.31807239583367,505.8522864583336,113.8595807036834,0.43928571428571433,0.3992857142857143,0.0
PHASE 3B,316,507200,504,1910.0470044835445,1437.9532466064315,2382.9806563700013,493.31807239583367,505.8522864583336,113.8595807036834,0.42928571428571427,0.4378571428571429,0.0
PHASE 3B,317,508800,504,1910.0470044835445,1437.9532466064315,2382.9806563700013,493.31807239583367,505.8522864583336,113.8595807036834,0.5285714285714286,0.3985714285714286,0.0
PHASE 3B,318,510400,504,1910.0470044835445,1437.9532466064315,2382.9806563700013,493.31807239583367,505.8522864583336,113.8595807036834,0.48285714285714293,0.48428571428571426,0.0
PHASE 3B,319,512000,512,1923.3744820981447,1486.9944024137426,2382.9806563700013,500.26761822916706,505.58230937500025,114.69056931175845,0.0,0.0,0.0
PHASE 3B,320,513600,512,1923.374482098144,1486.9944024137426,2382.9806563700013,500.267618229167,505.5823093750002,114.69056931175842,0.4271428571428572,0.4764285714285714,0.0
PHASE 3B,321,515200,512,1923.374482098144,1486.9944024137426,2382.9806563700013,500.267618229167,505.5823093750002,114.69056931175842,0.4135714285714286,0.3821428571428572,0.0
PHASE 3B,322,516800,512,1923.374482098144,1486.9944024137426,2382.9806563700013,500.267618229167,505.5823093750002,114.69056931175842,0.44499999999999995,0.4271428571428572,0.0
PHASE 3B,323,518400,512,1923.374482098144,1486.9944024137426,2382.9806563700013,500.267618229167,505.5823093750002,114.69056931175842,0.4492857142857143,0.4800000000000001,0.0
PHASE 3B,324,520000,520,1925.0485922808157,1472.871397336738,2382.9806563700013,504.3371598958336,503.2153270833336,114.68701316271739,0.0,0.0,0.0
PHASE 3B,325,521600,520,1925.048592280816,1472.871397336738,2382.9806563700013,504.3371598958336,503.2153270833336,114.68701316271739,0.43,0.445,0.0
PHASE 3B,326,523200,520,1925.048592280816,1472.871397336738,2382.9806563700013,504.3371598958336,503.2153270833336,114.68701316271739,0.48142857142857143,0.36928571428571433,0.0
PHASE 3B,327,524800,520,1925.048592280816,1472.871397336738,2382.9806563700013,504.3371598958336,503.2153270833336,114.68701316271739,0.4235714285714286,0.42428571428571427,0.0
PHASE 3B,328,526400,520,1925.048592280816,1472.871397336738,2382.9806563700013,504.3371598958336,503.2153270833336,114.68701316271739,0.4128571428571429,0.4342857142857143,0.0
PHASE 3B,329,528000,528,1922.8181264108653,1472.871397336738,2382.9806563700013,504.1537804687503,502.35658125000026,114.53847058652556,0.0,0.0,0.0
PHASE 3B,330,529600,528,1922.8181264108655,1472.871397336738,2382.9806563700013,504.1537804687503,502.3565812500003,114.53847058652556,0.4992857142857143,0.4692857142857143,0.0
PHASE 3B,331,531200,528,1922.8181264108655,1472.871397336738,2382.9806563700013,504.1537804687503,502.3565812500003,114.53847058652556,0.43714285714285717,0.49142857142857144,0.0
PHASE 3B,332,532800,528,1922.8181264108655,1472.871397336738,2382.9806563700013,504.1537804687503,502.3565812500003,114.53847058652556,0.45071428571428573,0.44214285714285717,0.0
PHASE 3B,333,534400,528,1922.8181264108655,1472.871397336738,2382.9806563700013,504.1537804687503,502.3565812500003,114.53847058652556,0.4292857142857144,0.39499999999999996,0.0
PHASE 3B,334,536000,536,1920.7019629005385,1408.732988330858,2404.551544447583,503.435690885417,502.3603562500003,114.36323947065148,0.0,0.0,0.0
PHASE 3B,335,537600,536,1920.7019629005385,1408.732988330858,2404.551544447583,503.435690885417,502.36035625000034,114.36323947065148,0.45071428571428573,0.45,0.0
PHASE 3B,336,539200,536,1920.7019629005385,1408.732988330858,2404.551544447583,503.435690885417,502.36035625000034,114.36323947065148,0.4185714285714286,0.4757142857142857,0.0
PHASE 3B,337,540800,536,1920.7019629005385,1408.732988330858,2404.551544447583,503.435690885417,502.36035625000034,114.36323947065148,0.4378571428571429,0.3957142857142858,0.0
PHASE 3B,338,542400,536,1920.7019629005385,1408.732988330858,2404.551544447583,503.435690885417,502.36035625000034,114.36323947065148,0.4757142857142857,0.4207142857142857,0.0
PHASE 3B,339,544000,544,1909.8474631732824,1408.732988330858,2404.551544447583,506.42720546875034,492.1947843750004,113.90318416620273,0.0,0.0,0.0
PHASE 3B,340,545600,544,1909.8474631732824,1408.732988330858,2404.551544447583,506.42720546875034,492.1947843750003,113.90318416620273,0.3685714285714286,0.45499999999999996,0.0
PHASE 3B,341,547200,544,1909.8474631732824,1408.732988330858,2404.551544447583,506.42720546875034,492.1947843750003,113.90318416620273,0.35071428571428576,0.46642857142857147,0.0
PHASE 3B,342,548800,544,1909.8474631732824,1408.732988330858,2404.551544447583,506.42720546875034,492.1947843750003,113.90318416620273,0.44142857142857145,0.4142857142857143,0.0
PHASE 3B,343,550400,544,1909.8474631732824,1408.732988330858,2404.551544447583,506.42720546875034,492.1947843750003,113.90318416620273,0.4471428571428572,0.4800000000000001,0.0
PHASE 3B,344,552000,552,1907.354089091004,1408.732988330858,2404.551544447583,505.3220919270836,490.64771354166703,113.92303545279299,0.0,0.0,0.0
PHASE 3B,345,553600,552,1907.3540890910047,1408.732988330858,2404.551544447583,505.3220919270836,490.647713541667,113.92303545279299,0.4142857142857143,0.4557142857142858,0.0
PHASE 3B,346,555200,552,1907.3540890910047,1408.732988330858,2404.551544447583,505.3220919270836,490.647713541667,113.92303545279299,0.4435714285714285,0.4628571428571428,0.0
PHASE 3B,347,556800,552,1907.3540890910047,1408.732988330858,2404.551544447583,505.3220919270836,490.647713541667,113.92303545279299,0.43357142857142855,0.45714285714285713,0.0
PHASE 3B,348,558400,552,1907.3540890910047,1408.732988330858,2404.551544447583,505.3220919270836,490.647713541667,113.92303545279299,0.4435714285714286,0.4071428571428572,0.0
PHASE 3B,349,560000,560,1899.2461984333245,1342.2915039576594,2404.551544447583,504.75329921875027,486.07638671875037,113.55206406198923,0.0,0.0,0.0
PHASE 3B,350,561600,560,1899.2461984333243,1342.2915039576594,2404.551544447583,504.7532992187504,486.0763867187503,113.55206406198923,0.3392857142857143,0.45285714285714285,0.0
PHASE 3B,351,563200,560,1899.2461984333243,1342.2915039576594,2404.551544447583,504.7532992187504,486.0763867187503,113.55206406198923,0.4635714285714287,0.3992857142857143,0.0
PHASE 3B,352,564800,560,1899.2461984333243,1342.2915039576594,2404.551544447583,504.7532992187504,486.0763867187503,113.55206406198923,0.46714285714285725,0.42714285714285716,0.0
PHASE 3B,353,566400,560,1899.2461984333243,1342.2915039576594,2404.551544447583,504.7532992187504,486.0763867187503,113.55206406198923,0.47785714285714287,0.38142857142857145,0.0
PHASE 3B,354,568000,568,1867.9821115011418,1342.2915039576594,2404.551544447583,495.9681809895837,477.4886664062503,111.81565801317458,0.0,0.0,0.0
PHASE 3B,355,569600,568,1867.9821115011418,1342.2915039576594,2404.551544447583,495.9681809895837,477.4886664062503,111.81565801317458,0.40928571428571436,0.4364285714285715,0.0
PHASE 3B,356,571200,568,1867.9821115011418,1342.2915039576594,2404.551544447583,495.9681809895837,477.4886664062503,111.81565801317458,0.4685714285714285,0.47785714285714287,0.0
PHASE 3B,357,572800,568,1867.9821115011418,1342.2915039576594,2404.551544447583,495.9681809895837,477.4886664062503,111.81565801317458,0.37785714285714284,0.43500000000000005,0.0
PHASE 3B,358,574400,568,1867.9821115011418,1342.2915039576594,2404.551544447583,495.9681809895837,477.4886664062503,111.81565801317458,0.4257142857142857,0.4557142857142858,0.0
PHASE 3B,359,576000,576,1855.3199991070876,1342.2915039576594,2404.551544447583,492.1896351562503,474.61645807291694,111.06423823475099,0.0,0.0,0.0
PHASE 3B,360,577600,576,1855.319999107087,1342.2915039576594,2404.551544447583,492.18963515625023,474.6164580729171,111.06423823475099,0.45785714285714285,0.45,0.0
PHASE 3B,361,579200,576,1855.319999107087,1342.2915039576594,2404.551544447583,492.18963515625023,474.6164580729171,111.06423823475099,0.4128571428571429,0.4571428571428572,0.0
PHASE 3B,362,580800,576,1855.319999107087,1342.2915039576594,2404.551544447583,492.18963515625023,474.6164580729171,111.06423823475099,0.37642857142857145,0.4164285714285715,0.0
PHASE 3B,363,582400,576,1855.319999107087,1342.2915039576594,2404.551544447583,492.18963515625023,474.6164580729171,111.06423823475099,0.4135714285714286,0.45928571428571424,0.0
PHASE 3B,364,584000,584,1853.8606918572023,1342.2915039576594,2404.551544447583,490.76066536458364,475.5908809895837,110.93864318789052,0.0,0.0,0.0
PHASE 3B,365,585600,584,1853.8606918572023,1342.2915039576594,2404.551544447583,490.76066536458364,475.5908809895837,110.93864318789052,0.4228571428571429,0.42642857142857143,0.0
PHASE 3B,366,587200,584,1853.8606918572023,1342.2915039576594,2404.551544447583,490.76066536458364,475.5908809895837,110.93864318789052,0.3814285714285715,0.38928571428571423,0.0
PHASE 3B,367,588800,584,1853.8606918572023,1342.2915039576594,2404.551544447583,490.76066536458364,475.5908809895837,110.93864318789052,0.43285714285714283,0.48571428571428577,0.0
PHASE 3B,368,590400,584,1853.8606918572023,1342.2915039576594,2404.551544447583,490.76066536458364,475.5908809895837,110.93864318789052,0.35642857142857143,0.45142857142857135,0.0
PHASE 3B,369,592000,592,1858.9977910253426,1342.2915039576594,2404.551544447583,492.32272994791697,477.462008072917,111.15163162557474,0.0,0.0,0.0
PHASE 3B,370,593600,592,1858.9977910253426,1342.2915039576594,2404.551544447583,492.32272994791697,477.462008072917,111.15163162557474,0.4621428571428571,0.35928571428571426,0.0
PHASE 3B,371,595200,592,1858.9977910253426,1342.2915039576594,2404.551544447583,492.32272994791697,477.462008072917,111.15163162557474,0.4435714285714286,0.45214285714285724,0.0
PHASE 3B,372,596800,592,1858.9977910253426,1342.2915039576594,2404.551544447583,492.32272994791697,477.462008072917,111.15163162557474,0.4321428571428572,0.4757142857142857,0.0
PHASE 3B,373,598400,592,1858.9977910253426,1342.2915039576594,2404.551544447583,492.32272994791697,477.462008072917,111.15163162557474,0.4771428571428572,0.45000000000000007,0.0
PHASE 3B,374,600000,600,1845.9128445467454,1342.2915039576594,2404.551544447583,483.08733515625033,479.5838914062504,110.40520224804168,0.0,0.0,0.0
PHASE 3B,375,601600,600,1845.9128445467454,1342.2915039576594,2404.551544447583,483.0873351562503,479.58389140625036,110.40520224804168,0.4035714285714286,0.4471428571428572,0.0
PHASE 3B,376,603200,600,1845.9128445467454,1342.2915039576594,2404.551544447583,483.0873351562503,479.58389140625036,110.40520224804168,0.4514285714285715,0.4700000000000001,0.0
PHASE 3B,377,604800,600,1845.9128445467454,1342.2915039576594,2404.551544447583,483.0873351562503,479.58389140625036,110.40520224804168,0.4235714285714286,0.4671428571428572,0.0
PHASE 3B,378,606400,600,1845.9128445467454,1342.2915039576594,2404.551544447583,483.0873351562503,479.58389140625036,110.40520224804168,0.4385714285714286,0.3757142857142857,0.0
PHASE 3B,379,608000,608,1845.0869090887215,1342.2915039576594,2404.551544447583,482.2874653645836,479.6343445312504,110.39563739912195,0.0,0.0,0.0
PHASE 3B,380,609600,608,1845.086909088721,1342.2915039576594,2404.551544447583,482.2874653645837,479.63434453125024,110.39563739912195,0.4428571428571429,0.4735714285714286,0.0
PHASE 3B,381,611200,608,1845.086909088721,1342.2915039576594,2404.551544447583,482.2874653645837,479.63434453125024,110.39563739912195,0.44214285714285717,0.4207142857142857,0.0
PHASE 3B,382,612800,608,1845.086909088721,1342.2915039576594,2404.551544447583,482.2874653645837,479.63434453125024,110.39563739912195,0.4714285714285714,0.4957142857142857,0.0
PHASE 3B,383,614400,608,1845.086909088721,1342.2915039576594,2404.551544447583,482.2874653645837,479.63434453125024,110.39563739912195,0.47714285714285715,0.4321428571428571,0.0
PHASE 3B,384,616000,616,1846.2225802203288,1342.2915039576594,2404.551544447583,479.26315442708363,484.2331747395836,110.34078138171866,0.0,0.0,0.0
PHASE 3B,385,617600,616,1846.2225802203288,1342.2915039576594,2404.551544447583,479.26315442708363,484.2331747395836,110.34078138171868,0.40428571428571425,0.4800000000000001,0.0
PHASE 3B,386,619200,616,1846.2225802203288,1342.2915039576594,2404.551544447583,479.26315442708363,484.2331747395836,110.34078138171868,0.43571428571428567,0.4371428571428571,0.0
PHASE 3B,387,620800,616,1846.2225802203288,1342.2915039576594,2404.551544447583,479.26315442708363,484.2331747395836,110.34078138171868,0.41000000000000003,0.40357142857142864,0.0
PHASE 3B,388,622400,616,1846.2225802203288,1342.2915039576594,2404.551544447583,479.26315442708363,484.2331747395836,110.34078138171868,0.40857142857142853,0.45785714285714285,0.0
PHASE 3B,389,624000,624,1839.3535334437267,1342.2915039576594,2404.551544447583,471.267818229167,487.1028278645837,110.122860918758,0.0,0.0,0.0
PHASE 3B,390,625600,624,1839.3535334437267,1342.2915039576594,2404.551544447583,471.267818229167,487.1028278645836,110.122860918758,0.4235714285714286,0.4335714285714286,0.0
PHASE 3B,391,627200,624,1839.3535334437267,1342.2915039576594,2404.551544447583,471.267818229167,487.1028278645836,110.122860918758,0.4142857142857143,0.48071428571428576,0.0
PHASE 3B,392,628800,624,1839.3535334437267,1342.2915039576594,2404.551544447583,471.267818229167,487.1028278645836,110.122860918758,0.45928571428571424,0.4164285714285715,0.0
PHASE 3B,393,630400,624,1839.3535334437267,1342.2915039576594,2404.551544447583,471.267818229167,487.1028278645836,110.122860918758,0.42214285714285704,0.465,0.0
PHASE 3B,394,632000,632,1850.4121924298577,1342.2915039576594,2240.035291482398,473.24065130208373,490.5475351562503,110.82800074645147,0.0,0.0,0.0
PHASE 3B,395,633600,632,1850.4121924298577,1342.2915039576594,2240.035291482398,473.24065130208356,490.5475351562504,110.82800074645147,0.48071428571428576,0.4721428571428571,0.0
PHASE 3B,396,635200,632,1850.4121924298577,1342.2915039576594,2240.035291482398,473.24065130208356,490.5475351562504,110.82800074645147,0.48571428571428577,0.45928571428571435,0.0
PHASE 3B,397,636800,632,1850.4121924298577,1342.2915039576594,2240.035291482398,473.24065130208356,490.5475351562504,110.82800074645147,0.41571428571428576,0.4492857142857143,0.0
PHASE 3B,398,638400,632,1850.4121924298577,1342.2915039576594,2240.035291482398,473.24065130208356,490.5475351562504,110.82800074645147,0.42000000000000004,0.4228571428571429,0.0
PHASE 3B,399,640000,640,1845.673609598379,1342.2915039576594,2240.035291482398,468.1737335937503,491.9829632812504,110.68961409043335,0.0,0.0,0.0
PHASE 3B,400,641600,640,1845.6736095983795,1342.2915039576594,2240.035291482398,468.1737335937503,491.98296328125036,110.68961409043334,0.4335714285714286,0.4514285714285714,0.0
PHASE 3B,401,643200,640,1845.6736095983795,1342.2915039576594,2240.035291482398,468.1737335937503,491.98296328125036,110.68961409043334,0.45285714285714285,0.49357142857142866,0.0
PHASE 3B,402,644800,640,1845.6736095983795,1342.2915039576594,2240.035291482398,468.1737335937503,491.98296328125036,110.68961409043334,0.4557142857142857,0.445,0.0
PHASE 3B,403,646400,640,1845.6736095983795,1342.2915039576594,2240.035291482398,468.1737335937503,491.98296328125036,110.68961409043334,0.4057142857142857,0.41500000000000004,0.0
PHASE 3B,404,648000,648,1851.4273248328086,1342.2915039576594,2240.035291482398,466.71033359375025,495.87251015625026,111.1055601353619,0.0,0.0,0.0
PHASE 3B,405,649600,648,1851.4273248328088,1342.2915039576594,2240.035291482398,466.7103335937503,495.87251015625037,111.1055601353619,0.49071428571428577,0.43714285714285717,0.0
PHASE 3B,406,651200,648,1851.4273248328088,1342.2915039576594,2240.035291482398,466.7103335937503,495.87251015625037,111.1055601353619,0.43285714285714294,0.4057142857142857,0.0
PHASE 3B,407,652800,648,1851.4273248328088,1342.2915039576594,2240.035291482398,466.7103335937503,495.87251015625037,111.1055601353619,0.45857142857142863,0.45714285714285713,0.0
PHASE 3B,408,654400,648,1851.4273248328088,1342.2915039576594,2240.035291482398,466.7103335937503,495.87251015625037,111.1055601353619,0.44214285714285717,0.45999999999999996,0.0
PHASE 3B,409,656000,656,1854.4908737720305,1342.2915039576594,2278.1437226071503,468.711025260417,496.5704278645837,111.1511775808896,0.0,0.0,0.0
PHASE 3B,410,657600,656,1854.4908737720305,1342.2915039576594,2278.1437226071503,468.7110252604171,496.5704278645837,111.1511775808896,0.48357142857142865,0.425,0.0
PHASE 3B,411,659200,656,1854.4908737720305,1342.2915039576594,2278.1437226071503,468.7110252604171,496.5704278645837,111.1511775808896,0.45000000000000007,0.41428571428571426,0.0
PHASE 3B,412,660800,656,1854.4908737720305,1342.2915039576594,2278.1437226071503,468.7110252604171,496.5704278645837,111.1511775808896,0.46642857142857147,0.4271428571428572,0.0
PHASE 3B,413,662400,656,1854.4908737720305,1342.2915039576594,2278.1437226071503,468.7110252604171,496.5704278645837,111.1511775808896,0.44571428571428573,0.4078571428571428,0.0
PHASE 3B,414,664000,664,1870.2547084944867,1375.6724213172183,2278.1437226071503,471.3786231770836,503.29087421875033,111.94815138734255,0.0,0.0,0.0
PHASE 3B,415,665600,664,1870.2547084944867,1375.6724213172183,2278.1437226071503,471.3786231770835,503.2908742187503,111.94815138734256,0.3928571428571429,0.44428571428571423,0.0
PHASE 3B,416,667200,664,1870.2547084944867,1375.6724213172183,2278.1437226071503,471.3786231770835,503.2908742187503,111.94815138734256,0.38428571428571434,0.4757142857142857,0.0
PHASE 3B,417,668800,664,1870.2547084944867,1375.6724213172183,2278.1437226071503,471.3786231770835,503.2908742187503,111.94815138734256,0.5007142857142857,0.3642857142857143,0.0
PHASE 3B,418,670400,664,1870.2547084944867,1375.6724213172183,2278.1437226071503,471.3786231770835,503.2908742187503,111.94815138734256,0.42857142857142866,0.4821428571428571,0.0
PHASE 3B,419,672000,672,1887.035709230861,1375.6724213172183,2278.1437226071503,475.44545130208354,507.751753385417,112.97981306793106,0.0,0.0,0.0
PHASE 3B,420,673600,672,1887.035709230861,1375.6724213172183,2278.1437226071503,475.44545130208377,507.75175338541686,112.97981306793106,0.45928571428571435,0.425,0.0
PHASE 3B,421,675200,672,1887.035709230861,1375.6724213172183,2278.1437226071503,475.44545130208377,507.75175338541686,112.97981306793106,0.45357142857142846,0.3842857142857143,0.0
PHASE 3B,422,676800,672,1887.035709230861,1375.6724213172183,2278.1437226071503,475.44545130208377,507.75175338541686,112.97981306793106,0.4757142857142857,0.44214285714285706,0.0
PHASE 3B,423,678400,672,1887.035709230861,1375.6724213172183,2278.1437226071503,475.44545130208377,507.75175338541686,112.97981306793106,0.47428571428571437,0.43500000000000005,0.0
PHASE 3B,424,680000,680,1889.2094234408928,1375.6724213172183,2278.1437226071503,473.4893888020837,509.59632838541694,113.26546328168486,0.0,0.0,0.0
PHASE 3B,425,681600,680,1889.209423440893,1375.6724213172183,2278.1437226071503,473.4893888020837,509.59632838541694,113.26546328168486,0.43071428571428577,0.4435714285714286,0.0
PHASE 3B,426,683200,680,1889.209423440893,1375.6724213172183,2278.1437226071503,473.4893888020837,509.59632838541694,113.26546328168486,0.4378571428571429,0.4142857142857143,0.0
PHASE 3B,427,684800,680,1889.209423440893,1375.6724213172183,2278.1437226071503,473.4893888020837,509.59632838541694,113.26546328168486,0.4800000000000001,0.4885714285714286,0.0
PHASE 3B,428,686400,680,1889.209423440893,1375.6724213172183,2278.1437226071503,473.4893888020837,509.59632838541694,113.26546328168486,0.41500000000000015,0.4621428571428572,0.0
PHASE 3B,429,688000,688,1881.3575524107537,1375.6724213172183,2278.1437226071503,471.0053804687504,508.13352526041695,112.77733083520914,0.0,0.0,0.0
PHASE 3B,430,689600,688,1881.357552410753,1375.6724213172183,2278.1437226071503,471.0053804687503,508.133525260417,112.77733083520913,0.4442857142857143,0.48357142857142865,0.0
PHASE 3B,431,691200,688,1881.357552410753,1375.6724213172183,2278.1437226071503,471.0053804687503,508.133525260417,112.77733083520913,0.41714285714285715,0.4278571428571428,0.0
PHASE 3B,432,692800,688,1881.357552410753,1375.6724213172183,2278.1437226071503,471.0053804687503,508.133525260417,112.77733083520913,0.45,0.41500000000000004,0.0
PHASE 3B,433,694400,688,1881.357552410753,1375.6724213172183,2278.1437226071503,471.0053804687503,508.133525260417,112.77733083520913,0.4321428571428572,0.44000000000000006,0.0
PHASE 3B,434,696000,696,1871.027306610285,1334.3989556824258,2278.1437226071503,469.9385294270836,501.50649322916695,112.44778549426515,0.0,0.0,0.0
PHASE 3B,435,697600,696,1871.0273066102852,1334.3989556824258,2278.1437226071503,469.9385294270838,501.50649322916695,112.44778549426518,0.42214285714285726,0.43,0.0
PHASE 3B,436,699200,696,1871.0273066102852,1334.3989556824258,2278.1437226071503,469.9385294270838,501.50649322916695,112.44778549426518,0.49214285714285716,0.4278571428571428,0.0
PHASE 3B,437,700800,696,1871.0273066102852,1334.3989556824258,2278.1437226071503,469.9385294270838,501.50649322916695,112.44778549426518,0.4385714285714286,0.3721428571428572,0.0
PHASE 3B,438,702400,696,1871.0273066102852,1334.3989556824258,2278.1437226071503,469.9385294270838,501.50649322916695,112.44778549426518,0.43428571428571433,0.4828571428571428,0.0
PHASE 3B,439,704000,704,1887.6762817574856,1334.3989556824258,2462.60268504515,473.9175367187504,504.53447968750027,113.65303316891536,0.0,0.0,0.0
PHASE 3B,440,705600,704,1887.6762817574863,1334.3989556824258,2462.60268504515,473.9175367187504,504.5344796875004,113.65303316891536,0.4628571428571428,0.44571428571428573,0.0
PHASE 3B,441,707200,704,1887.6762817574863,1334.3989556824258,2462.60268504515,473.9175367187504,504.5344796875004,113.65303316891536,0.41000000000000003,0.4321428571428571,0.0
PHASE 3B,442,708800,704,1887.6762817574863,1334.3989556824258,2462.60268504515,473.9175367187504,504.5344796875004,113.65303316891536,0.4235714285714286,0.42714285714285716,0.0
PHASE 3B,443,710400,704,1887.6762817574863,1334.3989556824258,2462.60268504515,473.9175367187504,504.5344796875004,113.65303316891536,0.40857142857142864,0.4428571428571429,0.0
PHASE 3B,444,712000,712,1883.96588843689,1334.3989556824258,2462.60268504515,471.9062804687504,505.3568109375003,113.33784962884081,0.0,0.0,0.0
PHASE 3B,445,713600,712,1883.9658884368898,1334.3989556824258,2462.60268504515,471.90628046875025,505.3568109375004,113.33784962884081,0.4564285714285716,0.4542857142857143,0.0
PHASE 3B,446,715200,712,1883.9658884368898,1334.3989556824258,2462.60268504515,471.90628046875025,505.3568109375004,113.33784962884081,0.5335714285714286,0.465,0.0
PHASE 3B,447,716800,712,1883.9658884368898,1334.3989556824258,2462.60268504515,471.90628046875025,505.3568109375004,113.33784962884081,0.4671428571428572,0.4128571428571429,0.0
PHASE 3B,448,718400,712,1883.9658884368898,1334.3989556824258,2462.60268504515,471.90628046875025,505.3568109375004,113.33784962884081,0.5050000000000001,0.3757142857142857,0.0
PHASE 3B,449,720000,720,1895.0407017415532,1334.3989556824258,2462.60268504515,477.60990286458366,504.23850052083367,114.14903729452806,0.0,0.0,0.0
PHASE 3B,450,721600,720,1895.0407017415534,1334.3989556824258,2462.60268504515,477.6099028645838,504.23850052083367,114.14903729452806,0.4442857142857143,0.44571428571428573,0.0
PHASE 3B,451,723200,720,1895.0407017415534,1334.3989556824258,2462.60268504515,477.6099028645838,504.23850052083367,114.14903729452806,0.48500000000000004,0.445,0.0
PHASE 3B,452,724800,720,1895.0407017415534,1334.3989556824258,2462.60268504515,477.6099028645838,504.23850052083367,114.14903729452806,0.44571428571428573,0.42142857142857143,0.0
PHASE 3B,453,726400,720,1895.0407017415534,1334.3989556824258,2462.60268504515,477.6099028645838,504.23850052083367,114.14903729452806,0.4642857142857143,0.4307142857142857,0.0
PHASE 3B,454,728000,728,1898.2612228651112,1296.1314934936224,2462.60268504515,482.4791872395838,501.7134171875004,114.25857730476434,0.0,0.0,0.0
PHASE 3B,455,729600,728,1898.2612228651112,1296.1314934936224,2462.60268504515,482.4791872395838,501.7134171875004,114.25857730476434,0.45000000000000007,0.4,0.0
PHASE 3B,456,731200,728,1898.2612228651112,1296.1314934936224,2462.60268504515,482.4791872395838,501.7134171875004,114.25857730476434,0.47285714285714286,0.47928571428571426,0.0
PHASE 3B,457,732800,728,1898.2612228651112,1296.1314934936224,2462.60268504515,482.4791872395838,501.7134171875004,114.25857730476434,0.5257142857142858,0.36928571428571433,0.0
PHASE 3B,458,734400,728,1898.2612228651112,1296.1314934936224,2462.60268504515,482.4791872395838,501.7134171875004,114.25857730476434,0.4614285714285714,0.4335714285714286,0.0
PHASE 3B,459,736000,736,1895.7981069982407,1296.1314934936224,2462.60268504515,480.5193000000005,502.37292552083375,114.11323518468672,0.0,0.0,0.0
PHASE 3B,460,737600,736,1895.7981069982407,1296.1314934936224,2462.60268504515,480.5193000000004,502.37292552083375,114.11323518468669,0.4928571428571429,0.49785714285714294,0.0
PHASE 3B,461,739200,736,1895.7981069982407,1296.1314934936224,2462.60268504515,480.5193000000004,502.37292552083375,114.11323518468669,0.4271428571428572,0.4314285714285714,0.0
PHASE 3B,462,740800,736,1895.7981069982407,1296.1314934936224,2462.60268504515,480.5193000000004,502.37292552083375,114.11323518468669,0.45857142857142863,0.46357142857142863,0.0
PHASE 3B,463,742400,736,1895.7981069982407,1296.1314934936224,2462.60268504515,480.5193000000004,502.37292552083375,114.11323518468669,0.4978571428571429,0.3992857142857143,0.0
PHASE 3B,464,744000,744,1892.3443366444794,1296.1314934936224,2462.60268504515,481.62631041666697,500.3667130208337,113.79391415088314,0.0,0.0,0.0
PHASE 3B,465,745600,744,1892.3443366444794,1296.1314934936224,2462.60268504515,481.626310416667,500.3667130208338,113.79391415088314,0.40214285714285725,0.44000000000000006,0.0
PHASE 3B,466,747200,744,1892.3443366444794,1296.1314934936224,2462.60268504515,481.626310416667,500.3667130208338,113.79391415088314,0.46571428571428575,0.4564285714285715,0.0
PHASE 3B,467,748800,744,1892.3443366444794,1296.1314934936224,2462.60268504515,481.626310416667,500.3667130208338,113.79391415088314,0.4692857142857142,0.37428571428571433,0.0
PHASE 3B,468,750400,744,1892.3443366444794,1296.1314934936224,2462.60268504515,481.626310416667,500.3667130208338,113.79391415088314,0.5,0.5007142857142857,0.0
PHASE 3B,469,752000,752,1891.8633031812717,1296.1314934936224,2462.60268504515,481.57270416666705,501.03595156250043,113.65683093152379,0.0,0.0,0.0
PHASE 3B,470,753600,752,1891.8633031812722,1296.1314934936224,2462.60268504515,481.57270416666705,501.0359515625003,113.65683093152379,0.5014285714285716,0.4514285714285714,0.0
PHASE 3B,471,755200,752,1891.8633031812722,1296.1314934936224,2462.60268504515,481.57270416666705,501.0359515625003,113.65683093152379,0.4821428571428571,0.3692857142857143,0.0
PHASE 3B,472,756800,752,1891.8633031812722,1296.1314934936224,2462.60268504515,481.57270416666705,501.0359515625003,113.65683093152379,0.45714285714285713,0.4278571428571428,0.0
PHASE 3B,473,758400,752,1891.8633031812722,1296.1314934936224,2462.60268504515,481.57270416666705,501.0359515625003,113.65683093152379,0.45785714285714285,0.44857142857142857,0.0
PHASE 3B,474,760000,760,1894.4687094294172,1296.1314934936224,2462.60268504515,480.8956802083337,502.06582135416704,113.93840098337527,0.0,0.0,0.0
PHASE 3B,475,761600,760,1894.468709429417,1296.1314934936224,2462.60268504515,480.8956802083337,502.065821354167,113.93840098337529,0.44214285714285717,0.43499999999999994,0.0
PHASE 3B,476,763200,760,1894.468709429417,1296.1314934936224,2462.60268504515,480.8956802083337,502.065821354167,113.93840098337529,0.4950000000000001,0.3635714285714286,0.0
PHASE 3B,477,764800,760,1894.468709429417,1296.1314934936224,2462.60268504515,480.8956802083337,502.065821354167,113.93840098337529,0.45000000000000007,0.43928571428571433,0.0
PHASE 3B,478,766400,760,1894.468709429417,1296.1314934936224,2462.60268504515,480.8956802083337,502.065821354167,113.93840098337529,0.4957142857142857,0.44714285714285706,0.0
PHASE 3B,479,768000,768,1891.9652064682202,1296.1314934936224,2462.60268504515,480.7618145833337,500.1324054687504,113.88387330202782,0.0,0.0,0.0
PHASE 3B,480,769600,768,1891.9652064682202,1296.1314934936224,2462.60268504515,480.7618145833337,500.13240546875045,113.88387330202782,0.48571428571428577,0.45,0.0
PHASE 3B,481,771200,768,1891.9652064682202,1296.1314934936224,2462.60268504515,480.7618145833337,500.13240546875045,113.88387330202782,0.5078571428571428,0.48571428571428577,0.0
PHASE 3B,482,772800,768,1891.9652064682202,1296.1314934936224,2462.60268504515,480.7618145833337,500.13240546875045,113.88387330202782,0.45785714285714285,0.44071428571428584,0.0
PHASE 3B,483,774400,768,1891.9652064682202,1296.1314934936224,2462.60268504515,480.7618145833337,500.13240546875045,113.88387330202782,0.5399999999999999,0.4164285714285715,0.0
PHASE 3B,484,776000,776,1901.214889972895,1296.1314934936224,2462.60268504515,486.103476041667,500.3628158854171,114.34357475573714,0.0,0.0,0.0
PHASE 3B,485,777600,776,1901.214889972895,1296.1314934936224,2462.60268504515,486.1034760416671,500.362815885417,114.34357475573714,0.4764285714285714,0.4250000000000001,0.0
PHASE 3B,486,779200,776,1901.214889972895,1296.1314934936224,2462.60268504515,486.1034760416671,500.362815885417,114.34357475573714,0.4735714285714286,0.4671428571428572,0.0
PHASE 3B,487,780800,776,1901.214889972895,1296.1314934936224,2462.60268504515,486.1034760416671,500.362815885417,114.34357475573714,0.43071428571428577,0.48357142857142854,0.0
PHASE 3B,488,782400,776,1901.214889972895,1296.1314934936224,2462.60268504515,486.1034760416671,500.362815885417,114.34357475573714,0.48,0.37857142857142856,0.0
PHASE 3B,489,784000,784,1914.8502309573926,1296.1314934936224,2462.60268504515,492.2521093750004,502.3876325520837,115.0263111287994,0.0,0.0,0.0
PHASE 3B,490,785600,784,1914.8502309573928,1296.1314934936224,2462.60268504515,492.2521093750003,502.38763255208374,115.0263111287994,0.48357142857142854,0.40214285714285714,0.0
PHASE 3B,491,787200,784,1914.8502309573928,1296.1314934936224,2462.60268504515,492.2521093750003,502.38763255208374,115.0263111287994,0.49000000000000005,0.4928571428571429,0.0
PHASE 3B,492,788800,784,1914.8502309573928,1296.1314934936224,2462.60268504515,492.2521093750003,502.38763255208374,115.0263111287994,0.4121428571428572,0.3992857142857143,0.0
PHASE 3B,493,790400,784,1914.8502309573928,1296.1314934936224,2462.60268504515,492.2521093750003,502.38763255208374,115.0263111287994,0.48571428571428577,0.46071428571428574,0.0
PHASE 3B,494,792000,792,1908.901170557638,1296.1314934936224,2462.60268504515,488.4854916666669,502.2782572916671,114.76717769992374,0.0,0.0,0.0
PHASE 3B,495,793600,792,1908.9011705576374,1296.1314934936224,2462.60268504515,488.48549166666703,502.27825729166705,114.76717769992374,0.4171428571428571,0.3792857142857143,0.0
PHASE 3B,496,795200,792,1908.9011705576374,1296.1314934936224,2462.60268504515,488.48549166666703,502.27825729166705,114.76717769992374,0.48571428571428577,0.44642857142857145,0.0
PHASE 3B,497,796800,792,1908.9011705576374,1296.1314934936224,2462.60268504515,488.48549166666703,502.27825729166705,114.76717769992374,0.43428571428571433,0.4435714285714286,0.0
PHASE 3B,498,798400,792,1908.9011705576374,1296.1314934936224,2462.60268504515,488.48549166666703,502.27825729166705,114.76717769992374,0.45857142857142863,0.4235714285714286,0.0
PHASE 3B,499,800000,800,1921.315720449321,1296.1314934936224,2462.60268504515,493.50206041666695,505.7860270833337,115.25345411867569,0.0,0.0,0.0
PHASE 3B,500,801600,800,1921.3157204493205,1296.1314934936224,2462.60268504515,493.502060416667,505.78602708333364,115.25345411867569,0.4421428571428573,0.41500000000000004,0.0
PHASE 3B,501,803200,800,1921.3157204493205,1296.1314934936224,2462.60268504515,493.502060416667,505.78602708333364,115.25345411867569,0.4628571428571428,0.3957142857142858,0.0
PHASE 3B,502,804800,800,1921.3157204493205,1296.1314934936224,2462.60268504515,493.502060416667,505.78602708333364,115.25345411867569,0.39642857142857146,0.3814285714285714,0.0
PHASE 3B,503,806400,800,1921.3157204493205,1296.1314934936224,2462.60268504515,493.502060416667,505.78602708333364,115.25345411867569,0.47428571428571437,0.4314285714285715,0.0
PHASE 3B,504,808000,808,1903.4016231341025,1296.1314934936224,2353.4236336450194,489.3909427083337,498.8225229166669,114.39851968864838,0.0,0.0,0.0
PHASE 3B,505,809600,808,1903.4016231341022,1296.1314934936224,2353.4236336450194,489.3909427083337,498.8225229166671,114.39851968864838,0.4542857142857143,0.4364285714285715,0.0
PHASE 3B,506,811200,808,1903.4016231341022,1296.1314934936224,2353.4236336450194,489.3909427083337,498.8225229166671,114.39851968864838,0.4385714285714286,0.4271428571428572,0.0
PHASE 3B,507,812800,808,1903.4016231341022,1296.1314934936224,2353.4236336450194,489.3909427083337,498.8225229166671,114.39851968864838,0.4342857142857143,0.46428571428571425,0.0
PHASE 3B,508,814400,808,1903.4016231341022,1296.1314934936224,2353.4236336450194,489.3909427083337,498.8225229166671,114.39851968864838,0.40357142857142864,0.41071428571428575,0.0
PHASE 3B,509,816000,816,1902.310830590064,1296.1314934936224,2353.4236336450194,493.0489968750003,494.68237812500047,114.32243194876857,0.0,0.0,0.0
PHASE 3B,510,817600,816,1902.3108305900644,1296.1314934936224,2353.4236336450194,493.0489968750004,494.6823781250003,114.32243194876857,0.4442857142857143,0.39571428571428574,0.0
PHASE 3B,511,819200,816,1902.3108305900644,1296.1314934936224,2353.4236336450194,493.0489968750004,494.6823781250003,114.32243194876857,0.4342857142857143,0.42000000000000004,0.0
PHASE 3B,512,820800,816,1902.3108305900644,1296.1314934936224,2353.4236336450194,493.0489968750004,494.6823781250003,114.32243194876857,0.4664285714285715,0.43785714285714283,0.0
PHASE 3B,513,822400,816,1902.3108305900644,1296.1314934936224,2353.4236336450194,493.0489968750004,494.6823781250003,114.32243194876857,0.3878571428571429,0.47428571428571437,0.0
PHASE 3B,514,824000,824,1896.5009262438464,1296.1314934936224,2353.4236336450194,487.775235416667,496.4438270833336,114.03523296799132,0.0,0.0,0.0
PHASE 3B,515,825600,824,1896.5009262438464,1296.1314934936224,2353.4236336450194,487.775235416667,496.44382708333376,114.0352329679913,0.46571428571428575,0.4278571428571428,0.0
PHASE 3B,516,827200,824,1896.5009262438464,1296.1314934936224,2353.4236336450194,487.775235416667,496.44382708333376,114.0352329679913,0.4314285714285715,0.45857142857142863,0.0
PHASE 3B,517,828800,824,1896.5009262438464,1296.1314934936224,2353.4236336450194,487.775235416667,496.44382708333376,114.0352329679913,0.4064285714285715,0.42714285714285716,0.0
PHASE 3B,518,830400,824,1896.5009262438464,1296.1314934936224,2353.4236336450194,487.775235416667,496.44382708333376,114.0352329679913,0.5128571428571429,0.40285714285714286,0.0
PHASE 3B,519,832000,832,1907.7319351199483,1409.6755685211892,2353.4236336450194,492.0468348958337,497.1255437500004,114.81994455927484,0.0,0.0,0.0
PHASE 3B,520,833600,832,1907.7319351199483,1409.6755685211892,2353.4236336450194,492.0468348958336,497.12554375000036,114.81994455927484,0.4007142857142857,0.4321428571428572,0.0
PHASE 3B,521,835200,832,1907.7319351199483,1409.6755685211892,2353.4236336450194,492.0468348958336,497.12554375000036,114.81994455927484,0.4471428571428572,0.4385714285714285,0.0
PHASE 3B,522,836800,832,1907.7319351199483,1409.6755685211892,2353.4236336450194,492.0468348958336,497.12554375000036,114.81994455927484,0.4521428571428571,0.40285714285714286,0.0
PHASE 3B,523,838400,832,1907.7319351199483,1409.6755685211892,2353.4236336450194,492.0468348958336,497.12554375000036,114.81994455927484,0.43285714285714294,0.4557142857142858,0.0
PHASE 3B,524,840000,840,1910.8654437831442,1409.6755685211892,2353.4236336450194,495.9490317708336,495.100254166667,114.97701973071612,0.0,0.0,0.0
PHASE 3B,525,841600,840,1910.8654437831447,1409.6755685211892,2353.4236336450194,495.9490317708336,495.10025416666707,114.97701973071612,0.5214285714285715,0.4842857142857143,0.0
PHASE 3B,526,843200,840,1910.8654437831447,1409.6755685211892,2353.4236336450194,495.9490317708336,495.10025416666707,114.97701973071612,0.4357142857142858,0.44785714285714284,0.0
PHASE 3B,527,844800,840,1910.8654437831447,1409.6755685211892,2353.4236336450194,495.9490317708336,495.10025416666707,114.97701973071612,0.46642857142857147,0.40285714285714286,0.0
PHASE 3B,528,846400,840,1910.8654437831447,1409.6755685211892,2353.4236336450194,495.9490317708336,495.10025416666707,114.97701973071612,0.46571428571428575,0.46071428571428574,0.0
PHASE 3B,529,848000,848,1911.9586046890256,1306.9399952415838,2353.4236336450194,492.824561197917,497.0252906250005,115.2635941082743,0.0,0.0,0.0
PHASE 3B,530,849600,848,1911.9586046890256,1306.9399952415838,2353.4236336450194,492.8245611979169,497.0252906250004,115.2635941082743,0.45499999999999996,0.4342857142857143,0.0
PHASE 3B,531,851200,848,1911.9586046890256,1306.9399952415838,2353.4236336450194,492.8245611979169,497.0252906250004,115.2635941082743,0.48571428571428577,0.4542857142857143,0.0
PHASE 3B,532,852800,848,1911.9586046890256,1306.9399952415838,2353.4236336450194,492.8245611979169,497.0252906250004,115.2635941082743,0.44857142857142857,0.47214285714285714,0.0
PHASE 3B,533,854400,848,1911.9586046890256,1306.9399952415838,2353.4236336450194,492.8245611979169,497.0252906250004,115.2635941082743,0.47857142857142865,0.4514285714285715,0.0
PHASE 3B,534,856000,856,1904.9051763877976,1306.9399952415838,2353.4236336450194,489.4567210937502,497.39610833333376,114.75654337009995,0.0,0.0,0.0
PHASE 3B,535,857600,856,1904.9051763877974,1306.9399952415838,2353.4236336450194,489.4567210937504,497.3961083333338,114.75654337009995,0.47785714285714287,0.4149999999999999,0.0
PHASE 3B,536,859200,856,1904.9051763877974,1306.9399952415838,2353.4236336450194,489.4567210937504,497.3961083333338,114.75654337009995,0.45071428571428573,0.3864285714285714,0.0
PHASE 3B,537,860800,856,1904.9051763877974,1306.9399952415838,2353.4236336450194,489.4567210937504,497.3961083333338,114.75654337009995,0.42428571428571427,0.4471428571428572,0.0
PHASE 3B,538,862400,856,1904.9051763877974,1306.9399952415838,2353.4236336450194,489.4567210937504,497.3961083333338,114.75654337009995,0.45857142857142874,0.39785714285714285,0.0
PHASE 3B,539,864000,864,1899.0017681208474,1306.9399952415838,2353.4236336450194,487.3458554687503,496.99896041666716,114.33211902943953,0.0,0.0,0.0
PHASE 3B,540,865600,864,1899.001768120848,1306.9399952415838,2353.4236336450194,487.3458554687503,496.99896041666705,114.33211902943954,0.5035714285714287,0.4207142857142857,0.0
PHASE 3B,541,867200,864,1899.001768120848,1306.9399952415838,2353.4236336450194,487.3458554687503,496.99896041666705,114.33211902943954,0.48857142857142855,0.4414285714285714,0.0
PHASE 3B,542,868800,864,1899.001768120848,1306.9399952415838,2353.4236336450194,487.3458554687503,496.99896041666705,114.33211902943954,0.38785714285714284,0.4414285714285714,0.0
PHASE 3B,543,870400,864,1899.001768120848,1306.9399952415838,2353.4236336450194,487.3458554687503,496.99896041666705,114.33211902943954,0.5,0.45857142857142863,0.0
PHASE 3B,544,872000,872,1899.5517394922397,1306.9399952415838,2308.619190439788,488.21529843750034,496.5682427083338,114.34602479331143,0.0,0.0,0.0
PHASE 3B,545,873600,872,1899.5517394922404,1306.9399952415838,2308.619190439788,488.21529843750045,496.5682427083338,114.34602479331143,0.38928571428571435,0.43785714285714283,0.0
PHASE 3B,546,875200,872,1899.5517394922404,1306.9399952415838,2308.619190439788,488.21529843750045,496.5682427083338,114.34602479331143,0.4878571428571429,0.45857142857142863,0.0
PHASE 3B,547,876800,872,1899.5517394922404,1306.9399952415838,2308.619190439788,488.21529843750045,496.5682427083338,114.34602479331143,0.5235714285714286,0.4378571428571429,0.0
PHASE 3B,548,878400,872,1899.5517394922404,1306.9399952415838,2308.619190439788,488.21529843750045,496.5682427083338,114.34602479331143,0.47357142857142864,0.3785714285714286,0.0
PHASE 3B,549,880000,880,1897.8344036807948,1306.9399952415838,2308.619190439788,488.3427390625004,495.0671875000005,114.30305963979748,0.0,0.0,0.0
PHASE 3B,550,881600,880,1897.8344036807946,1306.9399952415838,2308.619190439788,488.34273906250024,495.0671875000003,114.30305963979747,0.4028571428571429,0.4507142857142858,0.0
PHASE 3B,551,883200,880,1897.8344036807946,1306.9399952415838,2308.619190439788,488.34273906250024,495.0671875000003,114.30305963979747,0.4471428571428572,0.3835714285714286,0.0
PHASE 3B,552,884800,880,1897.8344036807946,1306.9399952415838,2308.619190439788,488.34273906250024,495.0671875000003,114.30305963979747,0.41142857142857137,0.3685714285714286,0.0
PHASE 3B,553,886400,880,1897.8344036807946,1306.9399952415838,2308.619190439788,488.34273906250024,495.0671875000003,114.30305963979747,0.4700000000000001,0.4007142857142857,0.0
PHASE 3B,554,888000,888,1894.4622405202751,1306.9399952415838,2308.619190439788,489.45513593750024,493.2344781250003,113.97157830723245,0.0,0.0,0.0
PHASE 3B,555,889600,888,1894.4622405202751,1306.9399952415838,2308.619190439788,489.45513593750053,493.2344781250003,113.97157830723245,0.4057142857142858,0.45,0.0
PHASE 3B,556,891200,888,1894.4622405202751,1306.9399952415838,2308.619190439788,489.45513593750053,493.2344781250003,113.97157830723245,0.4414285714285714,0.43428571428571433,0.0
PHASE 3B,557,892800,888,1894.4622405202751,1306.9399952415838,2308.619190439788,489.45513593750053,493.2344781250003,113.97157830723245,0.395,0.4892857142857143,0.0
PHASE 3B,558,894400,888,1894.4622405202751,1306.9399952415838,2308.619190439788,489.45513593750053,493.2344781250003,113.97157830723245,0.45,0.46785714285714286,0.0
PHASE 3B,559,896000,896,1903.5024280532698,1306.9399952415838,2308.619190439788,491.63239114583376,495.8586583333337,114.50142232177357,0.0,0.0,0.0
PHASE 3B,560,897600,896,1903.5024280532698,1306.9399952415838,2308.619190439788,491.6323911458336,495.8586583333338,114.50142232177359,0.4671428571428571,0.41428571428571426,0.0
PHASE 3B,561,899200,896,1903.5024280532698,1306.9399952415838,2308.619190439788,491.6323911458336,495.8586583333338,114.50142232177359,0.425,0.3678571428571429,0.0
PHASE 3B,562,900800,896,1903.5024280532698,1306.9399952415838,2308.619190439788,491.6323911458336,495.8586583333338,114.50142232177359,0.4271428571428572,0.37642857142857145,0.0
PHASE 3B,563,902400,896,1903.5024280532698,1306.9399952415838,2308.619190439788,491.6323911458336,495.8586583333338,114.50142232177359,0.4314285714285714,0.41714285714285715,0.0
PHASE 3B,564,904000,904,1905.713220826498,1306.9399952415838,2308.619190439788,490.99276093750035,496.8129880208337,114.73843398353132,0.0,0.0,0.0
PHASE 3B,565,905600,904,1905.713220826498,1306.9399952415838,2308.619190439788,490.9927609375003,496.8129880208337,114.73843398353132,0.3914285714285715,0.4778571428571429,0.0
PHASE 3B,566,907200,904,1905.713220826498,1306.9399952415838,2308.619190439788,490.9927609375003,496.8129880208337,114.73843398353132,0.4235714285714285,0.43928571428571433,0.0
PHASE 3B,567,908800,904,1905.713220826498,1306.9399952415838,2308.619190439788,490.9927609375003,496.8129880208337,114.73843398353132,0.42428571428571427,0.39785714285714285,0.0
PHASE 3B,568,910400,904,1905.713220826498,1306.9399952415838,2308.619190439788,490.9927609375003,496.8129880208337,114.73843398353132,0.42714285714285716,0.4071428571428572,0.0
PHASE 3B,569,912000,912,1902.3478109986013,1306.9399952415838,2308.619190439788,489.1412893229169,496.06097656250034,114.64319313915898,0.0,0.0,0.0
PHASE 3B,570,913600,912,1902.3478109986008,1306.9399952415838,2308.619190439788,489.1412893229169,496.0609765625005,114.64319313915895,0.4314285714285714,0.41142857142857137,0.0
PHASE 3B,571,915200,912,1902.3478109986008,1306.9399952415838,2308.619190439788,489.1412893229169,496.0609765625005,114.64319313915895,0.4357142857142858,0.42142857142857143,0.0
PHASE 3B,572,916800,912,1902.3478109986008,1306.9399952415838,2308.619190439788,489.1412893229169,496.0609765625005,114.64319313915895,0.40214285714285714,0.4364285714285715,0.0
PHASE 3B,573,918400,912,1902.3478109986008,1306.9399952415838,2308.619190439788,489.1412893229169,496.0609765625005,114.64319313915895,0.4778571428571429,0.41428571428571426,0.0
PHASE 3B,574,920000,920,1906.757795927041,1306.9399952415838,2308.619190439788,491.1817955729169,497.09781406250045,114.809773286464,0.0,0.0,0.0
PHASE 3B,575,921600,920,1906.757795927041,1306.9399952415838,2308.619190439788,491.1817955729169,497.0978140625004,114.809773286464,0.4378571428571429,0.425,0.0
PHASE 3B,576,923200,920,1906.757795927041,1306.9399952415838,2308.619190439788,491.1817955729169,497.0978140625004,114.809773286464,0.4628571428571428,0.47428571428571437,0.0
PHASE 3B,577,924800,920,1906.757795927041,1306.9399952415838,2308.619190439788,491.1817955729169,497.0978140625004,114.809773286464,0.4735714285714286,0.4778571428571429,0.0
PHASE 3B,578,926400,920,1906.757795927041,1306.9399952415838,2308.619190439788,491.1817955729169,497.0978140625004,114.809773286464,0.4557142857142858,0.44214285714285717,0.0
PHASE 3B,579,928000,928,1915.322535084486,1306.9399952415838,2308.619190439788,489.9842059895836,503.1193994791671,115.27736620197803,0.0,0.0,0.0
PHASE 3B,580,929600,928,1915.322535084486,1306.9399952415838,2308.619190439788,489.98420598958364,503.1193994791671,115.27736620197803,0.4971428571428572,0.4142857142857143,0.0
PHASE 3B,581,931200,928,1915.322535084486,1306.9399952415838,2308.619190439788,489.98420598958364,503.1193994791671,115.27736620197803,0.42928571428571427,0.46071428571428574,0.0
PHASE 3B,582,932800,928,1915.322535084486,1306.9399952415838,2308.619190439788,489.98420598958364,503.1193994791671,115.27736620197803,0.49214285714285716,0.4957142857142857,0.0
PHASE 3B,583,934400,928,1915.322535084486,1306.9399952415838,2308.619190439788,489.98420598958364,503.1193994791671,115.27736620197803,0.4557142857142858,0.4621428571428572,0.0
PHASE 3B,584,936000,936,1895.9036573146552,1283.8188430291425,2282.3723155459174,483.50019192708356,500.60089218750034,113.97532165002012,0.0,0.0,0.0
PHASE 3B,585,937600,936,1895.9036573146552,1283.8188430291425,2282.3723155459174,483.50019192708356,500.6008921875005,113.97532165002012,0.47928571428571437,0.43714285714285717,0.0
PHASE 3B,586,939200,936,1895.9036573146552,1283.8188430291425,2282.3723155459174,483.50019192708356,500.6008921875005,113.97532165002012,0.4385714285714286,0.43357142857142855,0.0
PHASE 3B,587,940800,936,1895.9036573146552,1283.8188430291425,2282.3723155459174,483.50019192708356,500.6008921875005,113.97532165002012,0.46642857142857136,0.4014285714285714,0.0
PHASE 3B,588,942400,936,1895.9036573146552,1283.8188430291425,2282.3723155459174,483.50019192708356,500.6008921875005,113.97532165002012,0.4807142857142857,0.4428571428571428,0.0
PHASE 3B,589,944000,944,1894.3859172230764,1283.8188430291425,2282.3723155459174,480.6521416666669,502.91577864583377,113.85224961383322,0.0,0.0,0.0
PHASE 3B,590,945600,944,1894.3859172230764,1283.8188430291425,2282.3723155459174,480.6521416666669,502.91577864583377,113.85224961383322,0.46571428571428564,0.4064285714285714,0.0
PHASE 3B,591,947200,944,1894.3859172230764,1283.8188430291425,2282.3723155459174,480.6521416666669,502.91577864583377,113.85224961383322,0.3878571428571429,0.41142857142857137,0.0
PHASE 3B,592,948800,944,1894.3859172230764,1283.8188430291425,2282.3723155459174,480.6521416666669,502.91577864583377,113.85224961383322,0.4135714285714286,0.46071428571428574,0.0
PHASE 3B,593,950400,944,1894.3859172230764,1283.8188430291425,2282.3723155459174,480.6521416666669,502.91577864583377,113.85224961383322,0.5242857142857142,0.43357142857142855,0.0
PHASE 3B,594,952000,952,1899.7703535507667,1283.8188430291425,2282.3723155459174,486.43199895833374,499.90817343750047,114.1787726443779,0.0,0.0,0.0
PHASE 3B,595,953600,952,1899.7703535507667,1283.8188430291425,2282.3723155459174,486.4319989583336,499.90817343750047,114.17877264437787,0.41142857142857137,0.44642857142857145,0.0
PHASE 3B,596,955200,952,1899.7703535507667,1283.8188430291425,2282.3723155459174,486.4319989583336,499.90817343750047,114.17877264437787,0.4735714285714285,0.4314285714285715,0.0
PHASE 3B,597,956800,952,1899.7703535507667,1283.8188430291425,2282.3723155459174,486.4319989583336,499.90817343750047,114.17877264437787,0.44785714285714284,0.43928571428571433,0.0
PHASE 3B,598,958400,952,1899.7703535507667,1283.8188430291425,2282.3723155459174,486.4319989583336,499.90817343750047,114.17877264437787,0.43,0.48571428571428565,0.0
PHASE 3B,599,960000,960,1901.017271191602,1283.8188430291425,2282.3723155459174,484.5519380208336,501.22226718750045,114.40538324791993,0.0,0.0,0.0
PHASE 3B,600,961600,960,1901.0172711916018,1283.8188430291425,2282.3723155459174,484.55193802083363,501.2222671875004,114.40538324791993,0.42857142857142855,0.4207142857142857,0.0
PHASE 3B,601,963200,960,1901.0172711916018,1283.8188430291425,2282.3723155459174,484.55193802083363,501.2222671875004,114.40538324791993,0.395,0.44785714285714284,0.0
PHASE 3B,602,964800,960,1901.0172711916018,1283.8188430291425,2282.3723155459174,484.55193802083363,501.2222671875004,114.40538324791993,0.45785714285714285,0.42285714285714293,0.0
PHASE 3B,603,966400,960,1901.0172711916018,1283.8188430291425,2282.3723155459174,484.55193802083363,501.2222671875004,114.40538324791993,0.3857142857142858,0.41571428571428576,0.0
PHASE 3B,604,968000,968,1899.4229836356649,1283.8188430291425,2450.6698232510826,481.90550156250026,502.6933911458338,114.35301136592781,0.0,0.0,0.0
PHASE 3B,605,969600,968,1899.4229836356649,1283.8188430291425,2450.6698232510826,481.90550156250026,502.69339114583374,114.35301136592783,0.4578571428571429,0.47214285714285725,0.0
PHASE 3B,606,971200,968,1899.4229836356649,1283.8188430291425,2450.6698232510826,481.90550156250026,502.69339114583374,114.35301136592783,0.42000000000000004,0.425,0.0
PHASE 3B,607,972800,968,1899.4229836356649,1283.8188430291425,2450.6698232510826,481.90550156250026,502.69339114583374,114.35301136592783,0.42857142857142855,0.42857142857142866,0.0
PHASE 3B,608,974400,968,1899.4229836356649,1283.8188430291425,2450.6698232510826,481.90550156250026,502.69339114583374,114.35301136592783,0.42785714285714294,0.45285714285714296,0.0
PHASE 3B,609,976000,976,1911.872672256802,1283.8188430291425,2450.6698232510826,481.7428231770837,508.80451041666703,115.16566733289295,0.0,0.0,0.0
PHASE 3B,610,977600,976,1911.872672256802,1283.8188430291425,2450.6698232510826,481.7428231770836,508.8045104166671,115.16566733289295,0.4492857142857143,0.4635714285714285,0.0
PHASE 3B,611,979200,976,1911.872672256802,1283.8188430291425,2450.6698232510826,481.7428231770836,508.8045104166671,115.16566733289295,0.42714285714285716,0.48571428571428565,0.0
PHASE 3B,612,980800,976,1911.872672256802,1283.8188430291425,2450.6698232510826,481.7428231770836,508.8045104166671,115.16566733289295,0.4371428571428571,0.4692857142857143,0.0
PHASE 3B,613,982400,976,1911.872672256802,1283.8188430291425,2450.6698232510826,481.7428231770836,508.8045104166671,115.16566733289295,0.42642857142857143,0.4435714285714286,0.0
PHASE 3B,614,984000,984,1905.9736638938793,1283.8188430291425,2450.6698232510826,478.8947815104169,508.64597291666706,114.80411368336094,0.0,0.0,0.0
PHASE 3B,615,985600,984,1905.9736638938798,1283.8188430291425,2450.6698232510826,478.8947815104169,508.645972916667,114.80411368336094,0.45285714285714285,0.42142857142857143,0.0
PHASE 3B,616,987200,984,1905.9736638938798,1283.8188430291425,2450.6698232510826,478.8947815104169,508.645972916667,114.80411368336094,0.4164285714285715,0.4371428571428571,0.0
PHASE 3B,617,988800,984,1905.9736638938798,1283.8188430291425,2450.6698232510826,478.8947815104169,508.645972916667,114.80411368336094,0.445,0.4007142857142857,0.0
PHASE 3B,618,990400,984,1905.9736638938798,1283.8188430291425,2450.6698232510826,478.8947815104169,508.645972916667,114.80411368336094,0.5092857142857142,0.4435714285714286,0.0
PHASE 3B,619,992000,992,1913.2386989305235,1283.8188430291425,2450.6698232510826,480.9465606770836,509.84033072916714,115.30647594054568,0.0,0.0,0.0
PHASE 3B,620,993600,992,1913.2386989305232,1283.8188430291425,2450.6698232510826,480.9465606770837,509.84033072916714,115.30647594054568,0.4357142857142858,0.39214285714285724,0.0
PHASE 3B,621,995200,992,1913.2386989305232,1283.8188430291425,2450.6698232510826,480.9465606770837,509.84033072916714,115.30647594054568,0.47071428571428575,0.4114285714285715,0.0
PHASE 3B,622,996800,992,1913.2386989305232,1283.8188430291425,2450.6698232510826,480.9465606770837,509.84033072916714,115.30647594054568,0.4378571428571429,0.4600000000000001,0.0
PHASE 3B,623,998400,992,1913.2386989305232,1283.8188430291425,2450.6698232510826,480.9465606770837,509.84033072916714,115.30647594054568,0.4378571428571429,0.47428571428571437,0.0
PHASE 3B,624,1000000,1000,1904.3685802961495,1283.8188430291425,2450.6698232510826,480.74335234375025,507.6695807291671,114.49445590291572,0.0,0.0,0.0
PHASE 3B,625,1001600,1000,1904.3685802961495,1283.8188430291425,2450.6698232510826,480.7433523437503,507.6695807291671,114.49445590291572,0.39142857142857157,0.4557142857142857,0.0
PHASE 3B,626,1003200,1000,1904.3685802961495,1283.8188430291425,2450.6698232510826,480.7433523437503,507.6695807291671,114.49445590291572,0.4757142857142858,0.49857142857142867,0.0
PHASE 3B,627,1004800,1000,1904.3685802961495,1283.8188430291425,2450.6698232510826,480.7433523437503,507.6695807291671,114.49445590291572,0.505,0.47214285714285714,0.0
PHASE 3B,628,1006400,1000,1904.3685802961495,1283.8188430291425,2450.6698232510826,480.7433523437503,507.6695807291671,114.49445590291572,0.4992857142857143,0.43428571428571433,0.0
PHASE 3B,629,1008000,1008,1905.8651998255384,1283.8188430291425,2450.6698232510826,479.1426541666669,510.4451250000004,114.53467758237059,0.0,0.0,0.0
PHASE 3B,630,1009600,1008,1905.8651998255384,1283.8188430291425,2450.6698232510826,479.14265416666706,510.4451250000004,114.53467758237059,0.5350000000000001,0.485,0.0
PHASE 3B,631,1011200,1008,1905.8651998255384,1283.8188430291425,2450.6698232510826,479.14265416666706,510.4451250000004,114.53467758237059,0.48571428571428577,0.44571428571428573,0.0
PHASE 3B,632,1012800,1008,1905.8651998255384,1283.8188430291425,2450.6698232510826,479.14265416666706,510.4451250000004,114.53467758237059,0.4614285714285714,0.45857142857142874,0.0
PHASE 3B,633,1014400,1008,1905.8651998255384,1283.8188430291425,2450.6698232510826,479.14265416666706,510.4451250000004,114.53467758237059,0.4435714285714286,0.437857142857143,0.0
PHASE 3B,634,1016000,1016,1915.7946183363188,1283.8188430291425,2450.6698232510826,479.7782395833338,516.8735302083337,114.89285606809307,0.0,0.0,0.0
PHASE 3B,635,1017600,1016,1915.7946183363188,1283.8188430291425,2450.6698232510826,479.7782395833337,516.8735302083337,114.89285606809304,0.4235714285714286,0.49000000000000005,0.0
PHASE 3B,636,1019200,1016,1915.7946183363188,1283.8188430291425,2450.6698232510826,479.7782395833337,516.8735302083337,114.89285606809304,0.48,0.4471428571428572,0.0
PHASE 3B,637,1020800,1016,1915.7946183363188,1283.8188430291425,2450.6698232510826,479.7782395833337,516.8735302083337,114.89285606809304,0.41500000000000004,0.42214285714285726,0.0
PHASE 3B,638,1022400,1016,1915.7946183363188,1283.8188430291425,2450.6698232510826,479.7782395833337,516.8735302083337,114.89285606809304,0.4371428571428571,0.4757142857142857,0.0
PHASE 3B,639,1024000,1024,1908.3665676227063,1283.8188430291425,2450.6698232510826,479.9268989583337,513.0333677083338,114.4257876195165,0.0,0.0,0.0
PHASE 3B,640,1025600,1024,1908.3665676227058,1283.8188430291425,2450.6698232510826,479.9268989583336,513.0333677083338,114.42578761951653,0.4514285714285715,0.41000000000000003,0.0
PHASE 3B,641,1027200,1024,1908.3665676227058,1283.8188430291425,2450.6698232510826,479.9268989583336,513.0333677083338,114.42578761951653,0.44214285714285717,0.4878571428571428,0.0
PHASE 3B,642,1028800,1024,1908.3665676227058,1283.8188430291425,2450.6698232510826,479.9268989583336,513.0333677083338,114.42578761951653,0.40357142857142864,0.4385714285714286,0.0
PHASE 3B,643,1030400,1024,1908.3665676227058,1283.8188430291425,2450.6698232510826,479.9268989583336,513.0333677083338,114.42578761951653,0.4464285714285715,0.45285714285714296,0.0
PHASE 3B,644,1032000,1032,1915.2204320440528,1283.8188430291425,2580.2563383154256,485.1287739583338,512.8068281250004,114.66060374510148,0.0,0.0,0.0
PHASE 3B,645,1033600,1032,1915.2204320440533,1283.8188430291425,2580.2563383154256,485.1287739583337,512.8068281250004,114.66060374510148,0.47857142857142854,0.4607142857142857,0.0
PHASE 3B,646,1035200,1032,1915.2204320440533,1283.8188430291425,2580.2563383154256,485.1287739583337,512.8068281250004,114.66060374510148,0.5092857142857142,0.4557142857142858,0.0
PHASE 3B,647,1036800,1032,1915.2204320440533,1283.8188430291425,2580.2563383154256,485.1287739583337,512.8068281250004,114.66060374510148,0.43285714285714283,0.4642857142857143,0.0
PHASE 3B,648,1038400,1032,1915.2204320440533,1283.8188430291425,2580.2563383154256,485.1287739583337,512.8068281250004,114.66060374510148,0.45500000000000007,0.48357142857142865,0.0
PHASE 3B,649,1040000,1040,1931.959010986799,1367.2738740369612,2580.2563383154256,492.27844375000035,514.9241531250004,115.59455176398635,0.0,0.0,0.0
PHASE 3B,650,1041600,1040,1931.9590109867984,1367.2738740369612,2580.2563383154256,492.27844375000035,514.9241531250004,115.59455176398635,0.5085714285714286,0.4521428571428571,0.0
PHASE 3B,651,1043200,1040,1931.9590109867984,1367.2738740369612,2580.2563383154256,492.27844375000035,514.9241531250004,115.59455176398635,0.47000000000000003,0.43928571428571433,0.0
PHASE 3B,652,1044800,1040,1931.9590109867984,1367.2738740369612,2580.2563383154256,492.27844375000035,514.9241531250004,115.59455176398635,0.5164285714285715,0.47928571428571426,0.0
PHASE 3B,653,1046400,1040,1931.9590109867984,1367.2738740369612,2580.2563383154256,492.27844375000035,514.9241531250004,115.59455176398635,0.46785714285714286,0.4821428571428571,0.0
PHASE 3B,654,1048000,1048,1935.8051818513122,1367.2738740369612,2580.2563383154256,494.63881953125036,515.8412625000004,115.66563747751938,0.0,0.0,0.0
PHASE 3B,655,1049600,1048,1935.8051818513125,1367.2738740369612,2580.2563383154256,494.63881953125036,515.8412625000004,115.66563747751938,0.4692857142857143,0.4464285714285715,0.0
PHASE 3B,656,1051200,1048,1935.8051818513125,1367.2738740369612,2580.2563383154256,494.63881953125036,515.8412625000004,115.66563747751938,0.46499999999999997,0.4378571428571429,0.0
PHASE 3B,657,1052800,1048,1935.8051818513125,1367.2738740369612,2580.2563383154256,494.63881953125036,515.8412625000004,115.66563747751938,0.4428571428571429,0.45285714285714285,0.0
PHASE 3B,658,1054400,1048,1935.8051818513125,1367.2738740369612,2580.2563383154256,494.63881953125036,515.8412625000004,115.66563747751938,0.5078571428571429,0.4635714285714285,0.0
PHASE 3B,659,1056000,1056,1943.730443871665,1367.2738740369612,2580.2563383154256,499.8845554687503,516.4182750000004,115.92845167537605,0.0,0.0,0.0
PHASE 3B,660,1057600,1056,1943.7304438716646,1367.2738740369612,2580.2563383154256,499.88455546875025,516.4182750000004,115.92845167537605,0.44571428571428573,0.45857142857142863,0.0
PHASE 3B,661,1059200,1056,1943.7304438716646,1367.2738740369612,2580.2563383154256,499.88455546875025,516.4182750000004,115.92845167537605,0.4821428571428571,0.46571428571428575,0.0
PHASE 3B,662,1060800,1056,1943.7304438716646,1367.2738740369612,2580.2563383154256,499.88455546875025,516.4182750000004,115.92845167537605,0.44214285714285717,0.45071428571428573,0.0
PHASE 3B,663,1062400,1056,1943.7304438716646,1367.2738740369612,2580.2563383154256,499.88455546875025,516.4182750000004,115.92845167537605,0.4685714285714286,0.4578571428571429,0.0
PHASE 3B,664,1064000,1064,1951.7980327956548,1367.2738740369612,2580.2563383154256,502.355015885417,518.9113695312504,116.31645592238512,0.0,0.0,0.0
PHASE 3B,665,1065600,1064,1951.7980327956548,1367.2738740369612,2580.2563383154256,502.355015885417,518.9113695312504,116.31645592238512,0.48428571428571426,0.43285714285714283,0.0
PHASE 3B,666,1067200,1064,1951.7980327956548,1367.2738740369612,2580.2563383154256,502.355015885417,518.9113695312504,116.31645592238512,0.45071428571428573,0.4292857142857144,0.0
PHASE 3B,667,1068800,1064,1951.7980327956548,1367.2738740369612,2580.2563383154256,502.355015885417,518.9113695312504,116.31645592238512,0.412857142857143,0.4557142857142858,0.0
PHASE 3B,668,1070400,1064,1951.7980327956548,1367.2738740369612,2580.2563383154256,502.355015885417,518.9113695312504,116.31645592238512,0.4757142857142857,0.4442857142857143,0.0
PHASE 3B,669,1072000,1072,1952.9885323338447,1367.2738740369612,2580.2563383154256,507.02654921875035,516.250556510417,116.21392832559643,0.0,0.0,0.0
PHASE 3B,670,1073600,1072,1952.9885323338447,1367.2738740369612,2580.2563383154256,507.02654921875035,516.250556510417,116.21392832559643,0.4621428571428573,0.4164285714285715,0.0
PHASE 3B,671,1075200,1072,1952.9885323338447,1367.2738740369612,2580.2563383154256,507.02654921875035,516.250556510417,116.21392832559643,0.47714285714285715,0.45928571428571424,0.0
PHASE 3B,672,1076800,1072,1952.9885323338447,1367.2738740369612,2580.2563383154256,507.02654921875035,516.250556510417,116.21392832559643,0.49428571428571433,0.45,0.0
PHASE 3B,673,1078400,1072,1952.9885323338447,1367.2738740369612,2580.2563383154256,507.02654921875035,516.250556510417,116.21392832559643,0.45071428571428573,0.44571428571428573,0.0
PHASE 3B,674,1080000,1080,1946.9777783774466,1279.1591773449359,2580.2563383154256,509.97616276041697,510.0137492187504,115.87348329979676,0.0,0.0,0.0
PHASE 3B,675,1081600,1080,1946.9777783774466,1279.1591773449359,2580.2563383154256,509.97616276041714,510.0137492187504,115.87348329979677,0.49071428571428577,0.4135714285714286,0.0
PHASE 3B,676,1083200,1080,1946.9777783774466,1279.1591773449359,2580.2563383154256,509.97616276041714,510.0137492187504,115.87348329979677,0.53,0.4685714285714286,0.0
PHASE 3B,677,1084800,1080,1946.9777783774466,1279.1591773449359,2580.2563383154256,509.97616276041714,510.0137492187504,115.87348329979677,0.5192857142857144,0.39714285714285713,0.0
PHASE 3B,678,1086400,1080,1946.9777783774466,1279.1591773449359,2580.2563383154256,509.97616276041714,510.0137492187504,115.87348329979677,0.4628571428571428,0.49142857142857144,0.0
PHASE 3B,679,1088000,1088,1956.5511673032006,1279.1591773449359,2580.2563383154256,510.4968888020838,514.9265513020838,116.390965899891,0.0,0.0,0.0
PHASE 3B,680,1089600,1088,1956.5511673032008,1279.1591773449359,2580.2563383154256,510.49688880208373,514.9265513020838,116.390965899891,0.47428571428571437,0.4385714285714286,0.0
PHASE 3B,681,1091200,1088,1956.5511673032008,1279.1591773449359,2580.2563383154256,510.49688880208373,514.9265513020838,116.390965899891,0.4842857142857143,0.47714285714285715,0.0
PHASE 3B,682,1092800,1088,1956.5511673032008,1279.1591773449359,2580.2563383154256,510.49688880208373,514.9265513020838,116.390965899891,0.4564285714285714,0.4321428571428571,0.0
PHASE 3B,683,1094400,1088,1956.5511673032008,1279.1591773449359,2580.2563383154256,510.49688880208373,514.9265513020838,116.390965899891,0.4321428571428572,0.4578571428571429,0.0
PHASE 3B,684,1096000,1096,1972.855188250625,1279.1591773449359,2580.2563383154256,518.891021354167,515.9708976562504,117.24915865503768,0.0,0.0,0.0
PHASE 3B,685,1097600,1096,1972.855188250625,1279.1591773449359,2580.2563383154256,518.8910213541672,515.9708976562503,117.24915865503772,0.4692857142857143,0.39285714285714285,0.0
PHASE 3B,686,1099200,1096,1972.855188250625,1279.1591773449359,2580.2563383154256,518.8910213541672,515.9708976562503,117.24915865503772,0.5235714285714287,0.4750000000000001,0.0
PHASE 3B,687,1100800,1096,1972.855188250625,1279.1591773449359,2580.2563383154256,518.8910213541672,515.9708976562503,117.24915865503772,0.4507142857142858,0.47857142857142854,0.0
PHASE 3B,688,1102400,1096,1972.855188250625,1279.1591773449359,2580.2563383154256,518.8910213541672,515.9708976562503,117.24915865503772,0.4807142857142857,0.4714285714285714,0.0
PHASE 3B,689,1104000,1104,1964.3268153896943,1279.1591773449359,2580.2563383154256,517.482711979167,512.8861559895836,116.74474342762979,0.0,0.0,0.0
PHASE 3B,690,1105600,1104,1964.3268153896945,1279.1591773449359,2580.2563383154256,517.4827119791671,512.8861559895836,116.74474342762977,0.4714285714285714,0.41714285714285715,0.0
PHASE 3B,691,1107200,1104,1964.3268153896945,1279.1591773449359,2580.2563383154256,517.4827119791671,512.8861559895836,116.74474342762977,0.45500000000000007,0.4857142857142859,0.0
PHASE 3B,692,1108800,1104,1964.3268153896945,1279.1591773449359,2580.2563383154256,517.4827119791671,512.8861559895836,116.74474342762977,0.5171428571428572,0.517857142857143,0.0
PHASE 3B,693,1110400,1104,1964.3268153896945,1279.1591773449359,2580.2563383154256,517.4827119791671,512.8861559895836,116.74474342762977,0.4735714285714285,0.5371428571428571,0.0
PHASE 3B,694,1112000,1112,1972.8506858416251,1279.1591773449359,2580.2563383154256,526.5233463541671,509.8739661458337,117.05667166771491,0.0,0.0,0.0
PHASE 3B,695,1113600,1112,1972.8506858416254,1279.1591773449359,2580.2563383154256,526.523346354167,509.8739661458337,117.05667166771491,0.4935714285714286,0.4557142857142857,0.0
PHASE 3B,696,1115200,1112,1972.8506858416254,1279.1591773449359,2580.2563383154256,526.523346354167,509.8739661458337,117.05667166771491,0.5128571428571428,0.4521428571428571,0.0
PHASE 3B,697,1116800,1112,1972.8506858416254,1279.1591773449359,2580.2563383154256,526.523346354167,509.8739661458337,117.05667166771491,0.47214285714285714,0.4671428571428572,0.0
PHASE 3B,698,1118400,1112,1972.8506858416254,1279.1591773449359,2580.2563383154256,526.523346354167,509.8739661458337,117.05667166771491,0.48285714285714293,0.5235714285714287,0.0
PHASE 3B,699,1120000,1120,1974.105980582641,1279.1591773449359,2580.2563383154256,524.4165786458337,513.4767078125004,117.02658676555023,0.0,0.0,0.0
PHASE 3B,700,1121600,1120,1974.105980582641,1279.1591773449359,2580.2563383154256,524.4165786458337,513.4767078125003,117.02658676555022,0.4385714285714285,0.5664285714285715,0.0
PHASE 3B,701,1123200,1120,1974.105980582641,1279.1591773449359,2580.2563383154256,524.4165786458337,513.4767078125003,117.02658676555022,0.4292857142857144,0.5221428571428571,0.0
PHASE 3B,702,1124800,1120,1974.105980582641,1279.1591773449359,2580.2563383154256,524.4165786458337,513.4767078125003,117.02658676555022,0.4007142857142857,0.4314285714285715,0.0
PHASE 3B,703,1126400,1120,1974.105980582641,1279.1591773449359,2580.2563383154256,524.4165786458337,513.4767078125003,117.02658676555022,0.47857142857142854,0.47928571428571426,0.0
PHASE 3B,704,1128000,1128,1974.3844788622691,1279.1591773449359,2433.4091340990517,520.1510203125003,519.6452390625003,116.82352743592044,0.0,0.0,0.0
PHASE 3B,705,1129600,1128,1974.3844788622691,1279.1591773449359,2433.4091340990517,520.1510203125003,519.6452390625004,116.82352743592043,0.4257142857142858,0.4271428571428572,0.0
PHASE 3B,706,1131200,1128,1974.3844788622691,1279.1591773449359,2433.4091340990517,520.1510203125003,519.6452390625004,116.82352743592043,0.425,0.47071428571428575,0.0
PHASE 3B,707,1132800,1128,1974.3844788622691,1279.1591773449359,2433.4091340990517,520.1510203125003,519.6452390625004,116.82352743592043,0.4935714285714286,0.45999999999999996,0.0
PHASE 3B,708,1134400,1128,1974.3844788622691,1279.1591773449359,2433.4091340990517,520.1510203125003,519.6452390625004,116.82352743592043,0.47928571428571437,0.4928571428571429,0.0
PHASE 3B,709,1136000,1136,1969.9319309994871,1279.1591773449359,2433.4091340990517,518.6786609375004,520.0792265625004,116.39675543744788,0.0,0.0,0.0
PHASE 3B,710,1137600,1136,1969.9319309994871,1279.1591773449359,2433.4091340990517,518.6786609375004,520.0792265625004,116.3967554374479,0.6000000000000001,0.4207142857142857,0.0
PHASE 3B,711,1139200,1136,1969.9319309994871,1279.1591773449359,2433.4091340990517,518.6786609375004,520.0792265625004,116.3967554374479,0.5135714285714287,0.5250000000000001,0.0
PHASE 3B,712,1140800,1136,1969.9319309994871,1279.1591773449359,2433.4091340990517,518.6786609375004,520.0792265625004,116.3967554374479,0.4564285714285714,0.4628571428571428,0.0
PHASE 3B,713,1142400,1136,1969.9319309994871,1279.1591773449359,2433.4091340990517,518.6786609375004,520.0792265625004,116.3967554374479,0.495,0.4692857142857143,0.0
PHASE 3B,714,1144000,1144,1961.4774696653171,1279.1591773449359,2433.4091340990517,521.039552604167,514.3715411458337,115.75829698942667,0.0,0.0,0.0
PHASE 3B,715,1145600,1144,1961.4774696653171,1279.1591773449359,2433.4091340990517,521.039552604167,514.3715411458338,115.75829698942667,0.47642857142857153,0.4614285714285714,0.0
PHASE 3B,716,1147200,1144,1961.4774696653171,1279.1591773449359,2433.4091340990517,521.039552604167,514.3715411458338,115.75829698942667,0.45500000000000007,0.48357142857142854,0.0
PHASE 3B,717,1148800,1144,1961.4774696653171,1279.1591773449359,2433.4091340990517,521.039552604167,514.3715411458338,115.75829698942667,0.45428571428571435,0.45928571428571424,0.0
PHASE 3B,718,1150400,1144,1961.4774696653171,1279.1591773449359,2433.4091340990517,521.039552604167,514.3715411458338,115.75829698942667,0.4642857142857143,0.4485714285714287,0.0
PHASE 3B,719,1152000,1152,1967.6522553536688,1279.1591773449359,2433.4091340990517,523.2172664062504,516.3842057291672,116.00634790229354,0.0,0.0,0.0
PHASE 3B,720,1153600,1152,1967.6522553536688,1279.1591773449359,2433.4091340990517,523.2172664062504,516.3842057291672,116.00634790229357,0.47857142857142854,0.4642857142857143,0.0
PHASE 3B,721,1155200,1152,1967.6522553536688,1279.1591773449359,2433.4091340990517,523.2172664062504,516.3842057291672,116.00634790229357,0.47928571428571437,0.4828571428571428,0.0
PHASE 3B,722,1156800,1152,1967.6522553536688,1279.1591773449359,2433.4091340990517,523.2172664062504,516.3842057291672,116.00634790229357,0.46785714285714286,0.43500000000000005,0.0
PHASE 3B,723,1158400,1152,1967.6522553536688,1279.1591773449359,2433.4091340990517,523.2172664062504,516.3842057291672,116.00634790229357,0.42000000000000004,0.4371428571428571,0.0
PHASE 3B,724,1160000,1160,1964.0389694551527,1279.1591773449359,2385.0107303919167,523.1110794270837,514.6948088541671,115.77913514675001,0.0,0.0,0.0
PHASE 3B,725,1161600,1160,1964.038969455153,1279.1591773449359,2385.0107303919167,523.1110794270837,514.6948088541671,115.77913514675001,0.46785714285714286,0.45000000000000007,0.0
PHASE 3B,726,1163200,1160,1964.038969455153,1279.1591773449359,2385.0107303919167,523.1110794270837,514.6948088541671,115.77913514675001,0.4571428571428572,0.45357142857142857,0.0
PHASE 3B,727,1164800,1160,1964.038969455153,1279.1591773449359,2385.0107303919167,523.1110794270837,514.6948088541671,115.77913514675001,0.43714285714285717,0.45714285714285713,0.0
PHASE 3B,728,1166400,1160,1964.038969455153,1279.1591773449359,2385.0107303919167,523.1110794270837,514.6948088541671,115.77913514675001,0.4828571428571428,0.4185714285714286,0.0
PHASE 3B,729,1168000,1168,1962.0048584520816,1279.1591773449359,2385.0107303919167,524.9318731770837,512.1876609375005,115.61066554219944,0.0,0.0,0.0
PHASE 3B,730,1169600,1168,1962.0048584520816,1279.1591773449359,2385.0107303919167,524.9318731770837,512.1876609375004,115.61066554219946,0.5057142857142858,0.48,0.0
PHASE 3B,731,1171200,1168,1962.0048584520816,1279.1591773449359,2385.0107303919167,524.9318731770837,512.1876609375004,115.61066554219946,0.4628571428571429,0.4235714285714286,0.0
PHASE 3B,732,1172800,1168,1962.0048584520816,1279.1591773449359,2385.0107303919167,524.9318731770837,512.1876609375004,115.61066554219946,0.45928571428571435,0.4692857142857144,0.0
PHASE 3B,733,1174400,1168,1962.0048584520816,1279.1591773449359,2385.0107303919167,524.9318731770837,512.1876609375004,115.61066554219946,0.4828571428571428,0.4471428571428572,0.0
PHASE 3B,734,1176000,1176,1951.3411626249792,1469.862718933731,2385.0107303919167,522.5445856770838,508.6063942708338,115.02377283464494,0.0,0.0,0.0
PHASE 3B,735,1177600,1176,1951.3411626249792,1469.862718933731,2385.0107303919167,522.5445856770838,508.6063942708338,115.02377283464494,0.4814285714285715,0.4900000000000001,0.0
PHASE 3B,736,1179200,1176,1951.3411626249792,1469.862718933731,2385.0107303919167,522.5445856770838,508.6063942708338,115.02377283464494,0.4621428571428571,0.4314285714285715,0.0
PHASE 3B,737,1180800,1176,1951.3411626249792,1469.862718933731,2385.0107303919167,522.5445856770838,508.6063942708338,115.02377283464494,0.4742857142857143,0.4699999999999999,0.0
PHASE 3B,738,1182400,1176,1951.3411626249792,1469.862718933731,2385.0107303919167,522.5445856770838,508.6063942708338,115.02377283464494,0.45428571428571435,0.47000000000000003,0.0
PHASE 3B,739,1184000,1184,1947.9498169751716,1469.862718933731,2385.0107303919167,523.0702210937503,507.7466869791672,114.6416136127941,0.0,0.0,0.0
PHASE 3B,740,1185600,1184,1947.9498169751719,1469.862718933731,2385.0107303919167,523.0702210937504,507.74668697916707,114.6416136127941,0.39357142857142857,0.4642857142857143,0.0
PHASE 3B,741,1187200,1184,1947.9498169751719,1469.862718933731,2385.0107303919167,523.0702210937504,507.74668697916707,114.6416136127941,0.45,0.46428571428571425,0.0
PHASE 3B,742,1188800,1184,1947.9498169751719,1469.862718933731,2385.0107303919167,523.0702210937504,507.74668697916707,114.6416136127941,0.44142857142857145,0.4257142857142858,0.0
PHASE 3B,743,1190400,1184,1947.9498169751719,1469.862718933731,2385.0107303919167,523.0702210937504,507.74668697916707,114.6416136127941,0.4407142857142857,0.40214285714285725,0.0
PHASE 3B,744,1192000,1192,1937.4086396175055,1469.862718933731,2385.0107303919167,522.1838804687504,503.20850468750047,114.00203180766907,0.0,0.0,0.0
PHASE 3B,745,1193600,1192,1937.4086396175055,1469.862718933731,2385.0107303919167,522.1838804687503,503.20850468750047,114.00203180766907,0.5028571428571429,0.47214285714285714,0.0
PHASE 3B,746,1195200,1192,1937.4086396175055,1469.862718933731,2385.0107303919167,522.1838804687503,503.20850468750047,114.00203180766907,0.4385714285714285,0.4928571428571429,0.0
PHASE 3B,747,1196800,1192,1937.4086396175055,1469.862718933731,2385.0107303919167,522.1838804687503,503.20850468750047,114.00203180766907,0.5121428571428572,0.4978571428571429,0.0
PHASE 3B,748,1198400,1192,1937.4086396175055,1469.862718933731,2385.0107303919167,522.1838804687503,503.20850468750047,114.00203180766907,0.4821428571428572,0.4692857142857143,0.0
PHASE 3B,749,1200000,1200,1939.6305653426323,1469.862718933731,2563.4260321825595,522.980632291667,504.3892578125005,114.03258440482043,0.0,0.0,0.0
PHASE 3B,750,1201600,1200,1939.6305653426318,1469.862718933731,2563.4260321825595,522.980632291667,504.3892578125005,114.03258440482043,0.45500000000000007,0.5392857142857143,0.0
PHASE 3B,751,1203200,1200,1939.6305653426318,1469.862718933731,2563.4260321825595,522.980632291667,504.3892578125005,114.03258440482043,0.4557142857142857,0.42142857142857143,0.0
PHASE 3B,752,1204800,1200,1939.6305653426318,1469.862718933731,2563.4260321825595,522.980632291667,504.3892578125005,114.03258440482043,0.4557142857142857,0.48357142857142865,0.0
PHASE 3B,753,1206400,1200,1939.6305653426318,1469.862718933731,2563.4260321825595,522.980632291667,504.3892578125005,114.03258440482043,0.44142857142857145,0.5178571428571428,0.0
PHASE 3B,754,1208000,1208,1941.2588791999851,1343.5971310701352,2563.4260321825595,527.1260875000004,500.77892786458375,114.1692329794374,0.0,0.0,0.0
PHASE 3B,755,1209600,1208,1941.2588791999851,1343.5971310701352,2563.4260321825595,527.1260875000004,500.77892786458375,114.1692329794374,0.5535714285714286,0.5307142857142858,0.0
PHASE 3B,756,1211200,1208,1941.2588791999851,1343.5971310701352,2563.4260321825595,527.1260875000004,500.77892786458375,114.1692329794374,0.4357142857142858,0.5107142857142857,0.0
PHASE 3B,757,1212800,1208,1941.2588791999851,1343.5971310701352,2563.4260321825595,527.1260875000004,500.77892786458375,114.1692329794374,0.4692857142857143,0.515,0.0
PHASE 3B,758,1214400,1208,1941.2588791999851,1343.5971310701352,2563.4260321825595,527.1260875000004,500.77892786458375,114.1692329794374,0.47071428571428575,0.46642857142857147,0.0
PHASE 3B,759,1216000,1216,1937.134143174968,1343.5971310701352,2563.4260321825595,523.805076041667,502.89181354166715,113.80465669896657,0.0,0.0,0.0
PHASE 3B,760,1217600,1216,1937.1341431749681,1343.5971310701352,2563.4260321825595,523.8050760416669,502.8918135416671,113.80465669896657,0.47357142857142864,0.5050000000000001,0.0
PHASE 3B,761,1219200,1216,1937.1341431749681,1343.5971310701352,2563.4260321825595,523.8050760416669,502.8918135416671,113.80465669896657,0.4321428571428571,0.49857142857142867,0.0
PHASE 3B,762,1220800,1216,1937.1341431749681,1343.5971310701352,2563.4260321825595,523.8050760416669,502.8918135416671,113.80465669896657,0.43571428571428567,0.54,0.0
PHASE 3B,763,1222400,1216,1937.1341431749681,1343.5971310701352,2563.4260321825595,523.8050760416669,502.8918135416671,113.80465669896657,0.42785714285714294,0.49142857142857144,0.0
PHASE 3B,764,1224000,1224,1939.7476119433186,1343.5971310701352,2563.4260321825595,526.6733968750003,501.6631927083338,113.92637779501041,0.0,0.0,0.0
PHASE 3B,765,1225600,1224,1939.7476119433181,1343.5971310701352,2563.4260321825595,526.6733968750004,501.6631927083338,113.9263777950104,0.5228571428571429,0.48500000000000004,0.0
PHASE 3B,766,1227200,1224,1939.7476119433181,1343.5971310701352,2563.4260321825595,526.6733968750004,501.6631927083338,113.9263777950104,0.5221428571428572,0.5000000000000001,0.0
PHASE 3B,767,1228800,1224,1939.7476119433181,1343.5971310701352,2563.4260321825595,526.6733968750004,501.6631927083338,113.9263777950104,0.4692857142857143,0.5385714285714286,0.0
PHASE 3B,768,1230400,1224,1939.7476119433181,1343.5971310701352,2563.4260321825595,526.6733968750004,501.6631927083338,113.9263777950104,0.5128571428571428,0.49071428571428577,0.0
PHASE 3B,769,1232000,1232,1941.6245966099377,1343.5971310701352,2563.4260321825595,528.2938541666671,499.31188437500043,114.25235725854621,0.0,0.0,0.0
PHASE 3B,770,1233600,1232,1941.624596609938,1343.5971310701352,2563.4260321825595,528.293854166667,499.31188437500043,114.25235725854621,0.4378571428571429,0.4307142857142857,0.0
PHASE 3B,771,1235200,1232,1941.624596609938,1343.5971310701352,2563.4260321825595,528.293854166667,499.31188437500043,114.25235725854621,0.51,0.5057142857142858,0.0
PHASE 3B,772,1236800,1232,1941.624596609938,1343.5971310701352,2563.4260321825595,528.293854166667,499.31188437500043,114.25235725854621,0.49214285714285716,0.5407142857142857,0.0
PHASE 3B,773,1238400,1232,1941.624596609938,1343.5971310701352,2563.4260321825595,528.293854166667,499.31188437500043,114.25235725854621,0.5214285714285716,0.4185714285714286,0.0
PHASE 3B,774,1240000,1240,1942.4178878046118,1343.5971310701352,2563.4260321825595,525.1320177083336,502.54078645833374,114.34313545475528,0.0,0.0,0.0
PHASE 3B,775,1241600,1240,1942.4178878046116,1343.5971310701352,2563.4260321825595,525.1320177083337,502.5407864583338,114.34313545475528,0.4757142857142857,0.5064285714285715,0.0
PHASE 3B,776,1243200,1240,1942.4178878046116,1343.5971310701352,2563.4260321825595,525.1320177083337,502.5407864583338,114.34313545475528,0.47714285714285704,0.4407142857142857,0.0
PHASE 3B,777,1244800,1240,1942.4178878046116,1343.5971310701352,2563.4260321825595,525.1320177083337,502.5407864583338,114.34313545475528,0.5042857142857142,0.4478571428571428,0.0
PHASE 3B,778,1246400,1240,1942.4178878046116,1343.5971310701352,2563.4260321825595,525.1320177083337,502.5407864583338,114.34313545475528,0.47785714285714287,0.5357142857142858,0.0
PHASE 3B,779,1248000,1248,1940.2772066820107,1343.5971310701352,2563.4260321825595,524.194066666667,501.48534062500045,114.32472492380515,0.0,0.0,0.0
PHASE 3B,780,1249600,1248,1940.2772066820105,1343.5971310701352,2563.4260321825595,524.194066666667,501.4853406250004,114.32472492380515,0.5149999999999999,0.5207142857142858,0.0
PHASE 3B,781,1251200,1248,1940.2772066820105,1343.5971310701352,2563.4260321825595,524.194066666667,501.4853406250004,114.32472492380515,0.495,0.49357142857142866,0.0
PHASE 3B,782,1252800,1248,1940.2772066820105,1343.5971310701352,2563.4260321825595,524.194066666667,501.4853406250004,114.32472492380515,0.4471428571428572,0.4871428571428572,0.0
PHASE 3B,783,1254400,1248,1940.2772066820105,1343.5971310701352,2563.4260321825595,524.194066666667,501.4853406250004,114.32472492380515,0.4142857142857143,0.5157142857142858,0.0
PHASE 3B,784,1256000,1256,1940.395848010263,1343.5971310701352,2563.4260321825595,525.4804020833337,500.354054166667,114.32017397004496,0.0,0.0,0.0
PHASE 3B,785,1257600,1256,1940.3958480102633,1343.5971310701352,2563.4260321825595,525.4804020833337,500.354054166667,114.32017397004496,0.42857142857142855,0.45857142857142863,0.0
PHASE 3B,786,1259200,1256,1940.3958480102633,1343.5971310701352,2563.4260321825595,525.4804020833337,500.354054166667,114.32017397004496,0.49714285714285716,0.4864285714285715,0.0
PHASE 3B,787,1260800,1256,1940.3958480102633,1343.5971310701352,2563.4260321825595,525.4804020833337,500.354054166667,114.32017397004496,0.4435714285714286,0.5278571428571429,0.0
PHASE 3B,788,1262400,1256,1940.3958480102633,1343.5971310701352,2563.4260321825595,525.4804020833337,500.354054166667,114.32017397004496,0.42857142857142866,0.5235714285714287,0.0
PHASE 3B,789,1264000,1264,1942.1784090646054,1343.5971310701352,2563.4260321825595,525.4001635416671,501.21460937500046,114.44545451850438,0.0,0.0,0.0
PHASE 3B,790,1265600,1264,1942.1784090646054,1343.5971310701352,2563.4260321825595,525.400163541667,501.2146093750005,114.44545451850438,0.48714285714285727,0.5135714285714286,0.0
PHASE 3B,791,1267200,1264,1942.1784090646054,1343.5971310701352,2563.4260321825595,525.400163541667,501.2146093750005,114.44545451850438,0.4514285714285715,0.4642857142857143,0.0
PHASE 3B,792,1268800,1264,1942.1784090646054,1343.5971310701352,2563.4260321825595,525.400163541667,501.2146093750005,114.44545451850438,0.445,0.445,0.0
PHASE 3B,793,1270400,1264,1942.1784090646054,1343.5971310701352,2563.4260321825595,525.400163541667,501.2146093750005,114.44545451850438,0.4364285714285715,0.49785714285714294,0.0
PHASE 3B,794,1272000,1272,1956.5359306180565,1343.5971310701352,2563.4260321825595,527.435657291667,508.5886502604171,115.06395288325875,0.0,0.0,0.0
PHASE 3B,795,1273600,1272,1956.5359306180565,1343.5971310701352,2563.4260321825595,527.4356572916671,508.5886502604171,115.06395288325875,0.47000000000000003,0.5157142857142858,0.0
PHASE 3B,796,1275200,1272,1956.5359306180565,1343.5971310701352,2563.4260321825595,527.4356572916671,508.5886502604171,115.06395288325875,0.4485714285714287,0.5742857142857143,0.0
PHASE 3B,797,1276800,1272,1956.5359306180565,1343.5971310701352,2563.4260321825595,527.4356572916671,508.5886502604171,115.06395288325875,0.5278571428571429,0.4885714285714286,0.0
PHASE 3B,798,1278400,1272,1956.5359306180565,1343.5971310701352,2563.4260321825595,527.4356572916671,508.5886502604171,115.06395288325875,0.44857142857142857,0.5307142857142858,0.0
PHASE 3B,799,1280000,1280,1960.2488347407646,1343.5971310701352,2563.4260321825595,526.4090468750004,511.86661171875045,115.24664701838897,0.0,0.0,0.0
PHASE 3B,800,1281600,1280,1960.2488347407643,1343.5971310701352,2563.4260321825595,526.4090468750004,511.86661171875045,115.246647018389,0.5157142857142858,0.4142857142857143,0.0
PHASE 3B,801,1283200,1280,1960.2488347407643,1343.5971310701352,2563.4260321825595,526.4090468750004,511.86661171875045,115.246647018389,0.4228571428571429,0.49642857142857144,0.0
PHASE 3B,802,1284800,1280,1960.2488347407643,1343.5971310701352,2563.4260321825595,526.4090468750004,511.86661171875045,115.246647018389,0.4771428571428572,0.5192857142857142,0.0
PHASE 3B,803,1286400,1280,1960.2488347407643,1343.5971310701352,2563.4260321825595,526.4090468750004,511.86661171875045,115.246647018389,0.49642857142857144,0.4271428571428572,0.0
PHASE 3B,804,1288000,1288,1965.6991843725918,1343.5971310701352,2563.4260321825595,527.4042989583337,513.2844440104171,115.62630517549248,0.0,0.0,0.0
PHASE 3B,805,1289600,1288,1965.6991843725918,1343.5971310701352,2563.4260321825595,527.4042989583337,513.2844440104172,115.62630517549248,0.37642857142857145,0.5321428571428573,0.0
PHASE 3B,806,1291200,1288,1965.6991843725918,1343.5971310701352,2563.4260321825595,527.4042989583337,513.2844440104172,115.62630517549248,0.445,0.5057142857142858,0.0
PHASE 3B,807,1292800,1288,1965.6991843725918,1343.5971310701352,2563.4260321825595,527.4042989583337,513.2844440104172,115.62630517549248,0.4642857142857143,0.4957142857142857,0.0
PHASE 3B,808,1294400,1288,1965.6991843725918,1343.5971310701352,2563.4260321825595,527.4042989583337,513.2844440104172,115.62630517549248,0.48571428571428577,0.5014285714285716,0.0
PHASE 3B,809,1296000,1296,1953.8995405981127,1343.5971310701352,2470.023644332824,518.8220458333337,515.1367356770838,114.99259488597414,0.0,0.0,0.0
PHASE 3B,810,1297600,1296,1953.8995405981132,1343.5971310701352,2470.023644332824,518.8220458333337,515.1367356770838,114.99259488597416,0.47000000000000003,0.4878571428571429,0.0
PHASE 3B,811,1299200,1296,1953.8995405981132,1343.5971310701352,2470.023644332824,518.8220458333337,515.1367356770838,114.99259488597416,0.5121428571428571,0.45928571428571435,0.0
PHASE 3B,812,1300800,1296,1953.8995405981132,1343.5971310701352,2470.023644332824,518.8220458333337,515.1367356770838,114.99259488597416,0.5007142857142857,0.46428571428571425,0.0
PHASE 3B,813,1302400,1296,1953.8995405981132,1343.5971310701352,2470.023644332824,518.8220458333337,515.1367356770838,114.99259488597416,0.4628571428571428,0.5178571428571429,0.0
PHASE 3B,814,1304000,1304,1948.1895499345137,1343.5971310701352,2470.023644332824,513.0587661458337,515.7751875000006,114.91944953609705,0.0,0.0,0.0
PHASE 3B,815,1305600,1304,1948.1895499345133,1343.5971310701352,2470.023644332824,513.0587661458337,515.7751875000006,114.91944953609708,0.4878571428571428,0.5164285714285716,0.0
PHASE 3B,816,1307200,1304,1948.1895499345133,1343.5971310701352,2470.023644332824,513.0587661458337,515.7751875000006,114.91944953609708,0.4957142857142857,0.4892857142857143,0.0
PHASE 3B,817,1308800,1304,1948.1895499345133,1343.5971310701352,2470.023644332824,513.0587661458337,515.7751875000006,114.91944953609708,0.5007142857142858,0.5392857142857144,0.0
PHASE 3B,818,1310400,1304,1948.1895499345133,1343.5971310701352,2470.023644332824,513.0587661458337,515.7751875000006,114.91944953609708,0.4864285714285715,0.4557142857142857,0.0
PHASE 3B,819,1312000,1312,1943.7844809487556,1377.859970660647,2470.023644332824,510.6267786458336,516.3642593750005,114.59918036600229,0.0,0.0,0.0
PHASE 3B,820,1313600,1312,1943.7844809487558,1377.859970660647,2470.023644332824,510.6267786458336,516.3642593750005,114.59918036600229,0.4571428571428572,0.5157142857142858,0.0
PHASE 3B,821,1315200,1312,1943.7844809487558,1377.859970660647,2470.023644332824,510.6267786458336,516.3642593750005,114.59918036600229,0.4057142857142857,0.49000000000000005,0.0
PHASE 3B,822,1316800,1312,1943.7844809487558,1377.859970660647,2470.023644332824,510.6267786458336,516.3642593750005,114.59918036600229,0.48285714285714293,0.535,0.0
PHASE 3B,823,1318400,1312,1943.7844809487558,1377.859970660647,2470.023644332824,510.6267786458336,516.3642593750005,114.59918036600229,0.4400000000000001,0.4564285714285714,0.0
PHASE 3B,824,1320000,1320,1948.3161320657518,1377.859970660647,2470.023644332824,512.0945567708336,515.5619223958338,115.08245661239762,0.0,0.0,0.0
PHASE 3B,825,1321600,1320,1948.316132065752,1377.859970660647,2470.023644332824,512.0945567708336,515.5619223958338,115.0824566123976,0.4714285714285714,0.5264285714285714,0.0
PHASE 3B,826,1323200,1320,1948.316132065752,1377.859970660647,2470.023644332824,512.0945567708336,515.5619223958338,115.0824566123976,0.5078571428571429,0.4521428571428571,0.0
PHASE 3B,827,1324800,1320,1948.316132065752,1377.859970660647,2470.023644332824,512.0945567708336,515.5619223958338,115.0824566123976,0.4878571428571429,0.5014285714285714,0.0
PHASE 3B,828,1326400,1320,1948.316132065752,1377.859970660647,2470.023644332824,512.0945567708336,515.5619223958338,115.0824566123976,0.47142857142857153,0.47142857142857153,0.0
PHASE 3B,829,1328000,1328,1921.1508563315572,1029.3683843592198,2470.023644332824,502.9444296875003,509.5807484375005,113.57820977583151,0.0,0.0,0.0
PHASE 3B,830,1329600,1328,1921.1508563315572,1029.3683843592198,2470.023644332824,502.94442968750036,509.58074843750046,113.57820977583152,0.4821428571428572,0.475,0.0
PHASE 3B,831,1331200,1328,1921.1508563315572,1029.3683843592198,2470.023644332824,502.94442968750036,509.58074843750046,113.57820977583152,0.5028571428571429,0.5114285714285715,0.0
PHASE 3B,832,1332800,1328,1921.1508563315572,1029.3683843592198,2470.023644332824,502.94442968750036,509.58074843750046,113.57820977583152,0.5592857142857144,0.4878571428571427,0.0
PHASE 3B,833,1334400,1328,1921.1508563315572,1029.3683843592198,2470.023644332824,502.94442968750036,509.58074843750046,113.57820977583152,0.47071428571428575,0.5035714285714287,0.0
PHASE 3B,834,1336000,1336,1927.0967956766513,1029.3683843592198,2470.023644332824,502.52918281250044,514.4281703125005,113.76743031896825,0.0,0.0,0.0
PHASE 3B,835,1337600,1336,1927.0967956766513,1029.3683843592198,2470.023644332824,502.52918281250044,514.4281703125005,113.76743031896827,0.4564285714285715,0.40214285714285725,0.0
PHASE 3B,836,1339200,1336,1927.0967956766513,1029.3683843592198,2470.023644332824,502.52918281250044,514.4281703125005,113.76743031896827,0.5014285714285714,0.4771428571428572,0.0
PHASE 3B,837,1340800,1336,1927.0967956766513,1029.3683843592198,2470.023644332824,502.52918281250044,514.4281703125005,113.76743031896827,0.4907142857142858,0.4507142857142858,0.0
PHASE 3B,838,1342400,1336,1927.0967956766513,1029.3683843592198,2470.023644332824,502.52918281250044,514.4281703125005,113.76743031896827,0.47857142857142854,0.5428571428571429,0.0
PHASE 3B,839,1344000,1344,1934.5232294973541,1029.3683843592198,2470.023644332824,506.9893890625003,514.8216546875004,114.08902321843125,0.0,0.0,0.0
PHASE 3B,840,1345600,1344,1934.5232294973541,1029.3683843592198,2470.023644332824,506.9893890625003,514.8216546875004,114.08902321843125,0.48,0.4628571428571428,0.0
PHASE 3B,841,1347200,1344,1934.5232294973541,1029.3683843592198,2470.023644332824,506.9893890625003,514.8216546875004,114.08902321843125,0.5128571428571429,0.4628571428571429,0.0
PHASE 3B,842,1348800,1344,1934.5232294973541,1029.3683843592198,2470.023644332824,506.9893890625003,514.8216546875004,114.08902321843125,0.5035714285714286,0.52,0.0
PHASE 3B,843,1350400,1344,1934.5232294973541,1029.3683843592198,2470.023644332824,506.9893890625003,514.8216546875004,114.08902321843125,0.4685714285714286,0.46285714285714297,0.0
PHASE 3B,844,1352000,1352,1929.2405102102775,1029.3683843592198,2494.4598811717515,503.649718229167,514.2433807291671,113.91842640650499,0.0,0.0,0.0
PHASE 3B,845,1353600,1352,1929.2405102102778,1029.3683843592198,2494.4598811717515,503.649718229167,514.2433807291671,113.91842640650496,0.5135714285714286,0.46714285714285725,0.0
PHASE 3B,846,1355200,1352,1929.2405102102778,1029.3683843592198,2494.4598811717515,503.649718229167,514.2433807291671,113.91842640650496,0.53,0.5321428571428571,0.0
PHASE 3B,847,1356800,1352,1929.2405102102778,1029.3683843592198,2494.4598811717515,503.649718229167,514.2433807291671,113.91842640650496,0.5064285714285715,0.47857142857142865,0.0
PHASE 3B,848,1358400,1352,1929.2405102102778,1029.3683843592198,2494.4598811717515,503.649718229167,514.2433807291671,113.91842640650496,0.4564285714285714,0.4335714285714286,0.0
PHASE 3B,849,1360000,1360,1926.8053224286296,1029.3683843592198,2494.4598811717515,498.53035364583366,517.8358130208338,113.80489447025744,0.0,0.0,0.0
PHASE 3B,850,1361600,1360,1926.8053224286296,1029.3683843592198,2494.4598811717515,498.53035364583366,517.8358130208339,113.80489447025747,0.5178571428571429,0.5042857142857143,0.0
PHASE 3B,851,1363200,1360,1926.8053224286296,1029.3683843592198,2494.4598811717515,498.53035364583366,517.8358130208339,113.80489447025747,0.4642857142857143,0.4735714285714286,0.0
PHASE 3B,852,1364800,1360,1926.8053224286296,1029.3683843592198,2494.4598811717515,498.53035364583366,517.8358130208339,113.80489447025747,0.4321428571428571,0.46642857142857147,0.0
PHASE 3B,853,1366400,1360,1926.8053224286296,1029.3683843592198,2494.4598811717515,498.53035364583366,517.8358130208339,113.80489447025747,0.52,0.5114285714285715,0.0
PHASE 3B,854,1368000,1368,1907.0862839029035,1029.3683843592198,2494.4598811717515,490.6510692708338,513.8679130208338,112.82091270141667,0.0,0.0,0.0
PHASE 3B,855,1369600,1368,1907.0862839029035,1029.3683843592198,2494.4598811717515,490.6510692708338,513.8679130208338,112.82091270141667,0.522142857142857,0.47214285714285714,0.0
PHASE 3B,856,1371200,1368,1907.0862839029035,1029.3683843592198,2494.4598811717515,490.6510692708338,513.8679130208338,112.82091270141667,0.48,0.5107142857142858,0.0
PHASE 3B,857,1372800,1368,1907.0862839029035,1029.3683843592198,2494.4598811717515,490.6510692708338,513.8679130208338,112.82091270141667,0.49857142857142867,0.46642857142857147,0.0
PHASE 3B,858,1374400,1368,1907.0862839029035,1029.3683843592198,2494.4598811717515,490.6510692708338,513.8679130208338,112.82091270141667,0.4578571428571429,0.5314285714285714,0.0
PHASE 3B,859,1376000,1376,1909.5292491295868,1029.3683843592198,2494.4598811717515,493.8165786458337,511.53396614583386,113.02233804225197,0.0,0.0,0.0
PHASE 3B,860,1377600,1376,1909.529249129587,1029.3683843592198,2494.4598811717515,493.8165786458339,511.53396614583386,113.02233804225197,0.4614285714285714,0.465,0.0
PHASE 3B,861,1379200,1376,1909.529249129587,1029.3683843592198,2494.4598811717515,493.8165786458339,511.53396614583386,113.02233804225197,0.4149999999999999,0.43,0.0
PHASE 3B,862,1380800,1376,1909.529249129587,1029.3683843592198,2494.4598811717515,493.8165786458339,511.53396614583386,113.02233804225197,0.4821428571428572,0.5271428571428571,0.0
PHASE 3B,863,1382400,1376,1909.529249129587,1029.3683843592198,2494.4598811717515,493.8165786458339,511.53396614583386,113.02233804225197,0.5014285714285716,0.4357142857142858,0.0
PHASE 3B,864,1384000,1384,1919.2686295080684,1029.3683843592198,2494.4598811717515,492.95401093750047,517.3755572916672,113.61738265987464,0.0,0.0,0.0
PHASE 3B,865,1385600,1384,1919.2686295080684,1029.3683843592198,2494.4598811717515,492.95401093750036,517.3755572916672,113.61738265987465,0.42857142857142866,0.5192857142857144,0.0
PHASE 3B,866,1387200,1384,1919.2686295080684,1029.3683843592198,2494.4598811717515,492.95401093750036,517.3755572916672,113.61738265987465,0.4142857142857143,0.5214285714285715,0.0
PHASE 3B,867,1388800,1384,1919.2686295080684,1029.3683843592198,2494.4598811717515,492.95401093750036,517.3755572916672,113.61738265987465,0.48428571428571426,0.43071428571428577,0.0
PHASE 3B,868,1390400,1384,1919.2686295080684,1029.3683843592198,2494.4598811717515,492.95401093750036,517.3755572916672,113.61738265987465,0.4307142857142857,0.47642857142857153,0.0
PHASE 3B,869,1392000,1392,1905.7976374877728,1029.3683843592198,2494.4598811717515,484.93735260416696,517.1450325520838,112.96440654145226,0.0,0.0,0.0
PHASE 3B,870,1393600,1392,1905.7976374877733,1029.3683843592198,2494.4598811717515,484.937352604167,517.1450325520838,112.96440654145226,0.45071428571428573,0.49857142857142867,0.0
PHASE 3B,871,1395200,1392,1905.7976374877733,1029.3683843592198,2494.4598811717515,484.937352604167,517.1450325520838,112.96440654145226,0.48571428571428577,0.54,0.0
PHASE 3B,872,1396800,1392,1905.7976374877733,1029.3683843592198,2494.4598811717515,484.937352604167,517.1450325520838,112.96440654145226,0.4628571428571428,0.44642857142857145,0.0
PHASE 3B,873,1398400,1392,1905.7976374877733,1029.3683843592198,2494.4598811717515,484.937352604167,517.1450325520838,112.96440654145226,0.5228571428571429,0.5271428571428572,0.0
PHASE 3B,874,1400000,1400,1925.0380941128078,1029.3683843592198,2494.4598811717515,495.17771093750036,519.5167908854171,113.79294903624839,0.0,0.0,0.0
PHASE 3B,875,1401600,1400,1925.0380941128078,1029.3683843592198,2494.4598811717515,495.17771093750036,519.5167908854171,113.79294903624839,0.5085714285714286,0.3578571428571429,0.0
PHASE 3B,876,1403200,1400,1925.0380941128078,1029.3683843592198,2494.4598811717515,495.17771093750036,519.5167908854171,113.79294903624839,0.43571428571428567,0.5042857142857142,0.0
PHASE 3B,877,1404800,1400,1925.0380941128078,1029.3683843592198,2494.4598811717515,495.17771093750036,519.5167908854171,113.79294903624839,0.48571428571428577,0.5321428571428571,0.0
PHASE 3B,878,1406400,1400,1925.0380941128078,1029.3683843592198,2494.4598811717515,495.17771093750036,519.5167908854171,113.79294903624839,0.41785714285714287,0.46642857142857147,0.0
PHASE 3B,879,1408000,1408,1932.2206147777715,1029.3683843592198,2494.4598811717515,496.77798697916705,522.3895763020837,114.13163143707702,0.0,0.0,0.0
PHASE 3B,880,1409600,1408,1932.2206147777708,1029.3683843592198,2494.4598811717515,496.7779869791671,522.3895763020839,114.13163143707702,0.475,0.5178571428571429,0.0
PHASE 3B,881,1411200,1408,1932.2206147777708,1029.3683843592198,2494.4598811717515,496.7779869791671,522.3895763020839,114.13163143707702,0.445,0.465,0.0
PHASE 3B,882,1412800,1408,1932.2206147777708,1029.3683843592198,2494.4598811717515,496.7779869791671,522.3895763020839,114.13163143707702,0.5357142857142858,0.49071428571428577,0.0
PHASE 3B,883,1414400,1408,1932.2206147777708,1029.3683843592198,2494.4598811717515,496.7779869791671,522.3895763020839,114.13163143707702,0.4671428571428572,0.492857142857143,0.0
PHASE 3B,884,1416000,1416,1928.1149717599953,1029.3683843592198,2494.4598811717515,496.5527265625005,521.0196476562505,113.81782469266781,0.0,0.0,0.0
PHASE 3B,885,1417600,1416,1928.1149717599953,1029.3683843592198,2494.4598811717515,496.55272656250037,521.0196476562504,113.81782469266781,0.4407142857142857,0.4192857142857143,0.0
PHASE 3B,886,1419200,1416,1928.1149717599953,1029.3683843592198,2494.4598811717515,496.55272656250037,521.0196476562504,113.81782469266781,0.44214285714285717,0.5057142857142857,0.0
PHASE 3B,887,1420800,1416,1928.1149717599953,1029.3683843592198,2494.4598811717515,496.55272656250037,521.0196476562504,113.81782469266781,0.5271428571428572,0.4635714285714285,0.0
PHASE 3B,888,1422400,1416,1928.1149717599953,1029.3683843592198,2494.4598811717515,496.55272656250037,521.0196476562504,113.81782469266781,0.4821428571428571,0.42928571428571416,0.0
PHASE 3B,889,1424000,1424,1948.6458870675401,1029.3683843592198,2494.4598811717515,503.0435276041671,526.1286455729171,114.93421423631906,0.0,0.0,0.0
PHASE 3B,890,1425600,1424,1948.6458870675397,1029.3683843592198,2494.4598811717515,503.0435276041672,526.1286455729171,114.93421423631906,0.4692857142857143,0.5371428571428573,0.0
PHASE 3B,891,1427200,1424,1948.6458870675397,1029.3683843592198,2494.4598811717515,503.0435276041672,526.1286455729171,114.93421423631906,0.4692857142857142,0.45785714285714285,0.0
PHASE 3B,892,1428800,1424,1948.6458870675397,1029.3683843592198,2494.4598811717515,503.0435276041672,526.1286455729171,114.93421423631906,0.4564285714285715,0.5014285714285714,0.0
PHASE 3B,893,1430400,1424,1948.6458870675397,1029.3683843592198,2494.4598811717515,503.0435276041672,526.1286455729171,114.93421423631906,0.44214285714285706,0.4685714285714286,0.0
PHASE 3B,894,1432000,1432,1952.4467803121513,1419.8485212485314,2494.4598811717515,507.09297343750046,524.2202809895838,115.14169073564558,0.0,0.0,0.0
PHASE 3B,895,1433600,1432,1952.4467803121508,1419.8485212485314,2494.4598811717515,507.0929734375004,524.2202809895838,115.14169073564558,0.5264285714285715,0.4714285714285714,0.0
PHASE 3B,896,1435200,1432,1952.4467803121508,1419.8485212485314,2494.4598811717515,507.0929734375004,524.2202809895838,115.14169073564558,0.5228571428571429,0.46571428571428575,0.0
PHASE 3B,897,1436800,1432,1952.4467803121508,1419.8485212485314,2494.4598811717515,507.0929734375004,524.2202809895838,115.14169073564558,0.5228571428571429,0.46571428571428586,0.0
PHASE 3B,898,1438400,1432,1952.4467803121508,1419.8485212485314,2494.4598811717515,507.0929734375004,524.2202809895838,115.14169073564558,0.4321428571428571,0.5164285714285715,0.0
PHASE 3B,899,1440000,1440,1969.0504526157397,1419.8485212485314,2496.618652657315,510.59413020833375,528.4304622395838,116.25323252098977,0.0,0.0,0.0
PHASE 3B,900,1441600,1440,1969.0504526157397,1419.8485212485314,2496.618652657315,510.59413020833364,528.4304622395839,116.25323252098977,0.49857142857142855,0.4185714285714286,0.0
PHASE 3B,901,1443200,1440,1969.0504526157397,1419.8485212485314,2496.618652657315,510.59413020833364,528.4304622395839,116.25323252098977,0.5371428571428571,0.472857142857143,0.0
PHASE 3B,902,1444800,1440,1969.0504526157397,1419.8485212485314,2496.618652657315,510.59413020833364,528.4304622395839,116.25323252098977,0.4671428571428572,0.4892857142857143,0.0
PHASE 3B,903,1446400,1440,1969.0504526157397,1419.8485212485314,2496.618652657315,510.59413020833364,528.4304622395839,116.25323252098977,0.4557142857142858,0.47857142857142865,0.0
PHASE 3B,904,1448000,1448,1974.7911783013424,1419.8485212485314,2496.618652657315,511.77776354166707,529.3809132812505,116.70406268481507,0.0,0.0,0.0
PHASE 3B,905,1449600,1448,1974.7911783013426,1419.8485212485314,2496.618652657315,511.77776354166707,529.3809132812505,116.70406268481506,0.522142857142857,0.47214285714285714,0.0
PHASE 3B,906,1451200,1448,1974.7911783013426,1419.8485212485314,2496.618652657315,511.77776354166707,529.3809132812505,116.70406268481506,0.47071428571428575,0.43714285714285717,0.0
PHASE 3B,907,1452800,1448,1974.7911783013426,1419.8485212485314,2496.618652657315,511.77776354166707,529.3809132812505,116.70406268481506,0.465,0.45999999999999996,0.0
PHASE 3B,908,1454400,1448,1974.7911783013426,1419.8485212485314,2496.618652657315,511.77776354166707,529.3809132812505,116.70406268481506,0.5085714285714287,0.48142857142857143,0.0
PHASE 3B,909,1456000,1456,1982.4910976589672,1419.8485212485314,2496.618652657315,514.1474281250005,531.8992851562505,117.05554804722648,0.0,0.0,0.0
PHASE 3B,910,1457600,1456,1982.4910976589674,1419.8485212485314,2496.618652657315,514.1474281250003,531.8992851562506,117.0555480472265,0.46500000000000014,0.4185714285714286,0.0
PHASE 3B,911,1459200,1456,1982.4910976589674,1419.8485212485314,2496.618652657315,514.1474281250003,531.8992851562506,117.0555480472265,0.5314285714285714,0.4057142857142857,0.0
PHASE 3B,912,1460800,1456,1982.4910976589674,1419.8485212485314,2496.618652657315,514.1474281250003,531.8992851562506,117.0555480472265,0.4514285714285714,0.4642857142857143,0.0
PHASE 3B,913,1462400,1456,1982.4910976589674,1419.8485212485314,2496.618652657315,514.1474281250003,531.8992851562506,117.0555480472265,0.5578571428571429,0.4564285714285715,0.0
PHASE 3B,914,1464000,1464,1997.9792386883037,1419.8485212485314,2496.618652657315,523.7934052083338,531.3996026041673,117.84827885948724,0.0,0.0,0.0
PHASE 3B,915,1465600,1464,1997.9792386883034,1419.8485212485314,2496.618652657315,523.7934052083336,531.3996026041672,117.84827885948722,0.5078571428571429,0.4564285714285715,0.0
PHASE 3B,916,1467200,1464,1997.9792386883034,1419.8485212485314,2496.618652657315,523.7934052083336,531.3996026041672,117.84827885948722,0.4685714285714287,0.44571428571428584,0.0
PHASE 3B,917,1468800,1464,1997.9792386883034,1419.8485212485314,2496.618652657315,523.7934052083336,531.3996026041672,117.84827885948722,0.5450000000000002,0.4671428571428572,0.0
PHASE 3B,918,1470400,1464,1997.9792386883034,1419.8485212485314,2496.618652657315,523.7934052083336,531.3996026041672,117.84827885948722,0.5242857142857142,0.4621428571428572,0.0
PHASE 3B,919,1472000,1472,1999.1958069667555,1419.8485212485314,2496.618652657315,529.0421520833337,527.0514401041671,117.88777684741852,0.0,0.0,0.0
PHASE 3B,920,1473600,1472,1999.1958069667555,1419.8485212485314,2496.618652657315,529.0421520833338,527.051440104167,117.88777684741852,0.4471428571428572,0.51,0.0
PHASE 3B,921,1475200,1472,1999.1958069667555,1419.8485212485314,2496.618652657315,529.0421520833338,527.051440104167,117.88777684741852,0.5192857142857144,0.4621428571428572,0.0
PHASE 3B,922,1476800,1472,1999.1958069667555,1419.8485212485314,2496.618652657315,529.0421520833338,527.051440104167,117.88777684741852,0.46642857142857147,0.4335714285714286,0.0
PHASE 3B,923,1478400,1472,1999.1958069667555,1419.8485212485314,2496.618652657315,529.0421520833338,527.051440104167,117.88777684741852,0.4321428571428571,0.505,0.0
PHASE 3B,924,1480000,1480,1987.2644296810715,1419.8485212485314,2496.618652657315,525.0936031250004,525.3468596354171,117.1029958650935,0.0,0.0,0.0
PHASE 3B,925,1481600,1480,1987.2644296810713,1419.8485212485314,2496.618652657315,525.0936031250004,525.3468596354171,117.1029958650935,0.5478571428571429,0.475,0.0
PHASE 3B,926,1483200,1480,1987.2644296810713,1419.8485212485314,2496.618652657315,525.0936031250004,525.3468596354171,117.1029958650935,0.49785714285714294,0.45857142857142863,0.0
PHASE 3B,927,1484800,1480,1987.2644296810713,1419.8485212485314,2496.618652657315,525.0936031250004,525.3468596354171,117.1029958650935,0.47714285714285715,0.4864285714285715,0.0
PHASE 3B,928,1486400,1480,1987.2644296810713,1419.8485212485314,2496.618652657315,525.0936031250004,525.3468596354171,117.1029958650935,0.4871428571428572,0.4914285714285714,0.0
PHASE 3B,929,1488000,1488,1993.5755019263288,1419.8485212485314,2496.618652657315,530.375382291667,522.4369666666671,117.59539412101115,0.0,0.0,0.0
PHASE 3B,930,1489600,1488,1993.5755019263288,1419.8485212485314,2496.618652657315,530.375382291667,522.4369666666672,117.59539412101115,0.4842857142857143,0.43285714285714283,0.0
PHASE 3B,931,1491200,1488,1993.5755019263288,1419.8485212485314,2496.618652657315,530.375382291667,522.4369666666672,117.59539412101115,0.4600000000000001,0.4607142857142857,0.0
PHASE 3B,932,1492800,1488,1993.5755019263288,1419.8485212485314,2496.618652657315,530.375382291667,522.4369666666672,117.59539412101115,0.5242857142857144,0.4371428571428571,0.0
PHASE 3B,933,1494400,1488,1993.5755019263288,1419.8485212485314,2496.618652657315,530.375382291667,522.4369666666672,117.59539412101115,0.4807142857142857,0.49714285714285716,0.0
PHASE 3B,934,1496000,1496,1985.15761375141,1366.561229501538,2496.618652657315,528.4812192708338,519.9522135416673,117.09052261737524,0.0,0.0,0.0
PHASE 3B,935,1497600,1496,1985.1576137514096,1366.561229501538,2496.618652657315,528.4812192708338,519.9522135416673,117.09052261737523,0.4192857142857143,0.42928571428571427,0.0
PHASE 3B,936,1499200,1496,1985.1576137514096,1366.561229501538,2496.618652657315,528.4812192708338,519.9522135416673,117.09052261737523,0.5142857142857143,0.42214285714285715,0.0
PHASE 3B,937,1500800,1496,1985.1576137514096,1366.561229501538,2496.618652657315,528.4812192708338,519.9522135416673,117.09052261737523,0.5192857142857144,0.48857142857142855,0.0
PHASE 3B,938,1502400,1496,1985.1576137514096,1366.561229501538,2496.618652657315,528.4812192708338,519.9522135416673,117.09052261737523,0.5064285714285715,0.5242857142857142,0.0
PHASE 3B,939,1504000,1504,1971.2081456417832,1366.561229501538,2496.618652657315,522.2414109375005,518.1222419270838,116.35556159716147,0.0,0.0,0.0
PHASE 3B,940,1505600,1504,1971.2081456417832,1366.561229501538,2496.618652657315,522.2414109375004,518.1222419270839,116.35556159716147,0.4764285714285714,0.48357142857142865,0.0
PHASE 3B,941,1507200,1504,1971.2081456417832,1366.561229501538,2496.618652657315,522.2414109375004,518.1222419270839,116.35556159716147,0.5135714285714286,0.4921428571428571,0.0
PHASE 3B,942,1508800,1504,1971.2081456417832,1366.561229501538,2496.618652657315,522.2414109375004,518.1222419270839,116.35556159716147,0.495,0.4842857142857143,0.0
PHASE 3B,943,1510400,1504,1971.2081456417832,1366.561229501538,2496.618652657315,522.2414109375004,518.1222419270839,116.35556159716147,0.49642857142857155,0.47071428571428575,0.0
PHASE 3B,944,1512000,1512,1979.4765102784263,1366.561229501538,2496.618652657315,525.6367630208338,518.8041669270839,116.87944754132508,0.0,0.0,0.0
PHASE 3B,945,1513600,1512,1979.4765102784265,1366.561229501538,2496.618652657315,525.6367630208337,518.8041669270839,116.87944754132508,0.5242857142857144,0.4557142857142857,0.0
PHASE 3B,946,1515200,1512,1979.4765102784265,1366.561229501538,2496.618652657315,525.6367630208337,518.8041669270839,116.87944754132508,0.4642857142857143,0.4364285714285714,0.0
PHASE 3B,947,1516800,1512,1979.4765102784265,1366.561229501538,2496.618652657315,525.6367630208337,518.8041669270839,116.87944754132508,0.4885714285714286,0.5035714285714287,0.0
PHASE 3B,948,1518400,1512,1979.4765102784265,1366.561229501538,2496.618652657315,525.6367630208337,518.8041669270839,116.87944754132508,0.5007142857142857,0.46785714285714286,0.0
PHASE 3B,949,1520000,1520,1975.8532906218245,1366.561229501538,2496.618652657315,530.2002651041671,512.4677210937505,116.64816305299972,0.0,0.0,0.0
PHASE 3B,950,1521600,1520,1975.8532906218243,1366.561229501538,2496.618652657315,530.2002651041671,512.4677210937505,116.64816305299972,0.48357142857142865,0.4685714285714285,0.0
PHASE 3B,951,1523200,1520,1975.8532906218243,1366.561229501538,2496.618652657315,530.2002651041671,512.4677210937505,116.64816305299972,0.4542857142857143,0.42857142857142855,0.0
PHASE 3B,952,1524800,1520,1975.8532906218243,1366.561229501538,2496.618652657315,530.2002651041671,512.4677210937505,116.64816305299972,0.5128571428571429,0.4878571428571429,0.0
PHASE 3B,953,1526400,1520,1975.8532906218243,1366.561229501538,2496.618652657315,530.2002651041671,512.4677210937505,116.64816305299972,0.4864285714285714,0.4992857142857143,0.0
PHASE 3B,954,1528000,1528,1978.0306903187522,1366.561229501538,2496.618652657315,527.4806869791671,514.7273523437506,116.97783137449083,0.0,0.0,0.0
PHASE 3B,955,1529600,1528,1978.0306903187527,1366.561229501538,2496.618652657315,527.4806869791671,514.7273523437506,116.97783137449083,0.5064285714285715,0.4685714285714286,0.0
PHASE 3B,956,1531200,1528,1978.0306903187527,1366.561229501538,2496.618652657315,527.4806869791671,514.7273523437506,116.97783137449083,0.47714285714285715,0.48500000000000004,0.0
PHASE 3B,957,1532800,1528,1978.0306903187527,1366.561229501538,2496.618652657315,527.4806869791671,514.7273523437506,116.97783137449083,0.44857142857142857,0.43714285714285717,0.0
PHASE 3B,958,1534400,1528,1978.0306903187527,1366.561229501538,2496.618652657315,527.4806869791671,514.7273523437506,116.97783137449083,0.49071428571428577,0.45000000000000007,0.0
PHASE 3B,959,1536000,1536,1969.860198502794,1327.4605889324314,2481.268458277411,526.479368229167,512.2909294270839,116.38623760582948,0.0,0.0,0.0
PHASE 3B,960,1537600,1536,1969.860198502794,1327.4605889324314,2481.268458277411,526.4793682291671,512.2909294270839,116.38623760582948,0.4700000000000001,0.4842857142857143,0.0
PHASE 3B,961,1539200,1536,1969.860198502794,1327.4605889324314,2481.268458277411,526.4793682291671,512.2909294270839,116.38623760582948,0.5042857142857143,0.505,0.0
PHASE 3B,962,1540800,1536,1969.860198502794,1327.4605889324314,2481.268458277411,526.4793682291671,512.2909294270839,116.38623760582948,0.43785714285714283,0.46285714285714297,0.0
PHASE 3B,963,1542400,1536,1969.860198502794,1327.4605889324314,2481.268458277411,526.4793682291671,512.2909294270839,116.38623760582948,0.43285714285714294,0.4978571428571429,0.0
PHASE 3B,964,1544000,1544,1958.515446480925,1327.4605889324314,2481.268458277411,519.3836052083337,511.54946380208384,115.94779718382502,0.0,0.0,0.0
PHASE 3B,965,1545600,1544,1958.5154464809252,1327.4605889324314,2481.268458277411,519.3836052083337,511.5494638020839,115.94779718382502,0.5157142857142858,0.44642857142857134,0.0
PHASE 3B,966,1547200,1544,1958.5154464809252,1327.4605889324314,2481.268458277411,519.3836052083337,511.5494638020839,115.94779718382502,0.5028571428571429,0.44857142857142857,0.0
PHASE 3B,967,1548800,1544,1958.5154464809252,1327.4605889324314,2481.268458277411,519.3836052083337,511.5494638020839,115.94779718382502,0.4007142857142857,0.4078571428571428,0.0
PHASE 3B,968,1550400,1544,1958.5154464809252,1327.4605889324314,2481.268458277411,519.3836052083337,511.5494638020839,115.94779718382502,0.5007142857142858,0.4357142857142858,0.0
PHASE 3B,969,1552000,1552,1953.5770316707942,1327.4605889324314,2481.268458277411,520.5321614583337,507.63448359375064,115.67629832735024,0.0,0.0,0.0
PHASE 3B,970,1553600,1552,1953.5770316707942,1327.4605889324314,2481.268458277411,520.5321614583338,507.63448359375064,115.67629832735024,0.4871428571428572,0.45,0.0
PHASE 3B,971,1555200,1552,1953.5770316707942,1327.4605889324314,2481.268458277411,520.5321614583338,507.63448359375064,115.67629832735024,0.47285714285714286,0.45428571428571435,0.0
PHASE 3B,972,1556800,1552,1953.5770316707942,1327.4605889324314,2481.268458277411,520.5321614583338,507.63448359375064,115.67629832735024,0.4557142857142857,0.4714285714285714,0.0
PHASE 3B,973,1558400,1552,1953.5770316707942,1327.4605889324314,2481.268458277411,520.5321614583338,507.63448359375064,115.67629832735024,0.47000000000000003,0.47857142857142865,0.0
PHASE 3B,974,1560000,1560,1943.9114344298127,1327.4605889324314,2481.268458277411,519.448023697917,502.98402421875056,115.18492331415469,0.0,0.0,0.0
PHASE 3B,975,1561600,1560,1943.911434429813,1327.4605889324314,2481.268458277411,519.448023697917,502.9840242187505,115.18492331415469,0.44857142857142857,0.47857142857142865,0.0
PHASE 3B,976,1563200,1560,1943.911434429813,1327.4605889324314,2481.268458277411,519.448023697917,502.9840242187505,115.18492331415469,0.4400000000000001,0.4435714285714285,0.0
PHASE 3B,977,1564800,1560,1943.911434429813,1327.4605889324314,2481.268458277411,519.448023697917,502.9840242187505,115.18492331415469,0.5721428571428572,0.47071428571428575,0.0
PHASE 3B,978,1566400,1560,1943.911434429813,1327.4605889324314,2481.268458277411,519.448023697917,502.9840242187505,115.18492331415469,0.5050000000000001,0.4385714285714285,0.0
PHASE 3B,979,1568000,1568,1953.7962912127537,1327.4605889324314,2481.268458277411,522.7046726562504,504.7624588541672,115.79114496280361,0.0,0.0,0.0
PHASE 3B,980,1569600,1568,1953.7962912127537,1327.4605889324314,2481.268458277411,522.7046726562505,504.7624588541671,115.79114496280361,0.43428571428571433,0.4321428571428572,0.0
PHASE 3B,981,1571200,1568,1953.7962912127537,1327.4605889324314,2481.268458277411,522.7046726562505,504.7624588541671,115.79114496280361,0.472857142857143,0.4671428571428572,0.0
PHASE 3B,982,1572800,1568,1953.7962912127537,1327.4605889324314,2481.268458277411,522.7046726562505,504.7624588541671,115.79114496280361,0.5264285714285715,0.4557142857142858,0.0
PHASE 3B,983,1574400,1568,1953.7962912127537,1327.4605889324314,2481.268458277411,522.7046726562505,504.7624588541671,115.79114496280361,0.4671428571428572,0.47785714285714287,0.0
PHASE 3B,984,1576000,1576,1957.6101441249248,1327.4605889324314,2481.268458277411,519.3643059895838,510.2399901041671,116.0007310039085,0.0,0.0,0.0
PHASE 3B,985,1577600,1576,1957.6101441249248,1327.4605889324314,2481.268458277411,519.3643059895837,510.2399901041673,116.00073100390851,0.5064285714285715,0.4757142857142857,0.0
PHASE 3B,986,1579200,1576,1957.6101441249248,1327.4605889324314,2481.268458277411,519.3643059895837,510.2399901041673,116.00073100390851,0.4692857142857143,0.4335714285714286,0.0
PHASE 3B,987,1580800,1576,1957.6101441249248,1327.4605889324314,2481.268458277411,519.3643059895837,510.2399901041673,116.00073100390851,0.5057142857142857,0.47785714285714287,0.0
PHASE 3B,988,1582400,1576,1957.6101441249248,1327.4605889324314,2481.268458277411,519.3643059895837,510.2399901041673,116.00073100390851,0.48285714285714293,0.4692857142857143,0.0
PHASE 3B,989,1584000,1584,1954.4891443326758,1327.4605889324314,2481.268458277411,516.3938778645837,511.25744296875064,115.85472793742946,0.0,0.0,0.0
PHASE 3B,990,1585600,1584,1954.489144332676,1327.4605889324314,2481.268458277411,516.3938778645837,511.25744296875047,115.85472793742946,0.48428571428571426,0.4564285714285715,0.0
PHASE 3B,991,1587200,1584,1954.489144332676,1327.4605889324314,2481.268458277411,516.3938778645837,511.25744296875047,115.85472793742946,0.45071428571428573,0.4692857142857143,0.0
PHASE 3B,992,1588800,1584,1954.489144332676,1327.4605889324314,2481.268458277411,516.3938778645837,511.25744296875047,115.85472793742946,0.43500000000000005,0.48357142857142865,0.0
PHASE 3B,993,1590400,1584,1954.489144332676,1327.4605889324314,2481.268458277411,516.3938778645837,511.25744296875047,115.85472793742946,0.45928571428571435,0.44785714285714284,0.0
PHASE 3B,994,1592000,1592,1943.4870492712869,1327.4605889324314,2436.9536178613453,511.2877986979171,511.3196773437506,115.10994665371419,0.0,0.0,0.0
PHASE 3B,995,1593600,1592,1943.4870492712864,1327.4605889324314,2436.9536178613453,511.287798697917,511.3196773437505,115.10994665371422,0.5035714285714286,0.4935714285714286,0.0
PHASE 3B,996,1595200,1592,1943.4870492712864,1327.4605889324314,2436.9536178613453,511.287798697917,511.3196773437505,115.10994665371422,0.45999999999999996,0.4621428571428572,0.0
PHASE 3B,997,1596800,1592,1943.4870492712864,1327.4605889324314,2436.9536178613453,511.287798697917,511.3196773437505,115.10994665371422,0.45857142857142863,0.4735714285714286,0.0
PHASE 3B,998,1598400,1592,1943.4870492712864,1327.4605889324314,2436.9536178613453,511.287798697917,511.3196773437505,115.10994665371422,0.4750000000000001,0.4142857142857143,0.0
PHASE 3B,999,1600000,1600,1934.8528424536773,1327.4605889324314,2436.9536178613453,508.3255872395837,508.25690104166716,114.7837942715652,0.0,0.0,0.0
PHASE 3B,1000,1601600,1600,1934.8528424536778,1327.4605889324314,2436.9536178613453,508.32558723958374,508.2569010416672,114.7837942715652,0.4757142857142857,0.4807142857142857,0.0
PHASE 3B,1001,1603200,1600,1934.8528424536778,1327.4605889324314,2436.9536178613453,508.32558723958374,508.2569010416672,114.7837942715652,0.4471428571428572,0.42714285714285716,0.0
PHASE 3B,1002,1604800,1600,1934.8528424536778,1327.4605889324314,2436.9536178613453,508.32558723958374,508.2569010416672,114.7837942715652,0.5128571428571429,0.4307142857142857,0.0
PHASE 3B,1003,1606400,1600,1934.8528424536778,1327.4605889324314,2436.9536178613453,508.32558723958374,508.2569010416672,114.7837942715652,0.4971428571428572,0.4892857142857143,0.0
PHASE 3B,1004,1608000,1608,1937.551469745132,1327.4605889324314,2436.9536178613453,515.7548195312504,502.8450468750006,114.86895041737202,0.0,0.0,0.0
PHASE 3B,1005,1609600,1608,1937.551469745132,1327.4605889324314,2436.9536178613453,515.7548195312504,502.8450468750006,114.86895041737202,0.5164285714285716,0.40428571428571436,0.0
PHASE 3B,1006,1611200,1608,1937.551469745132,1327.4605889324314,2436.9536178613453,515.7548195312504,502.8450468750006,114.86895041737202,0.4707142857142858,0.48285714285714293,0.0
PHASE 3B,1007,1612800,1608,1937.551469745132,1327.4605889324314,2436.9536178613453,515.7548195312504,502.8450468750006,114.86895041737202,0.49000000000000005,0.4464285714285715,0.0
PHASE 3B,1008,1614400,1608,1937.551469745132,1327.4605889324314,2436.9536178613453,515.7548195312504,502.8450468750006,114.86895041737202,0.42928571428571427,0.5435714285714286,0.0
PHASE 3B,1009,1616000,1616,1941.7377200828912,1327.4605889324314,2536.2467903435,513.7357497395838,507.6699291666674,115.04150514709207,0.0,0.0,0.0
PHASE 3B,1010,1617600,1616,1941.7377200828912,1327.4605889324314,2536.2467903435,513.7357497395838,507.6699291666672,115.04150514709207,0.4442857142857143,0.4885714285714286,0.0
PHASE 3B,1011,1619200,1616,1941.7377200828912,1327.4605889324314,2536.2467903435,513.7357497395838,507.6699291666672,115.04150514709207,0.47785714285714287,0.4514285714285714,0.0
PHASE 3B,1012,1620800,1616,1941.7377200828912,1327.4605889324314,2536.2467903435,513.7357497395838,507.6699291666672,115.04150514709207,0.42857142857142855,0.4778571428571429,0.0
PHASE 3B,1013,1622400,1616,1941.7377200828912,1327.4605889324314,2536.2467903435,513.7357497395838,507.6699291666672,115.04150514709207,0.47928571428571426,0.5192857142857144,0.0
PHASE 3B,1014,1624000,1624,1940.3417603394482,1327.4605889324314,2536.2467903435,513.5013226562504,508.2265458333337,114.82673648124526,0.0,0.0,0.0
PHASE 3B,1015,1625600,1624,1940.341760339449,1327.4605889324314,2536.2467903435,513.5013226562503,508.22654583333383,114.82673648124526,0.5035714285714286,0.5278571428571428,0.0
PHASE 3B,1016,1627200,1624,1940.341760339449,1327.4605889324314,2536.2467903435,513.5013226562503,508.22654583333383,114.82673648124526,0.49428571428571433,0.5228571428571429,0.0
PHASE 3B,1017,1628800,1624,1940.341760339449,1327.4605889324314,2536.2467903435,513.5013226562503,508.22654583333383,114.82673648124526,0.48571428571428577,0.40857142857142853,0.0
PHASE 3B,1018,1630400,1624,1940.341760339449,1327.4605889324314,2536.2467903435,513.5013226562503,508.22654583333383,114.82673648124526,0.4878571428571428,0.48071428571428576,0.0
PHASE 3B,1019,1632000,1632,1947.3486717947674,1408.5984848550215,2536.2467903435,513.8795684895837,511.9499218750005,115.18989767878521,0.0,0.0,0.0
PHASE 3B,1020,1633600,1632,1947.3486717947671,1408.5984848550215,2536.2467903435,513.8795684895837,511.9499218750004,115.18989767878521,0.5221428571428571,0.5050000000000001,0.0
PHASE 3B,1021,1635200,1632,1947.3486717947671,1408.5984848550215,2536.2467903435,513.8795684895837,511.9499218750004,115.18989767878521,0.4942857142857142,0.47000000000000003,0.0
PHASE 3B,1022,1636800,1632,1947.3486717947671,1408.5984848550215,2536.2467903435,513.8795684895837,511.9499218750004,115.18989767878521,0.48285714285714293,0.5178571428571429,0.0
PHASE 3B,1023,1638400,1632,1947.3486717947671,1408.5984848550215,2536.2467903435,513.8795684895837,511.9499218750004,115.18989767878521,0.47000000000000003,0.47857142857142865,0.0
PHASE 3B,1024,1640000,1640,1944.7015142549235,1408.5984848550215,2536.2467903435,510.5857309895836,513.8486187500005,115.0333955644297,0.0,0.0,0.0
PHASE 3B,1025,1641600,1640,1944.7015142549237,1408.5984848550215,2536.2467903435,510.58573098958374,513.8486187500006,115.0333955644297,0.5292857142857144,0.5328571428571428,0.0
PHASE 3B,1026,1643200,1640,1944.7015142549237,1408.5984848550215,2536.2467903435,510.58573098958374,513.8486187500006,115.0333955644297,0.4800000000000001,0.5542857142857144,0.0
PHASE 3B,1027,1644800,1640,1944.7015142549237,1408.5984848550215,2536.2467903435,510.58573098958374,513.8486187500006,115.0333955644297,0.4492857142857143,0.5107142857142858,0.0
PHASE 3B,1028,1646400,1640,1944.7015142549237,1408.5984848550215,2536.2467903435,510.58573098958374,513.8486187500006,115.0333955644297,0.4735714285714286,0.4692857142857143,0.0
PHASE 3B,1029,1648000,1648,1951.1224532981496,1408.5984848550215,2536.2467903435,510.6705039062505,518.1365000000004,115.2894311739995,0.0,0.0,0.0
PHASE 3B,1030,1649600,1648,1951.1224532981498,1408.5984848550215,2536.2467903435,510.6705039062503,518.1365000000005,115.2894311739995,0.4671428571428571,0.47785714285714287,0.0
PHASE 3B,1031,1651200,1648,1951.1224532981498,1408.5984848550215,2536.2467903435,510.6705039062503,518.1365000000005,115.2894311739995,0.47071428571428575,0.4735714285714286,0.0
PHASE 3B,1032,1652800,1648,1951.1224532981498,1408.5984848550215,2536.2467903435,510.6705039062503,518.1365000000005,115.2894311739995,0.47285714285714286,0.4571428571428572,0.0
PHASE 3B,1033,1654400,1648,1951.1224532981498,1408.5984848550215,2536.2467903435,510.6705039062503,518.1365000000005,115.2894311739995,0.445,0.5014285714285716,0.0
PHASE 3B,1034,1656000,1656,1958.0554387927612,1408.5984848550215,2536.2467903435,511.119919791667,521.9431364583338,115.62404781785705,0.0,0.0,0.0
PHASE 3B,1035,1657600,1656,1958.055438792761,1408.5984848550215,2536.2467903435,511.11991979166714,521.9431364583338,115.62404781785705,0.5021428571428572,0.517857142857143,0.0
PHASE 3B,1036,1659200,1656,1958.055438792761,1408.5984848550215,2536.2467903435,511.11991979166714,521.9431364583338,115.62404781785705,0.38785714285714296,0.4885714285714286,0.0
PHASE 3B,1037,1660800,1656,1958.055438792761,1408.5984848550215,2536.2467903435,511.11991979166714,521.9431364583338,115.62404781785705,0.46142857142857147,0.5021428571428571,0.0
PHASE 3B,1038,1662400,1656,1958.055438792761,1408.5984848550215,2536.2467903435,511.11991979166714,521.9431364583338,115.62404781785705,0.5314285714285716,0.5114285714285715,0.0
PHASE 3B,1039,1664000,1664,1943.7443012172307,1408.5984848550215,2536.2467903435,507.94638932291707,517.6807177083338,114.7646492732595,0.0,0.0,0.0
PHASE 3B,1040,1665600,1664,1943.7443012172307,1408.5984848550215,2536.2467903435,507.946389322917,517.6807177083338,114.7646492732595,0.5064285714285715,0.495,0.0
PHASE 3B,1041,1667200,1664,1943.7443012172307,1408.5984848550215,2536.2467903435,507.946389322917,517.6807177083338,114.7646492732595,0.4407142857142857,0.5407142857142857,0.0
PHASE 3B,1042,1668800,1664,1943.7443012172307,1408.5984848550215,2536.2467903435,507.946389322917,517.6807177083338,114.7646492732595,0.4392857142857142,0.48,0.0
PHASE 3B,1043,1670400,1664,1943.7443012172307,1408.5984848550215,2536.2467903435,507.946389322917,517.6807177083338,114.7646492732595,0.4542857142857143,0.4814285714285715,0.0
PHASE 3B,1044,1672000,1672,1933.4763731833746,1408.5984848550215,2536.2467903435,506.4187164062504,514.0550437500006,114.1253266284025,0.0,0.0,0.0
PHASE 3B,1045,1673600,1672,1933.4763731833746,1408.5984848550215,2536.2467903435,506.4187164062504,514.0550437500004,114.12532662840253,0.5107142857142858,0.48428571428571426,0.0
PHASE 3B,1046,1675200,1672,1933.4763731833746,1408.5984848550215,2536.2467903435,506.4187164062504,514.0550437500004,114.12532662840253,0.4385714285714286,0.46642857142857147,0.0
PHASE 3B,1047,1676800,1672,1933.4763731833746,1408.5984848550215,2536.2467903435,506.4187164062504,514.0550437500004,114.12532662840253,0.4435714285714286,0.5071428571428571,0.0
PHASE 3B,1048,1678400,1672,1933.4763731833746,1408.5984848550215,2536.2467903435,506.4187164062504,514.0550437500004,114.12532662840253,0.4742857142857143,0.42214285714285715,0.0
PHASE 3B,1049,1680000,1680,1939.864478592025,1408.5984848550215,2536.2467903435,510.5784559895837,512.6427635416673,114.5804073826088,0.0,0.0,0.0
PHASE 3B,1050,1681600,1680,1939.864478592025,1408.5984848550215,2536.2467903435,510.5784559895837,512.6427635416671,114.58040738260877,0.49142857142857155,0.4507142857142858,0.0
PHASE 3B,1051,1683200,1680,1939.864478592025,1408.5984848550215,2536.2467903435,510.5784559895837,512.6427635416671,114.58040738260877,0.4228571428571429,0.5071428571428571,0.0
PHASE 3B,1052,1684800,1680,1939.864478592025,1408.5984848550215,2536.2467903435,510.5784559895837,512.6427635416671,114.58040738260877,0.48071428571428576,0.5285714285714287,0.0
PHASE 3B,1053,1686400,1680,1939.864478592025,1408.5984848550215,2536.2467903435,510.5784559895837,512.6427635416671,114.58040738260877,0.40285714285714286,0.4442857142857143,0.0
PHASE 3B,1054,1688000,1688,1937.9584809609723,1408.5984848550215,2536.2467903435,510.2127007812503,511.91681875000046,114.47862017872714,0.0,0.0,0.0
PHASE 3B,1055,1689600,1688,1937.9584809609723,1408.5984848550215,2536.2467903435,510.21270078125025,511.91681875000046,114.47862017872716,0.465,0.39357142857142857,0.0
PHASE 3B,1056,1691200,1688,1937.9584809609723,1408.5984848550215,2536.2467903435,510.21270078125025,511.91681875000046,114.47862017872716,0.46071428571428574,0.4671428571428571,0.0
PHASE 3B,1057,1692800,1688,1937.9584809609723,1408.5984848550215,2536.2467903435,510.21270078125025,511.91681875000046,114.47862017872716,0.42857142857142855,0.4807142857142857,0.0
PHASE 3B,1058,1694400,1688,1937.9584809609723,1408.5984848550215,2536.2467903435,510.21270078125025,511.91681875000046,114.47862017872716,0.44142857142857145,0.5135714285714286,0.0
PHASE 3B,1059,1696000,1696,1954.5940526155612,1408.5984848550215,2536.2467903435,514.9888934895837,517.2481406250005,115.2946273126341,0.0,0.0,0.0
PHASE 3B,1060,1697600,1696,1954.594052615561,1408.5984848550215,2536.2467903435,514.9888934895837,517.2481406250005,115.2946273126341,0.5207142857142857,0.45285714285714285,0.0
PHASE 3B,1061,1699200,1696,1954.594052615561,1408.5984848550215,2536.2467903435,514.9888934895837,517.2481406250005,115.2946273126341,0.4357142857142858,0.5221428571428571,0.0
PHASE 3B,1062,1700800,1696,1954.594052615561,1408.5984848550215,2536.2467903435,514.9888934895837,517.2481406250005,115.2946273126341,0.43714285714285717,0.48571428571428577,0.0
PHASE 3B,1063,1702400,1696,1954.594052615561,1408.5984848550215,2536.2467903435,514.9888934895837,517.2481406250005,115.2946273126341,0.49857142857142855,0.49214285714285716,0.0
PHASE 3B,1064,1704000,1704,1970.0046767212903,1495.955943527424,2536.2467903435,515.7559726562503,523.5750864583338,116.33420220085041,0.0,0.0,0.0
PHASE 3B,1065,1705600,1704,1970.0046767212905,1495.955943527424,2536.2467903435,515.7559726562504,523.5750864583338,116.33420220085041,0.4971428571428572,0.4535714285714286,0.0
PHASE 3B,1066,1707200,1704,1970.0046767212905,1495.955943527424,2536.2467903435,515.7559726562504,523.5750864583338,116.33420220085041,0.4950000000000001,0.5357142857142858,0.0
PHASE 3B,1067,1708800,1704,1970.0046767212905,1495.955943527424,2536.2467903435,515.7559726562504,523.5750864583338,116.33420220085041,0.49214285714285716,0.4842857142857143,0.0
PHASE 3B,1068,1710400,1704,1970.0046767212905,1495.955943527424,2536.2467903435,515.7559726562504,523.5750864583338,116.33420220085041,0.4671428571428572,0.48500000000000004,0.0
PHASE 3B,1069,1712000,1712,1980.2515616768176,1495.955943527424,2536.2467903435,516.9733375000003,527.2271395833337,117.00638557419747,0.0,0.0,0.0
PHASE 3B,1070,1713600,1712,1980.2515616768173,1495.955943527424,2536.2467903435,516.9733375000003,527.2271395833338,117.00638557419747,0.49214285714285716,0.4357142857142858,0.0
PHASE 3B,1071,1715200,1712,1980.2515616768173,1495.955943527424,2536.2467903435,516.9733375000003,527.2271395833338,117.00638557419747,0.5385714285714287,0.47857142857142854,0.0
PHASE 3B,1072,1716800,1712,1980.2515616768173,1495.955943527424,2536.2467903435,516.9733375000003,527.2271395833338,117.00638557419747,0.445,0.44142857142857145,0.0
PHASE 3B,1073,1718400,1712,1980.2515616768173,1495.955943527424,2536.2467903435,516.9733375000003,527.2271395833338,117.00638557419747,0.5157142857142858,0.4278571428571428,0.0
PHASE 3B,1074,1720000,1720,1971.2190816855937,1495.955943527424,2475.5719955047643,511.46413854166707,526.9443562500005,116.60132336175283,0.0,0.0,0.0
PHASE 3B,1075,1721600,1720,1971.219081685594,1495.955943527424,2475.5719955047643,511.46413854166696,526.9443562500005,116.60132336175286,0.5328571428571428,0.5121428571428572,0.0
PHASE 3B,1076,1723200,1720,1971.219081685594,1495.955943527424,2475.5719955047643,511.46413854166696,526.9443562500005,116.60132336175286,0.47285714285714286,0.48500000000000004,0.0
PHASE 3B,1077,1724800,1720,1971.219081685594,1495.955943527424,2475.5719955047643,511.46413854166696,526.9443562500005,116.60132336175286,0.46571428571428575,0.47000000000000003,0.0
PHASE 3B,1078,1726400,1720,1971.219081685594,1495.955943527424,2475.5719955047643,511.46413854166696,526.9443562500005,116.60132336175286,0.4764285714285714,0.495,0.0
PHASE 3B,1079,1728000,1728,1977.6710637151552,1495.955943527424,2475.5719955047643,512.0240552083337,529.4121635416672,117.0293556206562,0.0,0.0,0.0
PHASE 3B,1080,1729600,1728,1977.6710637151548,1495.955943527424,2475.5719955047643,512.0240552083337,529.4121635416673,117.02935562065619,0.45357142857142857,0.47285714285714286,0.0
PHASE 3B,1081,1731200,1728,1977.6710637151548,1495.955943527424,2475.5719955047643,512.0240552083337,529.4121635416673,117.02935562065619,0.5050000000000001,0.5071428571428572,0.0
PHASE 3B,1082,1732800,1728,1977.6710637151548,1495.955943527424,2475.5719955047643,512.0240552083337,529.4121635416673,117.02935562065619,0.4957142857142857,0.4871428571428572,0.0
PHASE 3B,1083,1734400,1728,1977.6710637151548,1495.955943527424,2475.5719955047643,512.0240552083337,529.4121635416673,117.02935562065619,0.5150000000000001,0.5114285714285713,0.0
PHASE 3B,1084,1736000,1736,1977.3482602158726,1495.955943527424,2475.5719955047643,512.8448083333337,528.1485281250006,117.04436546970419,0.0,0.0,0.0
PHASE 3B,1085,1737600,1736,1977.348260215873,1495.955943527424,2475.5719955047643,512.8448083333337,528.1485281250006,117.04436546970419,0.4342857142857143,0.45928571428571435,0.0
PHASE 3B,1086,1739200,1736,1977.348260215873,1495.955943527424,2475.5719955047643,512.8448083333337,528.1485281250006,117.04436546970419,0.5142857142857142,0.48857142857142855,0.0
PHASE 3B,1087,1740800,1736,1977.348260215873,1495.955943527424,2475.5719955047643,512.8448083333337,528.1485281250006,117.04436546970419,0.4807142857142857,0.5371428571428571,0.0
PHASE 3B,1088,1742400,1736,1977.348260215873,1495.955943527424,2475.5719955047643,512.8448083333337,528.1485281250006,117.04436546970419,0.47071428571428575,0.46571428571428575,0.0
PHASE 3B,1089,1744000,1744,1972.2333844368177,1330.8106239567828,2475.5719955047643,512.2455416666671,526.0273937500006,116.74505612753065,0.0,0.0,0.0
PHASE 3B,1090,1745600,1744,1972.2333844368175,1330.8106239567828,2475.5719955047643,512.245541666667,526.0273937500004,116.74505612753066,0.44214285714285717,0.5614285714285714,0.0
PHASE 3B,1091,1747200,1744,1972.2333844368175,1330.8106239567828,2475.5719955047643,512.245541666667,526.0273937500004,116.74505612753066,0.45500000000000007,0.5264285714285715,0.0
PHASE 3B,1092,1748800,1744,1972.2333844368175,1330.8106239567828,2475.5719955047643,512.245541666667,526.0273937500004,116.74505612753066,0.4671428571428571,0.48,0.0
PHASE 3B,1093,1750400,1744,1972.2333844368175,1330.8106239567828,2475.5719955047643,512.245541666667,526.0273937500004,116.74505612753066,0.4707142857142858,0.44714285714285723,0.0
PHASE 3B,1094,1752000,1752,1974.2616667632074,1330.8106239567828,2595.711852063675,514.6327583333336,523.6961843750005,116.99159050687108,0.0,0.0,0.0
PHASE 3B,1095,1753600,1752,1974.261666763208,1330.8106239567828,2595.711852063675,514.6327583333338,523.6961843750005,116.99159050687108,0.4685714285714285,0.5,0.0
PHASE 3B,1096,1755200,1752,1974.261666763208,1330.8106239567828,2595.711852063675,514.6327583333338,523.6961843750005,116.99159050687108,0.5185714285714286,0.49785714285714294,0.0
PHASE 3B,1097,1756800,1752,1974.261666763208,1330.8106239567828,2595.711852063675,514.6327583333338,523.6961843750005,116.99159050687108,0.5228571428571429,0.47000000000000003,0.0
PHASE 3B,1098,1758400,1752,1974.261666763208,1330.8106239567828,2595.711852063675,514.6327583333338,523.6961843750005,116.99159050687108,0.5057142857142857,0.46357142857142863,0.0
PHASE 3B,1099,1760000,1760,1970.106969638022,1330.8106239567828,2595.711852063675,511.5394093750004,523.8370361979171,116.84131550814983,0.0,0.0,0.0
PHASE 3B,1100,1761600,1760,1970.1069696380218,1330.8106239567828,2595.711852063675,511.53940937500033,523.8370361979171,116.84131550814986,0.47000000000000003,0.4800000000000001,0.0
PHASE 3B,1101,1763200,1760,1970.1069696380218,1330.8106239567828,2595.711852063675,511.53940937500033,523.8370361979171,116.84131550814986,0.46571428571428575,0.40285714285714286,0.0
PHASE 3B,1102,1764800,1760,1970.1069696380218,1330.8106239567828,2595.711852063675,511.53940937500033,523.8370361979171,116.84131550814986,0.46428571428571425,0.4864285714285714,0.0
PHASE 3B,1103,1766400,1760,1970.1069696380218,1330.8106239567828,2595.711852063675,511.53940937500033,523.8370361979171,116.84131550814986,0.5514285714285714,0.42857142857142866,0.0
PHASE 3B,1104,1768000,1768,1971.5907243768133,1330.8106239567828,2595.711852063675,511.41105598958376,524.7935122395838,116.92326951846749,0.0,0.0,0.0
PHASE 3B,1105,1769600,1768,1971.5907243768133,1330.8106239567828,2595.711852063675,511.41105598958376,524.7935122395838,116.92326951846748,0.425,0.4571428571428572,0.0
PHASE 3B,1106,1771200,1768,1971.5907243768133,1330.8106239567828,2595.711852063675,511.41105598958376,524.7935122395838,116.92326951846748,0.47071428571428575,0.45857142857142863,0.0
PHASE 3B,1107,1772800,1768,1971.5907243768133,1330.8106239567828,2595.711852063675,511.41105598958376,524.7935122395838,116.92326951846748,0.45999999999999996,0.5214285714285715,0.0
PHASE 3B,1108,1774400,1768,1971.5907243768133,1330.8106239567828,2595.711852063675,511.41105598958376,524.7935122395838,116.92326951846748,0.522142857142857,0.5107142857142858,0.0
PHASE 3B,1109,1776000,1776,1972.2099541953355,1330.8106239567828,2595.711852063675,511.077258072917,524.5905070312506,117.06777363640755,0.0,0.0,0.0
PHASE 3B,1110,1777600,1776,1972.2099541953355,1330.8106239567828,2595.711852063675,511.0772580729171,524.5905070312506,117.06777363640755,0.48357142857142865,0.5085714285714287,0.0
PHASE 3B,1111,1779200,1776,1972.2099541953355,1330.8106239567828,2595.711852063675,511.0772580729171,524.5905070312506,117.06777363640755,0.5107142857142857,0.5085714285714287,0.0
PHASE 3B,1112,1780800,1776,1972.2099541953355,1330.8106239567828,2595.711852063675,511.0772580729171,524.5905070312506,117.06777363640755,0.4600000000000001,0.4521428571428571,0.0
PHASE 3B,1113,1782400,1776,1972.2099541953355,1330.8106239567828,2595.711852063675,511.0772580729171,524.5905070312506,117.06777363640755,0.5385714285714286,0.5242857142857142,0.0
PHASE 3B,1114,1784000,1784,1960.4961698089987,1330.8106239567828,2595.711852063675,508.4430466145838,520.9989893229172,116.3817667339488,0.0,0.0,0.0
PHASE 3B,1115,1785600,1784,1960.4961698089987,1330.8106239567828,2595.711852063675,508.44304661458375,520.9989893229173,116.3817667339488,0.4821428571428571,0.45071428571428573,0.0
PHASE 3B,1116,1787200,1784,1960.4961698089987,1330.8106239567828,2595.711852063675,508.44304661458375,520.9989893229173,116.3817667339488,0.4078571428571429,0.4600000000000001,0.0
PHASE 3B,1117,1788800,1784,1960.4961698089987,1330.8106239567828,2595.711852063675,508.44304661458375,520.9989893229173,116.3817667339488,0.4821428571428571,0.4935714285714285,0.0
PHASE 3B,1118,1790400,1784,1960.4961698089987,1330.8106239567828,2595.711852063675,508.44304661458375,520.9989893229173,116.3817667339488,0.44142857142857145,0.4492857142857143,0.0
PHASE 3B,1119,1792000,1792,1947.1547698698278,1232.7636080503116,2595.711852063675,502.27933932291705,518.7045716145839,115.77135736655218,0.0,0.0,0.0
PHASE 3B,1120,1793600,1792,1947.1547698698275,1232.7636080503116,2595.711852063675,502.27933932291717,518.704571614584,115.77135736655218,0.4192857142857143,0.5021428571428572,0.0
PHASE 3B,1121,1795200,1792,1947.1547698698275,1232.7636080503116,2595.711852063675,502.27933932291717,518.704571614584,115.77135736655218,0.49571428571428583,0.5071428571428572,0.0
PHASE 3B,1122,1796800,1792,1947.1547698698275,1232.7636080503116,2595.711852063675,502.27933932291717,518.704571614584,115.77135736655218,0.5149999999999999,0.5221428571428572,0.0
PHASE 3B,1123,1798400,1792,1947.1547698698275,1232.7636080503116,2595.711852063675,502.27933932291717,518.704571614584,115.77135736655218,0.5128571428571428,0.5435714285714286,0.0
PHASE 3B,1124,1800000,1800,1942.0485689303177,1232.7636080503116,2595.711852063675,503.2902882812504,516.2010382812507,115.3196552959884,0.0,0.0,0.0
PHASE 3B,1125,1801600,1800,1942.048568930318,1232.7636080503116,2595.711852063675,503.2902882812504,516.2010382812506,115.31965529598838,0.4807142857142857,0.47928571428571437,0.0
PHASE 3B,1126,1803200,1800,1942.048568930318,1232.7636080503116,2595.711852063675,503.2902882812504,516.2010382812506,115.31965529598838,0.45928571428571424,0.5457142857142857,0.0
PHASE 3B,1127,1804800,1800,1942.048568930318,1232.7636080503116,2595.711852063675,503.2902882812504,516.2010382812506,115.31965529598838,0.4685714285714285,0.46357142857142863,0.0
PHASE 3B,1128,1806400,1800,1942.048568930318,1232.7636080503116,2595.711852063675,503.2902882812504,516.2010382812506,115.31965529598838,0.5271428571428572,0.4685714285714287,0.0
PHASE 3B,1129,1808000,1808,1946.1231709450387,1232.7636080503116,2595.711852063675,504.05304505208375,518.7059247395839,115.42052514418269,0.0,0.0,0.0
PHASE 3B,1130,1809600,1808,1946.123170945038,1232.7636080503116,2595.711852063675,504.05304505208375,518.7059247395839,115.4205251441827,0.4885714285714286,0.44214285714285717,0.0
PHASE 3B,1131,1811200,1808,1946.123170945038,1232.7636080503116,2595.711852063675,504.05304505208375,518.7059247395839,115.4205251441827,0.4714285714285714,0.48999999999999994,0.0
PHASE 3B,1132,1812800,1808,1946.123170945038,1232.7636080503116,2595.711852063675,504.05304505208375,518.7059247395839,115.4205251441827,0.465,0.47857142857142854,0.0
PHASE 3B,1133,1814400,1808,1946.123170945038,1232.7636080503116,2595.711852063675,504.05304505208375,518.7059247395839,115.4205251441827,0.5021428571428571,0.5149999999999999,0.0
PHASE 3B,1134,1816000,1816,1946.8860970476278,1232.7636080503116,2595.711852063675,508.8561078125004,516.0586914062505,115.24641222862095,0.0,0.0,0.0
PHASE 3B,1135,1817600,1816,1946.886097047628,1232.7636080503116,2595.711852063675,508.8561078125004,516.0586914062505,115.24641222862094,0.4628571428571429,0.4364285714285714,0.0
PHASE 3B,1136,1819200,1816,1946.886097047628,1232.7636080503116,2595.711852063675,508.8561078125004,516.0586914062505,115.24641222862094,0.51,0.48142857142857143,0.0
PHASE 3B,1137,1820800,1816,1946.886097047628,1232.7636080503116,2595.711852063675,508.8561078125004,516.0586914062505,115.24641222862094,0.46357142857142863,0.505,0.0
PHASE 3B,1138,1822400,1816,1946.886097047628,1232.7636080503116,2595.711852063675,508.8561078125004,516.0586914062505,115.24641222862094,0.5035714285714286,0.5085714285714286,0.0
PHASE 3B,1139,1824000,1824,1946.7588881209958,1232.7636080503116,2595.711852063675,510.14637239583374,514.0853882812505,115.31589093050012,0.0,0.0,0.0
PHASE 3B,1140,1825600,1824,1946.7588881209958,1232.7636080503116,2595.711852063675,510.1463723958337,514.0853882812507,115.31589093050012,0.48357142857142865,0.4821428571428571,0.0
PHASE 3B,1141,1827200,1824,1946.7588881209958,1232.7636080503116,2595.711852063675,510.1463723958337,514.0853882812507,115.31589093050012,0.5614285714285714,0.45785714285714285,0.0
PHASE 3B,1142,1828800,1824,1946.7588881209958,1232.7636080503116,2595.711852063675,510.1463723958337,514.0853882812507,115.31589093050012,0.45499999999999996,0.575,0.0
PHASE 3B,1143,1830400,1824,1946.7588881209958,1232.7636080503116,2595.711852063675,510.1463723958337,514.0853882812507,115.31589093050012,0.4735714285714285,0.48071428571428576,0.0
PHASE 3B,1144,1832000,1832,1936.7380219975,1232.7636080503116,2595.711852063675,504.78056510416695,514.9502382812507,114.62590232652136,0.0,0.0,0.0
PHASE 3B,1145,1833600,1832,1936.7380219975,1232.7636080503116,2595.711852063675,504.780565104167,514.9502382812506,114.62590232652136,0.4514285714285714,0.4714285714285714,0.0
PHASE 3B,1146,1835200,1832,1936.7380219975,1232.7636080503116,2595.711852063675,504.780565104167,514.9502382812506,114.62590232652136,0.5235714285714287,0.42785714285714294,0.0
PHASE 3B,1147,1836800,1832,1936.7380219975,1232.7636080503116,2595.711852063675,504.780565104167,514.9502382812506,114.62590232652136,0.48999999999999994,0.5085714285714287,0.0
PHASE 3B,1148,1838400,1832,1936.7380219975,1232.7636080503116,2595.711852063675,504.780565104167,514.9502382812506,114.62590232652136,0.47214285714285714,0.45500000000000007,0.0
PHASE 3B,1149,1840000,1840,1942.6143071995282,1232.7636080503116,2595.711852063675,509.32329531250036,513.1921320312506,115.01235998198327,0.0,0.0,0.0
PHASE 3B,1150,1841600,1840,1942.6143071995286,1232.7636080503116,2595.711852063675,509.3232953125004,513.1921320312506,115.01235998198327,0.4571428571428572,0.49642857142857144,0.0
PHASE 3B,1151,1843200,1840,1942.6143071995286,1232.7636080503116,2595.711852063675,509.3232953125004,513.1921320312506,115.01235998198327,0.5035714285714286,0.4878571428571429,0.0
PHASE 3B,1152,1844800,1840,1942.6143071995286,1232.7636080503116,2595.711852063675,509.3232953125004,513.1921320312506,115.01235998198327,0.47714285714285715,0.5564285714285715,0.0
PHASE 3B,1153,1846400,1840,1942.6143071995286,1232.7636080503116,2595.711852063675,509.3232953125004,513.1921320312506,115.01235998198327,0.5657142857142857,0.46785714285714286,0.0
PHASE 3B,1154,1848000,1848,1950.6132201363562,1232.7636080503116,2595.711852063675,511.11541718750044,517.0444424479173,115.30667006262854,0.0,0.0,0.0
PHASE 3B,1155,1849600,1848,1950.613220136356,1232.7636080503116,2595.711852063675,511.1154171875003,517.0444424479173,115.30667006262854,0.43714285714285717,0.4442857142857144,0.0
PHASE 3B,1156,1851200,1848,1950.613220136356,1232.7636080503116,2595.711852063675,511.1154171875003,517.0444424479173,115.30667006262854,0.5328571428571428,0.47071428571428575,0.0
PHASE 3B,1157,1852800,1848,1950.613220136356,1232.7636080503116,2595.711852063675,511.1154171875003,517.0444424479173,115.30667006262854,0.5414285714285714,0.51,0.0
PHASE 3B,1158,1854400,1848,1950.613220136356,1232.7636080503116,2595.711852063675,511.1154171875003,517.0444424479173,115.30667006262854,0.4814285714285715,0.5342857142857143,0.0
PHASE 3B,1159,1856000,1856,1967.083149806945,1232.7636080503116,2473.3997551897473,517.2407630208338,521.3710468750006,116.05891748890015,0.0,0.0,0.0
PHASE 3B,1160,1857600,1856,1967.0831498069447,1232.7636080503116,2473.3997551897473,517.2407630208338,521.3710468750006,116.05891748890015,0.53,0.5028571428571429,0.0
PHASE 3B,1161,1859200,1856,1967.0831498069447,1232.7636080503116,2473.3997551897473,517.2407630208338,521.3710468750006,116.05891748890015,0.4671428571428572,0.5185714285714286,0.0
PHASE 3B,1162,1860800,1856,1967.0831498069447,1232.7636080503116,2473.3997551897473,517.2407630208338,521.3710468750006,116.05891748890015,0.5835714285714287,0.45999999999999996,0.0
PHASE 3B,1163,1862400,1856,1967.0831498069447,1232.7636080503116,2473.3997551897473,517.2407630208338,521.3710468750006,116.05891748890015,0.5292857142857144,0.5542857142857143,0.0
PHASE 3B,1164,1864000,1864,1982.7663327237342,1232.7636080503116,2473.3997551897473,520.9892651041671,525.4190541666674,117.04475168162388,0.0,0.0,0.0
PHASE 3B,1165,1865600,1864,1982.7663327237342,1232.7636080503116,2473.3997551897473,520.9892651041671,525.4190541666674,117.04475168162388,0.4578571428571429,0.47785714285714287,0.0
PHASE 3B,1166,1867200,1864,1982.7663327237342,1232.7636080503116,2473.3997551897473,520.9892651041671,525.4190541666674,117.04475168162388,0.4457142857142856,0.4600000000000001,0.0
PHASE 3B,1167,1868800,1864,1982.7663327237342,1232.7636080503116,2473.3997551897473,520.9892651041671,525.4190541666674,117.04475168162388,0.5085714285714287,0.5121428571428572,0.0
PHASE 3B,1168,1870400,1864,1982.7663327237342,1232.7636080503116,2473.3997551897473,520.9892651041671,525.4190541666674,117.04475168162388,0.45,0.44000000000000006,0.0
PHASE 3B,1169,1872000,1872,1994.5423814095827,1232.7636080503116,2473.3997551897473,522.951732291667,530.6717041666674,117.61486811891737,0.0,0.0,0.0
PHASE 3B,1170,1873600,1872,1994.5423814095825,1232.7636080503116,2473.3997551897473,522.9517322916671,530.6717041666674,117.61486811891737,0.5078571428571429,0.5071428571428571,0.0
PHASE 3B,1171,1875200,1872,1994.5423814095825,1232.7636080503116,2473.3997551897473,522.9517322916671,530.6717041666674,117.61486811891737,0.4778571428571429,0.4842857142857143,0.0
PHASE 3B,1172,1876800,1872,1994.5423814095825,1232.7636080503116,2473.3997551897473,522.9517322916671,530.6717041666674,117.61486811891737,0.5085714285714287,0.4607142857142857,0.0
PHASE 3B,1173,1878400,1872,1994.5423814095825,1232.7636080503116,2473.3997551897473,522.9517322916671,530.6717041666674,117.61486811891737,0.44571428571428573,0.5164285714285715,0.0
PHASE 3B,1174,1880000,1880,2004.9297460129073,1232.7636080503116,2473.3997551897473,527.4497348958338,532.1824401041673,118.16219637662475,0.0,0.0,0.0
PHASE 3B,1175,1881600,1880,2004.9297460129073,1232.7636080503116,2473.3997551897473,527.4497348958338,532.1824401041672,118.16219637662475,0.40928571428571425,0.49428571428571433,0.0
PHASE 3B,1176,1883200,1880,2004.9297460129073,1232.7636080503116,2473.3997551897473,527.4497348958338,532.1824401041672,118.16219637662475,0.5171428571428571,0.5192857142857144,0.0
PHASE 3B,1177,1884800,1880,2004.9297460129073,1232.7636080503116,2473.3997551897473,527.4497348958338,532.1824401041672,118.16219637662475,0.49142857142857144,0.5142857142857142,0.0
PHASE 3B,1178,1886400,1880,2004.9297460129073,1232.7636080503116,2473.3997551897473,527.4497348958338,532.1824401041672,118.16219637662475,0.4800000000000001,0.49071428571428566,0.0
PHASE 3B,1179,1888000,1888,2024.368836370268,1507.2761100484743,2473.3997551897473,533.0284817708339,537.4883671875006,119.23149842650321,0.0,0.0,0.0
PHASE 3B,1180,1889600,1888,2024.3688363702686,1507.2761100484743,2473.3997551897473,533.0284817708337,537.4883671875007,119.23149842650321,0.4435714285714286,0.4885714285714286,0.0
PHASE 3B,1181,1891200,1888,2024.3688363702686,1507.2761100484743,2473.3997551897473,533.0284817708337,537.4883671875007,119.23149842650321,0.515,0.45999999999999996,0.0
PHASE 3B,1182,1892800,1888,2024.3688363702686,1507.2761100484743,2473.3997551897473,533.0284817708337,537.4883671875007,119.23149842650321,0.5050000000000001,0.5000000000000001,0.0
PHASE 3B,1183,1894400,1888,2024.3688363702686,1507.2761100484743,2473.3997551897473,533.0284817708337,537.4883671875007,119.23149842650321,0.5528571428571428,0.46428571428571425,0.0
PHASE 3B,1184,1896000,1896,2021.6074661770294,1507.2761100484743,2473.3997551897473,533.7771817708336,533.9171375000006,119.23914336328588,0.0,0.0,0.0
PHASE 3B,1185,1897600,1896,2021.6074661770297,1507.2761100484743,2473.3997551897473,533.7771817708337,533.9171375000006,119.23914336328586,0.47928571428571437,0.4521428571428571,0.0
PHASE 3B,1186,1899200,1896,2021.6074661770297,1507.2761100484743,2473.3997551897473,533.7771817708337,533.9171375000006,119.23914336328586,0.5528571428571429,0.48500000000000004,0.0
PHASE 3B,1187,1900800,1896,2021.6074661770297,1507.2761100484743,2473.3997551897473,533.7771817708337,533.9171375000006,119.23914336328586,0.5057142857142858,0.4871428571428571,0.0
PHASE 3B,1188,1902400,1896,2021.6074661770297,1507.2761100484743,2473.3997551897473,533.7771817708337,533.9171375000006,119.23914336328586,0.545,0.5064285714285715,0.0
PHASE 3B,1189,1904000,1904,2024.5982962156713,1507.2761100484743,2473.3997551897473,534.1186973958337,534.2514432291673,119.52851944884519,0.0,0.0,0.0
PHASE 3B,1190,1905600,1904,2024.5982962156713,1507.2761100484743,2473.3997551897473,534.1186973958337,534.2514432291673,119.52851944884519,0.5021428571428571,0.505,0.0
PHASE 3B,1191,1907200,1904,2024.5982962156713,1507.2761100484743,2473.3997551897473,534.1186973958337,534.2514432291673,119.52851944884519,0.4942857142857144,0.48357142857142865,0.0
PHASE 3B,1192,1908800,1904,2024.5982962156713,1507.2761100484743,2473.3997551897473,534.1186973958337,534.2514432291673,119.52851944884519,0.49785714285714294,0.5114285714285715,0.0
PHASE 3B,1193,1910400,1904,2024.5982962156713,1507.2761100484743,2473.3997551897473,534.1186973958337,534.2514432291673,119.52851944884519,0.5092857142857143,0.5007142857142857,0.0
PHASE 3B,1194,1912000,1912,2024.9614813582211,1507.2761100484743,2473.3997551897473,532.1554723958337,534.3792260416674,119.80334786510143,0.0,0.0,0.0
PHASE 3B,1195,1913600,1912,2024.9614813582216,1507.2761100484743,2473.3997551897473,532.1554723958338,534.3792260416674,119.80334786510143,0.47214285714285725,0.5128571428571429,0.0
PHASE 3B,1196,1915200,1912,2024.9614813582216,1507.2761100484743,2473.3997551897473,532.1554723958338,534.3792260416674,119.80334786510143,0.5157142857142858,0.47928571428571437,0.0
PHASE 3B,1197,1916800,1912,2024.9614813582216,1507.2761100484743,2473.3997551897473,532.1554723958338,534.3792260416674,119.80334786510143,0.45785714285714285,0.41571428571428565,0.0
PHASE 3B,1198,1918400,1912,2024.9614813582216,1507.2761100484743,2473.3997551897473,532.1554723958338,534.3792260416674,119.80334786510143,0.48857142857142855,0.5171428571428571,0.0
PHASE 3B,1199,1920000,1920,2024.3039126807885,1226.7071280299904,2473.3997551897473,530.4360203125004,534.6867625000007,119.89764123354722,0.0,0.0,0.0
PHASE 3B,1200,1921600,1920,2024.3039126807887,1226.7071280299904,2473.3997551897473,530.4360203125004,534.6867625000006,119.89764123354723,0.47214285714285714,0.4557142857142857,0.0
PHASE 3B,1201,1923200,1920,2024.3039126807887,1226.7071280299904,2473.3997551897473,530.4360203125004,534.6867625000006,119.89764123354723,0.5557142857142858,0.49142857142857144,0.0
PHASE 3B,1202,1924800,1920,2024.3039126807887,1226.7071280299904,2473.3997551897473,530.4360203125004,534.6867625000006,119.89764123354723,0.4892857142857143,0.4671428571428572,0.0
PHASE 3B,1203,1926400,1920,2024.3039126807887,1226.7071280299904,2473.3997551897473,530.4360203125004,534.6867625000006,119.89764123354723,0.49428571428571433,0.4321428571428571,0.0
PHASE 3B,1204,1928000,1928,2017.5551411822444,1226.7071280299904,2473.3997551897473,528.4708109375005,531.7608281250007,119.6654377649793,0.0,0.0,0.0
PHASE 3B,1205,1929600,1928,2017.5551411822446,1226.7071280299904,2473.3997551897473,528.4708109375006,531.7608281250007,119.66543776497929,0.5450000000000002,0.48357142857142854,0.0
PHASE 3B,1206,1931200,1928,2017.5551411822446,1226.7071280299904,2473.3997551897473,528.4708109375006,531.7608281250007,119.66543776497929,0.47214285714285714,0.495,0.0
PHASE 3B,1207,1932800,1928,2017.5551411822446,1226.7071280299904,2473.3997551897473,528.4708109375006,531.7608281250007,119.66543776497929,0.5571428571428572,0.5221428571428571,0.0
PHASE 3B,1208,1934400,1928,2017.5551411822446,1226.7071280299904,2473.3997551897473,528.4708109375006,531.7608281250007,119.66543776497929,0.5442857142857143,0.49714285714285716,0.0
PHASE 3B,1209,1936000,1936,2018.5611139461396,1226.7071280299904,2473.3997551897473,528.0090203125005,532.4517479166673,119.76254321463286,0.0,0.0,0.0
PHASE 3B,1210,1937600,1936,2018.5611139461396,1226.7071280299904,2473.3997551897473,528.0090203125005,532.4517479166674,119.76254321463286,0.47214285714285725,0.3835714285714286,0.0
PHASE 3B,1211,1939200,1936,2018.5611139461396,1226.7071280299904,2473.3997551897473,528.0090203125005,532.4517479166674,119.76254321463286,0.4778571428571429,0.535,0.0
PHASE 3B,1212,1940800,1936,2018.5611139461396,1226.7071280299904,2473.3997551897473,528.0090203125005,532.4517479166674,119.76254321463286,0.4492857142857143,0.49428571428571433,0.0
PHASE 3B,1213,1942400,1936,2018.5611139461396,1226.7071280299904,2473.3997551897473,528.0090203125005,532.4517479166674,119.76254321463286,0.5114285714285713,0.4878571428571428,0.0
PHASE 3B,1214,1944000,1944,2011.136118659933,1226.7071280299904,2454.450170400337,524.0022369791672,531.7216010416673,119.42653507989867,0.0,0.0,0.0
PHASE 3B,1215,1945600,1944,2011.136118659933,1226.7071280299904,2454.450170400337,524.0022369791673,531.7216010416672,119.42653507989867,0.4821428571428571,0.472857142857143,0.0
PHASE 3B,1216,1947200,1944,2011.136118659933,1226.7071280299904,2454.450170400337,524.0022369791673,531.7216010416672,119.42653507989867,0.4671428571428571,0.47000000000000003,0.0
PHASE 3B,1217,1948800,1944,2011.136118659933,1226.7071280299904,2454.450170400337,524.0022369791673,531.7216010416672,119.42653507989867,0.5292857142857144,0.49499999999999994,0.0
PHASE 3B,1218,1950400,1944,2011.136118659933,1226.7071280299904,2454.450170400337,524.0022369791673,531.7216010416672,119.42653507989867,0.5128571428571429,0.515,0.0
PHASE 3B,1219,1952000,1952,2011.2186506534863,1226.7071280299904,2454.450170400337,525.6307401041672,529.2749781250006,119.53911655305117,0.0,0.0,0.0
PHASE 3B,1220,1953600,1952,2011.218650653486,1226.7071280299904,2454.450170400337,525.6307401041671,529.2749781250008,119.53911655305117,0.5207142857142857,0.43285714285714294,0.0
PHASE 3B,1221,1955200,1952,2011.218650653486,1226.7071280299904,2454.450170400337,525.6307401041671,529.2749781250008,119.53911655305117,0.47785714285714287,0.44000000000000006,0.0
PHASE 3B,1222,1956800,1952,2011.218650653486,1226.7071280299904,2454.450170400337,525.6307401041671,529.2749781250008,119.53911655305117,0.5192857142857144,0.4521428571428571,0.0
PHASE 3B,1223,1958400,1952,2011.218650653486,1226.7071280299904,2454.450170400337,525.6307401041671,529.2749781250008,119.53911655305117,0.5514285714285714,0.4578571428571429,0.0
PHASE 3B,1224,1960000,1960,2006.165530464756,1226.7071280299904,2454.450170400337,522.821224479167,527.961417708334,119.42286103466812,0.0,0.0,0.0
PHASE 3B,1225,1961600,1960,2006.165530464756,1226.7071280299904,2454.450170400337,522.8212244791671,527.9614177083339,119.42286103466812,0.49642857142857144,0.4514285714285714,0.0
PHASE 3B,1226,1963200,1960,2006.165530464756,1226.7071280299904,2454.450170400337,522.8212244791671,527.9614177083339,119.42286103466812,0.46357142857142863,0.49571428571428566,0.0
PHASE 3B,1227,1964800,1960,2006.165530464756,1226.7071280299904,2454.450170400337,522.8212244791671,527.9614177083339,119.42286103466812,0.47000000000000003,0.4928571428571429,0.0
PHASE 3B,1228,1966400,1960,2006.165530464756,1226.7071280299904,2454.450170400337,522.8212244791671,527.9614177083339,119.42286103466812,0.46357142857142863,0.39785714285714285,0.0
PHASE 3B,1229,1968000,1968,2004.6876051866734,1226.7071280299904,2454.450170400337,522.9358276041671,526.980861458334,119.3463645155328,0.0,0.0,0.0
PHASE 3B,1230,1969600,1968,2004.6876051866734,1226.7071280299904,2454.450170400337,522.9358276041671,526.9808614583341,119.3463645155328,0.4935714285714286,0.5271428571428571,0.0
PHASE 3B,1231,1971200,1968,2004.6876051866734,1226.7071280299904,2454.450170400337,522.9358276041671,526.9808614583341,119.3463645155328,0.48500000000000004,0.46571428571428575,0.0
PHASE 3B,1232,1972800,1968,2004.6876051866734,1226.7071280299904,2454.450170400337,522.9358276041671,526.9808614583341,119.3463645155328,0.52,0.4692857142857142,0.0
PHASE 3B,1233,1974400,1968,2004.6876051866734,1226.7071280299904,2454.450170400337,522.9358276041671,526.9808614583341,119.3463645155328,0.5192857142857144,0.42214285714285715,0.0
PHASE 3B,1234,1976000,1976,1995.4079220127867,1226.7071280299904,2454.450170400337,521.7152140625004,522.8543041666674,118.85480047296373,0.0,0.0,0.0
PHASE 3B,1235,1977600,1976,1995.407922012787,1226.7071280299904,2454.450170400337,521.7152140625005,522.8543041666674,118.85480047296373,0.5021428571428571,0.4471428571428572,0.0
PHASE 3B,1236,1979200,1976,1995.407922012787,1226.7071280299904,2454.450170400337,521.7152140625005,522.8543041666674,118.85480047296373,0.4807142857142857,0.5235714285714286,0.0
PHASE 3B,1237,1980800,1976,1995.407922012787,1226.7071280299904,2454.450170400337,521.7152140625005,522.8543041666674,118.85480047296373,0.5378571428571428,0.4892857142857142,0.0
PHASE 3B,1238,1982400,1976,1995.407922012787,1226.7071280299904,2454.450170400337,521.7152140625005,522.8543041666674,118.85480047296373,0.5578571428571429,0.5178571428571429,0.0
PHASE 3B,1239,1984000,1984,2007.795105295211,1226.7071280299904,2475.70074597963,522.8296229166672,527.741191145834,119.65303640410002,0.0,0.0,0.0
PHASE 3B,1240,1985600,1984,2007.7951052952108,1226.7071280299904,2475.70074597963,522.8296229166671,527.741191145834,119.65303640410002,0.4842857142857143,0.4735714285714286,0.0
PHASE 3B,1241,1987200,1984,2007.7951052952108,1226.7071280299904,2475.70074597963,522.8296229166671,527.741191145834,119.65303640410002,0.4957142857142857,0.4564285714285715,0.0
PHASE 3B,1242,1988800,1984,2007.7951052952108,1226.7071280299904,2475.70074597963,522.8296229166671,527.741191145834,119.65303640410002,0.49428571428571433,0.5014285714285716,0.0
PHASE 3B,1243,1990400,1984,2007.7951052952108,1226.7071280299904,2475.70074597963,522.8296229166671,527.741191145834,119.65303640410002,0.49214285714285716,0.5578571428571429,0.0
PHASE 3B,1244,1992000,1992,1992.9866222161302,1226.7071280299904,2475.70074597963,522.6551864583337,519.948502864584,118.79786661166303,0.0,0.0,0.0
PHASE 3B,1245,1993600,1992,1992.9866222161297,1226.7071280299904,2475.70074597963,522.6551864583337,519.9485028645839,118.79786661166305,0.47428571428571437,0.4535714285714286,0.0
PHASE 3B,1246,1995200,1992,1992.9866222161297,1226.7071280299904,2475.70074597963,522.6551864583337,519.9485028645839,118.79786661166305,0.5028571428571429,0.4821428571428572,0.0
PHASE 3B,1247,1996800,1992,1992.9866222161297,1226.7071280299904,2475.70074597963,522.6551864583337,519.9485028645839,118.79786661166305,0.5428571428571429,0.49642857142857155,0.0
PHASE 3B,1248,1998400,1992,1992.9866222161297,1226.7071280299904,2475.70074597963,522.6551864583337,519.9485028645839,118.79786661166305,0.5385714285714287,0.5307142857142858,0.0
PHASE 3B,1249,2000000,2000,2009.6057138387996,1226.7071280299904,2475.70074597963,529.3001278645838,523.2329622395839,119.63407796684064,0.0,0.0,0.0
PHASE 3B,1250,2001600,2000,2009.6057138387998,1226.7071280299904,2475.70074597963,529.3001278645837,523.2329622395839,119.63407796684061,0.4735714285714286,0.5264285714285715,0.0
PHASE 3B,1251,2003200,2000,2009.6057138387998,1226.7071280299904,2475.70074597963,529.3001278645837,523.2329622395839,119.63407796684061,0.49857142857142855,0.5142857142857145,0.0
PHASE 3B,1252,2004800,2000,2009.6057138387998,1226.7071280299904,2475.70074597963,529.3001278645837,523.2329622395839,119.63407796684061,0.5207142857142857,0.5378571428571429,0.0
PHASE 3B,1253,2006400,2000,2009.6057138387998,1226.7071280299904,2475.70074597963,529.3001278645837,523.2329622395839,119.63407796684061,0.5071428571428571,0.5178571428571429,0.0
PHASE 3B,1254,2008000,2008,2011.032940771852,1226.7071280299904,2475.70074597963,531.4831705729171,522.0555070312505,119.6867828959721,0.0,0.0,0.0
PHASE 3B,1255,2009600,2008,2011.032940771852,1226.7071280299904,2475.70074597963,531.4831705729172,522.0555070312507,119.6867828959721,0.42214285714285715,0.5057142857142858,0.0
PHASE 3B,1256,2011200,2008,2011.032940771852,1226.7071280299904,2475.70074597963,531.4831705729172,522.0555070312507,119.6867828959721,0.4614285714285714,0.49000000000000005,0.0
PHASE 3B,1257,2012800,2008,2011.032940771852,1226.7071280299904,2475.70074597963,531.4831705729172,522.0555070312507,119.6867828959721,0.41714285714285715,0.5471428571428573,0.0
PHASE 3B,1258,2014400,2008,2011.032940771852,1226.7071280299904,2475.70074597963,531.4831705729172,522.0555070312507,119.6867828959721,0.5707142857142858,0.5457142857142858,0.0
PHASE 3B,1259,2016000,2016,2021.0336317703373,1542.6147846818708,2475.70074597963,529.911229947917,527.9453898437507,120.39712649734527,0.0,0.0,0.0
PHASE 3B,1260,2017600,2016,2021.0336317703373,1542.6147846818708,2475.70074597963,529.911229947917,527.9453898437507,120.39712649734525,0.5107142857142858,0.49642857142857155,0.0
PHASE 3B,1261,2019200,2016,2021.0336317703373,1542.6147846818708,2475.70074597963,529.911229947917,527.9453898437507,120.39712649734525,0.5021428571428571,0.4685714285714287,0.0
PHASE 3B,1262,2020800,2016,2021.0336317703373,1542.6147846818708,2475.70074597963,529.911229947917,527.9453898437507,120.39712649734525,0.49428571428571433,0.5185714285714286,0.0
PHASE 3B,1263,2022400,2016,2021.0336317703373,1542.6147846818708,2475.70074597963,529.911229947917,527.9453898437507,120.39712649734525,0.5221428571428571,0.5264285714285715,0.0
PHASE 3B,1264,2024000,2024,2010.918583929653,1360.8626450894033,2475.70074597963,525.5706164062505,526.0141632812506,119.91672553028046,0.0,0.0,0.0
PHASE 3B,1265,2025600,2024,2010.9185839296529,1360.8626450894033,2475.70074597963,525.5706164062505,526.0141632812506,119.91672553028046,0.5221428571428572,0.5092857142857143,0.0
PHASE 3B,1266,2027200,2024,2010.9185839296529,1360.8626450894033,2475.70074597963,525.5706164062505,526.0141632812506,119.91672553028046,0.562857142857143,0.49857142857142855,0.0
PHASE 3B,1267,2028800,2024,2010.9185839296529,1360.8626450894033,2475.70074597963,525.5706164062505,526.0141632812506,119.91672553028046,0.49428571428571433,0.5242857142857144,0.0
PHASE 3B,1268,2030400,2024,2010.9185839296529,1360.8626450894033,2475.70074597963,525.5706164062505,526.0141632812506,119.91672553028046,0.5421428571428571,0.52,0.0
PHASE 3B,1269,2032000,2032,2004.1904760761329,1360.8626450894033,2497.149773071972,526.2786789062504,522.2475226562507,119.45803431421544,0.0,0.0,0.0
PHASE 3B,1270,2033600,2032,2004.1904760761329,1360.8626450894033,2497.149773071972,526.2786789062504,522.2475226562507,119.45803431421544,0.4314285714285714,0.4871428571428572,0.0
PHASE 3B,1271,2035200,2032,2004.1904760761329,1360.8626450894033,2497.149773071972,526.2786789062504,522.2475226562507,119.45803431421544,0.5357142857142858,0.4750000000000001,0.0
PHASE 3B,1272,2036800,2032,2004.1904760761329,1360.8626450894033,2497.149773071972,526.2786789062504,522.2475226562507,119.45803431421544,0.4864285714285715,0.4878571428571429,0.0
PHASE 3B,1273,2038400,2032,2004.1904760761329,1360.8626450894033,2497.149773071972,526.2786789062504,522.2475226562507,119.45803431421544,0.4992857142857144,0.40857142857142864,0.0
PHASE 3B,1274,2040000,2040,2015.8219506842706,1360.8626450894033,2497.8284129724157,532.8189257812504,521.5632549479174,120.17997124439935,0.0,0.0,0.0
PHASE 3B,1275,2041600,2040,2015.821950684271,1360.8626450894033,2497.8284129724157,532.8189257812504,521.5632549479174,120.17997124439935,0.5128571428571429,0.5035714285714286,0.0
PHASE 3B,1276,2043200,2040,2015.821950684271,1360.8626450894033,2497.8284129724157,532.8189257812504,521.5632549479174,120.17997124439935,0.4871428571428571,0.5407142857142857,0.0
PHASE 3B,1277,2044800,2040,2015.821950684271,1360.8626450894033,2497.8284129724157,532.8189257812504,521.5632549479174,120.17997124439935,0.48357142857142865,0.5000000000000001,0.0
PHASE 3B,1278,2046400,2040,2015.821950684271,1360.8626450894033,2497.8284129724157,532.8189257812504,521.5632549479174,120.17997124439935,0.4935714285714286,0.47214285714285714,0.0
PHASE 3B,1279,2048000,2048,2013.1763966994556,1360.8626450894033,2497.8284129724157,530.5563945312505,523.0201080729173,119.94998676192249,0.0,0.0,0.0
PHASE 3B,1280,2049600,2048,2013.1763966994552,1360.8626450894033,2497.8284129724157,530.5563945312504,523.0201080729173,119.9499867619225,0.45357142857142857,0.44571428571428573,0.0
PHASE 3B,1281,2051200,2048,2013.1763966994552,1360.8626450894033,2497.8284129724157,530.5563945312504,523.0201080729173,119.9499867619225,0.5064285714285715,0.4978571428571429,0.0
PHASE 3B,1282,2052800,2048,2013.1763966994552,1360.8626450894033,2497.8284129724157,530.5563945312504,523.0201080729173,119.9499867619225,0.5057142857142858,0.5,0.0
PHASE 3B,1283,2054400,2048,2013.1763966994552,1360.8626450894033,2497.8284129724157,530.5563945312504,523.0201080729173,119.9499867619225,0.55,0.4814285714285715,0.0
PHASE 3B,1284,2056000,2056,2000.6759191615447,1360.8626450894033,2497.8284129724157,527.6139132812505,518.8699111979172,119.27401183530881,0.0,0.0,0.0
PHASE 3B,1285,2057600,2056,2000.6759191615442,1360.8626450894033,2497.8284129724157,527.6139132812505,518.8699111979172,119.27401183530881,0.4714285714285714,0.48571428571428577,0.0
PHASE 3B,1286,2059200,2056,2000.6759191615442,1360.8626450894033,2497.8284129724157,527.6139132812505,518.8699111979172,119.27401183530881,0.5178571428571429,0.47857142857142865,0.0
PHASE 3B,1287,2060800,2056,2000.6759191615442,1360.8626450894033,2497.8284129724157,527.6139132812505,518.8699111979172,119.27401183530881,0.4807142857142857,0.45785714285714285,0.0
PHASE 3B,1288,2062400,2056,2000.6759191615442,1360.8626450894033,2497.8284129724157,527.6139132812505,518.8699111979172,119.27401183530881,0.5185714285714286,0.475,0.0
PHASE 3B,1289,2064000,2064,1980.7483602129605,1289.819530935084,2497.8284129724157,521.8946497395839,514.6325684895838,118.02764274798602,0.0,0.0,0.0
PHASE 3B,1290,2065600,2064,1980.7483602129607,1289.819530935084,2497.8284129724157,521.8946497395839,514.632568489584,118.02764274798602,0.465,0.46642857142857147,0.0
PHASE 3B,1291,2067200,2064,1980.7483602129607,1289.819530935084,2497.8284129724157,521.8946497395839,514.632568489584,118.02764274798602,0.5328571428571429,0.5521428571428572,0.0
PHASE 3B,1292,2068800,2064,1980.7483602129607,1289.819530935084,2497.8284129724157,521.8946497395839,514.632568489584,118.02764274798602,0.5192857142857144,0.4621428571428571,0.0
PHASE 3B,1293,2070400,2064,1980.7483602129607,1289.819530935084,2497.8284129724157,521.8946497395839,514.632568489584,118.02764274798602,0.5564285714285715,0.4535714285714286,0.0
PHASE 3B,1294,2072000,2072,1976.79516869095,1289.819530935084,2497.8284129724157,522.3226445312504,512.446899739584,117.75320305252643,0.0,0.0,0.0
PHASE 3B,1295,2073600,2072,1976.7951686909503,1289.819530935084,2497.8284129724157,522.3226445312504,512.4468997395838,117.75320305252644,0.4935714285714286,0.5414285714285716,0.0
PHASE 3B,1296,2075200,2072,1976.7951686909503,1289.819530935084,2497.8284129724157,522.3226445312504,512.4468997395838,117.75320305252644,0.4892857142857143,0.4821428571428572,0.0
PHASE 3B,1297,2076800,2072,1976.7951686909503,1289.819530935084,2497.8284129724157,522.3226445312504,512.4468997395838,117.75320305252644,0.5342857142857143,0.4514285714285715,0.0
PHASE 3B,1298,2078400,2072,1976.7951686909503,1289.819530935084,2497.8284129724157,522.3226445312504,512.4468997395838,117.75320305252644,0.5135714285714286,0.5178571428571429,0.0
PHASE 3B,1299,2080000,2080,1972.774345397947,1289.819530935084,2497.8284129724157,522.2205757812503,510.39606770833393,117.51971273855739,0.0,0.0,0.0
PHASE 3B,1300,2081600,2080,1972.7743453979465,1289.819530935084,2497.8284129724157,522.2205757812503,510.3960677083339,117.51971273855739,0.5135714285714286,0.48,0.0
PHASE 3B,1301,2083200,2080,1972.7743453979465,1289.819530935084,2497.8284129724157,522.2205757812503,510.3960677083339,117.51971273855739,0.5385714285714286,0.5400000000000001,0.0
PHASE 3B,1302,2084800,2080,1972.7743453979465,1289.819530935084,2497.8284129724157,522.2205757812503,510.3960677083339,117.51971273855739,0.5021428571428571,0.4742857142857143,0.0
PHASE 3B,1303,2086400,2080,1972.7743453979465,1289.819530935084,2497.8284129724157,522.2205757812503,510.3960677083339,117.51971273855739,0.5092857142857142,0.4878571428571429,0.0
PHASE 3B,1304,2088000,2088,1956.4903545734223,1289.819530935084,2497.8284129724157,516.8824476562504,508.12568854166716,116.43527729694999,0.0,0.0,0.0
PHASE 3B,1305,2089600,2088,1956.4903545734219,1289.819530935084,2497.8284129724157,516.8824476562504,508.12568854166716,116.43527729694999,0.43714285714285717,0.5128571428571429,0.0
PHASE 3B,1306,2091200,2088,1956.4903545734219,1289.819530935084,2497.8284129724157,516.8824476562504,508.12568854166716,116.43527729694999,0.5378571428571429,0.5264285714285715,0.0
PHASE 3B,1307,2092800,2088,1956.4903545734219,1289.819530935084,2497.8284129724157,516.8824476562504,508.12568854166716,116.43527729694999,0.4407142857142857,0.4642857142857143,0.0
PHASE 3B,1308,2094400,2088,1956.4903545734219,1289.819530935084,2497.8284129724157,516.8824476562504,508.12568854166716,116.43527729694999,0.5242857142857144,0.5457142857142858,0.0
PHASE 3B,1309,2096000,2096,1962.9833252218323,1289.819530935084,2500.509562649108,516.5914510416671,512.9764346354173,116.67692994310546,0.0,0.0,0.0
PHASE 3B,1310,2097600,2096,1962.9833252218325,1289.819530935084,2500.509562649108,516.5914510416671,512.9764346354171,116.67692994310546,0.49642857142857155,0.47785714285714287,0.0
PHASE 3B,1311,2099200,2096,1962.9833252218325,1289.819530935084,2500.509562649108,516.5914510416671,512.9764346354171,116.67692994310546,0.5185714285714285,0.49142857142857144,0.0
PHASE 3B,1312,2100800,2096,1962.9833252218325,1289.819530935084,2500.509562649108,516.5914510416671,512.9764346354171,116.67692994310546,0.5071428571428572,0.45357142857142857,0.0
PHASE 3B,1313,2102400,2096,1962.9833252218325,1289.819530935084,2500.509562649108,516.5914510416671,512.9764346354171,116.67692994310546,0.5335714285714286,0.5342857142857144,0.0
PHASE 3B,1314,2104000,2104,1958.5405947461766,1289.819530935084,2500.509562649108,513.6848364583337,512.9631898437506,116.48657105552327,0.0,0.0,0.0
PHASE 3B,1315,2105600,2104,1958.5405947461768,1289.819530935084,2500.509562649108,513.6848364583338,512.9631898437507,116.48657105552327,0.5371428571428571,0.46642857142857147,0.0
PHASE 3B,1316,2107200,2104,1958.5405947461768,1289.819530935084,2500.509562649108,513.6848364583338,512.9631898437507,116.48657105552327,0.5392857142857144,0.49857142857142855,0.0
PHASE 3B,1317,2108800,2104,1958.5405947461768,1289.819530935084,2500.509562649108,513.6848364583338,512.9631898437507,116.48657105552327,0.5200000000000001,0.5464285714285715,0.0
PHASE 3B,1318,2110400,2104,1958.5405947461768,1289.819530935084,2500.509562649108,513.6848364583338,512.9631898437507,116.48657105552327,0.4442857142857143,0.48,0.0
PHASE 3B,1319,2112000,2112,1938.7809373956632,1289.819530935084,2500.509562649108,511.8254497395838,504.2507424479172,115.33809315103224,0.0,0.0,0.0
PHASE 3B,1320,2113600,2112,1938.7809373956634,1289.819530935084,2500.509562649108,511.8254497395838,504.2507424479173,115.33809315103224,0.5371428571428571,0.48571428571428577,0.0
PHASE 3B,1321,2115200,2112,1938.7809373956634,1289.819530935084,2500.509562649108,511.8254497395838,504.2507424479173,115.33809315103224,0.4871428571428572,0.5014285714285716,0.0
PHASE 3B,1322,2116800,2112,1938.7809373956634,1289.819530935084,2500.509562649108,511.8254497395838,504.2507424479173,115.33809315103224,0.49642857142857155,0.5278571428571429,0.0
PHASE 3B,1323,2118400,2112,1938.7809373956634,1289.819530935084,2500.509562649108,511.8254497395838,504.2507424479173,115.33809315103224,0.4735714285714286,0.4764285714285713,0.0
PHASE 3B,1324,2120000,2120,1943.2068605846684,1289.819530935084,2500.509562649108,511.5990070312504,508.44765390625054,115.39502495590794,0.0,0.0,0.0
PHASE 3B,1325,2121600,2120,1943.206860584668,1289.819530935084,2500.509562649108,511.5990070312504,508.44765390625054,115.39502495590794,0.4807142857142857,0.55,0.0
PHASE 3B,1326,2123200,2120,1943.206860584668,1289.819530935084,2500.509562649108,511.5990070312504,508.44765390625054,115.39502495590794,0.49000000000000005,0.4521428571428571,0.0
PHASE 3B,1327,2124800,2120,1943.206860584668,1289.819530935084,2500.509562649108,511.5990070312504,508.44765390625054,115.39502495590794,0.5142857142857145,0.4321428571428572,0.0
PHASE 3B,1328,2126400,2120,1943.206860584668,1289.819530935084,2500.509562649108,511.5990070312504,508.44765390625054,115.39502495590794,0.4621428571428573,0.5,0.0
PHASE 3B,1329,2128000,2128,1961.7641084724996,1289.819530935084,2500.509562649108,516.610983072917,512.8473367187506,116.53822358511633,0.0,0.0,0.0
PHASE 3B,1330,2129600,2128,1961.7641084724996,1289.819530935084,2500.509562649108,516.6109830729171,512.8473367187506,116.53822358511633,0.5378571428571429,0.4771428571428572,0.0
PHASE 3B,1331,2131200,2128,1961.7641084724996,1289.819530935084,2500.509562649108,516.6109830729171,512.8473367187506,116.53822358511633,0.5128571428571429,0.4514285714285714,0.0
PHASE 3B,1332,2132800,2128,1961.7641084724996,1289.819530935084,2500.509562649108,516.6109830729171,512.8473367187506,116.53822358511633,0.4935714285714285,0.5142857142857142,0.0
PHASE 3B,1333,2134400,2128,1961.7641084724996,1289.819530935084,2500.509562649108,516.6109830729171,512.8473367187506,116.53822358511633,0.4692857142857143,0.4864285714285714,0.0
PHASE 3B,1334,2136000,2136,1959.1383680661008,1289.819530935084,2500.509562649108,516.1900466145838,511.8335023437506,116.38935238848319,0.0,0.0,0.0
PHASE 3B,1335,2137600,2136,1959.1383680661008,1289.819530935084,2500.509562649108,516.1900466145837,511.8335023437506,116.3893523884832,0.512857142857143,0.5392857142857144,0.0
PHASE 3B,1336,2139200,2136,1959.1383680661008,1289.819530935084,2500.509562649108,516.1900466145837,511.8335023437506,116.3893523884832,0.4935714285714286,0.4992857142857144,0.0
PHASE 3B,1337,2140800,2136,1959.1383680661008,1289.819530935084,2500.509562649108,516.1900466145837,511.8335023437506,116.3893523884832,0.4735714285714286,0.44000000000000006,0.0
PHASE 3B,1338,2142400,2136,1959.1383680661008,1289.819530935084,2500.509562649108,516.1900466145837,511.8335023437506,116.3893523884832,0.5071428571428571,0.48357142857142865,0.0
PHASE 3B,1339,2144000,2144,1953.8182225501337,1289.819530935084,2500.509562649108,512.0338518229171,512.2930398437506,116.18641636044566,0.0,0.0,0.0
PHASE 3B,1340,2145600,2144,1953.818222550134,1289.819530935084,2500.509562649108,512.033851822917,512.2930398437506,116.18641636044566,0.49071428571428577,0.5064285714285715,0.0
PHASE 3B,1341,2147200,2144,1953.818222550134,1289.819530935084,2500.509562649108,512.033851822917,512.2930398437506,116.18641636044566,0.5028571428571429,0.5007142857142857,0.0
PHASE 3B,1342,2148800,2144,1953.818222550134,1289.819530935084,2500.509562649108,512.033851822917,512.2930398437506,116.18641636044566,0.5142857142857145,0.5342857142857144,0.0
PHASE 3B,1343,2150400,2144,1953.818222550134,1289.819530935084,2500.509562649108,512.033851822917,512.2930398437506,116.18641636044566,0.525,0.53,0.0
PHASE 3B,1344,2152000,2152,1958.96332832365,1289.819530935084,2500.509562649108,517.3836049479171,510.4728763020839,116.38835588421848,0.0,0.0,0.0
PHASE 3B,1345,2153600,2152,1958.9633283236499,1289.819530935084,2500.509562649108,517.3836049479172,510.4728763020839,116.38835588421848,0.48500000000000004,0.4700000000000001,0.0
PHASE 3B,1346,2155200,2152,1958.9633283236499,1289.819530935084,2500.509562649108,517.3836049479172,510.4728763020839,116.38835588421848,0.46357142857142863,0.48500000000000004,0.0
PHASE 3B,1347,2156800,2152,1958.9633283236499,1289.819530935084,2500.509562649108,517.3836049479172,510.4728763020839,116.38835588421848,0.5257142857142857,0.4778571428571429,0.0
PHASE 3B,1348,2158400,2152,1958.9633283236499,1289.819530935084,2500.509562649108,517.3836049479172,510.4728763020839,116.38835588421848,0.5314285714285714,0.4864285714285714,0.0
PHASE 3B,1349,2160000,2160,1961.2601594077796,1289.819530935084,2500.509562649108,519.2652528645838,510.3884815104172,116.4508031291097,0.0,0.0,0.0
PHASE 3B,1350,2161600,2160,1961.2601594077796,1289.819530935084,2500.509562649108,519.2652528645837,510.38848151041725,116.4508031291097,0.4671428571428572,0.4864285714285715,0.0
PHASE 3B,1351,2163200,2160,1961.2601594077796,1289.819530935084,2500.509562649108,519.2652528645837,510.38848151041725,116.4508031291097,0.49428571428571433,0.4542857142857143,0.0
PHASE 3B,1352,2164800,2160,1961.2601594077796,1289.819530935084,2500.509562649108,519.2652528645837,510.38848151041725,116.4508031291097,0.49714285714285716,0.48500000000000004,0.0
PHASE 3B,1353,2166400,2160,1961.2601594077796,1289.819530935084,2500.509562649108,519.2652528645837,510.38848151041725,116.4508031291097,0.4471428571428572,0.4714285714285714,0.0
PHASE 3B,1354,2168000,2168,1965.859184909184,1457.5724391230783,2500.509562649108,521.5478518229171,510.7872835937506,116.6905061865769,0.0,0.0,0.0
PHASE 3B,1355,2169600,2168,1965.859184909184,1457.5724391230783,2500.509562649108,521.5478518229171,510.78728359375054,116.69050618657691,0.49142857142857155,0.4864285714285715,0.0
PHASE 3B,1356,2171200,2168,1965.859184909184,1457.5724391230783,2500.509562649108,521.5478518229171,510.78728359375054,116.69050618657691,0.4871428571428571,0.4950000000000001,0.0
PHASE 3B,1357,2172800,2168,1965.859184909184,1457.5724391230783,2500.509562649108,521.5478518229171,510.78728359375054,116.69050618657691,0.5028571428571429,0.4699999999999999,0.0
PHASE 3B,1358,2174400,2168,1965.859184909184,1457.5724391230783,2500.509562649108,521.5478518229171,510.78728359375054,116.69050618657691,0.5442857142857143,0.4742857142857143,0.0
PHASE 3B,1359,2176000,2176,1978.572198283315,1351.809924202944,2500.509562649108,521.8993705729171,517.6955096354172,117.372164759385,0.0,0.0,0.0
PHASE 3B,1360,2177600,2176,1978.5721982833147,1351.809924202944,2500.509562649108,521.8993705729172,517.6955096354172,117.37216475938497,0.5328571428571428,0.48357142857142854,0.0
PHASE 3B,1361,2179200,2176,1978.5721982833147,1351.809924202944,2500.509562649108,521.8993705729172,517.6955096354172,117.37216475938497,0.4935714285714286,0.5285714285714286,0.0
PHASE 3B,1362,2180800,2176,1978.5721982833147,1351.809924202944,2500.509562649108,521.8993705729172,517.6955096354172,117.37216475938497,0.43928571428571433,0.4278571428571428,0.0
PHASE 3B,1363,2182400,2176,1978.5721982833147,1351.809924202944,2500.509562649108,521.8993705729172,517.6955096354172,117.37216475938497,0.48357142857142854,0.45857142857142863,0.0
PHASE 3B,1364,2184000,2184,1978.031563238268,1351.809924202944,2500.509562649108,525.2904476562504,514.0629437500006,117.33477147901468,0.0,0.0,0.0
PHASE 3B,1365,2185600,2184,1978.031563238268,1351.809924202944,2500.509562649108,525.2904476562504,514.0629437500006,117.33477147901468,0.525,0.45714285714285713,0.0
PHASE 3B,1366,2187200,2184,1978.031563238268,1351.809924202944,2500.509562649108,525.2904476562504,514.0629437500006,117.33477147901468,0.47785714285714287,0.48500000000000004,0.0
PHASE 3B,1367,2188800,2184,1978.031563238268,1351.809924202944,2500.509562649108,525.2904476562504,514.0629437500006,117.33477147901468,0.5192857142857144,0.48357142857142865,0.0
PHASE 3B,1368,2190400,2184,1978.031563238268,1351.809924202944,2500.509562649108,525.2904476562504,514.0629437500006,117.33477147901468,0.44142857142857145,0.5392857142857144,0.0
PHASE 3B,1369,2192000,2192,1970.757944158146,1351.809924202944,2473.211059445416,522.2374997395838,512.5362385416672,116.99802573462455,0.0,0.0,0.0
PHASE 3B,1370,2193600,2192,1970.757944158146,1351.809924202944,2473.211059445416,522.2374997395838,512.5362385416672,116.99802573462455,0.44857142857142857,0.5028571428571429,0.0
PHASE 3B,1371,2195200,2192,1970.757944158146,1351.809924202944,2473.211059445416,522.2374997395838,512.5362385416672,116.99802573462455,0.5,0.475,0.0
PHASE 3B,1372,2196800,2192,1970.757944158146,1351.809924202944,2473.211059445416,522.2374997395838,512.5362385416672,116.99802573462455,0.4878571428571429,0.48857142857142855,0.0
PHASE 3B,1373,2198400,2192,1970.757944158146,1351.809924202944,2473.211059445416,522.2374997395838,512.5362385416672,116.99802573462455,0.5578571428571429,0.49642857142857144,0.0
PHASE 3B,1374,2200000,2200,1964.5232258997191,1351.809924202944,2468.4297564945514,518.6790101562506,512.3039559895839,116.69253246924855,0.0,0.0,0.0
PHASE 3B,1375,2201600,2200,1964.5232258997191,1351.809924202944,2468.4297564945514,518.6790101562505,512.3039559895839,116.69253246924855,0.4821428571428572,0.4978571428571429,0.0
PHASE 3B,1376,2203200,2200,1964.5232258997191,1351.809924202944,2468.4297564945514,518.6790101562505,512.3039559895839,116.69253246924855,0.47714285714285715,0.5392857142857144,0.0
PHASE 3B,1377,2204800,2200,1964.5232258997191,1351.809924202944,2468.4297564945514,518.6790101562505,512.3039559895839,116.69253246924855,0.4957142857142857,0.49071428571428577,0.0
PHASE 3B,1378,2206400,2200,1964.5232258997191,1351.809924202944,2468.4297564945514,518.6790101562505,512.3039559895839,116.69253246924855,0.5364285714285716,0.48142857142857143,0.0
PHASE 3B,1379,2208000,2208,1953.7498049382207,1351.809924202944,2468.4297564945514,515.6049854166672,509.4286164062505,116.08952538942599,0.0,0.0,0.0
PHASE 3B,1380,2209600,2208,1953.7498049382207,1351.809924202944,2468.4297564945514,515.6049854166672,509.42861640625057,116.08952538942599,0.4800000000000001,0.5057142857142857,0.0
PHASE 3B,1381,2211200,2208,1953.7498049382207,1351.809924202944,2468.4297564945514,515.6049854166672,509.42861640625057,116.08952538942599,0.5,0.4307142857142857,0.0
PHASE 3B,1382,2212800,2208,1953.7498049382207,1351.809924202944,2468.4297564945514,515.6049854166672,509.42861640625057,116.08952538942599,0.48142857142857143,0.4957142857142857,0.0
PHASE 3B,1383,2214400,2208,1953.7498049382207,1351.809924202944,2468.4297564945514,515.6049854166672,509.42861640625057,116.08952538942599,0.49642857142857133,0.48071428571428576,0.0
PHASE 3B,1384,2216000,2216,1963.7402816431108,1351.809924202944,2468.4297564945514,517.9247403645838,513.7260148437506,116.5111908043602,0.0,0.0,0.0
PHASE 3B,1385,2217600,2216,1963.740281643111,1351.809924202944,2468.4297564945514,517.9247403645838,513.7260148437505,116.5111908043602,0.5135714285714286,0.5135714285714286,0.0
PHASE 3B,1386,2219200,2216,1963.740281643111,1351.809924202944,2468.4297564945514,517.9247403645838,513.7260148437505,116.5111908043602,0.445,0.475,0.0
PHASE 3B,1387,2220800,2216,1963.740281643111,1351.809924202944,2468.4297564945514,517.9247403645838,513.7260148437505,116.5111908043602,0.44857142857142857,0.4557142857142858,0.0
PHASE 3B,1388,2222400,2216,1963.740281643111,1351.809924202944,2468.4297564945514,517.9247403645838,513.7260148437505,116.5111908043602,0.545,0.5007142857142857,0.0
PHASE 3B,1389,2224000,2224,1946.2756179214807,1351.809924202944,2468.4297564945514,513.1658757812504,509.7651596354172,115.41807281311492,0.0,0.0,0.0
PHASE 3B,1390,2225600,2224,1946.2756179214807,1351.809924202944,2468.4297564945514,513.1658757812505,509.76515963541715,115.41807281311492,0.47714285714285715,0.5121428571428572,0.0
PHASE 3B,1391,2227200,2224,1946.2756179214807,1351.809924202944,2468.4297564945514,513.1658757812505,509.76515963541715,115.41807281311492,0.43928571428571433,0.5071428571428572,0.0
PHASE 3B,1392,2228800,2224,1946.2756179214807,1351.809924202944,2468.4297564945514,513.1658757812505,509.76515963541715,115.41807281311492,0.4771428571428572,0.48,0.0
PHASE 3B,1393,2230400,2224,1946.2756179214807,1351.809924202944,2468.4297564945514,513.1658757812505,509.76515963541715,115.41807281311492,0.425,0.5142857142857145,0.0
PHASE 3B,1394,2232000,2232,1934.0850228368336,1351.809924202944,2468.4297564945514,507.9918721354172,509.09811484375047,114.6243794822216,0.0,0.0,0.0
PHASE 3B,1395,2233600,2232,1934.0850228368336,1351.809924202944,2468.4297564945514,507.99187213541717,509.0981148437505,114.62437948222157,0.5178571428571429,0.4207142857142857,0.0
PHASE 3B,1396,2235200,2232,1934.0850228368336,1351.809924202944,2468.4297564945514,507.99187213541717,509.0981148437505,114.62437948222157,0.4642857142857143,0.49214285714285716,0.0
PHASE 3B,1397,2236800,2232,1934.0850228368336,1351.809924202944,2468.4297564945514,507.99187213541717,509.0981148437505,114.62437948222157,0.4307142857142857,0.4699999999999999,0.0
PHASE 3B,1398,2238400,2232,1934.0850228368336,1351.809924202944,2468.4297564945514,507.99187213541717,509.0981148437505,114.62437948222157,0.5185714285714286,0.49714285714285705,0.0
PHASE 3B,1399,2240000,2240,1937.938064198115,1351.809924202944,2468.4297564945514,509.0507611979171,510.76508255208387,114.76527755602768,0.0,0.0,0.0
PHASE 3B,1400,2241600,2240,1937.9380641981147,1351.809924202944,2468.4297564945514,509.05076119791704,510.7650825520839,114.76527755602768,0.43000000000000005,0.475,0.0
PHASE 3B,1401,2243200,2240,1937.9380641981147,1351.809924202944,2468.4297564945514,509.05076119791704,510.7650825520839,114.76527755602768,0.49642857142857133,0.5092857142857142,0.0
PHASE 3B,1402,2244800,2240,1937.9380641981147,1351.809924202944,2468.4297564945514,509.05076119791704,510.7650825520839,114.76527755602768,0.4364285714285715,0.4471428571428572,0.0
PHASE 3B,1403,2246400,2240,1937.9380641981147,1351.809924202944,2468.4297564945514,509.05076119791704,510.7650825520839,114.76527755602768,0.49071428571428566,0.5214285714285715,0.0
PHASE 3B,1404,2248000,2248,1925.7433431455515,1351.809924202944,2380.876066440662,504.383670572917,510.86394505208386,113.81196594008239,0.0,0.0,0.0
PHASE 3B,1405,2249600,2248,1925.743343145552,1351.809924202944,2380.876066440662,504.383670572917,510.8639450520838,113.81196594008242,0.4771428571428572,0.47928571428571437,0.0
PHASE 3B,1406,2251200,2248,1925.743343145552,1351.809924202944,2380.876066440662,504.383670572917,510.8639450520838,113.81196594008242,0.43499999999999994,0.5092857142857143,0.0
PHASE 3B,1407,2252800,2248,1925.743343145552,1351.809924202944,2380.876066440662,504.383670572917,510.8639450520838,113.81196594008242,0.4757142857142858,0.4992857142857144,0.0
PHASE 3B,1408,2254400,2248,1925.743343145552,1351.809924202944,2380.876066440662,504.383670572917,510.8639450520838,113.81196594008242,0.5678571428571428,0.4735714285714286,0.0
PHASE 3B,1409,2256000,2256,1938.805678029921,1351.809924202944,2380.876066440662,508.39523828125044,512.6280273437504,114.72280155062869,0.0,0.0,0.0
PHASE 3B,1410,2257600,2256,1938.8056780299212,1351.809924202944,2380.876066440662,508.39523828125044,512.6280273437505,114.72280155062866,0.46571428571428564,0.46785714285714286,0.0
PHASE 3B,1411,2259200,2256,1938.8056780299212,1351.809924202944,2380.876066440662,508.39523828125044,512.6280273437505,114.72280155062866,0.4714285714285714,0.4892857142857142,0.0
PHASE 3B,1412,2260800,2256,1938.8056780299212,1351.809924202944,2380.876066440662,508.39523828125044,512.6280273437505,114.72280155062866,0.4992857142857143,0.5635714285714286,0.0
PHASE 3B,1413,2262400,2256,1938.8056780299212,1351.809924202944,2380.876066440662,508.39523828125044,512.6280273437505,114.72280155062866,0.5057142857142858,0.4942857142857144,0.0
PHASE 3B,1414,2264000,2264,1941.0358241615534,1351.809924202944,2380.876066440662,506.3191445312504,514.7402846354173,114.99704937437424,0.0,0.0,0.0
PHASE 3B,1415,2265600,2264,1941.035824161553,1351.809924202944,2380.876066440662,506.3191445312505,514.7402846354173,114.99704937437426,0.47857142857142854,0.5128571428571428,0.0
PHASE 3B,1416,2267200,2264,1941.035824161553,1351.809924202944,2380.876066440662,506.3191445312505,514.7402846354173,114.99704937437426,0.47214285714285725,0.49642857142857144,0.0
PHASE 3B,1417,2268800,2264,1941.035824161553,1351.809924202944,2380.876066440662,506.3191445312505,514.7402846354173,114.99704937437426,0.5107142857142858,0.5057142857142858,0.0
PHASE 3B,1418,2270400,2264,1941.035824161553,1351.809924202944,2380.876066440662,506.3191445312505,514.7402846354173,114.99704937437426,0.4714285714285714,0.5114285714285713,0.0
PHASE 3B,1419,2272000,2272,1940.6665646419794,1351.809924202944,2380.876066440662,505.9768632812505,515.0851091145839,114.95057403078162,0.0,0.0,0.0
PHASE 3B,1420,2273600,2272,1940.6665646419801,1351.809924202944,2380.876066440662,505.9768632812504,515.0851091145839,114.95057403078162,0.5335714285714286,0.4521428571428571,0.0
PHASE 3B,1421,2275200,2272,1940.6665646419801,1351.809924202944,2380.876066440662,505.9768632812504,515.0851091145839,114.95057403078162,0.47428571428571437,0.4807142857142857,0.0
PHASE 3B,1422,2276800,2272,1940.6665646419801,1351.809924202944,2380.876066440662,505.9768632812504,515.0851091145839,114.95057403078162,0.4878571428571429,0.48357142857142854,0.0
PHASE 3B,1423,2278400,2272,1940.6665646419801,1351.809924202944,2380.876066440662,505.9768632812504,515.0851091145839,114.95057403078162,0.48571428571428577,0.5542857142857144,0.0
PHASE 3B,1424,2280000,2280,1951.2891647433705,1384.1628747920445,2380.876066440662,505.4520986979171,520.3572132812507,115.68498159553877,0.0,0.0,0.0
PHASE 3B,1425,2281600,2280,1951.2891647433705,1384.1628747920445,2380.876066440662,505.45209869791705,520.3572132812506,115.68498159553877,0.505,0.47285714285714286,0.0
PHASE 3B,1426,2283200,2280,1951.2891647433705,1384.1628747920445,2380.876066440662,505.45209869791705,520.3572132812506,115.68498159553877,0.44785714285714284,0.48500000000000004,0.0
PHASE 3B,1427,2284800,2280,1951.2891647433705,1384.1628747920445,2380.876066440662,505.45209869791705,520.3572132812506,115.68498159553877,0.5178571428571429,0.4707142857142858,0.0
PHASE 3B,1428,2286400,2280,1951.2891647433705,1384.1628747920445,2380.876066440662,505.45209869791705,520.3572132812506,115.68498159553877,0.5078571428571428,0.5757142857142857,0.0
PHASE 3B,1429,2288000,2288,1957.1788475218084,1384.1628747920445,2380.876066440662,507.65851328125035,521.6255091145839,115.98685314076009,0.0,0.0,0.0
PHASE 3B,1430,2289600,2288,1957.1788475218082,1384.1628747920445,2380.876066440662,507.65851328125035,521.6255091145839,115.98685314076006,0.4871428571428571,0.49428571428571433,0.0
PHASE 3B,1431,2291200,2288,1957.1788475218082,1384.1628747920445,2380.876066440662,507.65851328125035,521.6255091145839,115.98685314076006,0.5135714285714286,0.4771428571428572,0.0
PHASE 3B,1432,2292800,2288,1957.1788475218082,1384.1628747920445,2380.876066440662,507.65851328125035,521.6255091145839,115.98685314076006,0.4435714285714286,0.46571428571428575,0.0
PHASE 3B,1433,2294400,2288,1957.1788475218082,1384.1628747920445,2380.876066440662,507.65851328125035,521.6255091145839,115.98685314076006,0.5307142857142858,0.4757142857142857,0.0
PHASE 3B,1434,2296000,2296,1959.7803044065458,956.0755274361385,2380.876066440662,504.1587309895837,525.7864955729173,116.22938473051865,0.0,0.0,0.0
PHASE 3B,1435,2297600,2296,1959.7803044065458,956.0755274361385,2380.876066440662,504.1587309895838,525.7864955729174,116.22938473051867,0.5271428571428571,0.5042857142857142,0.0
PHASE 3B,1436,2299200,2296,1959.7803044065458,956.0755274361385,2380.876066440662,504.1587309895838,525.7864955729174,116.22938473051867,0.40857142857142864,0.4778571428571429,0.0
PHASE 3B,1437,2300800,2296,1959.7803044065458,956.0755274361385,2380.876066440662,504.1587309895838,525.7864955729174,116.22938473051867,0.5357142857142858,0.4871428571428572,0.0
PHASE 3B,1438,2302400,2296,1959.7803044065458,956.0755274361385,2380.876066440662,504.1587309895838,525.7864955729174,116.22938473051867,0.48500000000000004,0.5057142857142858,0.0
PHASE 3B,1439,2304000,2304,1957.7117818996019,956.0755274361385,2445.6286120917734,501.9820664062505,526.5668500000006,116.1453581866816,0.0,0.0,0.0
PHASE 3B,1440,2305600,2304,1957.7117818996026,956.0755274361385,2445.6286120917734,501.98206640625045,526.5668500000006,116.1453581866816,0.5007142857142857,0.4921428571428571,0.0
PHASE 3B,1441,2307200,2304,1957.7117818996026,956.0755274361385,2445.6286120917734,501.98206640625045,526.5668500000006,116.1453581866816,0.49857142857142855,0.5085714285714286,0.0
PHASE 3B,1442,2308800,2304,1957.7117818996026,956.0755274361385,2445.6286120917734,501.98206640625045,526.5668500000006,116.1453581866816,0.4471428571428572,0.43500000000000005,0.0
PHASE 3B,1443,2310400,2304,1957.7117818996026,956.0755274361385,2445.6286120917734,501.98206640625045,526.5668500000006,116.1453581866816,0.5142857142857143,0.5228571428571429,0.0
PHASE 3B,1444,2312000,2312,1963.9798247346243,956.0755274361385,2445.6286120917734,505.1406635416671,526.675623958334,116.52044215434061,0.0,0.0,0.0
PHASE 3B,1445,2313600,2312,1963.979824734624,956.0755274361385,2445.6286120917734,505.1406635416671,526.6756239583339,116.52044215434061,0.5021428571428572,0.5128571428571428,0.0
PHASE 3B,1446,2315200,2312,1963.979824734624,956.0755274361385,2445.6286120917734,505.1406635416671,526.6756239583339,116.52044215434061,0.5507142857142857,0.5449999999999999,0.0
PHASE 3B,1447,2316800,2312,1963.979824734624,956.0755274361385,2445.6286120917734,505.1406635416671,526.6756239583339,116.52044215434061,0.5057142857142858,0.4378571428571429,0.0
PHASE 3B,1448,2318400,2312,1963.979824734624,956.0755274361385,2445.6286120917734,505.1406635416671,526.6756239583339,116.52044215434061,0.5064285714285715,0.5050000000000001,0.0
PHASE 3B,1449,2320000,2320,1968.629750791396,956.0755274361385,2445.6286120917734,507.5399260416671,527.3430953125005,116.7183411796661,0.0,0.0,0.0
PHASE 3B,1450,2321600,2320,1968.629750791396,956.0755274361385,2445.6286120917734,507.53992604166706,527.3430953125006,116.71834117966608,0.5671428571428571,0.5221428571428571,0.0
PHASE 3B,1451,2323200,2320,1968.629750791396,956.0755274361385,2445.6286120917734,507.53992604166706,527.3430953125006,116.71834117966608,0.5228571428571429,0.5185714285714287,0.0
PHASE 3B,1452,2324800,2320,1968.629750791396,956.0755274361385,2445.6286120917734,507.53992604166706,527.3430953125006,116.71834117966608,0.47785714285714287,0.4978571428571429,0.0
PHASE 3B,1453,2326400,2320,1968.629750791396,956.0755274361385,2445.6286120917734,507.53992604166706,527.3430953125006,116.71834117966608,0.5778571428571428,0.5035714285714286,0.0
PHASE 3B,1454,2328000,2328,1974.7971674328767,956.0755274361385,2491.2396472415253,509.5807541666672,527.460691145834,117.21946526505941,0.0,0.0,0.0
PHASE 3B,1455,2329600,2328,1974.7971674328767,956.0755274361385,2491.2396472415253,509.5807541666672,527.460691145834,117.21946526505941,0.4671428571428572,0.4892857142857143,0.0
PHASE 3B,1456,2331200,2328,1974.7971674328767,956.0755274361385,2491.2396472415253,509.5807541666672,527.460691145834,117.21946526505941,0.4821428571428571,0.4842857142857143,0.0
PHASE 3B,1457,2332800,2328,1974.7971674328767,956.0755274361385,2491.2396472415253,509.5807541666672,527.460691145834,117.21946526505941,0.45071428571428573,0.48500000000000004,0.0
PHASE 3B,1458,2334400,2328,1974.7971674328767,956.0755274361385,2491.2396472415253,509.5807541666672,527.460691145834,117.21946526505941,0.48500000000000004,0.5264285714285715,0.0
PHASE 3B,1459,2336000,2336,1979.4874844801454,956.0755274361385,2491.2396472415253,514.2936677083338,526.7392515625005,117.30682065117624,0.0,0.0,0.0
PHASE 3B,1460,2337600,2336,1979.4874844801461,956.0755274361385,2491.2396472415253,514.2936677083339,526.7392515625006,117.30682065117624,0.4971428571428572,0.5135714285714286,0.0
PHASE 3B,1461,2339200,2336,1979.4874844801461,956.0755274361385,2491.2396472415253,514.2936677083339,526.7392515625006,117.30682065117624,0.49642857142857133,0.5442857142857143,0.0
PHASE 3B,1462,2340800,2336,1979.4874844801461,956.0755274361385,2491.2396472415253,514.2936677083339,526.7392515625006,117.30682065117624,0.4628571428571429,0.47071428571428575,0.0
PHASE 3B,1463,2342400,2336,1979.4874844801461,956.0755274361385,2491.2396472415253,514.2936677083339,526.7392515625006,117.30682065117624,0.46357142857142863,0.49142857142857144,0.0
PHASE 3B,1464,2344000,2344,1980.1932526660112,956.0755274361385,2491.2396472415253,511.853611458334,527.8385046875005,117.56264206503424,0.0,0.0,0.0
PHASE 3B,1465,2345600,2344,1980.1932526660105,956.0755274361385,2491.2396472415253,511.8536114583338,527.8385046875006,117.56264206503424,0.4714285714285714,0.45500000000000007,0.0
PHASE 3B,1466,2347200,2344,1980.1932526660105,956.0755274361385,2491.2396472415253,511.8536114583338,527.8385046875006,117.56264206503424,0.4671428571428572,0.48428571428571426,0.0
PHASE 3B,1467,2348800,2344,1980.1932526660105,956.0755274361385,2491.2396472415253,511.8536114583338,527.8385046875006,117.56264206503424,0.49071428571428577,0.515,0.0
PHASE 3B,1468,2350400,2344,1980.1932526660105,956.0755274361385,2491.2396472415253,511.8536114583338,527.8385046875006,117.56264206503424,0.4957142857142857,0.45071428571428573,0.0
PHASE 3B,1469,2352000,2352,1973.3761290120729,956.0755274361385,2491.2396472415253,508.2564416666672,528.1395682291673,117.122514889542,0.0,0.0,0.0
PHASE 3B,1470,2353600,2352,1973.3761290120735,956.0755274361385,2491.2396472415253,508.2564416666672,528.1395682291671,117.122514889542,0.5192857142857144,0.475,0.0
PHASE 3B,1471,2355200,2352,1973.3761290120735,956.0755274361385,2491.2396472415253,508.2564416666672,528.1395682291671,117.122514889542,0.47928571428571426,0.54,0.0
PHASE 3B,1472,2356800,2352,1973.3761290120735,956.0755274361385,2491.2396472415253,508.2564416666672,528.1395682291671,117.122514889542,0.49571428571428583,0.5192857142857144,0.0
PHASE 3B,1473,2358400,2352,1973.3761290120735,956.0755274361385,2491.2396472415253,508.2564416666672,528.1395682291671,117.122514889542,0.4878571428571429,0.5642857142857143,0.0
PHASE 3B,1474,2360000,2360,1958.3180482296539,956.0755274361385,2491.2396472415253,498.45095729166724,528.6532734375005,116.4017271875729,0.0,0.0,0.0
PHASE 3B,1475,2361600,2360,1958.3180482296539,956.0755274361385,2491.2396472415253,498.45095729166724,528.6532734375005,116.4017271875729,0.45357142857142857,0.5064285714285715,0.0
PHASE 3B,1476,2363200,2360,1958.3180482296539,956.0755274361385,2491.2396472415253,498.45095729166724,528.6532734375005,116.4017271875729,0.49071428571428577,0.42857142857142855,0.0
PHASE 3B,1477,2364800,2360,1958.3180482296539,956.0755274361385,2491.2396472415253,498.45095729166724,528.6532734375005,116.4017271875729,0.5128571428571428,0.48428571428571426,0.0
PHASE 3B,1478,2366400,2360,1958.3180482296539,956.0755274361385,2491.2396472415253,498.45095729166724,528.6532734375005,116.4017271875729,0.4864285714285714,0.5078571428571428,0.0
PHASE 3B,1479,2368000,2368,1963.1817041544311,956.0755274361385,2491.2396472415253,500.7594885416673,529.1154638020839,116.66334397634719,0.0,0.0,0.0
PHASE 3B,1480,2369600,2368,1963.1817041544311,956.0755274361385,2491.2396472415253,500.75948854166717,529.1154638020838,116.6633439763472,0.535,0.5314285714285714,0.0
PHASE 3B,1481,2371200,2368,1963.1817041544311,956.0755274361385,2491.2396472415253,500.75948854166717,529.1154638020838,116.6633439763472,0.465,0.4950000000000001,0.0
PHASE 3B,1482,2372800,2368,1963.1817041544311,956.0755274361385,2491.2396472415253,500.75948854166717,529.1154638020838,116.6633439763472,0.5050000000000001,0.5378571428571429,0.0
PHASE 3B,1483,2374400,2368,1963.1817041544311,956.0755274361385,2491.2396472415253,500.75948854166717,529.1154638020838,116.6633439763472,0.49642857142857155,0.49714285714285716,0.0
PHASE 3B,1484,2376000,2376,1960.0198700104263,956.0755274361385,2491.2396472415253,500.3018000000005,528.0312690104172,116.46085012501331,0.0,0.0,0.0
PHASE 3B,1485,2377600,2376,1960.0198700104263,956.0755274361385,2491.2396472415253,500.3018000000006,528.0312690104172,116.46085012501331,0.525,0.5064285714285715,0.0
PHASE 3B,1486,2379200,2376,1960.0198700104263,956.0755274361385,2491.2396472415253,500.3018000000006,528.0312690104172,116.46085012501331,0.5635714285714286,0.4571428571428572,0.0
PHASE 3B,1487,2380800,2376,1960.0198700104263,956.0755274361385,2491.2396472415253,500.3018000000006,528.0312690104172,116.46085012501331,0.5257142857142858,0.48357142857142865,0.0
PHASE 3B,1488,2382400,2376,1960.0198700104263,956.0755274361385,2491.2396472415253,500.3018000000006,528.0312690104172,116.46085012501331,0.49214285714285716,0.5164285714285716,0.0
PHASE 3B,1489,2384000,2384,1954.4930914865115,956.0755274361385,2491.2396472415253,495.29976666666727,530.2005627604171,116.1240952574406,0.0,0.0,0.0
PHASE 3B,1490,2385600,2384,1954.493091486511,956.0755274361385,2491.2396472415253,495.29976666666715,530.2005627604173,116.12409525744059,0.5135714285714286,0.49571428571428583,0.0
PHASE 3B,1491,2387200,2384,1954.493091486511,956.0755274361385,2491.2396472415253,495.29976666666715,530.2005627604173,116.12409525744059,0.5249999999999999,0.4971428571428572,0.0
PHASE 3B,1492,2388800,2384,1954.493091486511,956.0755274361385,2491.2396472415253,495.29976666666715,530.2005627604173,116.12409525744059,0.5371428571428571,0.44214285714285717,0.0
PHASE 3B,1493,2390400,2384,1954.493091486511,956.0755274361385,2491.2396472415253,495.29976666666715,530.2005627604173,116.12409525744059,0.5035714285714286,0.49642857142857144,0.0
PHASE 3B,1494,2392000,2392,1943.7526447459263,956.0755274361385,2491.2396472415253,494.85089166666717,526.1277460937505,115.34675087320088,0.0,0.0,0.0
PHASE 3B,1495,2393600,2392,1943.7526447459263,956.0755274361385,2491.2396472415253,494.8508916666672,526.1277460937506,115.34675087320088,0.535,0.5242857142857142,0.0
PHASE 3B,1496,2395200,2392,1943.7526447459263,956.0755274361385,2491.2396472415253,494.8508916666672,526.1277460937506,115.34675087320088,0.5164285714285715,0.4871428571428572,0.0
PHASE 3B,1497,2396800,2392,1943.7526447459263,956.0755274361385,2491.2396472415253,494.8508916666672,526.1277460937506,115.34675087320088,0.5057142857142858,0.4935714285714286,0.0
PHASE 3B,1498,2398400,2392,1943.7526447459263,956.0755274361385,2491.2396472415253,494.8508916666672,526.1277460937506,115.34675087320088,0.5692857142857143,0.4628571428571428,0.0
PHASE 3B,1499,2400000,2400,1943.5529122867918,1322.3876291064228,2491.2396472415253,495.7625927083339,525.5147377604172,115.28444772726752,0.0,0.0,0.0
