phase,iter,timesteps_total,episodes_total,episode_reward_mean,episode_reward_min,episode_reward_max,policy_reward_mean/p_top,policy_reward_mean/p_bottom,policy_reward_mean/a,mean_tax/p_top,mean_tax/p_bottom,social_welfare_coin_eq_times_prod
PHASE 1,0,800,0,,,,,,,0.0,0.0,0.0
PHASE 1,1,1600,0,,,,,,,0.0,0.0,0.0
PHASE 1,2,2400,0,,,,,,,0.0,0.0,0.0
PHASE 1,3,3200,0,,,,,,,0.0,0.0,0.0
PHASE 1,4,4000,4,262.87534801328286,180.9095819585076,328.0339732700052,81.46666666666802,75.92916666666797,13.184939334994763,0.0,0.0,0.0
PHASE 1,5,4800,4,262.87534801328286,180.9095819585076,328.0339732700052,81.46666666666802,75.92916666666797,13.184939334994763,0.0,0.0,0.0
PHASE 1,6,5600,4,262.87534801328286,180.9095819585076,328.0339732700052,81.46666666666802,75.92916666666797,13.184939334994763,0.0,0.0,0.0
PHASE 1,7,6400,4,262.87534801328286,180.9095819585076,328.0339732700052,81.46666666666802,75.92916666666797,13.184939334994763,0.0,0.0,0.0
PHASE 1,8,7200,4,262.87534801328286,180.9095819585076,328.0339732700052,81.46666666666802,75.92916666666797,13.184939334994763,0.0,0.0,0.0
PHASE 1,9,8000,8,387.5910911045382,180.9095819585076,654.0077479630075,108.26041666666782,108.42708333333442,21.362948888068274,0.0,0.0,0.0
PHASE 1,10,8800,8,387.5910911045382,180.9095819585076,654.0077479630075,108.26041666666782,108.42708333333442,21.362948888068274,0.0,0.0,0.0
PHASE 1,11,9600,8,387.5910911045382,180.9095819585076,654.0077479630075,108.26041666666782,108.42708333333442,21.362948888068274,0.0,0.0,0.0
PHASE 1,12,10400,8,387.5910911045382,180.9095819585076,654.0077479630075,108.26041666666782,108.42708333333442,21.362948888068274,0.0,0.0,0.0
PHASE 1,13,11200,8,387.5910911045382,180.9095819585076,654.0077479630075,108.26041666666782,108.42708333333442,21.362948888068274,0.0,0.0,0.0
PHASE 1,14,12000,12,446.60051606870593,180.9095819585076,654.0077479630075,123.16944444444555,115.6166666666677,25.9768006196996,0.0,0.0,0.0
PHASE 1,15,12800,12,446.60051606870593,180.9095819585076,654.0077479630075,123.16944444444555,115.61666666666768,25.9768006196996,0.0,0.0,0.0
PHASE 1,16,13600,12,446.60051606870593,180.9095819585076,654.0077479630075,123.16944444444555,115.61666666666768,25.9768006196996,0.0,0.0,0.0
PHASE 1,17,14400,12,446.60051606870593,180.9095819585076,654.0077479630075,123.16944444444555,115.61666666666768,25.9768006196996,0.0,0.0,0.0
PHASE 1,18,15200,12,446.60051606870593,180.9095819585076,654.0077479630075,123.16944444444555,115.61666666666768,25.9768006196996,0.0,0.0,0.0
PHASE 1,19,16000,16,497.03993416464925,180.9095819585076,691.6602189027983,133.25625000000105,126.35833333333437,29.67816885391437,0.0,0.0,0.0
PHASE 1,20,16800,16,497.03993416464925,180.9095819585076,691.6602189027983,133.25625000000105,126.35833333333437,29.67816885391437,0.0,0.0,0.0
PHASE 1,21,17600,16,497.03993416464925,180.9095819585076,691.6602189027983,133.25625000000105,126.35833333333437,29.67816885391437,0.0,0.0,0.0
PHASE 1,22,18400,16,497.03993416464925,180.9095819585076,691.6602189027983,133.25625000000105,126.35833333333437,29.67816885391437,0.0,0.0,0.0
PHASE 1,23,19200,16,497.03993416464925,180.9095819585076,691.6602189027983,133.25625000000105,126.35833333333437,29.67816885391437,0.0,0.0,0.0
PHASE 1,24,20000,20,500.9856194413177,180.9095819585076,727.509720513646,127.97083333333451,124.06833333333444,31.118306596831367,0.0,0.0,0.0
PHASE 1,25,20800,20,500.9856194413177,180.9095819585076,727.509720513646,127.97083333333453,124.06833333333444,31.118306596831367,0.0,0.0,0.0
PHASE 1,26,21600,20,500.9856194413177,180.9095819585076,727.509720513646,127.97083333333453,124.06833333333444,31.118306596831367,0.0,0.0,0.0
PHASE 1,27,22400,20,500.9856194413177,180.9095819585076,727.509720513646,127.97083333333453,124.06833333333444,31.118306596831367,0.0,0.0,0.0
PHASE 1,28,23200,20,500.9856194413177,180.9095819585076,727.509720513646,127.97083333333453,124.06833333333444,31.118306596831367,0.0,0.0,0.0
PHASE 1,29,24000,24,514.1834693268794,180.9095819585076,727.509720513646,128.76597222222335,127.97777777777883,32.17996491585988,0.0,0.0,0.0
PHASE 1,30,24800,24,514.1834693268794,180.9095819585076,727.509720513646,128.76597222222335,127.97777777777883,32.17996491585988,0.0,0.0,0.0
PHASE 1,31,25600,24,514.1834693268794,180.9095819585076,727.509720513646,128.76597222222335,127.97777777777883,32.17996491585988,0.0,0.0,0.0
PHASE 1,32,26400,24,514.1834693268794,180.9095819585076,727.509720513646,128.76597222222335,127.97777777777883,32.17996491585988,0.0,0.0,0.0
PHASE 1,33,27200,24,514.1834693268794,180.9095819585076,727.509720513646,128.76597222222335,127.97777777777883,32.17996491585988,0.0,0.0,0.0
PHASE 1,34,28000,28,491.3430867387025,69.29448469965081,814.1254972607503,122.95119047619163,125.71666666666763,30.334403699480706,0.0,0.0,0.0
PHASE 1,35,28800,28,491.3430867387025,69.29448469965081,814.1254972607503,122.95119047619161,125.71666666666763,30.334403699480706,0.0,0.0,0.0
PHASE 1,36,29600,28,491.3430867387025,69.29448469965081,814.1254972607503,122.95119047619161,125.71666666666763,30.334403699480706,0.0,0.0,0.0
PHASE 1,37,30400,28,491.3430867387025,69.29448469965081,814.1254972607503,122.95119047619161,125.71666666666763,30.334403699480706,0.0,0.0,0.0
PHASE 1,38,31200,28,491.3430867387025,69.29448469965081,814.1254972607503,122.95119047619161,125.71666666666763,30.334403699480706,0.0,0.0,0.0
PHASE 1,39,32000,32,460.94126852663715,69.29448469965081,814.1254972607503,115.85052083333451,119.8104166666677,28.160041378330035,0.0,0.0,0.0
PHASE 1,40,32800,32,460.94126852663715,69.29448469965081,814.1254972607503,115.85052083333451,119.8104166666677,28.160041378330035,0.0,0.0,0.0
PHASE 1,41,33600,32,460.94126852663715,69.29448469965081,814.1254972607503,115.85052083333451,119.8104166666677,28.160041378330035,0.0,0.0,0.0
PHASE 1,42,34400,32,460.94126852663715,69.29448469965081,814.1254972607503,115.85052083333451,119.8104166666677,28.160041378330035,0.0,0.0,0.0
PHASE 1,43,35200,32,460.94126852663715,69.29448469965081,814.1254972607503,115.85052083333451,119.8104166666677,28.160041378330035,0.0,0.0,0.0
PHASE 1,44,36000,36,453.6130195396684,69.29448469965081,814.1254972607503,113.1675925925938,117.86435185185289,27.822634386903513,0.0,0.0,0.0
PHASE 1,45,36800,36,453.61301953966836,69.29448469965081,814.1254972607503,113.16759259259382,117.86435185185292,27.822634386903513,0.0,0.0,0.0
PHASE 1,46,37600,36,453.61301953966836,69.29448469965081,814.1254972607503,113.16759259259382,117.86435185185292,27.822634386903513,0.0,0.0,0.0
PHASE 1,47,38400,36,453.61301953966836,69.29448469965081,814.1254972607503,113.16759259259382,117.86435185185292,27.822634386903513,0.0,0.0,0.0
PHASE 1,48,39200,36,453.61301953966836,69.29448469965081,814.1254972607503,113.16759259259382,117.86435185185292,27.822634386903513,0.0,0.0,0.0
PHASE 1,49,40000,40,446.0564391416212,69.29448469965081,814.1254972607503,111.53583333333454,114.94000000000105,27.447575726036696,0.0,0.0,0.0
PHASE 1,50,40800,40,446.0564391416212,69.29448469965081,814.1254972607503,111.53583333333454,114.94000000000105,27.447575726036696,0.0,0.0,0.0
PHASE 1,51,41600,40,446.0564391416212,69.29448469965081,814.1254972607503,111.53583333333454,114.94000000000105,27.447575726036696,0.0,0.0,0.0
PHASE 1,52,42400,40,446.0564391416212,69.29448469965081,814.1254972607503,111.53583333333454,114.94000000000105,27.447575726036696,0.0,0.0,0.0
PHASE 1,53,43200,40,446.0564391416212,69.29448469965081,814.1254972607503,111.53583333333454,114.94000000000105,27.447575726036696,0.0,0.0,0.0
PHASE 1,54,44000,44,444.6323429393695,69.29448469965081,814.1254972607503,112.25303030303154,112.01969696969807,27.544951958331033,0.0,0.0,0.0
PHASE 1,55,44800,44,444.63234293936944,69.29448469965081,814.1254972607503,112.25303030303152,112.01969696969807,27.544951958331033,0.0,0.0,0.0
PHASE 1,56,45600,44,444.63234293936944,69.29448469965081,814.1254972607503,112.25303030303152,112.01969696969807,27.544951958331033,0.0,0.0,0.0
PHASE 1,57,46400,44,444.63234293936944,69.29448469965081,814.1254972607503,112.25303030303152,112.01969696969807,27.544951958331033,0.0,0.0,0.0
PHASE 1,58,47200,44,444.63234293936944,69.29448469965081,814.1254972607503,112.25303030303152,112.01969696969807,27.544951958331033,0.0,0.0,0.0
PHASE 1,59,48000,48,462.56321682076054,69.29448469965081,814.1254972607503,115.89756944444564,116.95833333333441,28.713414255373635,0.0,0.0,0.0
PHASE 1,60,48800,48,462.56321682076054,69.29448469965081,814.1254972607503,115.89756944444564,116.95833333333441,28.713414255373635,0.0,0.0,0.0
PHASE 1,61,49600,48,462.56321682076054,69.29448469965081,814.1254972607503,115.89756944444564,116.95833333333441,28.713414255373635,0.0,0.0,0.0
PHASE 1,62,50400,48,462.56321682076054,69.29448469965081,814.1254972607503,115.89756944444564,116.95833333333441,28.713414255373635,0.0,0.0,0.0
PHASE 1,63,51200,48,462.56321682076054,69.29448469965081,814.1254972607503,115.89756944444564,116.95833333333441,28.713414255373635,0.0,0.0,0.0
PHASE 1,64,52000,52,483.86337894582346,69.29448469965081,1062.125303278607,120.76634615384734,122.02083333333441,30.13452493233092,0.0,0.0,0.0
PHASE 1,65,52800,52,483.86337894582346,69.29448469965081,1062.125303278607,120.76634615384734,122.0208333333344,30.13452493233092,0.0,0.0,0.0
PHASE 1,66,53600,52,483.86337894582346,69.29448469965081,1062.125303278607,120.76634615384734,122.0208333333344,30.13452493233092,0.0,0.0,0.0
PHASE 1,67,54400,52,483.86337894582346,69.29448469965081,1062.125303278607,120.76634615384734,122.0208333333344,30.13452493233092,0.0,0.0,0.0
PHASE 1,68,55200,52,483.86337894582346,69.29448469965081,1062.125303278607,120.76634615384734,122.0208333333344,30.13452493233092,0.0,0.0,0.0
PHASE 1,69,56000,56,490.05335345752894,69.29448469965081,1062.125303278607,119.84732142857264,124.08869047619156,30.764667694096254,0.0,0.0,0.0
PHASE 1,70,56800,56,490.05335345752894,69.29448469965081,1062.125303278607,119.84732142857264,124.08869047619156,30.764667694096254,0.0,0.0,0.0
PHASE 1,71,57600,56,490.05335345752894,69.29448469965081,1062.125303278607,119.84732142857264,124.08869047619156,30.764667694096254,0.0,0.0,0.0
PHASE 1,72,58400,56,490.05335345752894,69.29448469965081,1062.125303278607,119.84732142857264,124.08869047619156,30.764667694096254,0.0,0.0,0.0
PHASE 1,73,59200,56,490.05335345752894,69.29448469965081,1062.125303278607,119.84732142857264,124.08869047619156,30.764667694096254,0.0,0.0,0.0
PHASE 1,74,60000,60,508.90949384330264,69.29448469965081,1062.125303278607,123.4141666666679,127.62305555555665,32.234033952635315,0.0,0.0,0.0
PHASE 1,75,60800,60,508.9094938433025,69.29448469965081,1062.125303278607,123.41416666666788,127.62305555555665,32.234033952635315,0.0,0.0,0.0
PHASE 1,76,61600,60,508.9094938433025,69.29448469965081,1062.125303278607,123.41416666666788,127.62305555555665,32.234033952635315,0.0,0.0,0.0
PHASE 1,77,62400,60,508.9094938433025,69.29448469965081,1062.125303278607,123.41416666666788,127.62305555555665,32.234033952635315,0.0,0.0,0.0
PHASE 1,78,63200,60,508.9094938433025,69.29448469965081,1062.125303278607,123.41416666666788,127.62305555555665,32.234033952635315,0.0,0.0,0.0
PHASE 1,79,64000,64,516.5106808995224,69.29448469965081,1062.125303278607,126.26822916666788,127.31718750000111,32.86565802910717,0.0,0.0,0.0
PHASE 1,80,64800,64,516.5106808995224,69.29448469965081,1062.125303278607,126.26822916666788,127.31718750000111,32.86565802910717,0.0,0.0,0.0
PHASE 1,81,65600,64,516.5106808995224,69.29448469965081,1062.125303278607,126.26822916666788,127.31718750000111,32.86565802910717,0.0,0.0,0.0
PHASE 1,82,66400,64,516.5106808995224,69.29448469965081,1062.125303278607,126.26822916666788,127.31718750000111,32.86565802910717,0.0,0.0,0.0
PHASE 1,83,67200,64,516.5106808995224,69.29448469965081,1062.125303278607,126.26822916666788,127.31718750000111,32.86565802910717,0.0,0.0,0.0
PHASE 1,84,68000,68,529.247385356245,69.29448469965081,1062.125303278607,130.0343137254914,128.8436274509815,33.7961805224718,0.0,0.0,0.0
PHASE 1,85,68800,68,529.247385356245,69.29448469965081,1062.125303278607,130.0343137254914,128.8436274509815,33.7961805224718,0.0,0.0,0.0
PHASE 1,86,69600,68,529.247385356245,69.29448469965081,1062.125303278607,130.0343137254914,128.8436274509815,33.7961805224718,0.0,0.0,0.0
PHASE 1,87,70400,68,529.247385356245,69.29448469965081,1062.125303278607,130.0343137254914,128.8436274509815,33.7961805224718,0.0,0.0,0.0
PHASE 1,88,71200,68,529.247385356245,69.29448469965081,1062.125303278607,130.0343137254914,128.8436274509815,33.7961805224718,0.0,0.0,0.0
PHASE 1,89,72000,72,543.3649628384824,69.29448469965081,1062.125303278607,132.87592592592713,132.48333333333443,34.75071294740266,0.0,0.0,0.0
PHASE 1,90,72800,72,543.3649628384824,69.29448469965081,1062.125303278607,132.87592592592713,132.48333333333443,34.75071294740267,0.0,0.0,0.0
PHASE 1,91,73600,72,543.3649628384824,69.29448469965081,1062.125303278607,132.87592592592713,132.48333333333443,34.75071294740267,0.0,0.0,0.0
PHASE 1,92,74400,72,543.3649628384824,69.29448469965081,1062.125303278607,132.87592592592713,132.48333333333443,34.75071294740267,0.0,0.0,0.0
PHASE 1,93,75200,72,543.3649628384824,69.29448469965081,1062.125303278607,132.87592592592713,132.48333333333443,34.75071294740267,0.0,0.0,0.0
PHASE 1,94,76000,76,545.7577621264218,69.29448469965081,1062.125303278607,133.87434210526436,131.7239035087731,35.01993956404812,0.0,0.0,0.0
PHASE 1,95,76800,76,545.7577621264218,69.29448469965081,1062.125303278607,133.8743421052643,131.72390350877302,35.01993956404812,0.0,0.0,0.0
PHASE 1,96,77600,76,545.7577621264218,69.29448469965081,1062.125303278607,133.8743421052643,131.72390350877302,35.01993956404812,0.0,0.0,0.0
PHASE 1,97,78400,76,545.7577621264218,69.29448469965081,1062.125303278607,133.8743421052643,131.72390350877302,35.01993956404812,0.0,0.0,0.0
PHASE 1,98,79200,76,545.7577621264218,69.29448469965081,1062.125303278607,133.8743421052643,131.72390350877302,35.01993956404812,0.0,0.0,0.0
PHASE 1,99,80000,80,549.1761219992082,69.29448469965081,1062.125303278607,134.9595833333345,131.6160416666678,35.32506212490082,0.0,0.0,0.0
PHASE 1,100,80800,80,549.1761219992082,69.29448469965081,1062.125303278607,134.9595833333345,131.6160416666678,35.32506212490082,0.0,0.0,0.0
PHASE 1,101,81600,80,549.1761219992082,69.29448469965081,1062.125303278607,134.9595833333345,131.6160416666678,35.32506212490082,0.0,0.0,0.0
PHASE 1,102,82400,80,549.1761219992082,69.29448469965081,1062.125303278607,134.9595833333345,131.6160416666678,35.32506212490082,0.0,0.0,0.0
PHASE 1,103,83200,80,549.1761219992082,69.29448469965081,1062.125303278607,134.9595833333345,131.6160416666678,35.32506212490082,0.0,0.0,0.0
PHASE 1,104,84000,84,547.2869437683726,69.29448469965081,1062.125303278607,133.70357142857262,130.55158730158843,35.378973129776504,0.0,0.0,0.0
PHASE 1,105,84800,84,547.2869437683726,69.29448469965081,1062.125303278607,133.70357142857262,130.55158730158846,35.3789731297765,0.0,0.0,0.0
PHASE 1,106,85600,84,547.2869437683726,69.29448469965081,1062.125303278607,133.70357142857262,130.55158730158846,35.3789731297765,0.0,0.0,0.0
PHASE 1,107,86400,84,547.2869437683726,69.29448469965081,1062.125303278607,133.70357142857262,130.55158730158846,35.3789731297765,0.0,0.0,0.0
PHASE 1,108,87200,84,547.2869437683726,69.29448469965081,1062.125303278607,133.70357142857262,130.55158730158846,35.3789731297765,0.0,0.0,0.0
PHASE 1,109,88000,88,554.8652959744305,69.29448469965081,1062.125303278607,136.18200757575877,130.7420454545466,35.99265536801567,0.0,0.0,0.0
PHASE 1,110,88800,88,554.8652959744305,69.29448469965081,1062.125303278607,136.18200757575877,130.7420454545466,35.99265536801567,0.0,0.0,0.0
PHASE 1,111,89600,88,554.8652959744305,69.29448469965081,1062.125303278607,136.18200757575877,130.7420454545466,35.99265536801567,0.0,0.0,0.0
PHASE 1,112,90400,88,554.8652959744305,69.29448469965081,1062.125303278607,136.18200757575877,130.7420454545466,35.99265536801567,0.0,0.0,0.0
PHASE 1,113,91200,88,554.8652959744305,69.29448469965081,1062.125303278607,136.18200757575877,130.7420454545466,35.99265536801567,0.0,0.0,0.0
PHASE 1,114,92000,92,553.7273509321875,69.29448469965081,1062.125303278607,134.82463768116062,130.02681159420408,36.10948770710292,0.0,0.0,0.0
PHASE 1,115,92800,92,553.7273509321875,69.29448469965081,1062.125303278607,134.82463768116062,130.02681159420408,36.10948770710292,0.0,0.0,0.0
PHASE 1,116,93600,92,553.7273509321875,69.29448469965081,1062.125303278607,134.82463768116062,130.02681159420408,36.10948770710292,0.0,0.0,0.0
PHASE 1,117,94400,92,553.7273509321875,69.29448469965081,1062.125303278607,134.82463768116062,130.02681159420408,36.10948770710292,0.0,0.0,0.0
PHASE 1,118,95200,92,553.7273509321875,69.29448469965081,1062.125303278607,134.82463768116062,130.02681159420408,36.10948770710292,0.0,0.0,0.0
PHASE 1,119,96000,96,548.5031397660642,69.29448469965081,1062.125303278607,132.8961805555568,128.63368055555677,35.871659831868975,0.0,0.0,0.0
PHASE 1,120,96800,96,548.5031397660642,69.29448469965081,1062.125303278607,132.8961805555568,128.63368055555677,35.871659831868975,0.0,0.0,0.0
PHASE 1,121,97600,96,548.5031397660642,69.29448469965081,1062.125303278607,132.8961805555568,128.63368055555677,35.871659831868975,0.0,0.0,0.0
PHASE 1,122,98400,96,548.5031397660642,69.29448469965081,1062.125303278607,132.8961805555568,128.63368055555677,35.871659831868975,0.0,0.0,0.0
PHASE 1,123,99200,96,548.5031397660642,69.29448469965081,1062.125303278607,132.8961805555568,128.63368055555677,35.871659831868975,0.0,0.0,0.0
PHASE 1,124,100000,100,549.2658907502605,69.29448469965081,1062.125303278607,131.68950000000126,128.7185000000012,36.10723634378239,0.0,0.0,0.0
PHASE 1,125,100800,100,549.2658907502606,69.29448469965081,1062.125303278607,131.68950000000126,128.7185000000012,36.10723634378239,0.0,0.0,0.0
PHASE 1,126,101600,100,549.2658907502606,69.29448469965081,1062.125303278607,131.68950000000126,128.7185000000012,36.10723634378239,0.0,0.0,0.0
PHASE 1,127,102400,100,549.2658907502606,69.29448469965081,1062.125303278607,131.68950000000126,128.7185000000012,36.10723634378239,0.0,0.0,0.0
PHASE 1,128,103200,100,549.2658907502606,69.29448469965081,1062.125303278607,131.68950000000126,128.7185000000012,36.10723634378239,0.0,0.0,0.0
PHASE 1,129,104000,104,568.8944374605408,69.29448469965081,1062.125303278607,136.4473333333346,130.82566666666787,37.702679682567215,0.0,0.0,0.0
PHASE 1,130,104800,104,568.8944374605406,69.29448469965081,1062.125303278607,136.4473333333346,130.82566666666787,37.70267968256721,0.0,0.0,0.0
PHASE 1,131,105600,104,568.8944374605406,69.29448469965081,1062.125303278607,136.4473333333346,130.82566666666787,37.70267968256721,0.0,0.0,0.0
PHASE 1,132,106400,104,568.8944374605406,69.29448469965081,1062.125303278607,136.4473333333346,130.82566666666787,37.70267968256721,0.0,0.0,0.0
PHASE 1,133,107200,104,568.8944374605406,69.29448469965081,1062.125303278607,136.4473333333346,130.82566666666787,37.70267968256721,0.0,0.0,0.0
PHASE 1,134,108000,108,573.5965357974976,69.29448469965081,1062.125303278607,136.2820000000013,130.58900000000122,38.34069197468677,0.0,0.0,0.0
PHASE 1,135,108800,108,573.5965357974976,69.29448469965081,1062.125303278607,136.28200000000132,130.58900000000122,38.34069197468677,0.0,0.0,0.0
PHASE 1,136,109600,108,573.5965357974976,69.29448469965081,1062.125303278607,136.28200000000132,130.58900000000122,38.34069197468677,0.0,0.0,0.0
PHASE 1,137,110400,108,573.5965357974976,69.29448469965081,1062.125303278607,136.28200000000132,130.58900000000122,38.34069197468677,0.0,0.0,0.0
PHASE 1,138,111200,108,573.5965357974976,69.29448469965081,1062.125303278607,136.28200000000132,130.58900000000122,38.34069197468677,0.0,0.0,0.0
PHASE 1,139,112000,112,581.0237062376032,69.29448469965081,1062.125303278607,136.651166666668,132.2966666666679,39.00948411303323,0.0,0.0,0.0
PHASE 1,140,112800,112,581.0237062376032,69.29448469965081,1062.125303278607,136.65116666666796,132.2966666666679,39.00948411303323,0.0,0.0,0.0
PHASE 1,141,113600,112,581.0237062376032,69.29448469965081,1062.125303278607,136.65116666666796,132.2966666666679,39.00948411303323,0.0,0.0,0.0
PHASE 1,142,114400,112,581.0237062376032,69.29448469965081,1062.125303278607,136.65116666666796,132.2966666666679,39.00948411303323,0.0,0.0,0.0
PHASE 1,143,115200,112,581.0237062376032,69.29448469965081,1062.125303278607,136.65116666666796,132.2966666666679,39.00948411303323,0.0,0.0,0.0
PHASE 1,144,116000,116,582.6718037329679,69.29448469965081,1062.125303278607,136.7205000000013,131.1316666666679,39.3524546332871,0.0,0.0,0.0
PHASE 1,145,116800,116,582.671803732968,69.29448469965081,1062.125303278607,136.7205000000013,131.1316666666679,39.352454633287095,0.0,0.0,0.0
PHASE 1,146,117600,116,582.671803732968,69.29448469965081,1062.125303278607,136.7205000000013,131.1316666666679,39.352454633287095,0.0,0.0,0.0
PHASE 1,147,118400,116,582.671803732968,69.29448469965081,1062.125303278607,136.7205000000013,131.1316666666679,39.352454633287095,0.0,0.0,0.0
PHASE 1,148,119200,116,582.671803732968,69.29448469965081,1062.125303278607,136.7205000000013,131.1316666666679,39.352454633287095,0.0,0.0,0.0
PHASE 1,149,120000,120,586.6739843838395,69.29448469965081,1062.125303278607,137.54716666666798,131.66366666666792,39.68289388131257,0.0,0.0,0.0
PHASE 1,150,120800,120,586.6739843838395,69.29448469965081,1062.125303278607,137.54716666666798,131.66366666666795,39.68289388131258,0.0,0.0,0.0
PHASE 1,151,121600,120,586.6739843838395,69.29448469965081,1062.125303278607,137.54716666666798,131.66366666666795,39.68289388131258,0.0,0.0,0.0
PHASE 1,152,122400,120,586.6739843838395,69.29448469965081,1062.125303278607,137.54716666666798,131.66366666666795,39.68289388131258,0.0,0.0,0.0
PHASE 1,153,123200,120,586.6739843838395,69.29448469965081,1062.125303278607,137.54716666666798,131.66366666666795,39.68289388131258,0.0,0.0,0.0
PHASE 1,154,124000,124,591.5606780744451,69.29448469965081,1062.125303278607,137.21100000000132,132.18816666666797,40.27018892597149,0.0,0.0,0.0
PHASE 1,155,124800,124,591.5606780744451,69.29448469965081,1062.125303278607,137.21100000000135,132.18816666666794,40.27018892597149,0.0,0.0,0.0
PHASE 1,156,125600,124,591.5606780744451,69.29448469965081,1062.125303278607,137.21100000000135,132.18816666666794,40.27018892597149,0.0,0.0,0.0
PHASE 1,157,126400,124,591.5606780744451,69.29448469965081,1062.125303278607,137.21100000000135,132.18816666666794,40.27018892597149,0.0,0.0,0.0
PHASE 1,158,127200,124,591.5606780744451,69.29448469965081,1062.125303278607,137.21100000000135,132.18816666666794,40.27018892597149,0.0,0.0,0.0
PHASE 1,159,128000,128,603.8615534529011,184.94002124674765,1062.125303278607,138.72366666666804,133.81533333333462,41.41531918161172,0.0,0.0,0.0
PHASE 1,160,128800,128,603.861553452901,184.94002124674765,1062.125303278607,138.72366666666804,133.81533333333462,41.41531918161172,0.0,0.0,0.0
PHASE 1,161,129600,128,603.861553452901,184.94002124674765,1062.125303278607,138.72366666666804,133.81533333333462,41.41531918161172,0.0,0.0,0.0
PHASE 1,162,130400,128,603.861553452901,184.94002124674765,1062.125303278607,138.72366666666804,133.81533333333462,41.41531918161172,0.0,0.0,0.0
PHASE 1,163,131200,128,603.861553452901,184.94002124674765,1062.125303278607,138.72366666666804,133.81533333333462,41.41531918161172,0.0,0.0,0.0
PHASE 1,164,132000,132,625.6205460014083,209.89038484758962,1267.5525786089465,143.5743333333347,136.95116666666797,43.13688075017498,0.0,0.0,0.0
PHASE 1,165,132800,132,625.6205460014085,209.89038484758962,1267.5525786089465,143.5743333333347,136.95116666666797,43.13688075017499,0.0,0.0,0.0
PHASE 1,166,133600,132,625.6205460014085,209.89038484758962,1267.5525786089465,143.5743333333347,136.95116666666797,43.13688075017499,0.0,0.0,0.0
PHASE 1,167,134400,132,625.6205460014085,209.89038484758962,1267.5525786089465,143.5743333333347,136.95116666666797,43.13688075017499,0.0,0.0,0.0
PHASE 1,168,135200,132,625.6205460014085,209.89038484758962,1267.5525786089465,143.5743333333347,136.95116666666797,43.13688075017499,0.0,0.0,0.0
PHASE 1,169,136000,136,642.8486207279336,229.85250718270666,1267.5525786089465,147.04783333333467,139.594666666668,44.52576509099045,0.0,0.0,0.0
PHASE 1,170,136800,136,642.8486207279335,229.85250718270666,1267.5525786089465,147.04783333333467,139.59466666666796,44.52576509099045,0.0,0.0,0.0
PHASE 1,171,137600,136,642.8486207279335,229.85250718270666,1267.5525786089465,147.04783333333467,139.59466666666796,44.52576509099045,0.0,0.0,0.0
PHASE 1,172,138400,136,642.8486207279335,229.85250718270666,1267.5525786089465,147.04783333333467,139.59466666666796,44.52576509099045,0.0,0.0,0.0
PHASE 1,173,139200,136,642.8486207279335,229.85250718270666,1267.5525786089465,147.04783333333467,139.59466666666796,44.52576509099045,0.0,0.0,0.0
PHASE 1,174,140000,140,663.7002541246048,273.1721251934296,1267.5525786089465,152.5770000000013,142.56733333333463,46.06949009890748,0.0,0.0,0.0
PHASE 1,175,140800,140,663.7002541246048,273.1721251934296,1267.5525786089465,152.57700000000133,142.56733333333466,46.06949009890748,0.0,0.0,0.0
PHASE 1,176,141600,140,663.7002541246048,273.1721251934296,1267.5525786089465,152.57700000000133,142.56733333333466,46.06949009890748,0.0,0.0,0.0
PHASE 1,177,142400,140,663.7002541246048,273.1721251934296,1267.5525786089465,152.57700000000133,142.56733333333466,46.06949009890748,0.0,0.0,0.0
PHASE 1,178,143200,140,663.7002541246048,273.1721251934296,1267.5525786089465,152.57700000000133,142.56733333333466,46.06949009890748,0.0,0.0,0.0
PHASE 1,179,144000,144,675.4988046851452,273.1721251934296,1267.5525786089465,154.03483333333466,145.01650000000132,47.05593391897477,0.0,0.0,0.0
PHASE 1,180,144800,144,675.4988046851452,273.1721251934296,1267.5525786089465,154.03483333333463,145.01650000000132,47.05593391897477,0.0,0.0,0.0
PHASE 1,181,145600,144,675.4988046851452,273.1721251934296,1267.5525786089465,154.03483333333463,145.01650000000132,47.05593391897477,0.0,0.0,0.0
PHASE 1,182,146400,144,675.4988046851452,273.1721251934296,1267.5525786089465,154.03483333333463,145.01650000000132,47.05593391897477,0.0,0.0,0.0
PHASE 1,183,147200,144,675.4988046851452,273.1721251934296,1267.5525786089465,154.03483333333463,145.01650000000132,47.05593391897477,0.0,0.0,0.0
PHASE 1,184,148000,148,676.0582554034511,273.1721251934296,1267.5525786089465,152.98066666666801,144.19000000000133,47.360948592096136,0.0,0.0,0.0
PHASE 1,185,148800,148,676.0582554034511,273.1721251934296,1267.5525786089465,152.98066666666804,144.19000000000133,47.36094859209613,0.0,0.0,0.0
PHASE 1,186,149600,148,676.0582554034511,273.1721251934296,1267.5525786089465,152.98066666666804,144.19000000000133,47.36094859209613,0.0,0.0,0.0
PHASE 1,187,150400,148,676.0582554034511,273.1721251934296,1267.5525786089465,152.98066666666804,144.19000000000133,47.36094859209613,0.0,0.0,0.0
PHASE 1,188,151200,148,676.0582554034511,273.1721251934296,1267.5525786089465,152.98066666666804,144.19000000000133,47.36094859209613,0.0,0.0,0.0
PHASE 1,189,152000,152,673.3429275334062,273.1721251934296,1267.5525786089465,151.3085000000014,142.31516666666803,47.46490760834051,0.0,0.0,0.0
PHASE 1,190,152800,152,673.3429275334059,273.1721251934296,1267.5525786089465,151.3085000000014,142.315166666668,47.46490760834051,0.0,0.0,0.0
PHASE 1,191,153600,152,673.3429275334059,273.1721251934296,1267.5525786089465,151.3085000000014,142.315166666668,47.46490760834051,0.0,0.0,0.0
PHASE 1,192,154400,152,673.3429275334059,273.1721251934296,1267.5525786089465,151.3085000000014,142.315166666668,47.46490760834051,0.0,0.0,0.0
PHASE 1,193,155200,152,673.3429275334059,273.1721251934296,1267.5525786089465,151.3085000000014,142.315166666668,47.46490760834051,0.0,0.0,0.0
PHASE 1,194,156000,156,680.8913963887716,273.1721251934296,1267.5525786089465,153.82500000000138,142.3808333333347,48.08569538192776,0.0,0.0,0.0
PHASE 1,195,156800,156,680.8913963887716,273.1721251934296,1267.5525786089465,153.82500000000135,142.3808333333347,48.08569538192776,0.0,0.0,0.0
PHASE 1,196,157600,156,680.8913963887716,273.1721251934296,1267.5525786089465,153.82500000000135,142.3808333333347,48.08569538192776,0.0,0.0,0.0
PHASE 1,197,158400,156,680.8913963887716,273.1721251934296,1267.5525786089465,153.82500000000135,142.3808333333347,48.08569538192776,0.0,0.0,0.0
PHASE 1,198,159200,156,680.8913963887716,273.1721251934296,1267.5525786089465,153.82500000000135,142.3808333333347,48.08569538192776,0.0,0.0,0.0
PHASE 1,199,160000,160,677.9855739931395,273.1721251934296,1267.5525786089465,152.91416666666805,140.8195000000014,48.03148841580696,0.0,0.0,0.0
PHASE 1,200,160800,160,677.9855739931395,273.1721251934296,1267.5525786089465,152.91416666666805,140.81950000000137,48.03148841580696,0.0,0.0,0.0
PHASE 1,201,161600,160,677.9855739931395,273.1721251934296,1267.5525786089465,152.91416666666805,140.81950000000137,48.03148841580696,0.0,0.0,0.0
PHASE 1,202,162400,160,677.9855739931395,273.1721251934296,1267.5525786089465,152.91416666666805,140.81950000000137,48.03148841580696,0.0,0.0,0.0
PHASE 1,203,163200,160,677.9855739931395,273.1721251934296,1267.5525786089465,152.91416666666805,140.81950000000137,48.03148841580696,0.0,0.0,0.0
PHASE 1,204,164000,164,684.0676465340781,273.1721251934296,1267.5525786089465,152.5240000000014,142.8433333333347,48.587539150090805,0.0,0.0,0.0
PHASE 1,205,164800,164,684.0676465340781,273.1721251934296,1267.5525786089465,152.52400000000137,142.8433333333347,48.587539150090805,0.0,0.0,0.0
PHASE 1,206,165600,164,684.0676465340781,273.1721251934296,1267.5525786089465,152.52400000000137,142.8433333333347,48.587539150090805,0.0,0.0,0.0
PHASE 1,207,166400,164,684.0676465340781,273.1721251934296,1267.5525786089465,152.52400000000137,142.8433333333347,48.587539150090805,0.0,0.0,0.0
PHASE 1,208,167200,164,684.0676465340781,273.1721251934296,1267.5525786089465,152.52400000000137,142.8433333333347,48.587539150090805,0.0,0.0,0.0
PHASE 1,209,168000,168,697.9295037945599,273.1721251934296,1283.0555597863113,154.6923333333347,147.36116666666803,49.48450047431782,0.0,0.0,0.0
PHASE 1,210,168800,168,697.9295037945599,273.1721251934296,1283.0555597863113,154.69233333333474,147.36116666666805,49.48450047431783,0.0,0.0,0.0
PHASE 1,211,169600,168,697.9295037945599,273.1721251934296,1283.0555597863113,154.69233333333474,147.36116666666805,49.48450047431783,0.0,0.0,0.0
PHASE 1,212,170400,168,697.9295037945599,273.1721251934296,1283.0555597863113,154.69233333333474,147.36116666666805,49.48450047431783,0.0,0.0,0.0
PHASE 1,213,171200,168,697.9295037945599,273.1721251934296,1283.0555597863113,154.69233333333474,147.36116666666805,49.48450047431783,0.0,0.0,0.0
PHASE 1,214,172000,172,697.2014216228806,273.1721251934296,1283.0555597863113,155.80333333333473,144.50666666666805,49.61142770285787,0.0,0.0,0.0
PHASE 1,215,172800,172,697.2014216228807,273.1721251934296,1283.0555597863113,155.80333333333473,144.50666666666805,49.61142770285787,0.0,0.0,0.0
PHASE 1,216,173600,172,697.2014216228807,273.1721251934296,1283.0555597863113,155.80333333333473,144.50666666666805,49.61142770285787,0.0,0.0,0.0
PHASE 1,217,174400,172,697.2014216228807,273.1721251934296,1283.0555597863113,155.80333333333473,144.50666666666805,49.61142770285787,0.0,0.0,0.0
PHASE 1,218,175200,172,697.2014216228807,273.1721251934296,1283.0555597863113,155.80333333333473,144.50666666666805,49.61142770285787,0.0,0.0,0.0
PHASE 1,219,176000,176,705.419436810994,273.1721251934296,1283.0555597863113,155.92183333333475,147.5238333333347,50.24672126803853,0.0,0.0,0.0
PHASE 1,220,176800,176,705.4194368109938,273.1721251934296,1283.0555597863113,155.92183333333477,147.5238333333347,50.24672126803853,0.0,0.0,0.0
PHASE 1,221,177600,176,705.4194368109938,273.1721251934296,1283.0555597863113,155.92183333333477,147.5238333333347,50.24672126803853,0.0,0.0,0.0
PHASE 1,222,178400,176,705.4194368109938,273.1721251934296,1283.0555597863113,155.92183333333477,147.5238333333347,50.24672126803853,0.0,0.0,0.0
PHASE 1,223,179200,176,705.4194368109938,273.1721251934296,1283.0555597863113,155.92183333333477,147.5238333333347,50.24672126803853,0.0,0.0,0.0
PHASE 1,224,180000,180,707.3841031768575,273.1721251934296,1283.0555597863113,153.9078333333348,148.7135000000014,50.59534623043805,0.0,0.0,0.0
PHASE 1,225,180800,180,707.3841031768575,273.1721251934296,1283.0555597863113,153.90783333333476,148.71350000000137,50.59534623043803,0.0,0.0,0.0
PHASE 1,226,181600,180,707.3841031768575,273.1721251934296,1283.0555597863113,153.90783333333476,148.71350000000137,50.59534623043803,0.0,0.0,0.0
PHASE 1,227,182400,180,707.3841031768575,273.1721251934296,1283.0555597863113,153.90783333333476,148.71350000000137,50.59534623043803,0.0,0.0,0.0
PHASE 1,228,183200,180,707.3841031768575,273.1721251934296,1283.0555597863113,153.90783333333476,148.71350000000137,50.59534623043803,0.0,0.0,0.0
PHASE 1,229,184000,184,716.0758316383548,273.1721251934296,1283.0555597863113,154.8486666666681,151.67533333333472,51.19397895479165,0.0,0.0,0.0
PHASE 1,230,184800,184,716.0758316383548,273.1721251934296,1283.0555597863113,154.84866666666807,151.67533333333472,51.19397895479165,0.0,0.0,0.0
PHASE 1,231,185600,184,716.0758316383548,273.1721251934296,1283.0555597863113,154.84866666666807,151.67533333333472,51.19397895479165,0.0,0.0,0.0
PHASE 1,232,186400,184,716.0758316383548,273.1721251934296,1283.0555597863113,154.84866666666807,151.67533333333472,51.19397895479165,0.0,0.0,0.0
PHASE 1,233,187200,184,716.0758316383548,273.1721251934296,1283.0555597863113,154.84866666666807,151.67533333333472,51.19397895479165,0.0,0.0,0.0
PHASE 1,234,188000,188,718.382271434499,273.1721251934296,1283.0555597863113,151.90833333333475,154.73750000000138,51.467054762642896,0.0,0.0,0.0
PHASE 1,235,188800,188,718.3822714344989,273.1721251934296,1283.0555597863113,151.90833333333475,154.73750000000138,51.467054762642896,0.0,0.0,0.0
PHASE 1,236,189600,188,718.3822714344989,273.1721251934296,1283.0555597863113,151.90833333333475,154.73750000000138,51.467054762642896,0.0,0.0,0.0
PHASE 1,237,190400,188,718.3822714344989,273.1721251934296,1283.0555597863113,151.90833333333475,154.73750000000138,51.467054762642896,0.0,0.0,0.0
PHASE 1,238,191200,188,718.3822714344989,273.1721251934296,1283.0555597863113,151.90833333333475,154.73750000000138,51.467054762642896,0.0,0.0,0.0
PHASE 1,239,192000,192,727.8580396177418,273.1721251934296,1283.0555597863113,153.0740000000014,157.54700000000136,52.15462995221469,0.0,0.0,0.0
PHASE 1,240,192800,192,727.8580396177421,273.1721251934296,1283.0555597863113,153.0740000000014,157.54700000000133,52.15462995221469,0.0,0.0,0.0
PHASE 1,241,193600,192,727.8580396177421,273.1721251934296,1283.0555597863113,153.0740000000014,157.54700000000133,52.15462995221469,0.0,0.0,0.0
PHASE 1,242,194400,192,727.8580396177421,273.1721251934296,1283.0555597863113,153.0740000000014,157.54700000000133,52.15462995221469,0.0,0.0,0.0
PHASE 1,243,195200,192,727.8580396177421,273.1721251934296,1283.0555597863113,153.0740000000014,157.54700000000133,52.15462995221469,0.0,0.0,0.0
PHASE 1,244,196000,196,743.4140085086904,357.93901762594436,1283.0555597863113,154.54716666666806,161.80733333333467,53.38243856358304,0.0,0.0,0.0
PHASE 1,245,196800,196,743.41400850869,357.93901762594436,1283.0555597863113,154.5471666666681,161.8073333333347,53.38243856358304,0.0,0.0,0.0
PHASE 1,246,197600,196,743.41400850869,357.93901762594436,1283.0555597863113,154.5471666666681,161.8073333333347,53.38243856358304,0.0,0.0,0.0
PHASE 1,247,198400,196,743.41400850869,357.93901762594436,1283.0555597863113,154.5471666666681,161.8073333333347,53.38243856358304,0.0,0.0,0.0
PHASE 1,248,199200,196,743.41400850869,357.93901762594436,1283.0555597863113,154.5471666666681,161.8073333333347,53.38243856358304,0.0,0.0,0.0
PHASE 1,249,200000,200,751.0706597627934,440.04786853797475,1283.0555597863113,157.10133333333474,162.05366666666802,53.98945747034579,0.0,0.0,0.0
PHASE 1,250,200800,200,751.0706597627935,440.04786853797475,1283.0555597863113,157.10133333333474,162.05366666666802,53.9894574703458,0.0,0.0,0.0
PHASE 1,251,201600,200,751.0706597627935,440.04786853797475,1283.0555597863113,157.10133333333474,162.05366666666802,53.9894574703458,0.0,0.0,0.0
PHASE 1,252,202400,200,751.0706597627935,440.04786853797475,1283.0555597863113,157.10133333333474,162.05366666666802,53.9894574703458,0.0,0.0,0.0
PHASE 1,253,203200,200,751.0706597627935,440.04786853797475,1283.0555597863113,157.10133333333474,162.05366666666802,53.9894574703458,0.0,0.0,0.0
PHASE 1,254,204000,204,747.6285538022794,440.04786853797475,1283.0555597863113,153.9155000000014,162.49066666666803,53.90279839194822,0.0,0.0,0.0
PHASE 1,255,204800,204,747.6285538022792,440.04786853797475,1283.0555597863113,153.91550000000143,162.490666666668,53.90279839194822,0.0,0.0,0.0
PHASE 1,256,205600,204,747.6285538022792,440.04786853797475,1283.0555597863113,153.91550000000143,162.490666666668,53.90279839194822,0.0,0.0,0.0
PHASE 1,257,206400,204,747.6285538022792,440.04786853797475,1283.0555597863113,153.91550000000143,162.490666666668,53.90279839194822,0.0,0.0,0.0
PHASE 1,258,207200,204,747.6285538022792,440.04786853797475,1283.0555597863113,153.91550000000143,162.490666666668,53.90279839194822,0.0,0.0,0.0
PHASE 1,259,208000,208,756.6593312179197,440.04786853797475,1283.0555597863113,156.72683333333475,164.21500000000134,54.46468723556976,0.0,0.0,0.0
PHASE 1,260,208800,208,756.6593312179195,440.04786853797475,1283.0555597863113,156.72683333333475,164.21500000000134,54.464687235569755,0.0,0.0,0.0
PHASE 1,261,209600,208,756.6593312179195,440.04786853797475,1283.0555597863113,156.72683333333475,164.21500000000134,54.464687235569755,0.0,0.0,0.0
PHASE 1,262,210400,208,756.6593312179195,440.04786853797475,1283.0555597863113,156.72683333333475,164.21500000000134,54.464687235569755,0.0,0.0,0.0
PHASE 1,263,211200,208,756.6593312179195,440.04786853797475,1283.0555597863113,156.72683333333475,164.21500000000134,54.464687235569755,0.0,0.0,0.0
PHASE 1,264,212000,212,759.8215897132154,440.04786853797475,1283.0555597863113,159.08416666666804,162.786666666668,54.74384454748168,0.0,0.0,0.0
PHASE 1,265,212800,212,759.8215897132155,440.04786853797475,1283.0555597863113,159.084166666668,162.78666666666803,54.743844547481686,0.0,0.0,0.0
PHASE 1,266,213600,212,759.8215897132155,440.04786853797475,1283.0555597863113,159.084166666668,162.78666666666803,54.743844547481686,0.0,0.0,0.0
PHASE 1,267,214400,212,759.8215897132155,440.04786853797475,1283.0555597863113,159.084166666668,162.78666666666803,54.743844547481686,0.0,0.0,0.0
PHASE 1,268,215200,212,759.8215897132155,440.04786853797475,1283.0555597863113,159.084166666668,162.78666666666803,54.743844547481686,0.0,0.0,0.0
PHASE 1,269,216000,216,763.4310630091574,440.04786853797475,1283.0555597863113,159.99416666666804,163.7313333333347,54.96319537614097,0.0,0.0,0.0
PHASE 1,270,216800,216,763.4310630091572,440.04786853797475,1283.0555597863113,159.99416666666804,163.7313333333347,54.96319537614097,0.0,0.0,0.0
PHASE 1,271,217600,216,763.4310630091572,440.04786853797475,1283.0555597863113,159.99416666666804,163.7313333333347,54.96319537614097,0.0,0.0,0.0
PHASE 1,272,218400,216,763.4310630091572,440.04786853797475,1283.0555597863113,159.99416666666804,163.7313333333347,54.96319537614097,0.0,0.0,0.0
PHASE 1,273,219200,216,763.4310630091572,440.04786853797475,1283.0555597863113,159.99416666666804,163.7313333333347,54.96319537614097,0.0,0.0,0.0
PHASE 1,274,220000,220,769.7997915090261,440.04786853797475,1283.0555597863113,162.07100000000136,164.7643333333347,55.37055727195802,0.0,0.0,0.0
PHASE 1,275,220800,220,769.7997915090261,440.04786853797475,1283.0555597863113,162.07100000000136,164.76433333333466,55.37055727195802,0.0,0.0,0.0
PHASE 1,276,221600,220,769.7997915090261,440.04786853797475,1283.0555597863113,162.07100000000136,164.76433333333466,55.37055727195802,0.0,0.0,0.0
PHASE 1,277,222400,220,769.7997915090261,440.04786853797475,1283.0555597863113,162.07100000000136,164.76433333333466,55.37055727195802,0.0,0.0,0.0
PHASE 1,278,223200,220,769.7997915090261,440.04786853797475,1283.0555597863113,162.07100000000136,164.76433333333466,55.37055727195802,0.0,0.0,0.0
PHASE 1,279,224000,224,773.9551277013087,440.04786853797475,1283.0555597863113,164.90900000000133,164.7255000000013,55.540078462660034,0.0,0.0,0.0
PHASE 1,280,224800,224,773.9551277013092,440.04786853797475,1283.0555597863113,164.90900000000136,164.72550000000135,55.540078462660034,0.0,0.0,0.0
PHASE 1,281,225600,224,773.9551277013092,440.04786853797475,1283.0555597863113,164.90900000000136,164.72550000000135,55.540078462660034,0.0,0.0,0.0
PHASE 1,282,226400,224,773.9551277013092,440.04786853797475,1283.0555597863113,164.90900000000136,164.72550000000135,55.540078462660034,0.0,0.0,0.0
PHASE 1,283,227200,224,773.9551277013092,440.04786853797475,1283.0555597863113,164.90900000000136,164.72550000000135,55.540078462660034,0.0,0.0,0.0
PHASE 1,284,228000,228,788.5567524955106,440.04786853797475,1309.6039523568543,170.3505000000013,166.748666666668,56.432198228601955,0.0,0.0,0.0
PHASE 1,285,228800,228,788.5567524955104,440.04786853797475,1309.6039523568543,170.35050000000135,166.748666666668,56.432198228601955,0.0,0.0,0.0
PHASE 1,286,229600,228,788.5567524955104,440.04786853797475,1309.6039523568543,170.35050000000135,166.748666666668,56.432198228601955,0.0,0.0,0.0
PHASE 1,287,230400,228,788.5567524955104,440.04786853797475,1309.6039523568543,170.35050000000135,166.748666666668,56.432198228601955,0.0,0.0,0.0
PHASE 1,288,231200,228,788.5567524955104,440.04786853797475,1309.6039523568543,170.35050000000135,166.748666666668,56.432198228601955,0.0,0.0,0.0
PHASE 1,289,232000,232,796.4001963267548,440.04786853797475,1388.2870162456936,170.12133333333463,172.13133333333462,56.768441207507436,0.0,0.0,0.0
PHASE 1,290,232800,232,796.400196326755,440.04786853797475,1388.2870162456936,170.12133333333463,172.13133333333462,56.768441207507436,0.0,0.0,0.0
PHASE 1,291,233600,232,796.400196326755,440.04786853797475,1388.2870162456936,170.12133333333463,172.13133333333462,56.768441207507436,0.0,0.0,0.0
PHASE 1,292,234400,232,796.400196326755,440.04786853797475,1388.2870162456936,170.12133333333463,172.13133333333462,56.768441207507436,0.0,0.0,0.0
PHASE 1,293,235200,232,796.400196326755,440.04786853797475,1388.2870162456936,170.12133333333463,172.13133333333462,56.768441207507436,0.0,0.0,0.0
PHASE 1,294,236000,236,805.1996465357859,440.04786853797475,1388.2870162456936,173.8336666666679,174.70850000000127,57.082184983636324,0.0,0.0,0.0
PHASE 1,295,236800,236,805.1996465357859,440.04786853797475,1388.2870162456936,173.8336666666679,174.70850000000127,57.08218498363633,0.0,0.0,0.0
PHASE 1,296,237600,236,805.1996465357859,440.04786853797475,1388.2870162456936,173.8336666666679,174.70850000000127,57.08218498363633,0.0,0.0,0.0
PHASE 1,297,238400,236,805.1996465357859,440.04786853797475,1388.2870162456936,173.8336666666679,174.70850000000127,57.08218498363633,0.0,0.0,0.0
PHASE 1,298,239200,236,805.1996465357859,440.04786853797475,1388.2870162456936,173.8336666666679,174.70850000000127,57.08218498363633,0.0,0.0,0.0
PHASE 1,299,240000,240,810.519255483577,440.04786853797475,1388.2870162456936,173.98600000000127,177.40100000000126,57.39153193544351,0.0,0.0,0.0
PHASE 1,300,240800,240,810.519255483577,440.04786853797475,1388.2870162456936,173.98600000000118,177.40100000000126,57.39153193544351,0.0,0.0,0.0
PHASE 1,301,241600,240,810.519255483577,440.04786853797475,1388.2870162456936,173.98600000000118,177.40100000000126,57.39153193544351,0.0,0.0,0.0
PHASE 1,302,242400,240,810.519255483577,440.04786853797475,1388.2870162456936,173.98600000000118,177.40100000000126,57.39153193544351,0.0,0.0,0.0
PHASE 1,303,243200,240,810.519255483577,440.04786853797475,1388.2870162456936,173.98600000000118,177.40100000000126,57.39153193544351,0.0,0.0,0.0
PHASE 1,304,244000,244,821.034708192192,440.04786853797475,1388.2870162456936,177.24200000000118,180.58300000000122,57.90121352402058,0.0,0.0,0.0
PHASE 1,305,244800,244,821.034708192192,440.04786853797475,1388.2870162456936,177.2420000000012,180.58300000000122,57.90121352402057,0.0,0.0,0.0
PHASE 1,306,245600,244,821.034708192192,440.04786853797475,1388.2870162456936,177.2420000000012,180.58300000000122,57.90121352402057,0.0,0.0,0.0
PHASE 1,307,246400,244,821.034708192192,440.04786853797475,1388.2870162456936,177.2420000000012,180.58300000000122,57.90121352402057,0.0,0.0,0.0
PHASE 1,308,247200,244,821.034708192192,440.04786853797475,1388.2870162456936,177.2420000000012,180.58300000000122,57.90121352402057,0.0,0.0,0.0
PHASE 1,309,248000,248,833.6859840260091,440.04786853797475,1388.2870162456936,180.50266666666786,185.43133333333452,58.46899800324772,0.0,0.0,0.0
PHASE 1,310,248800,248,833.6859840260091,440.04786853797475,1388.2870162456936,180.5026666666679,185.43133333333452,58.46899800324773,0.0,0.0,0.0
PHASE 1,311,249600,248,833.6859840260091,440.04786853797475,1388.2870162456936,180.5026666666679,185.43133333333452,58.46899800324773,0.0,0.0,0.0
PHASE 1,312,250400,248,833.6859840260091,440.04786853797475,1388.2870162456936,180.5026666666679,185.43133333333452,58.46899800324773,0.0,0.0,0.0
PHASE 1,313,251200,248,833.6859840260091,440.04786853797475,1388.2870162456936,180.5026666666679,185.43133333333452,58.46899800324773,0.0,0.0,0.0
PHASE 1,314,252000,252,847.0376734493676,440.04786853797475,1388.2870162456936,183.5940000000012,190.4371666666678,59.12581334783414,0.0,0.0,0.0
PHASE 1,315,252800,252,847.0376734493677,440.04786853797475,1388.2870162456936,183.59400000000122,190.43716666666788,59.12581334783414,0.0,0.0,0.0
PHASE 1,316,253600,252,847.0376734493677,440.04786853797475,1388.2870162456936,183.59400000000122,190.43716666666788,59.12581334783414,0.0,0.0,0.0
PHASE 1,317,254400,252,847.0376734493677,440.04786853797475,1388.2870162456936,183.59400000000122,190.43716666666788,59.12581334783414,0.0,0.0,0.0
PHASE 1,318,255200,252,847.0376734493677,440.04786853797475,1388.2870162456936,183.59400000000122,190.43716666666788,59.12581334783414,0.0,0.0,0.0
PHASE 1,319,256000,256,854.0562225947132,440.04786853797475,1388.2870162456936,186.7825000000012,191.4100000000012,59.48296532433551,0.0,0.0,0.0
PHASE 1,320,256800,256,854.0562225947131,440.04786853797475,1388.2870162456936,186.78250000000114,191.41000000000116,59.48296532433551,0.0,0.0,0.0
PHASE 1,321,257600,256,854.0562225947131,440.04786853797475,1388.2870162456936,186.78250000000114,191.41000000000116,59.48296532433551,0.0,0.0,0.0
PHASE 1,322,258400,256,854.0562225947131,440.04786853797475,1388.2870162456936,186.78250000000114,191.41000000000116,59.48296532433551,0.0,0.0,0.0
PHASE 1,323,259200,256,854.0562225947131,440.04786853797475,1388.2870162456936,186.78250000000114,191.41000000000116,59.48296532433551,0.0,0.0,0.0
PHASE 1,324,260000,260,871.1101343681493,440.04786853797475,1511.2807211624581,192.75033333333445,195.35200000000114,60.375975129348575,0.0,0.0,0.0
PHASE 1,325,260800,260,871.1101343681495,440.04786853797475,1511.2807211624581,192.75033333333445,195.3520000000011,60.375975129348575,0.0,0.0,0.0
PHASE 1,326,261600,260,871.1101343681495,440.04786853797475,1511.2807211624581,192.75033333333445,195.3520000000011,60.375975129348575,0.0,0.0,0.0
PHASE 1,327,262400,260,871.1101343681495,440.04786853797475,1511.2807211624581,192.75033333333445,195.3520000000011,60.375975129348575,0.0,0.0,0.0
PHASE 1,328,263200,260,871.1101343681495,440.04786853797475,1511.2807211624581,192.75033333333445,195.3520000000011,60.375975129348575,0.0,0.0,0.0
PHASE 1,329,264000,264,879.4838677353173,440.04786853797475,1511.2807211624581,195.58516666666776,197.77116666666774,60.7659418002446,0.0,0.0,0.0
PHASE 1,330,264800,264,879.4838677353173,440.04786853797475,1511.2807211624581,195.58516666666776,197.77116666666777,60.7659418002446,0.0,0.0,0.0
PHASE 1,331,265600,264,879.4838677353173,440.04786853797475,1511.2807211624581,195.58516666666776,197.77116666666777,60.7659418002446,0.0,0.0,0.0
PHASE 1,332,266400,264,879.4838677353173,440.04786853797475,1511.2807211624581,195.58516666666776,197.77116666666777,60.7659418002446,0.0,0.0,0.0
PHASE 1,333,267200,264,879.4838677353173,440.04786853797475,1511.2807211624581,195.58516666666776,197.77116666666777,60.7659418002446,0.0,0.0,0.0
PHASE 1,334,268000,268,872.8214226339592,440.04786853797475,1511.2807211624581,194.37883333333446,195.43900000000113,60.375448662574684,0.0,0.0,0.0
PHASE 1,335,268800,268,872.8214226339592,440.04786853797475,1511.2807211624581,194.3788333333344,195.43900000000113,60.37544866257467,0.0,0.0,0.0
PHASE 1,336,269600,268,872.8214226339592,440.04786853797475,1511.2807211624581,194.3788333333344,195.43900000000113,60.37544866257467,0.0,0.0,0.0
PHASE 1,337,270400,268,872.8214226339592,440.04786853797475,1511.2807211624581,194.3788333333344,195.43900000000113,60.37544866257467,0.0,0.0,0.0
PHASE 1,338,271200,268,872.8214226339592,440.04786853797475,1511.2807211624581,194.3788333333344,195.43900000000113,60.37544866257467,0.0,0.0,0.0
PHASE 1,339,272000,272,881.1495793123011,440.04786853797475,1511.2807211624581,195.49300000000105,199.53100000000111,60.765697414034115,0.0,0.0,0.0
PHASE 1,340,272800,272,881.1495793123011,440.04786853797475,1511.2807211624581,195.49300000000105,199.53100000000111,60.765697414034115,0.0,0.0,0.0
PHASE 1,341,273600,272,881.1495793123011,440.04786853797475,1511.2807211624581,195.49300000000105,199.53100000000111,60.765697414034115,0.0,0.0,0.0
PHASE 1,342,274400,272,881.1495793123011,440.04786853797475,1511.2807211624581,195.49300000000105,199.53100000000111,60.765697414034115,0.0,0.0,0.0
PHASE 1,343,275200,272,881.1495793123011,440.04786853797475,1511.2807211624581,195.49300000000105,199.53100000000111,60.765697414034115,0.0,0.0,0.0
PHASE 1,344,276000,276,891.2990750071004,440.04786853797475,1511.2807211624581,198.3211666666677,202.36650000000108,61.3264260425507,0.0,0.0,0.0
PHASE 1,345,276800,276,891.2990750071003,440.04786853797475,1511.2807211624581,198.3211666666677,202.3665000000011,61.3264260425507,0.0,0.0,0.0
PHASE 1,346,277600,276,891.2990750071003,440.04786853797475,1511.2807211624581,198.3211666666677,202.3665000000011,61.3264260425507,0.0,0.0,0.0
PHASE 1,347,278400,276,891.2990750071003,440.04786853797475,1511.2807211624581,198.3211666666677,202.3665000000011,61.3264260425507,0.0,0.0,0.0
PHASE 1,348,279200,276,891.2990750071003,440.04786853797475,1511.2807211624581,198.3211666666677,202.3665000000011,61.3264260425507,0.0,0.0,0.0
PHASE 1,349,280000,280,898.6547594412577,471.23352725870905,1511.2807211624581,202.93583333333433,202.3761666666677,61.66784493015365,0.0,0.0,0.0
PHASE 1,350,280800,280,898.6547594412577,471.23352725870905,1511.2807211624581,202.93583333333433,202.3761666666677,61.66784493015365,0.0,0.0,0.0
PHASE 1,351,281600,280,898.6547594412577,471.23352725870905,1511.2807211624581,202.93583333333433,202.3761666666677,61.66784493015365,0.0,0.0,0.0
PHASE 1,352,282400,280,898.6547594412577,471.23352725870905,1511.2807211624581,202.93583333333433,202.3761666666677,61.66784493015365,0.0,0.0,0.0
PHASE 1,353,283200,280,898.6547594412577,471.23352725870905,1511.2807211624581,202.93583333333433,202.3761666666677,61.66784493015365,0.0,0.0,0.0
PHASE 1,354,284000,284,912.7661260536521,471.23352725870905,1511.2807211624581,208.6253333333343,203.7073333333344,62.5541824233698,0.0,0.0,0.0
PHASE 1,355,284800,284,912.766126053652,471.23352725870905,1511.2807211624581,208.62533333333428,203.70733333333436,62.5541824233698,0.0,0.0,0.0
PHASE 1,356,285600,284,912.766126053652,471.23352725870905,1511.2807211624581,208.62533333333428,203.70733333333436,62.5541824233698,0.0,0.0,0.0
PHASE 1,357,286400,284,912.766126053652,471.23352725870905,1511.2807211624581,208.62533333333428,203.70733333333436,62.5541824233698,0.0,0.0,0.0
PHASE 1,358,287200,284,912.766126053652,471.23352725870905,1511.2807211624581,208.62533333333428,203.70733333333436,62.5541824233698,0.0,0.0,0.0
PHASE 1,359,288000,288,926.3867725812872,471.23352725870905,1511.2807211624581,214.9886666666676,205.2088333333343,63.273659072657686,0.0,0.0,0.0
PHASE 1,360,288800,288,926.3867725812873,471.23352725870905,1511.2807211624581,214.98866666666757,205.20883333333433,63.27365907265767,0.0,0.0,0.0
PHASE 1,361,289600,288,926.3867725812873,471.23352725870905,1511.2807211624581,214.98866666666757,205.20883333333433,63.27365907265767,0.0,0.0,0.0
PHASE 1,362,290400,288,926.3867725812873,471.23352725870905,1511.2807211624581,214.98866666666757,205.20883333333433,63.27365907265767,0.0,0.0,0.0
PHASE 1,363,291200,288,926.3867725812873,471.23352725870905,1511.2807211624581,214.98866666666757,205.20883333333433,63.27365907265767,0.0,0.0,0.0
PHASE 1,364,292000,292,933.2699876864249,471.23352725870905,1511.2807211624581,217.56216666666754,206.81300000000098,63.61185262746657,0.0,0.0,0.0
PHASE 1,365,292800,292,933.2699876864249,471.23352725870905,1511.2807211624581,217.56216666666754,206.81300000000098,63.61185262746657,0.0,0.0,0.0
PHASE 1,366,293600,292,933.2699876864249,471.23352725870905,1511.2807211624581,217.56216666666754,206.81300000000098,63.61185262746657,0.0,0.0,0.0
PHASE 1,367,294400,292,933.2699876864249,471.23352725870905,1511.2807211624581,217.56216666666754,206.81300000000098,63.61185262746657,0.0,0.0,0.0
PHASE 1,368,295200,292,933.2699876864249,471.23352725870905,1511.2807211624581,217.56216666666754,206.81300000000098,63.61185262746657,0.0,0.0,0.0
PHASE 1,369,296000,296,937.7241364710441,471.23352725870905,1511.2807211624581,221.1898333333342,206.4233333333343,63.763871225544015,0.0,0.0,0.0
PHASE 1,370,296800,296,937.7241364710442,471.23352725870905,1511.2807211624581,221.18983333333418,206.4233333333343,63.763871225544015,0.0,0.0,0.0
PHASE 1,371,297600,296,937.7241364710442,471.23352725870905,1511.2807211624581,221.18983333333418,206.4233333333343,63.763871225544015,0.0,0.0,0.0
PHASE 1,372,298400,296,937.7241364710442,471.23352725870905,1511.2807211624581,221.18983333333418,206.4233333333343,63.763871225544015,0.0,0.0,0.0
PHASE 1,373,299200,296,937.7241364710442,471.23352725870905,1511.2807211624581,221.18983333333418,206.4233333333343,63.763871225544015,0.0,0.0,0.0
PHASE 1,374,300000,300,943.6692219049634,471.23352725870905,1511.2807211624581,223.16200000000083,208.04400000000095,64.05790273811732,0.0,0.0,0.0
PHASE 1,375,300800,300,943.6692219049633,471.23352725870905,1511.2807211624581,223.1620000000009,208.04400000000092,64.05790273811732,0.0,0.0,0.0
PHASE 1,376,301600,300,943.6692219049633,471.23352725870905,1511.2807211624581,223.1620000000009,208.04400000000092,64.05790273811732,0.0,0.0,0.0
PHASE 1,377,302400,300,943.6692219049633,471.23352725870905,1511.2807211624581,223.1620000000009,208.04400000000092,64.05790273811732,0.0,0.0,0.0
PHASE 1,378,303200,300,943.6692219049633,471.23352725870905,1511.2807211624581,223.1620000000009,208.04400000000092,64.05790273811732,0.0,0.0,0.0
PHASE 1,379,304000,304,948.3403235661202,471.23352725870905,1511.2807211624581,224.19600000000085,209.19150000000093,64.36910294576197,0.0,0.0,0.0
PHASE 1,380,304800,304,948.3403235661199,471.23352725870905,1511.2807211624581,224.19600000000085,209.19150000000093,64.36910294576197,0.0,0.0,0.0
PHASE 1,381,305600,304,948.3403235661199,471.23352725870905,1511.2807211624581,224.19600000000085,209.19150000000093,64.36910294576197,0.0,0.0,0.0
PHASE 1,382,306400,304,948.3403235661199,471.23352725870905,1511.2807211624581,224.19600000000085,209.19150000000093,64.36910294576197,0.0,0.0,0.0
PHASE 1,383,307200,304,948.3403235661199,471.23352725870905,1511.2807211624581,224.19600000000085,209.19150000000093,64.36910294576197,0.0,0.0,0.0
PHASE 1,384,308000,308,953.660096605273,471.23352725870905,1511.2807211624581,226.31833333333415,209.73450000000088,64.70090790898948,0.0,0.0,0.0
PHASE 1,385,308800,308,953.6600966052733,471.23352725870905,1511.2807211624581,226.31833333333415,209.7345000000009,64.70090790898948,0.0,0.0,0.0
PHASE 1,386,309600,308,953.6600966052733,471.23352725870905,1511.2807211624581,226.31833333333415,209.7345000000009,64.70090790898948,0.0,0.0,0.0
PHASE 1,387,310400,308,953.6600966052733,471.23352725870905,1511.2807211624581,226.31833333333415,209.7345000000009,64.70090790898948,0.0,0.0,0.0
PHASE 1,388,311200,308,953.6600966052733,471.23352725870905,1511.2807211624581,226.31833333333415,209.7345000000009,64.70090790898948,0.0,0.0,0.0
PHASE 1,389,312000,312,953.0783783623715,471.23352725870905,1511.2807211624581,225.80333333333417,209.83733333333424,64.67971396196013,0.0,0.0,0.0
PHASE 1,390,312800,312,953.0783783623715,471.23352725870905,1511.2807211624581,225.80333333333417,209.83733333333427,64.67971396196015,0.0,0.0,0.0
PHASE 1,391,313600,312,953.0783783623715,471.23352725870905,1511.2807211624581,225.80333333333417,209.83733333333427,64.67971396196015,0.0,0.0,0.0
PHASE 1,392,314400,312,953.0783783623715,471.23352725870905,1511.2807211624581,225.80333333333417,209.83733333333427,64.67971396196015,0.0,0.0,0.0
PHASE 1,393,315200,312,953.0783783623715,471.23352725870905,1511.2807211624581,225.80333333333417,209.83733333333427,64.67971396196015,0.0,0.0,0.0
PHASE 1,394,316000,316,958.8121899522573,471.23352725870905,1511.2807211624581,224.1753333333342,213.92383333333427,65.08912791069591,0.0,0.0,0.0
PHASE 1,395,316800,316,958.8121899522577,471.23352725870905,1511.2807211624581,224.1753333333342,213.92383333333427,65.08912791069591,0.0,0.0,0.0
PHASE 1,396,317600,316,958.8121899522577,471.23352725870905,1511.2807211624581,224.1753333333342,213.92383333333427,65.08912791069591,0.0,0.0,0.0
PHASE 1,397,318400,316,958.8121899522577,471.23352725870905,1511.2807211624581,224.1753333333342,213.92383333333427,65.08912791069591,0.0,0.0,0.0
PHASE 1,398,319200,316,958.8121899522577,471.23352725870905,1511.2807211624581,224.1753333333342,213.92383333333427,65.08912791069591,0.0,0.0,0.0
PHASE 1,399,320000,320,974.8214318047083,595.9683733129144,1511.2807211624581,228.51716666666752,218.62433333333422,65.95999147558568,0.0,0.0,0.0
PHASE 1,400,320800,320,974.8214318047083,595.9683733129144,1511.2807211624581,228.51716666666752,218.6243333333342,65.95999147558568,0.0,0.0,0.0
PHASE 1,401,321600,320,974.8214318047083,595.9683733129144,1511.2807211624581,228.51716666666752,218.6243333333342,65.95999147558568,0.0,0.0,0.0
PHASE 1,402,322400,320,974.8214318047083,595.9683733129144,1511.2807211624581,228.51716666666752,218.6243333333342,65.95999147558568,0.0,0.0,0.0
PHASE 1,403,323200,320,974.8214318047083,595.9683733129144,1511.2807211624581,228.51716666666752,218.6243333333342,65.95999147558568,0.0,0.0,0.0
PHASE 1,404,324000,324,981.2591454754676,595.9683733129144,1511.2807211624581,228.49400000000082,221.64650000000083,66.38983068443059,0.0,0.0,0.0
PHASE 1,405,324800,324,981.2591454754677,595.9683733129144,1511.2807211624581,228.49400000000082,221.64650000000086,66.38983068443058,0.0,0.0,0.0
PHASE 1,406,325600,324,981.2591454754677,595.9683733129144,1511.2807211624581,228.49400000000082,221.64650000000086,66.38983068443058,0.0,0.0,0.0
PHASE 1,407,326400,324,981.2591454754677,595.9683733129144,1511.2807211624581,228.49400000000082,221.64650000000086,66.38983068443058,0.0,0.0,0.0
PHASE 1,408,327200,324,981.2591454754677,595.9683733129144,1511.2807211624581,228.49400000000082,221.64650000000086,66.38983068443058,0.0,0.0,0.0
PHASE 1,409,328000,328,989.6618740404105,595.9683733129144,1511.2807211624581,228.62416666666743,225.2311666666675,66.97581758838187,0.0,0.0,0.0
PHASE 1,410,328800,328,989.6618740404105,595.9683733129144,1511.2807211624581,228.62416666666743,225.2311666666675,66.97581758838187,0.0,0.0,0.0
PHASE 1,411,329600,328,989.6618740404105,595.9683733129144,1511.2807211624581,228.62416666666743,225.2311666666675,66.97581758838187,0.0,0.0,0.0
PHASE 1,412,330400,328,989.6618740404105,595.9683733129144,1511.2807211624581,228.62416666666743,225.2311666666675,66.97581758838187,0.0,0.0,0.0
PHASE 1,413,331200,328,989.6618740404105,595.9683733129144,1511.2807211624581,228.62416666666743,225.2311666666675,66.97581758838187,0.0,0.0,0.0
PHASE 1,414,332000,332,989.0989270994636,595.9683733129144,1511.2807211624581,229.15283333333412,222.74116666666748,67.15061588743009,0.0,0.0,0.0
PHASE 1,415,332800,332,989.0989270994636,595.9683733129144,1511.2807211624581,229.15283333333412,222.74116666666745,67.15061588743009,0.0,0.0,0.0
PHASE 1,416,333600,332,989.0989270994636,595.9683733129144,1511.2807211624581,229.15283333333412,222.74116666666745,67.15061588743009,0.0,0.0,0.0
PHASE 1,417,334400,332,989.0989270994636,595.9683733129144,1511.2807211624581,229.15283333333412,222.74116666666745,67.15061588743009,0.0,0.0,0.0
PHASE 1,418,335200,332,989.0989270994636,595.9683733129144,1511.2807211624581,229.15283333333412,222.74116666666745,67.15061588743009,0.0,0.0,0.0
PHASE 1,419,336000,336,993.5207576443667,595.9683733129144,1511.2807211624581,229.18316666666746,224.17000000000075,67.52094887220966,0.0,0.0,0.0
PHASE 1,420,336800,336,993.5207576443668,595.9683733129144,1511.2807211624581,229.1831666666675,224.17000000000084,67.52094887220966,0.0,0.0,0.0
PHASE 1,421,337600,336,993.5207576443668,595.9683733129144,1511.2807211624581,229.1831666666675,224.17000000000084,67.52094887220966,0.0,0.0,0.0
PHASE 1,422,338400,336,993.5207576443668,595.9683733129144,1511.2807211624581,229.1831666666675,224.17000000000084,67.52094887220966,0.0,0.0,0.0
PHASE 1,423,339200,336,993.5207576443668,595.9683733129144,1511.2807211624581,229.1831666666675,224.17000000000084,67.52094887220966,0.0,0.0,0.0
PHASE 1,424,340000,340,999.5148843533954,595.9683733129144,1511.2807211624581,230.7561666666675,225.63533333333416,67.8904230441717,0.0,0.0,0.0
PHASE 1,425,340800,340,999.5148843533955,595.9683733129144,1511.2807211624581,230.75616666666744,225.63533333333416,67.89042304417168,0.0,0.0,0.0
PHASE 1,426,341600,340,999.5148843533955,595.9683733129144,1511.2807211624581,230.75616666666744,225.63533333333416,67.89042304417168,0.0,0.0,0.0
PHASE 1,427,342400,340,999.5148843533955,595.9683733129144,1511.2807211624581,230.75616666666744,225.63533333333416,67.89042304417168,0.0,0.0,0.0
PHASE 1,428,343200,340,999.5148843533955,595.9683733129144,1511.2807211624581,230.75616666666744,225.63533333333416,67.89042304417168,0.0,0.0,0.0
PHASE 1,429,344000,344,997.7525355958522,595.9683733129144,1511.2807211624581,228.88883333333416,226.4305000000008,67.804150282812,0.0,0.0,0.0
PHASE 1,430,344800,344,997.7525355958521,595.9683733129144,1511.2807211624581,228.8888333333342,226.4305000000008,67.804150282812,0.0,0.0,0.0
PHASE 1,431,345600,344,997.7525355958521,595.9683733129144,1511.2807211624581,228.8888333333342,226.4305000000008,67.804150282812,0.0,0.0,0.0
PHASE 1,432,346400,344,997.7525355958521,595.9683733129144,1511.2807211624581,228.8888333333342,226.4305000000008,67.804150282812,0.0,0.0,0.0
PHASE 1,433,347200,344,997.7525355958521,595.9683733129144,1511.2807211624581,228.8888333333342,226.4305000000008,67.804150282812,0.0,0.0,0.0
PHASE 1,434,348000,348,1001.8874814021226,595.9683733129144,1511.2807211624581,229.27383333333418,227.1673333333341,68.1807893419292,0.0,0.0,0.0
PHASE 1,435,348800,348,1001.8874814021228,595.9683733129144,1511.2807211624581,229.27383333333415,227.1673333333341,68.1807893419292,0.0,0.0,0.0
PHASE 1,436,349600,348,1001.8874814021228,595.9683733129144,1511.2807211624581,229.27383333333415,227.1673333333341,68.1807893419292,0.0,0.0,0.0
PHASE 1,437,350400,348,1001.8874814021228,595.9683733129144,1511.2807211624581,229.27383333333415,227.1673333333341,68.1807893419292,0.0,0.0,0.0
PHASE 1,438,351200,348,1001.8874814021228,595.9683733129144,1511.2807211624581,229.27383333333415,227.1673333333341,68.1807893419292,0.0,0.0,0.0
PHASE 1,439,352000,352,1005.09397972132,595.9683733129144,1511.2807211624581,229.77566666666746,227.93783333333408,68.42255996516235,0.0,0.0,0.0
PHASE 1,440,352800,352,1005.0939797213198,595.9683733129144,1511.2807211624581,229.77566666666746,227.93783333333414,68.42255996516235,0.0,0.0,0.0
PHASE 1,441,353600,352,1005.0939797213198,595.9683733129144,1511.2807211624581,229.77566666666746,227.93783333333414,68.42255996516235,0.0,0.0,0.0
PHASE 1,442,354400,352,1005.0939797213198,595.9683733129144,1511.2807211624581,229.77566666666746,227.93783333333414,68.42255996516235,0.0,0.0,0.0
PHASE 1,443,355200,352,1005.0939797213198,595.9683733129144,1511.2807211624581,229.77566666666746,227.93783333333414,68.42255996516235,0.0,0.0,0.0
PHASE 1,444,356000,356,1002.8198386476989,558.0380609590865,1511.2807211624581,226.36316666666747,229.76933333333412,68.33591733095989,0.0,0.0,0.0
PHASE 1,445,356800,356,1002.8198386476989,558.0380609590865,1511.2807211624581,226.36316666666747,229.76933333333406,68.33591733095989,0.0,0.0,0.0
PHASE 1,446,357600,356,1002.8198386476989,558.0380609590865,1511.2807211624581,226.36316666666747,229.76933333333406,68.33591733095989,0.0,0.0,0.0
PHASE 1,447,358400,356,1002.8198386476989,558.0380609590865,1511.2807211624581,226.36316666666747,229.76933333333406,68.33591733095989,0.0,0.0,0.0
PHASE 1,448,359200,356,1002.8198386476989,558.0380609590865,1511.2807211624581,226.36316666666747,229.76933333333406,68.33591733095989,0.0,0.0,0.0
PHASE 1,449,360000,360,987.1705638137854,331.5664372513318,1420.9901508185485,220.26666666666748,227.46700000000072,67.42961214338729,0.0,0.0,0.0
PHASE 1,450,360800,360,987.1705638137855,331.5664372513318,1420.9901508185485,220.2666666666675,227.46700000000078,67.42961214338729,0.0,0.0,0.0
PHASE 1,451,361600,360,987.1705638137855,331.5664372513318,1420.9901508185485,220.2666666666675,227.46700000000078,67.42961214338729,0.0,0.0,0.0
PHASE 1,452,362400,360,987.1705638137855,331.5664372513318,1420.9901508185485,220.2666666666675,227.46700000000078,67.42961214338729,0.0,0.0,0.0
PHASE 1,453,363200,360,987.1705638137855,331.5664372513318,1420.9901508185485,220.2666666666675,227.46700000000078,67.42961214338729,0.0,0.0,0.0
PHASE 1,454,364000,364,991.0110496476004,331.5664372513318,1420.9901508185485,221.69250000000088,228.04583333333412,67.65908953928083,0.0,0.0,0.0
PHASE 1,455,364800,364,991.0110496476004,331.5664372513318,1420.9901508185485,221.6925000000009,228.04583333333412,67.65908953928083,0.0,0.0,0.0
PHASE 1,456,365600,364,991.0110496476004,331.5664372513318,1420.9901508185485,221.6925000000009,228.04583333333412,67.65908953928083,0.0,0.0,0.0
PHASE 1,457,366400,364,991.0110496476004,331.5664372513318,1420.9901508185485,221.6925000000009,228.04583333333412,67.65908953928083,0.0,0.0,0.0
PHASE 1,458,367200,364,991.0110496476004,331.5664372513318,1420.9901508185485,221.6925000000009,228.04583333333412,67.65908953928083,0.0,0.0,0.0
PHASE 1,459,368000,368,996.6680378374207,331.5664372513318,1420.9901508185485,223.4360000000009,229.6850000000008,67.94337972967514,0.0,0.0,0.0
PHASE 1,460,368800,368,996.6680378374207,331.5664372513318,1420.9901508185485,223.4360000000009,229.68500000000068,67.94337972967513,0.0,0.0,0.0
PHASE 1,461,369600,368,996.6680378374207,331.5664372513318,1420.9901508185485,223.4360000000009,229.68500000000068,67.94337972967513,0.0,0.0,0.0
PHASE 1,462,370400,368,996.6680378374207,331.5664372513318,1420.9901508185485,223.4360000000009,229.68500000000068,67.94337972967513,0.0,0.0,0.0
PHASE 1,463,371200,368,996.6680378374207,331.5664372513318,1420.9901508185485,223.4360000000009,229.68500000000068,67.94337972967513,0.0,0.0,0.0
PHASE 1,464,372000,372,997.0291270716806,331.5664372513318,1420.9901508185485,221.95150000000086,231.09233333333407,67.99816171729098,0.0,0.0,0.0
PHASE 1,465,372800,372,997.0291270716807,331.5664372513318,1420.9901508185485,221.95150000000086,231.0923333333341,67.99816171729098,0.0,0.0,0.0
PHASE 1,466,373600,372,997.0291270716807,331.5664372513318,1420.9901508185485,221.95150000000086,231.0923333333341,67.99816171729098,0.0,0.0,0.0
PHASE 1,467,374400,372,997.0291270716807,331.5664372513318,1420.9901508185485,221.95150000000086,231.0923333333341,67.99816171729098,0.0,0.0,0.0
PHASE 1,468,375200,372,997.0291270716807,331.5664372513318,1420.9901508185485,221.95150000000086,231.0923333333341,67.99816171729098,0.0,0.0,0.0
PHASE 1,469,376000,376,1005.4765444619927,331.5664372513318,1420.9901508185485,224.02100000000087,232.9698333333341,68.56071389108023,0.0,0.0,0.0
PHASE 1,470,376800,376,1005.4765444619927,331.5664372513318,1420.9901508185485,224.02100000000087,232.96983333333407,68.56071389108023,0.0,0.0,0.0
PHASE 1,471,377600,376,1005.4765444619927,331.5664372513318,1420.9901508185485,224.02100000000087,232.96983333333407,68.56071389108023,0.0,0.0,0.0
PHASE 1,472,378400,376,1005.4765444619927,331.5664372513318,1420.9901508185485,224.02100000000087,232.96983333333407,68.56071389108023,0.0,0.0,0.0
PHASE 1,473,379200,376,1005.4765444619927,331.5664372513318,1420.9901508185485,224.02100000000087,232.96983333333407,68.56071389108023,0.0,0.0,0.0
PHASE 1,474,380000,380,1008.2464984255968,331.5664372513318,1420.9901508185485,221.75350000000088,236.30950000000072,68.77293730319751,0.0,0.0,0.0
PHASE 1,475,380800,380,1008.2464984255968,331.5664372513318,1420.9901508185485,221.75350000000086,236.30950000000072,68.77293730319751,0.0,0.0,0.0
PHASE 1,476,381600,380,1008.2464984255968,331.5664372513318,1420.9901508185485,221.75350000000086,236.30950000000072,68.77293730319751,0.0,0.0,0.0
PHASE 1,477,382400,380,1008.2464984255968,331.5664372513318,1420.9901508185485,221.75350000000086,236.30950000000072,68.77293730319751,0.0,0.0,0.0
PHASE 1,478,383200,380,1008.2464984255968,331.5664372513318,1420.9901508185485,221.75350000000086,236.30950000000072,68.77293730319751,0.0,0.0,0.0
PHASE 1,479,384000,384,1001.6926935243114,331.5664372513318,1420.9901508185485,218.72266666666755,236.3191666666674,68.33135752387007,0.0,0.0,0.0
PHASE 1,480,384800,384,1001.6926935243114,331.5664372513318,1420.9901508185485,218.72266666666758,236.3191666666674,68.33135752387007,0.0,0.0,0.0
PHASE 1,481,385600,384,1001.6926935243114,331.5664372513318,1420.9901508185485,218.72266666666758,236.3191666666674,68.33135752387007,0.0,0.0,0.0
PHASE 1,482,386400,384,1001.6926935243114,331.5664372513318,1420.9901508185485,218.72266666666758,236.3191666666674,68.33135752387007,0.0,0.0,0.0
PHASE 1,483,387200,384,1001.6926935243114,331.5664372513318,1420.9901508185485,218.72266666666758,236.3191666666674,68.33135752387007,0.0,0.0,0.0
PHASE 1,484,388000,388,996.7728614098639,331.5664372513318,1387.0443161322385,219.07083333333424,233.6781666666674,68.00298267623067,0.0,0.0,0.0
PHASE 1,485,388800,388,996.7728614098638,331.5664372513318,1387.0443161322385,219.07083333333426,233.67816666666738,68.00298267623069,0.0,0.0,0.0
PHASE 1,486,389600,388,996.7728614098638,331.5664372513318,1387.0443161322385,219.07083333333426,233.67816666666738,68.00298267623069,0.0,0.0,0.0
PHASE 1,487,390400,388,996.7728614098638,331.5664372513318,1387.0443161322385,219.07083333333426,233.67816666666738,68.00298267623069,0.0,0.0,0.0
PHASE 1,488,391200,388,996.7728614098638,331.5664372513318,1387.0443161322385,219.07083333333426,233.67816666666738,68.00298267623069,0.0,0.0,0.0
PHASE 1,489,392000,392,1006.2075762650205,331.5664372513318,1482.8968903780747,221.9425000000009,236.25666666666746,68.50105119979212,0.0,0.0,0.0
PHASE 1,490,392800,392,1006.2075762650202,331.5664372513318,1482.8968903780747,221.94250000000093,236.2566666666674,68.5010511997921,0.0,0.0,0.0
PHASE 1,491,393600,392,1006.2075762650202,331.5664372513318,1482.8968903780747,221.94250000000093,236.2566666666674,68.5010511997921,0.0,0.0,0.0
PHASE 1,492,394400,392,1006.2075762650202,331.5664372513318,1482.8968903780747,221.94250000000093,236.2566666666674,68.5010511997921,0.0,0.0,0.0
PHASE 1,493,395200,392,1006.2075762650202,331.5664372513318,1482.8968903780747,221.94250000000093,236.2566666666674,68.5010511997921,0.0,0.0,0.0
PHASE 1,494,396000,396,1003.5207483035898,331.5664372513318,1482.8968903780747,222.32466666666758,235.91700000000077,68.15988520461349,0.0,0.0,0.0
PHASE 1,495,396800,396,1003.5207483035899,331.5664372513318,1482.8968903780747,222.32466666666758,235.9170000000008,68.15988520461349,0.0,0.0,0.0
PHASE 1,496,397600,396,1003.5207483035899,331.5664372513318,1482.8968903780747,222.32466666666758,235.9170000000008,68.15988520461349,0.0,0.0,0.0
PHASE 1,497,398400,396,1003.5207483035899,331.5664372513318,1482.8968903780747,222.32466666666758,235.9170000000008,68.15988520461349,0.0,0.0,0.0
PHASE 1,498,399200,396,1003.5207483035899,331.5664372513318,1482.8968903780747,222.32466666666758,235.9170000000008,68.15988520461349,0.0,0.0,0.0
PHASE 1,499,400000,400,1013.072125959589,331.5664372513318,1482.8968903780747,226.98916666666756,237.8956666666674,68.52341157828013,0.0,0.0,0.0
PHASE 2,0,800,0,,,,,,,0.19571428571428573,0.24571428571428572,0.0
PHASE 2,1,1600,0,,,,,,,0.19571428571428573,0.24571428571428572,0.0
PHASE 2,2,2400,0,,,,,,,0.19571428571428573,0.24571428571428572,0.0
PHASE 2,3,3200,0,,,,,,,0.19571428571428573,0.24571428571428572,0.0
PHASE 2,4,4000,4,1318.5252192484968,993.0309629876847,1533.731937010557,339.60375000000045,337.6086145833338,80.16410683314749,0.19571428571428573,0.24571428571428572,0.0
PHASE 2,5,4800,4,1318.5252192484968,993.0309629876847,1533.731937010557,339.60375000000045,337.6086145833338,80.16410683314749,0.19571428571428573,0.24571428571428572,0.0
PHASE 2,6,5600,4,1318.5252192484968,993.0309629876847,1533.731937010557,339.60375000000045,337.6086145833338,80.16410683314749,0.19571428571428573,0.24571428571428572,0.0
PHASE 2,7,6400,4,1318.5252192484968,993.0309629876847,1533.731937010557,339.60375000000045,337.6086145833338,80.16410683314749,0.19571428571428573,0.24571428571428572,0.0
PHASE 2,8,7200,4,1318.5252192484968,993.0309629876847,1533.731937010557,339.60375000000045,337.6086145833338,80.16410683314749,0.19571428571428573,0.24571428571428572,0.0
PHASE 2,9,8000,8,1281.8696183013271,993.0309629876847,1533.731937010557,324.3026406250005,323.1767968750005,79.29877260016752,0.19571428571428573,0.24571428571428572,0.0
PHASE 2,10,8800,8,1281.8696183013271,993.0309629876847,1533.731937010557,324.3026406250005,323.1767968750005,79.29877260016752,0.19571428571428573,0.24571428571428572,0.0
PHASE 2,11,9600,8,1281.8696183013271,993.0309629876847,1533.731937010557,324.3026406250005,323.1767968750005,79.29877260016752,0.19571428571428573,0.24571428571428572,0.0
PHASE 2,12,10400,8,1281.8696183013271,993.0309629876847,1533.731937010557,324.3026406250005,323.1767968750005,79.29877260016752,0.19571428571428573,0.24571428571428572,0.0
PHASE 2,13,11200,8,1281.8696183013271,993.0309629876847,1533.731937010557,324.3026406250005,323.1767968750005,79.29877260016752,0.19571428571428573,0.24571428571428572,0.0
PHASE 2,14,12000,12,1251.0094011245826,970.575732284414,1533.731937010557,301.6845208333339,323.1162152777783,78.27608312668538,0.19571428571428573,0.24571428571428572,0.0
PHASE 2,15,12800,12,1251.0094011245826,970.575732284414,1533.731937010557,301.6845208333339,323.1162152777782,78.27608312668538,0.19571428571428573,0.24571428571428572,0.0
PHASE 2,16,13600,12,1251.0094011245826,970.575732284414,1533.731937010557,301.6845208333339,323.1162152777782,78.27608312668538,0.19571428571428573,0.24571428571428572,0.0
PHASE 2,17,14400,12,1251.0094011245826,970.575732284414,1533.731937010557,301.6845208333339,323.1162152777782,78.27608312668538,0.19571428571428573,0.24571428571428572,0.0
PHASE 2,18,15200,12,1251.0094011245826,970.575732284414,1533.731937010557,301.6845208333339,323.1162152777782,78.27608312668538,0.19571428571428573,0.24571428571428572,0.0
PHASE 2,19,16000,16,1253.0300606664953,970.575732284414,1533.731937010557,303.9115677083339,319.4623671875005,78.70701572133439,0.19571428571428573,0.24571428571428572,0.0
PHASE 2,20,16800,16,1253.0300606664953,970.575732284414,1533.731937010557,303.9115677083339,319.4623671875005,78.70701572133439,0.19571428571428573,0.24571428571428572,0.0
PHASE 2,21,17600,16,1253.0300606664953,970.575732284414,1533.731937010557,303.9115677083339,319.4623671875005,78.70701572133439,0.19571428571428573,0.24571428571428572,0.0
PHASE 2,22,18400,16,1253.0300606664953,970.575732284414,1533.731937010557,303.9115677083339,319.4623671875005,78.70701572133439,0.19571428571428573,0.24571428571428572,0.0
PHASE 2,23,19200,16,1253.0300606664953,970.575732284414,1533.731937010557,303.9115677083339,319.4623671875005,78.70701572133439,0.19571428571428573,0.24571428571428572,0.0
PHASE 2,24,20000,20,1240.4108852541087,970.575732284414,1533.731937010557,303.63082291666717,311.05521041666714,78.21560649009814,0.19571428571428573,0.24571428571428572,0.0
PHASE 2,25,20800,20,1240.4108852541085,970.575732284414,1533.731937010557,303.6308229166672,311.05521041666714,78.21560649009814,0.19571428571428573,0.24571428571428572,0.0
PHASE 2,26,21600,20,1240.4108852541085,970.575732284414,1533.731937010557,303.6308229166672,311.05521041666714,78.21560649009814,0.19571428571428573,0.24571428571428572,0.0
PHASE 2,27,22400,20,1240.4108852541085,970.575732284414,1533.731937010557,303.6308229166672,311.05521041666714,78.21560649009814,0.19571428571428573,0.24571428571428572,0.0
PHASE 2,28,23200,20,1240.4108852541085,970.575732284414,1533.731937010557,303.6308229166672,311.05521041666714,78.21560649009814,0.19571428571428573,0.24571428571428572,0.0
PHASE 2,29,24000,24,1229.5747993889904,970.575732284414,1533.731937010557,295.2540546875005,309.3509700520838,78.12122183117697,0.19571428571428573,0.24571428571428572,0.0
PHASE 2,30,24800,24,1229.5747993889906,970.575732284414,1533.731937010557,295.2540546875005,309.3509700520838,78.12122183117697,0.19571428571428573,0.24571428571428572,0.0
PHASE 2,31,25600,24,1229.5747993889906,970.575732284414,1533.731937010557,295.2540546875005,309.3509700520838,78.12122183117697,0.19571428571428573,0.24571428571428572,0.0
PHASE 2,32,26400,24,1229.5747993889906,970.575732284414,1533.731937010557,295.2540546875005,309.3509700520838,78.12122183117697,0.19571428571428573,0.24571428571428572,0.0
PHASE 2,33,27200,24,1229.5747993889906,970.575732284414,1533.731937010557,295.2540546875005,309.3509700520838,78.12122183117697,0.19571428571428573,0.24571428571428572,0.0
PHASE 2,34,28000,28,1222.86803674907,970.575732284414,1533.731937010557,290.8248043154768,307.8835219494053,78.01996381052435,0.19571428571428573,0.24571428571428572,0.0
PHASE 2,35,28800,28,1222.8680367490701,970.575732284414,1533.731937010557,290.82480431547674,307.8835219494053,78.01996381052435,0.19571428571428573,0.24571428571428572,0.0
PHASE 2,36,29600,28,1222.8680367490701,970.575732284414,1533.731937010557,290.82480431547674,307.8835219494053,78.01996381052435,0.19571428571428573,0.24571428571428572,0.0
PHASE 2,37,30400,28,1222.8680367490701,970.575732284414,1533.731937010557,290.82480431547674,307.8835219494053,78.01996381052435,0.19571428571428573,0.24571428571428572,0.0
PHASE 2,38,31200,28,1222.8680367490701,970.575732284414,1533.731937010557,290.82480431547674,307.8835219494053,78.01996381052435,0.19571428571428573,0.24571428571428572,0.0
PHASE 2,39,32000,32,1197.3568708161038,920.2882147210373,1533.731937010557,284.51393294270895,297.7762304687505,76.88333842558097,0.19571428571428573,0.24571428571428572,0.0
PHASE 2,40,32800,32,1197.356870816104,920.2882147210373,1533.731937010557,284.51393294270895,297.7762304687505,76.88333842558097,0.19571428571428573,0.24571428571428572,0.0
PHASE 2,41,33600,32,1197.356870816104,920.2882147210373,1533.731937010557,284.51393294270895,297.7762304687505,76.88333842558097,0.19571428571428573,0.24571428571428572,0.0
PHASE 2,42,34400,32,1197.356870816104,920.2882147210373,1533.731937010557,284.51393294270895,297.7762304687505,76.88333842558097,0.19571428571428573,0.24571428571428572,0.0
PHASE 2,43,35200,32,1197.356870816104,920.2882147210373,1533.731937010557,284.51393294270895,297.7762304687505,76.88333842558097,0.19571428571428573,0.24571428571428572,0.0
PHASE 2,44,36000,36,1188.7334352223681,920.2882147210373,1533.731937010557,280.8688003472228,296.41195601851905,76.43158485707828,0.19571428571428573,0.24571428571428572,0.0
PHASE 2,45,36800,36,1188.733435222368,920.2882147210373,1533.731937010557,280.86880034722276,296.411956018519,76.43158485707828,0.19571428571428573,0.24571428571428572,0.0
PHASE 2,46,37600,36,1188.733435222368,920.2882147210373,1533.731937010557,280.86880034722276,296.411956018519,76.43158485707828,0.19571428571428573,0.24571428571428572,0.0
PHASE 2,47,38400,36,1188.733435222368,920.2882147210373,1533.731937010557,280.86880034722276,296.411956018519,76.43158485707828,0.19571428571428573,0.24571428571428572,0.0
PHASE 2,48,39200,36,1188.733435222368,920.2882147210373,1533.731937010557,280.86880034722276,296.411956018519,76.43158485707828,0.19571428571428573,0.24571428571428572,0.0
PHASE 2,49,40000,40,1190.2686080894844,920.2882147210373,1533.731937010557,286.90591510416726,291.85207421875054,76.43882734582121,0.19571428571428573,0.24571428571428572,0.0
PHASE 2,50,40800,40,1190.2686080894844,920.2882147210373,1533.731937010557,286.90591510416726,291.85207421875054,76.43882734582121,0.19571428571428573,0.24571428571428572,0.0
PHASE 2,51,41600,40,1190.2686080894844,920.2882147210373,1533.731937010557,286.90591510416726,291.85207421875054,76.43882734582121,0.19571428571428573,0.24571428571428572,0.0
PHASE 2,52,42400,40,1190.2686080894844,920.2882147210373,1533.731937010557,286.90591510416726,291.85207421875054,76.43882734582121,0.19571428571428573,0.24571428571428572,0.0
PHASE 2,53,43200,40,1190.2686080894844,920.2882147210373,1533.731937010557,286.90591510416726,291.85207421875054,76.43882734582121,0.19571428571428573,0.24571428571428572,0.0
PHASE 2,54,44000,44,1193.765642097129,851.7105135089525,1533.731937010557,283.37874100378855,294.1806811079551,77.02577749817372,0.19571428571428573,0.24571428571428572,0.0
PHASE 2,55,44800,44,1193.765642097129,851.7105135089525,1533.731937010557,283.37874100378855,294.1806811079551,77.02577749817372,0.19571428571428573,0.24571428571428572,0.0
PHASE 2,56,45600,44,1193.765642097129,851.7105135089525,1533.731937010557,283.37874100378855,294.1806811079551,77.02577749817372,0.19571428571428573,0.24571428571428572,0.0
PHASE 2,57,46400,44,1193.765642097129,851.7105135089525,1533.731937010557,283.37874100378855,294.1806811079551,77.02577749817372,0.19571428571428573,0.24571428571428572,0.0
PHASE 2,58,47200,44,1193.765642097129,851.7105135089525,1533.731937010557,283.37874100378855,294.1806811079551,77.02577749817372,0.19571428571428573,0.24571428571428572,0.0
PHASE 2,59,48000,48,1187.926205803952,851.7105135089525,1533.731937010557,282.8798424479173,290.6116321614589,76.8043413993223,0.19571428571428573,0.24571428571428572,0.0
PHASE 2,60,48800,48,1187.926205803952,851.7105135089525,1533.731937010557,282.87984244791727,290.6116321614589,76.8043413993223,0.19571428571428573,0.24571428571428572,0.0
PHASE 2,61,49600,48,1187.926205803952,851.7105135089525,1533.731937010557,282.87984244791727,290.6116321614589,76.8043413993223,0.19571428571428573,0.24571428571428572,0.0
PHASE 2,62,50400,48,1187.926205803952,851.7105135089525,1533.731937010557,282.87984244791727,290.6116321614589,76.8043413993223,0.19571428571428573,0.24571428571428572,0.0
PHASE 2,63,51200,48,1187.926205803952,851.7105135089525,1533.731937010557,282.87984244791727,290.6116321614589,76.8043413993223,0.19571428571428573,0.24571428571428572,0.0
PHASE 2,64,52000,52,1190.2779023146056,851.7105135089525,1533.731937010557,286.86094591346216,288.5564745592954,76.85756023023146,0.19571428571428573,0.24571428571428572,0.0
PHASE 2,65,52800,52,1190.2779023146056,851.7105135089525,1533.731937010557,286.86094591346216,288.55647455929545,76.85756023023146,0.19571428571428573,0.24571428571428572,0.0
PHASE 2,66,53600,52,1190.2779023146056,851.7105135089525,1533.731937010557,286.86094591346216,288.55647455929545,76.85756023023146,0.19571428571428573,0.24571428571428572,0.0
PHASE 2,67,54400,52,1190.2779023146056,851.7105135089525,1533.731937010557,286.86094591346216,288.55647455929545,76.85756023023146,0.19571428571428573,0.24571428571428572,0.0
PHASE 2,68,55200,52,1190.2779023146056,851.7105135089525,1533.731937010557,286.86094591346216,288.55647455929545,76.85756023023146,0.19571428571428573,0.24571428571428572,0.0
PHASE 2,69,56000,56,1202.3208785491395,851.7105135089525,1533.731937010557,293.23479482886967,290.4199064360124,77.33327216053284,0.19571428571428573,0.24571428571428572,0.0
PHASE 2,70,56800,56,1202.3208785491395,851.7105135089525,1533.731937010557,293.23479482886967,290.4199064360124,77.33327216053284,0.19571428571428573,0.24571428571428572,0.0
PHASE 2,71,57600,56,1202.3208785491395,851.7105135089525,1533.731937010557,293.23479482886967,290.4199064360124,77.33327216053284,0.19571428571428573,0.24571428571428572,0.0
PHASE 2,72,58400,56,1202.3208785491395,851.7105135089525,1533.731937010557,293.23479482886967,290.4199064360124,77.33327216053284,0.19571428571428573,0.24571428571428572,0.0
PHASE 2,73,59200,56,1202.3208785491395,851.7105135089525,1533.731937010557,293.23479482886967,290.4199064360124,77.33327216053284,0.19571428571428573,0.24571428571428572,0.0
PHASE 2,74,60000,60,1199.6363838419722,851.7105135089525,1533.731937010557,292.62592795138954,289.898769618056,77.13896078406648,0.19571428571428573,0.24571428571428572,0.0
PHASE 2,75,60800,60,1199.6363838419722,851.7105135089525,1533.731937010557,292.6259279513895,289.898769618056,77.1389607840665,0.19571428571428573,0.24571428571428572,0.0
PHASE 2,76,61600,60,1199.6363838419722,851.7105135089525,1533.731937010557,292.6259279513895,289.898769618056,77.1389607840665,0.19571428571428573,0.24571428571428572,0.0
PHASE 2,77,62400,60,1199.6363838419722,851.7105135089525,1533.731937010557,292.6259279513895,289.898769618056,77.1389607840665,0.19571428571428573,0.24571428571428572,0.0
PHASE 2,78,63200,60,1199.6363838419722,851.7105135089525,1533.731937010557,292.6259279513895,289.898769618056,77.1389607840665,0.19571428571428573,0.24571428571428572,0.0
PHASE 2,79,64000,64,1203.6090920557253,851.7105135089525,1614.7344100595892,294.30012646484437,288.82664876302135,77.56028960348299,0.19571428571428573,0.24571428571428572,0.0
PHASE 2,80,64800,64,1203.6090920557253,851.7105135089525,1614.7344100595892,294.30012646484437,288.82664876302135,77.560289603483,0.19571428571428573,0.24571428571428572,0.0
PHASE 2,81,65600,64,1203.6090920557253,851.7105135089525,1614.7344100595892,294.30012646484437,288.82664876302135,77.560289603483,0.19571428571428573,0.24571428571428572,0.0
PHASE 2,82,66400,64,1203.6090920557253,851.7105135089525,1614.7344100595892,294.30012646484437,288.82664876302135,77.560289603483,0.19571428571428573,0.24571428571428572,0.0
PHASE 2,83,67200,64,1203.6090920557253,851.7105135089525,1614.7344100595892,294.30012646484437,288.82664876302135,77.560289603483,0.19571428571428573,0.24571428571428572,0.0
PHASE 2,84,68000,68,1220.7806232377752,851.7105135089525,1708.6092948550813,297.2608567708339,295.2110652573534,78.53858765119925,0.19571428571428573,0.24571428571428572,0.0
PHASE 2,85,68800,68,1220.7806232377752,851.7105135089525,1708.6092948550813,297.2608567708339,295.2110652573535,78.53858765119925,0.19571428571428573,0.24571428571428572,0.0
PHASE 2,86,69600,68,1220.7806232377752,851.7105135089525,1708.6092948550813,297.2608567708339,295.2110652573535,78.53858765119925,0.19571428571428573,0.24571428571428572,0.0
PHASE 2,87,70400,68,1220.7806232377752,851.7105135089525,1708.6092948550813,297.2608567708339,295.2110652573535,78.53858765119925,0.19571428571428573,0.24571428571428572,0.0
PHASE 2,88,71200,68,1220.7806232377752,851.7105135089525,1708.6092948550813,297.2608567708339,295.2110652573535,78.53858765119925,0.19571428571428573,0.24571428571428572,0.0
PHASE 2,89,72000,72,1220.8443710333331,851.7105135089525,1708.6092948550813,297.2727131076395,295.9355211226857,78.45451710037689,0.19571428571428573,0.24571428571428572,0.0
PHASE 2,90,72800,72,1220.8443710333331,851.7105135089525,1708.6092948550813,297.2727131076395,295.9355211226857,78.45451710037689,0.19571428571428573,0.24571428571428572,0.0
PHASE 2,91,73600,72,1220.8443710333331,851.7105135089525,1708.6092948550813,297.2727131076395,295.9355211226857,78.45451710037689,0.19571428571428573,0.24571428571428572,0.0
PHASE 2,92,74400,72,1220.8443710333331,851.7105135089525,1708.6092948550813,297.2727131076395,295.9355211226857,78.45451710037689,0.19571428571428573,0.24571428571428572,0.0
PHASE 2,93,75200,72,1220.8443710333331,851.7105135089525,1708.6092948550813,297.2727131076395,295.9355211226857,78.45451710037689,0.19571428571428573,0.24571428571428572,0.0
PHASE 2,94,76000,76,1229.6751145451335,851.7105135089525,1708.6092948550813,298.57430605811464,300.06410827850925,78.87958752606485,0.19571428571428573,0.24571428571428572,0.0
PHASE 2,95,76800,76,1229.6751145451335,851.7105135089525,1708.6092948550813,298.57430605811464,300.06410827850925,78.87958752606485,0.19571428571428573,0.24571428571428572,0.0
PHASE 2,96,77600,76,1229.6751145451335,851.7105135089525,1708.6092948550813,298.57430605811464,300.06410827850925,78.87958752606485,0.19571428571428573,0.24571428571428572,0.0
PHASE 2,97,78400,76,1229.6751145451335,851.7105135089525,1708.6092948550813,298.57430605811464,300.06410827850925,78.87958752606485,0.19571428571428573,0.24571428571428572,0.0
PHASE 2,98,79200,76,1229.6751145451335,851.7105135089525,1708.6092948550813,298.57430605811464,300.06410827850925,78.87958752606485,0.19571428571428573,0.24571428571428572,0.0
PHASE 2,99,80000,80,1235.84037290865,851.7105135089525,1708.6092948550813,300.1627876302089,302.1226971354172,79.19436101787922,0.19571428571428573,0.24571428571428572,0.0
PHASE 2,100,80800,80,1235.84037290865,851.7105135089525,1708.6092948550813,300.1627876302089,302.1226971354172,79.19436101787922,0.19571428571428573,0.24571428571428572,0.0
PHASE 2,101,81600,80,1235.84037290865,851.7105135089525,1708.6092948550813,300.1627876302089,302.1226971354172,79.19436101787922,0.19571428571428573,0.24571428571428572,0.0
PHASE 2,102,82400,80,1235.84037290865,851.7105135089525,1708.6092948550813,300.1627876302089,302.1226971354172,79.19436101787922,0.19571428571428573,0.24571428571428572,0.0
PHASE 2,103,83200,80,1235.84037290865,851.7105135089525,1708.6092948550813,300.1627876302089,302.1226971354172,79.19436101787922,0.19571428571428573,0.24571428571428572,0.0
PHASE 2,104,84000,84,1249.3590323470223,851.7105135089525,1708.6092948550813,300.2064677579371,308.9774754464291,80.02188614283348,0.19571428571428573,0.24571428571428572,0.0
PHASE 2,105,84800,84,1249.3590323470223,851.7105135089525,1708.6092948550813,300.2064677579371,308.97747544642914,80.02188614283347,0.19571428571428573,0.24571428571428572,0.0
PHASE 2,106,85600,84,1249.3590323470223,851.7105135089525,1708.6092948550813,300.2064677579371,308.97747544642914,80.02188614283347,0.19571428571428573,0.24571428571428572,0.0
PHASE 2,107,86400,84,1249.3590323470223,851.7105135089525,1708.6092948550813,300.2064677579371,308.97747544642914,80.02188614283347,0.19571428571428573,0.24571428571428572,0.0
PHASE 2,108,87200,84,1249.3590323470223,851.7105135089525,1708.6092948550813,300.2064677579371,308.97747544642914,80.02188614283347,0.19571428571428573,0.24571428571428572,0.0
PHASE 2,109,88000,88,1256.1895237215585,851.7105135089525,1708.6092948550813,302.2820359848491,310.7152985321975,80.39902365056551,0.19571428571428573,0.24571428571428572,0.0
PHASE 2,110,88800,88,1256.1895237215585,851.7105135089525,1708.6092948550813,302.2820359848491,310.7152985321975,80.39902365056551,0.19571428571428573,0.24571428571428572,0.0
PHASE 2,111,89600,88,1256.1895237215585,851.7105135089525,1708.6092948550813,302.2820359848491,310.7152985321975,80.39902365056551,0.19571428571428573,0.24571428571428572,0.0
PHASE 2,112,90400,88,1256.1895237215585,851.7105135089525,1708.6092948550813,302.2820359848491,310.7152985321975,80.39902365056551,0.19571428571428573,0.24571428571428572,0.0
PHASE 2,113,91200,88,1256.1895237215585,851.7105135089525,1708.6092948550813,302.2820359848491,310.7152985321975,80.39902365056551,0.19571428571428573,0.24571428571428572,0.0
PHASE 2,114,92000,92,1265.1484296440735,851.7105135089525,1708.6092948550813,306.66376313405857,311.21722248641356,80.90843050295187,0.19571428571428573,0.24571428571428572,0.0
PHASE 2,115,92800,92,1265.1484296440735,851.7105135089525,1708.6092948550813,306.66376313405857,311.2172224864135,80.90843050295186,0.19571428571428573,0.24571428571428572,0.0
PHASE 2,116,93600,92,1265.1484296440735,851.7105135089525,1708.6092948550813,306.66376313405857,311.2172224864135,80.90843050295186,0.19571428571428573,0.24571428571428572,0.0
PHASE 2,117,94400,92,1265.1484296440735,851.7105135089525,1708.6092948550813,306.66376313405857,311.2172224864135,80.90843050295186,0.19571428571428573,0.24571428571428572,0.0
PHASE 2,118,95200,92,1265.1484296440735,851.7105135089525,1708.6092948550813,306.66376313405857,311.2172224864135,80.90843050295186,0.19571428571428573,0.24571428571428572,0.0
PHASE 2,119,96000,96,1271.8283558206651,851.7105135089525,1708.6092948550813,306.6549201388895,314.2851750217019,81.36103258251114,0.19571428571428573,0.24571428571428572,0.0
PHASE 2,120,96800,96,1271.8283558206651,851.7105135089525,1708.6092948550813,306.6549201388895,314.2851750217019,81.36103258251113,0.19571428571428573,0.24571428571428572,0.0
PHASE 2,121,97600,96,1271.8283558206651,851.7105135089525,1708.6092948550813,306.6549201388895,314.2851750217019,81.36103258251113,0.19571428571428573,0.24571428571428572,0.0
PHASE 2,122,98400,96,1271.8283558206651,851.7105135089525,1708.6092948550813,306.6549201388895,314.2851750217019,81.36103258251113,0.19571428571428573,0.24571428571428572,0.0
PHASE 2,123,99200,96,1271.8283558206651,851.7105135089525,1708.6092948550813,306.6549201388895,314.2851750217019,81.36103258251113,0.19571428571428573,0.24571428571428572,0.0
PHASE 2,124,100000,100,1280.2898613129398,851.7105135089525,1708.6092948550813,310.56299541666726,315.27362177083387,81.80665551568185,0.19571428571428573,0.24571428571428572,0.0
PHASE 2,125,100800,100,1280.2898613129398,851.7105135089525,1708.6092948550813,310.56299541666726,315.2736217708338,81.80665551568185,0.19571428571428573,0.24571428571428572,0.0
PHASE 2,126,101600,100,1280.2898613129398,851.7105135089525,1708.6092948550813,310.56299541666726,315.2736217708338,81.80665551568185,0.19571428571428573,0.24571428571428572,0.0
PHASE 2,127,102400,100,1280.2898613129398,851.7105135089525,1708.6092948550813,310.56299541666726,315.2736217708338,81.80665551568185,0.19571428571428573,0.24571428571428572,0.0
PHASE 2,128,103200,100,1280.2898613129398,851.7105135089525,1708.6092948550813,310.56299541666726,315.2736217708338,81.80665551568185,0.19571428571428573,0.24571428571428572,0.0
PHASE 2,129,104000,104,1281.1702208666893,851.7105135089525,1708.6092948550813,310.8332100000006,313.6500438541672,82.08587087656728,0.19571428571428573,0.24571428571428572,0.0
PHASE 2,130,104800,104,1281.1702208666893,851.7105135089525,1708.6092948550813,310.8332100000006,313.6500438541672,82.08587087656728,0.19571428571428573,0.24571428571428572,0.0
PHASE 2,131,105600,104,1281.1702208666893,851.7105135089525,1708.6092948550813,310.8332100000006,313.6500438541672,82.08587087656728,0.19571428571428573,0.24571428571428572,0.0
PHASE 2,132,106400,104,1281.1702208666893,851.7105135089525,1708.6092948550813,310.8332100000006,313.6500438541672,82.08587087656728,0.19571428571428573,0.24571428571428572,0.0
PHASE 2,133,107200,104,1281.1702208666893,851.7105135089525,1708.6092948550813,310.8332100000006,313.6500438541672,82.08587087656728,0.19571428571428573,0.24571428571428572,0.0
PHASE 2,134,108000,108,1292.813517311004,851.7105135089525,1708.6092948550813,313.1372554166672,317.0808846875005,82.82442215085678,0.19571428571428573,0.24571428571428572,0.0
PHASE 2,135,108800,108,1292.813517311004,851.7105135089525,1708.6092948550813,313.1372554166672,317.08088468750054,82.82442215085678,0.19571428571428573,0.24571428571428572,0.0
PHASE 2,136,109600,108,1292.813517311004,851.7105135089525,1708.6092948550813,313.1372554166672,317.08088468750054,82.82442215085678,0.19571428571428573,0.24571428571428572,0.0
PHASE 2,137,110400,108,1292.813517311004,851.7105135089525,1708.6092948550813,313.1372554166672,317.08088468750054,82.82442215085678,0.19571428571428573,0.24571428571428572,0.0
PHASE 2,138,111200,108,1292.813517311004,851.7105135089525,1708.6092948550813,313.1372554166672,317.08088468750054,82.82442215085678,0.19571428571428573,0.24571428571428572,0.0
PHASE 2,139,112000,112,1298.1981475376479,851.7105135089525,1708.6092948550813,313.8478458333339,318.51101468750056,83.22991087710402,0.19571428571428573,0.24571428571428572,0.0
PHASE 2,140,112800,112,1298.1981475376479,851.7105135089525,1708.6092948550813,313.8478458333339,318.51101468750056,83.22991087710399,0.19571428571428573,0.24571428571428572,0.0
PHASE 2,141,113600,112,1298.1981475376479,851.7105135089525,1708.6092948550813,313.8478458333339,318.51101468750056,83.22991087710399,0.19571428571428573,0.24571428571428572,0.0
PHASE 2,142,114400,112,1298.1981475376479,851.7105135089525,1708.6092948550813,313.8478458333339,318.51101468750056,83.22991087710399,0.19571428571428573,0.24571428571428572,0.0
PHASE 2,143,115200,112,1298.1981475376479,851.7105135089525,1708.6092948550813,313.8478458333339,318.51101468750056,83.22991087710399,0.19571428571428573,0.24571428571428572,0.0
PHASE 2,144,116000,116,1295.1683214429029,851.7105135089525,1708.6092948550813,312.96699864583394,317.5328830208339,83.08355497203152,0.19571428571428573,0.24571428571428572,0.0
PHASE 2,145,116800,116,1295.1683214429029,851.7105135089525,1708.6092948550813,312.96699864583394,317.5328830208339,83.08355497203152,0.19571428571428573,0.24571428571428572,0.0
PHASE 2,146,117600,116,1295.1683214429029,851.7105135089525,1708.6092948550813,312.96699864583394,317.5328830208339,83.08355497203152,0.19571428571428573,0.24571428571428572,0.0
PHASE 2,147,118400,116,1295.1683214429029,851.7105135089525,1708.6092948550813,312.96699864583394,317.5328830208339,83.08355497203152,0.19571428571428573,0.24571428571428572,0.0
PHASE 2,148,119200,116,1295.1683214429029,851.7105135089525,1708.6092948550813,312.96699864583394,317.5328830208339,83.08355497203152,0.19571428571428573,0.24571428571428572,0.0
PHASE 2,149,120000,120,1303.9125091771828,851.7105135089525,1708.6092948550813,315.1592390625006,319.2127617708339,83.69256354298327,0.19571428571428573,0.24571428571428572,0.0
PHASE 2,150,120800,120,1303.912509177183,851.7105135089525,1708.6092948550813,315.1592390625006,319.2127617708339,83.69256354298327,0.19571428571428573,0.24571428571428572,0.0
PHASE 2,151,121600,120,1303.912509177183,851.7105135089525,1708.6092948550813,315.1592390625006,319.2127617708339,83.69256354298327,0.19571428571428573,0.24571428571428572,0.0
PHASE 2,152,122400,120,1303.912509177183,851.7105135089525,1708.6092948550813,315.1592390625006,319.2127617708339,83.69256354298327,0.19571428571428573,0.24571428571428572,0.0
PHASE 2,153,123200,120,1303.912509177183,851.7105135089525,1708.6092948550813,315.1592390625006,319.2127617708339,83.69256354298327,0.19571428571428573,0.24571428571428572,0.0
PHASE 2,154,124000,124,1306.3092687758074,851.7105135089525,1708.6092948550813,316.47953677083393,319.70598520833386,83.76546834958226,0.19571428571428573,0.24571428571428572,0.0
PHASE 2,155,124800,124,1306.3092687758076,851.7105135089525,1708.6092948550813,316.4795367708339,319.70598520833386,83.76546834958226,0.19571428571428573,0.24571428571428572,0.0
PHASE 2,156,125600,124,1306.3092687758076,851.7105135089525,1708.6092948550813,316.4795367708339,319.70598520833386,83.76546834958226,0.19571428571428573,0.24571428571428572,0.0
PHASE 2,157,126400,124,1306.3092687758076,851.7105135089525,1708.6092948550813,316.4795367708339,319.70598520833386,83.76546834958226,0.19571428571428573,0.24571428571428572,0.0
PHASE 2,158,127200,124,1306.3092687758076,851.7105135089525,1708.6092948550813,316.4795367708339,319.70598520833386,83.76546834958226,0.19571428571428573,0.24571428571428572,0.0
PHASE 2,159,128000,128,1304.5686744543075,851.7105135089525,1708.6092948550813,317.2099026041672,318.66732375000055,83.58643101251982,0.19571428571428573,0.24571428571428572,0.0
PHASE 2,160,128800,128,1304.5686744543075,851.7105135089525,1708.6092948550813,317.2099026041672,318.66732375000055,83.58643101251982,0.19571428571428573,0.24571428571428572,0.0
PHASE 2,161,129600,128,1304.5686744543075,851.7105135089525,1708.6092948550813,317.2099026041672,318.66732375000055,83.58643101251982,0.19571428571428573,0.24571428571428572,0.0
PHASE 2,162,130400,128,1304.5686744543075,851.7105135089525,1708.6092948550813,317.2099026041672,318.66732375000055,83.58643101251982,0.19571428571428573,0.24571428571428572,0.0
PHASE 2,163,131200,128,1304.5686744543075,851.7105135089525,1708.6092948550813,317.2099026041672,318.66732375000055,83.58643101251982,0.19571428571428573,0.24571428571428572,0.0
PHASE 2,164,132000,132,1324.8396578597767,851.7105135089525,1708.6092948550813,322.21649375000055,324.78935395833383,84.72922626893298,0.19571428571428573,0.24571428571428572,0.0
PHASE 2,165,132800,132,1324.8396578597767,851.7105135089525,1708.6092948550813,322.21649375000055,324.7893539583339,84.72922626893298,0.19571428571428573,0.24571428571428572,0.0
PHASE 2,166,133600,132,1324.8396578597767,851.7105135089525,1708.6092948550813,322.21649375000055,324.7893539583339,84.72922626893298,0.19571428571428573,0.24571428571428572,0.0
PHASE 2,167,134400,132,1324.8396578597767,851.7105135089525,1708.6092948550813,322.21649375000055,324.7893539583339,84.72922626893298,0.19571428571428573,0.24571428571428572,0.0
PHASE 2,168,135200,132,1324.8396578597767,851.7105135089525,1708.6092948550813,322.21649375000055,324.7893539583339,84.72922626893298,0.19571428571428573,0.24571428571428572,0.0
PHASE 2,169,136000,136,1333.6346761757814,851.7105135089525,1708.6092948550813,324.39598125000055,326.9782572916672,85.28255470426718,0.19571428571428573,0.24571428571428572,0.0
PHASE 2,170,136800,136,1333.6346761757814,851.7105135089525,1708.6092948550813,324.39598125000055,326.9782572916672,85.28255470426718,0.19571428571428573,0.24571428571428572,0.0
PHASE 2,171,137600,136,1333.6346761757814,851.7105135089525,1708.6092948550813,324.39598125000055,326.9782572916672,85.28255470426718,0.19571428571428573,0.24571428571428572,0.0
PHASE 2,172,138400,136,1333.6346761757814,851.7105135089525,1708.6092948550813,324.39598125000055,326.9782572916672,85.28255470426718,0.19571428571428573,0.24571428571428572,0.0
PHASE 2,173,139200,136,1333.6346761757814,851.7105135089525,1708.6092948550813,324.39598125000055,326.9782572916672,85.28255470426718,0.19571428571428573,0.24571428571428572,0.0
PHASE 2,174,140000,140,1333.1790579913002,851.7105135089525,1708.6092948550813,322.1616416666672,328.36539218750056,85.33150301714443,0.19571428571428573,0.24571428571428572,0.0
PHASE 2,175,140800,140,1333.1790579913004,851.7105135089525,1708.6092948550813,322.16164166666726,328.36539218750056,85.33150301714443,0.19571428571428573,0.24571428571428572,0.0
PHASE 2,176,141600,140,1333.1790579913004,851.7105135089525,1708.6092948550813,322.16164166666726,328.36539218750056,85.33150301714443,0.19571428571428573,0.24571428571428572,0.0
PHASE 2,177,142400,140,1333.1790579913004,851.7105135089525,1708.6092948550813,322.16164166666726,328.36539218750056,85.33150301714443,0.19571428571428573,0.24571428571428572,0.0
PHASE 2,178,143200,140,1333.1790579913004,851.7105135089525,1708.6092948550813,322.16164166666726,328.36539218750056,85.33150301714443,0.19571428571428573,0.24571428571428572,0.0
PHASE 2,179,144000,144,1337.608279197236,859.451988454675,1708.6092948550813,324.81786927083385,329.6733026041672,85.38963841528232,0.19571428571428573,0.24571428571428572,0.0
PHASE 2,180,144800,144,1337.608279197236,859.451988454675,1708.6092948550813,324.81786927083385,329.6733026041672,85.38963841528232,0.19571428571428573,0.24571428571428572,0.0
PHASE 2,181,145600,144,1337.608279197236,859.451988454675,1708.6092948550813,324.81786927083385,329.6733026041672,85.38963841528232,0.19571428571428573,0.24571428571428572,0.0
PHASE 2,182,146400,144,1337.608279197236,859.451988454675,1708.6092948550813,324.81786927083385,329.6733026041672,85.38963841528232,0.19571428571428573,0.24571428571428572,0.0
PHASE 2,183,147200,144,1337.608279197236,859.451988454675,1708.6092948550813,324.81786927083385,329.6733026041672,85.38963841528232,0.19571428571428573,0.24571428571428572,0.0
PHASE 2,184,148000,148,1345.6333721853227,859.451988454675,1708.6092948550813,327.3434592708338,332.1449010416672,85.76812648410585,0.19571428571428573,0.24571428571428572,0.0
PHASE 2,185,148800,148,1345.6333721853225,859.451988454675,1708.6092948550813,327.3434592708338,332.1449010416672,85.76812648410585,0.19571428571428573,0.24571428571428572,0.0
PHASE 2,186,149600,148,1345.6333721853225,859.451988454675,1708.6092948550813,327.3434592708338,332.1449010416672,85.76812648410585,0.19571428571428573,0.24571428571428572,0.0
PHASE 2,187,150400,148,1345.6333721853225,859.451988454675,1708.6092948550813,327.3434592708338,332.1449010416672,85.76812648410585,0.19571428571428573,0.24571428571428572,0.0
PHASE 2,188,151200,148,1345.6333721853225,859.451988454675,1708.6092948550813,327.3434592708338,332.1449010416672,85.76812648410585,0.19571428571428573,0.24571428571428572,0.0
PHASE 2,189,152000,152,1356.4145132421181,859.451988454675,1708.6092948550813,329.74371177083384,335.4524756250005,86.40229073078879,0.19571428571428573,0.24571428571428572,0.0
PHASE 2,190,152800,152,1356.4145132421183,859.451988454675,1708.6092948550813,329.74371177083384,335.4524756250005,86.40229073078879,0.19571428571428573,0.24571428571428572,0.0
PHASE 2,191,153600,152,1356.4145132421183,859.451988454675,1708.6092948550813,329.74371177083384,335.4524756250005,86.40229073078879,0.19571428571428573,0.24571428571428572,0.0
PHASE 2,192,154400,152,1356.4145132421183,859.451988454675,1708.6092948550813,329.74371177083384,335.4524756250005,86.40229073078879,0.19571428571428573,0.24571428571428572,0.0
PHASE 2,193,155200,152,1356.4145132421183,859.451988454675,1708.6092948550813,329.74371177083384,335.4524756250005,86.40229073078879,0.19571428571428573,0.24571428571428572,0.0
PHASE 2,194,156000,156,1352.2537140746933,859.451988454675,1708.6092948550813,325.62490770833386,336.8339372916671,86.22435863433981,0.19571428571428573,0.24571428571428572,0.0
PHASE 2,195,156800,156,1352.2537140746933,859.451988454675,1708.6092948550813,325.62490770833386,336.83393729166716,86.22435863433981,0.19571428571428573,0.24571428571428572,0.0
PHASE 2,196,157600,156,1352.2537140746933,859.451988454675,1708.6092948550813,325.62490770833386,336.83393729166716,86.22435863433981,0.19571428571428573,0.24571428571428572,0.0
PHASE 2,197,158400,156,1352.2537140746933,859.451988454675,1708.6092948550813,325.62490770833386,336.83393729166716,86.22435863433981,0.19571428571428573,0.24571428571428572,0.0
PHASE 2,198,159200,156,1352.2537140746933,859.451988454675,1708.6092948550813,325.62490770833386,336.83393729166716,86.22435863433981,0.19571428571428573,0.24571428571428572,0.0
PHASE 2,199,160000,160,1362.0178184504753,859.451988454675,1708.6092948550813,328.1208839583339,339.48756104166716,86.80117168131272,0.19571428571428573,0.24571428571428572,0.0
PHASE 2,200,160800,160,1362.0178184504753,859.451988454675,1708.6092948550813,328.1208839583339,339.48756104166716,86.8011716813127,0.19571428571428573,0.24571428571428572,0.0
PHASE 2,201,161600,160,1362.0178184504753,859.451988454675,1708.6092948550813,328.1208839583339,339.48756104166716,86.8011716813127,0.19571428571428573,0.24571428571428572,0.0
PHASE 2,202,162400,160,1362.0178184504753,859.451988454675,1708.6092948550813,328.1208839583339,339.48756104166716,86.8011716813127,0.19571428571428573,0.24571428571428572,0.0
PHASE 2,203,163200,160,1362.0178184504753,859.451988454675,1708.6092948550813,328.1208839583339,339.48756104166716,86.8011716813127,0.19571428571428573,0.24571428571428572,0.0
PHASE 2,204,164000,164,1359.7338692480885,477.8180557281478,1708.6092948550813,328.2760322916672,338.9432942708338,86.56431783570213,0.19571428571428573,0.24571428571428572,0.0
PHASE 2,205,164800,164,1359.7338692480882,477.8180557281478,1708.6092948550813,328.2760322916672,338.94329427083386,86.56431783570213,0.19571428571428573,0.24571428571428572,0.0
PHASE 2,206,165600,164,1359.7338692480882,477.8180557281478,1708.6092948550813,328.2760322916672,338.94329427083386,86.56431783570213,0.19571428571428573,0.24571428571428572,0.0
PHASE 2,207,166400,164,1359.7338692480882,477.8180557281478,1708.6092948550813,328.2760322916672,338.94329427083386,86.56431783570213,0.19571428571428573,0.24571428571428572,0.0
PHASE 2,208,167200,164,1359.7338692480882,477.8180557281478,1708.6092948550813,328.2760322916672,338.94329427083386,86.56431783570213,0.19571428571428573,0.24571428571428572,0.0
PHASE 2,209,168000,168,1357.4021965736224,477.8180557281478,1699.4130345024598,327.1081518750005,338.8647501041672,86.42866182431052,0.19571428571428573,0.24571428571428572,0.0
PHASE 2,210,168800,168,1357.4021965736226,477.8180557281478,1699.4130345024598,327.1081518750006,338.8647501041672,86.42866182431051,0.19571428571428573,0.24571428571428572,0.0
PHASE 2,211,169600,168,1357.4021965736226,477.8180557281478,1699.4130345024598,327.1081518750006,338.8647501041672,86.42866182431051,0.19571428571428573,0.24571428571428572,0.0
PHASE 2,212,170400,168,1357.4021965736226,477.8180557281478,1699.4130345024598,327.1081518750006,338.8647501041672,86.42866182431051,0.19571428571428573,0.24571428571428572,0.0
PHASE 2,213,171200,168,1357.4021965736226,477.8180557281478,1699.4130345024598,327.1081518750006,338.8647501041672,86.42866182431051,0.19571428571428573,0.24571428571428572,0.0
PHASE 2,214,172000,172,1365.694188529812,477.8180557281478,1699.4130345024598,327.35086812500055,341.81991447916704,87.06542574070933,0.19571428571428573,0.24571428571428572,0.0
PHASE 2,215,172800,172,1365.694188529812,477.8180557281478,1699.4130345024598,327.35086812500055,341.8199144791672,87.06542574070933,0.19571428571428573,0.24571428571428572,0.0
PHASE 2,216,173600,172,1365.694188529812,477.8180557281478,1699.4130345024598,327.35086812500055,341.8199144791672,87.06542574070933,0.19571428571428573,0.24571428571428572,0.0
PHASE 2,217,174400,172,1365.694188529812,477.8180557281478,1699.4130345024598,327.35086812500055,341.8199144791672,87.06542574070933,0.19571428571428573,0.24571428571428572,0.0
PHASE 2,218,175200,172,1365.694188529812,477.8180557281478,1699.4130345024598,327.35086812500055,341.8199144791672,87.06542574070933,0.19571428571428573,0.24571428571428572,0.0
PHASE 2,219,176000,176,1362.562693276236,477.8180557281478,1699.4130345024598,327.6482825000005,339.25245072916715,86.95774500588726,0.19571428571428573,0.24571428571428572,0.0
PHASE 2,220,176800,176,1362.5626932762361,477.8180557281478,1699.4130345024598,327.6482825000005,339.2524507291671,86.95774500588726,0.19571428571428573,0.24571428571428572,0.0
PHASE 2,221,177600,176,1362.5626932762361,477.8180557281478,1699.4130345024598,327.6482825000005,339.2524507291671,86.95774500588726,0.19571428571428573,0.24571428571428572,0.0
PHASE 2,222,178400,176,1362.5626932762361,477.8180557281478,1699.4130345024598,327.6482825000005,339.2524507291671,86.95774500588726,0.19571428571428573,0.24571428571428572,0.0
PHASE 2,223,179200,176,1362.5626932762361,477.8180557281478,1699.4130345024598,327.6482825000005,339.2524507291671,86.95774500588726,0.19571428571428573,0.24571428571428572,0.0
PHASE 2,224,180000,180,1366.7520762974113,477.8180557281478,1699.4130345024598,326.7599483333339,341.6041023958338,87.29850319603428,0.19571428571428573,0.24571428571428572,0.0
PHASE 2,225,180800,180,1366.7520762974111,477.8180557281478,1699.4130345024598,326.75994833333385,341.6041023958338,87.29850319603428,0.19571428571428573,0.24571428571428572,0.0
PHASE 2,226,181600,180,1366.7520762974111,477.8180557281478,1699.4130345024598,326.75994833333385,341.6041023958338,87.29850319603428,0.19571428571428573,0.24571428571428572,0.0
PHASE 2,227,182400,180,1366.7520762974111,477.8180557281478,1699.4130345024598,326.75994833333385,341.6041023958338,87.29850319603428,0.19571428571428573,0.24571428571428572,0.0
PHASE 2,228,183200,180,1366.7520762974111,477.8180557281478,1699.4130345024598,326.75994833333385,341.6041023958338,87.29850319603428,0.19571428571428573,0.24571428571428572,0.0
PHASE 2,229,184000,184,1356.7251170213015,477.8180557281478,1699.4130345024598,326.07046177083384,336.9576890625005,86.71212077349959,0.19571428571428573,0.24571428571428572,0.0
PHASE 2,230,184800,184,1356.7251170213015,477.8180557281478,1699.4130345024598,326.07046177083384,336.9576890625005,86.71212077349959,0.19571428571428573,0.24571428571428572,0.0
PHASE 2,231,185600,184,1356.7251170213015,477.8180557281478,1699.4130345024598,326.07046177083384,336.9576890625005,86.71212077349959,0.19571428571428573,0.24571428571428572,0.0
PHASE 2,232,186400,184,1356.7251170213015,477.8180557281478,1699.4130345024598,326.07046177083384,336.9576890625005,86.71212077349959,0.19571428571428573,0.24571428571428572,0.0
PHASE 2,233,187200,184,1356.7251170213015,477.8180557281478,1699.4130345024598,326.07046177083384,336.9576890625005,86.71212077349959,0.19571428571428573,0.24571428571428572,0.0
PHASE 2,234,188000,188,1352.822912837603,477.8180557281478,1699.4130345024598,324.03956729166725,336.44045697916715,86.54286107084968,0.19571428571428573,0.24571428571428572,0.0
PHASE 2,235,188800,188,1352.822912837603,477.8180557281478,1699.4130345024598,324.0395672916672,336.44045697916715,86.54286107084968,0.19571428571428573,0.24571428571428572,0.0
PHASE 2,236,189600,188,1352.822912837603,477.8180557281478,1699.4130345024598,324.0395672916672,336.44045697916715,86.54286107084968,0.19571428571428573,0.24571428571428572,0.0
PHASE 2,237,190400,188,1352.822912837603,477.8180557281478,1699.4130345024598,324.0395672916672,336.44045697916715,86.54286107084968,0.19571428571428573,0.24571428571428572,0.0
PHASE 2,238,191200,188,1352.822912837603,477.8180557281478,1699.4130345024598,324.0395672916672,336.44045697916715,86.54286107084968,0.19571428571428573,0.24571428571428572,0.0
PHASE 2,239,192000,192,1346.446025538233,477.8180557281478,1699.4130345024598,317.93116062500053,338.7032133333338,86.22645644749093,0.19571428571428573,0.24571428571428572,0.0
PHASE 2,240,192800,192,1346.446025538233,477.8180557281478,1699.4130345024598,317.93116062500053,338.70321333333385,86.2264564474909,0.19571428571428573,0.24571428571428572,0.0
PHASE 2,241,193600,192,1346.446025538233,477.8180557281478,1699.4130345024598,317.93116062500053,338.70321333333385,86.2264564474909,0.19571428571428573,0.24571428571428572,0.0
PHASE 2,242,194400,192,1346.446025538233,477.8180557281478,1699.4130345024598,317.93116062500053,338.70321333333385,86.2264564474909,0.19571428571428573,0.24571428571428572,0.0
PHASE 2,243,195200,192,1346.446025538233,477.8180557281478,1699.4130345024598,317.93116062500053,338.70321333333385,86.2264564474909,0.19571428571428573,0.24571428571428572,0.0
PHASE 2,244,196000,196,1343.6552815762043,477.8180557281478,1699.4130345024598,318.6880422916672,336.81318375000046,86.0192569418205,0.19571428571428573,0.24571428571428572,0.0
PHASE 2,245,196800,196,1343.6552815762043,477.8180557281478,1699.4130345024598,318.6880422916672,336.81318375000046,86.0192569418205,0.19571428571428573,0.24571428571428572,0.0
PHASE 2,246,197600,196,1343.6552815762043,477.8180557281478,1699.4130345024598,318.6880422916672,336.81318375000046,86.0192569418205,0.19571428571428573,0.24571428571428572,0.0
PHASE 2,247,198400,196,1343.6552815762043,477.8180557281478,1699.4130345024598,318.6880422916672,336.81318375000046,86.0192569418205,0.19571428571428573,0.24571428571428572,0.0
PHASE 2,248,199200,196,1343.6552815762043,477.8180557281478,1699.4130345024598,318.6880422916672,336.81318375000046,86.0192569418205,0.19571428571428573,0.24571428571428572,0.0
PHASE 2,249,200000,200,1340.2855074091913,477.8180557281478,1699.4130345024598,317.17606729166727,335.9095700000005,85.89998376469379,0.19571428571428573,0.24571428571428572,0.0
PHASE 2,250,200800,200,1340.2855074091913,477.8180557281478,1699.4130345024598,317.17606729166727,335.90957000000054,85.89998376469377,0.19571428571428573,0.24571428571428572,0.0
PHASE 2,251,201600,200,1340.2855074091913,477.8180557281478,1699.4130345024598,317.17606729166727,335.90957000000054,85.89998376469377,0.19571428571428573,0.24571428571428572,0.0
PHASE 2,252,202400,200,1340.2855074091913,477.8180557281478,1699.4130345024598,317.17606729166727,335.90957000000054,85.89998376469377,0.19571428571428573,0.24571428571428572,0.0
PHASE 2,253,203200,200,1340.2855074091913,477.8180557281478,1699.4130345024598,317.17606729166727,335.90957000000054,85.89998376469377,0.19571428571428573,0.24571428571428572,0.0
PHASE 2,254,204000,204,1347.5110297640028,477.8180557281478,1767.647022832665,316.59184947916725,340.2510570833339,86.33351540019106,0.19571428571428573,0.24571428571428572,0.0
PHASE 2,255,204800,204,1347.511029764003,477.8180557281478,1767.647022832665,316.59184947916725,340.2510570833339,86.33351540019106,0.19571428571428573,0.24571428571428572,0.0
PHASE 2,256,205600,204,1347.511029764003,477.8180557281478,1767.647022832665,316.59184947916725,340.2510570833339,86.33351540019106,0.19571428571428573,0.24571428571428572,0.0
PHASE 2,257,206400,204,1347.511029764003,477.8180557281478,1767.647022832665,316.59184947916725,340.2510570833339,86.33351540019106,0.19571428571428573,0.24571428571428572,0.0
PHASE 2,258,207200,204,1347.511029764003,477.8180557281478,1767.647022832665,316.59184947916725,340.2510570833339,86.33351540019106,0.19571428571428573,0.24571428571428572,0.0
PHASE 2,259,208000,208,1342.8367245228758,477.8180557281478,1767.647022832665,314.7676318750006,339.82199875000055,86.03088673723767,0.19571428571428573,0.24571428571428572,0.0
PHASE 2,260,208800,208,1342.8367245228758,477.8180557281478,1767.647022832665,314.7676318750005,339.82199875000043,86.03088673723765,0.19571428571428573,0.24571428571428572,0.0
PHASE 2,261,209600,208,1342.8367245228758,477.8180557281478,1767.647022832665,314.7676318750005,339.82199875000043,86.03088673723765,0.19571428571428573,0.24571428571428572,0.0
PHASE 2,262,210400,208,1342.8367245228758,477.8180557281478,1767.647022832665,314.7676318750005,339.82199875000043,86.03088673723765,0.19571428571428573,0.24571428571428572,0.0
PHASE 2,263,211200,208,1342.8367245228758,477.8180557281478,1767.647022832665,314.7676318750005,339.82199875000043,86.03088673723765,0.19571428571428573,0.24571428571428572,0.0
PHASE 2,264,212000,212,1348.0068354647267,477.8180557281478,1767.647022832665,319.89506270833385,337.90213333333384,86.27620492788581,0.19571428571428573,0.24571428571428572,0.0
PHASE 2,265,212800,212,1348.0068354647262,477.8180557281478,1767.647022832665,319.89506270833385,337.9021333333338,86.27620492788581,0.19571428571428573,0.24571428571428572,0.0
PHASE 2,266,213600,212,1348.0068354647262,477.8180557281478,1767.647022832665,319.89506270833385,337.9021333333338,86.27620492788581,0.19571428571428573,0.24571428571428572,0.0
PHASE 2,267,214400,212,1348.0068354647262,477.8180557281478,1767.647022832665,319.89506270833385,337.9021333333338,86.27620492788581,0.19571428571428573,0.24571428571428572,0.0
PHASE 2,268,215200,212,1348.0068354647262,477.8180557281478,1767.647022832665,319.89506270833385,337.9021333333338,86.27620492788581,0.19571428571428573,0.24571428571428572,0.0
PHASE 2,269,216000,216,1364.7714757801325,477.8180557281478,1871.5125142042912,322.17729781250057,343.61275750000044,87.37267755845782,0.19571428571428573,0.24571428571428572,0.0
PHASE 2,270,216800,216,1364.7714757801323,477.8180557281478,1871.5125142042912,322.17729781250057,343.6127575000004,87.37267755845782,0.19571428571428573,0.24571428571428572,0.0
PHASE 2,271,217600,216,1364.7714757801323,477.8180557281478,1871.5125142042912,322.17729781250057,343.6127575000004,87.37267755845782,0.19571428571428573,0.24571428571428572,0.0
PHASE 2,272,218400,216,1364.7714757801323,477.8180557281478,1871.5125142042912,322.17729781250057,343.6127575000004,87.37267755845782,0.19571428571428573,0.24571428571428572,0.0
PHASE 2,273,219200,216,1364.7714757801323,477.8180557281478,1871.5125142042912,322.17729781250057,343.6127575000004,87.37267755845782,0.19571428571428573,0.24571428571428572,0.0
PHASE 2,274,220000,220,1360.0046911292097,477.8180557281478,1871.5125142042912,318.70173906250056,344.8649612500004,87.0547488520925,0.19571428571428573,0.24571428571428572,0.0
PHASE 2,275,220800,220,1360.0046911292102,477.8180557281478,1871.5125142042912,318.7017390625006,344.8649612500004,87.05474885209249,0.19571428571428573,0.24571428571428572,0.0
PHASE 2,276,221600,220,1360.0046911292102,477.8180557281478,1871.5125142042912,318.7017390625006,344.8649612500004,87.05474885209249,0.19571428571428573,0.24571428571428572,0.0
PHASE 2,277,222400,220,1360.0046911292102,477.8180557281478,1871.5125142042912,318.7017390625006,344.8649612500004,87.05474885209249,0.19571428571428573,0.24571428571428572,0.0
PHASE 2,278,223200,220,1360.0046911292102,477.8180557281478,1871.5125142042912,318.7017390625006,344.8649612500004,87.05474885209249,0.19571428571428573,0.24571428571428572,0.0
PHASE 2,279,224000,224,1368.0824835245626,477.8180557281478,1871.5125142042912,319.8634853125006,347.95647250000036,87.53281571401175,0.19571428571428573,0.24571428571428572,0.0
PHASE 2,280,224800,224,1368.0824835245623,477.8180557281478,1871.5125142042912,319.86348531250053,347.9564725000005,87.53281571401175,0.19571428571428573,0.24571428571428572,0.0
PHASE 2,281,225600,224,1368.0824835245623,477.8180557281478,1871.5125142042912,319.86348531250053,347.9564725000005,87.53281571401175,0.19571428571428573,0.24571428571428572,0.0
PHASE 2,282,226400,224,1368.0824835245623,477.8180557281478,1871.5125142042912,319.86348531250053,347.9564725000005,87.53281571401175,0.19571428571428573,0.24571428571428572,0.0
PHASE 2,283,227200,224,1368.0824835245623,477.8180557281478,1871.5125142042912,319.86348531250053,347.9564725000005,87.53281571401175,0.19571428571428573,0.24571428571428572,0.0
PHASE 2,284,228000,228,1364.4821323679705,477.8180557281478,1871.5125142042912,318.5509644791672,346.64742895833376,87.4104673663128,0.19571428571428573,0.24571428571428572,0.0
PHASE 2,285,228800,228,1364.4821323679703,477.8180557281478,1871.5125142042912,318.55096447916725,346.6474289583338,87.41046736631279,0.19571428571428573,0.24571428571428572,0.0
PHASE 2,286,229600,228,1364.4821323679703,477.8180557281478,1871.5125142042912,318.55096447916725,346.6474289583338,87.41046736631279,0.19571428571428573,0.24571428571428572,0.0
PHASE 2,287,230400,228,1364.4821323679703,477.8180557281478,1871.5125142042912,318.55096447916725,346.6474289583338,87.41046736631279,0.19571428571428573,0.24571428571428572,0.0
PHASE 2,288,231200,228,1364.4821323679703,477.8180557281478,1871.5125142042912,318.55096447916725,346.6474289583338,87.41046736631279,0.19571428571428573,0.24571428571428572,0.0
PHASE 2,289,232000,232,1357.6904068842214,477.8180557281478,1871.5125142042912,316.2077712500006,346.4893369791672,86.87416233188578,0.19571428571428573,0.24571428571428572,0.0
PHASE 2,290,232800,232,1357.6904068842214,477.8180557281478,1871.5125142042912,316.2077712500006,346.4893369791672,86.87416233188578,0.19571428571428573,0.24571428571428572,0.0
PHASE 2,291,233600,232,1357.6904068842214,477.8180557281478,1871.5125142042912,316.2077712500006,346.4893369791672,86.87416233188578,0.19571428571428573,0.24571428571428572,0.0
PHASE 2,292,234400,232,1357.6904068842214,477.8180557281478,1871.5125142042912,316.2077712500006,346.4893369791672,86.87416233188578,0.19571428571428573,0.24571428571428572,0.0
PHASE 2,293,235200,232,1357.6904068842214,477.8180557281478,1871.5125142042912,316.2077712500006,346.4893369791672,86.87416233188578,0.19571428571428573,0.24571428571428572,0.0
PHASE 2,294,236000,236,1362.9296974202891,477.8180557281478,1896.8490442472064,318.8412341666672,347.3479660416672,87.09256215149853,0.19571428571428573,0.24571428571428572,0.0
PHASE 2,295,236800,236,1362.9296974202891,477.8180557281478,1896.8490442472064,318.84123416666716,347.3479660416671,87.09256215149853,0.19571428571428573,0.24571428571428572,0.0
PHASE 2,296,237600,236,1362.9296974202891,477.8180557281478,1896.8490442472064,318.84123416666716,347.3479660416671,87.09256215149853,0.19571428571428573,0.24571428571428572,0.0
PHASE 2,297,238400,236,1362.9296974202891,477.8180557281478,1896.8490442472064,318.84123416666716,347.3479660416671,87.09256215149853,0.19571428571428573,0.24571428571428572,0.0
PHASE 2,298,239200,236,1362.9296974202891,477.8180557281478,1896.8490442472064,318.84123416666716,347.3479660416671,87.09256215149853,0.19571428571428573,0.24571428571428572,0.0
PHASE 2,299,240000,240,1363.223186167332,477.8180557281478,1896.8490442472064,317.8995570833339,348.338834791667,87.12309928654548,0.19571428571428573,0.24571428571428572,0.0
PHASE 2,300,240800,240,1363.223186167332,477.8180557281478,1896.8490442472064,317.8995570833339,348.3388347916672,87.12309928654548,0.19571428571428573,0.24571428571428572,0.0
PHASE 2,301,241600,240,1363.223186167332,477.8180557281478,1896.8490442472064,317.8995570833339,348.3388347916672,87.12309928654548,0.19571428571428573,0.24571428571428572,0.0
PHASE 2,302,242400,240,1363.223186167332,477.8180557281478,1896.8490442472064,317.8995570833339,348.3388347916672,87.12309928654548,0.19571428571428573,0.24571428571428572,0.0
PHASE 2,303,243200,240,1363.223186167332,477.8180557281478,1896.8490442472064,317.8995570833339,348.3388347916672,87.12309928654548,0.19571428571428573,0.24571428571428572,0.0
PHASE 2,304,244000,244,1362.299380520055,477.8180557281478,1896.8490442472064,319.24243656250053,346.41878447916724,87.07976993480257,0.19571428571428573,0.24571428571428572,0.0
PHASE 2,305,244800,244,1362.2993805200551,477.8180557281478,1896.8490442472064,319.2424365625006,346.41878447916713,87.07976993480257,0.19571428571428573,0.24571428571428572,0.0
PHASE 2,306,245600,244,1362.2993805200551,477.8180557281478,1896.8490442472064,319.2424365625006,346.41878447916713,87.07976993480257,0.19571428571428573,0.24571428571428572,0.0
PHASE 2,307,246400,244,1362.2993805200551,477.8180557281478,1896.8490442472064,319.2424365625006,346.41878447916713,87.07976993480257,0.19571428571428573,0.24571428571428572,0.0
PHASE 2,308,247200,244,1362.2993805200551,477.8180557281478,1896.8490442472064,319.2424365625006,346.41878447916713,87.07976993480257,0.19571428571428573,0.24571428571428572,0.0
PHASE 2,309,248000,248,1359.0712586913587,477.8180557281478,1896.8490442472064,320.7968203125006,342.9828726041672,86.91144572184042,0.19571428571428573,0.24571428571428572,0.0
PHASE 2,310,248800,248,1359.0712586913585,477.8180557281478,1896.8490442472064,320.7968203125006,342.9828726041671,86.91144572184042,0.19571428571428573,0.24571428571428572,0.0
PHASE 2,311,249600,248,1359.0712586913585,477.8180557281478,1896.8490442472064,320.7968203125006,342.9828726041671,86.91144572184042,0.19571428571428573,0.24571428571428572,0.0
PHASE 2,312,250400,248,1359.0712586913585,477.8180557281478,1896.8490442472064,320.7968203125006,342.9828726041671,86.91144572184042,0.19571428571428573,0.24571428571428572,0.0
PHASE 2,313,251200,248,1359.0712586913585,477.8180557281478,1896.8490442472064,320.7968203125006,342.9828726041671,86.91144572184042,0.19571428571428573,0.24571428571428572,0.0
PHASE 2,314,252000,252,1363.0606638694517,477.8180557281478,1896.8490442472064,321.8299311458339,344.2174959375004,87.1266545982688,0.19571428571428573,0.24571428571428572,0.0
PHASE 2,315,252800,252,1363.0606638694517,477.8180557281478,1896.8490442472064,321.8299311458339,344.2174959375005,87.12665459826877,0.19571428571428573,0.24571428571428572,0.0
PHASE 2,316,253600,252,1363.0606638694517,477.8180557281478,1896.8490442472064,321.8299311458339,344.2174959375005,87.12665459826877,0.19571428571428573,0.24571428571428572,0.0
PHASE 2,317,254400,252,1363.0606638694517,477.8180557281478,1896.8490442472064,321.8299311458339,344.2174959375005,87.12665459826877,0.19571428571428573,0.24571428571428572,0.0
PHASE 2,318,255200,252,1363.0606638694517,477.8180557281478,1896.8490442472064,321.8299311458339,344.2174959375005,87.12665459826877,0.19571428571428573,0.24571428571428572,0.0
PHASE 2,319,256000,256,1362.8985698218412,477.8180557281478,1896.8490442472064,322.8961040625005,343.16896718750047,87.10418732148418,0.19571428571428573,0.24571428571428572,0.0
PHASE 2,320,256800,256,1362.8985698218414,477.8180557281478,1896.8490442472064,322.89610406250057,343.1689671875006,87.10418732148418,0.19571428571428573,0.24571428571428572,0.0
PHASE 2,321,257600,256,1362.8985698218414,477.8180557281478,1896.8490442472064,322.89610406250057,343.1689671875006,87.10418732148418,0.19571428571428573,0.24571428571428572,0.0
PHASE 2,322,258400,256,1362.8985698218414,477.8180557281478,1896.8490442472064,322.89610406250057,343.1689671875006,87.10418732148418,0.19571428571428573,0.24571428571428572,0.0
PHASE 2,323,259200,256,1362.8985698218414,477.8180557281478,1896.8490442472064,322.89610406250057,343.1689671875006,87.10418732148418,0.19571428571428573,0.24571428571428572,0.0
PHASE 2,324,260000,260,1367.1973799368031,477.8180557281478,1896.8490442472064,322.84270489583395,344.2364951041672,87.5147724921045,0.19571428571428573,0.24571428571428572,0.0
PHASE 2,325,260800,260,1367.1973799368034,477.8180557281478,1896.8490442472064,322.8427048958339,344.2364951041671,87.5147724921045,0.19571428571428573,0.24571428571428572,0.0
PHASE 2,326,261600,260,1367.1973799368034,477.8180557281478,1896.8490442472064,322.8427048958339,344.2364951041671,87.5147724921045,0.19571428571428573,0.24571428571428572,0.0
PHASE 2,327,262400,260,1367.1973799368034,477.8180557281478,1896.8490442472064,322.8427048958339,344.2364951041671,87.5147724921045,0.19571428571428573,0.24571428571428572,0.0
PHASE 2,328,263200,260,1367.1973799368034,477.8180557281478,1896.8490442472064,322.8427048958339,344.2364951041671,87.5147724921045,0.19571428571428573,0.24571428571428572,0.0
PHASE 2,329,264000,264,1361.9176827899291,562.6348737028068,1896.8490442472064,321.64037531250057,342.09125708333374,87.27325629926585,0.19571428571428573,0.24571428571428572,0.0
PHASE 2,330,264800,264,1361.917682789929,562.6348737028068,1896.8490442472064,321.6403753125006,342.09125708333374,87.27325629926585,0.19571428571428573,0.24571428571428572,0.0
PHASE 2,331,265600,264,1361.917682789929,562.6348737028068,1896.8490442472064,321.6403753125006,342.09125708333374,87.27325629926585,0.19571428571428573,0.24571428571428572,0.0
PHASE 2,332,266400,264,1361.917682789929,562.6348737028068,1896.8490442472064,321.6403753125006,342.09125708333374,87.27325629926585,0.19571428571428573,0.24571428571428572,0.0
PHASE 2,333,267200,264,1361.917682789929,562.6348737028068,1896.8490442472064,321.6403753125006,342.09125708333374,87.27325629926585,0.19571428571428573,0.24571428571428572,0.0
PHASE 2,334,268000,268,1362.942968655761,562.6348737028068,1896.8490442472064,326.1145590625006,338.12844750000045,87.33749526166163,0.19571428571428573,0.24571428571428572,0.0
PHASE 2,335,268800,268,1362.9429686557612,562.6348737028068,1896.8490442472064,326.1145590625006,338.12844750000056,87.3374952616616,0.19571428571428573,0.24571428571428572,0.0
PHASE 2,336,269600,268,1362.9429686557612,562.6348737028068,1896.8490442472064,326.1145590625006,338.12844750000056,87.3374952616616,0.19571428571428573,0.24571428571428572,0.0
PHASE 2,337,270400,268,1362.9429686557612,562.6348737028068,1896.8490442472064,326.1145590625006,338.12844750000056,87.3374952616616,0.19571428571428573,0.24571428571428572,0.0
PHASE 2,338,271200,268,1362.9429686557612,562.6348737028068,1896.8490442472064,326.1145590625006,338.12844750000056,87.3374952616616,0.19571428571428573,0.24571428571428572,0.0
PHASE 2,339,272000,272,1353.9134387630816,562.6348737028068,1896.8490442472064,323.4595123958339,336.56471395833387,86.73615155111811,0.19571428571428573,0.24571428571428572,0.0
PHASE 2,340,272800,272,1353.9134387630809,562.6348737028068,1896.8490442472064,323.4595123958339,336.5647139583338,86.73615155111813,0.19571428571428573,0.24571428571428572,0.0
PHASE 2,341,273600,272,1353.9134387630809,562.6348737028068,1896.8490442472064,323.4595123958339,336.5647139583338,86.73615155111813,0.19571428571428573,0.24571428571428572,0.0
PHASE 2,342,274400,272,1353.9134387630809,562.6348737028068,1896.8490442472064,323.4595123958339,336.5647139583338,86.73615155111813,0.19571428571428573,0.24571428571428572,0.0
PHASE 2,343,275200,272,1353.9134387630809,562.6348737028068,1896.8490442472064,323.4595123958339,336.5647139583338,86.73615155111813,0.19571428571428573,0.24571428571428572,0.0
PHASE 2,344,276000,276,1367.0850808814096,562.6348737028068,1896.8490442472064,325.44252802083395,341.58833520833383,87.50677720653435,0.19571428571428573,0.24571428571428572,0.0
PHASE 2,345,276800,276,1367.0850808814098,562.6348737028068,1896.8490442472064,325.44252802083395,341.58833520833383,87.50677720653435,0.19571428571428573,0.24571428571428572,0.0
PHASE 2,346,277600,276,1367.0850808814098,562.6348737028068,1896.8490442472064,325.44252802083395,341.58833520833383,87.50677720653435,0.19571428571428573,0.24571428571428572,0.0
PHASE 2,347,278400,276,1367.0850808814098,562.6348737028068,1896.8490442472064,325.44252802083395,341.58833520833383,87.50677720653435,0.19571428571428573,0.24571428571428572,0.0
PHASE 2,348,279200,276,1367.0850808814098,562.6348737028068,1896.8490442472064,325.44252802083395,341.58833520833383,87.50677720653435,0.19571428571428573,0.24571428571428572,0.0
PHASE 2,349,280000,280,1377.6781296804588,562.6348737028068,2175.947802951772,331.1383576041672,342.9205102083338,87.95240773349884,0.19571428571428573,0.24571428571428572,0.0
PHASE 2,350,280800,280,1377.6781296804586,562.6348737028068,2175.947802951772,331.13835760416725,342.9205102083339,87.95240773349884,0.19571428571428573,0.24571428571428572,0.0
PHASE 2,351,281600,280,1377.6781296804586,562.6348737028068,2175.947802951772,331.13835760416725,342.9205102083339,87.95240773349884,0.19571428571428573,0.24571428571428572,0.0
PHASE 2,352,282400,280,1377.6781296804586,562.6348737028068,2175.947802951772,331.13835760416725,342.9205102083339,87.95240773349884,0.19571428571428573,0.24571428571428572,0.0
PHASE 2,353,283200,280,1377.6781296804586,562.6348737028068,2175.947802951772,331.13835760416725,342.9205102083339,87.95240773349884,0.19571428571428573,0.24571428571428572,0.0
PHASE 2,354,284000,284,1385.8743454666621,562.6348737028068,2175.947802951772,333.1209542708339,345.6733189583338,88.3850090296911,0.19571428571428573,0.24571428571428572,0.0
PHASE 2,355,284800,284,1385.8743454666626,562.6348737028068,2175.947802951772,333.1209542708339,345.67331895833394,88.3850090296911,0.19571428571428573,0.24571428571428572,0.0
PHASE 2,356,285600,284,1385.8743454666626,562.6348737028068,2175.947802951772,333.1209542708339,345.67331895833394,88.3850090296911,0.19571428571428573,0.24571428571428572,0.0
PHASE 2,357,286400,284,1385.8743454666626,562.6348737028068,2175.947802951772,333.1209542708339,345.67331895833394,88.3850090296911,0.19571428571428573,0.24571428571428572,0.0
PHASE 2,358,287200,284,1385.8743454666626,562.6348737028068,2175.947802951772,333.1209542708339,345.67331895833394,88.3850090296911,0.19571428571428573,0.24571428571428572,0.0
PHASE 2,359,288000,288,1397.5513692729278,562.6348737028068,2175.947802951772,337.30486500000063,347.6911414583339,89.0694203518287,0.19571428571428573,0.24571428571428572,0.0
PHASE 2,360,288800,288,1397.5513692729278,562.6348737028068,2175.947802951772,337.3048650000005,347.6911414583338,89.0694203518287,0.19571428571428573,0.24571428571428572,0.0
PHASE 2,361,289600,288,1397.5513692729278,562.6348737028068,2175.947802951772,337.3048650000005,347.6911414583338,89.0694203518287,0.19571428571428573,0.24571428571428572,0.0
PHASE 2,362,290400,288,1397.5513692729278,562.6348737028068,2175.947802951772,337.3048650000005,347.6911414583338,89.0694203518287,0.19571428571428573,0.24571428571428572,0.0
PHASE 2,363,291200,288,1397.5513692729278,562.6348737028068,2175.947802951772,337.3048650000005,347.6911414583338,89.0694203518287,0.19571428571428573,0.24571428571428572,0.0
PHASE 2,364,292000,292,1416.0906277365007,562.6348737028068,2175.947802951772,345.35643958333384,349.26986437500045,90.18304047227542,0.19571428571428573,0.24571428571428572,0.0
PHASE 2,365,292800,292,1416.0906277365004,562.6348737028068,2175.947802951772,345.35643958333384,349.2698643750004,90.18304047227544,0.19571428571428573,0.24571428571428572,0.0
PHASE 2,366,293600,292,1416.0906277365004,562.6348737028068,2175.947802951772,345.35643958333384,349.2698643750004,90.18304047227544,0.19571428571428573,0.24571428571428572,0.0
PHASE 2,367,294400,292,1416.0906277365004,562.6348737028068,2175.947802951772,345.35643958333384,349.2698643750004,90.18304047227544,0.19571428571428573,0.24571428571428572,0.0
PHASE 2,368,295200,292,1416.0906277365004,562.6348737028068,2175.947802951772,345.35643958333384,349.2698643750004,90.18304047227544,0.19571428571428573,0.24571428571428572,0.0
PHASE 2,369,296000,296,1422.680295883473,562.6348737028068,2175.947802951772,345.13478458333384,353.43646312500044,90.51363102189721,0.19571428571428573,0.24571428571428572,0.0
PHASE 2,370,296800,296,1422.680295883473,562.6348737028068,2175.947802951772,345.13478458333384,353.43646312500044,90.5136310218972,0.19571428571428573,0.24571428571428572,0.0
PHASE 2,371,297600,296,1422.680295883473,562.6348737028068,2175.947802951772,345.13478458333384,353.43646312500044,90.5136310218972,0.19571428571428573,0.24571428571428572,0.0
PHASE 2,372,298400,296,1422.680295883473,562.6348737028068,2175.947802951772,345.13478458333384,353.43646312500044,90.5136310218972,0.19571428571428573,0.24571428571428572,0.0
PHASE 2,373,299200,296,1422.680295883473,562.6348737028068,2175.947802951772,345.13478458333384,353.43646312500044,90.5136310218972,0.19571428571428573,0.24571428571428572,0.0
PHASE 2,374,300000,300,1434.5985496552476,562.6348737028068,2175.947802951772,345.2702170833338,360.02510520833385,91.16290342045254,0.19571428571428573,0.24571428571428572,0.0
PHASE 2,375,300800,300,1434.5985496552476,562.6348737028068,2175.947802951772,345.27021708333393,360.02510520833385,91.16290342045254,0.19571428571428573,0.24571428571428572,0.0
PHASE 2,376,301600,300,1434.5985496552476,562.6348737028068,2175.947802951772,345.27021708333393,360.02510520833385,91.16290342045254,0.19571428571428573,0.24571428571428572,0.0
PHASE 2,377,302400,300,1434.5985496552476,562.6348737028068,2175.947802951772,345.27021708333393,360.02510520833385,91.16290342045254,0.19571428571428573,0.24571428571428572,0.0
PHASE 2,378,303200,300,1434.5985496552476,562.6348737028068,2175.947802951772,345.27021708333393,360.02510520833385,91.16290342045254,0.19571428571428573,0.24571428571428572,0.0
PHASE 2,379,304000,304,1431.6870340932726,562.6348737028068,2175.947802951772,346.5626532291672,357.71101937500055,90.92667018614318,0.19571428571428573,0.24571428571428572,0.0
PHASE 2,380,304800,304,1431.687034093273,562.6348737028068,2175.947802951772,346.56265322916727,357.7110193750005,90.9266701861432,0.19571428571428573,0.24571428571428572,0.0
PHASE 2,381,305600,304,1431.687034093273,562.6348737028068,2175.947802951772,346.56265322916727,357.7110193750005,90.9266701861432,0.19571428571428573,0.24571428571428572,0.0
PHASE 2,382,306400,304,1431.687034093273,562.6348737028068,2175.947802951772,346.56265322916727,357.7110193750005,90.9266701861432,0.19571428571428573,0.24571428571428572,0.0
PHASE 2,383,307200,304,1431.687034093273,562.6348737028068,2175.947802951772,346.56265322916727,357.7110193750005,90.9266701861432,0.19571428571428573,0.24571428571428572,0.0
PHASE 2,384,308000,308,1428.5139725814279,562.6348737028068,2175.947802951772,346.3754503125006,355.26901270833383,90.85868869507914,0.19571428571428573,0.24571428571428572,0.0
PHASE 2,385,308800,308,1428.5139725814279,562.6348737028068,2175.947802951772,346.37545031250056,355.2690127083339,90.85868869507914,0.19571428571428573,0.24571428571428572,0.0
PHASE 2,386,309600,308,1428.5139725814279,562.6348737028068,2175.947802951772,346.37545031250056,355.2690127083339,90.85868869507914,0.19571428571428573,0.24571428571428572,0.0
PHASE 2,387,310400,308,1428.5139725814279,562.6348737028068,2175.947802951772,346.37545031250056,355.2690127083339,90.85868869507914,0.19571428571428573,0.24571428571428572,0.0
PHASE 2,388,311200,308,1428.5139725814279,562.6348737028068,2175.947802951772,346.37545031250056,355.2690127083339,90.85868869507914,0.19571428571428573,0.24571428571428572,0.0
PHASE 2,389,312000,312,1437.2754126332138,562.6348737028068,2175.947802951772,345.7284148958339,361.44701937500054,91.26249729530245,0.19571428571428573,0.24571428571428572,0.0
PHASE 2,390,312800,312,1437.2754126332138,562.6348737028068,2175.947802951772,345.72841489583385,361.44701937500054,91.26249729530245,0.19571428571428573,0.24571428571428572,0.0
PHASE 2,391,313600,312,1437.2754126332138,562.6348737028068,2175.947802951772,345.72841489583385,361.44701937500054,91.26249729530245,0.19571428571428573,0.24571428571428572,0.0
PHASE 2,392,314400,312,1437.2754126332138,562.6348737028068,2175.947802951772,345.72841489583385,361.44701937500054,91.26249729530245,0.19571428571428573,0.24571428571428572,0.0
PHASE 2,393,315200,312,1437.2754126332138,562.6348737028068,2175.947802951772,345.72841489583385,361.44701937500054,91.26249729530245,0.19571428571428573,0.24571428571428572,0.0
PHASE 2,394,316000,316,1438.4309713494922,562.6348737028068,2175.947802951772,349.3030436458339,359.5908531250005,91.1921343223373,0.19571428571428573,0.24571428571428572,0.0
PHASE 2,395,316800,316,1438.4309713494922,562.6348737028068,2175.947802951772,349.3030436458339,359.5908531250006,91.1921343223373,0.19571428571428573,0.24571428571428572,0.0
PHASE 2,396,317600,316,1438.4309713494922,562.6348737028068,2175.947802951772,349.3030436458339,359.5908531250006,91.1921343223373,0.19571428571428573,0.24571428571428572,0.0
PHASE 2,397,318400,316,1438.4309713494922,562.6348737028068,2175.947802951772,349.3030436458339,359.5908531250006,91.1921343223373,0.19571428571428573,0.24571428571428572,0.0
PHASE 2,398,319200,316,1438.4309713494922,562.6348737028068,2175.947802951772,349.3030436458339,359.5908531250006,91.1921343223373,0.19571428571428573,0.24571428571428572,0.0
PHASE 2,399,320000,320,1442.0735811593258,562.6348737028068,2175.947802951772,353.26398239583386,358.8294564583339,91.24751778814984,0.19571428571428573,0.24571428571428572,0.0
PHASE 2,400,320800,320,1442.0735811593258,562.6348737028068,2175.947802951772,353.263982395834,358.8294564583338,91.24751778814982,0.19571428571428573,0.24571428571428572,0.0
PHASE 2,401,321600,320,1442.0735811593258,562.6348737028068,2175.947802951772,353.263982395834,358.8294564583338,91.24751778814982,0.19571428571428573,0.24571428571428572,0.0
PHASE 2,402,322400,320,1442.0735811593258,562.6348737028068,2175.947802951772,353.263982395834,358.8294564583338,91.24751778814982,0.19571428571428573,0.24571428571428572,0.0
PHASE 2,403,323200,320,1442.0735811593258,562.6348737028068,2175.947802951772,353.263982395834,358.8294564583338,91.24751778814982,0.19571428571428573,0.24571428571428572,0.0
PHASE 2,404,324000,324,1433.4571520838197,562.6348737028068,2175.947802951772,350.9174403125006,355.74294937500053,90.84959529954457,0.19571428571428573,0.24571428571428572,0.0
PHASE 2,405,324800,324,1433.4571520838194,562.6348737028068,2175.947802951772,350.91744031250056,355.74294937500053,90.84959529954457,0.19571428571428573,0.24571428571428572,0.0
PHASE 2,406,325600,324,1433.4571520838194,562.6348737028068,2175.947802951772,350.91744031250056,355.74294937500053,90.84959529954457,0.19571428571428573,0.24571428571428572,0.0
PHASE 2,407,326400,324,1433.4571520838194,562.6348737028068,2175.947802951772,350.91744031250056,355.74294937500053,90.84959529954457,0.19571428571428573,0.24571428571428572,0.0
PHASE 2,408,327200,324,1433.4571520838194,562.6348737028068,2175.947802951772,350.91744031250056,355.74294937500053,90.84959529954457,0.19571428571428573,0.24571428571428572,0.0
PHASE 2,409,328000,328,1445.5389582784078,716.7076330219542,2175.947802951772,351.88446572916723,361.1517747916672,91.56283971970166,0.19571428571428573,0.24571428571428572,0.0
PHASE 2,410,328800,328,1445.5389582784078,716.7076330219542,2175.947802951772,351.88446572916723,361.15177479166726,91.56283971970169,0.19571428571428573,0.24571428571428572,0.0
PHASE 2,411,329600,328,1445.5389582784078,716.7076330219542,2175.947802951772,351.88446572916723,361.15177479166726,91.56283971970169,0.19571428571428573,0.24571428571428572,0.0
PHASE 2,412,330400,328,1445.5389582784078,716.7076330219542,2175.947802951772,351.88446572916723,361.15177479166726,91.56283971970169,0.19571428571428573,0.24571428571428572,0.0
PHASE 2,413,331200,328,1445.5389582784078,716.7076330219542,2175.947802951772,351.88446572916723,361.15177479166726,91.56283971970169,0.19571428571428573,0.24571428571428572,0.0
PHASE 2,414,332000,332,1446.8158654746599,716.7076330219542,2175.947802951772,353.6286569791672,359.1590510416673,91.75351968173327,0.19571428571428573,0.24571428571428572,0.0
PHASE 2,415,332800,332,1446.8158654746599,716.7076330219542,2175.947802951772,353.6286569791672,359.15905104166717,91.75351968173327,0.19571428571428573,0.24571428571428572,0.0
PHASE 2,416,333600,332,1446.8158654746599,716.7076330219542,2175.947802951772,353.6286569791672,359.15905104166717,91.75351968173327,0.19571428571428573,0.24571428571428572,0.0
PHASE 2,417,334400,332,1446.8158654746599,716.7076330219542,2175.947802951772,353.6286569791672,359.15905104166717,91.75351968173327,0.19571428571428573,0.24571428571428572,0.0
PHASE 2,418,335200,332,1446.8158654746599,716.7076330219542,2175.947802951772,353.6286569791672,359.15905104166717,91.75351968173327,0.19571428571428573,0.24571428571428572,0.0
PHASE 2,419,336000,336,1443.0985104181411,716.7076330219542,2175.947802951772,350.8068111458339,360.09091572916725,91.52509794289752,0.19571428571428573,0.24571428571428572,0.0
PHASE 2,420,336800,336,1443.098510418141,716.7076330219542,2175.947802951772,350.8068111458339,360.0909157291672,91.52509794289752,0.19571428571428573,0.24571428571428572,0.0
PHASE 2,421,337600,336,1443.098510418141,716.7076330219542,2175.947802951772,350.8068111458339,360.0909157291672,91.52509794289752,0.19571428571428573,0.24571428571428572,0.0
PHASE 2,422,338400,336,1443.098510418141,716.7076330219542,2175.947802951772,350.8068111458339,360.0909157291672,91.52509794289752,0.19571428571428573,0.24571428571428572,0.0
PHASE 2,423,339200,336,1443.098510418141,716.7076330219542,2175.947802951772,350.8068111458339,360.0909157291672,91.52509794289752,0.19571428571428573,0.24571428571428572,0.0
PHASE 2,424,340000,340,1444.3934395384824,716.7076330219542,2175.947802951772,352.6172107291672,358.9060894791671,91.60876741627368,0.19571428571428573,0.24571428571428572,0.0
PHASE 2,425,340800,340,1444.3934395384827,716.7076330219542,2175.947802951772,352.61721072916725,358.9060894791672,91.60876741627366,0.19571428571428573,0.24571428571428572,0.0
PHASE 2,426,341600,340,1444.3934395384827,716.7076330219542,2175.947802951772,352.61721072916725,358.9060894791672,91.60876741627366,0.19571428571428573,0.24571428571428572,0.0
PHASE 2,427,342400,340,1444.3934395384827,716.7076330219542,2175.947802951772,352.61721072916725,358.9060894791672,91.60876741627366,0.19571428571428573,0.24571428571428572,0.0
PHASE 2,428,343200,340,1444.3934395384827,716.7076330219542,2175.947802951772,352.61721072916725,358.9060894791672,91.60876741627366,0.19571428571428573,0.24571428571428572,0.0
PHASE 2,429,344000,344,1436.1120163072546,716.7076330219542,2175.947802951772,352.49431864583397,354.45522000000057,91.14530970768256,0.19571428571428573,0.24571428571428572,0.0
PHASE 2,430,344800,344,1436.1120163072546,716.7076330219542,2175.947802951772,352.4943186458339,354.45522000000057,91.14530970768256,0.19571428571428573,0.24571428571428572,0.0
PHASE 2,431,345600,344,1436.1120163072546,716.7076330219542,2175.947802951772,352.4943186458339,354.45522000000057,91.14530970768256,0.19571428571428573,0.24571428571428572,0.0
PHASE 2,432,346400,344,1436.1120163072546,716.7076330219542,2175.947802951772,352.4943186458339,354.45522000000057,91.14530970768256,0.19571428571428573,0.24571428571428572,0.0
PHASE 2,433,347200,344,1436.1120163072546,716.7076330219542,2175.947802951772,352.4943186458339,354.45522000000057,91.14530970768256,0.19571428571428573,0.24571428571428572,0.0
PHASE 2,434,348000,348,1432.8041730859027,716.7076330219542,2175.947802951772,345.67268822916725,360.0328501041672,90.88732934407608,0.19571428571428573,0.24571428571428572,0.0
PHASE 2,435,348800,348,1432.8041730859022,716.7076330219542,2175.947802951772,345.6726882291673,360.03285010416715,90.88732934407606,0.19571428571428573,0.24571428571428572,0.0
PHASE 2,436,349600,348,1432.8041730859022,716.7076330219542,2175.947802951772,345.6726882291673,360.03285010416715,90.88732934407606,0.19571428571428573,0.24571428571428572,0.0
PHASE 2,437,350400,348,1432.8041730859022,716.7076330219542,2175.947802951772,345.6726882291673,360.03285010416715,90.88732934407606,0.19571428571428573,0.24571428571428572,0.0
PHASE 2,438,351200,348,1432.8041730859022,716.7076330219542,2175.947802951772,345.6726882291673,360.03285010416715,90.88732934407606,0.19571428571428573,0.24571428571428572,0.0
PHASE 2,439,352000,352,1422.3618677416691,716.7076330219542,2175.947802951772,341.818198645834,358.28059822916725,90.28288385833832,0.19571428571428573,0.24571428571428572,0.0
PHASE 2,440,352800,352,1422.3618677416694,716.7076330219542,2175.947802951772,341.8181986458339,358.28059822916725,90.28288385833832,0.19571428571428573,0.24571428571428572,0.0
PHASE 2,441,353600,352,1422.3618677416694,716.7076330219542,2175.947802951772,341.8181986458339,358.28059822916725,90.28288385833832,0.19571428571428573,0.24571428571428572,0.0
PHASE 2,442,354400,352,1422.3618677416694,716.7076330219542,2175.947802951772,341.8181986458339,358.28059822916725,90.28288385833832,0.19571428571428573,0.24571428571428572,0.0
PHASE 2,443,355200,352,1422.3618677416694,716.7076330219542,2175.947802951772,341.8181986458339,358.28059822916725,90.28288385833832,0.19571428571428573,0.24571428571428572,0.0
PHASE 2,444,356000,356,1422.1465072745525,727.2503315104163,2175.947802951772,345.258003645834,354.43039979166724,90.30726297963612,0.19571428571428573,0.24571428571428572,0.0
PHASE 2,445,356800,356,1422.1465072745527,727.2503315104163,2175.947802951772,345.258003645834,354.43039979166724,90.3072629796361,0.19571428571428573,0.24571428571428572,0.0
PHASE 2,446,357600,356,1422.1465072745527,727.2503315104163,2175.947802951772,345.258003645834,354.43039979166724,90.3072629796361,0.19571428571428573,0.24571428571428572,0.0
PHASE 2,447,358400,356,1422.1465072745527,727.2503315104163,2175.947802951772,345.258003645834,354.43039979166724,90.3072629796361,0.19571428571428573,0.24571428571428572,0.0
PHASE 2,448,359200,356,1422.1465072745527,727.2503315104163,2175.947802951772,345.258003645834,354.43039979166724,90.3072629796361,0.19571428571428573,0.24571428571428572,0.0
PHASE 2,449,360000,360,1414.4931303730245,727.2503315104163,2175.947802951772,346.44726156250067,350.59991729166717,89.68074393986176,0.19571428571428573,0.24571428571428572,0.0
PHASE 2,450,360800,360,1414.4931303730245,727.2503315104163,2175.947802951772,346.44726156250067,350.5999172916673,89.68074393986176,0.19571428571428573,0.24571428571428572,0.0
PHASE 2,451,361600,360,1414.4931303730245,727.2503315104163,2175.947802951772,346.44726156250067,350.5999172916673,89.68074393986176,0.19571428571428573,0.24571428571428572,0.0
PHASE 2,452,362400,360,1414.4931303730245,727.2503315104163,2175.947802951772,346.44726156250067,350.5999172916673,89.68074393986176,0.19571428571428573,0.24571428571428572,0.0
PHASE 2,453,363200,360,1414.4931303730245,727.2503315104163,2175.947802951772,346.44726156250067,350.5999172916673,89.68074393986176,0.19571428571428573,0.24571428571428572,0.0
PHASE 2,454,364000,364,1434.03029722658,727.2503315104163,2175.947802951772,350.12785781250057,358.448262395834,90.68177212728565,0.19571428571428573,0.24571428571428572,0.0
PHASE 2,455,364800,364,1434.03029722658,727.2503315104163,2175.947802951772,350.12785781250057,358.44826239583386,90.68177212728565,0.19571428571428573,0.24571428571428572,0.0
PHASE 2,456,365600,364,1434.03029722658,727.2503315104163,2175.947802951772,350.12785781250057,358.44826239583386,90.68177212728565,0.19571428571428573,0.24571428571428572,0.0
PHASE 2,457,366400,364,1434.03029722658,727.2503315104163,2175.947802951772,350.12785781250057,358.44826239583386,90.68177212728565,0.19571428571428573,0.24571428571428572,0.0
PHASE 2,458,367200,364,1434.03029722658,727.2503315104163,2175.947802951772,350.12785781250057,358.44826239583386,90.68177212728565,0.19571428571428573,0.24571428571428572,0.0
PHASE 2,459,368000,368,1445.6390877598385,727.2503315104163,2175.947802951772,350.8411907291673,364.8568328125005,91.2426330272765,0.19571428571428573,0.24571428571428572,0.0
PHASE 2,460,368800,368,1445.6390877598385,727.2503315104163,2175.947802951772,350.8411907291673,364.8568328125005,91.2426330272765,0.19571428571428573,0.24571428571428572,0.0
PHASE 2,461,369600,368,1445.6390877598385,727.2503315104163,2175.947802951772,350.8411907291673,364.8568328125005,91.2426330272765,0.19571428571428573,0.24571428571428572,0.0
PHASE 2,462,370400,368,1445.6390877598385,727.2503315104163,2175.947802951772,350.8411907291673,364.8568328125005,91.2426330272765,0.19571428571428573,0.24571428571428572,0.0
PHASE 2,463,371200,368,1445.6390877598385,727.2503315104163,2175.947802951772,350.8411907291673,364.8568328125005,91.2426330272765,0.19571428571428573,0.24571428571428572,0.0
PHASE 2,464,372000,372,1454.109341836417,727.2503315104163,2175.947802951772,355.19155114583396,365.18151270833374,91.71703474778641,0.19571428571428573,0.24571428571428572,0.0
PHASE 2,465,372800,372,1454.109341836417,727.2503315104163,2175.947802951772,355.1915511458339,365.1815127083339,91.71703474778641,0.19571428571428573,0.24571428571428572,0.0
PHASE 2,466,373600,372,1454.109341836417,727.2503315104163,2175.947802951772,355.1915511458339,365.1815127083339,91.71703474778641,0.19571428571428573,0.24571428571428572,0.0
PHASE 2,467,374400,372,1454.109341836417,727.2503315104163,2175.947802951772,355.1915511458339,365.1815127083339,91.71703474778641,0.19571428571428573,0.24571428571428572,0.0
PHASE 2,468,375200,372,1454.109341836417,727.2503315104163,2175.947802951772,355.1915511458339,365.1815127083339,91.71703474778641,0.19571428571428573,0.24571428571428572,0.0
PHASE 2,469,376000,376,1449.7144046885555,727.2503315104163,2175.947802951772,355.2038186458339,362.86950729166716,91.45513484388712,0.19571428571428573,0.24571428571428572,0.0
PHASE 2,470,376800,376,1449.7144046885555,727.2503315104163,2175.947802951772,355.2038186458339,362.8695072916671,91.45513484388712,0.19571428571428573,0.24571428571428572,0.0
PHASE 2,471,377600,376,1449.7144046885555,727.2503315104163,2175.947802951772,355.2038186458339,362.8695072916671,91.45513484388712,0.19571428571428573,0.24571428571428572,0.0
PHASE 2,472,378400,376,1449.7144046885555,727.2503315104163,2175.947802951772,355.2038186458339,362.8695072916671,91.45513484388712,0.19571428571428573,0.24571428571428572,0.0
PHASE 2,473,379200,376,1449.7144046885555,727.2503315104163,2175.947802951772,355.2038186458339,362.8695072916671,91.45513484388712,0.19571428571428573,0.24571428571428572,0.0
PHASE 2,474,380000,380,1436.3823760133207,727.2503315104163,1993.144079119396,346.15943947916725,363.16678312500045,90.8820191761493,0.19571428571428573,0.24571428571428572,0.0
PHASE 2,475,380800,380,1436.3823760133207,727.2503315104163,1993.144079119396,346.15943947916725,363.1667831250005,90.8820191761493,0.19571428571428573,0.24571428571428572,0.0
PHASE 2,476,381600,380,1436.3823760133207,727.2503315104163,1993.144079119396,346.15943947916725,363.1667831250005,90.8820191761493,0.19571428571428573,0.24571428571428572,0.0
PHASE 2,477,382400,380,1436.3823760133207,727.2503315104163,1993.144079119396,346.15943947916725,363.1667831250005,90.8820191761493,0.19571428571428573,0.24571428571428572,0.0
PHASE 2,478,383200,380,1436.3823760133207,727.2503315104163,1993.144079119396,346.15943947916725,363.1667831250005,90.8820191761493,0.19571428571428573,0.24571428571428572,0.0
PHASE 2,479,384000,384,1445.6068033267295,727.2503315104163,1993.144079119396,348.8235457291672,366.07994354166715,91.33791425699219,0.19571428571428573,0.24571428571428572,0.0
PHASE 2,480,384800,384,1445.6068033267293,727.2503315104163,1993.144079119396,348.82354572916717,366.07994354166715,91.33791425699219,0.19571428571428573,0.24571428571428572,0.0
PHASE 2,481,385600,384,1445.6068033267293,727.2503315104163,1993.144079119396,348.82354572916717,366.07994354166715,91.33791425699219,0.19571428571428573,0.24571428571428572,0.0
PHASE 2,482,386400,384,1445.6068033267293,727.2503315104163,1993.144079119396,348.82354572916717,366.07994354166715,91.33791425699219,0.19571428571428573,0.24571428571428572,0.0
PHASE 2,483,387200,384,1445.6068033267293,727.2503315104163,1993.144079119396,348.82354572916717,366.07994354166715,91.33791425699219,0.19571428571428573,0.24571428571428572,0.0
PHASE 2,484,388000,388,1443.782059047613,727.2503315104163,1993.144079119396,346.83651906250054,367.4740756250004,91.18393304501927,0.19571428571428573,0.24571428571428572,0.0
PHASE 2,485,388800,388,1443.7820590476126,727.2503315104163,1993.144079119396,346.83651906250066,367.47407562500047,91.18393304501927,0.19571428571428573,0.24571428571428572,0.0
PHASE 2,486,389600,388,1443.7820590476126,727.2503315104163,1993.144079119396,346.83651906250066,367.47407562500047,91.18393304501927,0.19571428571428573,0.24571428571428572,0.0
PHASE 2,487,390400,388,1443.7820590476126,727.2503315104163,1993.144079119396,346.83651906250066,367.47407562500047,91.18393304501927,0.19571428571428573,0.24571428571428572,0.0
PHASE 2,488,391200,388,1443.7820590476126,727.2503315104163,1993.144079119396,346.83651906250066,367.47407562500047,91.18393304501927,0.19571428571428573,0.24571428571428572,0.0
PHASE 2,489,392000,392,1433.0335187707958,727.2503315104163,1993.144079119396,342.3651069791673,367.1828447916672,90.4356958750004,0.19571428571428573,0.24571428571428572,0.0
PHASE 2,490,392800,392,1433.0335187707958,727.2503315104163,1993.144079119396,342.3651069791673,367.1828447916672,90.43569587500042,0.19571428571428573,0.24571428571428572,0.0
PHASE 2,491,393600,392,1433.0335187707958,727.2503315104163,1993.144079119396,342.3651069791673,367.1828447916672,90.43569587500042,0.19571428571428573,0.24571428571428572,0.0
PHASE 2,492,394400,392,1433.0335187707958,727.2503315104163,1993.144079119396,342.3651069791673,367.1828447916672,90.43569587500042,0.19571428571428573,0.24571428571428572,0.0
PHASE 2,493,395200,392,1433.0335187707958,727.2503315104163,1993.144079119396,342.3651069791673,367.1828447916672,90.43569587500042,0.19571428571428573,0.24571428571428572,0.0
PHASE 2,494,396000,396,1436.690085858571,727.2503315104163,1993.144079119396,344.4389203125006,367.56932145833395,90.58523051097225,0.19571428571428573,0.24571428571428572,0.0
PHASE 2,495,396800,396,1436.6900858585705,727.2503315104163,1993.144079119396,344.4389203125006,367.5693214583339,90.58523051097221,0.19571428571428573,0.24571428571428572,0.0
PHASE 2,496,397600,396,1436.6900858585705,727.2503315104163,1993.144079119396,344.4389203125006,367.5693214583339,90.58523051097221,0.19571428571428573,0.24571428571428572,0.0
PHASE 2,497,398400,396,1436.6900858585705,727.2503315104163,1993.144079119396,344.4389203125006,367.5693214583339,90.58523051097221,0.19571428571428573,0.24571428571428572,0.0
PHASE 2,498,399200,396,1436.6900858585705,727.2503315104163,1993.144079119396,344.4389203125006,367.5693214583339,90.58523051097221,0.19571428571428573,0.24571428571428572,0.0
PHASE 2,499,400000,400,1419.6021537522208,727.2503315104163,1993.144079119396,342.982823333334,359.26332395833396,89.6695008075743,0.19571428571428573,0.24571428571428572,0.0
PHASE 2,500,400800,400,1419.6021537522208,727.2503315104163,1993.144079119396,342.982823333334,359.26332395833396,89.66950080757431,0.19571428571428573,0.24571428571428572,0.0
PHASE 2,501,401600,400,1419.6021537522208,727.2503315104163,1993.144079119396,342.982823333334,359.26332395833396,89.66950080757431,0.19571428571428573,0.24571428571428572,0.0
PHASE 2,502,402400,400,1419.6021537522208,727.2503315104163,1993.144079119396,342.982823333334,359.26332395833396,89.66950080757431,0.19571428571428573,0.24571428571428572,0.0
PHASE 2,503,403200,400,1419.6021537522208,727.2503315104163,1993.144079119396,342.982823333334,359.26332395833396,89.66950080757431,0.19571428571428573,0.24571428571428572,0.0
PHASE 2,504,404000,404,1421.4400215673804,727.2503315104163,1993.144079119396,344.5465612500006,359.28373562500065,89.70121558655275,0.19571428571428573,0.24571428571428572,0.0
PHASE 2,505,404800,404,1421.4400215673804,727.2503315104163,1993.144079119396,344.5465612500006,359.28373562500053,89.70121558655273,0.19571428571428573,0.24571428571428572,0.0
PHASE 2,506,405600,404,1421.4400215673804,727.2503315104163,1993.144079119396,344.5465612500006,359.28373562500053,89.70121558655273,0.19571428571428573,0.24571428571428572,0.0
PHASE 2,507,406400,404,1421.4400215673804,727.2503315104163,1993.144079119396,344.5465612500006,359.28373562500053,89.70121558655273,0.19571428571428573,0.24571428571428572,0.0
PHASE 2,508,407200,404,1421.4400215673804,727.2503315104163,1993.144079119396,344.5465612500006,359.28373562500053,89.70121558655273,0.19571428571428573,0.24571428571428572,0.0
PHASE 2,509,408000,408,1445.4626329904743,727.2503315104163,2055.6812219147405,352.2021309375006,366.6372327083339,90.8279086680855,0.19571428571428573,0.24571428571428572,0.0
PHASE 2,510,408800,408,1445.462632990474,727.2503315104163,2055.6812219147405,352.2021309375006,366.63723270833384,90.8279086680855,0.19571428571428573,0.24571428571428572,0.0
PHASE 2,511,409600,408,1445.462632990474,727.2503315104163,2055.6812219147405,352.2021309375006,366.63723270833384,90.8279086680855,0.19571428571428573,0.24571428571428572,0.0
PHASE 2,512,410400,408,1445.462632990474,727.2503315104163,2055.6812219147405,352.2021309375006,366.63723270833384,90.8279086680855,0.19571428571428573,0.24571428571428572,0.0
PHASE 2,513,411200,408,1445.462632990474,727.2503315104163,2055.6812219147405,352.2021309375006,366.63723270833384,90.8279086680855,0.19571428571428573,0.24571428571428572,0.0
PHASE 2,514,412000,412,1448.9978250869344,727.2503315104163,2055.6812219147405,355.682630520834,365.3919397916672,90.99040684680969,0.19571428571428573,0.24571428571428572,0.0
PHASE 2,515,412800,412,1448.9978250869344,727.2503315104163,2055.6812219147405,355.682630520834,365.3919397916673,90.9904068468097,0.19571428571428573,0.24571428571428572,0.0
PHASE 2,516,413600,412,1448.9978250869344,727.2503315104163,2055.6812219147405,355.682630520834,365.3919397916673,90.9904068468097,0.19571428571428573,0.24571428571428572,0.0
PHASE 2,517,414400,412,1448.9978250869344,727.2503315104163,2055.6812219147405,355.682630520834,365.3919397916673,90.9904068468097,0.19571428571428573,0.24571428571428572,0.0
PHASE 2,518,415200,412,1448.9978250869344,727.2503315104163,2055.6812219147405,355.682630520834,365.3919397916673,90.9904068468097,0.19571428571428573,0.24571428571428572,0.0
PHASE 2,519,416000,416,1452.0174312601382,727.2503315104163,2055.6812219147405,354.8912580208339,368.0010585416673,91.14063933721016,0.19571428571428573,0.24571428571428572,0.0
PHASE 2,520,416800,416,1452.0174312601378,727.2503315104163,2055.6812219147405,354.891258020834,368.0010585416673,91.14063933721016,0.19571428571428573,0.24571428571428572,0.0
PHASE 2,521,417600,416,1452.0174312601378,727.2503315104163,2055.6812219147405,354.891258020834,368.0010585416673,91.14063933721016,0.19571428571428573,0.24571428571428572,0.0
PHASE 2,522,418400,416,1452.0174312601378,727.2503315104163,2055.6812219147405,354.891258020834,368.0010585416673,91.14063933721016,0.19571428571428573,0.24571428571428572,0.0
PHASE 2,523,419200,416,1452.0174312601378,727.2503315104163,2055.6812219147405,354.891258020834,368.0010585416673,91.14063933721016,0.19571428571428573,0.24571428571428572,0.0
PHASE 2,524,420000,420,1459.294051909308,727.2503315104163,2055.6812219147405,357.2038476041674,368.87677437500054,91.65167874127341,0.19571428571428573,0.24571428571428572,0.0
PHASE 2,525,420800,420,1459.2940519093086,727.2503315104163,2055.6812219147405,357.20384760416727,368.8767743750006,91.65167874127341,0.19571428571428573,0.24571428571428572,0.0
PHASE 2,526,421600,420,1459.2940519093086,727.2503315104163,2055.6812219147405,357.20384760416727,368.8767743750006,91.65167874127341,0.19571428571428573,0.24571428571428572,0.0
PHASE 2,527,422400,420,1459.2940519093086,727.2503315104163,2055.6812219147405,357.20384760416727,368.8767743750006,91.65167874127341,0.19571428571428573,0.24571428571428572,0.0
PHASE 2,528,423200,420,1459.2940519093086,727.2503315104163,2055.6812219147405,357.20384760416727,368.8767743750006,91.65167874127341,0.19571428571428573,0.24571428571428572,0.0
PHASE 2,529,424000,424,1478.9548831524664,727.2503315104163,2055.6812219147405,362.4048088541672,375.8802497916672,92.58372806333507,0.19571428571428573,0.24571428571428572,0.0
PHASE 2,530,424800,424,1478.9548831524664,727.2503315104163,2055.6812219147405,362.4048088541673,375.88024979166715,92.58372806333509,0.19571428571428573,0.24571428571428572,0.0
PHASE 2,531,425600,424,1478.9548831524664,727.2503315104163,2055.6812219147405,362.4048088541673,375.88024979166715,92.58372806333509,0.19571428571428573,0.24571428571428572,0.0
PHASE 2,532,426400,424,1478.9548831524664,727.2503315104163,2055.6812219147405,362.4048088541673,375.88024979166715,92.58372806333509,0.19571428571428573,0.24571428571428572,0.0
PHASE 2,533,427200,424,1478.9548831524664,727.2503315104163,2055.6812219147405,362.4048088541673,375.88024979166715,92.58372806333509,0.19571428571428573,0.24571428571428572,0.0
PHASE 2,534,428000,428,1484.1179962954973,727.2503315104163,2055.6812219147405,364.5649171875006,376.6335760416672,92.86493788329736,0.19571428571428573,0.24571428571428572,0.0
PHASE 2,535,428800,428,1484.1179962954973,727.2503315104163,2055.6812219147405,364.56491718750055,376.63357604166725,92.86493788329736,0.19571428571428573,0.24571428571428572,0.0
PHASE 2,536,429600,428,1484.1179962954973,727.2503315104163,2055.6812219147405,364.56491718750055,376.63357604166725,92.86493788329736,0.19571428571428573,0.24571428571428572,0.0
PHASE 2,537,430400,428,1484.1179962954973,727.2503315104163,2055.6812219147405,364.56491718750055,376.63357604166725,92.86493788329736,0.19571428571428573,0.24571428571428572,0.0
PHASE 2,538,431200,428,1484.1179962954973,727.2503315104163,2055.6812219147405,364.56491718750055,376.63357604166725,92.86493788329736,0.19571428571428573,0.24571428571428572,0.0
PHASE 2,539,432000,432,1483.9960957950232,727.2503315104163,2055.6812219147405,363.90842760416723,376.76137437500057,92.91578672698816,0.19571428571428573,0.24571428571428572,0.0
PHASE 2,540,432800,432,1483.996095795023,727.2503315104163,2055.6812219147405,363.90842760416723,376.7613743750005,92.91578672698816,0.19571428571428573,0.24571428571428572,0.0
PHASE 2,541,433600,432,1483.996095795023,727.2503315104163,2055.6812219147405,363.90842760416723,376.7613743750005,92.91578672698816,0.19571428571428573,0.24571428571428572,0.0
PHASE 2,542,434400,432,1483.996095795023,727.2503315104163,2055.6812219147405,363.90842760416723,376.7613743750005,92.91578672698816,0.19571428571428573,0.24571428571428572,0.0
PHASE 2,543,435200,432,1483.996095795023,727.2503315104163,2055.6812219147405,363.90842760416723,376.7613743750005,92.91578672698816,0.19571428571428573,0.24571428571428572,0.0
PHASE 2,544,436000,436,1486.2497778131853,727.2503315104163,2055.6812219147405,362.77424135416715,377.4620922916672,93.25168052092515,0.19571428571428573,0.24571428571428572,0.0
PHASE 2,545,436800,436,1486.2497778131856,727.2503315104163,2055.6812219147405,362.77424135416726,377.4620922916672,93.25168052092515,0.19571428571428573,0.24571428571428572,0.0
PHASE 2,546,437600,436,1486.2497778131856,727.2503315104163,2055.6812219147405,362.77424135416726,377.4620922916672,93.25168052092515,0.19571428571428573,0.24571428571428572,0.0
PHASE 2,547,438400,436,1486.2497778131856,727.2503315104163,2055.6812219147405,362.77424135416726,377.4620922916672,93.25168052092515,0.19571428571428573,0.24571428571428572,0.0
PHASE 2,548,439200,436,1486.2497778131856,727.2503315104163,2055.6812219147405,362.77424135416726,377.4620922916672,93.25168052092515,0.19571428571428573,0.24571428571428572,0.0
PHASE 2,549,440000,440,1498.057531270235,788.4337390853676,2103.9400129888654,365.15507927083394,381.6181210416673,93.91054136972318,0.19571428571428573,0.24571428571428572,0.0
PHASE 2,550,440800,440,1498.0575312702351,788.4337390853676,2103.9400129888654,365.15507927083394,381.61812104166717,93.91054136972316,0.19571428571428573,0.24571428571428572,0.0
PHASE 2,551,441600,440,1498.0575312702351,788.4337390853676,2103.9400129888654,365.15507927083394,381.61812104166717,93.91054136972316,0.19571428571428573,0.24571428571428572,0.0
PHASE 2,552,442400,440,1498.0575312702351,788.4337390853676,2103.9400129888654,365.15507927083394,381.61812104166717,93.91054136972316,0.19571428571428573,0.24571428571428572,0.0
PHASE 2,553,443200,440,1498.0575312702351,788.4337390853676,2103.9400129888654,365.15507927083394,381.61812104166717,93.91054136972316,0.19571428571428573,0.24571428571428572,0.0
PHASE 2,554,444000,444,1512.9946412506092,834.6983704774625,2103.9400129888654,365.32979552083395,388.68947791666716,94.87192097664516,0.19571428571428573,0.24571428571428572,0.0
PHASE 2,555,444800,444,1512.9946412506092,834.6983704774625,2103.9400129888654,365.32979552083384,388.6894779166671,94.87192097664516,0.19571428571428573,0.24571428571428572,0.0
PHASE 2,556,445600,444,1512.9946412506092,834.6983704774625,2103.9400129888654,365.32979552083384,388.6894779166671,94.87192097664516,0.19571428571428573,0.24571428571428572,0.0
PHASE 2,557,446400,444,1512.9946412506092,834.6983704774625,2103.9400129888654,365.32979552083384,388.6894779166671,94.87192097664516,0.19571428571428573,0.24571428571428572,0.0
PHASE 2,558,447200,444,1512.9946412506092,834.6983704774625,2103.9400129888654,365.32979552083384,388.6894779166671,94.87192097664516,0.19571428571428573,0.24571428571428572,0.0
PHASE 2,559,448000,448,1529.509405919649,834.6983704774625,2103.9400129888654,370.6102630208339,391.73102583333383,95.89601463319215,0.19571428571428573,0.24571428571428572,0.0
PHASE 2,560,448800,448,1529.5094059196488,834.6983704774625,2103.9400129888654,370.6102630208339,391.7310258333338,95.89601463319217,0.19571428571428573,0.24571428571428572,0.0
PHASE 2,561,449600,448,1529.5094059196488,834.6983704774625,2103.9400129888654,370.6102630208339,391.7310258333338,95.89601463319217,0.19571428571428573,0.24571428571428572,0.0
PHASE 2,562,450400,448,1529.5094059196488,834.6983704774625,2103.9400129888654,370.6102630208339,391.7310258333338,95.89601463319217,0.19571428571428573,0.24571428571428572,0.0
PHASE 2,563,451200,448,1529.5094059196488,834.6983704774625,2103.9400129888654,370.6102630208339,391.7310258333338,95.89601463319217,0.19571428571428573,0.24571428571428572,0.0
PHASE 2,564,452000,452,1531.8904726751227,834.6983704774625,2103.9400129888654,372.3615121875006,391.4637272916671,96.00815414950162,0.19571428571428573,0.24571428571428572,0.0
PHASE 2,565,452800,452,1531.890472675123,834.6983704774625,2103.9400129888654,372.3615121875006,391.46372729166717,96.0081541495016,0.19571428571428573,0.24571428571428572,0.0
PHASE 2,566,453600,452,1531.890472675123,834.6983704774625,2103.9400129888654,372.3615121875006,391.46372729166717,96.0081541495016,0.19571428571428573,0.24571428571428572,0.0
PHASE 2,567,454400,452,1531.890472675123,834.6983704774625,2103.9400129888654,372.3615121875006,391.46372729166717,96.0081541495016,0.19571428571428573,0.24571428571428572,0.0
PHASE 2,568,455200,452,1531.890472675123,834.6983704774625,2103.9400129888654,372.3615121875006,391.46372729166717,96.0081541495016,0.19571428571428573,0.24571428571428572,0.0
PHASE 2,569,456000,456,1526.4245984384966,644.0633762488826,2103.9400129888654,368.7670617708339,391.6975915625005,95.74499313815248,0.19571428571428573,0.24571428571428572,0.0
PHASE 2,570,456800,456,1526.4245984384959,644.0633762488826,2103.9400129888654,368.76706177083395,391.6975915625006,95.7449931381525,0.19571428571428573,0.24571428571428572,0.0
PHASE 2,571,457600,456,1526.4245984384959,644.0633762488826,2103.9400129888654,368.76706177083395,391.6975915625006,95.7449931381525,0.19571428571428573,0.24571428571428572,0.0
PHASE 2,572,458400,456,1526.4245984384959,644.0633762488826,2103.9400129888654,368.76706177083395,391.6975915625006,95.7449931381525,0.19571428571428573,0.24571428571428572,0.0
PHASE 2,573,459200,456,1526.4245984384959,644.0633762488826,2103.9400129888654,368.76706177083395,391.6975915625006,95.7449931381525,0.19571428571428573,0.24571428571428572,0.0
PHASE 2,574,460000,460,1528.1944067211255,644.0633762488826,2103.9400129888654,365.76027010416726,395.33147739583393,95.88783240264794,0.19571428571428573,0.24571428571428572,0.0
PHASE 2,575,460800,460,1528.1944067211257,644.0633762488826,2103.9400129888654,365.7602701041674,395.3314773958339,95.88783240264794,0.19571428571428573,0.24571428571428572,0.0
PHASE 2,576,461600,460,1528.1944067211257,644.0633762488826,2103.9400129888654,365.7602701041674,395.3314773958339,95.88783240264794,0.19571428571428573,0.24571428571428572,0.0
PHASE 2,577,462400,460,1528.1944067211257,644.0633762488826,2103.9400129888654,365.7602701041674,395.3314773958339,95.88783240264794,0.19571428571428573,0.24571428571428572,0.0
PHASE 2,578,463200,460,1528.1944067211257,644.0633762488826,2103.9400129888654,365.7602701041674,395.3314773958339,95.88783240264794,0.19571428571428573,0.24571428571428572,0.0
PHASE 2,579,464000,464,1524.6005309187278,644.0633762488826,2103.9400129888654,365.823219270834,392.78099364583386,95.74953975026472,0.19571428571428573,0.24571428571428572,0.0
PHASE 2,580,464800,464,1524.6005309187278,644.0633762488826,2103.9400129888654,365.82321927083393,392.7809936458338,95.74953975026472,0.19571428571428573,0.24571428571428572,0.0
PHASE 2,581,465600,464,1524.6005309187278,644.0633762488826,2103.9400129888654,365.82321927083393,392.7809936458338,95.74953975026472,0.19571428571428573,0.24571428571428572,0.0
PHASE 2,582,466400,464,1524.6005309187278,644.0633762488826,2103.9400129888654,365.82321927083393,392.7809936458338,95.74953975026472,0.19571428571428573,0.24571428571428572,0.0
PHASE 2,583,467200,464,1524.6005309187278,644.0633762488826,2103.9400129888654,365.82321927083393,392.7809936458338,95.74953975026472,0.19571428571428573,0.24571428571428572,0.0
PHASE 2,584,468000,468,1517.7919528590814,644.0633762488826,2103.9400129888654,362.2386946875007,390.5720719791672,95.6226482740589,0.19571428571428573,0.24571428571428572,0.0
PHASE 2,585,468800,468,1517.791952859082,644.0633762488826,2103.9400129888654,362.2386946875006,390.5720719791671,95.6226482740589,0.19571428571428573,0.24571428571428572,0.0
PHASE 2,586,469600,468,1517.791952859082,644.0633762488826,2103.9400129888654,362.2386946875006,390.5720719791671,95.6226482740589,0.19571428571428573,0.24571428571428572,0.0
PHASE 2,587,470400,468,1517.791952859082,644.0633762488826,2103.9400129888654,362.2386946875006,390.5720719791671,95.6226482740589,0.19571428571428573,0.24571428571428572,0.0
PHASE 2,588,471200,468,1517.791952859082,644.0633762488826,2103.9400129888654,362.2386946875006,390.5720719791671,95.6226482740589,0.19571428571428573,0.24571428571428572,0.0
PHASE 2,589,472000,472,1532.110653443896,644.0633762488826,2103.9400129888654,366.5716572916673,394.7906916666671,96.34353806070253,0.19571428571428573,0.24571428571428572,0.0
PHASE 2,590,472800,472,1532.110653443896,644.0633762488826,2103.9400129888654,366.5716572916673,394.7906916666672,96.34353806070253,0.19571428571428573,0.24571428571428572,0.0
PHASE 2,591,473600,472,1532.110653443896,644.0633762488826,2103.9400129888654,366.5716572916673,394.7906916666672,96.34353806070253,0.19571428571428573,0.24571428571428572,0.0
PHASE 2,592,474400,472,1532.110653443896,644.0633762488826,2103.9400129888654,366.5716572916673,394.7906916666672,96.34353806070253,0.19571428571428573,0.24571428571428572,0.0
PHASE 2,593,475200,472,1532.110653443896,644.0633762488826,2103.9400129888654,366.5716572916673,394.7906916666672,96.34353806070253,0.19571428571428573,0.24571428571428572,0.0
PHASE 2,594,476000,476,1538.3690824168882,644.0633762488826,2103.9400129888654,369.53461895833397,395.60553958333384,96.6536154844098,0.19571428571428573,0.24571428571428572,0.0
PHASE 2,595,476800,476,1538.369082416888,644.0633762488826,2103.9400129888654,369.53461895833397,395.6055395833339,96.6536154844098,0.19571428571428573,0.24571428571428572,0.0
PHASE 2,596,477600,476,1538.369082416888,644.0633762488826,2103.9400129888654,369.53461895833397,395.6055395833339,96.6536154844098,0.19571428571428573,0.24571428571428572,0.0
PHASE 2,597,478400,476,1538.369082416888,644.0633762488826,2103.9400129888654,369.53461895833397,395.6055395833339,96.6536154844098,0.19571428571428573,0.24571428571428572,0.0
PHASE 2,598,479200,476,1538.369082416888,644.0633762488826,2103.9400129888654,369.53461895833397,395.6055395833339,96.6536154844098,0.19571428571428573,0.24571428571428572,0.0
PHASE 2,599,480000,480,1547.6237916491216,644.0633762488826,2103.9400129888654,376.2131572916673,394.26070666666715,97.14374096135583,0.19571428571428573,0.24571428571428572,0.0
PHASE 2,600,480800,480,1547.6237916491216,644.0633762488826,2103.9400129888654,376.21315729166724,394.26070666666715,97.14374096135582,0.19571428571428573,0.24571428571428572,0.0
PHASE 2,601,481600,480,1547.6237916491216,644.0633762488826,2103.9400129888654,376.21315729166724,394.26070666666715,97.14374096135582,0.19571428571428573,0.24571428571428572,0.0
PHASE 2,602,482400,480,1547.6237916491216,644.0633762488826,2103.9400129888654,376.21315729166724,394.26070666666715,97.14374096135582,0.19571428571428573,0.24571428571428572,0.0
PHASE 2,603,483200,480,1547.6237916491216,644.0633762488826,2103.9400129888654,376.21315729166724,394.26070666666715,97.14374096135582,0.19571428571428573,0.24571428571428572,0.0
PHASE 2,604,484000,484,1545.6434595152691,644.0633762488826,2103.9400129888654,379.17045562500056,389.94614541666715,97.0658573092075,0.19571428571428573,0.24571428571428572,0.0
PHASE 2,605,484800,484,1545.6434595152696,644.0633762488826,2103.9400129888654,379.1704556250006,389.9461454166672,97.0658573092075,0.19571428571428573,0.24571428571428572,0.0
PHASE 2,606,485600,484,1545.6434595152696,644.0633762488826,2103.9400129888654,379.1704556250006,389.9461454166672,97.0658573092075,0.19571428571428573,0.24571428571428572,0.0
PHASE 2,607,486400,484,1545.6434595152696,644.0633762488826,2103.9400129888654,379.1704556250006,389.9461454166672,97.0658573092075,0.19571428571428573,0.24571428571428572,0.0
PHASE 2,608,487200,484,1545.6434595152696,644.0633762488826,2103.9400129888654,379.1704556250006,389.9461454166672,97.0658573092075,0.19571428571428573,0.24571428571428572,0.0
PHASE 2,609,488000,488,1540.290395584664,644.0633762488826,2103.9400129888654,378.969746458334,387.4818137500006,96.72985442204839,0.19571428571428573,0.24571428571428572,0.0
PHASE 2,610,488800,488,1540.2903955846639,644.0633762488826,2103.9400129888654,378.96974645833404,387.4818137500004,96.72985442204839,0.19571428571428573,0.24571428571428572,0.0
PHASE 2,611,489600,488,1540.2903955846639,644.0633762488826,2103.9400129888654,378.96974645833404,387.4818137500004,96.72985442204839,0.19571428571428573,0.24571428571428572,0.0
PHASE 2,612,490400,488,1540.2903955846639,644.0633762488826,2103.9400129888654,378.96974645833404,387.4818137500004,96.72985442204839,0.19571428571428573,0.24571428571428572,0.0
PHASE 2,613,491200,488,1540.2903955846639,644.0633762488826,2103.9400129888654,378.96974645833404,387.4818137500004,96.72985442204839,0.19571428571428573,0.24571428571428572,0.0
PHASE 2,614,492000,492,1541.626994351998,644.0633762488826,2103.9400129888654,380.67647145833405,386.30104520833373,96.83118471067365,0.19571428571428573,0.24571428571428572,0.0
PHASE 2,615,492800,492,1541.6269943519987,644.0633762488826,2103.9400129888654,380.67647145833394,386.3010452083339,96.83118471067364,0.19571428571428573,0.24571428571428572,0.0
PHASE 2,616,493600,492,1541.6269943519987,644.0633762488826,2103.9400129888654,380.67647145833394,386.3010452083339,96.83118471067364,0.19571428571428573,0.24571428571428572,0.0
PHASE 2,617,494400,492,1541.6269943519987,644.0633762488826,2103.9400129888654,380.67647145833394,386.3010452083339,96.83118471067364,0.19571428571428573,0.24571428571428572,0.0
PHASE 2,618,495200,492,1541.6269943519987,644.0633762488826,2103.9400129888654,380.67647145833394,386.3010452083339,96.83118471067364,0.19571428571428573,0.24571428571428572,0.0
PHASE 2,619,496000,496,1551.6601930277309,644.0633762488826,2103.9400129888654,384.4548468750006,387.15123104166724,97.5067643888902,0.19571428571428573,0.24571428571428572,0.0
PHASE 2,620,496800,496,1551.6601930277309,644.0633762488826,2103.9400129888654,384.4548468750006,387.1512310416672,97.5067643888902,0.19571428571428573,0.24571428571428572,0.0
PHASE 2,621,497600,496,1551.6601930277309,644.0633762488826,2103.9400129888654,384.4548468750006,387.1512310416672,97.5067643888902,0.19571428571428573,0.24571428571428572,0.0
PHASE 2,622,498400,496,1551.6601930277309,644.0633762488826,2103.9400129888654,384.4548468750006,387.1512310416672,97.5067643888902,0.19571428571428573,0.24571428571428572,0.0
PHASE 2,623,499200,496,1551.6601930277309,644.0633762488826,2103.9400129888654,384.4548468750006,387.1512310416672,97.5067643888902,0.19571428571428573,0.24571428571428572,0.0
PHASE 2,624,500000,500,1577.9896979305768,644.0633762488826,2103.9400129888654,390.9198834375005,395.90330770833384,98.89581334810028,0.19571428571428573,0.24571428571428572,0.0
PHASE 2,625,500800,500,1577.9896979305774,644.0633762488826,2103.9400129888654,390.91988343750046,395.9033077083339,98.89581334810028,0.19571428571428573,0.24571428571428572,0.0
PHASE 2,626,501600,500,1577.9896979305774,644.0633762488826,2103.9400129888654,390.91988343750046,395.9033077083339,98.89581334810028,0.19571428571428573,0.24571428571428572,0.0
PHASE 2,627,502400,500,1577.9896979305774,644.0633762488826,2103.9400129888654,390.91988343750046,395.9033077083339,98.89581334810028,0.19571428571428573,0.24571428571428572,0.0
PHASE 2,628,503200,500,1577.9896979305774,644.0633762488826,2103.9400129888654,390.91988343750046,395.9033077083339,98.89581334810028,0.19571428571428573,0.24571428571428572,0.0
PHASE 2,629,504000,504,1579.5878885850098,644.0633762488826,2103.9400129888654,387.97839177083387,399.1869727083338,99.05281551323762,0.19571428571428573,0.24571428571428572,0.0
PHASE 2,630,504800,504,1579.5878885850095,644.0633762488826,2103.9400129888654,387.9783917708339,399.18697270833394,99.05281551323762,0.19571428571428573,0.24571428571428572,0.0
PHASE 2,631,505600,504,1579.5878885850095,644.0633762488826,2103.9400129888654,387.9783917708339,399.18697270833394,99.05281551323762,0.19571428571428573,0.24571428571428572,0.0
PHASE 2,632,506400,504,1579.5878885850095,644.0633762488826,2103.9400129888654,387.9783917708339,399.18697270833394,99.05281551323762,0.19571428571428573,0.24571428571428572,0.0
PHASE 2,633,507200,504,1579.5878885850095,644.0633762488826,2103.9400129888654,387.9783917708339,399.18697270833394,99.05281551323762,0.19571428571428573,0.24571428571428572,0.0
PHASE 2,634,508000,508,1569.334522062897,644.0633762488826,2103.9400129888654,385.2451196875006,395.1740614583339,98.61441761464022,0.19571428571428573,0.24571428571428572,0.0
PHASE 2,635,508800,508,1569.334522062897,644.0633762488826,2103.9400129888654,385.24511968750056,395.1740614583339,98.61441761464022,0.19571428571428573,0.24571428571428572,0.0
PHASE 2,636,509600,508,1569.334522062897,644.0633762488826,2103.9400129888654,385.24511968750056,395.1740614583339,98.61441761464022,0.19571428571428573,0.24571428571428572,0.0
PHASE 2,637,510400,508,1569.334522062897,644.0633762488826,2103.9400129888654,385.24511968750056,395.1740614583339,98.61441761464022,0.19571428571428573,0.24571428571428572,0.0
PHASE 2,638,511200,508,1569.334522062897,644.0633762488826,2103.9400129888654,385.24511968750056,395.1740614583339,98.61441761464022,0.19571428571428573,0.24571428571428572,0.0
PHASE 2,639,512000,512,1574.2863049557886,644.0633762488826,2103.9400129888654,382.14613885416725,399.76395770833386,99.04702604916837,0.19571428571428573,0.24571428571428572,0.0
PHASE 2,640,512800,512,1574.2863049557884,644.0633762488826,2103.9400129888654,382.1461388541673,399.76395770833386,99.04702604916837,0.19571428571428573,0.24571428571428572,0.0
PHASE 2,641,513600,512,1574.2863049557884,644.0633762488826,2103.9400129888654,382.1461388541673,399.76395770833386,99.04702604916837,0.19571428571428573,0.24571428571428572,0.0
PHASE 2,642,514400,512,1574.2863049557884,644.0633762488826,2103.9400129888654,382.1461388541673,399.76395770833386,99.04702604916837,0.19571428571428573,0.24571428571428572,0.0
PHASE 2,643,515200,512,1574.2863049557884,644.0633762488826,2103.9400129888654,382.1461388541673,399.76395770833386,99.04702604916837,0.19571428571428573,0.24571428571428572,0.0
PHASE 2,644,516000,516,1578.3092802586564,644.0633762488826,2103.9400129888654,383.95069291666726,399.67298312500054,99.33570052713107,0.19571428571428573,0.24571428571428572,0.0
PHASE 2,645,516800,516,1578.3092802586566,644.0633762488826,2103.9400129888654,383.95069291666726,399.6729831250006,99.33570052713105,0.19571428571428573,0.24571428571428572,0.0
PHASE 2,646,517600,516,1578.3092802586566,644.0633762488826,2103.9400129888654,383.95069291666726,399.6729831250006,99.33570052713105,0.19571428571428573,0.24571428571428572,0.0
PHASE 2,647,518400,516,1578.3092802586566,644.0633762488826,2103.9400129888654,383.95069291666726,399.6729831250006,99.33570052713105,0.19571428571428573,0.24571428571428572,0.0
PHASE 2,648,519200,516,1578.3092802586566,644.0633762488826,2103.9400129888654,383.95069291666726,399.6729831250006,99.33570052713105,0.19571428571428573,0.24571428571428572,0.0
PHASE 2,649,520000,520,1577.2214872672057,644.0633762488826,2103.9400129888654,378.47191739583394,403.95397645833395,99.34944917663707,0.19571428571428573,0.24571428571428572,0.0
PHASE 2,650,520800,520,1577.221487267206,644.0633762488826,2103.9400129888654,378.47191739583394,403.9539764583338,99.34944917663707,0.19571428571428573,0.24571428571428572,0.0
PHASE 2,651,521600,520,1577.221487267206,644.0633762488826,2103.9400129888654,378.47191739583394,403.9539764583338,99.34944917663707,0.19571428571428573,0.24571428571428572,0.0
PHASE 2,652,522400,520,1577.221487267206,644.0633762488826,2103.9400129888654,378.47191739583394,403.9539764583338,99.34944917663707,0.19571428571428573,0.24571428571428572,0.0
PHASE 2,653,523200,520,1577.221487267206,644.0633762488826,2103.9400129888654,378.47191739583394,403.9539764583338,99.34944917663707,0.19571428571428573,0.24571428571428572,0.0
PHASE 2,654,524000,524,1567.063375389388,644.0633762488826,2103.9400129888654,379.86081281250057,396.2506402083338,98.86899029607633,0.19571428571428573,0.24571428571428572,0.0
PHASE 2,655,524800,524,1567.063375389388,644.0633762488826,2103.9400129888654,379.8608128125005,396.25064020833383,98.86899029607633,0.19571428571428573,0.24571428571428572,0.0
PHASE 2,656,525600,524,1567.063375389388,644.0633762488826,2103.9400129888654,379.8608128125005,396.25064020833383,98.86899029607633,0.19571428571428573,0.24571428571428572,0.0
PHASE 2,657,526400,524,1567.063375389388,644.0633762488826,2103.9400129888654,379.8608128125005,396.25064020833383,98.86899029607633,0.19571428571428573,0.24571428571428572,0.0
PHASE 2,658,527200,524,1567.063375389388,644.0633762488826,2103.9400129888654,379.8608128125005,396.25064020833383,98.86899029607633,0.19571428571428573,0.24571428571428572,0.0
PHASE 2,659,528000,528,1580.8087315483717,644.0633762488826,2103.9400129888654,382.96229031250056,401.1916806250005,99.58184507636594,0.19571428571428573,0.24571428571428572,0.0
PHASE 2,660,528800,528,1580.8087315483717,644.0633762488826,2103.9400129888654,382.9622903125006,401.1916806250005,99.58184507636592,0.19571428571428573,0.24571428571428572,0.0
PHASE 2,661,529600,528,1580.8087315483717,644.0633762488826,2103.9400129888654,382.9622903125006,401.1916806250005,99.58184507636592,0.19571428571428573,0.24571428571428572,0.0
PHASE 2,662,530400,528,1580.8087315483717,644.0633762488826,2103.9400129888654,382.9622903125006,401.1916806250005,99.58184507636592,0.19571428571428573,0.24571428571428572,0.0
PHASE 2,663,531200,528,1580.8087315483717,644.0633762488826,2103.9400129888654,382.9622903125006,401.1916806250005,99.58184507636592,0.19571428571428573,0.24571428571428572,0.0
PHASE 2,664,532000,532,1586.866885644392,644.0633762488826,2103.9400129888654,384.8599444791673,402.42425437500054,99.94783584878508,0.19571428571428573,0.24571428571428572,0.0
PHASE 2,665,532800,532,1586.866885644392,644.0633762488826,2103.9400129888654,384.85994447916727,402.42425437500043,99.94783584878508,0.19571428571428573,0.24571428571428572,0.0
PHASE 2,666,533600,532,1586.866885644392,644.0633762488826,2103.9400129888654,384.85994447916727,402.42425437500043,99.94783584878508,0.19571428571428573,0.24571428571428572,0.0
PHASE 2,667,534400,532,1586.866885644392,644.0633762488826,2103.9400129888654,384.85994447916727,402.42425437500043,99.94783584878508,0.19571428571428573,0.24571428571428572,0.0
PHASE 2,668,535200,532,1586.866885644392,644.0633762488826,2103.9400129888654,384.85994447916727,402.42425437500043,99.94783584878508,0.19571428571428573,0.24571428571428572,0.0
PHASE 2,669,536000,536,1601.078797456132,644.0633762488826,2103.9400129888654,390.7524853125006,405.3112681250005,100.62688050233606,0.19571428571428573,0.24571428571428572,0.0
PHASE 2,670,536800,536,1601.0787974561324,644.0633762488826,2103.9400129888654,390.7524853125006,405.3112681250005,100.62688050233605,0.19571428571428573,0.24571428571428572,0.0
PHASE 2,671,537600,536,1601.0787974561324,644.0633762488826,2103.9400129888654,390.7524853125006,405.3112681250005,100.62688050233605,0.19571428571428573,0.24571428571428572,0.0
PHASE 2,672,538400,536,1601.0787974561324,644.0633762488826,2103.9400129888654,390.7524853125006,405.3112681250005,100.62688050233605,0.19571428571428573,0.24571428571428572,0.0
PHASE 2,673,539200,536,1601.0787974561324,644.0633762488826,2103.9400129888654,390.7524853125006,405.3112681250005,100.62688050233605,0.19571428571428573,0.24571428571428572,0.0
PHASE 2,674,540000,540,1602.2316140161774,644.0633762488826,2053.97929181156,389.732144895834,405.88487937500054,100.82682371817485,0.19571428571428573,0.24571428571428572,0.0
PHASE 2,675,540800,540,1602.2316140161772,644.0633762488826,2053.97929181156,389.732144895834,405.8848793750006,100.82682371817485,0.19571428571428573,0.24571428571428572,0.0
PHASE 2,676,541600,540,1602.2316140161772,644.0633762488826,2053.97929181156,389.732144895834,405.8848793750006,100.82682371817485,0.19571428571428573,0.24571428571428572,0.0
PHASE 2,677,542400,540,1602.2316140161772,644.0633762488826,2053.97929181156,389.732144895834,405.8848793750006,100.82682371817485,0.19571428571428573,0.24571428571428572,0.0
PHASE 2,678,543200,540,1602.2316140161772,644.0633762488826,2053.97929181156,389.732144895834,405.8848793750006,100.82682371817485,0.19571428571428573,0.24571428571428572,0.0
PHASE 2,679,544000,544,1601.7707702571054,644.0633762488826,2053.97929181156,389.41423666666725,405.90437104166733,100.8065203186033,0.19571428571428573,0.24571428571428572,0.0
PHASE 2,680,544800,544,1601.7707702571054,644.0633762488826,2053.97929181156,389.41423666666725,405.90437104166716,100.80652031860329,0.19571428571428573,0.24571428571428572,0.0
PHASE 2,681,545600,544,1601.7707702571054,644.0633762488826,2053.97929181156,389.41423666666725,405.90437104166716,100.80652031860329,0.19571428571428573,0.24571428571428572,0.0
PHASE 2,682,546400,544,1601.7707702571054,644.0633762488826,2053.97929181156,389.41423666666725,405.90437104166716,100.80652031860329,0.19571428571428573,0.24571428571428572,0.0
PHASE 2,683,547200,544,1601.7707702571054,644.0633762488826,2053.97929181156,389.41423666666725,405.90437104166716,100.80652031860329,0.19571428571428573,0.24571428571428572,0.0
PHASE 2,684,548000,548,1601.9398592971122,644.0633762488826,2053.97929181156,390.5859995833339,405.1282222916671,100.7782046777706,0.19571428571428573,0.24571428571428572,0.0
PHASE 2,685,548800,548,1601.9398592971122,644.0633762488826,2053.97929181156,390.5859995833339,405.1282222916672,100.77820467777063,0.19571428571428573,0.24571428571428572,0.0
PHASE 2,686,549600,548,1601.9398592971122,644.0633762488826,2053.97929181156,390.5859995833339,405.1282222916672,100.77820467777063,0.19571428571428573,0.24571428571428572,0.0
PHASE 2,687,550400,548,1601.9398592971122,644.0633762488826,2053.97929181156,390.5859995833339,405.1282222916672,100.77820467777063,0.19571428571428573,0.24571428571428572,0.0
PHASE 2,688,551200,548,1601.9398592971122,644.0633762488826,2053.97929181156,390.5859995833339,405.1282222916672,100.77820467777063,0.19571428571428573,0.24571428571428572,0.0
PHASE 2,689,552000,552,1601.5454155377731,644.0633762488826,2053.97929181156,388.25312958333393,406.60490145833387,100.83592306201996,0.19571428571428573,0.24571428571428572,0.0
PHASE 2,690,552800,552,1601.5454155377736,644.0633762488826,2053.97929181156,388.25312958333393,406.60490145833387,100.83592306201994,0.19571428571428573,0.24571428571428572,0.0
PHASE 2,691,553600,552,1601.5454155377736,644.0633762488826,2053.97929181156,388.25312958333393,406.60490145833387,100.83592306201994,0.19571428571428573,0.24571428571428572,0.0
PHASE 2,692,554400,552,1601.5454155377736,644.0633762488826,2053.97929181156,388.25312958333393,406.60490145833387,100.83592306201994,0.19571428571428573,0.24571428571428572,0.0
PHASE 2,693,555200,552,1601.5454155377736,644.0633762488826,2053.97929181156,388.25312958333393,406.60490145833387,100.83592306201994,0.19571428571428573,0.24571428571428572,0.0
PHASE 2,694,556000,556,1629.386015635151,682.5909669763159,2053.97929181156,396.1352733333339,414.11247197916714,102.39228379033818,0.19571428571428573,0.24571428571428572,0.0
PHASE 2,695,556800,556,1629.386015635151,682.5909669763159,2053.97929181156,396.1352733333338,414.1124719791671,102.39228379033821,0.19571428571428573,0.24571428571428572,0.0
PHASE 2,696,557600,556,1629.386015635151,682.5909669763159,2053.97929181156,396.1352733333338,414.1124719791671,102.39228379033821,0.19571428571428573,0.24571428571428572,0.0
PHASE 2,697,558400,556,1629.386015635151,682.5909669763159,2053.97929181156,396.1352733333338,414.1124719791671,102.39228379033821,0.19571428571428573,0.24571428571428572,0.0
PHASE 2,698,559200,556,1629.386015635151,682.5909669763159,2053.97929181156,396.1352733333338,414.1124719791671,102.39228379033821,0.19571428571428573,0.24571428571428572,0.0
PHASE 2,699,560000,560,1640.3607354803241,682.5909669763159,2053.97929181156,403.5960391666671,412.91639989583365,102.98103705223483,0.19571428571428573,0.24571428571428572,0.0
PHASE 2,700,560800,560,1640.3607354803237,682.5909669763159,2053.97929181156,403.59603916666725,412.9163998958339,102.98103705223483,0.19571428571428573,0.24571428571428572,0.0
PHASE 2,701,561600,560,1640.3607354803237,682.5909669763159,2053.97929181156,403.59603916666725,412.9163998958339,102.98103705223483,0.19571428571428573,0.24571428571428572,0.0
PHASE 2,702,562400,560,1640.3607354803237,682.5909669763159,2053.97929181156,403.59603916666725,412.9163998958339,102.98103705223483,0.19571428571428573,0.24571428571428572,0.0
PHASE 2,703,563200,560,1640.3607354803237,682.5909669763159,2053.97929181156,403.59603916666725,412.9163998958339,102.98103705223483,0.19571428571428573,0.24571428571428572,0.0
PHASE 2,704,564000,564,1642.9042521257559,682.5909669763159,2053.97929181156,402.8297991666672,415.45561281250065,103.07735501833059,0.19571428571428573,0.24571428571428572,0.0
PHASE 2,705,564800,564,1642.904252125756,682.5909669763159,2053.97929181156,402.8297991666672,415.45561281250053,103.07735501833062,0.19571428571428573,0.24571428571428572,0.0
PHASE 2,706,565600,564,1642.904252125756,682.5909669763159,2053.97929181156,402.8297991666672,415.45561281250053,103.07735501833062,0.19571428571428573,0.24571428571428572,0.0
PHASE 2,707,566400,564,1642.904252125756,682.5909669763159,2053.97929181156,402.8297991666672,415.45561281250053,103.07735501833062,0.19571428571428573,0.24571428571428572,0.0
PHASE 2,708,567200,564,1642.904252125756,682.5909669763159,2053.97929181156,402.8297991666672,415.45561281250053,103.07735501833062,0.19571428571428573,0.24571428571428572,0.0
PHASE 2,709,568000,568,1653.776225562456,682.5909669763159,2212.475601268895,405.5874270833338,419.2763778125005,103.61405258333467,0.19571428571428573,0.24571428571428572,0.0
PHASE 2,710,568800,568,1653.7762255624557,682.5909669763159,2212.475601268895,405.5874270833338,419.2763778125005,103.61405258333467,0.19571428571428573,0.24571428571428572,0.0
PHASE 2,711,569600,568,1653.7762255624557,682.5909669763159,2212.475601268895,405.5874270833338,419.2763778125005,103.61405258333467,0.19571428571428573,0.24571428571428572,0.0
PHASE 2,712,570400,568,1653.7762255624557,682.5909669763159,2212.475601268895,405.5874270833338,419.2763778125005,103.61405258333467,0.19571428571428573,0.24571428571428572,0.0
PHASE 2,713,571200,568,1653.7762255624557,682.5909669763159,2212.475601268895,405.5874270833338,419.2763778125005,103.61405258333467,0.19571428571428573,0.24571428571428572,0.0
PHASE 2,714,572000,572,1644.324736646286,682.5909669763159,2212.475601268895,402.4719130208338,416.6562257291672,103.14957473704258,0.19571428571428573,0.24571428571428572,0.0
PHASE 2,715,572800,572,1644.3247366462858,682.5909669763159,2212.475601268895,402.4719130208338,416.65622572916715,103.14957473704257,0.19571428571428573,0.24571428571428572,0.0
PHASE 2,716,573600,572,1644.3247366462858,682.5909669763159,2212.475601268895,402.4719130208338,416.65622572916715,103.14957473704257,0.19571428571428573,0.24571428571428572,0.0
PHASE 2,717,574400,572,1644.3247366462858,682.5909669763159,2212.475601268895,402.4719130208338,416.65622572916715,103.14957473704257,0.19571428571428573,0.24571428571428572,0.0
PHASE 2,718,575200,572,1644.3247366462858,682.5909669763159,2212.475601268895,402.4719130208338,416.65622572916715,103.14957473704257,0.19571428571428573,0.24571428571428572,0.0
PHASE 2,719,576000,576,1644.8227831338693,682.5909669763159,2212.475601268895,401.3772063541672,417.22898364583386,103.27707414174048,0.19571428571428573,0.24571428571428572,0.0
PHASE 2,720,576800,576,1644.8227831338693,682.5909669763159,2212.475601268895,401.3772063541673,417.2289836458339,103.2770741417405,0.19571428571428573,0.24571428571428572,0.0
PHASE 2,721,577600,576,1644.8227831338693,682.5909669763159,2212.475601268895,401.3772063541673,417.2289836458339,103.2770741417405,0.19571428571428573,0.24571428571428572,0.0
PHASE 2,722,578400,576,1644.8227831338693,682.5909669763159,2212.475601268895,401.3772063541673,417.2289836458339,103.2770741417405,0.19571428571428573,0.24571428571428572,0.0
PHASE 2,723,579200,576,1644.8227831338693,682.5909669763159,2212.475601268895,401.3772063541673,417.2289836458339,103.2770741417405,0.19571428571428573,0.24571428571428572,0.0
PHASE 2,724,580000,580,1641.29621023,682.5909669763159,2212.475601268895,400.9076446875006,416.2844807291673,103.01301060167341,0.19571428571428573,0.24571428571428572,0.0
PHASE 2,725,580800,580,1641.29621023,682.5909669763159,2212.475601268895,400.90764468750064,416.28448072916717,103.0130106016734,0.19571428571428573,0.24571428571428572,0.0
PHASE 2,726,581600,580,1641.29621023,682.5909669763159,2212.475601268895,400.90764468750064,416.28448072916717,103.0130106016734,0.19571428571428573,0.24571428571428572,0.0
PHASE 2,727,582400,580,1641.29621023,682.5909669763159,2212.475601268895,400.90764468750064,416.28448072916717,103.0130106016734,0.19571428571428573,0.24571428571428572,0.0
PHASE 2,728,583200,580,1641.29621023,682.5909669763159,2212.475601268895,400.90764468750064,416.28448072916717,103.0130106016734,0.19571428571428573,0.24571428571428572,0.0
PHASE 2,729,584000,584,1649.9441186946156,682.5909669763159,2212.475601268895,400.71901302083387,421.12916864583383,103.51199212850028,0.19571428571428573,0.24571428571428572,0.0
PHASE 2,730,584800,584,1649.944118694616,682.5909669763159,2212.475601268895,400.71901302083387,421.1291686458338,103.51199212850028,0.19571428571428573,0.24571428571428572,0.0
PHASE 2,731,585600,584,1649.944118694616,682.5909669763159,2212.475601268895,400.71901302083387,421.1291686458338,103.51199212850028,0.19571428571428573,0.24571428571428572,0.0
PHASE 2,732,586400,584,1649.944118694616,682.5909669763159,2212.475601268895,400.71901302083387,421.1291686458338,103.51199212850028,0.19571428571428573,0.24571428571428572,0.0
PHASE 2,733,587200,584,1649.944118694616,682.5909669763159,2212.475601268895,400.71901302083387,421.1291686458338,103.51199212850028,0.19571428571428573,0.24571428571428572,0.0
PHASE 2,734,588000,588,1664.6120356627025,924.610868231186,2212.475601268895,404.40674218750047,425.2413865625005,104.37048836409457,0.19571428571428573,0.24571428571428572,0.0
PHASE 2,735,588800,588,1664.612035662702,924.610868231186,2212.475601268895,404.4067421875006,425.2413865625005,104.37048836409458,0.19571428571428573,0.24571428571428572,0.0
PHASE 2,736,589600,588,1664.612035662702,924.610868231186,2212.475601268895,404.4067421875006,425.2413865625005,104.37048836409458,0.19571428571428573,0.24571428571428572,0.0
PHASE 2,737,590400,588,1664.612035662702,924.610868231186,2212.475601268895,404.4067421875006,425.2413865625005,104.37048836409458,0.19571428571428573,0.24571428571428572,0.0
PHASE 2,738,591200,588,1664.612035662702,924.610868231186,2212.475601268895,404.4067421875006,425.2413865625005,104.37048836409458,0.19571428571428573,0.24571428571428572,0.0
PHASE 2,739,592000,592,1676.6660523055316,924.610868231186,2212.475601268895,404.86305260416725,430.6684759375005,105.14181547048989,0.19571428571428573,0.24571428571428572,0.0
PHASE 2,740,592800,592,1676.6660523055311,924.610868231186,2212.475601268895,404.8630526041673,430.6684759375005,105.14181547048989,0.19571428571428573,0.24571428571428572,0.0
PHASE 2,741,593600,592,1676.6660523055311,924.610868231186,2212.475601268895,404.8630526041673,430.6684759375005,105.14181547048989,0.19571428571428573,0.24571428571428572,0.0
PHASE 2,742,594400,592,1676.6660523055311,924.610868231186,2212.475601268895,404.8630526041673,430.6684759375005,105.14181547048989,0.19571428571428573,0.24571428571428572,0.0
PHASE 2,743,595200,592,1676.6660523055311,924.610868231186,2212.475601268895,404.8630526041673,430.6684759375005,105.14181547048989,0.19571428571428573,0.24571428571428572,0.0
PHASE 2,744,596000,596,1668.3334529531162,924.610868231186,2212.475601268895,400.751229270834,430.6626942708338,104.61494117643787,0.19571428571428573,0.24571428571428572,0.0
PHASE 2,745,596800,596,1668.3334529531164,924.610868231186,2212.475601268895,400.75122927083385,430.66269427083387,104.61494117643787,0.19571428571428573,0.24571428571428572,0.0
PHASE 2,746,597600,596,1668.3334529531164,924.610868231186,2212.475601268895,400.75122927083385,430.66269427083387,104.61494117643787,0.19571428571428573,0.24571428571428572,0.0
PHASE 2,747,598400,596,1668.3334529531164,924.610868231186,2212.475601268895,400.75122927083385,430.66269427083387,104.61494117643787,0.19571428571428573,0.24571428571428572,0.0
PHASE 2,748,599200,596,1668.3334529531164,924.610868231186,2212.475601268895,400.75122927083385,430.66269427083387,104.61494117643787,0.19571428571428573,0.24571428571428572,0.0
PHASE 2,749,600000,600,1666.7920009678137,924.610868231186,2212.475601268895,401.0106080208339,429.70969593750056,104.50896212619158,0.19571428571428573,0.24571428571428572,0.0
PHASE 2,750,600800,600,1666.7920009678137,924.610868231186,2212.475601268895,401.0106080208339,429.7096959375005,104.50896212619158,0.19571428571428573,0.24571428571428572,0.0
PHASE 2,751,601600,600,1666.7920009678137,924.610868231186,2212.475601268895,401.0106080208339,429.7096959375005,104.50896212619158,0.19571428571428573,0.24571428571428572,0.0
PHASE 2,752,602400,600,1666.7920009678137,924.610868231186,2212.475601268895,401.0106080208339,429.7096959375005,104.50896212619158,0.19571428571428573,0.24571428571428572,0.0
PHASE 2,753,603200,600,1666.7920009678137,924.610868231186,2212.475601268895,401.0106080208339,429.7096959375005,104.50896212619158,0.19571428571428573,0.24571428571428572,0.0
PHASE 2,754,604000,604,1683.4464119831152,924.610868231186,2212.475601268895,407.74020802083396,432.99687218750057,105.33866647185422,0.19571428571428573,0.24571428571428572,0.0
PHASE 2,755,604800,604,1683.4464119831152,924.610868231186,2212.475601268895,407.7402080208338,432.99687218750046,105.33866647185421,0.19571428571428573,0.24571428571428572,0.0
PHASE 2,756,605600,604,1683.4464119831152,924.610868231186,2212.475601268895,407.7402080208338,432.99687218750046,105.33866647185421,0.19571428571428573,0.24571428571428572,0.0
PHASE 2,757,606400,604,1683.4464119831152,924.610868231186,2212.475601268895,407.7402080208338,432.99687218750046,105.33866647185421,0.19571428571428573,0.24571428571428572,0.0
PHASE 2,758,607200,604,1683.4464119831152,924.610868231186,2212.475601268895,407.7402080208338,432.99687218750046,105.33866647185421,0.19571428571428573,0.24571428571428572,0.0
PHASE 2,759,608000,608,1699.8991941402594,924.610868231186,2286.429420942568,410.22379927083387,438.9872401041672,106.33601934566384,0.19571428571428573,0.24571428571428572,0.0
PHASE 2,760,608800,608,1699.8991941402592,924.610868231186,2286.429420942568,410.2237992708339,438.9872401041672,106.33601934566384,0.19571428571428573,0.24571428571428572,0.0
PHASE 2,761,609600,608,1699.8991941402592,924.610868231186,2286.429420942568,410.2237992708339,438.9872401041672,106.33601934566384,0.19571428571428573,0.24571428571428572,0.0
PHASE 2,762,610400,608,1699.8991941402592,924.610868231186,2286.429420942568,410.2237992708339,438.9872401041672,106.33601934566384,0.19571428571428573,0.24571428571428572,0.0
PHASE 2,763,611200,608,1699.8991941402592,924.610868231186,2286.429420942568,410.2237992708339,438.9872401041672,106.33601934566384,0.19571428571428573,0.24571428571428572,0.0
PHASE 2,764,612000,612,1701.7913440675156,924.610868231186,2286.429420942568,412.0746555208339,438.7222438541671,106.3743055865709,0.19571428571428573,0.24571428571428572,0.0
PHASE 2,765,612800,612,1701.791344067516,924.610868231186,2286.429420942568,412.0746555208339,438.7222438541672,106.3743055865709,0.19571428571428573,0.24571428571428572,0.0
PHASE 2,766,613600,612,1701.791344067516,924.610868231186,2286.429420942568,412.0746555208339,438.7222438541672,106.3743055865709,0.19571428571428573,0.24571428571428572,0.0
PHASE 2,767,614400,612,1701.791344067516,924.610868231186,2286.429420942568,412.0746555208339,438.7222438541672,106.3743055865709,0.19571428571428573,0.24571428571428572,0.0
PHASE 2,768,615200,612,1701.791344067516,924.610868231186,2286.429420942568,412.0746555208339,438.7222438541672,106.3743055865709,0.19571428571428573,0.24571428571428572,0.0
PHASE 2,769,616000,616,1703.0019415825932,924.610868231186,2286.429420942568,413.1403602083339,438.3011627083339,106.44505233324716,0.19571428571428573,0.24571428571428572,0.0
PHASE 2,770,616800,616,1703.0019415825932,924.610868231186,2286.429420942568,413.14036020833396,438.30116270833395,106.44505233324715,0.19571428571428573,0.24571428571428572,0.0
PHASE 2,771,617600,616,1703.0019415825932,924.610868231186,2286.429420942568,413.14036020833396,438.30116270833395,106.44505233324715,0.19571428571428573,0.24571428571428572,0.0
PHASE 2,772,618400,616,1703.0019415825932,924.610868231186,2286.429420942568,413.14036020833396,438.30116270833395,106.44505233324715,0.19571428571428573,0.24571428571428572,0.0
PHASE 2,773,619200,616,1703.0019415825932,924.610868231186,2286.429420942568,413.14036020833396,438.30116270833395,106.44505233324715,0.19571428571428573,0.24571428571428572,0.0
PHASE 2,774,620000,620,1713.176613576382,924.610868231186,2354.998376106162,420.7717653125006,437.5700072916672,106.85435512153323,0.19571428571428573,0.24571428571428572,0.0
PHASE 2,775,620800,620,1713.176613576382,924.610868231186,2354.998376106162,420.7717653125005,437.5700072916672,106.8543551215332,0.19571428571428573,0.24571428571428572,0.0
PHASE 2,776,621600,620,1713.176613576382,924.610868231186,2354.998376106162,420.7717653125005,437.5700072916672,106.8543551215332,0.19571428571428573,0.24571428571428572,0.0
PHASE 2,777,622400,620,1713.176613576382,924.610868231186,2354.998376106162,420.7717653125005,437.5700072916672,106.8543551215332,0.19571428571428573,0.24571428571428572,0.0
PHASE 2,778,623200,620,1713.176613576382,924.610868231186,2354.998376106162,420.7717653125005,437.5700072916672,106.8543551215332,0.19571428571428573,0.24571428571428572,0.0
PHASE 2,779,624000,624,1736.7898457020794,924.610868231186,2354.998376106162,425.05155531250057,446.31292687500047,108.17817043932887,0.19571428571428573,0.24571428571428572,0.0
PHASE 2,780,624800,624,1736.7898457020794,924.610868231186,2354.998376106162,425.05155531250057,446.31292687500047,108.17817043932888,0.19571428571428573,0.24571428571428572,0.0
PHASE 2,781,625600,624,1736.7898457020794,924.610868231186,2354.998376106162,425.05155531250057,446.31292687500047,108.17817043932888,0.19571428571428573,0.24571428571428572,0.0
PHASE 2,782,626400,624,1736.7898457020794,924.610868231186,2354.998376106162,425.05155531250057,446.31292687500047,108.17817043932888,0.19571428571428573,0.24571428571428572,0.0
PHASE 2,783,627200,624,1736.7898457020794,924.610868231186,2354.998376106162,425.05155531250057,446.31292687500047,108.17817043932888,0.19571428571428573,0.24571428571428572,0.0
PHASE 2,784,628000,628,1735.7085918150783,924.610868231186,2354.998376106162,427.18895822916727,444.0349789583338,108.06058182845373,0.19571428571428573,0.24571428571428572,0.0
PHASE 2,785,628800,628,1735.708591815078,924.610868231186,2354.998376106162,427.18895822916716,444.0349789583338,108.06058182845373,0.19571428571428573,0.24571428571428572,0.0
PHASE 2,786,629600,628,1735.708591815078,924.610868231186,2354.998376106162,427.18895822916716,444.0349789583338,108.06058182845373,0.19571428571428573,0.24571428571428572,0.0
PHASE 2,787,630400,628,1735.708591815078,924.610868231186,2354.998376106162,427.18895822916716,444.0349789583338,108.06058182845373,0.19571428571428573,0.24571428571428572,0.0
PHASE 2,788,631200,628,1735.708591815078,924.610868231186,2354.998376106162,427.18895822916716,444.0349789583338,108.06058182845373,0.19571428571428573,0.24571428571428572,0.0
PHASE 2,789,632000,632,1750.4058865889654,924.610868231186,2354.998376106162,432.1432548958338,447.7169647916671,108.81820836268973,0.19571428571428573,0.24571428571428572,0.0
PHASE 2,790,632800,632,1750.4058865889656,924.610868231186,2354.998376106162,432.1432548958339,447.7169647916671,108.81820836268973,0.19571428571428573,0.24571428571428572,0.0
PHASE 2,791,633600,632,1750.4058865889656,924.610868231186,2354.998376106162,432.1432548958339,447.7169647916671,108.81820836268973,0.19571428571428573,0.24571428571428572,0.0
PHASE 2,792,634400,632,1750.4058865889656,924.610868231186,2354.998376106162,432.1432548958339,447.7169647916671,108.81820836268973,0.19571428571428573,0.24571428571428572,0.0
PHASE 2,793,635200,632,1750.4058865889656,924.610868231186,2354.998376106162,432.1432548958339,447.7169647916671,108.81820836268973,0.19571428571428573,0.24571428571428572,0.0
PHASE 2,794,636000,636,1756.2651802293642,924.610868231186,2354.998376106162,434.50627072916717,449.92592979166716,108.97912246357282,0.19571428571428573,0.24571428571428572,0.0
PHASE 2,795,636800,636,1756.2651802293642,924.610868231186,2354.998376106162,434.50627072916717,449.9259297916671,108.97912246357282,0.19571428571428573,0.24571428571428572,0.0
PHASE 2,796,637600,636,1756.2651802293642,924.610868231186,2354.998376106162,434.50627072916717,449.9259297916671,108.97912246357282,0.19571428571428573,0.24571428571428572,0.0
PHASE 2,797,638400,636,1756.2651802293642,924.610868231186,2354.998376106162,434.50627072916717,449.9259297916671,108.97912246357282,0.19571428571428573,0.24571428571428572,0.0
PHASE 2,798,639200,636,1756.2651802293642,924.610868231186,2354.998376106162,434.50627072916717,449.9259297916671,108.97912246357282,0.19571428571428573,0.24571428571428572,0.0
PHASE 2,799,640000,640,1762.247026654457,924.610868231186,2354.998376106162,438.08493322916706,450.6855872916671,109.1845632667095,0.19571428571428573,0.24571428571428572,0.0
PHASE 2,800,640800,640,1762.247026654457,924.610868231186,2354.998376106162,438.0849332291671,450.6855872916671,109.1845632667095,0.19571428571428573,0.24571428571428572,0.0
PHASE 2,801,641600,640,1762.247026654457,924.610868231186,2354.998376106162,438.0849332291671,450.6855872916671,109.1845632667095,0.19571428571428573,0.24571428571428572,0.0
PHASE 2,802,642400,640,1762.247026654457,924.610868231186,2354.998376106162,438.0849332291671,450.6855872916671,109.1845632667095,0.19571428571428573,0.24571428571428572,0.0
PHASE 2,803,643200,640,1762.247026654457,924.610868231186,2354.998376106162,438.0849332291671,450.6855872916671,109.1845632667095,0.19571428571428573,0.24571428571428572,0.0
PHASE 2,804,644000,644,1774.9286212206516,924.610868231186,2354.998376106162,440.81280104166717,455.8410897916671,109.78434129842142,0.19571428571428573,0.24571428571428572,0.0
PHASE 2,805,644800,644,1774.9286212206512,924.610868231186,2354.998376106162,440.81280104166717,455.8410897916672,109.78434129842142,0.19571428571428573,0.24571428571428572,0.0
PHASE 2,806,645600,644,1774.9286212206512,924.610868231186,2354.998376106162,440.81280104166717,455.8410897916672,109.78434129842142,0.19571428571428573,0.24571428571428572,0.0
PHASE 2,807,646400,644,1774.9286212206512,924.610868231186,2354.998376106162,440.81280104166717,455.8410897916672,109.78434129842142,0.19571428571428573,0.24571428571428572,0.0
PHASE 2,808,647200,644,1774.9286212206512,924.610868231186,2354.998376106162,440.81280104166717,455.8410897916672,109.78434129842142,0.19571428571428573,0.24571428571428572,0.0
PHASE 2,809,648000,648,1781.0382773497895,1223.9983665212824,2354.998376106162,443.2174252083339,457.0809185416672,110.09249169998057,0.19571428571428573,0.24571428571428572,0.0
PHASE 2,810,648800,648,1781.0382773497895,1223.9983665212824,2354.998376106162,443.2174252083338,457.08091854166713,110.09249169998057,0.19571428571428573,0.24571428571428572,0.0
PHASE 2,811,649600,648,1781.0382773497895,1223.9983665212824,2354.998376106162,443.2174252083338,457.08091854166713,110.09249169998057,0.19571428571428573,0.24571428571428572,0.0
PHASE 2,812,650400,648,1781.0382773497895,1223.9983665212824,2354.998376106162,443.2174252083338,457.08091854166713,110.09249169998057,0.19571428571428573,0.24571428571428572,0.0
PHASE 2,813,651200,648,1781.0382773497895,1223.9983665212824,2354.998376106162,443.2174252083338,457.08091854166713,110.09249169998057,0.19571428571428573,0.24571428571428572,0.0
PHASE 2,814,652000,652,1783.1704688804887,1060.9814694981812,2354.998376106162,445.0563897916671,457.6356422916671,110.05980459965123,0.19571428571428573,0.24571428571428572,0.0
PHASE 2,815,652800,652,1783.1704688804891,1060.9814694981812,2354.998376106162,445.0563897916671,457.6356422916671,110.05980459965126,0.19571428571428573,0.24571428571428572,0.0
PHASE 2,816,653600,652,1783.1704688804891,1060.9814694981812,2354.998376106162,445.0563897916671,457.6356422916671,110.05980459965126,0.19571428571428573,0.24571428571428572,0.0
PHASE 2,817,654400,652,1783.1704688804891,1060.9814694981812,2354.998376106162,445.0563897916671,457.6356422916671,110.05980459965126,0.19571428571428573,0.24571428571428572,0.0
PHASE 2,818,655200,652,1783.1704688804891,1060.9814694981812,2354.998376106162,445.0563897916671,457.6356422916671,110.05980459965126,0.19571428571428573,0.24571428571428572,0.0
PHASE 2,819,656000,656,1778.83539394212,1060.9814694981812,2354.998376106162,441.7697814583338,458.3956192708338,109.83374915162585,0.19571428571428573,0.24571428571428572,0.0
PHASE 2,820,656800,656,1778.83539394212,1060.9814694981812,2354.998376106162,441.76978145833374,458.39561927083383,109.83374915162584,0.19571428571428573,0.24571428571428572,0.0
PHASE 2,821,657600,656,1778.83539394212,1060.9814694981812,2354.998376106162,441.76978145833374,458.39561927083383,109.83374915162584,0.19571428571428573,0.24571428571428572,0.0
PHASE 2,822,658400,656,1778.83539394212,1060.9814694981812,2354.998376106162,441.76978145833374,458.39561927083383,109.83374915162584,0.19571428571428573,0.24571428571428572,0.0
PHASE 2,823,659200,656,1778.83539394212,1060.9814694981812,2354.998376106162,441.76978145833374,458.39561927083383,109.83374915162584,0.19571428571428573,0.24571428571428572,0.0
PHASE 2,824,660000,660,1779.4875550297513,1060.9814694981812,2354.998376106162,438.35949104166707,462.8442284375005,109.78547944382979,0.19571428571428573,0.24571428571428572,0.0
PHASE 2,825,660800,660,1779.4875550297513,1060.9814694981812,2354.998376106162,438.3594910416671,462.8442284375005,109.78547944382979,0.19571428571428573,0.24571428571428572,0.0
PHASE 2,826,661600,660,1779.4875550297513,1060.9814694981812,2354.998376106162,438.3594910416671,462.8442284375005,109.78547944382979,0.19571428571428573,0.24571428571428572,0.0
PHASE 2,827,662400,660,1779.4875550297513,1060.9814694981812,2354.998376106162,438.3594910416671,462.8442284375005,109.78547944382979,0.19571428571428573,0.24571428571428572,0.0
PHASE 2,828,663200,660,1779.4875550297513,1060.9814694981812,2354.998376106162,438.3594910416671,462.8442284375005,109.78547944382979,0.19571428571428573,0.24571428571428572,0.0
PHASE 2,829,664000,664,1793.7007757893577,1060.9814694981812,2354.998376106162,440.7756489583338,468.7599496875006,110.52064714294733,0.19571428571428573,0.24571428571428572,0.0
PHASE 2,830,664800,664,1793.7007757893577,1060.9814694981812,2354.998376106162,440.7756489583338,468.7599496875006,110.52064714294733,0.19571428571428573,0.24571428571428572,0.0
PHASE 2,831,665600,664,1793.7007757893577,1060.9814694981812,2354.998376106162,440.7756489583338,468.7599496875006,110.52064714294733,0.19571428571428573,0.24571428571428572,0.0
PHASE 2,832,666400,664,1793.7007757893577,1060.9814694981812,2354.998376106162,440.7756489583338,468.7599496875006,110.52064714294733,0.19571428571428573,0.24571428571428572,0.0
PHASE 2,833,667200,664,1793.7007757893577,1060.9814694981812,2354.998376106162,440.7756489583338,468.7599496875006,110.52064714294733,0.19571428571428573,0.24571428571428572,0.0
PHASE 2,834,668000,668,1789.695761399413,1060.9814694981812,2354.998376106162,443.30326645833384,465.7725181250005,110.07749710201686,0.19571428571428573,0.24571428571428572,0.0
PHASE 2,835,668800,668,1789.695761399413,1060.9814694981812,2354.998376106162,443.30326645833384,465.7725181250005,110.07749710201686,0.19571428571428573,0.24571428571428572,0.0
PHASE 2,836,669600,668,1789.695761399413,1060.9814694981812,2354.998376106162,443.30326645833384,465.7725181250005,110.07749710201686,0.19571428571428573,0.24571428571428572,0.0
PHASE 2,837,670400,668,1789.695761399413,1060.9814694981812,2354.998376106162,443.30326645833384,465.7725181250005,110.07749710201686,0.19571428571428573,0.24571428571428572,0.0
PHASE 2,838,671200,668,1789.695761399413,1060.9814694981812,2354.998376106162,443.30326645833384,465.7725181250005,110.07749710201686,0.19571428571428573,0.24571428571428572,0.0
PHASE 2,839,672000,672,1804.2155020688597,1060.9814694981812,2354.998376106162,446.3683437500005,470.4757118750005,110.92143080548936,0.19571428571428573,0.24571428571428572,0.0
PHASE 2,840,672800,672,1804.2155020688597,1060.9814694981812,2354.998376106162,446.3683437500005,470.4757118750004,110.92143080548936,0.19571428571428573,0.24571428571428572,0.0
PHASE 2,841,673600,672,1804.2155020688597,1060.9814694981812,2354.998376106162,446.3683437500005,470.4757118750004,110.92143080548936,0.19571428571428573,0.24571428571428572,0.0
PHASE 2,842,674400,672,1804.2155020688597,1060.9814694981812,2354.998376106162,446.3683437500005,470.4757118750004,110.92143080548936,0.19571428571428573,0.24571428571428572,0.0
PHASE 2,843,675200,672,1804.2155020688597,1060.9814694981812,2354.998376106162,446.3683437500005,470.4757118750004,110.92143080548936,0.19571428571428573,0.24571428571428572,0.0
PHASE 2,844,676000,676,1818.7200736383124,1060.9814694981812,2354.998376106162,450.2976512500005,475.1696118750004,111.65660131417098,0.19571428571428573,0.24571428571428572,0.0
PHASE 2,845,676800,676,1818.7200736383124,1060.9814694981812,2354.998376106162,450.29765125000057,475.1696118750004,111.65660131417098,0.19571428571428573,0.24571428571428572,0.0
PHASE 2,846,677600,676,1818.7200736383124,1060.9814694981812,2354.998376106162,450.29765125000057,475.1696118750004,111.65660131417098,0.19571428571428573,0.24571428571428572,0.0
PHASE 2,847,678400,676,1818.7200736383124,1060.9814694981812,2354.998376106162,450.29765125000057,475.1696118750004,111.65660131417098,0.19571428571428573,0.24571428571428572,0.0
PHASE 2,848,679200,676,1818.7200736383124,1060.9814694981812,2354.998376106162,450.29765125000057,475.1696118750004,111.65660131417098,0.19571428571428573,0.24571428571428572,0.0
PHASE 2,849,680000,680,1830.7041587959177,1060.9814694981812,2354.998376106162,448.7820325000006,484.0211014583337,112.23762810470518,0.19571428571428573,0.24571428571428572,0.0
PHASE 2,850,680800,680,1830.7041587959181,1060.9814694981812,2354.998376106162,448.78203250000047,484.0211014583337,112.23762810470518,0.19571428571428573,0.24571428571428572,0.0
PHASE 2,851,681600,680,1830.7041587959181,1060.9814694981812,2354.998376106162,448.78203250000047,484.0211014583337,112.23762810470518,0.19571428571428573,0.24571428571428572,0.0
PHASE 2,852,682400,680,1830.7041587959181,1060.9814694981812,2354.998376106162,448.78203250000047,484.0211014583337,112.23762810470518,0.19571428571428573,0.24571428571428572,0.0
PHASE 2,853,683200,680,1830.7041587959181,1060.9814694981812,2354.998376106162,448.78203250000047,484.0211014583337,112.23762810470518,0.19571428571428573,0.24571428571428572,0.0
PHASE 2,854,684000,684,1832.1026869416164,1060.9814694981812,2354.998376106162,448.3407370833338,486.82107812500044,112.11760896666758,0.19571428571428573,0.24571428571428572,0.0
PHASE 2,855,684800,684,1832.1026869416164,1060.9814694981812,2354.998376106162,448.34073708333375,486.82107812500044,112.11760896666758,0.19571428571428573,0.24571428571428572,0.0
PHASE 2,856,685600,684,1832.1026869416164,1060.9814694981812,2354.998376106162,448.34073708333375,486.82107812500044,112.11760896666758,0.19571428571428573,0.24571428571428572,0.0
PHASE 2,857,686400,684,1832.1026869416164,1060.9814694981812,2354.998376106162,448.34073708333375,486.82107812500044,112.11760896666758,0.19571428571428573,0.24571428571428572,0.0
PHASE 2,858,687200,684,1832.1026869416164,1060.9814694981812,2354.998376106162,448.34073708333375,486.82107812500044,112.11760896666758,0.19571428571428573,0.24571428571428572,0.0
PHASE 2,859,688000,688,1829.9798919252842,1060.9814694981812,2354.998376106162,444.3428537500004,489.26798937500047,112.0461311000427,0.19571428571428573,0.24571428571428572,0.0
PHASE 2,860,688800,688,1829.9798919252844,1060.9814694981812,2354.998376106162,444.3428537500004,489.26798937500047,112.0461311000427,0.19571428571428573,0.24571428571428572,0.0
PHASE 2,861,689600,688,1829.9798919252844,1060.9814694981812,2354.998376106162,444.3428537500004,489.26798937500047,112.0461311000427,0.19571428571428573,0.24571428571428572,0.0
PHASE 2,862,690400,688,1829.9798919252844,1060.9814694981812,2354.998376106162,444.3428537500004,489.26798937500047,112.0461311000427,0.19571428571428573,0.24571428571428572,0.0
PHASE 2,863,691200,688,1829.9798919252844,1060.9814694981812,2354.998376106162,444.3428537500004,489.26798937500047,112.0461311000427,0.19571428571428573,0.24571428571428572,0.0
PHASE 2,864,692000,692,1835.4074129220962,1060.9814694981812,2354.998376106162,444.87542708333376,492.5884181250005,112.24294596422754,0.19571428571428573,0.24571428571428572,0.0
PHASE 2,865,692800,692,1835.407412922096,1060.9814694981812,2354.998376106162,444.87542708333376,492.58841812500054,112.24294596422754,0.19571428571428573,0.24571428571428572,0.0
PHASE 2,866,693600,692,1835.407412922096,1060.9814694981812,2354.998376106162,444.87542708333376,492.58841812500054,112.24294596422754,0.19571428571428573,0.24571428571428572,0.0
PHASE 2,867,694400,692,1835.407412922096,1060.9814694981812,2354.998376106162,444.87542708333376,492.58841812500054,112.24294596422754,0.19571428571428573,0.24571428571428572,0.0
PHASE 2,868,695200,692,1835.407412922096,1060.9814694981812,2354.998376106162,444.87542708333376,492.58841812500054,112.24294596422754,0.19571428571428573,0.24571428571428572,0.0
PHASE 2,869,696000,696,1834.553281109145,1060.9814694981812,2354.998376106162,446.07339833333384,491.37903875000046,112.13760550323371,0.19571428571428573,0.24571428571428572,0.0
PHASE 2,870,696800,696,1834.553281109145,1060.9814694981812,2354.998376106162,446.07339833333384,491.37903875000046,112.13760550323371,0.19571428571428573,0.24571428571428572,0.0
PHASE 2,871,697600,696,1834.553281109145,1060.9814694981812,2354.998376106162,446.07339833333384,491.37903875000046,112.13760550323371,0.19571428571428573,0.24571428571428572,0.0
PHASE 2,872,698400,696,1834.553281109145,1060.9814694981812,2354.998376106162,446.07339833333384,491.37903875000046,112.13760550323371,0.19571428571428573,0.24571428571428572,0.0
PHASE 2,873,699200,696,1834.553281109145,1060.9814694981812,2354.998376106162,446.07339833333384,491.37903875000046,112.13760550323371,0.19571428571428573,0.24571428571428572,0.0
PHASE 2,874,700000,700,1833.0050911238736,1060.9814694981812,2354.998376106162,443.65237500000046,493.6306133333338,111.96526284882486,0.19571428571428573,0.24571428571428572,0.0
PHASE 2,875,700800,700,1833.0050911238736,1060.9814694981812,2354.998376106162,443.6523750000005,493.6306133333338,111.96526284882486,0.19571428571428573,0.24571428571428572,0.0
PHASE 2,876,701600,700,1833.0050911238736,1060.9814694981812,2354.998376106162,443.6523750000005,493.6306133333338,111.96526284882486,0.19571428571428573,0.24571428571428572,0.0
PHASE 2,877,702400,700,1833.0050911238736,1060.9814694981812,2354.998376106162,443.6523750000005,493.6306133333338,111.96526284882486,0.19571428571428573,0.24571428571428572,0.0
PHASE 2,878,703200,700,1833.0050911238736,1060.9814694981812,2354.998376106162,443.6523750000005,493.6306133333338,111.96526284882486,0.19571428571428573,0.24571428571428572,0.0
PHASE 2,879,704000,704,1834.64956227187,1060.9814694981812,2354.998376106162,442.76502666666715,495.5146066666671,112.04624111732448,0.19571428571428573,0.24571428571428572,0.0
PHASE 2,880,704800,704,1834.64956227187,1060.9814694981812,2354.998376106162,442.76502666666715,495.5146066666672,112.0462411173245,0.19571428571428573,0.24571428571428572,0.0
PHASE 2,881,705600,704,1834.64956227187,1060.9814694981812,2354.998376106162,442.76502666666715,495.5146066666672,112.0462411173245,0.19571428571428573,0.24571428571428572,0.0
PHASE 2,882,706400,704,1834.64956227187,1060.9814694981812,2354.998376106162,442.76502666666715,495.5146066666672,112.0462411173245,0.19571428571428573,0.24571428571428572,0.0
PHASE 2,883,707200,704,1834.64956227187,1060.9814694981812,2354.998376106162,442.76502666666715,495.5146066666672,112.0462411173245,0.19571428571428573,0.24571428571428572,0.0
PHASE 2,884,708000,708,1838.4819170391506,1060.9814694981812,2404.642652431764,444.44756916666717,498.0167679166672,112.00219749448459,0.19571428571428573,0.24571428571428572,0.0
PHASE 2,885,708800,708,1838.481917039151,1060.9814694981812,2404.642652431764,444.44756916666717,498.0167679166672,112.00219749448459,0.19571428571428573,0.24571428571428572,0.0
PHASE 2,886,709600,708,1838.481917039151,1060.9814694981812,2404.642652431764,444.44756916666717,498.0167679166672,112.00219749448459,0.19571428571428573,0.24571428571428572,0.0
PHASE 2,887,710400,708,1838.481917039151,1060.9814694981812,2404.642652431764,444.44756916666717,498.0167679166672,112.00219749448459,0.19571428571428573,0.24571428571428572,0.0
PHASE 2,888,711200,708,1838.481917039151,1060.9814694981812,2404.642652431764,444.44756916666717,498.0167679166672,112.00219749448459,0.19571428571428573,0.24571428571428572,0.0
PHASE 2,889,712000,712,1821.7750138871672,935.0979017455036,2404.642652431764,440.40050125000045,492.7284608333339,111.08075647548657,0.19571428571428573,0.24571428571428572,0.0
PHASE 2,890,712800,712,1821.7750138871675,935.0979017455036,2404.642652431764,440.40050125000045,492.7284608333337,111.08075647548657,0.19571428571428573,0.24571428571428572,0.0
PHASE 2,891,713600,712,1821.7750138871675,935.0979017455036,2404.642652431764,440.40050125000045,492.7284608333337,111.08075647548657,0.19571428571428573,0.24571428571428572,0.0
PHASE 2,892,714400,712,1821.7750138871675,935.0979017455036,2404.642652431764,440.40050125000045,492.7284608333337,111.08075647548657,0.19571428571428573,0.24571428571428572,0.0
PHASE 2,893,715200,712,1821.7750138871675,935.0979017455036,2404.642652431764,440.40050125000045,492.7284608333337,111.08075647548657,0.19571428571428573,0.24571428571428572,0.0
PHASE 2,894,716000,716,1834.6300868984952,935.0979017455036,2404.642652431764,441.70437875000044,500.4962678125004,111.55368004200682,0.19571428571428573,0.24571428571428572,0.0
PHASE 2,895,716800,716,1834.6300868984952,935.0979017455036,2404.642652431764,441.7043787500004,500.4962678125005,111.5536800420068,0.19571428571428573,0.24571428571428572,0.0
PHASE 2,896,717600,716,1834.6300868984952,935.0979017455036,2404.642652431764,441.7043787500004,500.4962678125005,111.5536800420068,0.19571428571428573,0.24571428571428572,0.0
PHASE 2,897,718400,716,1834.6300868984952,935.0979017455036,2404.642652431764,441.7043787500004,500.4962678125005,111.5536800420068,0.19571428571428573,0.24571428571428572,0.0
PHASE 2,898,719200,716,1834.6300868984952,935.0979017455036,2404.642652431764,441.7043787500004,500.4962678125005,111.5536800420068,0.19571428571428573,0.24571428571428572,0.0
PHASE 2,899,720000,720,1847.1016232171874,935.0979017455036,2404.642652431764,443.07048958333377,506.83498822916715,112.14951817559347,0.19571428571428573,0.24571428571428572,0.0
PHASE 2,900,720800,720,1847.1016232171874,935.0979017455036,2404.642652431764,443.0704895833338,506.8349882291672,112.14951817559347,0.19571428571428573,0.24571428571428572,0.0
PHASE 2,901,721600,720,1847.1016232171874,935.0979017455036,2404.642652431764,443.0704895833338,506.8349882291672,112.14951817559347,0.19571428571428573,0.24571428571428572,0.0
PHASE 2,902,722400,720,1847.1016232171874,935.0979017455036,2404.642652431764,443.0704895833338,506.8349882291672,112.14951817559347,0.19571428571428573,0.24571428571428572,0.0
PHASE 2,903,723200,720,1847.1016232171874,935.0979017455036,2404.642652431764,443.0704895833338,506.8349882291672,112.14951817559347,0.19571428571428573,0.24571428571428572,0.0
PHASE 2,904,724000,724,1848.1726397889954,935.0979017455036,2404.642652431764,442.33421875000056,509.50523322916723,112.04164847623629,0.19571428571428573,0.24571428571428572,0.0
PHASE 2,905,724800,724,1848.1726397889956,935.0979017455036,2404.642652431764,442.33421875000056,509.5052332291671,112.04164847623629,0.19571428571428573,0.24571428571428572,0.0
PHASE 2,906,725600,724,1848.1726397889956,935.0979017455036,2404.642652431764,442.33421875000056,509.5052332291671,112.04164847623629,0.19571428571428573,0.24571428571428572,0.0
PHASE 2,907,726400,724,1848.1726397889956,935.0979017455036,2404.642652431764,442.33421875000056,509.5052332291671,112.04164847623629,0.19571428571428573,0.24571428571428572,0.0
PHASE 2,908,727200,724,1848.1726397889956,935.0979017455036,2404.642652431764,442.33421875000056,509.5052332291671,112.04164847623629,0.19571428571428573,0.24571428571428572,0.0
PHASE 2,909,728000,728,1854.0915573751504,935.0979017455036,2404.642652431764,444.3518954166673,512.3168944791671,112.17784593492237,0.19571428571428573,0.24571428571428572,0.0
PHASE 2,910,728800,728,1854.0915573751502,935.0979017455036,2404.642652431764,444.35189541666716,512.3168944791672,112.17784593492237,0.19571428571428573,0.24571428571428572,0.0
PHASE 2,911,729600,728,1854.0915573751502,935.0979017455036,2404.642652431764,444.35189541666716,512.3168944791672,112.17784593492237,0.19571428571428573,0.24571428571428572,0.0
PHASE 2,912,730400,728,1854.0915573751502,935.0979017455036,2404.642652431764,444.35189541666716,512.3168944791672,112.17784593492237,0.19571428571428573,0.24571428571428572,0.0
PHASE 2,913,731200,728,1854.0915573751502,935.0979017455036,2404.642652431764,444.35189541666716,512.3168944791672,112.17784593492237,0.19571428571428573,0.24571428571428572,0.0
PHASE 2,914,732000,732,1846.723375857427,935.0979017455036,2404.642652431764,441.79476000000045,512.7260048958339,111.52532637020704,0.19571428571428573,0.24571428571428572,0.0
PHASE 2,915,732800,732,1846.723375857427,935.0979017455036,2404.642652431764,441.79476000000045,512.7260048958337,111.52532637020704,0.19571428571428573,0.24571428571428572,0.0
PHASE 2,916,733600,732,1846.723375857427,935.0979017455036,2404.642652431764,441.79476000000045,512.7260048958337,111.52532637020704,0.19571428571428573,0.24571428571428572,0.0
PHASE 2,917,734400,732,1846.723375857427,935.0979017455036,2404.642652431764,441.79476000000045,512.7260048958337,111.52532637020704,0.19571428571428573,0.24571428571428572,0.0
PHASE 2,918,735200,732,1846.723375857427,935.0979017455036,2404.642652431764,441.79476000000045,512.7260048958337,111.52532637020704,0.19571428571428573,0.24571428571428572,0.0
PHASE 2,919,736000,736,1840.3988202401988,935.0979017455036,2404.642652431764,440.9393370833337,510.1315144791671,111.16599608472008,0.19571428571428573,0.24571428571428572,0.0
PHASE 2,920,736800,736,1840.398820240199,935.0979017455036,2404.642652431764,440.93933708333384,510.13151447916715,111.1659960847201,0.19571428571428573,0.24571428571428572,0.0
PHASE 2,921,737600,736,1840.398820240199,935.0979017455036,2404.642652431764,440.93933708333384,510.13151447916715,111.1659960847201,0.19571428571428573,0.24571428571428572,0.0
PHASE 2,922,738400,736,1840.398820240199,935.0979017455036,2404.642652431764,440.93933708333384,510.13151447916715,111.1659960847201,0.19571428571428573,0.24571428571428572,0.0
PHASE 2,923,739200,736,1840.398820240199,935.0979017455036,2404.642652431764,440.93933708333384,510.13151447916715,111.1659960847201,0.19571428571428573,0.24571428571428572,0.0
PHASE 2,924,740000,740,1858.3489696052036,935.0979017455036,2473.0702485758147,445.7408666666672,517.6952153125005,111.86411095326264,0.19571428571428573,0.24571428571428572,0.0
PHASE 2,925,740800,740,1858.3489696052038,935.0979017455036,2473.0702485758147,445.7408666666672,517.6952153125005,111.86411095326264,0.19571428571428573,0.24571428571428572,0.0
PHASE 2,926,741600,740,1858.3489696052038,935.0979017455036,2473.0702485758147,445.7408666666672,517.6952153125005,111.86411095326264,0.19571428571428573,0.24571428571428572,0.0
PHASE 2,927,742400,740,1858.3489696052038,935.0979017455036,2473.0702485758147,445.7408666666672,517.6952153125005,111.86411095326264,0.19571428571428573,0.24571428571428572,0.0
PHASE 2,928,743200,740,1858.3489696052038,935.0979017455036,2473.0702485758147,445.7408666666672,517.6952153125005,111.86411095326264,0.19571428571428573,0.24571428571428572,0.0
PHASE 2,929,744000,744,1872.2217697398385,935.0979017455036,2473.0702485758147,448.83443791666724,523.5309761458338,112.48204445967538,0.19571428571428573,0.24571428571428572,0.0
PHASE 2,930,744800,744,1872.2217697398382,935.0979017455036,2473.0702485758147,448.83443791666724,523.5309761458337,112.48204445967538,0.19571428571428573,0.24571428571428572,0.0
PHASE 2,931,745600,744,1872.2217697398382,935.0979017455036,2473.0702485758147,448.83443791666724,523.5309761458337,112.48204445967538,0.19571428571428573,0.24571428571428572,0.0
PHASE 2,932,746400,744,1872.2217697398382,935.0979017455036,2473.0702485758147,448.83443791666724,523.5309761458337,112.48204445967538,0.19571428571428573,0.24571428571428572,0.0
PHASE 2,933,747200,744,1872.2217697398382,935.0979017455036,2473.0702485758147,448.83443791666724,523.5309761458337,112.48204445967538,0.19571428571428573,0.24571428571428572,0.0
PHASE 2,934,748000,748,1873.381288590335,935.0979017455036,2473.0702485758147,450.99741458333386,522.8049957291672,112.44735978473759,0.19571428571428573,0.24571428571428572,0.0
PHASE 2,935,748800,748,1873.381288590335,935.0979017455036,2473.0702485758147,450.99741458333386,522.8049957291671,112.44735978473759,0.19571428571428573,0.24571428571428572,0.0
PHASE 2,936,749600,748,1873.381288590335,935.0979017455036,2473.0702485758147,450.99741458333386,522.8049957291671,112.44735978473759,0.19571428571428573,0.24571428571428572,0.0
PHASE 2,937,750400,748,1873.381288590335,935.0979017455036,2473.0702485758147,450.99741458333386,522.8049957291671,112.44735978473759,0.19571428571428573,0.24571428571428572,0.0
PHASE 2,938,751200,748,1873.381288590335,935.0979017455036,2473.0702485758147,450.99741458333386,522.8049957291671,112.44735978473759,0.19571428571428573,0.24571428571428572,0.0
PHASE 2,939,752000,752,1895.0166704663645,935.0979017455036,2473.0702485758147,455.6386262500005,529.6914836458337,113.71082007132472,0.19571428571428573,0.24571428571428572,0.0
PHASE 2,940,752800,752,1895.016670466365,935.0979017455036,2473.0702485758147,455.6386262500005,529.6914836458338,113.71082007132475,0.19571428571428573,0.24571428571428572,0.0
PHASE 2,941,753600,752,1895.016670466365,935.0979017455036,2473.0702485758147,455.6386262500005,529.6914836458338,113.71082007132475,0.19571428571428573,0.24571428571428572,0.0
PHASE 2,942,754400,752,1895.016670466365,935.0979017455036,2473.0702485758147,455.6386262500005,529.6914836458338,113.71082007132475,0.19571428571428573,0.24571428571428572,0.0
PHASE 2,943,755200,752,1895.016670466365,935.0979017455036,2473.0702485758147,455.6386262500005,529.6914836458338,113.71082007132475,0.19571428571428573,0.24571428571428572,0.0
PHASE 2,944,756000,756,1907.8151200659763,935.0979017455036,2473.0702485758147,459.5321145833339,532.9885086458338,114.41181210460957,0.19571428571428573,0.24571428571428572,0.0
PHASE 2,945,756800,756,1907.8151200659763,935.0979017455036,2473.0702485758147,459.5321145833339,532.9885086458338,114.41181210460957,0.19571428571428573,0.24571428571428572,0.0
PHASE 2,946,757600,756,1907.8151200659763,935.0979017455036,2473.0702485758147,459.5321145833339,532.9885086458338,114.41181210460957,0.19571428571428573,0.24571428571428572,0.0
PHASE 2,947,758400,756,1907.8151200659763,935.0979017455036,2473.0702485758147,459.5321145833339,532.9885086458338,114.41181210460957,0.19571428571428573,0.24571428571428572,0.0
PHASE 2,948,759200,756,1907.8151200659763,935.0979017455036,2473.0702485758147,459.5321145833339,532.9885086458338,114.41181210460957,0.19571428571428573,0.24571428571428572,0.0
PHASE 2,949,760000,760,1917.2032847257744,935.0979017455036,2473.0702485758147,464.76768041666713,532.6797365625005,114.96948346833452,0.19571428571428573,0.24571428571428572,0.0
PHASE 2,950,760800,760,1917.2032847257742,935.0979017455036,2473.0702485758147,464.76768041666713,532.6797365625006,114.96948346833452,0.19571428571428573,0.24571428571428572,0.0
PHASE 2,951,761600,760,1917.2032847257742,935.0979017455036,2473.0702485758147,464.76768041666713,532.6797365625006,114.96948346833452,0.19571428571428573,0.24571428571428572,0.0
PHASE 2,952,762400,760,1917.2032847257742,935.0979017455036,2473.0702485758147,464.76768041666713,532.6797365625006,114.96948346833452,0.19571428571428573,0.24571428571428572,0.0
PHASE 2,953,763200,760,1917.2032847257742,935.0979017455036,2473.0702485758147,464.76768041666713,532.6797365625006,114.96948346833452,0.19571428571428573,0.24571428571428572,0.0
PHASE 2,954,764000,764,1916.5314864157208,935.0979017455036,2473.0702485758147,466.04404416666716,531.6745104166672,114.85161647905697,0.19571428571428573,0.24571428571428572,0.0
PHASE 2,955,764800,764,1916.5314864157212,935.0979017455036,2473.0702485758147,466.04404416666716,531.6745104166672,114.85161647905697,0.19571428571428573,0.24571428571428572,0.0
PHASE 2,956,765600,764,1916.5314864157212,935.0979017455036,2473.0702485758147,466.04404416666716,531.6745104166672,114.85161647905697,0.19571428571428573,0.24571428571428572,0.0
PHASE 2,957,766400,764,1916.5314864157212,935.0979017455036,2473.0702485758147,466.04404416666716,531.6745104166672,114.85161647905697,0.19571428571428573,0.24571428571428572,0.0
PHASE 2,958,767200,764,1916.5314864157212,935.0979017455036,2473.0702485758147,466.04404416666716,531.6745104166672,114.85161647905697,0.19571428571428573,0.24571428571428572,0.0
PHASE 2,959,768000,768,1925.602831161748,935.0979017455036,2473.0702485758147,462.77423208333386,540.1655873958339,115.33287646033114,0.19571428571428573,0.24571428571428572,0.0
PHASE 2,960,768800,768,1925.6028311617474,935.0979017455036,2473.0702485758147,462.77423208333386,540.1655873958338,115.33287646033114,0.19571428571428573,0.24571428571428572,0.0
PHASE 2,961,769600,768,1925.6028311617474,935.0979017455036,2473.0702485758147,462.77423208333386,540.1655873958338,115.33287646033114,0.19571428571428573,0.24571428571428572,0.0
PHASE 2,962,770400,768,1925.6028311617474,935.0979017455036,2473.0702485758147,462.77423208333386,540.1655873958338,115.33287646033114,0.19571428571428573,0.24571428571428572,0.0
PHASE 2,963,771200,768,1925.6028311617474,935.0979017455036,2473.0702485758147,462.77423208333386,540.1655873958338,115.33287646033114,0.19571428571428573,0.24571428571428572,0.0
PHASE 2,964,772000,772,1930.6145061899158,935.0979017455036,2473.0702485758147,465.2431879166672,542.5145966666671,115.35709020083137,0.19571428571428573,0.24571428571428572,0.0
PHASE 2,965,772800,772,1930.6145061899158,935.0979017455036,2473.0702485758147,465.24318791666724,542.5145966666671,115.35709020083137,0.19571428571428573,0.24571428571428572,0.0
PHASE 2,966,773600,772,1930.6145061899158,935.0979017455036,2473.0702485758147,465.24318791666724,542.5145966666671,115.35709020083137,0.19571428571428573,0.24571428571428572,0.0
PHASE 2,967,774400,772,1930.6145061899158,935.0979017455036,2473.0702485758147,465.24318791666724,542.5145966666671,115.35709020083137,0.19571428571428573,0.24571428571428572,0.0
PHASE 2,968,775200,772,1930.6145061899158,935.0979017455036,2473.0702485758147,465.24318791666724,542.5145966666671,115.35709020083137,0.19571428571428573,0.24571428571428572,0.0
PHASE 2,969,776000,776,1932.2213943306251,935.0979017455036,2473.0702485758147,465.9300304166673,543.9694195833339,115.29024304133674,0.19571428571428573,0.24571428571428572,0.0
PHASE 2,970,776800,776,1932.2213943306256,935.0979017455036,2473.0702485758147,465.93003041666714,543.9694195833338,115.29024304133672,0.19571428571428573,0.24571428571428572,0.0
PHASE 2,971,777600,776,1932.2213943306256,935.0979017455036,2473.0702485758147,465.93003041666714,543.9694195833338,115.29024304133672,0.19571428571428573,0.24571428571428572,0.0
PHASE 2,972,778400,776,1932.2213943306256,935.0979017455036,2473.0702485758147,465.93003041666714,543.9694195833338,115.29024304133672,0.19571428571428573,0.24571428571428572,0.0
PHASE 2,973,779200,776,1932.2213943306256,935.0979017455036,2473.0702485758147,465.93003041666714,543.9694195833338,115.29024304133672,0.19571428571428573,0.24571428571428572,0.0
PHASE 2,974,780000,780,1937.998850255531,935.0979017455036,2473.0702485758147,472.4040354166671,541.3389833333338,115.53197893819987,0.19571428571428573,0.24571428571428572,0.0
PHASE 2,975,780800,780,1937.998850255531,935.0979017455036,2473.0702485758147,472.40403541666717,541.3389833333338,115.53197893819987,0.19571428571428573,0.24571428571428572,0.0
PHASE 2,976,781600,780,1937.998850255531,935.0979017455036,2473.0702485758147,472.40403541666717,541.3389833333338,115.53197893819987,0.19571428571428573,0.24571428571428572,0.0
PHASE 2,977,782400,780,1937.998850255531,935.0979017455036,2473.0702485758147,472.40403541666717,541.3389833333338,115.53197893819987,0.19571428571428573,0.24571428571428572,0.0
PHASE 2,978,783200,780,1937.998850255531,935.0979017455036,2473.0702485758147,472.40403541666717,541.3389833333338,115.53197893819987,0.19571428571428573,0.24571428571428572,0.0
PHASE 2,979,784000,784,1944.1323122423796,935.0979017455036,2473.0702485758147,473.0033741666672,543.8313625000005,115.91219694697256,0.19571428571428573,0.24571428571428572,0.0
PHASE 2,980,784800,784,1944.1323122423794,935.0979017455036,2473.0702485758147,473.00337416666713,543.8313625000005,115.91219694697256,0.19571428571428573,0.24571428571428572,0.0
PHASE 2,981,785600,784,1944.1323122423794,935.0979017455036,2473.0702485758147,473.00337416666713,543.8313625000005,115.91219694697256,0.19571428571428573,0.24571428571428572,0.0
PHASE 2,982,786400,784,1944.1323122423794,935.0979017455036,2473.0702485758147,473.00337416666713,543.8313625000005,115.91219694697256,0.19571428571428573,0.24571428571428572,0.0
PHASE 2,983,787200,784,1944.1323122423794,935.0979017455036,2473.0702485758147,473.00337416666713,543.8313625000005,115.91219694697256,0.19571428571428573,0.24571428571428572,0.0
PHASE 2,984,788000,788,1957.3694156672584,935.0979017455036,2473.0702485758147,482.4763612500004,543.4674667708339,116.42819845581167,0.19571428571428573,0.24571428571428572,0.0
PHASE 2,985,788800,788,1957.3694156672584,935.0979017455036,2473.0702485758147,482.4763612500005,543.4674667708337,116.42819845581165,0.19571428571428573,0.24571428571428572,0.0
PHASE 2,986,789600,788,1957.3694156672584,935.0979017455036,2473.0702485758147,482.4763612500005,543.4674667708337,116.42819845581165,0.19571428571428573,0.24571428571428572,0.0
PHASE 2,987,790400,788,1957.3694156672584,935.0979017455036,2473.0702485758147,482.4763612500005,543.4674667708337,116.42819845581165,0.19571428571428573,0.24571428571428572,0.0
PHASE 2,988,791200,788,1957.3694156672584,935.0979017455036,2473.0702485758147,482.4763612500005,543.4674667708337,116.42819845581165,0.19571428571428573,0.24571428571428572,0.0
PHASE 2,989,792000,792,1957.3714272158454,935.0979017455036,2473.0702485758147,484.4153487500005,542.1667171875004,116.34867015980177,0.19571428571428573,0.24571428571428572,0.0
PHASE 2,990,792800,792,1957.3714272158456,935.0979017455036,2473.0702485758147,484.4153487500005,542.1667171875004,116.34867015980178,0.19571428571428573,0.24571428571428572,0.0
PHASE 2,991,793600,792,1957.3714272158456,935.0979017455036,2473.0702485758147,484.4153487500005,542.1667171875004,116.34867015980178,0.19571428571428573,0.24571428571428572,0.0
PHASE 2,992,794400,792,1957.3714272158456,935.0979017455036,2473.0702485758147,484.4153487500005,542.1667171875004,116.34867015980178,0.19571428571428573,0.24571428571428572,0.0
PHASE 2,993,795200,792,1957.3714272158456,935.0979017455036,2473.0702485758147,484.4153487500005,542.1667171875004,116.34867015980178,0.19571428571428573,0.24571428571428572,0.0
PHASE 2,994,796000,796,1978.8030238262718,935.0979017455036,2473.0702485758147,489.20118291666716,549.9815590625004,117.45253523089683,0.19571428571428573,0.24571428571428572,0.0
PHASE 2,995,796800,796,1978.8030238262716,935.0979017455036,2473.0702485758147,489.2011829166671,549.9815590625005,117.45253523089683,0.19571428571428573,0.24571428571428572,0.0
PHASE 2,996,797600,796,1978.8030238262716,935.0979017455036,2473.0702485758147,489.2011829166671,549.9815590625005,117.45253523089683,0.19571428571428573,0.24571428571428572,0.0
PHASE 2,997,798400,796,1978.8030238262716,935.0979017455036,2473.0702485758147,489.2011829166671,549.9815590625005,117.45253523089683,0.19571428571428573,0.24571428571428572,0.0
PHASE 2,998,799200,796,1978.8030238262716,935.0979017455036,2473.0702485758147,489.2011829166671,549.9815590625005,117.45253523089683,0.19571428571428573,0.24571428571428572,0.0
PHASE 2,999,800000,800,1983.9744493460523,935.0979017455036,2473.0702485758147,493.32871000000046,548.8237803125005,117.72774487920273,0.19571428571428573,0.24571428571428572,0.0
PHASE 2,1000,800800,800,1983.9744493460528,935.0979017455036,2473.0702485758147,493.32871000000046,548.8237803125005,117.72774487920275,0.19571428571428573,0.24571428571428572,0.0
PHASE 2,1001,801600,800,1983.9744493460528,935.0979017455036,2473.0702485758147,493.32871000000046,548.8237803125005,117.72774487920275,0.19571428571428573,0.24571428571428572,0.0
PHASE 2,1002,802400,800,1983.9744493460528,935.0979017455036,2473.0702485758147,493.32871000000046,548.8237803125005,117.72774487920275,0.19571428571428573,0.24571428571428572,0.0
PHASE 2,1003,803200,800,1983.9744493460528,935.0979017455036,2473.0702485758147,493.32871000000046,548.8237803125005,117.72774487920275,0.19571428571428573,0.24571428571428572,0.0
PHASE 2,1004,804000,804,1989.8051563114618,935.0979017455036,2473.0702485758147,497.44469125000046,548.8417967708339,117.9398335363372,0.19571428571428573,0.24571428571428572,0.0
PHASE 2,1005,804800,804,1989.8051563114618,935.0979017455036,2473.0702485758147,497.44469125000046,548.8417967708339,117.9398335363372,0.19571428571428573,0.24571428571428572,0.0
PHASE 2,1006,805600,804,1989.8051563114618,935.0979017455036,2473.0702485758147,497.44469125000046,548.8417967708339,117.9398335363372,0.19571428571428573,0.24571428571428572,0.0
PHASE 2,1007,806400,804,1989.8051563114618,935.0979017455036,2473.0702485758147,497.44469125000046,548.8417967708339,117.9398335363372,0.19571428571428573,0.24571428571428572,0.0
PHASE 2,1008,807200,804,1989.8051563114618,935.0979017455036,2473.0702485758147,497.44469125000046,548.8417967708339,117.9398335363372,0.19571428571428573,0.24571428571428572,0.0
PHASE 2,1009,808000,808,1976.7344311586787,935.0979017455036,2578.4424889092916,494.3828604166672,544.2798951041673,117.25895945473931,0.19571428571428573,0.24571428571428572,0.0
PHASE 2,1010,808800,808,1976.7344311586792,935.0979017455036,2578.4424889092916,494.3828604166672,544.2798951041672,117.25895945473931,0.19571428571428573,0.24571428571428572,0.0
PHASE 2,1011,809600,808,1976.7344311586792,935.0979017455036,2578.4424889092916,494.3828604166672,544.2798951041672,117.25895945473931,0.19571428571428573,0.24571428571428572,0.0
PHASE 2,1012,810400,808,1976.7344311586792,935.0979017455036,2578.4424889092916,494.3828604166672,544.2798951041672,117.25895945473931,0.19571428571428573,0.24571428571428572,0.0
PHASE 2,1013,811200,808,1976.7344311586792,935.0979017455036,2578.4424889092916,494.3828604166672,544.2798951041672,117.25895945473931,0.19571428571428573,0.24571428571428572,0.0
PHASE 2,1014,812000,812,1990.0599412431618,1140.297371511,2697.9000112323847,502.07392416666715,545.6124155208338,117.7967001944665,0.19571428571428573,0.24571428571428572,0.0
PHASE 2,1015,812800,812,1990.0599412431613,1140.297371511,2697.9000112323847,502.07392416666715,545.6124155208338,117.79670019446648,0.19571428571428573,0.24571428571428572,0.0
PHASE 2,1016,813600,812,1990.0599412431613,1140.297371511,2697.9000112323847,502.07392416666715,545.6124155208338,117.79670019446648,0.19571428571428573,0.24571428571428572,0.0
PHASE 2,1017,814400,812,1990.0599412431613,1140.297371511,2697.9000112323847,502.07392416666715,545.6124155208338,117.79670019446648,0.19571428571428573,0.24571428571428572,0.0
PHASE 2,1018,815200,812,1990.0599412431613,1140.297371511,2697.9000112323847,502.07392416666715,545.6124155208338,117.79670019446648,0.19571428571428573,0.24571428571428572,0.0
PHASE 2,1019,816000,816,1987.91598476107,1140.297371511,2697.9000112323847,503.10064166666706,543.5101230208338,117.66315250920498,0.19571428571428573,0.24571428571428572,0.0
PHASE 2,1020,816800,816,1987.91598476107,1140.297371511,2697.9000112323847,503.1006416666671,543.5101230208338,117.66315250920499,0.19571428571428573,0.24571428571428572,0.0
PHASE 2,1021,817600,816,1987.91598476107,1140.297371511,2697.9000112323847,503.1006416666671,543.5101230208338,117.66315250920499,0.19571428571428573,0.24571428571428572,0.0
PHASE 2,1022,818400,816,1987.91598476107,1140.297371511,2697.9000112323847,503.1006416666671,543.5101230208338,117.66315250920499,0.19571428571428573,0.24571428571428572,0.0
PHASE 2,1023,819200,816,1987.91598476107,1140.297371511,2697.9000112323847,503.1006416666671,543.5101230208338,117.66315250920499,0.19571428571428573,0.24571428571428572,0.0
PHASE 2,1024,820000,820,1989.6057254408797,1140.297371511,2697.9000112323847,505.42974625000045,542.3476021875005,117.72854712543132,0.19571428571428573,0.24571428571428572,0.0
PHASE 2,1025,820800,820,1989.6057254408797,1140.297371511,2697.9000112323847,505.4297462500004,542.3476021875005,117.72854712543132,0.19571428571428573,0.24571428571428572,0.0
PHASE 2,1026,821600,820,1989.6057254408797,1140.297371511,2697.9000112323847,505.4297462500004,542.3476021875005,117.72854712543132,0.19571428571428573,0.24571428571428572,0.0
PHASE 2,1027,822400,820,1989.6057254408797,1140.297371511,2697.9000112323847,505.4297462500004,542.3476021875005,117.72854712543132,0.19571428571428573,0.24571428571428572,0.0
PHASE 2,1028,823200,820,1989.6057254408797,1140.297371511,2697.9000112323847,505.4297462500004,542.3476021875005,117.72854712543132,0.19571428571428573,0.24571428571428572,0.0
PHASE 2,1029,824000,824,1991.2957659606423,1140.297371511,2697.9000112323847,508.1971212500004,542.0520192708339,117.63082817998487,0.19571428571428573,0.24571428571428572,0.0
PHASE 2,1030,824800,824,1991.2957659606427,1140.297371511,2697.9000112323847,508.19712125000046,542.0520192708339,117.63082817998486,0.19571428571428573,0.24571428571428572,0.0
PHASE 2,1031,825600,824,1991.2957659606427,1140.297371511,2697.9000112323847,508.19712125000046,542.0520192708339,117.63082817998486,0.19571428571428573,0.24571428571428572,0.0
PHASE 2,1032,826400,824,1991.2957659606427,1140.297371511,2697.9000112323847,508.19712125000046,542.0520192708339,117.63082817998486,0.19571428571428573,0.24571428571428572,0.0
PHASE 2,1033,827200,824,1991.2957659606427,1140.297371511,2697.9000112323847,508.19712125000046,542.0520192708339,117.63082817998486,0.19571428571428573,0.24571428571428572,0.0
PHASE 2,1034,828000,828,1994.6057073184513,1140.297371511,2697.9000112323847,506.5442604166672,544.8023867708339,117.90738251637768,0.19571428571428573,0.24571428571428572,0.0
PHASE 2,1035,828800,828,1994.6057073184513,1140.297371511,2697.9000112323847,506.5442604166671,544.8023867708339,117.90738251637765,0.19571428571428573,0.24571428571428572,0.0
PHASE 2,1036,829600,828,1994.6057073184513,1140.297371511,2697.9000112323847,506.5442604166671,544.8023867708339,117.90738251637765,0.19571428571428573,0.24571428571428572,0.0
PHASE 2,1037,830400,828,1994.6057073184513,1140.297371511,2697.9000112323847,506.5442604166671,544.8023867708339,117.90738251637765,0.19571428571428573,0.24571428571428572,0.0
PHASE 2,1038,831200,828,1994.6057073184513,1140.297371511,2697.9000112323847,506.5442604166671,544.8023867708339,117.90738251637765,0.19571428571428573,0.24571428571428572,0.0
PHASE 2,1039,832000,832,2004.9827980006373,1140.297371511,2697.9000112323847,511.2700383333338,545.6778001041671,118.50436994540094,0.19571428571428573,0.24571428571428572,0.0
PHASE 2,1040,832800,832,2004.9827980006373,1140.297371511,2697.9000112323847,511.27003833333373,545.6778001041671,118.50436994540094,0.19571428571428573,0.24571428571428572,0.0
PHASE 2,1041,833600,832,2004.9827980006373,1140.297371511,2697.9000112323847,511.27003833333373,545.6778001041671,118.50436994540094,0.19571428571428573,0.24571428571428572,0.0
PHASE 2,1042,834400,832,2004.9827980006373,1140.297371511,2697.9000112323847,511.27003833333373,545.6778001041671,118.50436994540094,0.19571428571428573,0.24571428571428572,0.0
PHASE 2,1043,835200,832,2004.9827980006373,1140.297371511,2697.9000112323847,511.27003833333373,545.6778001041671,118.50436994540094,0.19571428571428573,0.24571428571428572,0.0
PHASE 2,1044,836000,836,2016.9978736980745,1206.9802240678116,2697.9000112323847,515.1918437500004,548.7513826041671,119.13183091799732,0.19571428571428573,0.24571428571428572,0.0
PHASE 2,1045,836800,836,2016.997873698074,1206.9802240678116,2697.9000112323847,515.1918437500004,548.7513826041671,119.13183091799732,0.19571428571428573,0.24571428571428572,0.0
PHASE 2,1046,837600,836,2016.997873698074,1206.9802240678116,2697.9000112323847,515.1918437500004,548.7513826041671,119.13183091799732,0.19571428571428573,0.24571428571428572,0.0
PHASE 2,1047,838400,836,2016.997873698074,1206.9802240678116,2697.9000112323847,515.1918437500004,548.7513826041671,119.13183091799732,0.19571428571428573,0.24571428571428572,0.0
PHASE 2,1048,839200,836,2016.997873698074,1206.9802240678116,2697.9000112323847,515.1918437500004,548.7513826041671,119.13183091799732,0.19571428571428573,0.24571428571428572,0.0
PHASE 2,1049,840000,840,2016.276604681886,1206.9802240678116,2697.9000112323847,515.5194670833338,546.7534401041671,119.250462186807,0.19571428571428573,0.24571428571428572,0.0
PHASE 2,1050,840800,840,2016.276604681886,1206.9802240678116,2697.9000112323847,515.5194670833338,546.7534401041672,119.250462186807,0.19571428571428573,0.24571428571428572,0.0
PHASE 2,1051,841600,840,2016.276604681886,1206.9802240678116,2697.9000112323847,515.5194670833338,546.7534401041672,119.250462186807,0.19571428571428573,0.24571428571428572,0.0
PHASE 2,1052,842400,840,2016.276604681886,1206.9802240678116,2697.9000112323847,515.5194670833338,546.7534401041672,119.250462186807,0.19571428571428573,0.24571428571428572,0.0
PHASE 2,1053,843200,840,2016.276604681886,1206.9802240678116,2697.9000112323847,515.5194670833338,546.7534401041672,119.250462186807,0.19571428571428573,0.24571428571428572,0.0
PHASE 2,1054,844000,844,2002.8150718981335,1206.9802240678116,2697.9000112323847,516.4527604166672,536.9723596875006,118.67374397425444,0.19571428571428573,0.24571428571428572,0.0
PHASE 2,1055,844800,844,2002.8150718981333,1206.9802240678116,2697.9000112323847,516.4527604166672,536.9723596875006,118.67374397425444,0.19571428571428573,0.24571428571428572,0.0
PHASE 2,1056,845600,844,2002.8150718981333,1206.9802240678116,2697.9000112323847,516.4527604166672,536.9723596875006,118.67374397425444,0.19571428571428573,0.24571428571428572,0.0
PHASE 2,1057,846400,844,2002.8150718981333,1206.9802240678116,2697.9000112323847,516.4527604166672,536.9723596875006,118.67374397425444,0.19571428571428573,0.24571428571428572,0.0
PHASE 2,1058,847200,844,2002.8150718981333,1206.9802240678116,2697.9000112323847,516.4527604166672,536.9723596875006,118.67374397425444,0.19571428571428573,0.24571428571428572,0.0
PHASE 2,1059,848000,848,2016.3462836357578,1206.9802240678116,2697.9000112323847,516.7980383333338,543.3861930208338,119.52025653520737,0.19571428571428573,0.24571428571428572,0.0
PHASE 2,1060,848800,848,2016.3462836357583,1206.9802240678116,2697.9000112323847,516.7980383333338,543.3861930208338,119.5202565352074,0.19571428571428573,0.24571428571428572,0.0
PHASE 2,1061,849600,848,2016.3462836357583,1206.9802240678116,2697.9000112323847,516.7980383333338,543.3861930208338,119.5202565352074,0.19571428571428573,0.24571428571428572,0.0
PHASE 2,1062,850400,848,2016.3462836357583,1206.9802240678116,2697.9000112323847,516.7980383333338,543.3861930208338,119.5202565352074,0.19571428571428573,0.24571428571428572,0.0
PHASE 2,1063,851200,848,2016.3462836357583,1206.9802240678116,2697.9000112323847,516.7980383333338,543.3861930208338,119.5202565352074,0.19571428571428573,0.24571428571428572,0.0
PHASE 2,1064,852000,852,2024.9629250192434,1206.9802240678116,2697.9000112323847,520.4637395833338,544.4590363541671,120.00501863522635,0.19571428571428573,0.24571428571428572,0.0
PHASE 2,1065,852800,852,2024.9629250192427,1206.9802240678116,2697.9000112323847,520.4637395833339,544.4590363541672,120.00501863522635,0.19571428571428573,0.24571428571428572,0.0
PHASE 2,1066,853600,852,2024.9629250192427,1206.9802240678116,2697.9000112323847,520.4637395833339,544.4590363541672,120.00501863522635,0.19571428571428573,0.24571428571428572,0.0
PHASE 2,1067,854400,852,2024.9629250192427,1206.9802240678116,2697.9000112323847,520.4637395833339,544.4590363541672,120.00501863522635,0.19571428571428573,0.24571428571428572,0.0
PHASE 2,1068,855200,852,2024.9629250192427,1206.9802240678116,2697.9000112323847,520.4637395833339,544.4590363541672,120.00501863522635,0.19571428571428573,0.24571428571428572,0.0
PHASE 2,1069,856000,856,2035.6719241991836,1206.9802240678116,2697.9000112323847,524.7817625000006,547.1711796875005,120.46487275146897,0.19571428571428573,0.24571428571428572,0.0
PHASE 2,1070,856800,856,2035.671924199184,1206.9802240678116,2697.9000112323847,524.7817625000005,547.1711796875005,120.46487275146897,0.19571428571428573,0.24571428571428572,0.0
PHASE 2,1071,857600,856,2035.671924199184,1206.9802240678116,2697.9000112323847,524.7817625000005,547.1711796875005,120.46487275146897,0.19571428571428573,0.24571428571428572,0.0
PHASE 2,1072,858400,856,2035.671924199184,1206.9802240678116,2697.9000112323847,524.7817625000005,547.1711796875005,120.46487275146897,0.19571428571428573,0.24571428571428572,0.0
PHASE 2,1073,859200,856,2035.671924199184,1206.9802240678116,2697.9000112323847,524.7817625000005,547.1711796875005,120.46487275146897,0.19571428571428573,0.24571428571428572,0.0
PHASE 2,1074,860000,860,2038.2355094032093,1206.9802240678116,2697.9000112323847,523.2628262500006,550.8625542708338,120.51376611030537,0.19571428571428573,0.24571428571428572,0.0
PHASE 2,1075,860800,860,2038.2355094032093,1206.9802240678116,2697.9000112323847,523.2628262500007,550.8625542708339,120.51376611030541,0.19571428571428573,0.24571428571428572,0.0
PHASE 2,1076,861600,860,2038.2355094032093,1206.9802240678116,2697.9000112323847,523.2628262500007,550.8625542708339,120.51376611030541,0.19571428571428573,0.24571428571428572,0.0
PHASE 2,1077,862400,860,2038.2355094032093,1206.9802240678116,2697.9000112323847,523.2628262500007,550.8625542708339,120.51376611030541,0.19571428571428573,0.24571428571428572,0.0
PHASE 2,1078,863200,860,2038.2355094032093,1206.9802240678116,2697.9000112323847,523.2628262500007,550.8625542708339,120.51376611030541,0.19571428571428573,0.24571428571428572,0.0
PHASE 2,1079,864000,864,2045.9025916632659,1206.9802240678116,2697.9000112323847,526.0307630208339,550.9261545833339,121.1182092573956,0.19571428571428573,0.24571428571428572,0.0
PHASE 2,1080,864800,864,2045.9025916632659,1206.9802240678116,2697.9000112323847,526.0307630208339,550.9261545833339,121.1182092573956,0.19571428571428573,0.24571428571428572,0.0
PHASE 2,1081,865600,864,2045.9025916632659,1206.9802240678116,2697.9000112323847,526.0307630208339,550.9261545833339,121.1182092573956,0.19571428571428573,0.24571428571428572,0.0
PHASE 2,1082,866400,864,2045.9025916632659,1206.9802240678116,2697.9000112323847,526.0307630208339,550.9261545833339,121.1182092573956,0.19571428571428573,0.24571428571428572,0.0
PHASE 2,1083,867200,864,2045.9025916632659,1206.9802240678116,2697.9000112323847,526.0307630208339,550.9261545833339,121.1182092573956,0.19571428571428573,0.24571428571428572,0.0
PHASE 2,1084,868000,868,2050.6184966237834,1206.9802240678116,2697.9000112323847,532.2671963541671,547.8216662500005,121.31620425246027,0.19571428571428573,0.24571428571428572,0.0
PHASE 2,1085,868800,868,2050.618496623783,1206.9802240678116,2697.9000112323847,532.2671963541671,547.8216662500005,121.31620425246027,0.19571428571428573,0.24571428571428572,0.0
PHASE 2,1086,869600,868,2050.618496623783,1206.9802240678116,2697.9000112323847,532.2671963541671,547.8216662500005,121.31620425246027,0.19571428571428573,0.24571428571428572,0.0
PHASE 2,1087,870400,868,2050.618496623783,1206.9802240678116,2697.9000112323847,532.2671963541671,547.8216662500005,121.31620425246027,0.19571428571428573,0.24571428571428572,0.0
PHASE 2,1088,871200,868,2050.618496623783,1206.9802240678116,2697.9000112323847,532.2671963541671,547.8216662500005,121.31620425246027,0.19571428571428573,0.24571428571428572,0.0
PHASE 2,1089,872000,872,2058.332320572939,1206.9802240678116,2697.9000112323847,535.4997951041671,548.5137948958338,121.7898413216256,0.19571428571428573,0.24571428571428572,0.0
PHASE 2,1090,872800,872,2058.332320572939,1206.9802240678116,2697.9000112323847,535.4997951041671,548.5137948958338,121.78984132162563,0.19571428571428573,0.24571428571428572,0.0
PHASE 2,1091,873600,872,2058.332320572939,1206.9802240678116,2697.9000112323847,535.4997951041671,548.5137948958338,121.78984132162563,0.19571428571428573,0.24571428571428572,0.0
PHASE 2,1092,874400,872,2058.332320572939,1206.9802240678116,2697.9000112323847,535.4997951041671,548.5137948958338,121.78984132162563,0.19571428571428573,0.24571428571428572,0.0
PHASE 2,1093,875200,872,2058.332320572939,1206.9802240678116,2697.9000112323847,535.4997951041671,548.5137948958338,121.78984132162563,0.19571428571428573,0.24571428571428572,0.0
PHASE 2,1094,876000,876,2061.6896434796918,1206.9802240678116,2697.9000112323847,537.5842841666672,548.2237757291672,121.98519794799054,0.19571428571428573,0.24571428571428572,0.0
PHASE 2,1095,876800,876,2061.6896434796918,1206.9802240678116,2697.9000112323847,537.5842841666673,548.2237757291673,121.98519794799057,0.19571428571428573,0.24571428571428572,0.0
PHASE 2,1096,877600,876,2061.6896434796918,1206.9802240678116,2697.9000112323847,537.5842841666673,548.2237757291673,121.98519794799057,0.19571428571428573,0.24571428571428572,0.0
PHASE 2,1097,878400,876,2061.6896434796918,1206.9802240678116,2697.9000112323847,537.5842841666673,548.2237757291673,121.98519794799057,0.19571428571428573,0.24571428571428572,0.0
PHASE 2,1098,879200,876,2061.6896434796918,1206.9802240678116,2697.9000112323847,537.5842841666673,548.2237757291673,121.98519794799057,0.19571428571428573,0.24571428571428572,0.0
PHASE 2,1099,880000,880,2061.1449503478125,1394.4887016718249,2697.9000112323847,535.6193213541671,549.574282395834,121.99391832473471,0.19571428571428573,0.24571428571428572,0.0
PHASE 2,1100,880800,880,2061.144950347812,1394.4887016718249,2697.9000112323847,535.6193213541671,549.5742823958338,121.99391832473471,0.19571428571428573,0.24571428571428572,0.0
PHASE 2,1101,881600,880,2061.144950347812,1394.4887016718249,2697.9000112323847,535.6193213541671,549.5742823958338,121.99391832473471,0.19571428571428573,0.24571428571428572,0.0
PHASE 2,1102,882400,880,2061.144950347812,1394.4887016718249,2697.9000112323847,535.6193213541671,549.5742823958338,121.99391832473471,0.19571428571428573,0.24571428571428572,0.0
PHASE 2,1103,883200,880,2061.144950347812,1394.4887016718249,2697.9000112323847,535.6193213541671,549.5742823958338,121.99391832473471,0.19571428571428573,0.24571428571428572,0.0
PHASE 2,1104,884000,884,2066.517134599417,1394.4887016718249,2697.9000112323847,540.8457505208339,546.763871145834,122.36343911660202,0.19571428571428573,0.24571428571428572,0.0
PHASE 2,1105,884800,884,2066.517134599417,1394.4887016718249,2697.9000112323847,540.8457505208339,546.7638711458338,122.36343911660201,0.19571428571428573,0.24571428571428572,0.0
PHASE 2,1106,885600,884,2066.517134599417,1394.4887016718249,2697.9000112323847,540.8457505208339,546.7638711458338,122.36343911660201,0.19571428571428573,0.24571428571428572,0.0
PHASE 2,1107,886400,884,2066.517134599417,1394.4887016718249,2697.9000112323847,540.8457505208339,546.7638711458338,122.36343911660201,0.19571428571428573,0.24571428571428572,0.0
PHASE 2,1108,887200,884,2066.517134599417,1394.4887016718249,2697.9000112323847,540.8457505208339,546.7638711458338,122.36343911660201,0.19571428571428573,0.24571428571428572,0.0
PHASE 2,1109,888000,888,2063.6010329597543,1336.3119043148138,2697.9000112323847,541.4028526041672,544.8270772916671,122.17138788299822,0.19571428571428573,0.24571428571428572,0.0
PHASE 2,1110,888800,888,2063.6010329597543,1336.3119043148138,2697.9000112323847,541.4028526041672,544.8270772916671,122.17138788299822,0.19571428571428573,0.24571428571428572,0.0
PHASE 2,1111,889600,888,2063.6010329597543,1336.3119043148138,2697.9000112323847,541.4028526041672,544.8270772916671,122.17138788299822,0.19571428571428573,0.24571428571428572,0.0
PHASE 2,1112,890400,888,2063.6010329597543,1336.3119043148138,2697.9000112323847,541.4028526041672,544.8270772916671,122.17138788299822,0.19571428571428573,0.24571428571428572,0.0
PHASE 2,1113,891200,888,2063.6010329597543,1336.3119043148138,2697.9000112323847,541.4028526041672,544.8270772916671,122.17138788299822,0.19571428571428573,0.24571428571428572,0.0
PHASE 2,1114,892000,892,2072.168965942304,1336.3119043148138,2697.9000112323847,545.5408667708339,545.8025760416672,122.60319039123358,0.19571428571428573,0.24571428571428572,0.0
PHASE 2,1115,892800,892,2072.1689659423037,1336.3119043148138,2697.9000112323847,545.5408667708339,545.8025760416672,122.60319039123357,0.19571428571428573,0.24571428571428572,0.0
PHASE 2,1116,893600,892,2072.1689659423037,1336.3119043148138,2697.9000112323847,545.5408667708339,545.8025760416672,122.60319039123357,0.19571428571428573,0.24571428571428572,0.0
PHASE 2,1117,894400,892,2072.1689659423037,1336.3119043148138,2697.9000112323847,545.5408667708339,545.8025760416672,122.60319039123357,0.19571428571428573,0.24571428571428572,0.0
PHASE 2,1118,895200,892,2072.1689659423037,1336.3119043148138,2697.9000112323847,545.5408667708339,545.8025760416672,122.60319039123357,0.19571428571428573,0.24571428571428572,0.0
PHASE 2,1119,896000,896,2064.1826951588623,1336.3119043148138,2697.9000112323847,545.3638205208339,541.2159097916672,122.20037060580324,0.19571428571428573,0.24571428571428572,0.0
PHASE 2,1120,896800,896,2064.182695158862,1336.3119043148138,2697.9000112323847,545.3638205208339,541.2159097916671,122.20037060580326,0.19571428571428573,0.24571428571428572,0.0
PHASE 2,1121,897600,896,2064.182695158862,1336.3119043148138,2697.9000112323847,545.3638205208339,541.2159097916671,122.20037060580326,0.19571428571428573,0.24571428571428572,0.0
PHASE 2,1122,898400,896,2064.182695158862,1336.3119043148138,2697.9000112323847,545.3638205208339,541.2159097916671,122.20037060580326,0.19571428571428573,0.24571428571428572,0.0
PHASE 2,1123,899200,896,2064.182695158862,1336.3119043148138,2697.9000112323847,545.3638205208339,541.2159097916671,122.20037060580326,0.19571428571428573,0.24571428571428572,0.0
PHASE 2,1124,900000,900,2066.279161100001,1336.3119043148138,2697.9000112323847,544.2187626041672,543.4521402083338,122.32603228594554,0.19571428571428573,0.24571428571428572,0.0
PHASE 2,1125,900800,900,2066.279161100001,1336.3119043148138,2697.9000112323847,544.2187626041672,543.4521402083338,122.32603228594553,0.19571428571428573,0.24571428571428572,0.0
PHASE 2,1126,901600,900,2066.279161100001,1336.3119043148138,2697.9000112323847,544.2187626041672,543.4521402083338,122.32603228594553,0.19571428571428573,0.24571428571428572,0.0
PHASE 2,1127,902400,900,2066.279161100001,1336.3119043148138,2697.9000112323847,544.2187626041672,543.4521402083338,122.32603228594553,0.19571428571428573,0.24571428571428572,0.0
PHASE 2,1128,903200,900,2066.279161100001,1336.3119043148138,2697.9000112323847,544.2187626041672,543.4521402083338,122.32603228594553,0.19571428571428573,0.24571428571428572,0.0
PHASE 2,1129,904000,904,2060.023812785186,1336.3119043148138,2697.9000112323847,541.5358863541671,541.2256479166672,122.15778481430192,0.19571428571428573,0.24571428571428572,0.0
PHASE 2,1130,904800,904,2060.023812785186,1336.3119043148138,2697.9000112323847,541.5358863541671,541.2256479166672,122.15778481430192,0.19571428571428573,0.24571428571428572,0.0
PHASE 2,1131,905600,904,2060.023812785186,1336.3119043148138,2697.9000112323847,541.5358863541671,541.2256479166672,122.15778481430192,0.19571428571428573,0.24571428571428572,0.0
PHASE 2,1132,906400,904,2060.023812785186,1336.3119043148138,2697.9000112323847,541.5358863541671,541.2256479166672,122.15778481430192,0.19571428571428573,0.24571428571428572,0.0
PHASE 2,1133,907200,904,2060.023812785186,1336.3119043148138,2697.9000112323847,541.5358863541671,541.2256479166672,122.15778481430192,0.19571428571428573,0.24571428571428572,0.0
PHASE 2,1134,908000,908,2060.4305171407223,1336.3119043148138,2697.9000112323847,540.8971492708338,542.8836287500005,122.0812173899941,0.19571428571428573,0.24571428571428572,0.0
PHASE 2,1135,908800,908,2060.4305171407223,1336.3119043148138,2697.9000112323847,540.8971492708338,542.8836287500005,122.0812173899941,0.19571428571428573,0.24571428571428572,0.0
PHASE 2,1136,909600,908,2060.4305171407223,1336.3119043148138,2697.9000112323847,540.8971492708338,542.8836287500005,122.0812173899941,0.19571428571428573,0.24571428571428572,0.0
PHASE 2,1137,910400,908,2060.4305171407223,1336.3119043148138,2697.9000112323847,540.8971492708338,542.8836287500005,122.0812173899941,0.19571428571428573,0.24571428571428572,0.0
PHASE 2,1138,911200,908,2060.4305171407223,1336.3119043148138,2697.9000112323847,540.8971492708338,542.8836287500005,122.0812173899941,0.19571428571428573,0.24571428571428572,0.0
PHASE 2,1139,912000,912,2071.865742430611,1336.3119043148138,2553.8106186008763,541.3733901041672,549.0031829166672,122.68614617623011,0.19571428571428573,0.24571428571428572,0.0
PHASE 2,1140,912800,912,2071.865742430611,1336.3119043148138,2553.8106186008763,541.3733901041672,549.0031829166671,122.68614617623008,0.19571428571428573,0.24571428571428572,0.0
PHASE 2,1141,913600,912,2071.865742430611,1336.3119043148138,2553.8106186008763,541.3733901041672,549.0031829166671,122.68614617623008,0.19571428571428573,0.24571428571428572,0.0
PHASE 2,1142,914400,912,2071.865742430611,1336.3119043148138,2553.8106186008763,541.3733901041672,549.0031829166671,122.68614617623008,0.19571428571428573,0.24571428571428572,0.0
PHASE 2,1143,915200,912,2071.865742430611,1336.3119043148138,2553.8106186008763,541.3733901041672,549.0031829166671,122.68614617623008,0.19571428571428573,0.24571428571428572,0.0
PHASE 2,1144,916000,916,2068.6536223900134,1336.3119043148138,2553.8106186008763,540.9570467708338,547.3249000000005,122.54645945240526,0.19571428571428573,0.24571428571428572,0.0
PHASE 2,1145,916800,916,2068.6536223900134,1336.3119043148138,2553.8106186008763,540.9570467708339,547.3249000000005,122.54645945240523,0.19571428571428573,0.24571428571428572,0.0
PHASE 2,1146,917600,916,2068.6536223900134,1336.3119043148138,2553.8106186008763,540.9570467708339,547.3249000000005,122.54645945240523,0.19571428571428573,0.24571428571428572,0.0
PHASE 2,1147,918400,916,2068.6536223900134,1336.3119043148138,2553.8106186008763,540.9570467708339,547.3249000000005,122.54645945240523,0.19571428571428573,0.24571428571428572,0.0
PHASE 2,1148,919200,916,2068.6536223900134,1336.3119043148138,2553.8106186008763,540.9570467708339,547.3249000000005,122.54645945240523,0.19571428571428573,0.24571428571428572,0.0
PHASE 2,1149,920000,920,2061.190907245765,1336.3119043148138,2553.8106186008763,537.2361371875005,546.5589716666672,122.17447479895745,0.19571428571428573,0.24571428571428572,0.0
PHASE 2,1150,920800,920,2061.190907245765,1336.3119043148138,2553.8106186008763,537.2361371875004,546.5589716666672,122.17447479895745,0.19571428571428573,0.24571428571428572,0.0
PHASE 2,1151,921600,920,2061.190907245765,1336.3119043148138,2553.8106186008763,537.2361371875004,546.5589716666672,122.17447479895745,0.19571428571428573,0.24571428571428572,0.0
PHASE 2,1152,922400,920,2061.190907245765,1336.3119043148138,2553.8106186008763,537.2361371875004,546.5589716666672,122.17447479895745,0.19571428571428573,0.24571428571428572,0.0
PHASE 2,1153,923200,920,2061.190907245765,1336.3119043148138,2553.8106186008763,537.2361371875004,546.5589716666672,122.17447479895745,0.19571428571428573,0.24571428571428572,0.0
PHASE 2,1154,924000,924,2055.1118490561303,1336.3119043148138,2553.8106186008763,533.9692913541671,546.1043483333339,121.8797761710863,0.19571428571428573,0.24571428571428572,0.0
PHASE 2,1155,924800,924,2055.1118490561303,1336.3119043148138,2553.8106186008763,533.9692913541671,546.1043483333339,121.8797761710863,0.19571428571428573,0.24571428571428572,0.0
PHASE 2,1156,925600,924,2055.1118490561303,1336.3119043148138,2553.8106186008763,533.9692913541671,546.1043483333339,121.8797761710863,0.19571428571428573,0.24571428571428572,0.0
PHASE 2,1157,926400,924,2055.1118490561303,1336.3119043148138,2553.8106186008763,533.9692913541671,546.1043483333339,121.8797761710863,0.19571428571428573,0.24571428571428572,0.0
PHASE 2,1158,927200,924,2055.1118490561303,1336.3119043148138,2553.8106186008763,533.9692913541671,546.1043483333339,121.8797761710863,0.19571428571428573,0.24571428571428572,0.0
PHASE 2,1159,928000,928,2051.8348884743364,1336.3119043148138,2553.8106186008763,536.3964292708338,541.7414158333338,121.71213042127874,0.19571428571428573,0.24571428571428572,0.0
PHASE 2,1160,928800,928,2051.8348884743364,1336.3119043148138,2553.8106186008763,536.3964292708339,541.7414158333338,121.71213042127874,0.19571428571428573,0.24571428571428572,0.0
PHASE 2,1161,929600,928,2051.8348884743364,1336.3119043148138,2553.8106186008763,536.3964292708339,541.7414158333338,121.71213042127874,0.19571428571428573,0.24571428571428572,0.0
PHASE 2,1162,930400,928,2051.8348884743364,1336.3119043148138,2553.8106186008763,536.3964292708339,541.7414158333338,121.71213042127874,0.19571428571428573,0.24571428571428572,0.0
PHASE 2,1163,931200,928,2051.8348884743364,1336.3119043148138,2553.8106186008763,536.3964292708339,541.7414158333338,121.71213042127874,0.19571428571428573,0.24571428571428572,0.0
PHASE 2,1164,932000,932,2055.0947584041405,1336.3119043148138,2553.8106186008763,533.763370520834,546.2847095833338,121.88083478750403,0.19571428571428573,0.24571428571428572,0.0
PHASE 2,1165,932800,932,2055.094758404141,1336.3119043148138,2553.8106186008763,533.7633705208339,546.2847095833338,121.88083478750403,0.19571428571428573,0.24571428571428572,0.0
PHASE 2,1166,933600,932,2055.094758404141,1336.3119043148138,2553.8106186008763,533.7633705208339,546.2847095833338,121.88083478750403,0.19571428571428573,0.24571428571428572,0.0
PHASE 2,1167,934400,932,2055.094758404141,1336.3119043148138,2553.8106186008763,533.7633705208339,546.2847095833338,121.88083478750403,0.19571428571428573,0.24571428571428572,0.0
PHASE 2,1168,935200,932,2055.094758404141,1336.3119043148138,2553.8106186008763,533.7633705208339,546.2847095833338,121.88083478750403,0.19571428571428573,0.24571428571428572,0.0
PHASE 2,1169,936000,936,2051.561273750747,1336.3119043148138,2553.8106186008763,532.7352126041671,544.8985779166673,121.7409354037464,0.19571428571428573,0.24571428571428572,0.0
PHASE 2,1170,936800,936,2051.561273750747,1336.3119043148138,2553.8106186008763,532.7352126041671,544.8985779166673,121.7409354037464,0.19571428571428573,0.24571428571428572,0.0
PHASE 2,1171,937600,936,2051.561273750747,1336.3119043148138,2553.8106186008763,532.7352126041671,544.8985779166673,121.7409354037464,0.19571428571428573,0.24571428571428572,0.0
PHASE 2,1172,938400,936,2051.561273750747,1336.3119043148138,2553.8106186008763,532.7352126041671,544.8985779166673,121.7409354037464,0.19571428571428573,0.24571428571428572,0.0
PHASE 2,1173,939200,936,2051.561273750747,1336.3119043148138,2553.8106186008763,532.7352126041671,544.8985779166673,121.7409354037464,0.19571428571428573,0.24571428571428572,0.0
PHASE 2,1174,940000,940,2039.276531345342,1336.3119043148138,2553.8106186008763,529.0876446875004,541.2413025000005,121.11844801973723,0.19571428571428573,0.24571428571428572,0.0
PHASE 2,1175,940800,940,2039.2765313453422,1336.3119043148138,2553.8106186008763,529.0876446875004,541.2413025000004,121.11844801973723,0.19571428571428573,0.24571428571428572,0.0
PHASE 2,1176,941600,940,2039.2765313453422,1336.3119043148138,2553.8106186008763,529.0876446875004,541.2413025000004,121.11844801973723,0.19571428571428573,0.24571428571428572,0.0
PHASE 2,1177,942400,940,2039.2765313453422,1336.3119043148138,2553.8106186008763,529.0876446875004,541.2413025000004,121.11844801973723,0.19571428571428573,0.24571428571428572,0.0
PHASE 2,1178,943200,940,2039.2765313453422,1336.3119043148138,2553.8106186008763,529.0876446875004,541.2413025000004,121.11844801973723,0.19571428571428573,0.24571428571428572,0.0
PHASE 2,1179,944000,944,2041.8304764861293,1336.3119043148138,2553.8106186008763,526.6373463541671,546.3905529166672,121.10032215191903,0.19571428571428573,0.24571428571428572,0.0
PHASE 2,1180,944800,944,2041.8304764861293,1336.3119043148138,2553.8106186008763,526.6373463541672,546.3905529166673,121.10032215191903,0.19571428571428573,0.24571428571428572,0.0
PHASE 2,1181,945600,944,2041.8304764861293,1336.3119043148138,2553.8106186008763,526.6373463541672,546.3905529166673,121.10032215191903,0.19571428571428573,0.24571428571428572,0.0
PHASE 2,1182,946400,944,2041.8304764861293,1336.3119043148138,2553.8106186008763,526.6373463541672,546.3905529166673,121.10032215191903,0.19571428571428573,0.24571428571428572,0.0
PHASE 2,1183,947200,944,2041.8304764861293,1336.3119043148138,2553.8106186008763,526.6373463541672,546.3905529166673,121.10032215191903,0.19571428571428573,0.24571428571428572,0.0
PHASE 2,1184,948000,948,2036.8530883979793,1336.3119043148138,2553.8106186008763,528.4432255208338,542.7375975000006,120.70903317215017,0.19571428571428573,0.24571428571428572,0.0
PHASE 2,1185,948800,948,2036.8530883979793,1336.3119043148138,2553.8106186008763,528.4432255208338,542.7375975000007,120.7090331721502,0.19571428571428573,0.24571428571428572,0.0
PHASE 2,1186,949600,948,2036.8530883979793,1336.3119043148138,2553.8106186008763,528.4432255208338,542.7375975000007,120.7090331721502,0.19571428571428573,0.24571428571428572,0.0
PHASE 2,1187,950400,948,2036.8530883979793,1336.3119043148138,2553.8106186008763,528.4432255208338,542.7375975000007,120.7090331721502,0.19571428571428573,0.24571428571428572,0.0
PHASE 2,1188,951200,948,2036.8530883979793,1336.3119043148138,2553.8106186008763,528.4432255208338,542.7375975000007,120.7090331721502,0.19571428571428573,0.24571428571428572,0.0
PHASE 2,1189,952000,952,2019.3985600228282,1336.3119043148138,2553.333323526493,521.2836742708338,541.0556212500006,119.63240806275624,0.19571428571428573,0.24571428571428572,0.0
PHASE 2,1190,952800,952,2019.398560022828,1336.3119043148138,2553.333323526493,521.2836742708339,541.0556212500005,119.63240806275623,0.19571428571428573,0.24571428571428572,0.0
PHASE 2,1191,953600,952,2019.398560022828,1336.3119043148138,2553.333323526493,521.2836742708339,541.0556212500005,119.63240806275623,0.19571428571428573,0.24571428571428572,0.0
PHASE 2,1192,954400,952,2019.398560022828,1336.3119043148138,2553.333323526493,521.2836742708339,541.0556212500005,119.63240806275623,0.19571428571428573,0.24571428571428572,0.0
PHASE 2,1193,955200,952,2019.398560022828,1336.3119043148138,2553.333323526493,521.2836742708339,541.0556212500005,119.63240806275623,0.19571428571428573,0.24571428571428572,0.0
PHASE 2,1194,956000,956,2016.090744824021,1336.3119043148138,2553.333323526493,517.8910976041673,543.4047995833339,119.349355954572,0.19571428571428573,0.24571428571428572,0.0
PHASE 2,1195,956800,956,2016.090744824021,1336.3119043148138,2553.333323526493,517.8910976041672,543.4047995833338,119.34935595457202,0.19571428571428573,0.24571428571428572,0.0
PHASE 2,1196,957600,956,2016.090744824021,1336.3119043148138,2553.333323526493,517.8910976041672,543.4047995833338,119.34935595457202,0.19571428571428573,0.24571428571428572,0.0
PHASE 2,1197,958400,956,2016.090744824021,1336.3119043148138,2553.333323526493,517.8910976041672,543.4047995833338,119.34935595457202,0.19571428571428573,0.24571428571428572,0.0
PHASE 2,1198,959200,956,2016.090744824021,1336.3119043148138,2553.333323526493,517.8910976041672,543.4047995833338,119.34935595457202,0.19571428571428573,0.24571428571428572,0.0
PHASE 2,1199,960000,960,2010.9499522825288,1336.3119043148138,2553.333323526493,517.6631255208339,539.9454287500005,119.16767475146877,0.19571428571428573,0.24571428571428572,0.0
PHASE 2,1200,960800,960,2010.9499522825288,1336.3119043148138,2553.333323526493,517.6631255208339,539.9454287500005,119.16767475146877,0.19571428571428573,0.24571428571428572,0.0
PHASE 2,1201,961600,960,2010.9499522825288,1336.3119043148138,2553.333323526493,517.6631255208339,539.9454287500005,119.16767475146877,0.19571428571428573,0.24571428571428572,0.0
PHASE 2,1202,962400,960,2010.9499522825288,1336.3119043148138,2553.333323526493,517.6631255208339,539.9454287500005,119.16767475146877,0.19571428571428573,0.24571428571428572,0.0
PHASE 2,1203,963200,960,2010.9499522825288,1336.3119043148138,2553.333323526493,517.6631255208339,539.9454287500005,119.16767475146877,0.19571428571428573,0.24571428571428572,0.0
PHASE 2,1204,964000,964,2012.1043269113156,1336.3119043148138,2553.333323526493,516.6622450000006,542.2573816666672,119.14808753058806,0.19571428571428573,0.24571428571428572,0.0
PHASE 2,1205,964800,964,2012.104326911316,1336.3119043148138,2553.333323526493,516.6622450000007,542.2573816666671,119.14808753058806,0.19571428571428573,0.24571428571428572,0.0
PHASE 2,1206,965600,964,2012.104326911316,1336.3119043148138,2553.333323526493,516.6622450000007,542.2573816666671,119.14808753058806,0.19571428571428573,0.24571428571428572,0.0
PHASE 2,1207,966400,964,2012.104326911316,1336.3119043148138,2553.333323526493,516.6622450000007,542.2573816666671,119.14808753058806,0.19571428571428573,0.24571428571428572,0.0
PHASE 2,1208,967200,964,2012.104326911316,1336.3119043148138,2553.333323526493,516.6622450000007,542.2573816666671,119.14808753058806,0.19571428571428573,0.24571428571428572,0.0
PHASE 2,1209,968000,968,2004.0076285428254,1336.3119043148138,2536.415311807922,511.82310750000056,542.2567933333338,118.74096596369333,0.19571428571428573,0.24571428571428572,0.0
PHASE 2,1210,968800,968,2004.0076285428252,1336.3119043148138,2536.415311807922,511.82310750000056,542.2567933333338,118.74096596369331,0.19571428571428573,0.24571428571428572,0.0
PHASE 2,1211,969600,968,2004.0076285428252,1336.3119043148138,2536.415311807922,511.82310750000056,542.2567933333338,118.74096596369331,0.19571428571428573,0.24571428571428572,0.0
PHASE 2,1212,970400,968,2004.0076285428252,1336.3119043148138,2536.415311807922,511.82310750000056,542.2567933333338,118.74096596369331,0.19571428571428573,0.24571428571428572,0.0
PHASE 2,1213,971200,968,2004.0076285428252,1336.3119043148138,2536.415311807922,511.82310750000056,542.2567933333338,118.74096596369331,0.19571428571428573,0.24571428571428572,0.0
PHASE 2,1214,972000,972,1990.614411590232,1336.3119043148138,2536.415311807922,504.88080791666727,541.6533533333338,118.01003129253584,0.19571428571428573,0.24571428571428572,0.0
PHASE 2,1215,972800,972,1990.614411590232,1336.3119043148138,2536.415311807922,504.8808079166672,541.6533533333338,118.01003129253584,0.19571428571428573,0.24571428571428572,0.0
PHASE 2,1216,973600,972,1990.614411590232,1336.3119043148138,2536.415311807922,504.8808079166672,541.6533533333338,118.01003129253584,0.19571428571428573,0.24571428571428572,0.0
PHASE 2,1217,974400,972,1990.614411590232,1336.3119043148138,2536.415311807922,504.8808079166672,541.6533533333338,118.01003129253584,0.19571428571428573,0.24571428571428572,0.0
PHASE 2,1218,975200,972,1990.614411590232,1336.3119043148138,2536.415311807922,504.8808079166672,541.6533533333338,118.01003129253584,0.19571428571428573,0.24571428571428572,0.0
PHASE 2,1219,976000,976,1977.9968229018496,1336.3119043148138,2536.415311807922,502.4447134375005,536.5051770833339,117.38086654763369,0.19571428571428573,0.24571428571428572,0.0
PHASE 2,1220,976800,976,1977.9968229018496,1336.3119043148138,2536.415311807922,502.4447134375005,536.5051770833338,117.38086654763369,0.19571428571428573,0.24571428571428572,0.0
PHASE 2,1221,977600,976,1977.9968229018496,1336.3119043148138,2536.415311807922,502.4447134375005,536.5051770833338,117.38086654763369,0.19571428571428573,0.24571428571428572,0.0
PHASE 2,1222,978400,976,1977.9968229018496,1336.3119043148138,2536.415311807922,502.4447134375005,536.5051770833338,117.38086654763369,0.19571428571428573,0.24571428571428572,0.0
PHASE 2,1223,979200,976,1977.9968229018496,1336.3119043148138,2536.415311807922,502.4447134375005,536.5051770833338,117.38086654763369,0.19571428571428573,0.24571428571428572,0.0
PHASE 2,1224,980000,980,1969.9031396113348,1336.3119043148138,2536.415311807922,502.30284208333387,531.4058091666672,117.02431104517342,0.19571428571428573,0.24571428571428572,0.0
PHASE 2,1225,980800,980,1969.9031396113344,1336.3119043148138,2536.415311807922,502.30284208333387,531.4058091666672,117.02431104517342,0.19571428571428573,0.24571428571428572,0.0
PHASE 2,1226,981600,980,1969.9031396113344,1336.3119043148138,2536.415311807922,502.30284208333387,531.4058091666672,117.02431104517342,0.19571428571428573,0.24571428571428572,0.0
PHASE 2,1227,982400,980,1969.9031396113344,1336.3119043148138,2536.415311807922,502.30284208333387,531.4058091666672,117.02431104517342,0.19571428571428573,0.24571428571428572,0.0
PHASE 2,1228,983200,980,1969.9031396113344,1336.3119043148138,2536.415311807922,502.30284208333387,531.4058091666672,117.02431104517342,0.19571428571428573,0.24571428571428572,0.0
PHASE 2,1229,984000,984,1950.3572991963367,1336.3119043148138,2536.415311807922,496.5461700000006,527.3493512500005,115.80772224329874,0.19571428571428573,0.24571428571428572,0.0
PHASE 2,1230,984800,984,1950.3572991963372,1336.3119043148138,2536.415311807922,496.54617000000064,527.3493512500006,115.80772224329874,0.19571428571428573,0.24571428571428572,0.0
PHASE 2,1231,985600,984,1950.3572991963372,1336.3119043148138,2536.415311807922,496.54617000000064,527.3493512500006,115.80772224329874,0.19571428571428573,0.24571428571428572,0.0
PHASE 2,1232,986400,984,1950.3572991963372,1336.3119043148138,2536.415311807922,496.54617000000064,527.3493512500006,115.80772224329874,0.19571428571428573,0.24571428571428572,0.0
PHASE 2,1233,987200,984,1950.3572991963372,1336.3119043148138,2536.415311807922,496.54617000000064,527.3493512500006,115.80772224329874,0.19571428571428573,0.24571428571428572,0.0
PHASE 2,1234,988000,988,1949.8813410422142,1408.1783905906957,2536.415311807922,491.43504083333397,532.0203554166673,115.80324309903331,0.19571428571428573,0.24571428571428572,0.0
PHASE 2,1235,988800,988,1949.8813410422142,1408.1783905906957,2536.415311807922,491.43504083333397,532.0203554166671,115.80324309903334,0.19571428571428573,0.24571428571428572,0.0
PHASE 2,1236,989600,988,1949.8813410422142,1408.1783905906957,2536.415311807922,491.43504083333397,532.0203554166671,115.80324309903334,0.19571428571428573,0.24571428571428572,0.0
PHASE 2,1237,990400,988,1949.8813410422142,1408.1783905906957,2536.415311807922,491.43504083333397,532.0203554166671,115.80324309903334,0.19571428571428573,0.24571428571428572,0.0
PHASE 2,1238,991200,988,1949.8813410422142,1408.1783905906957,2536.415311807922,491.43504083333397,532.0203554166671,115.80324309903334,0.19571428571428573,0.24571428571428572,0.0
PHASE 2,1239,992000,992,1949.142865299193,1408.1783905906957,2536.415311807922,491.97098541666725,531.4206458333339,115.71890425615572,0.19571428571428573,0.24571428571428572,0.0
PHASE 2,1240,992800,992,1949.142865299193,1408.1783905906957,2536.415311807922,491.97098541666725,531.4206458333339,115.71890425615572,0.19571428571428573,0.24571428571428572,0.0
PHASE 2,1241,993600,992,1949.142865299193,1408.1783905906957,2536.415311807922,491.97098541666725,531.4206458333339,115.71890425615572,0.19571428571428573,0.24571428571428572,0.0
PHASE 2,1242,994400,992,1949.142865299193,1408.1783905906957,2536.415311807922,491.97098541666725,531.4206458333339,115.71890425615572,0.19571428571428573,0.24571428571428572,0.0
PHASE 2,1243,995200,992,1949.142865299193,1408.1783905906957,2536.415311807922,491.97098541666725,531.4206458333339,115.71890425615572,0.19571428571428573,0.24571428571428572,0.0
PHASE 2,1244,996000,996,1926.7012424489826,1237.6583696507344,2536.415311807922,487.4220229166673,523.0066904166673,114.53406613946274,0.19571428571428573,0.24571428571428572,0.0
PHASE 2,1245,996800,996,1926.701242448983,1237.6583696507344,2536.415311807922,487.4220229166673,523.0066904166673,114.53406613946274,0.19571428571428573,0.24571428571428572,0.0
PHASE 2,1246,997600,996,1926.701242448983,1237.6583696507344,2536.415311807922,487.4220229166673,523.0066904166673,114.53406613946274,0.19571428571428573,0.24571428571428572,0.0
PHASE 2,1247,998400,996,1926.701242448983,1237.6583696507344,2536.415311807922,487.4220229166673,523.0066904166673,114.53406613946274,0.19571428571428573,0.24571428571428572,0.0
PHASE 2,1248,999200,996,1926.701242448983,1237.6583696507344,2536.415311807922,487.4220229166673,523.0066904166673,114.53406613946274,0.19571428571428573,0.24571428571428572,0.0
PHASE 2,1249,1000000,1000,1920.2669313540578,1237.6583696507344,2536.415311807922,487.4071387500007,519.7029023958339,114.1446112760346,0.19571428571428573,0.24571428571428572,0.0
PHASE 2,1250,1000800,1000,1920.266931354058,1237.6583696507344,2536.415311807922,487.4071387500005,519.7029023958337,114.1446112760346,0.19571428571428573,0.24571428571428572,0.0
PHASE 2,1251,1001600,1000,1920.266931354058,1237.6583696507344,2536.415311807922,487.4071387500005,519.7029023958337,114.1446112760346,0.19571428571428573,0.24571428571428572,0.0
PHASE 2,1252,1002400,1000,1920.266931354058,1237.6583696507344,2536.415311807922,487.4071387500005,519.7029023958337,114.1446112760346,0.19571428571428573,0.24571428571428572,0.0
PHASE 2,1253,1003200,1000,1920.266931354058,1237.6583696507344,2536.415311807922,487.4071387500005,519.7029023958337,114.1446112760346,0.19571428571428573,0.24571428571428572,0.0
PHASE 2,1254,1004000,1004,1915.4781493897906,1237.6583696507344,2536.415311807922,486.0473112500006,518.7060848958338,113.84059415550105,0.19571428571428573,0.24571428571428572,0.0
PHASE 2,1255,1004800,1004,1915.4781493897901,1237.6583696507344,2536.415311807922,486.04731125000063,518.7060848958338,113.84059415550105,0.19571428571428573,0.24571428571428572,0.0
PHASE 2,1256,1005600,1004,1915.4781493897901,1237.6583696507344,2536.415311807922,486.04731125000063,518.7060848958338,113.84059415550105,0.19571428571428573,0.24571428571428572,0.0
PHASE 2,1257,1006400,1004,1915.4781493897901,1237.6583696507344,2536.415311807922,486.04731125000063,518.7060848958338,113.84059415550105,0.19571428571428573,0.24571428571428572,0.0
PHASE 2,1258,1007200,1004,1915.4781493897901,1237.6583696507344,2536.415311807922,486.04731125000063,518.7060848958338,113.84059415550105,0.19571428571428573,0.24571428571428572,0.0
PHASE 2,1259,1008000,1008,1928.8285990423578,1237.6583696507344,2536.415311807922,489.22370333333396,523.0692957291672,114.56694999748845,0.19571428571428573,0.24571428571428572,0.0
PHASE 2,1260,1008800,1008,1928.8285990423578,1237.6583696507344,2536.415311807922,489.2237033333339,523.0692957291672,114.56694999748846,0.19571428571428573,0.24571428571428572,0.0
PHASE 2,1261,1009600,1008,1928.8285990423578,1237.6583696507344,2536.415311807922,489.2237033333339,523.0692957291672,114.56694999748846,0.19571428571428573,0.24571428571428572,0.0
PHASE 2,1262,1010400,1008,1928.8285990423578,1237.6583696507344,2536.415311807922,489.2237033333339,523.0692957291672,114.56694999748846,0.19571428571428573,0.24571428571428572,0.0
PHASE 2,1263,1011200,1008,1928.8285990423578,1237.6583696507344,2536.415311807922,489.2237033333339,523.0692957291672,114.56694999748846,0.19571428571428573,0.24571428571428572,0.0
PHASE 2,1264,1012000,1012,1919.873761266388,1237.6583696507344,2536.415311807922,486.64693916666727,520.3401456250006,114.11083455934644,0.19571428571428573,0.24571428571428572,0.0
PHASE 2,1265,1012800,1012,1919.8737612663886,1237.6583696507344,2536.415311807922,486.6469391666672,520.3401456250006,114.11083455934644,0.19571428571428573,0.24571428571428572,0.0
PHASE 2,1266,1013600,1012,1919.8737612663886,1237.6583696507344,2536.415311807922,486.6469391666672,520.3401456250006,114.11083455934644,0.19571428571428573,0.24571428571428572,0.0
PHASE 2,1267,1014400,1012,1919.8737612663886,1237.6583696507344,2536.415311807922,486.6469391666672,520.3401456250006,114.11083455934644,0.19571428571428573,0.24571428571428572,0.0
PHASE 2,1268,1015200,1012,1919.8737612663886,1237.6583696507344,2536.415311807922,486.6469391666672,520.3401456250006,114.11083455934644,0.19571428571428573,0.24571428571428572,0.0
PHASE 2,1269,1016000,1016,1910.0726580784853,1237.6583696507344,2536.415311807922,484.2266258333339,517.7948327083338,113.50639994210869,0.19571428571428573,0.24571428571428572,0.0
PHASE 2,1270,1016800,1016,1910.0726580784858,1237.6583696507344,2536.415311807922,484.2266258333338,517.7948327083338,113.50639994210869,0.19571428571428573,0.24571428571428572,0.0
PHASE 2,1271,1017600,1016,1910.0726580784858,1237.6583696507344,2536.415311807922,484.2266258333338,517.7948327083338,113.50639994210869,0.19571428571428573,0.24571428571428572,0.0
PHASE 2,1272,1018400,1016,1910.0726580784858,1237.6583696507344,2536.415311807922,484.2266258333338,517.7948327083338,113.50639994210869,0.19571428571428573,0.24571428571428572,0.0
PHASE 2,1273,1019200,1016,1910.0726580784858,1237.6583696507344,2536.415311807922,484.2266258333338,517.7948327083338,113.50639994210869,0.19571428571428573,0.24571428571428572,0.0
PHASE 2,1274,1020000,1020,1904.1678598259346,1237.6583696507344,2536.415311807922,482.00380083333386,516.7021272916671,113.18274146262294,0.19571428571428573,0.24571428571428572,0.0
PHASE 2,1275,1020800,1020,1904.1678598259346,1237.6583696507344,2536.415311807922,482.00380083333397,516.7021272916672,113.18274146262294,0.19571428571428573,0.24571428571428572,0.0
PHASE 2,1276,1021600,1020,1904.1678598259346,1237.6583696507344,2536.415311807922,482.00380083333397,516.7021272916672,113.18274146262294,0.19571428571428573,0.24571428571428572,0.0
PHASE 2,1277,1022400,1020,1904.1678598259346,1237.6583696507344,2536.415311807922,482.00380083333397,516.7021272916672,113.18274146262294,0.19571428571428573,0.24571428571428572,0.0
PHASE 2,1278,1023200,1020,1904.1678598259346,1237.6583696507344,2536.415311807922,482.00380083333397,516.7021272916672,113.18274146262294,0.19571428571428573,0.24571428571428572,0.0
PHASE 2,1279,1024000,1024,1910.34572034698,1237.6583696507344,2536.415311807922,484.825687083334,516.4775464583338,113.6303108506704,0.19571428571428573,0.24571428571428572,0.0
PHASE 2,1280,1024800,1024,1910.3457203469804,1237.6583696507344,2536.415311807922,484.8256870833339,516.4775464583339,113.6303108506704,0.19571428571428573,0.24571428571428572,0.0
PHASE 2,1281,1025600,1024,1910.3457203469804,1237.6583696507344,2536.415311807922,484.8256870833339,516.4775464583339,113.6303108506704,0.19571428571428573,0.24571428571428572,0.0
PHASE 2,1282,1026400,1024,1910.3457203469804,1237.6583696507344,2536.415311807922,484.8256870833339,516.4775464583339,113.6303108506704,0.19571428571428573,0.24571428571428572,0.0
PHASE 2,1283,1027200,1024,1910.3457203469804,1237.6583696507344,2536.415311807922,484.8256870833339,516.4775464583339,113.6303108506704,0.19571428571428573,0.24571428571428572,0.0
PHASE 2,1284,1028000,1028,1914.1640746574935,1237.6583696507344,2536.415311807922,486.29939541666727,517.0864381250005,113.84728013948447,0.19571428571428573,0.24571428571428572,0.0
PHASE 2,1285,1028800,1028,1914.1640746574935,1237.6583696507344,2536.415311807922,486.2993954166673,517.0864381250005,113.84728013948447,0.19571428571428573,0.24571428571428572,0.0
PHASE 2,1286,1029600,1028,1914.1640746574935,1237.6583696507344,2536.415311807922,486.2993954166673,517.0864381250005,113.84728013948447,0.19571428571428573,0.24571428571428572,0.0
PHASE 2,1287,1030400,1028,1914.1640746574935,1237.6583696507344,2536.415311807922,486.2993954166673,517.0864381250005,113.84728013948447,0.19571428571428573,0.24571428571428572,0.0
PHASE 2,1288,1031200,1028,1914.1640746574935,1237.6583696507344,2536.415311807922,486.2993954166673,517.0864381250005,113.84728013948447,0.19571428571428573,0.24571428571428572,0.0
PHASE 2,1289,1032000,1032,1906.7180849729461,1237.6583696507344,2536.415311807922,484.7522050000007,514.2976914583338,113.45852356433265,0.19571428571428573,0.24571428571428572,0.0
PHASE 2,1290,1032800,1032,1906.7180849729457,1237.6583696507344,2536.415311807922,484.75220500000063,514.2976914583339,113.45852356433265,0.19571428571428573,0.24571428571428572,0.0
PHASE 2,1291,1033600,1032,1906.7180849729457,1237.6583696507344,2536.415311807922,484.75220500000063,514.2976914583339,113.45852356433265,0.19571428571428573,0.24571428571428572,0.0
PHASE 2,1292,1034400,1032,1906.7180849729457,1237.6583696507344,2536.415311807922,484.75220500000063,514.2976914583339,113.45852356433265,0.19571428571428573,0.24571428571428572,0.0
PHASE 2,1293,1035200,1032,1906.7180849729457,1237.6583696507344,2536.415311807922,484.75220500000063,514.2976914583339,113.45852356433265,0.19571428571428573,0.24571428571428572,0.0
PHASE 2,1294,1036000,1036,1892.9101050507077,1237.6583696507344,2536.415311807922,480.2338466666672,511.9829743750007,112.58666050113618,0.19571428571428573,0.24571428571428572,0.0
PHASE 2,1295,1036800,1036,1892.9101050507074,1237.6583696507344,2536.415311807922,480.2338466666672,511.98297437500054,112.58666050113618,0.19571428571428573,0.24571428571428572,0.0
PHASE 2,1296,1037600,1036,1892.9101050507074,1237.6583696507344,2536.415311807922,480.2338466666672,511.98297437500054,112.58666050113618,0.19571428571428573,0.24571428571428572,0.0
PHASE 2,1297,1038400,1036,1892.9101050507074,1237.6583696507344,2536.415311807922,480.2338466666672,511.98297437500054,112.58666050113618,0.19571428571428573,0.24571428571428572,0.0
PHASE 2,1298,1039200,1036,1892.9101050507074,1237.6583696507344,2536.415311807922,480.2338466666672,511.98297437500054,112.58666050113618,0.19571428571428573,0.24571428571428572,0.0
PHASE 2,1299,1040000,1040,1899.281640548775,1237.6583696507344,2536.415311807922,482.2238100000005,515.1946589583338,112.73289644881145,0.19571428571428573,0.24571428571428572,0.0
PHASE 2,1300,1040800,1040,1899.2816405487754,1237.6583696507344,2536.415311807922,482.2238100000006,515.1946589583339,112.73289644881146,0.19571428571428573,0.24571428571428572,0.0
PHASE 2,1301,1041600,1040,1899.2816405487754,1237.6583696507344,2536.415311807922,482.2238100000006,515.1946589583339,112.73289644881146,0.19571428571428573,0.24571428571428572,0.0
PHASE 2,1302,1042400,1040,1899.2816405487754,1237.6583696507344,2536.415311807922,482.2238100000006,515.1946589583339,112.73289644881146,0.19571428571428573,0.24571428571428572,0.0
PHASE 2,1303,1043200,1040,1899.2816405487754,1237.6583696507344,2536.415311807922,482.2238100000006,515.1946589583339,112.73289644881146,0.19571428571428573,0.24571428571428572,0.0
PHASE 2,1304,1044000,1044,1890.3892111373334,1237.6583696507344,2536.415311807922,479.5918287500006,513.1978472916671,112.1999418869645,0.19571428571428573,0.24571428571428572,0.0
PHASE 2,1305,1044800,1044,1890.3892111373334,1237.6583696507344,2536.415311807922,479.5918287500006,513.1978472916671,112.1999418869645,0.19571428571428573,0.24571428571428572,0.0
PHASE 2,1306,1045600,1044,1890.3892111373334,1237.6583696507344,2536.415311807922,479.5918287500006,513.1978472916671,112.1999418869645,0.19571428571428573,0.24571428571428572,0.0
PHASE 2,1307,1046400,1044,1890.3892111373334,1237.6583696507344,2536.415311807922,479.5918287500006,513.1978472916671,112.1999418869645,0.19571428571428573,0.24571428571428572,0.0
PHASE 2,1308,1047200,1044,1890.3892111373334,1237.6583696507344,2536.415311807922,479.5918287500006,513.1978472916671,112.1999418869645,0.19571428571428573,0.24571428571428572,0.0
PHASE 2,1309,1048000,1048,1883.960437956765,1237.6583696507344,2536.415311807922,476.03759500000064,512.6342027083339,111.91108003106012,0.19571428571428573,0.24571428571428572,0.0
PHASE 2,1310,1048800,1048,1883.960437956765,1237.6583696507344,2536.415311807922,476.03759500000064,512.6342027083339,111.91108003106014,0.19571428571428573,0.24571428571428572,0.0
PHASE 2,1311,1049600,1048,1883.960437956765,1237.6583696507344,2536.415311807922,476.03759500000064,512.6342027083339,111.91108003106014,0.19571428571428573,0.24571428571428572,0.0
PHASE 2,1312,1050400,1048,1883.960437956765,1237.6583696507344,2536.415311807922,476.03759500000064,512.6342027083339,111.91108003106014,0.19571428571428573,0.24571428571428572,0.0
PHASE 2,1313,1051200,1048,1883.960437956765,1237.6583696507344,2536.415311807922,476.03759500000064,512.6342027083339,111.91108003106014,0.19571428571428573,0.24571428571428572,0.0
PHASE 2,1314,1052000,1052,1882.4441106092563,1237.6583696507344,2536.415311807922,477.4316962500007,510.085665208334,111.86584364387153,0.19571428571428573,0.24571428571428572,0.0
PHASE 2,1315,1052800,1052,1882.444110609257,1237.6583696507344,2536.415311807922,477.4316962500005,510.0856652083338,111.86584364387153,0.19571428571428573,0.24571428571428572,0.0
PHASE 2,1316,1053600,1052,1882.444110609257,1237.6583696507344,2536.415311807922,477.4316962500005,510.0856652083338,111.86584364387153,0.19571428571428573,0.24571428571428572,0.0
PHASE 2,1317,1054400,1052,1882.444110609257,1237.6583696507344,2536.415311807922,477.4316962500005,510.0856652083338,111.86584364387153,0.19571428571428573,0.24571428571428572,0.0
PHASE 2,1318,1055200,1052,1882.444110609257,1237.6583696507344,2536.415311807922,477.4316962500005,510.0856652083338,111.86584364387153,0.19571428571428573,0.24571428571428572,0.0
PHASE 2,1319,1056000,1056,1869.7018700443243,1237.6583696507344,2518.136447097232,476.07829875000056,503.58100312500045,111.25532102117165,0.19571428571428573,0.24571428571428572,0.0
PHASE 2,1320,1056800,1056,1869.7018700443243,1237.6583696507344,2518.136447097232,476.0782987500006,503.58100312500056,111.25532102117165,0.19571428571428573,0.24571428571428572,0.0
PHASE 2,1321,1057600,1056,1869.7018700443243,1237.6583696507344,2518.136447097232,476.0782987500006,503.58100312500056,111.25532102117165,0.19571428571428573,0.24571428571428572,0.0
PHASE 2,1322,1058400,1056,1869.7018700443243,1237.6583696507344,2518.136447097232,476.0782987500006,503.58100312500056,111.25532102117165,0.19571428571428573,0.24571428571428572,0.0
PHASE 2,1323,1059200,1056,1869.7018700443243,1237.6583696507344,2518.136447097232,476.0782987500006,503.58100312500056,111.25532102117165,0.19571428571428573,0.24571428571428572,0.0
PHASE 2,1324,1060000,1060,1869.5290380234499,1237.6583696507344,2518.136447097232,472.795015833334,506.5924285416672,111.26769920606235,0.19571428571428573,0.24571428571428572,0.0
PHASE 2,1325,1060800,1060,1869.5290380234499,1237.6583696507344,2518.136447097232,472.795015833334,506.5924285416672,111.26769920606233,0.19571428571428573,0.24571428571428572,0.0
PHASE 2,1326,1061600,1060,1869.5290380234499,1237.6583696507344,2518.136447097232,472.795015833334,506.5924285416672,111.26769920606233,0.19571428571428573,0.24571428571428572,0.0
PHASE 2,1327,1062400,1060,1869.5290380234499,1237.6583696507344,2518.136447097232,472.795015833334,506.5924285416672,111.26769920606233,0.19571428571428573,0.24571428571428572,0.0
PHASE 2,1328,1063200,1060,1869.5290380234499,1237.6583696507344,2518.136447097232,472.795015833334,506.5924285416672,111.26769920606233,0.19571428571428573,0.24571428571428572,0.0
PHASE 2,1329,1064000,1064,1862.4766909787484,1237.6583696507344,2518.136447097232,473.2504858333339,502.7033547916672,110.81535629422466,0.19571428571428573,0.24571428571428572,0.0
PHASE 2,1330,1064800,1064,1862.4766909787481,1237.6583696507344,2518.136447097232,473.25048583333404,502.70335479166715,110.81535629422466,0.19571428571428573,0.24571428571428572,0.0
PHASE 2,1331,1065600,1064,1862.4766909787481,1237.6583696507344,2518.136447097232,473.25048583333404,502.70335479166715,110.81535629422466,0.19571428571428573,0.24571428571428572,0.0
PHASE 2,1332,1066400,1064,1862.4766909787481,1237.6583696507344,2518.136447097232,473.25048583333404,502.70335479166715,110.81535629422466,0.19571428571428573,0.24571428571428572,0.0
PHASE 2,1333,1067200,1064,1862.4766909787481,1237.6583696507344,2518.136447097232,473.25048583333404,502.70335479166715,110.81535629422466,0.19571428571428573,0.24571428571428572,0.0
PHASE 2,1334,1068000,1068,1856.323748079691,1171.8485970797917,2518.136447097232,473.192742083334,498.95310979166715,110.52223702559269,0.19571428571428573,0.24571428571428572,0.0
PHASE 2,1335,1068800,1068,1856.3237480796915,1171.8485970797917,2518.136447097232,473.19274208333394,498.95310979166715,110.52223702559269,0.19571428571428573,0.24571428571428572,0.0
PHASE 2,1336,1069600,1068,1856.3237480796915,1171.8485970797917,2518.136447097232,473.19274208333394,498.95310979166715,110.52223702559269,0.19571428571428573,0.24571428571428572,0.0
PHASE 2,1337,1070400,1068,1856.3237480796915,1171.8485970797917,2518.136447097232,473.19274208333394,498.95310979166715,110.52223702559269,0.19571428571428573,0.24571428571428572,0.0
PHASE 2,1338,1071200,1068,1856.3237480796915,1171.8485970797917,2518.136447097232,473.19274208333394,498.95310979166715,110.52223702559269,0.19571428571428573,0.24571428571428572,0.0
PHASE 2,1339,1072000,1072,1849.9154024465554,1171.8485970797917,2518.136447097232,477.22491322916727,490.5935660416672,110.26211539697144,0.19571428571428573,0.24571428571428572,0.0
PHASE 2,1340,1072800,1072,1849.9154024465556,1171.8485970797917,2518.136447097232,477.22491322916727,490.5935660416672,110.26211539697145,0.19571428571428573,0.24571428571428572,0.0
PHASE 2,1341,1073600,1072,1849.9154024465556,1171.8485970797917,2518.136447097232,477.22491322916727,490.5935660416672,110.26211539697145,0.19571428571428573,0.24571428571428572,0.0
PHASE 2,1342,1074400,1072,1849.9154024465556,1171.8485970797917,2518.136447097232,477.22491322916727,490.5935660416672,110.26211539697145,0.19571428571428573,0.24571428571428572,0.0
PHASE 2,1343,1075200,1072,1849.9154024465556,1171.8485970797917,2518.136447097232,477.22491322916727,490.5935660416672,110.26211539697145,0.19571428571428573,0.24571428571428572,0.0
PHASE 2,1344,1076000,1076,1852.970463070508,1171.8485970797917,2518.136447097232,473.8549894791673,496.85743270833393,110.28225511038218,0.19571428571428573,0.24571428571428572,0.0
PHASE 2,1345,1076800,1076,1852.9704630705078,1171.8485970797917,2518.136447097232,473.85498947916733,496.8574327083339,110.28225511038218,0.19571428571428573,0.24571428571428572,0.0
PHASE 2,1346,1077600,1076,1852.9704630705078,1171.8485970797917,2518.136447097232,473.85498947916733,496.8574327083339,110.28225511038218,0.19571428571428573,0.24571428571428572,0.0
PHASE 2,1347,1078400,1076,1852.9704630705078,1171.8485970797917,2518.136447097232,473.85498947916733,496.8574327083339,110.28225511038218,0.19571428571428573,0.24571428571428572,0.0
PHASE 2,1348,1079200,1076,1852.9704630705078,1171.8485970797917,2518.136447097232,473.85498947916733,496.8574327083339,110.28225511038218,0.19571428571428573,0.24571428571428572,0.0
PHASE 2,1349,1080000,1080,1850.2184844640847,1171.8485970797917,2518.136447097232,473.6638365625006,496.2312322916672,110.04042695124606,0.19571428571428573,0.24571428571428572,0.0
PHASE 2,1350,1080800,1080,1850.218484464085,1171.8485970797917,2518.136447097232,473.66383656250065,496.2312322916671,110.04042695124606,0.19571428571428573,0.24571428571428572,0.0
PHASE 2,1351,1081600,1080,1850.218484464085,1171.8485970797917,2518.136447097232,473.66383656250065,496.2312322916671,110.04042695124606,0.19571428571428573,0.24571428571428572,0.0
PHASE 2,1352,1082400,1080,1850.218484464085,1171.8485970797917,2518.136447097232,473.66383656250065,496.2312322916671,110.04042695124606,0.19571428571428573,0.24571428571428572,0.0
PHASE 2,1353,1083200,1080,1850.218484464085,1171.8485970797917,2518.136447097232,473.66383656250065,496.2312322916671,110.04042695124606,0.19571428571428573,0.24571428571428572,0.0
PHASE 2,1354,1084000,1084,1852.2132699716715,1171.8485970797917,2518.136447097232,473.2128257291673,496.0641589583338,110.36703566052773,0.19571428571428573,0.24571428571428572,0.0
PHASE 2,1355,1084800,1084,1852.2132699716715,1171.8485970797917,2518.136447097232,473.21282572916715,496.06415895833385,110.36703566052773,0.19571428571428573,0.24571428571428572,0.0
PHASE 2,1356,1085600,1084,1852.2132699716715,1171.8485970797917,2518.136447097232,473.21282572916715,496.06415895833385,110.36703566052773,0.19571428571428573,0.24571428571428572,0.0
PHASE 2,1357,1086400,1084,1852.2132699716715,1171.8485970797917,2518.136447097232,473.21282572916715,496.06415895833385,110.36703566052773,0.19571428571428573,0.24571428571428572,0.0
PHASE 2,1358,1087200,1084,1852.2132699716715,1171.8485970797917,2518.136447097232,473.21282572916715,496.06415895833385,110.36703566052773,0.19571428571428573,0.24571428571428572,0.0
PHASE 2,1359,1088000,1088,1846.1232244651235,1171.8485970797917,2518.136447097232,473.7185073958338,490.9387318750006,110.18324814929261,0.19571428571428573,0.24571428571428572,0.0
PHASE 2,1360,1088800,1088,1846.1232244651242,1171.8485970797917,2518.136447097232,473.71850739583397,490.93873187500066,110.18324814929264,0.19571428571428573,0.24571428571428572,0.0
PHASE 2,1361,1089600,1088,1846.1232244651242,1171.8485970797917,2518.136447097232,473.71850739583397,490.93873187500066,110.18324814929264,0.19571428571428573,0.24571428571428572,0.0
PHASE 2,1362,1090400,1088,1846.1232244651242,1171.8485970797917,2518.136447097232,473.71850739583397,490.93873187500066,110.18324814929264,0.19571428571428573,0.24571428571428572,0.0
PHASE 2,1363,1091200,1088,1846.1232244651242,1171.8485970797917,2518.136447097232,473.71850739583397,490.93873187500066,110.18324814929264,0.19571428571428573,0.24571428571428572,0.0
PHASE 2,1364,1092000,1092,1824.4401363301233,1171.8485970797917,2518.136447097232,468.1726732291672,484.3062756250006,108.99514843450078,0.19571428571428573,0.24571428571428572,0.0
PHASE 2,1365,1092800,1092,1824.440136330123,1171.8485970797917,2518.136447097232,468.1726732291672,484.3062756250006,108.99514843450078,0.19571428571428573,0.24571428571428572,0.0
PHASE 2,1366,1093600,1092,1824.440136330123,1171.8485970797917,2518.136447097232,468.1726732291672,484.3062756250006,108.99514843450078,0.19571428571428573,0.24571428571428572,0.0
PHASE 2,1367,1094400,1092,1824.440136330123,1171.8485970797917,2518.136447097232,468.1726732291672,484.3062756250006,108.99514843450078,0.19571428571428573,0.24571428571428572,0.0
PHASE 2,1368,1095200,1092,1824.440136330123,1171.8485970797917,2518.136447097232,468.1726732291672,484.3062756250006,108.99514843450078,0.19571428571428573,0.24571428571428572,0.0
PHASE 2,1369,1096000,1096,1840.1211936988766,1171.8485970797917,2518.136447097232,469.6560848958338,491.26206937500064,109.90037992851175,0.19571428571428573,0.24571428571428572,0.0
PHASE 2,1370,1096800,1096,1840.1211936988766,1171.8485970797917,2518.136447097232,469.656084895834,491.2620693750006,109.90037992851175,0.19571428571428573,0.24571428571428572,0.0
PHASE 2,1371,1097600,1096,1840.1211936988766,1171.8485970797917,2518.136447097232,469.656084895834,491.2620693750006,109.90037992851175,0.19571428571428573,0.24571428571428572,0.0
PHASE 2,1372,1098400,1096,1840.1211936988766,1171.8485970797917,2518.136447097232,469.656084895834,491.2620693750006,109.90037992851175,0.19571428571428573,0.24571428571428572,0.0
PHASE 2,1373,1099200,1096,1840.1211936988766,1171.8485970797917,2518.136447097232,469.656084895834,491.2620693750006,109.90037992851175,0.19571428571428573,0.24571428571428572,0.0
PHASE 2,1374,1100000,1100,1837.3875605929104,1171.8485970797917,2518.136447097232,469.8151115625006,489.7578282291672,109.72682760016181,0.19571428571428573,0.24571428571428572,0.0
PHASE 2,1375,1100800,1100,1837.3875605929104,1171.8485970797917,2518.136447097232,469.8151115625006,489.7578282291673,109.72682760016181,0.19571428571428573,0.24571428571428572,0.0
PHASE 2,1376,1101600,1100,1837.3875605929104,1171.8485970797917,2518.136447097232,469.8151115625006,489.7578282291673,109.72682760016181,0.19571428571428573,0.24571428571428572,0.0
PHASE 2,1377,1102400,1100,1837.3875605929104,1171.8485970797917,2518.136447097232,469.8151115625006,489.7578282291673,109.72682760016181,0.19571428571428573,0.24571428571428572,0.0
PHASE 2,1378,1103200,1100,1837.3875605929104,1171.8485970797917,2518.136447097232,469.8151115625006,489.7578282291673,109.72682760016181,0.19571428571428573,0.24571428571428572,0.0
PHASE 2,1379,1104000,1104,1833.312775579722,1171.8485970797917,2518.136447097232,468.30924656250056,489.8216703125006,109.39773233809662,0.19571428571428573,0.24571428571428572,0.0
PHASE 2,1380,1104800,1104,1833.312775579722,1171.8485970797917,2518.136447097232,468.30924656250056,489.8216703125005,109.39773233809662,0.19571428571428573,0.24571428571428572,0.0
PHASE 2,1381,1105600,1104,1833.312775579722,1171.8485970797917,2518.136447097232,468.30924656250056,489.8216703125005,109.39773233809662,0.19571428571428573,0.24571428571428572,0.0
PHASE 2,1382,1106400,1104,1833.312775579722,1171.8485970797917,2518.136447097232,468.30924656250056,489.8216703125005,109.39773233809662,0.19571428571428573,0.24571428571428572,0.0
PHASE 2,1383,1107200,1104,1833.312775579722,1171.8485970797917,2518.136447097232,468.30924656250056,489.8216703125005,109.39773233809662,0.19571428571428573,0.24571428571428572,0.0
PHASE 2,1384,1108000,1108,1812.2941993687339,1171.8485970797917,2396.6018821008633,465.62310031250047,478.78645364583383,108.48558067630645,0.19571428571428573,0.24571428571428572,0.0
PHASE 2,1385,1108800,1108,1812.2941993687339,1171.8485970797917,2396.6018821008633,465.62310031250047,478.78645364583394,108.48558067630645,0.19571428571428573,0.24571428571428572,0.0
PHASE 2,1386,1109600,1108,1812.2941993687339,1171.8485970797917,2396.6018821008633,465.62310031250047,478.78645364583394,108.48558067630645,0.19571428571428573,0.24571428571428572,0.0
PHASE 2,1387,1110400,1108,1812.2941993687339,1171.8485970797917,2396.6018821008633,465.62310031250047,478.78645364583394,108.48558067630645,0.19571428571428573,0.24571428571428572,0.0
PHASE 2,1388,1111200,1108,1812.2941993687339,1171.8485970797917,2396.6018821008633,465.62310031250047,478.78645364583394,108.48558067630645,0.19571428571428573,0.24571428571428572,0.0
PHASE 2,1389,1112000,1112,1808.5520364687764,1171.8485970797917,2396.6018821008633,463.7070769791672,477.543878333334,108.41263514454087,0.19571428571428573,0.24571428571428572,0.0
PHASE 2,1390,1112800,1112,1808.5520364687761,1171.8485970797917,2396.6018821008633,463.7070769791672,477.5438783333339,108.41263514454086,0.19571428571428573,0.24571428571428572,0.0
PHASE 2,1391,1113600,1112,1808.5520364687761,1171.8485970797917,2396.6018821008633,463.7070769791672,477.5438783333339,108.41263514454086,0.19571428571428573,0.24571428571428572,0.0
PHASE 2,1392,1114400,1112,1808.5520364687761,1171.8485970797917,2396.6018821008633,463.7070769791672,477.5438783333339,108.41263514454086,0.19571428571428573,0.24571428571428572,0.0
PHASE 2,1393,1115200,1112,1808.5520364687761,1171.8485970797917,2396.6018821008633,463.7070769791672,477.5438783333339,108.41263514454086,0.19571428571428573,0.24571428571428572,0.0
PHASE 2,1394,1116000,1116,1809.3119267009524,1171.8485970797917,2396.6018821008633,461.6687215625006,478.60053343750064,108.63033396262534,0.19571428571428573,0.24571428571428572,0.0
PHASE 2,1395,1116800,1116,1809.3119267009524,1171.8485970797917,2396.6018821008633,461.6687215625006,478.6005334375006,108.63033396262534,0.19571428571428573,0.24571428571428572,0.0
PHASE 2,1396,1117600,1116,1809.3119267009524,1171.8485970797917,2396.6018821008633,461.6687215625006,478.6005334375006,108.63033396262534,0.19571428571428573,0.24571428571428572,0.0
PHASE 2,1397,1118400,1116,1809.3119267009524,1171.8485970797917,2396.6018821008633,461.6687215625006,478.6005334375006,108.63033396262534,0.19571428571428573,0.24571428571428572,0.0
PHASE 2,1398,1119200,1116,1809.3119267009524,1171.8485970797917,2396.6018821008633,461.6687215625006,478.6005334375006,108.63033396262534,0.19571428571428573,0.24571428571428572,0.0
PHASE 2,1399,1120000,1120,1809.4093796290422,1171.8485970797917,2613.205311274678,462.4485061458339,477.61804177083394,108.66785396405334,0.19571428571428573,0.24571428571428572,0.0
PHASE 2,1400,1120800,1120,1809.4093796290422,1171.8485970797917,2613.205311274678,462.4485061458338,477.6180417708339,108.66785396405335,0.19571428571428573,0.24571428571428572,0.0
PHASE 2,1401,1121600,1120,1809.4093796290422,1171.8485970797917,2613.205311274678,462.4485061458338,477.6180417708339,108.66785396405335,0.19571428571428573,0.24571428571428572,0.0
PHASE 2,1402,1122400,1120,1809.4093796290422,1171.8485970797917,2613.205311274678,462.4485061458338,477.6180417708339,108.66785396405335,0.19571428571428573,0.24571428571428572,0.0
PHASE 2,1403,1123200,1120,1809.4093796290422,1171.8485970797917,2613.205311274678,462.4485061458338,477.6180417708339,108.66785396405335,0.19571428571428573,0.24571428571428572,0.0
PHASE 2,1404,1124000,1124,1798.6229235328192,1171.8485970797917,2613.205311274678,458.18542322916716,475.41525385416725,108.12778080619216,0.19571428571428573,0.24571428571428572,0.0
PHASE 2,1405,1124800,1124,1798.622923532819,1171.8485970797917,2613.205311274678,458.18542322916704,475.4152538541672,108.12778080619216,0.19571428571428573,0.24571428571428572,0.0
PHASE 2,1406,1125600,1124,1798.622923532819,1171.8485970797917,2613.205311274678,458.18542322916704,475.4152538541672,108.12778080619216,0.19571428571428573,0.24571428571428572,0.0
PHASE 2,1407,1126400,1124,1798.622923532819,1171.8485970797917,2613.205311274678,458.18542322916704,475.4152538541672,108.12778080619216,0.19571428571428573,0.24571428571428572,0.0
PHASE 2,1408,1127200,1124,1798.622923532819,1171.8485970797917,2613.205311274678,458.18542322916704,475.4152538541672,108.12778080619216,0.19571428571428573,0.24571428571428572,0.0
PHASE 2,1409,1128000,1128,1786.1825834069357,1171.8485970797917,2613.205311274678,453.3183040625004,473.55016218750063,107.41426464462339,0.19571428571428573,0.24571428571428572,0.0
PHASE 2,1410,1128800,1128,1786.1825834069355,1171.8485970797917,2613.205311274678,453.31830406250054,473.5501621875005,107.4142646446234,0.19571428571428573,0.24571428571428572,0.0
PHASE 2,1411,1129600,1128,1786.1825834069355,1171.8485970797917,2613.205311274678,453.31830406250054,473.5501621875005,107.4142646446234,0.19571428571428573,0.24571428571428572,0.0
PHASE 2,1412,1130400,1128,1786.1825834069355,1171.8485970797917,2613.205311274678,453.31830406250054,473.5501621875005,107.4142646446234,0.19571428571428573,0.24571428571428572,0.0
PHASE 2,1413,1131200,1128,1786.1825834069355,1171.8485970797917,2613.205311274678,453.31830406250054,473.5501621875005,107.4142646446234,0.19571428571428573,0.24571428571428572,0.0
PHASE 2,1414,1132000,1132,1789.1127843069157,1171.8485970797917,2613.205311274678,454.6920428125005,473.8297638541672,107.57387220503753,0.19571428571428573,0.24571428571428572,0.0
PHASE 2,1415,1132800,1132,1789.112784306916,1171.8485970797917,2613.205311274678,454.69204281250046,473.8297638541671,107.57387220503753,0.19571428571428573,0.24571428571428572,0.0
PHASE 2,1416,1133600,1132,1789.112784306916,1171.8485970797917,2613.205311274678,454.69204281250046,473.8297638541671,107.57387220503753,0.19571428571428573,0.24571428571428572,0.0
PHASE 2,1417,1134400,1132,1789.112784306916,1171.8485970797917,2613.205311274678,454.69204281250046,473.8297638541671,107.57387220503753,0.19571428571428573,0.24571428571428572,0.0
PHASE 2,1418,1135200,1132,1789.112784306916,1171.8485970797917,2613.205311274678,454.69204281250046,473.8297638541671,107.57387220503753,0.19571428571428573,0.24571428571428572,0.0
PHASE 2,1419,1136000,1136,1796.2209268309805,1171.8485970797917,2613.205311274678,456.8969178125005,474.99390927083385,108.04126246846228,0.19571428571428573,0.24571428571428572,0.0
PHASE 2,1420,1136800,1136,1796.2209268309805,1171.8485970797917,2613.205311274678,456.89691781250053,474.9939092708339,108.04126246846226,0.19571428571428573,0.24571428571428572,0.0
PHASE 2,1421,1137600,1136,1796.2209268309805,1171.8485970797917,2613.205311274678,456.89691781250053,474.9939092708339,108.04126246846226,0.19571428571428573,0.24571428571428572,0.0
PHASE 2,1422,1138400,1136,1796.2209268309805,1171.8485970797917,2613.205311274678,456.89691781250053,474.9939092708339,108.04126246846226,0.19571428571428573,0.24571428571428572,0.0
PHASE 2,1423,1139200,1136,1796.2209268309805,1171.8485970797917,2613.205311274678,456.89691781250053,474.9939092708339,108.04126246846226,0.19571428571428573,0.24571428571428572,0.0
PHASE 2,1424,1140000,1140,1791.7770963151022,1171.8485970797917,2613.205311274678,455.2477286458338,473.3082467708339,107.9026401123108,0.19571428571428573,0.24571428571428572,0.0
PHASE 2,1425,1140800,1140,1791.7770963151022,1171.8485970797917,2613.205311274678,455.24772864583383,473.3082467708338,107.9026401123108,0.19571428571428573,0.24571428571428572,0.0
PHASE 2,1426,1141600,1140,1791.7770963151022,1171.8485970797917,2613.205311274678,455.24772864583383,473.3082467708338,107.9026401123108,0.19571428571428573,0.24571428571428572,0.0
PHASE 2,1427,1142400,1140,1791.7770963151022,1171.8485970797917,2613.205311274678,455.24772864583383,473.3082467708338,107.9026401123108,0.19571428571428573,0.24571428571428572,0.0
PHASE 2,1428,1143200,1140,1791.7770963151022,1171.8485970797917,2613.205311274678,455.24772864583383,473.3082467708338,107.9026401123108,0.19571428571428573,0.24571428571428572,0.0
PHASE 2,1429,1144000,1144,1799.989992537084,1171.8485970797917,2613.205311274678,461.39262656250054,471.0844551041672,108.43911385880854,0.19571428571428573,0.24571428571428572,0.0
PHASE 2,1430,1144800,1144,1799.989992537084,1171.8485970797917,2613.205311274678,461.39262656250054,471.08445510416726,108.43911385880854,0.19571428571428573,0.24571428571428572,0.0
PHASE 2,1431,1145600,1144,1799.989992537084,1171.8485970797917,2613.205311274678,461.39262656250054,471.08445510416726,108.43911385880854,0.19571428571428573,0.24571428571428572,0.0
PHASE 2,1432,1146400,1144,1799.989992537084,1171.8485970797917,2613.205311274678,461.39262656250054,471.08445510416726,108.43911385880854,0.19571428571428573,0.24571428571428572,0.0
PHASE 2,1433,1147200,1144,1799.989992537084,1171.8485970797917,2613.205311274678,461.39262656250054,471.08445510416726,108.43911385880854,0.19571428571428573,0.24571428571428572,0.0
PHASE 2,1434,1148000,1148,1790.0190796369507,1088.7777902103521,2613.205311274678,457.90872531250045,468.90107635416723,107.90115974629173,0.19571428571428573,0.24571428571428572,0.0
PHASE 2,1435,1148800,1148,1790.0190796369507,1088.7777902103521,2613.205311274678,457.90872531250045,468.90107635416723,107.90115974629171,0.19571428571428573,0.24571428571428572,0.0
PHASE 2,1436,1149600,1148,1790.0190796369507,1088.7777902103521,2613.205311274678,457.90872531250045,468.90107635416723,107.90115974629171,0.19571428571428573,0.24571428571428572,0.0
PHASE 2,1437,1150400,1148,1790.0190796369507,1088.7777902103521,2613.205311274678,457.90872531250045,468.90107635416723,107.90115974629171,0.19571428571428573,0.24571428571428572,0.0
PHASE 2,1438,1151200,1148,1790.0190796369507,1088.7777902103521,2613.205311274678,457.90872531250045,468.90107635416723,107.90115974629171,0.19571428571428573,0.24571428571428572,0.0
PHASE 2,1439,1152000,1152,1798.1386415384861,1088.7777902103521,2613.205311274678,462.2777136458338,469.52416010416727,108.29209597356694,0.19571428571428573,0.24571428571428572,0.0
PHASE 2,1440,1152800,1152,1798.1386415384864,1088.7777902103521,2613.205311274678,462.2777136458338,469.52416010416727,108.29209597356694,0.19571428571428573,0.24571428571428572,0.0
PHASE 2,1441,1153600,1152,1798.1386415384864,1088.7777902103521,2613.205311274678,462.2777136458338,469.52416010416727,108.29209597356694,0.19571428571428573,0.24571428571428572,0.0
PHASE 2,1442,1154400,1152,1798.1386415384864,1088.7777902103521,2613.205311274678,462.2777136458338,469.52416010416727,108.29209597356694,0.19571428571428573,0.24571428571428572,0.0
PHASE 2,1443,1155200,1152,1798.1386415384864,1088.7777902103521,2613.205311274678,462.2777136458338,469.52416010416727,108.29209597356694,0.19571428571428573,0.24571428571428572,0.0
PHASE 2,1444,1156000,1156,1788.075422365455,1088.7777902103521,2613.205311274678,459.12290489583387,467.92597177083394,107.62831821235466,0.19571428571428573,0.24571428571428572,0.0
PHASE 2,1445,1156800,1156,1788.075422365455,1088.7777902103521,2613.205311274678,459.12290489583387,467.92597177083394,107.62831821235466,0.19571428571428573,0.24571428571428572,0.0
PHASE 2,1446,1157600,1156,1788.075422365455,1088.7777902103521,2613.205311274678,459.12290489583387,467.92597177083394,107.62831821235466,0.19571428571428573,0.24571428571428572,0.0
PHASE 2,1447,1158400,1156,1788.075422365455,1088.7777902103521,2613.205311274678,459.12290489583387,467.92597177083394,107.62831821235466,0.19571428571428573,0.24571428571428572,0.0
PHASE 2,1448,1159200,1156,1788.075422365455,1088.7777902103521,2613.205311274678,459.12290489583387,467.92597177083394,107.62831821235466,0.19571428571428573,0.24571428571428572,0.0
PHASE 2,1449,1160000,1160,1794.6176210205074,1088.7777902103521,2613.205311274678,464.3936511458338,467.1831638541673,107.8801007525695,0.19571428571428573,0.24571428571428572,0.0
PHASE 2,1450,1160800,1160,1794.6176210205074,1088.7777902103521,2613.205311274678,464.39365114583387,467.1831638541672,107.88010075256949,0.19571428571428573,0.24571428571428572,0.0
PHASE 2,1451,1161600,1160,1794.6176210205074,1088.7777902103521,2613.205311274678,464.39365114583387,467.1831638541672,107.88010075256949,0.19571428571428573,0.24571428571428572,0.0
PHASE 2,1452,1162400,1160,1794.6176210205074,1088.7777902103521,2613.205311274678,464.39365114583387,467.1831638541672,107.88010075256949,0.19571428571428573,0.24571428571428572,0.0
PHASE 2,1453,1163200,1160,1794.6176210205074,1088.7777902103521,2613.205311274678,464.39365114583387,467.1831638541672,107.88010075256949,0.19571428571428573,0.24571428571428572,0.0
PHASE 2,1454,1164000,1164,1785.8513731380567,1088.7777902103521,2613.205311274678,458.31545781250054,467.8841196875006,107.45647445476315,0.19571428571428573,0.24571428571428572,0.0
PHASE 2,1455,1164800,1164,1785.8513731380567,1088.7777902103521,2613.205311274678,458.31545781250037,467.88411968750063,107.45647445476314,0.19571428571428573,0.24571428571428572,0.0
PHASE 2,1456,1165600,1164,1785.8513731380567,1088.7777902103521,2613.205311274678,458.31545781250037,467.88411968750063,107.45647445476314,0.19571428571428573,0.24571428571428572,0.0
PHASE 2,1457,1166400,1164,1785.8513731380567,1088.7777902103521,2613.205311274678,458.31545781250037,467.88411968750063,107.45647445476314,0.19571428571428573,0.24571428571428572,0.0
PHASE 2,1458,1167200,1164,1785.8513731380567,1088.7777902103521,2613.205311274678,458.31545781250037,467.88411968750063,107.45647445476314,0.19571428571428573,0.24571428571428572,0.0
PHASE 2,1459,1168000,1168,1791.0517233097498,1088.7777902103521,2613.205311274678,463.74991781250037,465.62094385416725,107.71010770539148,0.19571428571428573,0.24571428571428572,0.0
PHASE 2,1460,1168800,1168,1791.0517233097498,1088.7777902103521,2613.205311274678,463.7499178125006,465.62094385416736,107.7101077053915,0.19571428571428573,0.24571428571428572,0.0
PHASE 2,1461,1169600,1168,1791.0517233097498,1088.7777902103521,2613.205311274678,463.7499178125006,465.62094385416736,107.7101077053915,0.19571428571428573,0.24571428571428572,0.0
PHASE 2,1462,1170400,1168,1791.0517233097498,1088.7777902103521,2613.205311274678,463.7499178125006,465.62094385416736,107.7101077053915,0.19571428571428573,0.24571428571428572,0.0
PHASE 2,1463,1171200,1168,1791.0517233097498,1088.7777902103521,2613.205311274678,463.7499178125006,465.62094385416736,107.7101077053915,0.19571428571428573,0.24571428571428572,0.0
PHASE 2,1464,1172000,1172,1795.7895598050484,1088.7777902103521,2613.205311274678,461.3120341666672,472.1275284375006,107.79374965011623,0.19571428571428573,0.24571428571428572,0.0
PHASE 2,1465,1172800,1172,1795.7895598050486,1088.7777902103521,2613.205311274678,461.3120341666672,472.12752843750053,107.79374965011623,0.19571428571428573,0.24571428571428572,0.0
PHASE 2,1466,1173600,1172,1795.7895598050486,1088.7777902103521,2613.205311274678,461.3120341666672,472.12752843750053,107.79374965011623,0.19571428571428573,0.24571428571428572,0.0
PHASE 2,1467,1174400,1172,1795.7895598050486,1088.7777902103521,2613.205311274678,461.3120341666672,472.12752843750053,107.79374965011623,0.19571428571428573,0.24571428571428572,0.0
PHASE 2,1468,1175200,1172,1795.7895598050486,1088.7777902103521,2613.205311274678,461.3120341666672,472.12752843750053,107.79374965011623,0.19571428571428573,0.24571428571428572,0.0
PHASE 2,1469,1176000,1176,1798.8876402629678,1088.7777902103521,2646.7789300043905,463.90785750000055,471.20990677083387,107.97123449902284,0.19571428571428573,0.24571428571428572,0.0
PHASE 2,1470,1176800,1176,1798.8876402629676,1088.7777902103521,2646.7789300043905,463.90785750000055,471.20990677083387,107.97123449902284,0.19571428571428573,0.24571428571428572,0.0
PHASE 2,1471,1177600,1176,1798.8876402629676,1088.7777902103521,2646.7789300043905,463.90785750000055,471.20990677083387,107.97123449902284,0.19571428571428573,0.24571428571428572,0.0
PHASE 2,1472,1178400,1176,1798.8876402629676,1088.7777902103521,2646.7789300043905,463.90785750000055,471.20990677083387,107.97123449902284,0.19571428571428573,0.24571428571428572,0.0
PHASE 2,1473,1179200,1176,1798.8876402629676,1088.7777902103521,2646.7789300043905,463.90785750000055,471.20990677083387,107.97123449902284,0.19571428571428573,0.24571428571428572,0.0
PHASE 2,1474,1180000,1180,1814.6312180956563,1088.7777902103521,2646.7789300043905,464.8703408333339,477.9470830208338,108.97672428019212,0.19571428571428573,0.24571428571428572,0.0
PHASE 2,1475,1180800,1180,1814.631218095656,1088.7777902103521,2646.7789300043905,464.87034083333384,477.947083020834,108.9767242801921,0.19571428571428573,0.24571428571428572,0.0
PHASE 2,1476,1181600,1180,1814.631218095656,1088.7777902103521,2646.7789300043905,464.87034083333384,477.947083020834,108.9767242801921,0.19571428571428573,0.24571428571428572,0.0
PHASE 2,1477,1182400,1180,1814.631218095656,1088.7777902103521,2646.7789300043905,464.87034083333384,477.947083020834,108.9767242801921,0.19571428571428573,0.24571428571428572,0.0
PHASE 2,1478,1183200,1180,1814.631218095656,1088.7777902103521,2646.7789300043905,464.87034083333384,477.947083020834,108.9767242801921,0.19571428571428573,0.24571428571428572,0.0
PHASE 2,1479,1184000,1184,1809.0049840449362,1054.302574287673,2646.7789300043905,462.8818562500005,478.6476321875006,108.43443695093549,0.19571428571428573,0.24571428571428572,0.0
PHASE 2,1480,1184800,1184,1809.0049840449358,1054.302574287673,2646.7789300043905,462.8818562500005,478.64763218750056,108.43443695093549,0.19571428571428573,0.24571428571428572,0.0
PHASE 2,1481,1185600,1184,1809.0049840449358,1054.302574287673,2646.7789300043905,462.8818562500005,478.64763218750056,108.43443695093549,0.19571428571428573,0.24571428571428572,0.0
PHASE 2,1482,1186400,1184,1809.0049840449358,1054.302574287673,2646.7789300043905,462.8818562500005,478.64763218750056,108.43443695093549,0.19571428571428573,0.24571428571428572,0.0
PHASE 2,1483,1187200,1184,1809.0049840449358,1054.302574287673,2646.7789300043905,462.8818562500005,478.64763218750056,108.43443695093549,0.19571428571428573,0.24571428571428572,0.0
PHASE 2,1484,1188000,1188,1813.4274264074643,1054.302574287673,2646.7789300043905,464.15346875000046,481.84389510416725,108.42875781916823,0.19571428571428573,0.24571428571428572,0.0
PHASE 2,1485,1188800,1188,1813.427426407465,1054.302574287673,2646.7789300043905,464.15346875000046,481.8438951041672,108.42875781916824,0.19571428571428573,0.24571428571428572,0.0
PHASE 2,1486,1189600,1188,1813.427426407465,1054.302574287673,2646.7789300043905,464.15346875000046,481.8438951041672,108.42875781916824,0.19571428571428573,0.24571428571428572,0.0
PHASE 2,1487,1190400,1188,1813.427426407465,1054.302574287673,2646.7789300043905,464.15346875000046,481.8438951041672,108.42875781916824,0.19571428571428573,0.24571428571428572,0.0
PHASE 2,1488,1191200,1188,1813.427426407465,1054.302574287673,2646.7789300043905,464.15346875000046,481.8438951041672,108.42875781916824,0.19571428571428573,0.24571428571428572,0.0
PHASE 2,1489,1192000,1192,1820.941092448071,1054.302574287673,2646.7789300043905,464.7807125000005,484.8061042708338,108.91928445966082,0.19571428571428573,0.24571428571428572,0.0
PHASE 2,1490,1192800,1192,1820.9410924480712,1054.302574287673,2646.7789300043905,464.7807125000006,484.8061042708339,108.91928445966082,0.19571428571428573,0.24571428571428572,0.0
PHASE 2,1491,1193600,1192,1820.9410924480712,1054.302574287673,2646.7789300043905,464.7807125000006,484.8061042708339,108.91928445966082,0.19571428571428573,0.24571428571428572,0.0
PHASE 2,1492,1194400,1192,1820.9410924480712,1054.302574287673,2646.7789300043905,464.7807125000006,484.8061042708339,108.91928445966082,0.19571428571428573,0.24571428571428572,0.0
PHASE 2,1493,1195200,1192,1820.9410924480712,1054.302574287673,2646.7789300043905,464.7807125000006,484.8061042708339,108.91928445966082,0.19571428571428573,0.24571428571428572,0.0
PHASE 2,1494,1196000,1196,1817.3252503922351,1054.302574287673,2646.7789300043905,464.0972391666673,484.2757463541672,108.61903310893116,0.19571428571428573,0.24571428571428572,0.0
PHASE 2,1495,1196800,1196,1817.3252503922354,1054.302574287673,2646.7789300043905,464.0972391666671,484.2757463541672,108.61903310893118,0.19571428571428573,0.24571428571428572,0.0
PHASE 2,1496,1197600,1196,1817.3252503922354,1054.302574287673,2646.7789300043905,464.0972391666671,484.2757463541672,108.61903310893118,0.19571428571428573,0.24571428571428572,0.0
PHASE 2,1497,1198400,1196,1817.3252503922354,1054.302574287673,2646.7789300043905,464.0972391666671,484.2757463541672,108.61903310893118,0.19571428571428573,0.24571428571428572,0.0
PHASE 2,1498,1199200,1196,1817.3252503922354,1054.302574287673,2646.7789300043905,464.0972391666671,484.2757463541672,108.61903310893118,0.19571428571428573,0.24571428571428572,0.0
PHASE 2,1499,1200000,1200,1815.234645838522,1054.302574287673,2646.7789300043905,461.0370379166672,485.9099092708339,108.53596233138367,0.19571428571428573,0.24571428571428572,0.0
PHASE 3A,0,800,0,,,,,,,0.19571428571428573,0.24571428571428572,0.0
PHASE 3A,1,1600,0,,,,,,,0.19571428571428573,0.24571428571428572,0.0
PHASE 3A,2,2400,0,,,,,,,0.19571428571428573,0.24571428571428572,0.0
PHASE 3A,3,3200,0,,,,,,,0.19571428571428573,0.24571428571428572,0.0
PHASE 3A,4,4000,4,1859.4445942603058,1536.5861361492923,2096.936441362696,557.2747194975699,471.43891485520874,103.84136998844431,0.19571428571428573,0.24571428571428572,0.0
PHASE 3A,5,4800,4,1859.4445942603058,1536.5861361492923,2096.936441362696,557.2747194975699,471.43891485520874,103.84136998844431,0.19571428571428573,0.24571428571428572,0.0
PHASE 3A,6,5600,4,1859.4445942603058,1536.5861361492923,2096.936441362696,557.2747194975699,471.43891485520874,103.84136998844431,0.19571428571428573,0.24571428571428572,0.0
PHASE 3A,7,6400,4,1859.4445942603058,1536.5861361492923,2096.936441362696,557.2747194975699,471.43891485520874,103.84136998844431,0.19571428571428573,0.24571428571428572,0.0
PHASE 3A,8,7200,4,1859.4445942603058,1536.5861361492923,2096.936441362696,557.2747194975699,471.43891485520874,103.84136998844431,0.19571428571428573,0.24571428571428572,0.0
PHASE 3A,9,8000,8,1984.7897302982872,1536.5861361492923,2271.0256252884806,590.9078270100699,501.93609480000043,111.49322606103141,0.19571428571428573,0.24571428571428572,0.0
PHASE 3A,10,8800,8,1984.7897302982872,1536.5861361492923,2271.0256252884806,590.9078270100699,501.93609480000043,111.49322606103141,0.19571428571428573,0.24571428571428572,0.0
PHASE 3A,11,9600,8,1984.7897302982872,1536.5861361492923,2271.0256252884806,590.9078270100699,501.93609480000043,111.49322606103141,0.19571428571428573,0.24571428571428572,0.0
PHASE 3A,12,10400,8,1984.7897302982872,1536.5861361492923,2271.0256252884806,590.9078270100699,501.93609480000043,111.49322606103141,0.19571428571428573,0.24571428571428572,0.0
PHASE 3A,13,11200,8,1984.7897302982872,1536.5861361492923,2271.0256252884806,590.9078270100699,501.93609480000043,111.49322606103141,0.19571428571428573,0.24571428571428572,0.0
PHASE 3A,14,12000,12,1985.2992534374316,1536.5861361492923,2271.0256252884806,565.2755131558453,523.0607072769681,112.1203791255828,0.19571428571428573,0.24571428571428572,0.0
PHASE 3A,15,12800,12,1985.2992534374316,1536.5861361492923,2271.0256252884806,565.2755131558453,523.0607072769681,112.1203791255828,0.19571428571428573,0.24571428571428572,0.0
PHASE 3A,16,13600,12,1985.2992534374316,1536.5861361492923,2271.0256252884806,565.2755131558453,523.0607072769681,112.1203791255828,0.19571428571428573,0.24571428571428572,0.0
PHASE 3A,17,14400,12,1985.2992534374316,1536.5861361492923,2271.0256252884806,565.2755131558453,523.0607072769681,112.1203791255828,0.19571428571428573,0.24571428571428572,0.0
PHASE 3A,18,15200,12,1985.2992534374316,1536.5861361492923,2271.0256252884806,565.2755131558453,523.0607072769681,112.1203791255828,0.19571428571428573,0.24571428571428572,0.0
PHASE 3A,19,16000,16,1999.2397054116013,1536.5861361492923,2289.814983991553,580.3825545912765,516.9238469838981,112.74166297955895,0.19571428571428573,0.24571428571428572,0.0
PHASE 3A,20,16800,16,1999.2397054116013,1536.5861361492923,2289.814983991553,580.3825545912765,516.9238469838981,112.74166297955895,0.19571428571428573,0.24571428571428572,0.0
PHASE 3A,21,17600,16,1999.2397054116013,1536.5861361492923,2289.814983991553,580.3825545912765,516.9238469838981,112.74166297955895,0.19571428571428573,0.24571428571428572,0.0
PHASE 3A,22,18400,16,1999.2397054116013,1536.5861361492923,2289.814983991553,580.3825545912765,516.9238469838981,112.74166297955895,0.19571428571428573,0.24571428571428572,0.0
PHASE 3A,23,19200,16,1999.2397054116013,1536.5861361492923,2289.814983991553,580.3825545912765,516.9238469838981,112.74166297955895,0.19571428571428573,0.24571428571428572,0.0
PHASE 3A,24,20000,20,1993.1669620189718,1536.5861361492923,2322.3184867358614,566.5794386715168,526.7737024292715,112.47672761477875,0.19571428571428573,0.24571428571428572,0.0
PHASE 3A,25,20800,20,1993.1669620189718,1536.5861361492923,2322.3184867358614,566.5794386715166,526.7737024292716,112.47672761477875,0.19571428571428573,0.24571428571428572,0.0
PHASE 3A,26,21600,20,1993.1669620189718,1536.5861361492923,2322.3184867358614,566.5794386715166,526.7737024292716,112.47672761477875,0.19571428571428573,0.24571428571428572,0.0
PHASE 3A,27,22400,20,1993.1669620189718,1536.5861361492923,2322.3184867358614,566.5794386715166,526.7737024292716,112.47672761477875,0.19571428571428573,0.24571428571428572,0.0
PHASE 3A,28,23200,20,1993.1669620189718,1536.5861361492923,2322.3184867358614,566.5794386715166,526.7737024292716,112.47672761477875,0.19571428571428573,0.24571428571428572,0.0
PHASE 3A,29,24000,24,1960.97071519395,1536.5861361492923,2322.3184867358614,551.6461708745278,519.565918613658,111.21982821322634,0.19571428571428573,0.24571428571428572,0.0
PHASE 3A,30,24800,24,1960.97071519395,1536.5861361492923,2322.3184867358614,551.6461708745278,519.565918613658,111.21982821322634,0.19571428571428573,0.24571428571428572,0.0
PHASE 3A,31,25600,24,1960.97071519395,1536.5861361492923,2322.3184867358614,551.6461708745278,519.565918613658,111.21982821322634,0.19571428571428573,0.24571428571428572,0.0
PHASE 3A,32,26400,24,1960.97071519395,1536.5861361492923,2322.3184867358614,551.6461708745278,519.565918613658,111.21982821322634,0.19571428571428573,0.24571428571428572,0.0
PHASE 3A,33,27200,24,1960.97071519395,1536.5861361492923,2322.3184867358614,551.6461708745278,519.565918613658,111.21982821322634,0.19571428571428573,0.24571428571428572,0.0
PHASE 3A,34,28000,28,1954.291508703714,1536.5861361492923,2322.3184867358614,548.9665745826807,519.5656161447425,110.71991474704252,0.19571428571428573,0.24571428571428572,0.0
PHASE 3A,35,28800,28,1954.2915087037138,1536.5861361492923,2322.3184867358614,548.9665745826807,519.5656161447426,110.7199147470425,0.19571428571428573,0.24571428571428572,0.0
PHASE 3A,36,29600,28,1954.2915087037138,1536.5861361492923,2322.3184867358614,548.9665745826807,519.5656161447426,110.7199147470425,0.19571428571428573,0.24571428571428572,0.0
PHASE 3A,37,30400,28,1954.2915087037138,1536.5861361492923,2322.3184867358614,548.9665745826807,519.5656161447426,110.7199147470425,0.19571428571428573,0.24571428571428572,0.0
PHASE 3A,38,31200,28,1954.2915087037138,1536.5861361492923,2322.3184867358614,548.9665745826807,519.5656161447426,110.7199147470425,0.19571428571428573,0.24571428571428572,0.0
PHASE 3A,39,32000,32,1929.1735817252002,1372.6139433536503,2322.3184867358614,542.975981778153,509.97347474079913,109.52801565078686,0.19571428571428573,0.24571428571428572,0.0
PHASE 3A,40,32800,32,1929.1735817252002,1372.6139433536503,2322.3184867358614,542.9759817781529,509.97347474079913,109.52801565078686,0.19571428571428573,0.24571428571428572,0.0
PHASE 3A,41,33600,32,1929.1735817252002,1372.6139433536503,2322.3184867358614,542.9759817781529,509.97347474079913,109.52801565078686,0.19571428571428573,0.24571428571428572,0.0
PHASE 3A,42,34400,32,1929.1735817252002,1372.6139433536503,2322.3184867358614,542.9759817781529,509.97347474079913,109.52801565078686,0.19571428571428573,0.24571428571428572,0.0
PHASE 3A,43,35200,32,1929.1735817252002,1372.6139433536503,2322.3184867358614,542.9759817781529,509.97347474079913,109.52801565078686,0.19571428571428573,0.24571428571428572,0.0
PHASE 3A,44,36000,36,1912.1602084630015,1372.6139433536503,2322.3184867358614,539.0440566484044,505.11616789085696,108.49999799047346,0.19571428571428573,0.24571428571428572,0.0
PHASE 3A,45,36800,36,1912.1602084630015,1372.6139433536503,2322.3184867358614,539.0440566484044,505.11616789085696,108.49999799047345,0.19571428571428573,0.24571428571428572,0.0
PHASE 3A,46,37600,36,1912.1602084630015,1372.6139433536503,2322.3184867358614,539.0440566484044,505.11616789085696,108.49999799047345,0.19571428571428573,0.24571428571428572,0.0
PHASE 3A,47,38400,36,1912.1602084630015,1372.6139433536503,2322.3184867358614,539.0440566484044,505.11616789085696,108.49999799047345,0.19571428571428573,0.24571428571428572,0.0
PHASE 3A,48,39200,36,1912.1602084630015,1372.6139433536503,2322.3184867358614,539.0440566484044,505.11616789085696,108.49999799047345,0.19571428571428573,0.24571428571428572,0.0
PHASE 3A,49,40000,40,1904.6739938655846,1372.6139433536503,2322.3184867358614,532.7111384374183,505.2570843580561,108.33822138376972,0.19571428571428573,0.24571428571428572,0.0
PHASE 3A,50,40800,40,1904.6739938655846,1372.6139433536503,2322.3184867358614,532.7111384374183,505.2570843580561,108.3382213837697,0.19571428571428573,0.24571428571428572,0.0
PHASE 3A,51,41600,40,1904.6739938655846,1372.6139433536503,2322.3184867358614,532.7111384374183,505.2570843580561,108.3382213837697,0.19571428571428573,0.24571428571428572,0.0
PHASE 3A,52,42400,40,1904.6739938655846,1372.6139433536503,2322.3184867358614,532.7111384374183,505.2570843580561,108.3382213837697,0.19571428571428573,0.24571428571428572,0.0
PHASE 3A,53,43200,40,1904.6739938655846,1372.6139433536503,2322.3184867358614,532.7111384374183,505.2570843580561,108.3382213837697,0.19571428571428573,0.24571428571428572,0.0
PHASE 3A,54,44000,44,1917.1161508427142,1372.6139433536503,2322.9250722152997,530.9881073991681,514.2314990029046,108.98706805508623,0.19571428571428573,0.24571428571428572,0.0
PHASE 3A,55,44800,44,1917.1161508427142,1372.6139433536503,2322.9250722152997,530.9881073991681,514.2314990029046,108.98706805508623,0.19571428571428573,0.24571428571428572,0.0
PHASE 3A,56,45600,44,1917.1161508427142,1372.6139433536503,2322.9250722152997,530.9881073991681,514.2314990029046,108.98706805508623,0.19571428571428573,0.24571428571428572,0.0
PHASE 3A,57,46400,44,1917.1161508427142,1372.6139433536503,2322.9250722152997,530.9881073991681,514.2314990029046,108.98706805508623,0.19571428571428573,0.24571428571428572,0.0
PHASE 3A,58,47200,44,1917.1161508427142,1372.6139433536503,2322.9250722152997,530.9881073991681,514.2314990029046,108.98706805508623,0.19571428571428573,0.24571428571428572,0.0
PHASE 3A,59,48000,48,1916.1061559609377,1372.6139433536503,2322.9250722152997,522.2565355521456,522.323877748467,108.9407178325465,0.19571428571428573,0.24571428571428572,0.0
PHASE 3A,60,48800,48,1916.1061559609377,1372.6139433536503,2322.9250722152997,522.2565355521456,522.323877748467,108.9407178325465,0.19571428571428573,0.24571428571428572,0.0
PHASE 3A,61,49600,48,1916.1061559609377,1372.6139433536503,2322.9250722152997,522.2565355521456,522.323877748467,108.9407178325465,0.19571428571428573,0.24571428571428572,0.0
PHASE 3A,62,50400,48,1916.1061559609377,1372.6139433536503,2322.9250722152997,522.2565355521456,522.323877748467,108.9407178325465,0.19571428571428573,0.24571428571428572,0.0
PHASE 3A,63,51200,48,1916.1061559609377,1372.6139433536503,2322.9250722152997,522.2565355521456,522.323877748467,108.9407178325465,0.19571428571428573,0.24571428571428572,0.0
PHASE 3A,64,52000,52,1905.6646573691519,1372.6139433536503,2322.9250722152997,516.128438909112,522.053278985449,108.43536743432972,0.19571428571428573,0.24571428571428572,0.0
PHASE 3A,65,52800,52,1905.6646573691519,1372.6139433536503,2322.9250722152997,516.128438909112,522.053278985449,108.43536743432972,0.19571428571428573,0.24571428571428572,0.0
PHASE 3A,66,53600,52,1905.6646573691519,1372.6139433536503,2322.9250722152997,516.128438909112,522.053278985449,108.43536743432972,0.19571428571428573,0.24571428571428572,0.0
PHASE 3A,67,54400,52,1905.6646573691519,1372.6139433536503,2322.9250722152997,516.128438909112,522.053278985449,108.43536743432972,0.19571428571428573,0.24571428571428572,0.0
PHASE 3A,68,55200,52,1905.6646573691519,1372.6139433536503,2322.9250722152997,516.128438909112,522.053278985449,108.43536743432972,0.19571428571428573,0.24571428571428572,0.0
PHASE 3A,69,56000,56,1911.532572069458,1372.6139433536503,2322.9250722152997,514.3804983070474,526.5897308251291,108.82029286716615,0.19571428571428573,0.24571428571428572,0.0
PHASE 3A,70,56800,56,1911.532572069458,1372.6139433536503,2322.9250722152997,514.3804983070474,526.5897308251291,108.82029286716613,0.19571428571428573,0.24571428571428572,0.0
PHASE 3A,71,57600,56,1911.532572069458,1372.6139433536503,2322.9250722152997,514.3804983070474,526.5897308251291,108.82029286716613,0.19571428571428573,0.24571428571428572,0.0
PHASE 3A,72,58400,56,1911.532572069458,1372.6139433536503,2322.9250722152997,514.3804983070474,526.5897308251291,108.82029286716613,0.19571428571428573,0.24571428571428572,0.0
PHASE 3A,73,59200,56,1911.532572069458,1372.6139433536503,2322.9250722152997,514.3804983070474,526.5897308251291,108.82029286716613,0.19571428571428573,0.24571428571428572,0.0
PHASE 3A,74,60000,60,1910.6142902997403,1372.6139433536503,2322.9250722152997,512.797651793175,527.908265259704,108.73854665586373,0.19571428571428573,0.24571428571428572,0.0
PHASE 3A,75,60800,60,1910.6142902997406,1372.6139433536503,2322.9250722152997,512.797651793175,527.908265259704,108.73854665586374,0.19571428571428573,0.24571428571428572,0.0
PHASE 3A,76,61600,60,1910.6142902997406,1372.6139433536503,2322.9250722152997,512.797651793175,527.908265259704,108.73854665586374,0.19571428571428573,0.24571428571428572,0.0
PHASE 3A,77,62400,60,1910.6142902997406,1372.6139433536503,2322.9250722152997,512.797651793175,527.908265259704,108.73854665586374,0.19571428571428573,0.24571428571428572,0.0
PHASE 3A,78,63200,60,1910.6142902997406,1372.6139433536503,2322.9250722152997,512.797651793175,527.908265259704,108.73854665586374,0.19571428571428573,0.24571428571428572,0.0
PHASE 3A,79,64000,64,1918.1433900186435,1372.6139433536503,2322.9250722152997,512.5210205632629,532.1028663355949,109.18993788997933,0.19571428571428573,0.24571428571428572,0.0
PHASE 3A,80,64800,64,1918.1433900186435,1372.6139433536503,2322.9250722152997,512.5210205632629,532.1028663355949,109.18993788997933,0.19571428571428573,0.24571428571428572,0.0
PHASE 3A,81,65600,64,1918.1433900186435,1372.6139433536503,2322.9250722152997,512.5210205632629,532.1028663355949,109.18993788997933,0.19571428571428573,0.24571428571428572,0.0
PHASE 3A,82,66400,64,1918.1433900186435,1372.6139433536503,2322.9250722152997,512.5210205632629,532.1028663355949,109.18993788997933,0.19571428571428573,0.24571428571428572,0.0
PHASE 3A,83,67200,64,1918.1433900186435,1372.6139433536503,2322.9250722152997,512.5210205632629,532.1028663355949,109.18993788997933,0.19571428571428573,0.24571428571428572,0.0
PHASE 3A,84,68000,68,1923.4834280262753,1372.6139433536503,2389.5433708513037,511.4390228641372,534.8260221331129,109.65229787863433,0.19571428571428573,0.24571428571428572,0.0
PHASE 3A,85,68800,68,1923.4834280262753,1372.6139433536503,2389.5433708513037,511.4390228641372,534.826022133113,109.65229787863431,0.19571428571428573,0.24571428571428572,0.0
PHASE 3A,86,69600,68,1923.4834280262753,1372.6139433536503,2389.5433708513037,511.4390228641372,534.826022133113,109.65229787863431,0.19571428571428573,0.24571428571428572,0.0
PHASE 3A,87,70400,68,1923.4834280262753,1372.6139433536503,2389.5433708513037,511.4390228641372,534.826022133113,109.65229787863431,0.19571428571428573,0.24571428571428572,0.0
PHASE 3A,88,71200,68,1923.4834280262753,1372.6139433536503,2389.5433708513037,511.4390228641372,534.826022133113,109.65229787863431,0.19571428571428573,0.24571428571428572,0.0
PHASE 3A,89,72000,72,1932.7644901095894,1372.6139433536503,2405.6217122069506,517.601417944216,534.1975495060419,110.1206903324228,0.19571428571428573,0.24571428571428572,0.0
PHASE 3A,90,72800,72,1932.7644901095898,1372.6139433536503,2405.6217122069506,517.601417944216,534.1975495060419,110.1206903324228,0.19571428571428573,0.24571428571428572,0.0
PHASE 3A,91,73600,72,1932.7644901095898,1372.6139433536503,2405.6217122069506,517.601417944216,534.1975495060419,110.1206903324228,0.19571428571428573,0.24571428571428572,0.0
PHASE 3A,92,74400,72,1932.7644901095898,1372.6139433536503,2405.6217122069506,517.601417944216,534.1975495060419,110.1206903324228,0.19571428571428573,0.24571428571428572,0.0
PHASE 3A,93,75200,72,1932.7644901095898,1372.6139433536503,2405.6217122069506,517.601417944216,534.1975495060419,110.1206903324228,0.19571428571428573,0.24571428571428572,0.0
PHASE 3A,94,76000,76,1939.5491323161064,1372.6139433536503,2405.6217122069506,522.0596895794985,533.1053927217328,110.54800625186579,0.19571428571428573,0.24571428571428572,0.0
PHASE 3A,95,76800,76,1939.5491323161068,1372.6139433536503,2405.6217122069506,522.0596895794985,533.1053927217329,110.5480062518658,0.19571428571428573,0.24571428571428572,0.0
PHASE 3A,96,77600,76,1939.5491323161068,1372.6139433536503,2405.6217122069506,522.0596895794985,533.1053927217329,110.5480062518658,0.19571428571428573,0.24571428571428572,0.0
PHASE 3A,97,78400,76,1939.5491323161068,1372.6139433536503,2405.6217122069506,522.0596895794985,533.1053927217329,110.5480062518658,0.19571428571428573,0.24571428571428572,0.0
PHASE 3A,98,79200,76,1939.5491323161068,1372.6139433536503,2405.6217122069506,522.0596895794985,533.1053927217329,110.5480062518658,0.19571428571428573,0.24571428571428572,0.0
PHASE 3A,99,80000,80,1940.0289431429185,1372.6139433536503,2405.6217122069506,522.1224004116174,532.8012029986323,110.63816746659018,0.19571428571428573,0.24571428571428572,0.0
PHASE 3A,100,80800,80,1940.0289431429187,1372.6139433536503,2405.6217122069506,522.1224004116174,532.8012029986323,110.63816746659018,0.19571428571428573,0.24571428571428572,0.0
PHASE 3A,101,81600,80,1940.0289431429187,1372.6139433536503,2405.6217122069506,522.1224004116174,532.8012029986323,110.63816746659018,0.19571428571428573,0.24571428571428572,0.0
PHASE 3A,102,82400,80,1940.0289431429187,1372.6139433536503,2405.6217122069506,522.1224004116174,532.8012029986323,110.63816746659018,0.19571428571428573,0.24571428571428572,0.0
PHASE 3A,103,83200,80,1940.0289431429187,1372.6139433536503,2405.6217122069506,522.1224004116174,532.8012029986323,110.63816746659018,0.19571428571428573,0.24571428571428572,0.0
PHASE 3A,104,84000,84,1948.9820987373605,1372.6139433536503,2405.6217122069506,522.6058723616595,537.5618042333369,111.10180276780213,0.19571428571428573,0.24571428571428572,0.0
PHASE 3A,105,84800,84,1948.982098737361,1372.6139433536503,2405.6217122069506,522.6058723616594,537.5618042333369,111.1018027678021,0.19571428571428573,0.24571428571428572,0.0
PHASE 3A,106,85600,84,1948.982098737361,1372.6139433536503,2405.6217122069506,522.6058723616594,537.5618042333369,111.1018027678021,0.19571428571428573,0.24571428571428572,0.0
PHASE 3A,107,86400,84,1948.982098737361,1372.6139433536503,2405.6217122069506,522.6058723616594,537.5618042333369,111.1018027678021,0.19571428571428573,0.24571428571428572,0.0
PHASE 3A,108,87200,84,1948.982098737361,1372.6139433536503,2405.6217122069506,522.6058723616594,537.5618042333369,111.1018027678021,0.19571428571428573,0.24571428571428572,0.0
PHASE 3A,109,88000,88,1964.8036351911169,1372.6139433536503,2565.337247966544,530.3747420862242,537.4230078754297,112.12573565368952,0.19571428571428573,0.24571428571428572,0.0
PHASE 3A,110,88800,88,1964.8036351911169,1372.6139433536503,2565.337247966544,530.3747420862242,537.4230078754297,112.12573565368952,0.19571428571428573,0.24571428571428572,0.0
PHASE 3A,111,89600,88,1964.8036351911169,1372.6139433536503,2565.337247966544,530.3747420862242,537.4230078754297,112.12573565368952,0.19571428571428573,0.24571428571428572,0.0
PHASE 3A,112,90400,88,1964.8036351911169,1372.6139433536503,2565.337247966544,530.3747420862242,537.4230078754297,112.12573565368952,0.19571428571428573,0.24571428571428572,0.0
PHASE 3A,113,91200,88,1964.8036351911169,1372.6139433536503,2565.337247966544,530.3747420862242,537.4230078754297,112.12573565368952,0.19571428571428573,0.24571428571428572,0.0
PHASE 3A,114,92000,92,1974.9189947358996,1372.6139433536503,2565.337247966544,532.2799617237798,541.3574393525396,112.66019920745416,0.19571428571428573,0.24571428571428572,0.0
PHASE 3A,115,92800,92,1974.9189947358996,1372.6139433536503,2565.337247966544,532.2799617237796,541.3574393525396,112.66019920745418,0.19571428571428573,0.24571428571428572,0.0
PHASE 3A,116,93600,92,1974.9189947358996,1372.6139433536503,2565.337247966544,532.2799617237796,541.3574393525396,112.66019920745418,0.19571428571428573,0.24571428571428572,0.0
PHASE 3A,117,94400,92,1974.9189947358996,1372.6139433536503,2565.337247966544,532.2799617237796,541.3574393525396,112.66019920745418,0.19571428571428573,0.24571428571428572,0.0
PHASE 3A,118,95200,92,1974.9189947358996,1372.6139433536503,2565.337247966544,532.2799617237796,541.3574393525396,112.66019920745418,0.19571428571428573,0.24571428571428572,0.0
PHASE 3A,119,96000,96,1977.4220159719825,1372.6139433536503,2565.337247966544,533.3453932795597,542.1714501325554,112.7381465699902,0.19571428571428573,0.24571428571428572,0.0
PHASE 3A,120,96800,96,1977.4220159719825,1372.6139433536503,2565.337247966544,533.3453932795597,542.1714501325554,112.7381465699902,0.19571428571428573,0.24571428571428572,0.0
PHASE 3A,121,97600,96,1977.4220159719825,1372.6139433536503,2565.337247966544,533.3453932795597,542.1714501325554,112.7381465699902,0.19571428571428573,0.24571428571428572,0.0
PHASE 3A,122,98400,96,1977.4220159719825,1372.6139433536503,2565.337247966544,533.3453932795597,542.1714501325554,112.7381465699902,0.19571428571428573,0.24571428571428572,0.0
PHASE 3A,123,99200,96,1977.4220159719825,1372.6139433536503,2565.337247966544,533.3453932795597,542.1714501325554,112.7381465699902,0.19571428571428573,0.24571428571428572,0.0
PHASE 3A,124,100000,100,1980.9005624983254,1372.6139433536503,2565.337247966544,531.3834359095023,545.857210036179,112.95748956908741,0.19571428571428573,0.24571428571428572,0.0
PHASE 3A,125,100800,100,1980.9005624983256,1372.6139433536503,2565.337247966544,531.3834359095024,545.8572100361791,112.95748956908741,0.19571428571428573,0.24571428571428572,0.0
PHASE 3A,126,101600,100,1980.9005624983256,1372.6139433536503,2565.337247966544,531.3834359095024,545.8572100361791,112.95748956908741,0.19571428571428573,0.24571428571428572,0.0
PHASE 3A,127,102400,100,1980.9005624983256,1372.6139433536503,2565.337247966544,531.3834359095024,545.8572100361791,112.95748956908741,0.19571428571428573,0.24571428571428572,0.0
PHASE 3A,128,103200,100,1980.9005624983256,1372.6139433536503,2565.337247966544,531.3834359095024,545.8572100361791,112.95748956908741,0.19571428571428573,0.24571428571428572,0.0
PHASE 3A,129,104000,104,1986.6500236928364,1372.6139433536503,2565.337247966544,529.8057808645997,547.8003088711374,113.6304917446446,0.19571428571428573,0.24571428571428572,0.0
PHASE 3A,130,104800,104,1986.6500236928364,1372.6139433536503,2565.337247966544,529.8057808645997,547.8003088711374,113.6304917446446,0.19571428571428573,0.24571428571428572,0.0
PHASE 3A,131,105600,104,1986.6500236928364,1372.6139433536503,2565.337247966544,529.8057808645997,547.8003088711374,113.6304917446446,0.19571428571428573,0.24571428571428572,0.0
PHASE 3A,132,106400,104,1986.6500236928364,1372.6139433536503,2565.337247966544,529.8057808645997,547.8003088711374,113.6304917446446,0.19571428571428573,0.24571428571428572,0.0
PHASE 3A,133,107200,104,1986.6500236928364,1372.6139433536503,2565.337247966544,529.8057808645997,547.8003088711374,113.6304917446446,0.19571428571428573,0.24571428571428572,0.0
PHASE 3A,134,108000,108,1987.8623272960667,1372.6139433536503,2565.337247966544,528.5340681509747,548.6073249079013,113.8401167796562,0.19571428571428573,0.24571428571428572,0.0
PHASE 3A,135,108800,108,1987.8623272960667,1372.6139433536503,2565.337247966544,528.5340681509747,548.6073249079013,113.8401167796562,0.19571428571428573,0.24571428571428572,0.0
PHASE 3A,136,109600,108,1987.8623272960667,1372.6139433536503,2565.337247966544,528.5340681509747,548.6073249079013,113.8401167796562,0.19571428571428573,0.24571428571428572,0.0
PHASE 3A,137,110400,108,1987.8623272960667,1372.6139433536503,2565.337247966544,528.5340681509747,548.6073249079013,113.8401167796562,0.19571428571428573,0.24571428571428572,0.0
PHASE 3A,138,111200,108,1987.8623272960667,1372.6139433536503,2565.337247966544,528.5340681509747,548.6073249079013,113.8401167796562,0.19571428571428573,0.24571428571428572,0.0
PHASE 3A,139,112000,112,1986.1826261958217,1372.6139433536503,2565.337247966544,527.6859791509538,547.8748281690124,113.82772735948934,0.19571428571428573,0.24571428571428572,0.0
PHASE 3A,140,112800,112,1986.1826261958217,1372.6139433536503,2565.337247966544,527.6859791509538,547.8748281690125,113.82772735948934,0.19571428571428573,0.24571428571428572,0.0
PHASE 3A,141,113600,112,1986.1826261958217,1372.6139433536503,2565.337247966544,527.6859791509538,547.8748281690125,113.82772735948934,0.19571428571428573,0.24571428571428572,0.0
PHASE 3A,142,114400,112,1986.1826261958217,1372.6139433536503,2565.337247966544,527.6859791509538,547.8748281690125,113.82772735948934,0.19571428571428573,0.24571428571428572,0.0
PHASE 3A,143,115200,112,1986.1826261958217,1372.6139433536503,2565.337247966544,527.6859791509538,547.8748281690125,113.82772735948934,0.19571428571428573,0.24571428571428572,0.0
PHASE 3A,144,116000,116,1986.8941517856051,1372.6139433536503,2565.337247966544,523.9440794300094,550.9236346883666,114.00330470841116,0.19571428571428573,0.24571428571428572,0.0
PHASE 3A,145,116800,116,1986.8941517856053,1372.6139433536503,2565.337247966544,523.9440794300093,550.9236346883666,114.00330470841116,0.19571428571428573,0.24571428571428572,0.0
PHASE 3A,146,117600,116,1986.8941517856053,1372.6139433536503,2565.337247966544,523.9440794300093,550.9236346883666,114.00330470841116,0.19571428571428573,0.24571428571428572,0.0
PHASE 3A,147,118400,116,1986.8941517856053,1372.6139433536503,2565.337247966544,523.9440794300093,550.9236346883666,114.00330470841116,0.19571428571428573,0.24571428571428572,0.0
PHASE 3A,148,119200,116,1986.8941517856053,1372.6139433536503,2565.337247966544,523.9440794300093,550.9236346883666,114.00330470841116,0.19571428571428573,0.24571428571428572,0.0
PHASE 3A,149,120000,120,1998.769507041799,1372.6139433536503,2565.337247966544,529.6703390188102,551.8202992445888,114.65985859730758,0.19571428571428573,0.24571428571428572,0.0
PHASE 3A,150,120800,120,1998.7695070417988,1372.6139433536503,2565.337247966544,529.6703390188102,551.8202992445888,114.65985859730758,0.19571428571428573,0.24571428571428572,0.0
PHASE 3A,151,121600,120,1998.7695070417988,1372.6139433536503,2565.337247966544,529.6703390188102,551.8202992445888,114.65985859730758,0.19571428571428573,0.24571428571428572,0.0
PHASE 3A,152,122400,120,1998.7695070417988,1372.6139433536503,2565.337247966544,529.6703390188102,551.8202992445888,114.65985859730758,0.19571428571428573,0.24571428571428572,0.0
PHASE 3A,153,123200,120,1998.7695070417988,1372.6139433536503,2565.337247966544,529.6703390188102,551.8202992445888,114.65985859730758,0.19571428571428573,0.24571428571428572,0.0
PHASE 3A,154,124000,124,2004.4786353338202,1372.6139433536503,2565.337247966544,530.7452548506852,554.5859331957346,114.89343091093276,0.19571428571428573,0.24571428571428572,0.0
PHASE 3A,155,124800,124,2004.4786353338195,1372.6139433536503,2565.337247966544,530.7452548506852,554.5859331957346,114.89343091093276,0.19571428571428573,0.24571428571428572,0.0
PHASE 3A,156,125600,124,2004.4786353338195,1372.6139433536503,2565.337247966544,530.7452548506852,554.5859331957346,114.89343091093276,0.19571428571428573,0.24571428571428572,0.0
PHASE 3A,157,126400,124,2004.4786353338195,1372.6139433536503,2565.337247966544,530.7452548506852,554.5859331957346,114.89343091093276,0.19571428571428573,0.24571428571428572,0.0
PHASE 3A,158,127200,124,2004.4786353338195,1372.6139433536503,2565.337247966544,530.7452548506852,554.5859331957346,114.89343091093276,0.19571428571428573,0.24571428571428572,0.0
PHASE 3A,159,128000,128,2012.8738514316408,1372.6139433536503,2565.337247966544,534.1597819856158,555.7112615707346,115.3753509844192,0.19571428571428573,0.24571428571428572,0.0
PHASE 3A,160,128800,128,2012.8738514316415,1372.6139433536503,2565.337247966544,534.1597819856158,555.7112615707347,115.3753509844192,0.19571428571428573,0.24571428571428572,0.0
PHASE 3A,161,129600,128,2012.8738514316415,1372.6139433536503,2565.337247966544,534.1597819856158,555.7112615707347,115.3753509844192,0.19571428571428573,0.24571428571428572,0.0
PHASE 3A,162,130400,128,2012.8738514316415,1372.6139433536503,2565.337247966544,534.1597819856158,555.7112615707347,115.3753509844192,0.19571428571428573,0.24571428571428572,0.0
PHASE 3A,163,131200,128,2012.8738514316415,1372.6139433536503,2565.337247966544,534.1597819856158,555.7112615707347,115.3753509844192,0.19571428571428573,0.24571428571428572,0.0
PHASE 3A,164,132000,132,2019.4836235928094,1411.4213588166267,2565.337247966544,533.0383185546464,560.16365638098,115.78520608215597,0.19571428571428573,0.24571428571428572,0.0
PHASE 3A,165,132800,132,2019.4836235928087,1411.4213588166267,2565.337247966544,533.0383185546464,560.16365638098,115.78520608215597,0.19571428571428573,0.24571428571428572,0.0
PHASE 3A,166,133600,132,2019.4836235928087,1411.4213588166267,2565.337247966544,533.0383185546464,560.16365638098,115.78520608215597,0.19571428571428573,0.24571428571428572,0.0
PHASE 3A,167,134400,132,2019.4836235928087,1411.4213588166267,2565.337247966544,533.0383185546464,560.16365638098,115.78520608215597,0.19571428571428573,0.24571428571428572,0.0
PHASE 3A,168,135200,132,2019.4836235928087,1411.4213588166267,2565.337247966544,533.0383185546464,560.16365638098,115.78520608215597,0.19571428571428573,0.24571428571428572,0.0
PHASE 3A,169,136000,136,2032.6625997335307,1411.4213588166267,2565.337247966544,535.0659101950213,565.1833492686883,116.55166753373585,0.19571428571428573,0.24571428571428572,0.0
PHASE 3A,170,136800,136,2032.6625997335307,1411.4213588166267,2565.337247966544,535.0659101950214,565.1833492686883,116.55166753373585,0.19571428571428573,0.24571428571428572,0.0
PHASE 3A,171,137600,136,2032.6625997335307,1411.4213588166267,2565.337247966544,535.0659101950214,565.1833492686883,116.55166753373585,0.19571428571428573,0.24571428571428572,0.0
PHASE 3A,172,138400,136,2032.6625997335307,1411.4213588166267,2565.337247966544,535.0659101950214,565.1833492686883,116.55166753373585,0.19571428571428573,0.24571428571428572,0.0
PHASE 3A,173,139200,136,2032.6625997335307,1411.4213588166267,2565.337247966544,535.0659101950214,565.1833492686883,116.55166753373585,0.19571428571428573,0.24571428571428572,0.0
PHASE 3A,174,140000,140,2042.2641682106694,1411.4213588166267,2565.337247966544,540.1456606401233,566.5096613647021,116.95110577573887,0.19571428571428573,0.24571428571428572,0.0
PHASE 3A,175,140800,140,2042.2641682106694,1411.4213588166267,2565.337247966544,540.1456606401232,566.5096613647022,116.95110577573887,0.19571428571428573,0.24571428571428572,0.0
PHASE 3A,176,141600,140,2042.2641682106694,1411.4213588166267,2565.337247966544,540.1456606401232,566.5096613647022,116.95110577573887,0.19571428571428573,0.24571428571428572,0.0
PHASE 3A,177,142400,140,2042.2641682106694,1411.4213588166267,2565.337247966544,540.1456606401232,566.5096613647022,116.95110577573887,0.19571428571428573,0.24571428571428572,0.0
PHASE 3A,178,143200,140,2042.2641682106694,1411.4213588166267,2565.337247966544,540.1456606401232,566.5096613647022,116.95110577573887,0.19571428571428573,0.24571428571428572,0.0
PHASE 3A,179,144000,144,2050.054833947243,1411.4213588166267,2565.337247966544,544.4706592700593,565.7283736903967,117.481975123357,0.19571428571428573,0.24571428571428572,0.0
PHASE 3A,180,144800,144,2050.0548339472434,1411.4213588166267,2565.337247966544,544.4706592700593,565.7283736903968,117.481975123357,0.19571428571428573,0.24571428571428572,0.0
PHASE 3A,181,145600,144,2050.0548339472434,1411.4213588166267,2565.337247966544,544.4706592700593,565.7283736903968,117.481975123357,0.19571428571428573,0.24571428571428572,0.0
PHASE 3A,182,146400,144,2050.0548339472434,1411.4213588166267,2565.337247966544,544.4706592700593,565.7283736903968,117.481975123357,0.19571428571428573,0.24571428571428572,0.0
PHASE 3A,183,147200,144,2050.0548339472434,1411.4213588166267,2565.337247966544,544.4706592700593,565.7283736903968,117.481975123357,0.19571428571428573,0.24571428571428572,0.0
PHASE 3A,184,148000,148,2058.967996184027,1483.5048448828402,2565.337247966544,550.6770335604551,564.4623857228967,117.97857211259323,0.19571428571428573,0.24571428571428572,0.0
PHASE 3A,185,148800,148,2058.967996184027,1483.5048448828402,2565.337247966544,550.6770335604551,564.4623857228967,117.97857211259323,0.19571428571428573,0.24571428571428572,0.0
PHASE 3A,186,149600,148,2058.967996184027,1483.5048448828402,2565.337247966544,550.6770335604551,564.4623857228967,117.97857211259323,0.19571428571428573,0.24571428571428572,0.0
PHASE 3A,187,150400,148,2058.967996184027,1483.5048448828402,2565.337247966544,550.6770335604551,564.4623857228967,117.97857211259323,0.19571428571428573,0.24571428571428572,0.0
PHASE 3A,188,151200,148,2058.967996184027,1483.5048448828402,2565.337247966544,550.6770335604551,564.4623857228967,117.97857211259323,0.19571428571428573,0.24571428571428572,0.0
PHASE 3A,189,152000,152,2069.1027247707516,1483.5048448828402,2565.337247966544,554.2263539312469,566.3935746510468,118.56034952356626,0.19571428571428573,0.24571428571428572,0.0
PHASE 3A,190,152800,152,2069.1027247707516,1483.5048448828402,2565.337247966544,554.2263539312469,566.3935746510468,118.56034952356626,0.19571428571428573,0.24571428571428572,0.0
PHASE 3A,191,153600,152,2069.1027247707516,1483.5048448828402,2565.337247966544,554.2263539312469,566.3935746510468,118.56034952356626,0.19571428571428573,0.24571428571428572,0.0
PHASE 3A,192,154400,152,2069.1027247707516,1483.5048448828402,2565.337247966544,554.2263539312469,566.3935746510468,118.56034952356626,0.19571428571428573,0.24571428571428572,0.0
PHASE 3A,193,155200,152,2069.1027247707516,1483.5048448828402,2565.337247966544,554.2263539312469,566.3935746510468,118.56034952356626,0.19571428571428573,0.24571428571428572,0.0
PHASE 3A,194,156000,156,2069.4631399194036,1483.5048448828402,2565.337247966544,557.0508653868717,563.3607805695051,118.63143674538759,0.19571428571428573,0.24571428571428572,0.0
PHASE 3A,195,156800,156,2069.4631399194045,1483.5048448828402,2565.337247966544,557.0508653868718,563.3607805695051,118.6314367453876,0.19571428571428573,0.24571428571428572,0.0
PHASE 3A,196,157600,156,2069.4631399194045,1483.5048448828402,2565.337247966544,557.0508653868718,563.3607805695051,118.6314367453876,0.19571428571428573,0.24571428571428572,0.0
PHASE 3A,197,158400,156,2069.4631399194045,1483.5048448828402,2565.337247966544,557.0508653868718,563.3607805695051,118.6314367453876,0.19571428571428573,0.24571428571428572,0.0
PHASE 3A,198,159200,156,2069.4631399194045,1483.5048448828402,2565.337247966544,557.0508653868718,563.3607805695051,118.6314367453876,0.19571428571428573,0.24571428571428572,0.0
PHASE 3A,199,160000,160,2074.558960213454,1483.5048448828402,2565.337247966544,558.5483304481218,564.6510966299218,118.91994164193562,0.19571428571428573,0.24571428571428572,0.0
PHASE 3A,200,160800,160,2074.558960213454,1483.5048448828402,2565.337247966544,558.5483304481218,564.6510966299219,118.91994164193561,0.19571428571428573,0.24571428571428572,0.0
PHASE 3A,201,161600,160,2074.558960213454,1483.5048448828402,2565.337247966544,558.5483304481218,564.6510966299219,118.91994164193561,0.19571428571428573,0.24571428571428572,0.0
PHASE 3A,202,162400,160,2074.558960213454,1483.5048448828402,2565.337247966544,558.5483304481218,564.6510966299219,118.91994164193561,0.19571428571428573,0.24571428571428572,0.0
PHASE 3A,203,163200,160,2074.558960213454,1483.5048448828402,2565.337247966544,558.5483304481218,564.6510966299219,118.91994164193561,0.19571428571428573,0.24571428571428572,0.0
PHASE 3A,204,164000,164,2083.9763925146926,1483.5048448828402,2565.337247966544,563.1642144087051,565.3553305480468,119.43210594475195,0.19571428571428573,0.24571428571428572,0.0
PHASE 3A,205,164800,164,2083.976392514692,1483.5048448828402,2565.337247966544,563.1642144087051,565.3553305480468,119.43210594475195,0.19571428571428573,0.24571428571428572,0.0
PHASE 3A,206,165600,164,2083.976392514692,1483.5048448828402,2565.337247966544,563.1642144087051,565.3553305480468,119.43210594475195,0.19571428571428573,0.24571428571428572,0.0
PHASE 3A,207,166400,164,2083.976392514692,1483.5048448828402,2565.337247966544,563.1642144087051,565.3553305480468,119.43210594475195,0.19571428571428573,0.24571428571428572,0.0
PHASE 3A,208,167200,164,2083.976392514692,1483.5048448828402,2565.337247966544,563.1642144087051,565.3553305480468,119.43210594475195,0.19571428571428573,0.24571428571428572,0.0
PHASE 3A,209,168000,168,2086.997427901496,1592.9355597567053,2565.337247966544,564.3110527950384,565.8549525734913,119.60392781663032,0.19571428571428573,0.24571428571428572,0.0
PHASE 3A,210,168800,168,2086.997427901496,1592.9355597567053,2565.337247966544,564.3110527950386,565.8549525734912,119.60392781663032,0.19571428571428573,0.24571428571428572,0.0
PHASE 3A,211,169600,168,2086.997427901496,1592.9355597567053,2565.337247966544,564.3110527950386,565.8549525734912,119.60392781663032,0.19571428571428573,0.24571428571428572,0.0
PHASE 3A,212,170400,168,2086.997427901496,1592.9355597567053,2565.337247966544,564.3110527950386,565.8549525734912,119.60392781663032,0.19571428571428573,0.24571428571428572,0.0
PHASE 3A,213,171200,168,2086.997427901496,1592.9355597567053,2565.337247966544,564.3110527950386,565.8549525734912,119.60392781663032,0.19571428571428573,0.24571428571428572,0.0
PHASE 3A,214,172000,172,2081.283360990021,1592.9355597567053,2565.337247966544,560.368857631608,565.5598275991024,119.41933446992346,0.19571428571428573,0.24571428571428572,0.0
PHASE 3A,215,172800,172,2081.2833609900213,1592.9355597567053,2565.337247966544,560.368857631608,565.5598275991024,119.41933446992346,0.19571428571428573,0.24571428571428572,0.0
PHASE 3A,216,173600,172,2081.2833609900213,1592.9355597567053,2565.337247966544,560.368857631608,565.5598275991024,119.41933446992346,0.19571428571428573,0.24571428571428572,0.0
PHASE 3A,217,174400,172,2081.2833609900213,1592.9355597567053,2565.337247966544,560.368857631608,565.5598275991024,119.41933446992346,0.19571428571428573,0.24571428571428572,0.0
PHASE 3A,218,175200,172,2081.2833609900213,1592.9355597567053,2565.337247966544,560.368857631608,565.5598275991024,119.41933446992346,0.19571428571428573,0.24571428571428572,0.0
PHASE 3A,219,176000,176,2081.8053208473243,1592.9355597567053,2565.337247966544,558.1060490339829,568.2100261030607,119.43615571379479,0.19571428571428573,0.24571428571428572,0.0
PHASE 3A,220,176800,176,2081.8053208473243,1592.9355597567053,2565.337247966544,558.1060490339828,568.2100261030607,119.43615571379479,0.19571428571428573,0.24571428571428572,0.0
PHASE 3A,221,177600,176,2081.8053208473243,1592.9355597567053,2565.337247966544,558.1060490339828,568.2100261030607,119.43615571379479,0.19571428571428573,0.24571428571428572,0.0
PHASE 3A,222,178400,176,2081.8053208473243,1592.9355597567053,2565.337247966544,558.1060490339828,568.2100261030607,119.43615571379479,0.19571428571428573,0.24571428571428572,0.0
PHASE 3A,223,179200,176,2081.8053208473243,1592.9355597567053,2565.337247966544,558.1060490339828,568.2100261030607,119.43615571379479,0.19571428571428573,0.24571428571428572,0.0
PHASE 3A,224,180000,180,2085.4106734312804,1592.9355597567053,2565.337247966544,561.8692032677468,566.6497827450468,119.61146092732066,0.19571428571428573,0.24571428571428572,0.0
PHASE 3A,225,180800,180,2085.4106734312804,1592.9355597567053,2565.337247966544,561.8692032677468,566.6497827450469,119.61146092732066,0.19571428571428573,0.24571428571428572,0.0
PHASE 3A,226,181600,180,2085.4106734312804,1592.9355597567053,2565.337247966544,561.8692032677468,566.6497827450469,119.61146092732066,0.19571428571428573,0.24571428571428572,0.0
PHASE 3A,227,182400,180,2085.4106734312804,1592.9355597567053,2565.337247966544,561.8692032677468,566.6497827450469,119.61146092732066,0.19571428571428573,0.24571428571428572,0.0
PHASE 3A,228,183200,180,2085.4106734312804,1592.9355597567053,2565.337247966544,561.8692032677468,566.6497827450469,119.61146092732066,0.19571428571428573,0.24571428571428572,0.0
PHASE 3A,229,184000,184,2084.131858899366,1592.9355597567053,2565.337247966544,559.3865699288718,567.6858261941995,119.63243284704669,0.19571428571428573,0.24571428571428572,0.0
PHASE 3A,230,184800,184,2084.1318588993654,1592.9355597567053,2565.337247966544,559.3865699288718,567.6858261941996,119.63243284704669,0.19571428571428573,0.24571428571428572,0.0
PHASE 3A,231,185600,184,2084.1318588993654,1592.9355597567053,2565.337247966544,559.3865699288718,567.6858261941996,119.63243284704669,0.19571428571428573,0.24571428571428572,0.0
PHASE 3A,232,186400,184,2084.1318588993654,1592.9355597567053,2565.337247966544,559.3865699288718,567.6858261941996,119.63243284704669,0.19571428571428573,0.24571428571428572,0.0
PHASE 3A,233,187200,184,2084.1318588993654,1592.9355597567053,2565.337247966544,559.3865699288718,567.6858261941996,119.63243284704669,0.19571428571428573,0.24571428571428572,0.0
PHASE 3A,234,188000,188,2076.429664029093,1592.9355597567053,2531.831504464775,556.608180875483,566.3054939350608,119.18949865232877,0.19571428571428573,0.24571428571428572,0.0
PHASE 3A,235,188800,188,2076.429664029094,1592.9355597567053,2531.831504464775,556.608180875483,566.3054939350608,119.18949865232877,0.19571428571428573,0.24571428571428572,0.0
PHASE 3A,236,189600,188,2076.429664029094,1592.9355597567053,2531.831504464775,556.608180875483,566.3054939350608,119.18949865232877,0.19571428571428573,0.24571428571428572,0.0
PHASE 3A,237,190400,188,2076.429664029094,1592.9355597567053,2531.831504464775,556.608180875483,566.3054939350608,119.18949865232877,0.19571428571428573,0.24571428571428572,0.0
PHASE 3A,238,191200,188,2076.429664029094,1592.9355597567053,2531.831504464775,556.608180875483,566.3054939350608,119.18949865232877,0.19571428571428573,0.24571428571428572,0.0
PHASE 3A,239,192000,192,2074.8260979836214,1592.9355597567053,2531.831504464775,559.1141378195871,561.9923965267274,119.21494545467353,0.19571428571428573,0.24571428571428572,0.0
PHASE 3A,240,192800,192,2074.826097983621,1592.9355597567053,2531.831504464775,559.1141378195871,561.9923965267274,119.21494545467353,0.19571428571428573,0.24571428571428572,0.0
PHASE 3A,241,193600,192,2074.826097983621,1592.9355597567053,2531.831504464775,559.1141378195871,561.9923965267274,119.21494545467353,0.19571428571428573,0.24571428571428572,0.0
PHASE 3A,242,194400,192,2074.826097983621,1592.9355597567053,2531.831504464775,559.1141378195871,561.9923965267274,119.21494545467353,0.19571428571428573,0.24571428571428572,0.0
PHASE 3A,243,195200,192,2074.826097983621,1592.9355597567053,2531.831504464775,559.1141378195871,561.9923965267274,119.21494545467353,0.19571428571428573,0.24571428571428572,0.0
PHASE 3A,244,196000,196,2076.864688341503,1592.9355597567053,2531.831504464775,559.3522226359622,562.0542873360052,119.43227229620221,0.19571428571428573,0.24571428571428572,0.0
PHASE 3A,245,196800,196,2076.864688341503,1592.9355597567053,2531.831504464775,559.3522226359622,562.0542873360051,119.43227229620221,0.19571428571428573,0.24571428571428572,0.0
PHASE 3A,246,197600,196,2076.864688341503,1592.9355597567053,2531.831504464775,559.3522226359622,562.0542873360051,119.43227229620221,0.19571428571428573,0.24571428571428572,0.0
PHASE 3A,247,198400,196,2076.864688341503,1592.9355597567053,2531.831504464775,559.3522226359622,562.0542873360051,119.43227229620221,0.19571428571428573,0.24571428571428572,0.0
PHASE 3A,248,199200,196,2076.864688341503,1592.9355597567053,2531.831504464775,559.3522226359622,562.0542873360051,119.43227229620221,0.19571428571428573,0.24571428571428572,0.0
PHASE 3A,249,200000,200,2083.8591092109973,1592.9355597567053,2531.831504464775,566.3553189868787,557.9056907982598,119.94976242824254,0.19571428571428573,0.24571428571428572,0.0
PHASE 3A,250,200800,200,2083.8591092109973,1592.9355597567053,2531.831504464775,566.3553189868787,557.9056907982598,119.94976242824254,0.19571428571428573,0.24571428571428572,0.0
PHASE 3A,251,201600,200,2083.8591092109973,1592.9355597567053,2531.831504464775,566.3553189868787,557.9056907982598,119.94976242824254,0.19571428571428573,0.24571428571428572,0.0
PHASE 3A,252,202400,200,2083.8591092109973,1592.9355597567053,2531.831504464775,566.3553189868787,557.9056907982598,119.94976242824254,0.19571428571428573,0.24571428571428572,0.0
PHASE 3A,253,203200,200,2083.8591092109973,1592.9355597567053,2531.831504464775,566.3553189868787,557.9056907982598,119.94976242824254,0.19571428571428573,0.24571428571428572,0.0
PHASE 3A,254,204000,204,2093.943325981515,1592.9355597567053,2531.831504464775,573.2069198224622,557.2187054246486,120.43971259181063,0.19571428571428573,0.24571428571428572,0.0
PHASE 3A,255,204800,204,2093.943325981514,1592.9355597567053,2531.831504464775,573.206919822462,557.2187054246486,120.43971259181063,0.19571428571428573,0.24571428571428572,0.0
PHASE 3A,256,205600,204,2093.943325981514,1592.9355597567053,2531.831504464775,573.206919822462,557.2187054246486,120.43971259181063,0.19571428571428573,0.24571428571428572,0.0
PHASE 3A,257,206400,204,2093.943325981514,1592.9355597567053,2531.831504464775,573.206919822462,557.2187054246486,120.43971259181063,0.19571428571428573,0.24571428571428572,0.0
PHASE 3A,258,207200,204,2093.943325981514,1592.9355597567053,2531.831504464775,573.206919822462,557.2187054246486,120.43971259181063,0.19571428571428573,0.24571428571428572,0.0
PHASE 3A,259,208000,208,2098.934342609911,1592.9355597567053,2531.831504464775,576.3379548135592,556.3683484172875,120.77850492239332,0.19571428571428573,0.24571428571428572,0.0
PHASE 3A,260,208800,208,2098.9343426099113,1592.9355597567053,2531.831504464775,576.3379548135593,556.3683484172876,120.77850492239332,0.19571428571428573,0.24571428571428572,0.0
PHASE 3A,261,209600,208,2098.9343426099113,1592.9355597567053,2531.831504464775,576.3379548135593,556.3683484172876,120.77850492239332,0.19571428571428573,0.24571428571428572,0.0
PHASE 3A,262,210400,208,2098.9343426099113,1592.9355597567053,2531.831504464775,576.3379548135593,556.3683484172876,120.77850492239332,0.19571428571428573,0.24571428571428572,0.0
PHASE 3A,263,211200,208,2098.9343426099113,1592.9355597567053,2531.831504464775,576.3379548135593,556.3683484172876,120.77850492239332,0.19571428571428573,0.24571428571428572,0.0
PHASE 3A,264,212000,212,2110.496011616542,1592.9355597567053,2552.7171670678836,582.5076937423603,557.2999019118848,121.3360519952975,0.19571428571428573,0.24571428571428572,0.0
PHASE 3A,265,212800,212,2110.4960116165425,1592.9355597567053,2552.7171670678836,582.5076937423602,557.299901911885,121.3360519952975,0.19571428571428573,0.24571428571428572,0.0
PHASE 3A,266,213600,212,2110.4960116165425,1592.9355597567053,2552.7171670678836,582.5076937423602,557.299901911885,121.3360519952975,0.19571428571428573,0.24571428571428572,0.0
PHASE 3A,267,214400,212,2110.4960116165425,1592.9355597567053,2552.7171670678836,582.5076937423602,557.299901911885,121.3360519952975,0.19571428571428573,0.24571428571428572,0.0
PHASE 3A,268,215200,212,2110.4960116165425,1592.9355597567053,2552.7171670678836,582.5076937423602,557.299901911885,121.3360519952975,0.19571428571428573,0.24571428571428572,0.0
PHASE 3A,269,216000,216,2117.5283551764182,1592.9355597567053,2552.7171670678836,584.4040282844852,558.6284858191766,121.81198013410489,0.19571428571428573,0.24571428571428572,0.0
PHASE 3A,270,216800,216,2117.5283551764182,1592.9355597567053,2552.7171670678836,584.4040282844851,558.6284858191766,121.8119801341049,0.19571428571428573,0.24571428571428572,0.0
PHASE 3A,271,217600,216,2117.5283551764182,1592.9355597567053,2552.7171670678836,584.4040282844851,558.6284858191766,121.8119801341049,0.19571428571428573,0.24571428571428572,0.0
PHASE 3A,272,218400,216,2117.5283551764182,1592.9355597567053,2552.7171670678836,584.4040282844851,558.6284858191766,121.8119801341049,0.19571428571428573,0.24571428571428572,0.0
PHASE 3A,273,219200,216,2117.5283551764182,1592.9355597567053,2552.7171670678836,584.4040282844851,558.6284858191766,121.8119801341049,0.19571428571428573,0.24571428571428572,0.0
PHASE 3A,274,220000,220,2119.061356326343,1592.9355597567053,2552.7171670678836,582.4939552491935,560.4419187382738,122.01568529236985,0.19571428571428573,0.24571428571428572,0.0
PHASE 3A,275,220800,220,2119.0613563263423,1592.9355597567053,2552.7171670678836,582.4939552491936,560.4419187382737,122.01568529236985,0.19571428571428573,0.24571428571428572,0.0
PHASE 3A,276,221600,220,2119.0613563263423,1592.9355597567053,2552.7171670678836,582.4939552491936,560.4419187382737,122.01568529236985,0.19571428571428573,0.24571428571428572,0.0
PHASE 3A,277,222400,220,2119.0613563263423,1592.9355597567053,2552.7171670678836,582.4939552491936,560.4419187382737,122.01568529236985,0.19571428571428573,0.24571428571428572,0.0
PHASE 3A,278,223200,220,2119.0613563263423,1592.9355597567053,2552.7171670678836,582.4939552491936,560.4419187382737,122.01568529236985,0.19571428571428573,0.24571428571428572,0.0
PHASE 3A,279,224000,224,2122.793819969904,1503.1029487438059,2552.7171670678836,585.4455707853325,558.3307407166903,122.37718855849562,0.19571428571428573,0.24571428571428572,0.0
PHASE 3A,280,224800,224,2122.793819969904,1503.1029487438059,2552.7171670678836,585.4455707853325,558.3307407166905,122.37718855849562,0.19571428571428573,0.24571428571428572,0.0
PHASE 3A,281,225600,224,2122.793819969904,1503.1029487438059,2552.7171670678836,585.4455707853325,558.3307407166905,122.37718855849562,0.19571428571428573,0.24571428571428572,0.0
PHASE 3A,282,226400,224,2122.793819969904,1503.1029487438059,2552.7171670678836,585.4455707853325,558.3307407166905,122.37718855849562,0.19571428571428573,0.24571428571428572,0.0
PHASE 3A,283,227200,224,2122.793819969904,1503.1029487438059,2552.7171670678836,585.4455707853325,558.3307407166905,122.37718855849562,0.19571428571428573,0.24571428571428572,0.0
PHASE 3A,284,228000,228,2130.771148794144,1503.1029487438059,2552.7171670678836,583.4858427460964,561.9872095725655,123.16226205944571,0.19571428571428573,0.24571428571428572,0.0
PHASE 3A,285,228800,228,2130.771148794144,1503.1029487438059,2552.7171670678836,583.4858427460964,561.9872095725655,123.16226205944571,0.19571428571428573,0.24571428571428572,0.0
PHASE 3A,286,229600,228,2130.771148794144,1503.1029487438059,2552.7171670678836,583.4858427460964,561.9872095725655,123.16226205944571,0.19571428571428573,0.24571428571428572,0.0
PHASE 3A,287,230400,228,2130.771148794144,1503.1029487438059,2552.7171670678836,583.4858427460964,561.9872095725655,123.16226205944571,0.19571428571428573,0.24571428571428572,0.0
PHASE 3A,288,231200,228,2130.771148794144,1503.1029487438059,2552.7171670678836,583.4858427460964,561.9872095725655,123.16226205944571,0.19571428571428573,0.24571428571428572,0.0
PHASE 3A,289,232000,232,2146.0468899310345,1503.1029487438059,2552.7171670678836,589.7291502575825,563.4713485325005,124.10579889262927,0.19571428571428573,0.24571428571428572,0.0
PHASE 3A,290,232800,232,2146.0468899310345,1503.1029487438059,2552.7171670678836,589.7291502575824,563.4713485325005,124.10579889262925,0.19571428571428573,0.24571428571428572,0.0
PHASE 3A,291,233600,232,2146.0468899310345,1503.1029487438059,2552.7171670678836,589.7291502575824,563.4713485325005,124.10579889262925,0.19571428571428573,0.24571428571428572,0.0
PHASE 3A,292,234400,232,2146.0468899310345,1503.1029487438059,2552.7171670678836,589.7291502575824,563.4713485325005,124.10579889262925,0.19571428571428573,0.24571428571428572,0.0
PHASE 3A,293,235200,232,2146.0468899310345,1503.1029487438059,2552.7171670678836,589.7291502575824,563.4713485325005,124.10579889262925,0.19571428571428573,0.24571428571428572,0.0
PHASE 3A,294,236000,236,2153.2019460319793,1503.1029487438059,2552.7171670678836,591.8847300878464,564.3522522655562,124.62062045983257,0.19571428571428573,0.24571428571428572,0.0
PHASE 3A,295,236800,236,2153.2019460319793,1503.1029487438059,2552.7171670678836,591.8847300878463,564.3522522655562,124.62062045983257,0.19571428571428573,0.24571428571428572,0.0
PHASE 3A,296,237600,236,2153.2019460319793,1503.1029487438059,2552.7171670678836,591.8847300878463,564.3522522655562,124.62062045983257,0.19571428571428573,0.24571428571428572,0.0
PHASE 3A,297,238400,236,2153.2019460319793,1503.1029487438059,2552.7171670678836,591.8847300878463,564.3522522655562,124.62062045983257,0.19571428571428573,0.24571428571428572,0.0
PHASE 3A,298,239200,236,2153.2019460319793,1503.1029487438059,2552.7171670678836,591.8847300878463,564.3522522655562,124.62062045983257,0.19571428571428573,0.24571428571428572,0.0
PHASE 3A,299,240000,240,2155.074014125623,1503.1029487438059,2552.7171670678836,590.136290144064,565.6006074181256,124.91713957043964,0.19571428571428573,0.24571428571428572,0.0
PHASE 3A,300,240800,240,2155.074014125623,1503.1029487438059,2552.7171670678836,590.136290144064,565.6006074181256,124.91713957043964,0.19571428571428573,0.24571428571428572,0.0
PHASE 3A,301,241600,240,2155.074014125623,1503.1029487438059,2552.7171670678836,590.136290144064,565.6006074181256,124.91713957043964,0.19571428571428573,0.24571428571428572,0.0
PHASE 3A,302,242400,240,2155.074014125623,1503.1029487438059,2552.7171670678836,590.136290144064,565.6006074181256,124.91713957043964,0.19571428571428573,0.24571428571428572,0.0
PHASE 3A,303,243200,240,2155.074014125623,1503.1029487438059,2552.7171670678836,590.136290144064,565.6006074181256,124.91713957043964,0.19571428571428573,0.24571428571428572,0.0
PHASE 3A,304,244000,244,2152.740996367723,1503.1029487438059,2552.7171670678836,590.0130349958362,563.7191688212922,124.87609906883466,0.19571428571428573,0.24571428571428572,0.0
PHASE 3A,305,244800,244,2152.7409963677223,1503.1029487438059,2552.7171670678836,590.0130349958362,563.7191688212922,124.87609906883466,0.19571428571428573,0.24571428571428572,0.0
PHASE 3A,306,245600,244,2152.7409963677223,1503.1029487438059,2552.7171670678836,590.0130349958362,563.7191688212922,124.87609906883466,0.19571428571428573,0.24571428571428572,0.0
PHASE 3A,307,246400,244,2152.7409963677223,1503.1029487438059,2552.7171670678836,590.0130349958362,563.7191688212922,124.87609906883466,0.19571428571428573,0.24571428571428572,0.0
PHASE 3A,308,247200,244,2152.7409963677223,1503.1029487438059,2552.7171670678836,590.0130349958362,563.7191688212922,124.87609906883466,0.19571428571428573,0.24571428571428572,0.0
PHASE 3A,309,248000,248,2149.866579150423,1503.1029487438059,2552.7171670678836,587.5944888348363,564.1354310165699,124.76708241238752,0.19571428571428573,0.24571428571428572,0.0
PHASE 3A,310,248800,248,2149.866579150423,1503.1029487438059,2552.7171670678836,587.5944888348363,564.13543101657,124.7670824123875,0.19571428571428573,0.24571428571428572,0.0
PHASE 3A,311,249600,248,2149.866579150423,1503.1029487438059,2552.7171670678836,587.5944888348363,564.13543101657,124.7670824123875,0.19571428571428573,0.24571428571428572,0.0
PHASE 3A,312,250400,248,2149.866579150423,1503.1029487438059,2552.7171670678836,587.5944888348363,564.13543101657,124.7670824123875,0.19571428571428573,0.24571428571428572,0.0
PHASE 3A,313,251200,248,2149.866579150423,1503.1029487438059,2552.7171670678836,587.5944888348363,564.13543101657,124.7670824123875,0.19571428571428573,0.24571428571428572,0.0
PHASE 3A,314,252000,252,2159.1769046784148,1503.1029487438059,2552.7171670678836,590.4111475974612,565.0069754064756,125.46984770932009,0.19571428571428573,0.24571428571428572,0.0
PHASE 3A,315,252800,252,2159.1769046784143,1503.1029487438059,2552.7171670678836,590.4111475974612,565.0069754064757,125.46984770932009,0.19571428571428573,0.24571428571428572,0.0
PHASE 3A,316,253600,252,2159.1769046784143,1503.1029487438059,2552.7171670678836,590.4111475974612,565.0069754064757,125.46984770932009,0.19571428571428573,0.24571428571428572,0.0
PHASE 3A,317,254400,252,2159.1769046784143,1503.1029487438059,2552.7171670678836,590.4111475974612,565.0069754064757,125.46984770932009,0.19571428571428573,0.24571428571428572,0.0
PHASE 3A,318,255200,252,2159.1769046784143,1503.1029487438059,2552.7171670678836,590.4111475974612,565.0069754064757,125.46984770932009,0.19571428571428573,0.24571428571428572,0.0
PHASE 3A,319,256000,256,2167.2295713152016,1503.1029487438059,2552.7171670678836,590.6838401561972,568.6287810070173,125.98961876900877,0.19571428571428573,0.24571428571428572,0.0
PHASE 3A,320,256800,256,2167.2295713152016,1503.1029487438059,2552.7171670678836,590.6838401561972,568.6287810070172,125.98961876900877,0.19571428571428573,0.24571428571428572,0.0
PHASE 3A,321,257600,256,2167.2295713152016,1503.1029487438059,2552.7171670678836,590.6838401561972,568.6287810070172,125.98961876900877,0.19571428571428573,0.24571428571428572,0.0
PHASE 3A,322,258400,256,2167.2295713152016,1503.1029487438059,2552.7171670678836,590.6838401561972,568.6287810070172,125.98961876900877,0.19571428571428573,0.24571428571428572,0.0
PHASE 3A,323,259200,256,2167.2295713152016,1503.1029487438059,2552.7171670678836,590.6838401561972,568.6287810070172,125.98961876900877,0.19571428571428573,0.24571428571428572,0.0
PHASE 3A,324,260000,260,2173.5132435288015,1503.1029487438059,2552.7171670678836,593.0202438353639,567.5517847278506,126.61765187070873,0.19571428571428573,0.24571428571428572,0.0
PHASE 3A,325,260800,260,2173.513243528802,1503.1029487438059,2552.7171670678836,593.0202438353639,567.5517847278506,126.61765187070873,0.19571428571428573,0.24571428571428572,0.0
PHASE 3A,326,261600,260,2173.513243528802,1503.1029487438059,2552.7171670678836,593.0202438353639,567.5517847278506,126.61765187070873,0.19571428571428573,0.24571428571428572,0.0
PHASE 3A,327,262400,260,2173.513243528802,1503.1029487438059,2552.7171670678836,593.0202438353639,567.5517847278506,126.61765187070873,0.19571428571428573,0.24571428571428572,0.0
PHASE 3A,328,263200,260,2173.513243528802,1503.1029487438059,2552.7171670678836,593.0202438353639,567.5517847278506,126.61765187070873,0.19571428571428573,0.24571428571428572,0.0
PHASE 3A,329,264000,264,2175.3165902225087,1503.1029487438059,2552.7171670678836,592.3152338853223,568.3808355470172,126.82756509878156,0.19571428571428573,0.24571428571428572,0.0
PHASE 3A,330,264800,264,2175.3165902225087,1503.1029487438059,2552.7171670678836,592.3152338853222,568.3808355470172,126.82756509878155,0.19571428571428573,0.24571428571428572,0.0
PHASE 3A,331,265600,264,2175.3165902225087,1503.1029487438059,2552.7171670678836,592.3152338853222,568.3808355470172,126.82756509878155,0.19571428571428573,0.24571428571428572,0.0
PHASE 3A,332,266400,264,2175.3165902225087,1503.1029487438059,2552.7171670678836,592.3152338853222,568.3808355470172,126.82756509878155,0.19571428571428573,0.24571428571428572,0.0
PHASE 3A,333,267200,264,2175.3165902225087,1503.1029487438059,2552.7171670678836,592.3152338853222,568.3808355470172,126.82756509878155,0.19571428571428573,0.24571428571428572,0.0
PHASE 3A,334,268000,268,2190.6726517578027,1503.1029487438059,2552.7171670678836,598.2793051830307,570.4863571095171,127.73837368316732,0.19571428571428573,0.24571428571428572,0.0
PHASE 3A,335,268800,268,2190.6726517578027,1503.1029487438059,2552.7171670678836,598.2793051830306,570.4863571095171,127.73837368316732,0.19571428571428573,0.24571428571428572,0.0
PHASE 3A,336,269600,268,2190.6726517578027,1503.1029487438059,2552.7171670678836,598.2793051830306,570.4863571095171,127.73837368316732,0.19571428571428573,0.24571428571428572,0.0
PHASE 3A,337,270400,268,2190.6726517578027,1503.1029487438059,2552.7171670678836,598.2793051830306,570.4863571095171,127.73837368316732,0.19571428571428573,0.24571428571428572,0.0
PHASE 3A,338,271200,268,2190.6726517578027,1503.1029487438059,2552.7171670678836,598.2793051830306,570.4863571095171,127.73837368316732,0.19571428571428573,0.24571428571428572,0.0
PHASE 3A,339,272000,272,2202.933130124,1503.1029487438059,2552.7171670678836,602.6229769487389,571.4216812268783,128.61105899355826,0.19571428571428573,0.24571428571428572,0.0
PHASE 3A,340,272800,272,2202.9331301239995,1503.1029487438059,2552.7171670678836,602.6229769487389,571.4216812268783,128.61105899355826,0.19571428571428573,0.24571428571428572,0.0
PHASE 3A,341,273600,272,2202.9331301239995,1503.1029487438059,2552.7171670678836,602.6229769487389,571.4216812268783,128.61105899355826,0.19571428571428573,0.24571428571428572,0.0
PHASE 3A,342,274400,272,2202.9331301239995,1503.1029487438059,2552.7171670678836,602.6229769487389,571.4216812268783,128.61105899355826,0.19571428571428573,0.24571428571428572,0.0
PHASE 3A,343,275200,272,2202.9331301239995,1503.1029487438059,2552.7171670678836,602.6229769487389,571.4216812268783,128.61105899355826,0.19571428571428573,0.24571428571428572,0.0
PHASE 3A,344,276000,276,2215.096350326385,1503.1029487438059,2647.399331120977,606.657319283614,572.7165494484477,129.4653101993008,0.19571428571428573,0.24571428571428572,0.0
PHASE 3A,345,276800,276,2215.0963503263856,1503.1029487438059,2647.399331120977,606.657319283614,572.7165494484477,129.4653101993008,0.19571428571428573,0.24571428571428572,0.0
PHASE 3A,346,277600,276,2215.0963503263856,1503.1029487438059,2647.399331120977,606.657319283614,572.7165494484477,129.4653101993008,0.19571428571428573,0.24571428571428572,0.0
PHASE 3A,347,278400,276,2215.0963503263856,1503.1029487438059,2647.399331120977,606.657319283614,572.7165494484477,129.4653101993008,0.19571428571428573,0.24571428571428572,0.0
PHASE 3A,348,279200,276,2215.0963503263856,1503.1029487438059,2647.399331120977,606.657319283614,572.7165494484477,129.4653101993008,0.19571428571428573,0.24571428571428572,0.0
PHASE 3A,349,280000,280,2224.2051438484937,1503.1029487438059,2647.399331120977,605.5500910646001,578.1979912787839,130.057132688149,0.19571428571428573,0.24571428571428572,0.0
PHASE 3A,350,280800,280,2224.205143848494,1503.1029487438059,2647.399331120977,605.5500910646001,578.197991278784,130.057132688149,0.19571428571428573,0.24571428571428572,0.0
PHASE 3A,351,281600,280,2224.205143848494,1503.1029487438059,2647.399331120977,605.5500910646001,578.197991278784,130.057132688149,0.19571428571428573,0.24571428571428572,0.0
PHASE 3A,352,282400,280,2224.205143848494,1503.1029487438059,2647.399331120977,605.5500910646001,578.197991278784,130.057132688149,0.19571428571428573,0.24571428571428572,0.0
PHASE 3A,353,283200,280,2224.205143848494,1503.1029487438059,2647.399331120977,605.5500910646001,578.197991278784,130.057132688149,0.19571428571428573,0.24571428571428572,0.0
PHASE 3A,354,284000,284,2228.547544189727,1503.1029487438059,2647.399331120977,609.451444760614,576.0289729493674,130.3833908099785,0.19571428571428573,0.24571428571428572,0.0
PHASE 3A,355,284800,284,2228.547544189727,1503.1029487438059,2647.399331120977,609.4514447606139,576.0289729493674,130.3833908099785,0.19571428571428573,0.24571428571428572,0.0
PHASE 3A,356,285600,284,2228.547544189727,1503.1029487438059,2647.399331120977,609.4514447606139,576.0289729493674,130.3833908099785,0.19571428571428573,0.24571428571428572,0.0
PHASE 3A,357,286400,284,2228.547544189727,1503.1029487438059,2647.399331120977,609.4514447606139,576.0289729493674,130.3833908099785,0.19571428571428573,0.24571428571428572,0.0
PHASE 3A,358,287200,284,2228.547544189727,1503.1029487438059,2647.399331120977,609.4514447606139,576.0289729493674,130.3833908099785,0.19571428571428573,0.24571428571428572,0.0
PHASE 3A,359,288000,288,2237.142215768609,1503.1029487438059,2647.399331120977,610.3477816523778,578.9957161209367,130.97483974942207,0.19571428571428573,0.24571428571428572,0.0
PHASE 3A,360,288800,288,2237.1422157686093,1503.1029487438059,2647.399331120977,610.3477816523779,578.9957161209367,130.97483974942207,0.19571428571428573,0.24571428571428572,0.0
PHASE 3A,361,289600,288,2237.1422157686093,1503.1029487438059,2647.399331120977,610.3477816523779,578.9957161209367,130.97483974942207,0.19571428571428573,0.24571428571428572,0.0
PHASE 3A,362,290400,288,2237.1422157686093,1503.1029487438059,2647.399331120977,610.3477816523779,578.9957161209367,130.97483974942207,0.19571428571428573,0.24571428571428572,0.0
PHASE 3A,363,291200,288,2237.1422157686093,1503.1029487438059,2647.399331120977,610.3477816523779,578.9957161209367,130.97483974942207,0.19571428571428573,0.24571428571428572,0.0
PHASE 3A,364,292000,292,2244.5464312110503,1503.1029487438059,2647.399331120977,611.6373947814404,580.9731024546172,131.49199174688428,0.19571428571428573,0.24571428571428572,0.0
PHASE 3A,365,292800,292,2244.54643121105,1503.1029487438059,2647.399331120977,611.6373947814404,580.9731024546172,131.4919917468843,0.19571428571428573,0.24571428571428572,0.0
PHASE 3A,366,293600,292,2244.54643121105,1503.1029487438059,2647.399331120977,611.6373947814404,580.9731024546172,131.4919917468843,0.19571428571428573,0.24571428571428572,0.0
PHASE 3A,367,294400,292,2244.54643121105,1503.1029487438059,2647.399331120977,611.6373947814404,580.9731024546172,131.4919917468843,0.19571428571428573,0.24571428571428572,0.0
PHASE 3A,368,295200,292,2244.54643121105,1503.1029487438059,2647.399331120977,611.6373947814404,580.9731024546172,131.4919917468843,0.19571428571428573,0.24571428571428572,0.0
PHASE 3A,369,296000,296,2248.8608214114042,1503.1029487438059,2647.399331120977,615.0723610361904,578.2161658120061,131.94653682041115,0.19571428571428573,0.24571428571428572,0.0
PHASE 3A,370,296800,296,2248.860821411404,1503.1029487438059,2647.399331120977,615.0723610361904,578.2161658120061,131.94653682041115,0.19571428571428573,0.24571428571428572,0.0
PHASE 3A,371,297600,296,2248.860821411404,1503.1029487438059,2647.399331120977,615.0723610361904,578.2161658120061,131.94653682041115,0.19571428571428573,0.24571428571428572,0.0
PHASE 3A,372,298400,296,2248.860821411404,1503.1029487438059,2647.399331120977,615.0723610361904,578.2161658120061,131.94653682041115,0.19571428571428573,0.24571428571428572,0.0
PHASE 3A,373,299200,296,2248.860821411404,1503.1029487438059,2647.399331120977,615.0723610361904,578.2161658120061,131.94653682041115,0.19571428571428573,0.24571428571428572,0.0
PHASE 3A,374,300000,300,2241.7083490598066,1503.1029487438059,2647.399331120977,610.0896282141904,578.9394150447146,131.58491322512293,0.19571428571428573,0.24571428571428572,0.0
PHASE 3A,375,300800,300,2241.7083490598066,1503.1029487438059,2647.399331120977,610.0896282141905,578.9394150447145,131.58491322512293,0.19571428571428573,0.24571428571428572,0.0
PHASE 3A,376,301600,300,2241.7083490598066,1503.1029487438059,2647.399331120977,610.0896282141905,578.9394150447145,131.58491322512293,0.19571428571428573,0.24571428571428572,0.0
PHASE 3A,377,302400,300,2241.7083490598066,1503.1029487438059,2647.399331120977,610.0896282141905,578.9394150447145,131.58491322512293,0.19571428571428573,0.24571428571428572,0.0
PHASE 3A,378,303200,300,2241.7083490598066,1503.1029487438059,2647.399331120977,610.0896282141905,578.9394150447145,131.58491322512293,0.19571428571428573,0.24571428571428572,0.0
PHASE 3A,379,304000,304,2247.35233523378,1503.1029487438059,2647.399331120977,610.1856537536071,581.9149128266588,131.90647108169964,0.19571428571428573,0.24571428571428572,0.0
PHASE 3A,380,304800,304,2247.3523352337807,1503.1029487438059,2647.399331120977,610.1856537536071,581.9149128266588,131.90647108169964,0.19571428571428573,0.24571428571428572,0.0
PHASE 3A,381,305600,304,2247.3523352337807,1503.1029487438059,2647.399331120977,610.1856537536071,581.9149128266588,131.90647108169964,0.19571428571428573,0.24571428571428572,0.0
PHASE 3A,382,306400,304,2247.3523352337807,1503.1029487438059,2647.399331120977,610.1856537536071,581.9149128266588,131.90647108169964,0.19571428571428573,0.24571428571428572,0.0
PHASE 3A,383,307200,304,2247.3523352337807,1503.1029487438059,2647.399331120977,610.1856537536071,581.9149128266588,131.90647108169964,0.19571428571428573,0.24571428571428572,0.0
PHASE 3A,384,308000,308,2234.5900201007257,1503.1029487438059,2647.399331120977,603.2766500590931,581.8416328535478,131.18396714852094,0.19571428571428573,0.24571428571428572,0.0
PHASE 3A,385,308800,308,2234.5900201007253,1503.1029487438059,2647.399331120977,603.2766500590932,581.8416328535477,131.18396714852096,0.19571428571428573,0.24571428571428572,0.0
PHASE 3A,386,309600,308,2234.5900201007253,1503.1029487438059,2647.399331120977,603.2766500590932,581.8416328535477,131.18396714852096,0.19571428571428573,0.24571428571428572,0.0
PHASE 3A,387,310400,308,2234.5900201007253,1503.1029487438059,2647.399331120977,603.2766500590932,581.8416328535477,131.18396714852096,0.19571428571428573,0.24571428571428572,0.0
PHASE 3A,388,311200,308,2234.5900201007253,1503.1029487438059,2647.399331120977,603.2766500590932,581.8416328535477,131.18396714852096,0.19571428571428573,0.24571428571428572,0.0
PHASE 3A,389,312000,312,2237.4580233583856,1503.1029487438059,2647.399331120977,600.092588341334,584.6842914634644,131.5851429442088,0.19571428571428573,0.24571428571428572,0.0
PHASE 3A,390,312800,312,2237.4580233583856,1503.1029487438059,2647.399331120977,600.092588341334,584.6842914634644,131.58514294420877,0.19571428571428573,0.24571428571428572,0.0
PHASE 3A,391,313600,312,2237.4580233583856,1503.1029487438059,2647.399331120977,600.092588341334,584.6842914634644,131.58514294420877,0.19571428571428573,0.24571428571428572,0.0
PHASE 3A,392,314400,312,2237.4580233583856,1503.1029487438059,2647.399331120977,600.092588341334,584.6842914634644,131.58514294420877,0.19571428571428573,0.24571428571428572,0.0
PHASE 3A,393,315200,312,2237.4580233583856,1503.1029487438059,2647.399331120977,600.092588341334,584.6842914634644,131.58514294420877,0.19571428571428573,0.24571428571428572,0.0
PHASE 3A,394,316000,316,2239.400874577407,1503.1029487438059,2647.399331120977,601.6948045971257,584.0367263697144,131.7086679513313,0.19571428571428573,0.24571428571428572,0.0
PHASE 3A,395,316800,316,2239.400874577407,1503.1029487438059,2647.399331120977,601.6948045971257,584.0367263697144,131.7086679513313,0.19571428571428573,0.24571428571428572,0.0
PHASE 3A,396,317600,316,2239.400874577407,1503.1029487438059,2647.399331120977,601.6948045971257,584.0367263697144,131.7086679513313,0.19571428571428573,0.24571428571428572,0.0
PHASE 3A,397,318400,316,2239.400874577407,1503.1029487438059,2647.399331120977,601.6948045971257,584.0367263697144,131.7086679513313,0.19571428571428573,0.24571428571428572,0.0
PHASE 3A,398,319200,316,2239.400874577407,1503.1029487438059,2647.399331120977,601.6948045971257,584.0367263697144,131.7086679513313,0.19571428571428573,0.24571428571428572,0.0
PHASE 3A,399,320000,320,2240.7678938260733,1503.1029487438059,2647.399331120977,602.6779316608465,582.8514451807978,131.904814623064,0.19571428571428573,0.24571428571428572,0.0
PHASE 3A,400,320800,320,2240.7678938260733,1503.1029487438059,2647.399331120977,602.6779316608466,582.8514451807978,131.904814623064,0.19571428571428573,0.24571428571428572,0.0
PHASE 3A,401,321600,320,2240.7678938260733,1503.1029487438059,2647.399331120977,602.6779316608466,582.8514451807978,131.904814623064,0.19571428571428573,0.24571428571428572,0.0
PHASE 3A,402,322400,320,2240.7678938260733,1503.1029487438059,2647.399331120977,602.6779316608466,582.8514451807978,131.904814623064,0.19571428571428573,0.24571428571428572,0.0
PHASE 3A,403,323200,320,2240.7678938260733,1503.1029487438059,2647.399331120977,602.6779316608466,582.8514451807978,131.904814623064,0.19571428571428573,0.24571428571428572,0.0
PHASE 3A,404,324000,324,2245.99007833377,1671.8792756070814,2647.399331120977,603.4625020625828,584.9493916090478,132.19727308277785,0.19571428571428573,0.24571428571428572,0.0
PHASE 3A,405,324800,324,2245.99007833377,1671.8792756070814,2647.399331120977,603.4625020625828,584.9493916090478,132.19727308277788,0.19571428571428573,0.24571428571428572,0.0
PHASE 3A,406,325600,324,2245.99007833377,1671.8792756070814,2647.399331120977,603.4625020625828,584.9493916090478,132.19727308277788,0.19571428571428573,0.24571428571428572,0.0
PHASE 3A,407,326400,324,2245.99007833377,1671.8792756070814,2647.399331120977,603.4625020625828,584.9493916090478,132.19727308277788,0.19571428571428573,0.24571428571428572,0.0
PHASE 3A,408,327200,324,2245.99007833377,1671.8792756070814,2647.399331120977,603.4625020625828,584.9493916090478,132.19727308277788,0.19571428571428573,0.24571428571428572,0.0
PHASE 3A,409,328000,328,2242.0585379852782,1671.8792756070814,2647.399331120977,601.3526489026522,586.1446526402977,131.8201545553016,0.19571428571428573,0.24571428571428572,0.0
PHASE 3A,410,328800,328,2242.0585379852787,1671.8792756070814,2647.399331120977,601.3526489026522,586.1446526402977,131.8201545553016,0.19571428571428573,0.24571428571428572,0.0
PHASE 3A,411,329600,328,2242.0585379852787,1671.8792756070814,2647.399331120977,601.3526489026522,586.1446526402977,131.8201545553016,0.19571428571428573,0.24571428571428572,0.0
PHASE 3A,412,330400,328,2242.0585379852787,1671.8792756070814,2647.399331120977,601.3526489026522,586.1446526402977,131.8201545553016,0.19571428571428573,0.24571428571428572,0.0
PHASE 3A,413,331200,328,2242.0585379852787,1671.8792756070814,2647.399331120977,601.3526489026522,586.1446526402977,131.8201545553016,0.19571428571428573,0.24571428571428572,0.0
PHASE 3A,414,332000,332,2237.9298997927217,1671.8792756070814,2647.399331120977,599.4864234671244,586.1751923031451,131.53353550281713,0.19571428571428573,0.24571428571428572,0.0
PHASE 3A,415,332800,332,2237.929899792722,1671.8792756070814,2647.399331120977,599.4864234671244,586.1751923031451,131.53353550281713,0.19571428571428573,0.24571428571428572,0.0
PHASE 3A,416,333600,332,2237.929899792722,1671.8792756070814,2647.399331120977,599.4864234671244,586.1751923031451,131.53353550281713,0.19571428571428573,0.24571428571428572,0.0
PHASE 3A,417,334400,332,2237.929899792722,1671.8792756070814,2647.399331120977,599.4864234671244,586.1751923031451,131.53353550281713,0.19571428571428573,0.24571428571428572,0.0
PHASE 3A,418,335200,332,2237.929899792722,1671.8792756070814,2647.399331120977,599.4864234671244,586.1751923031451,131.53353550281713,0.19571428571428573,0.24571428571428572,0.0
PHASE 3A,419,336000,336,2240.2536819757665,1671.8792756070814,2647.399331120977,602.7000588522772,583.0737840493533,131.80997988427748,0.19571428571428573,0.24571428571428572,0.0
PHASE 3A,420,336800,336,2240.253681975766,1671.8792756070814,2647.399331120977,602.700058852277,583.0737840493533,131.80997988427748,0.19571428571428573,0.24571428571428572,0.0
PHASE 3A,421,337600,336,2240.253681975766,1671.8792756070814,2647.399331120977,602.700058852277,583.0737840493533,131.80997988427748,0.19571428571428573,0.24571428571428572,0.0
PHASE 3A,422,338400,336,2240.253681975766,1671.8792756070814,2647.399331120977,602.700058852277,583.0737840493533,131.80997988427748,0.19571428571428573,0.24571428571428572,0.0
PHASE 3A,423,339200,336,2240.253681975766,1671.8792756070814,2647.399331120977,602.700058852277,583.0737840493533,131.80997988427748,0.19571428571428573,0.24571428571428572,0.0
PHASE 3A,424,340000,340,2248.7141546343883,1671.8792756070814,2647.399331120977,608.9152977969161,580.0071809878394,132.4739594812147,0.19571428571428573,0.24571428571428572,0.0
PHASE 3A,425,340800,340,2248.7141546343887,1671.8792756070814,2647.399331120977,608.9152977969161,580.0071809878395,132.47395948121468,0.19571428571428573,0.24571428571428572,0.0
PHASE 3A,426,341600,340,2248.7141546343887,1671.8792756070814,2647.399331120977,608.9152977969161,580.0071809878395,132.47395948121468,0.19571428571428573,0.24571428571428572,0.0
PHASE 3A,427,342400,340,2248.7141546343887,1671.8792756070814,2647.399331120977,608.9152977969161,580.0071809878395,132.47395948121468,0.19571428571428573,0.24571428571428572,0.0
PHASE 3A,428,343200,340,2248.7141546343887,1671.8792756070814,2647.399331120977,608.9152977969161,580.0071809878395,132.47395948121468,0.19571428571428573,0.24571428571428572,0.0
PHASE 3A,429,344000,344,2247.947553081111,1671.8792756070814,2647.399331120977,606.8202879407495,580.4222516189507,132.58812669018707,0.19571428571428573,0.24571428571428572,0.0
PHASE 3A,430,344800,344,2247.9475530811114,1671.8792756070814,2647.399331120977,606.8202879407492,580.4222516189507,132.58812669018707,0.19571428571428573,0.24571428571428572,0.0
PHASE 3A,431,345600,344,2247.9475530811114,1671.8792756070814,2647.399331120977,606.8202879407492,580.4222516189507,132.58812669018707,0.19571428571428573,0.24571428571428572,0.0
PHASE 3A,432,346400,344,2247.9475530811114,1671.8792756070814,2647.399331120977,606.8202879407492,580.4222516189507,132.58812669018707,0.19571428571428573,0.24571428571428572,0.0
PHASE 3A,433,347200,344,2247.9475530811114,1671.8792756070814,2647.399331120977,606.8202879407492,580.4222516189507,132.58812669018707,0.19571428571428573,0.24571428571428572,0.0
PHASE 3A,434,348000,348,2258.321248401103,1671.8792756070814,2647.399331120977,611.2499110155409,580.1731687758952,133.36227107621897,0.19571428571428573,0.24571428571428572,0.0
PHASE 3A,435,348800,348,2258.3212484011024,1671.8792756070814,2647.399331120977,611.249911015541,580.1731687758951,133.36227107621897,0.19571428571428573,0.24571428571428572,0.0
PHASE 3A,436,349600,348,2258.3212484011024,1671.8792756070814,2647.399331120977,611.249911015541,580.1731687758951,133.36227107621897,0.19571428571428573,0.24571428571428572,0.0
PHASE 3A,437,350400,348,2258.3212484011024,1671.8792756070814,2647.399331120977,611.249911015541,580.1731687758951,133.36227107621897,0.19571428571428573,0.24571428571428572,0.0
PHASE 3A,438,351200,348,2258.3212484011024,1671.8792756070814,2647.399331120977,611.249911015541,580.1731687758951,133.36227107621897,0.19571428571428573,0.24571428571428572,0.0
PHASE 3A,439,352000,352,2253.0786365207714,1671.8792756070814,2647.399331120977,611.4005595349022,578.2981449330033,132.92249150661894,0.19571428571428573,0.24571428571428572,0.0
PHASE 3A,440,352800,352,2253.0786365207714,1671.8792756070814,2647.399331120977,611.4005595349021,578.2981449330034,132.92249150661894,0.19571428571428573,0.24571428571428572,0.0
PHASE 3A,441,353600,352,2253.0786365207714,1671.8792756070814,2647.399331120977,611.4005595349021,578.2981449330034,132.92249150661894,0.19571428571428573,0.24571428571428572,0.0
PHASE 3A,442,354400,352,2253.0786365207714,1671.8792756070814,2647.399331120977,611.4005595349021,578.2981449330034,132.92249150661894,0.19571428571428573,0.24571428571428572,0.0
PHASE 3A,443,355200,352,2253.0786365207714,1671.8792756070814,2647.399331120977,611.4005595349021,578.2981449330034,132.92249150661894,0.19571428571428573,0.24571428571428572,0.0
PHASE 3A,444,356000,356,2259.8599199838186,1671.8792756070814,2647.399331120977,613.0335988044576,579.6684226708923,133.3947373135692,0.19571428571428573,0.24571428571428572,0.0
PHASE 3A,445,356800,356,2259.859919983819,1671.8792756070814,2647.399331120977,613.0335988044577,579.6684226708924,133.3947373135692,0.19571428571428573,0.24571428571428572,0.0
PHASE 3A,446,357600,356,2259.859919983819,1671.8792756070814,2647.399331120977,613.0335988044577,579.6684226708924,133.3947373135692,0.19571428571428573,0.24571428571428572,0.0
PHASE 3A,447,358400,356,2259.859919983819,1671.8792756070814,2647.399331120977,613.0335988044577,579.6684226708924,133.3947373135692,0.19571428571428573,0.24571428571428572,0.0
PHASE 3A,448,359200,356,2259.859919983819,1671.8792756070814,2647.399331120977,613.0335988044577,579.6684226708924,133.3947373135692,0.19571428571428573,0.24571428571428572,0.0
PHASE 3A,449,360000,360,2269.4174900831135,1784.2849721746577,2647.399331120977,611.7994247686798,586.1779312359757,133.93001675981796,0.19571428571428573,0.24571428571428572,0.0
PHASE 3A,450,360800,360,2269.4174900831126,1784.2849721746577,2647.399331120977,611.7994247686798,586.1779312359755,133.93001675981796,0.19571428571428573,0.24571428571428572,0.0
PHASE 3A,451,361600,360,2269.4174900831126,1784.2849721746577,2647.399331120977,611.7994247686798,586.1779312359755,133.93001675981796,0.19571428571428573,0.24571428571428572,0.0
PHASE 3A,452,362400,360,2269.4174900831126,1784.2849721746577,2647.399331120977,611.7994247686798,586.1779312359755,133.93001675981796,0.19571428571428573,0.24571428571428572,0.0
PHASE 3A,453,363200,360,2269.4174900831126,1784.2849721746577,2647.399331120977,611.7994247686798,586.1779312359755,133.93001675981796,0.19571428571428573,0.24571428571428572,0.0
PHASE 3A,454,364000,364,2262.292361672441,1619.502649612927,2647.399331120977,611.3145888236381,582.3465516596423,133.57890264865586,0.19571428571428573,0.24571428571428572,0.0
PHASE 3A,455,364800,364,2262.292361672441,1619.502649612927,2647.399331120977,611.3145888236381,582.3465516596423,133.57890264865586,0.19571428571428573,0.24571428571428572,0.0
PHASE 3A,456,365600,364,2262.292361672441,1619.502649612927,2647.399331120977,611.3145888236381,582.3465516596423,133.57890264865586,0.19571428571428573,0.24571428571428572,0.0
PHASE 3A,457,366400,364,2262.292361672441,1619.502649612927,2647.399331120977,611.3145888236381,582.3465516596423,133.57890264865586,0.19571428571428573,0.24571428571428572,0.0
PHASE 3A,458,367200,364,2262.292361672441,1619.502649612927,2647.399331120977,611.3145888236381,582.3465516596423,133.57890264865586,0.19571428571428573,0.24571428571428572,0.0
PHASE 3A,459,368000,368,2259.5384032921074,1619.502649612927,2647.399331120977,610.3642499626799,581.5937873233228,133.4475457507738,0.19571428571428573,0.24571428571428572,0.0
PHASE 3A,460,368800,368,2259.5384032921074,1619.502649612927,2647.399331120977,610.3642499626799,581.5937873233229,133.4475457507738,0.19571428571428573,0.24571428571428572,0.0
PHASE 3A,461,369600,368,2259.5384032921074,1619.502649612927,2647.399331120977,610.3642499626799,581.5937873233229,133.4475457507738,0.19571428571428573,0.24571428571428572,0.0
PHASE 3A,462,370400,368,2259.5384032921074,1619.502649612927,2647.399331120977,610.3642499626799,581.5937873233229,133.4475457507738,0.19571428571428573,0.24571428571428572,0.0
PHASE 3A,463,371200,368,2259.5384032921074,1619.502649612927,2647.399331120977,610.3642499626799,581.5937873233229,133.4475457507738,0.19571428571428573,0.24571428571428572,0.0
PHASE 3A,464,372000,372,2264.9561940259086,1619.502649612927,2647.399331120977,609.2563887724299,585.8141895799201,133.73570195920558,0.19571428571428573,0.24571428571428572,0.0
PHASE 3A,465,372800,372,2264.9561940259086,1619.502649612927,2647.399331120977,609.2563887724299,585.81418957992,133.73570195920558,0.19571428571428573,0.24571428571428572,0.0
PHASE 3A,466,373600,372,2264.9561940259086,1619.502649612927,2647.399331120977,609.2563887724299,585.81418957992,133.73570195920558,0.19571428571428573,0.24571428571428572,0.0
PHASE 3A,467,374400,372,2264.9561940259086,1619.502649612927,2647.399331120977,609.2563887724299,585.81418957992,133.73570195920558,0.19571428571428573,0.24571428571428572,0.0
PHASE 3A,468,375200,372,2264.9561940259086,1619.502649612927,2647.399331120977,609.2563887724299,585.81418957992,133.73570195920558,0.19571428571428573,0.24571428571428572,0.0
PHASE 3A,469,376000,376,2260.11844516999,1619.502649612927,2645.2308777332173,609.1605811964577,582.6602041312813,133.53720748029215,0.19571428571428573,0.24571428571428572,0.0
PHASE 3A,470,376800,376,2260.1184451699905,1619.502649612927,2645.2308777332173,609.1605811964577,582.6602041312811,133.53720748029215,0.19571428571428573,0.24571428571428572,0.0
PHASE 3A,471,377600,376,2260.1184451699905,1619.502649612927,2645.2308777332173,609.1605811964577,582.6602041312811,133.53720748029215,0.19571428571428573,0.24571428571428572,0.0
PHASE 3A,472,378400,376,2260.1184451699905,1619.502649612927,2645.2308777332173,609.1605811964577,582.6602041312811,133.53720748029215,0.19571428571428573,0.24571428571428572,0.0
PHASE 3A,473,379200,376,2260.1184451699905,1619.502649612927,2645.2308777332173,609.1605811964577,582.6602041312811,133.53720748029215,0.19571428571428573,0.24571428571428572,0.0
PHASE 3A,474,380000,380,2263.8503780379447,1619.502649612927,2645.2308777332173,613.281211986416,579.5582304650284,133.87636694832327,0.19571428571428573,0.24571428571428572,0.0
PHASE 3A,475,380800,380,2263.850378037944,1619.502649612927,2645.2308777332173,613.2812119864161,579.5582304650284,133.87636694832327,0.19571428571428573,0.24571428571428572,0.0
PHASE 3A,476,381600,380,2263.850378037944,1619.502649612927,2645.2308777332173,613.2812119864161,579.5582304650284,133.87636694832327,0.19571428571428573,0.24571428571428572,0.0
PHASE 3A,477,382400,380,2263.850378037944,1619.502649612927,2645.2308777332173,613.2812119864161,579.5582304650284,133.87636694832327,0.19571428571428573,0.24571428571428572,0.0
PHASE 3A,478,383200,380,2263.850378037944,1619.502649612927,2645.2308777332173,613.2812119864161,579.5582304650284,133.87636694832327,0.19571428571428573,0.24571428571428572,0.0
PHASE 3A,479,384000,384,2266.6733423635706,1619.502649612927,2645.2308777332173,615.1250145705133,578.9858962895839,134.0703039379449,0.19571428571428573,0.24571428571428572,0.0
PHASE 3A,480,384800,384,2266.67334236357,1619.502649612927,2645.2308777332173,615.1250145705133,578.9858962895838,134.0703039379449,0.19571428571428573,0.24571428571428572,0.0
PHASE 3A,481,385600,384,2266.67334236357,1619.502649612927,2645.2308777332173,615.1250145705133,578.9858962895838,134.0703039379449,0.19571428571428573,0.24571428571428572,0.0
PHASE 3A,482,386400,384,2266.67334236357,1619.502649612927,2645.2308777332173,615.1250145705133,578.9858962895838,134.0703039379449,0.19571428571428573,0.24571428571428572,0.0
PHASE 3A,483,387200,384,2266.67334236357,1619.502649612927,2645.2308777332173,615.1250145705133,578.9858962895838,134.0703039379449,0.19571428571428573,0.24571428571428572,0.0
PHASE 3A,484,388000,388,2265.4865200604136,1619.502649612927,2645.2308777332173,609.9125310397354,583.0699615974728,134.06300342791147,0.19571428571428573,0.24571428571428572,0.0
PHASE 3A,485,388800,388,2265.4865200604136,1619.502649612927,2645.2308777332173,609.9125310397354,583.0699615974728,134.06300342791147,0.19571428571428573,0.24571428571428572,0.0
PHASE 3A,486,389600,388,2265.4865200604136,1619.502649612927,2645.2308777332173,609.9125310397354,583.0699615974728,134.06300342791147,0.19571428571428573,0.24571428571428572,0.0
PHASE 3A,487,390400,388,2265.4865200604136,1619.502649612927,2645.2308777332173,609.9125310397354,583.0699615974728,134.06300342791147,0.19571428571428573,0.24571428571428572,0.0
PHASE 3A,488,391200,388,2265.4865200604136,1619.502649612927,2645.2308777332173,609.9125310397354,583.0699615974728,134.06300342791147,0.19571428571428573,0.24571428571428572,0.0
PHASE 3A,489,392000,392,2268.4832023761774,1619.502649612927,2683.944217308999,609.324100527652,585.2104908578895,134.24357637384026,0.19571428571428573,0.24571428571428572,0.0
PHASE 3A,490,392800,392,2268.483202376177,1619.502649612927,2683.944217308999,609.3241005276521,585.2104908578896,134.24357637384026,0.19571428571428573,0.24571428571428572,0.0
PHASE 3A,491,393600,392,2268.483202376177,1619.502649612927,2683.944217308999,609.3241005276521,585.2104908578896,134.24357637384026,0.19571428571428573,0.24571428571428572,0.0
PHASE 3A,492,394400,392,2268.483202376177,1619.502649612927,2683.944217308999,609.3241005276521,585.2104908578896,134.24357637384026,0.19571428571428573,0.24571428571428572,0.0
PHASE 3A,493,395200,392,2268.483202376177,1619.502649612927,2683.944217308999,609.3241005276521,585.2104908578896,134.24357637384026,0.19571428571428573,0.24571428571428572,0.0
PHASE 3A,494,396000,396,2275.258833291456,1619.502649612927,2683.944217308999,608.1110810869438,591.2001196575701,134.49345406837878,0.19571428571428573,0.24571428571428572,0.0
PHASE 3A,495,396800,396,2275.258833291456,1619.502649612927,2683.944217308999,608.1110810869436,591.2001196575701,134.4934540683788,0.19571428571428573,0.24571428571428572,0.0
PHASE 3A,496,397600,396,2275.258833291456,1619.502649612927,2683.944217308999,608.1110810869436,591.2001196575701,134.4934540683788,0.19571428571428573,0.24571428571428572,0.0
PHASE 3A,497,398400,396,2275.258833291456,1619.502649612927,2683.944217308999,608.1110810869436,591.2001196575701,134.4934540683788,0.19571428571428573,0.24571428571428572,0.0
PHASE 3A,498,399200,396,2275.258833291456,1619.502649612927,2683.944217308999,608.1110810869436,591.2001196575701,134.4934540683788,0.19571428571428573,0.24571428571428572,0.0
PHASE 3A,499,400000,400,2286.0792041101063,1619.502649612927,2683.944217308999,613.2629225923095,592.0841714730007,135.09151375561055,0.19571428571428573,0.24571428571428572,0.0
PHASE 3B,0,800,0,,,,,,,0.19571428571428573,0.24571428571428572,0.0
PHASE 3B,1,1600,0,,,,,,,0.19571428571428573,0.24571428571428572,0.0
PHASE 3B,2,2400,0,,,,,,,0.19571428571428573,0.24571428571428572,0.0
PHASE 3B,3,3200,0,,,,,,,0.19571428571428573,0.24571428571428572,0.0
PHASE 3B,4,4000,4,2389.221066715893,2257.440192463028,2523.3335132098186,696.0446913569448,590.9086163187508,137.78346988003403,0.19571428571428573,0.24571428571428572,0.0
PHASE 3B,5,4800,4,2389.221066715893,2257.440192463028,2523.3335132098186,696.0446913569448,590.9086163187508,137.78346988003403,0.19571428571428573,0.24571428571428572,0.0
PHASE 3B,6,5600,4,2389.221066715893,2257.440192463028,2523.3335132098186,696.0446913569448,590.9086163187508,137.78346988003403,0.19571428571428573,0.24571428571428572,0.0
PHASE 3B,7,6400,4,2389.221066715893,2257.440192463028,2523.3335132098186,696.0446913569448,590.9086163187508,137.78346988003403,0.19571428571428573,0.24571428571428572,0.0
PHASE 3B,8,7200,4,2389.221066715893,2257.440192463028,2523.3335132098186,696.0446913569448,590.9086163187508,137.78346988003403,0.19571428571428573,0.24571428571428572,0.0
PHASE 3B,9,8000,8,2425.8194543342624,2257.440192463028,2638.765961552067,663.0441565508686,642.4301599757819,140.04314222596017,0.19571428571428573,0.24571428571428572,0.0
PHASE 3B,10,8800,8,2425.8194543342624,2257.440192463028,2638.765961552067,663.0441565508686,642.4301599757819,140.04314222596014,0.19571428571428573,0.24571428571428572,0.0
PHASE 3B,11,9600,8,2425.8194543342624,2257.440192463028,2638.765961552067,663.0441565508686,642.4301599757819,140.04314222596014,0.19571428571428573,0.24571428571428572,0.0
PHASE 3B,12,10400,8,2425.8194543342624,2257.440192463028,2638.765961552067,663.0441565508686,642.4301599757819,140.04314222596014,0.19571428571428573,0.24571428571428572,0.0
PHASE 3B,13,11200,8,2425.8194543342624,2257.440192463028,2638.765961552067,663.0441565508686,642.4301599757819,140.04314222596014,0.19571428571428573,0.24571428571428572,0.0
PHASE 3B,14,12000,12,2371.4282550078296,2145.9974928501956,2638.765961552067,634.5844527859958,633.2737718299196,137.94625379899787,0.19571428571428573,0.24571428571428572,0.0
PHASE 3B,15,12800,12,2371.428255007829,2145.9974928501956,2638.765961552067,634.584452785996,633.2737718299196,137.94625379899787,0.19571428571428573,0.24571428571428572,0.0
PHASE 3B,16,13600,12,2371.428255007829,2145.9974928501956,2638.765961552067,634.584452785996,633.2737718299196,137.94625379899787,0.19571428571428573,0.24571428571428572,0.0
PHASE 3B,17,14400,12,2371.428255007829,2145.9974928501956,2638.765961552067,634.584452785996,633.2737718299196,137.94625379899787,0.19571428571428573,0.24571428571428572,0.0
PHASE 3B,18,15200,12,2371.428255007829,2145.9974928501956,2638.765961552067,634.584452785996,633.2737718299196,137.94625379899787,0.19571428571428573,0.24571428571428572,0.0
PHASE 3B,19,16000,16,2369.028446785962,2145.9974928501956,2678.7434082620684,634.5344385660594,637.6243253687071,137.1087103564083,0.19571428571428573,0.24571428571428572,0.0
PHASE 3B,20,16800,16,2369.028446785962,2145.9974928501956,2678.7434082620684,634.5344385660594,637.6243253687071,137.10871035640827,0.19571428571428573,0.24571428571428572,0.0
PHASE 3B,21,17600,16,2369.028446785962,2145.9974928501956,2678.7434082620684,634.5344385660594,637.6243253687071,137.10871035640827,0.19571428571428573,0.24571428571428572,0.0
PHASE 3B,22,18400,16,2369.028446785962,2145.9974928501956,2678.7434082620684,634.5344385660594,637.6243253687071,137.10871035640827,0.19571428571428573,0.24571428571428572,0.0
PHASE 3B,23,19200,16,2369.028446785962,2145.9974928501956,2678.7434082620684,634.5344385660594,637.6243253687071,137.10871035640827,0.19571428571428573,0.24571428571428572,0.0
PHASE 3B,24,20000,20,2337.502391943919,2105.156078860923,2678.7434082620684,621.3880172468406,628.9415934657991,135.89659765391835,0.19571428571428573,0.24571428571428572,0.0
PHASE 3B,25,20800,20,2337.502391943919,2105.156078860923,2678.7434082620684,621.3880172468407,628.9415934657992,135.89659765391835,0.19571428571428573,0.24571428571428572,0.0
PHASE 3B,26,21600,20,2337.502391943919,2105.156078860923,2678.7434082620684,621.3880172468407,628.9415934657992,135.89659765391835,0.19571428571428573,0.24571428571428572,0.0
PHASE 3B,27,22400,20,2337.502391943919,2105.156078860923,2678.7434082620684,621.3880172468407,628.9415934657992,135.89659765391835,0.19571428571428573,0.24571428571428572,0.0
PHASE 3B,28,23200,20,2337.502391943919,2105.156078860923,2678.7434082620684,621.3880172468407,628.9415934657992,135.89659765391835,0.19571428571428573,0.24571428571428572,0.0
PHASE 3B,29,24000,24,2334.0030437608384,2018.8059497209865,2678.7434082620684,634.304634654659,610.2480109091151,136.18129977464147,0.19571428571428573,0.24571428571428572,0.0
PHASE 3B,30,24800,24,2334.0030437608384,2018.8059497209865,2678.7434082620684,634.304634654659,610.2480109091152,136.18129977464147,0.19571428571428573,0.24571428571428572,0.0
PHASE 3B,31,25600,24,2334.0030437608384,2018.8059497209865,2678.7434082620684,634.304634654659,610.2480109091152,136.18129977464147,0.19571428571428573,0.24571428571428572,0.0
PHASE 3B,32,26400,24,2334.0030437608384,2018.8059497209865,2678.7434082620684,634.304634654659,610.2480109091152,136.18129977464147,0.19571428571428573,0.24571428571428572,0.0
PHASE 3B,33,27200,24,2334.0030437608384,2018.8059497209865,2678.7434082620684,634.304634654659,610.2480109091152,136.18129977464147,0.19571428571428573,0.24571428571428572,0.0
PHASE 3B,34,28000,28,2351.3206309017683,2018.8059497209865,2678.7434082620684,636.3633791816721,618.7223498293408,137.0293627363526,0.19571428571428573,0.24571428571428572,0.0
PHASE 3B,35,28800,28,2351.3206309017687,2018.8059497209865,2678.7434082620684,636.363379181672,618.7223498293408,137.02936273635257,0.19571428571428573,0.24571428571428572,0.0
PHASE 3B,36,29600,28,2351.3206309017687,2018.8059497209865,2678.7434082620684,636.363379181672,618.7223498293408,137.02936273635257,0.19571428571428573,0.24571428571428572,0.0
PHASE 3B,37,30400,28,2351.3206309017687,2018.8059497209865,2678.7434082620684,636.363379181672,618.7223498293408,137.02936273635257,0.19571428571428573,0.24571428571428572,0.0
PHASE 3B,38,31200,28,2351.3206309017687,2018.8059497209865,2678.7434082620684,636.363379181672,618.7223498293408,137.02936273635257,0.19571428571428573,0.24571428571428572,0.0
PHASE 3B,39,32000,32,2351.9841244276777,2018.8059497209865,2678.7434082620684,649.2599996376957,609.1485258817931,136.69694986353232,0.19571428571428573,0.24571428571428572,0.0
PHASE 3B,40,32800,32,2351.9841244276777,2018.8059497209865,2678.7434082620684,649.2599996376957,609.1485258817931,136.69694986353232,0.19571428571428573,0.24571428571428572,0.0
PHASE 3B,41,33600,32,2351.9841244276777,2018.8059497209865,2678.7434082620684,649.2599996376957,609.1485258817931,136.69694986353232,0.19571428571428573,0.24571428571428572,0.0
PHASE 3B,42,34400,32,2351.9841244276777,2018.8059497209865,2678.7434082620684,649.2599996376957,609.1485258817931,136.69694986353232,0.19571428571428573,0.24571428571428572,0.0
PHASE 3B,43,35200,32,2351.9841244276777,2018.8059497209865,2678.7434082620684,649.2599996376957,609.1485258817931,136.69694986353232,0.19571428571428573,0.24571428571428572,0.0
PHASE 3B,44,36000,36,2344.1984142919496,2018.8059497209865,2678.7434082620684,644.0997533630599,608.2647226366712,136.47924228653594,0.19571428571428573,0.24571428571428572,0.0
PHASE 3B,45,36800,36,2344.198414291949,2018.8059497209865,2678.7434082620684,644.0997533630598,608.2647226366712,136.47924228653594,0.19571428571428573,0.24571428571428572,0.0
PHASE 3B,46,37600,36,2344.198414291949,2018.8059497209865,2678.7434082620684,644.0997533630598,608.2647226366712,136.47924228653594,0.19571428571428573,0.24571428571428572,0.0
PHASE 3B,47,38400,36,2344.198414291949,2018.8059497209865,2678.7434082620684,644.0997533630598,608.2647226366712,136.47924228653594,0.19571428571428573,0.24571428571428572,0.0
PHASE 3B,48,39200,36,2344.198414291949,2018.8059497209865,2678.7434082620684,644.0997533630598,608.2647226366712,136.47924228653594,0.19571428571428573,0.24571428571428572,0.0
PHASE 3B,49,40000,40,2353.9907189352425,2018.8059497209865,2678.7434082620684,643.7338221010248,611.3881383747402,137.35859480744335,0.19571428571428573,0.24571428571428572,0.0
PHASE 3B,50,40800,40,2353.9907189352425,2018.8059497209865,2678.7434082620684,643.7338221010248,611.3881383747403,137.35859480744338,0.19571428571428573,0.24571428571428572,0.0
PHASE 3B,51,41600,40,2353.9907189352425,2018.8059497209865,2678.7434082620684,643.7338221010248,611.3881383747403,137.35859480744338,0.19571428571428573,0.24571428571428572,0.0
PHASE 3B,52,42400,40,2353.9907189352425,2018.8059497209865,2678.7434082620684,643.7338221010248,611.3881383747403,137.35859480744338,0.19571428571428573,0.24571428571428572,0.0
PHASE 3B,53,43200,40,2353.9907189352425,2018.8059497209865,2678.7434082620684,643.7338221010248,611.3881383747403,137.35859480744338,0.19571428571428573,0.24571428571428572,0.0
PHASE 3B,54,44000,44,2341.385497921309,1918.3916684227231,2678.7434082620684,637.2906779799089,610.1978275218598,136.7371240524512,0.19571428571428573,0.24571428571428572,0.0
PHASE 3B,55,44800,44,2341.385497921309,1918.3916684227231,2678.7434082620684,637.2906779799089,610.1978275218598,136.7371240524512,0.19571428571428573,0.24571428571428572,0.0
PHASE 3B,56,45600,44,2341.385497921309,1918.3916684227231,2678.7434082620684,637.2906779799089,610.1978275218598,136.7371240524512,0.19571428571428573,0.24571428571428572,0.0
PHASE 3B,57,46400,44,2341.385497921309,1918.3916684227231,2678.7434082620684,637.2906779799089,610.1978275218598,136.7371240524512,0.19571428571428573,0.24571428571428572,0.0
PHASE 3B,58,47200,44,2341.385497921309,1918.3916684227231,2678.7434082620684,637.2906779799089,610.1978275218598,136.7371240524512,0.19571428571428573,0.24571428571428572,0.0
PHASE 3B,59,48000,48,2343.6648041550584,1918.3916684227231,2678.7434082620684,638.5867393377464,609.6745439705012,136.92544010586013,0.19571428571428573,0.24571428571428572,0.0
PHASE 3B,60,48800,48,2343.6648041550584,1918.3916684227231,2678.7434082620684,638.5867393377465,609.6745439705013,136.92544010586013,0.19571428571428573,0.24571428571428572,0.0
PHASE 3B,61,49600,48,2343.6648041550584,1918.3916684227231,2678.7434082620684,638.5867393377465,609.6745439705013,136.92544010586013,0.19571428571428573,0.24571428571428572,0.0
PHASE 3B,62,50400,48,2343.6648041550584,1918.3916684227231,2678.7434082620684,638.5867393377465,609.6745439705013,136.92544010586013,0.19571428571428573,0.24571428571428572,0.0
PHASE 3B,63,51200,48,2343.6648041550584,1918.3916684227231,2678.7434082620684,638.5867393377465,609.6745439705013,136.92544010586013,0.19571428571428573,0.24571428571428572,0.0
PHASE 3B,64,52000,52,2352.368238208769,1918.3916684227231,2678.7434082620684,642.2490068598429,610.6333581075194,137.43573415518455,0.19571428571428573,0.24571428571428572,0.0
PHASE 3B,65,52800,52,2352.368238208769,1918.3916684227231,2678.7434082620684,642.2490068598429,610.6333581075194,137.43573415518455,0.19571428571428573,0.24571428571428572,0.0
PHASE 3B,66,53600,52,2352.368238208769,1918.3916684227231,2678.7434082620684,642.2490068598429,610.6333581075194,137.43573415518455,0.19571428571428573,0.24571428571428572,0.0
PHASE 3B,67,54400,52,2352.368238208769,1918.3916684227231,2678.7434082620684,642.2490068598429,610.6333581075194,137.43573415518455,0.19571428571428573,0.24571428571428572,0.0
PHASE 3B,68,55200,52,2352.368238208769,1918.3916684227231,2678.7434082620684,642.2490068598429,610.6333581075194,137.43573415518455,0.19571428571428573,0.24571428571428572,0.0
PHASE 3B,69,56000,56,2345.5846877888284,1918.3916684227231,2678.7434082620684,643.4771463815853,605.2441509001866,137.10792381339064,0.19571428571428573,0.24571428571428572,0.0
PHASE 3B,70,56800,56,2345.5846877888284,1918.3916684227231,2678.7434082620684,643.4771463815853,605.2441509001867,137.10792381339064,0.19571428571428573,0.24571428571428572,0.0
PHASE 3B,71,57600,56,2345.5846877888284,1918.3916684227231,2678.7434082620684,643.4771463815853,605.2441509001867,137.10792381339064,0.19571428571428573,0.24571428571428572,0.0
PHASE 3B,72,58400,56,2345.5846877888284,1918.3916684227231,2678.7434082620684,643.4771463815853,605.2441509001867,137.10792381339064,0.19571428571428573,0.24571428571428572,0.0
PHASE 3B,73,59200,56,2345.5846877888284,1918.3916684227231,2678.7434082620684,643.4771463815853,605.2441509001867,137.10792381339064,0.19571428571428573,0.24571428571428572,0.0
PHASE 3B,74,60000,60,2347.958675301907,1918.3916684227231,2678.7434082620684,644.0615630651047,605.4216735668409,137.30942983375382,0.19571428571428573,0.24571428571428572,0.0
PHASE 3B,75,60800,60,2347.958675301907,1918.3916684227231,2678.7434082620684,644.0615630651047,605.421673566841,137.30942983375382,0.19571428571428573,0.24571428571428572,0.0
PHASE 3B,76,61600,60,2347.958675301907,1918.3916684227231,2678.7434082620684,644.0615630651047,605.421673566841,137.30942983375382,0.19571428571428573,0.24571428571428572,0.0
PHASE 3B,77,62400,60,2347.958675301907,1918.3916684227231,2678.7434082620684,644.0615630651047,605.421673566841,137.30942983375382,0.19571428571428573,0.24571428571428572,0.0
PHASE 3B,78,63200,60,2347.958675301907,1918.3916684227231,2678.7434082620684,644.0615630651047,605.421673566841,137.30942983375382,0.19571428571428573,0.24571428571428572,0.0
PHASE 3B,79,64000,64,2348.459598376615,1918.3916684227231,2678.7434082620684,641.4872807840032,608.1252940672641,137.3558779406771,0.19571428571428573,0.24571428571428572,0.0
PHASE 3B,80,64800,64,2348.459598376615,1918.3916684227231,2678.7434082620684,641.4872807840032,608.1252940672641,137.3558779406771,0.19571428571428573,0.24571428571428572,0.0
PHASE 3B,81,65600,64,2348.459598376615,1918.3916684227231,2678.7434082620684,641.4872807840032,608.1252940672641,137.3558779406771,0.19571428571428573,0.24571428571428572,0.0
PHASE 3B,82,66400,64,2348.459598376615,1918.3916684227231,2678.7434082620684,641.4872807840032,608.1252940672641,137.3558779406771,0.19571428571428573,0.24571428571428572,0.0
PHASE 3B,83,67200,64,2348.459598376615,1918.3916684227231,2678.7434082620684,641.4872807840032,608.1252940672641,137.3558779406771,0.19571428571428573,0.24571428571428572,0.0
PHASE 3B,84,68000,68,2349.033980832417,1918.3916684227231,2678.7434082620684,638.4463160490783,610.2881663903906,137.53743729912733,0.19571428571428573,0.24571428571428572,0.0
PHASE 3B,85,68800,68,2349.033980832417,1918.3916684227231,2678.7434082620684,638.4463160490783,610.2881663903909,137.5374372991273,0.19571428571428573,0.24571428571428572,0.0
PHASE 3B,86,69600,68,2349.033980832417,1918.3916684227231,2678.7434082620684,638.4463160490783,610.2881663903909,137.5374372991273,0.19571428571428573,0.24571428571428572,0.0
PHASE 3B,87,70400,68,2349.033980832417,1918.3916684227231,2678.7434082620684,638.4463160490783,610.2881663903909,137.5374372991273,0.19571428571428573,0.24571428571428572,0.0
PHASE 3B,88,71200,68,2349.033980832417,1918.3916684227231,2678.7434082620684,638.4463160490783,610.2881663903909,137.5374372991273,0.19571428571428573,0.24571428571428572,0.0
PHASE 3B,89,72000,72,2343.637201523157,1863.691163753544,2678.7434082620684,636.7968727909697,608.2628785911176,137.32218126764275,0.19571428571428573,0.24571428571428572,0.0
PHASE 3B,90,72800,72,2343.637201523157,1863.691163753544,2678.7434082620684,636.7968727909697,608.2628785911176,137.32218126764275,0.19571428571428573,0.24571428571428572,0.0
PHASE 3B,91,73600,72,2343.637201523157,1863.691163753544,2678.7434082620684,636.7968727909697,608.2628785911176,137.32218126764275,0.19571428571428573,0.24571428571428572,0.0
PHASE 3B,92,74400,72,2343.637201523157,1863.691163753544,2678.7434082620684,636.7968727909697,608.2628785911176,137.32218126764275,0.19571428571428573,0.24571428571428572,0.0
PHASE 3B,93,75200,72,2343.637201523157,1863.691163753544,2678.7434082620684,636.7968727909697,608.2628785911176,137.32218126764275,0.19571428571428573,0.24571428571428572,0.0
PHASE 3B,94,76000,76,2341.5173286598038,1863.691163753544,2678.7434082620684,635.3903651907324,608.4792763964463,137.20596088408712,0.19571428571428573,0.24571428571428572,0.0
PHASE 3B,95,76800,76,2341.5173286598038,1863.691163753544,2678.7434082620684,635.3903651907323,608.4792763964462,137.20596088408715,0.19571428571428573,0.24571428571428572,0.0
PHASE 3B,96,77600,76,2341.5173286598038,1863.691163753544,2678.7434082620684,635.3903651907323,608.4792763964462,137.20596088408715,0.19571428571428573,0.24571428571428572,0.0
PHASE 3B,97,78400,76,2341.5173286598038,1863.691163753544,2678.7434082620684,635.3903651907323,608.4792763964462,137.20596088408715,0.19571428571428573,0.24571428571428572,0.0
PHASE 3B,98,79200,76,2341.5173286598038,1863.691163753544,2678.7434082620684,635.3903651907323,608.4792763964462,137.20596088408715,0.19571428571428573,0.24571428571428572,0.0
PHASE 3B,99,80000,80,2342.093926945239,1863.691163753544,2678.7434082620684,633.2247356056748,609.5420909620145,137.4158875472027,0.19571428571428573,0.24571428571428572,0.0
PHASE 3B,100,80800,80,2342.093926945239,1863.691163753544,2678.7434082620684,633.2247356056748,609.5420909620145,137.4158875472027,0.19571428571428573,0.24571428571428572,0.0
PHASE 3B,101,81600,80,2342.093926945239,1863.691163753544,2678.7434082620684,633.2247356056748,609.5420909620145,137.4158875472027,0.19571428571428573,0.24571428571428572,0.0
PHASE 3B,102,82400,80,2342.093926945239,1863.691163753544,2678.7434082620684,633.2247356056748,609.5420909620145,137.4158875472027,0.19571428571428573,0.24571428571428572,0.0
PHASE 3B,103,83200,80,2342.093926945239,1863.691163753544,2678.7434082620684,633.2247356056748,609.5420909620145,137.4158875472027,0.19571428571428573,0.24571428571428572,0.0
PHASE 3B,104,84000,84,2336.374659981752,1863.691163753544,2678.7434082620684,629.1853420657387,609.3846805094252,137.22557967583245,0.19571428571428573,0.24571428571428572,0.0
PHASE 3B,105,84800,84,2336.374659981752,1863.691163753544,2678.7434082620684,629.1853420657386,609.3846805094252,137.22557967583245,0.19571428571428573,0.24571428571428572,0.0
PHASE 3B,106,85600,84,2336.374659981752,1863.691163753544,2678.7434082620684,629.1853420657386,609.3846805094252,137.22557967583245,0.19571428571428573,0.24571428571428572,0.0
PHASE 3B,107,86400,84,2336.374659981752,1863.691163753544,2678.7434082620684,629.1853420657386,609.3846805094252,137.22557967583245,0.19571428571428573,0.24571428571428572,0.0
PHASE 3B,108,87200,84,2336.374659981752,1863.691163753544,2678.7434082620684,629.1853420657386,609.3846805094252,137.22557967583245,0.19571428571428573,0.24571428571428572,0.0
PHASE 3B,109,88000,88,2336.6200891325257,1863.691163753544,2678.7434082620684,629.7950475425918,607.2862239138001,137.4423522095256,0.19571428571428573,0.24571428571428572,0.0
PHASE 3B,110,88800,88,2336.6200891325257,1863.691163753544,2678.7434082620684,629.7950475425918,607.2862239138001,137.4423522095256,0.19571428571428573,0.24571428571428572,0.0
PHASE 3B,111,89600,88,2336.6200891325257,1863.691163753544,2678.7434082620684,629.7950475425918,607.2862239138001,137.4423522095256,0.19571428571428573,0.24571428571428572,0.0
PHASE 3B,112,90400,88,2336.6200891325257,1863.691163753544,2678.7434082620684,629.7950475425918,607.2862239138001,137.4423522095256,0.19571428571428573,0.24571428571428572,0.0
PHASE 3B,113,91200,88,2336.6200891325257,1863.691163753544,2678.7434082620684,629.7950475425918,607.2862239138001,137.4423522095256,0.19571428571428573,0.24571428571428572,0.0
PHASE 3B,114,92000,92,2331.803881921202,1648.1653812267045,2678.7434082620684,624.1496443713559,606.5579832995909,137.63703178129083,0.19571428571428573,0.24571428571428572,0.0
PHASE 3B,115,92800,92,2331.8038819212024,1648.1653812267045,2678.7434082620684,624.1496443713559,606.5579832995909,137.63703178129083,0.19571428571428573,0.24571428571428572,0.0
PHASE 3B,116,93600,92,2331.8038819212024,1648.1653812267045,2678.7434082620684,624.1496443713559,606.5579832995909,137.63703178129083,0.19571428571428573,0.24571428571428572,0.0
PHASE 3B,117,94400,92,2331.8038819212024,1648.1653812267045,2678.7434082620684,624.1496443713559,606.5579832995909,137.63703178129083,0.19571428571428573,0.24571428571428572,0.0
PHASE 3B,118,95200,92,2331.8038819212024,1648.1653812267045,2678.7434082620684,624.1496443713559,606.5579832995909,137.63703178129083,0.19571428571428573,0.24571428571428572,0.0
PHASE 3B,119,96000,96,2331.720309356673,1648.1653812267045,2678.7434082620684,624.0018311517739,607.6280390414436,137.51130489544093,0.19571428571428573,0.24571428571428572,0.0
PHASE 3B,120,96800,96,2331.7203093566736,1648.1653812267045,2678.7434082620684,624.0018311517739,607.6280390414436,137.51130489544093,0.19571428571428573,0.24571428571428572,0.0
PHASE 3B,121,97600,96,2331.7203093566736,1648.1653812267045,2678.7434082620684,624.0018311517739,607.6280390414436,137.51130489544093,0.19571428571428573,0.24571428571428572,0.0
PHASE 3B,122,98400,96,2331.7203093566736,1648.1653812267045,2678.7434082620684,624.0018311517739,607.6280390414436,137.51130489544093,0.19571428571428573,0.24571428571428572,0.0
PHASE 3B,123,99200,96,2331.7203093566736,1648.1653812267045,2678.7434082620684,624.0018311517739,607.6280390414436,137.51130489544093,0.19571428571428573,0.24571428571428572,0.0
PHASE 3B,124,100000,100,2330.51597217457,1648.1653812267045,2678.7434082620684,621.9515055127863,608.4519859010359,137.51406009510242,0.19571428571428573,0.24571428571428572,0.0
PHASE 3B,125,100800,100,2330.5159721745695,1648.1653812267045,2678.7434082620684,621.9515055127864,608.4519859010359,137.51406009510242,0.19571428571428573,0.24571428571428572,0.0
PHASE 3B,126,101600,100,2330.5159721745695,1648.1653812267045,2678.7434082620684,621.9515055127864,608.4519859010359,137.51406009510242,0.19571428571428573,0.24571428571428572,0.0
PHASE 3B,127,102400,100,2330.5159721745695,1648.1653812267045,2678.7434082620684,621.9515055127864,608.4519859010359,137.51406009510242,0.19571428571428573,0.24571428571428572,0.0
PHASE 3B,128,103200,100,2330.5159721745695,1648.1653812267045,2678.7434082620684,621.9515055127864,608.4519859010359,137.51406009510242,0.19571428571428573,0.24571428571428572,0.0
PHASE 3B,129,104000,104,2322.143791221366,1648.1653812267045,2678.7434082620684,615.8582217816012,608.4316458276885,137.23174045151853,0.19571428571428573,0.24571428571428572,0.0
PHASE 3B,130,104800,104,2322.143791221366,1648.1653812267045,2678.7434082620684,615.8582217816012,608.4316458276886,137.23174045151853,0.19571428571428573,0.24571428571428572,0.0
PHASE 3B,131,105600,104,2322.143791221366,1648.1653812267045,2678.7434082620684,615.8582217816012,608.4316458276886,137.23174045151853,0.19571428571428573,0.24571428571428572,0.0
PHASE 3B,132,106400,104,2322.143791221366,1648.1653812267045,2678.7434082620684,615.8582217816012,608.4316458276886,137.23174045151853,0.19571428571428573,0.24571428571428572,0.0
PHASE 3B,133,107200,104,2322.143791221366,1648.1653812267045,2678.7434082620684,615.8582217816012,608.4316458276886,137.23174045151853,0.19571428571428573,0.24571428571428572,0.0
PHASE 3B,134,108000,108,2316.0996220666884,1648.1653812267045,2678.7434082620684,615.3165911863096,605.2448625310243,136.9422710436784,0.19571428571428573,0.24571428571428572,0.0
PHASE 3B,135,108800,108,2316.099622066688,1648.1653812267045,2678.7434082620684,615.3165911863096,605.2448625310243,136.94227104367843,0.19571428571428573,0.24571428571428572,0.0
PHASE 3B,136,109600,108,2316.099622066688,1648.1653812267045,2678.7434082620684,615.3165911863096,605.2448625310243,136.94227104367843,0.19571428571428573,0.24571428571428572,0.0
PHASE 3B,137,110400,108,2316.099622066688,1648.1653812267045,2678.7434082620684,615.3165911863096,605.2448625310243,136.94227104367843,0.19571428571428573,0.24571428571428572,0.0
PHASE 3B,138,111200,108,2316.099622066688,1648.1653812267045,2678.7434082620684,615.3165911863096,605.2448625310243,136.94227104367843,0.19571428571428573,0.24571428571428572,0.0
PHASE 3B,139,112000,112,2322.069656844924,1648.1653812267045,2678.7434082620684,618.066725582497,605.6954876163437,137.28843045576951,0.19571428571428573,0.24571428571428572,0.0
PHASE 3B,140,112800,112,2322.069656844924,1648.1653812267045,2678.7434082620684,618.066725582497,605.6954876163437,137.2884304557695,0.19571428571428573,0.24571428571428572,0.0
PHASE 3B,141,113600,112,2322.069656844924,1648.1653812267045,2678.7434082620684,618.066725582497,605.6954876163437,137.2884304557695,0.19571428571428573,0.24571428571428572,0.0
PHASE 3B,142,114400,112,2322.069656844924,1648.1653812267045,2678.7434082620684,618.066725582497,605.6954876163437,137.2884304557695,0.19571428571428573,0.24571428571428572,0.0
PHASE 3B,143,115200,112,2322.069656844924,1648.1653812267045,2678.7434082620684,618.066725582497,605.6954876163437,137.2884304557695,0.19571428571428573,0.24571428571428572,0.0
PHASE 3B,144,116000,116,2316.58453171672,1648.1653812267045,2659.089558671859,617.5593838916332,602.1241818926909,137.11262074155857,0.19571428571428573,0.24571428571428572,0.0
PHASE 3B,145,116800,116,2316.58453171672,1648.1653812267045,2659.089558671859,617.5593838916332,602.1241818926909,137.11262074155854,0.19571428571428573,0.24571428571428572,0.0
PHASE 3B,146,117600,116,2316.58453171672,1648.1653812267045,2659.089558671859,617.5593838916332,602.1241818926909,137.11262074155854,0.19571428571428573,0.24571428571428572,0.0
PHASE 3B,147,118400,116,2316.58453171672,1648.1653812267045,2659.089558671859,617.5593838916332,602.1241818926909,137.11262074155854,0.19571428571428573,0.24571428571428572,0.0
PHASE 3B,148,119200,116,2316.58453171672,1648.1653812267045,2659.089558671859,617.5593838916332,602.1241818926909,137.11262074155854,0.19571428571428573,0.24571428571428572,0.0
PHASE 3B,149,120000,120,2321.227198317183,1648.1653812267045,2659.089558671859,623.2161207942762,598.9432626505983,137.38347685904768,0.19571428571428573,0.24571428571428572,0.0
PHASE 3B,150,120800,120,2321.2271983171827,1648.1653812267045,2659.089558671859,623.2161207942762,598.9432626505983,137.3834768590477,0.19571428571428573,0.24571428571428572,0.0
PHASE 3B,151,121600,120,2321.2271983171827,1648.1653812267045,2659.089558671859,623.2161207942762,598.9432626505983,137.3834768590477,0.19571428571428573,0.24571428571428572,0.0
PHASE 3B,152,122400,120,2321.2271983171827,1648.1653812267045,2659.089558671859,623.2161207942762,598.9432626505983,137.3834768590477,0.19571428571428573,0.24571428571428572,0.0
PHASE 3B,153,123200,120,2321.2271983171827,1648.1653812267045,2659.089558671859,623.2161207942762,598.9432626505983,137.3834768590477,0.19571428571428573,0.24571428571428572,0.0
PHASE 3B,154,124000,124,2322.5731712920606,1648.1653812267045,2659.089558671859,622.3434165634188,600.5990349714733,137.4538399696552,0.19571428571428573,0.24571428571428572,0.0
PHASE 3B,155,124800,124,2322.57317129206,1648.1653812267045,2659.089558671859,622.3434165634188,600.5990349714733,137.4538399696552,0.19571428571428573,0.24571428571428572,0.0
PHASE 3B,156,125600,124,2322.57317129206,1648.1653812267045,2659.089558671859,622.3434165634188,600.5990349714733,137.4538399696552,0.19571428571428573,0.24571428571428572,0.0
PHASE 3B,157,126400,124,2322.57317129206,1648.1653812267045,2659.089558671859,622.3434165634188,600.5990349714733,137.4538399696552,0.19571428571428573,0.24571428571428572,0.0
PHASE 3B,158,127200,124,2322.57317129206,1648.1653812267045,2659.089558671859,622.3434165634188,600.5990349714733,137.4538399696552,0.19571428571428573,0.24571428571428572,0.0
PHASE 3B,159,128000,128,2326.5555306200167,1648.1653812267045,2800.3589318950776,624.4824121422521,599.814519557552,137.7823248650358,0.19571428571428573,0.24571428571428572,0.0
PHASE 3B,160,128800,128,2326.5555306200167,1648.1653812267045,2800.3589318950776,624.482412142252,599.8145195575519,137.7823248650358,0.19571428571428573,0.24571428571428572,0.0
PHASE 3B,161,129600,128,2326.5555306200167,1648.1653812267045,2800.3589318950776,624.482412142252,599.8145195575519,137.7823248650358,0.19571428571428573,0.24571428571428572,0.0
PHASE 3B,162,130400,128,2326.5555306200167,1648.1653812267045,2800.3589318950776,624.482412142252,599.8145195575519,137.7823248650358,0.19571428571428573,0.24571428571428572,0.0
PHASE 3B,163,131200,128,2326.5555306200167,1648.1653812267045,2800.3589318950776,624.482412142252,599.8145195575519,137.7823248650358,0.19571428571428573,0.24571428571428572,0.0
PHASE 3B,164,132000,132,2331.272319531294,1648.1653812267045,2800.3589318950776,620.959425624391,603.924662757427,138.29852889369363,0.19571428571428573,0.24571428571428572,0.0
PHASE 3B,165,132800,132,2331.272319531294,1648.1653812267045,2800.3589318950776,620.959425624391,603.924662757427,138.2985288936936,0.19571428571428573,0.24571428571428572,0.0
PHASE 3B,166,133600,132,2331.272319531294,1648.1653812267045,2800.3589318950776,620.959425624391,603.924662757427,138.2985288936936,0.19571428571428573,0.24571428571428572,0.0
PHASE 3B,167,134400,132,2331.272319531294,1648.1653812267045,2800.3589318950776,620.959425624391,603.924662757427,138.2985288936936,0.19571428571428573,0.24571428571428572,0.0
PHASE 3B,168,135200,132,2331.272319531294,1648.1653812267045,2800.3589318950776,620.959425624391,603.924662757427,138.2985288936936,0.19571428571428573,0.24571428571428572,0.0
PHASE 3B,169,136000,136,2331.0117662685584,1648.1653812267045,2800.3589318950776,620.7509676747816,601.7951735316491,138.55820313277513,0.19571428571428573,0.24571428571428572,0.0
PHASE 3B,170,136800,136,2331.011766268559,1648.1653812267045,2800.3589318950776,620.7509676747815,601.7951735316492,138.5582031327751,0.19571428571428573,0.24571428571428572,0.0
PHASE 3B,171,137600,136,2331.011766268559,1648.1653812267045,2800.3589318950776,620.7509676747815,601.7951735316492,138.5582031327751,0.19571428571428573,0.24571428571428572,0.0
PHASE 3B,172,138400,136,2331.011766268559,1648.1653812267045,2800.3589318950776,620.7509676747815,601.7951735316492,138.5582031327751,0.19571428571428573,0.24571428571428572,0.0
PHASE 3B,173,139200,136,2331.011766268559,1648.1653812267045,2800.3589318950776,620.7509676747815,601.7951735316492,138.5582031327751,0.19571428571428573,0.24571428571428572,0.0
PHASE 3B,174,140000,140,2329.784913433683,1648.1653812267045,2800.3589318950776,617.9243221863926,604.665117699913,138.3994341934313,0.19571428571428573,0.24571428571428572,0.0
PHASE 3B,175,140800,140,2329.784913433683,1648.1653812267045,2800.3589318950776,617.9243221863926,604.6651176999129,138.3994341934313,0.19571428571428573,0.24571428571428572,0.0
PHASE 3B,176,141600,140,2329.784913433683,1648.1653812267045,2800.3589318950776,617.9243221863926,604.6651176999129,138.3994341934313,0.19571428571428573,0.24571428571428572,0.0
PHASE 3B,177,142400,140,2329.784913433683,1648.1653812267045,2800.3589318950776,617.9243221863926,604.6651176999129,138.3994341934313,0.19571428571428573,0.24571428571428572,0.0
PHASE 3B,178,143200,140,2329.784913433683,1648.1653812267045,2800.3589318950776,617.9243221863926,604.6651176999129,138.3994341934313,0.19571428571428573,0.24571428571428572,0.0
PHASE 3B,179,144000,144,2334.374743856295,1648.1653812267045,2800.3589318950776,622.3238273116797,602.4844798907047,138.69580458174798,0.19571428571428573,0.24571428571428572,0.0
PHASE 3B,180,144800,144,2334.3747438562946,1648.1653812267045,2800.3589318950776,622.3238273116797,602.4844798907047,138.69580458174798,0.19571428571428573,0.24571428571428572,0.0
PHASE 3B,181,145600,144,2334.3747438562946,1648.1653812267045,2800.3589318950776,622.3238273116797,602.4844798907047,138.69580458174798,0.19571428571428573,0.24571428571428572,0.0
PHASE 3B,182,146400,144,2334.3747438562946,1648.1653812267045,2800.3589318950776,622.3238273116797,602.4844798907047,138.69580458174798,0.19571428571428573,0.24571428571428572,0.0
PHASE 3B,183,147200,144,2334.3747438562946,1648.1653812267045,2800.3589318950776,622.3238273116797,602.4844798907047,138.69580458174798,0.19571428571428573,0.24571428571428572,0.0
PHASE 3B,184,148000,148,2338.852060215982,1648.1653812267045,2800.3589318950776,622.9685216589158,603.466501616302,139.0521296176046,0.19571428571428573,0.24571428571428572,0.0
PHASE 3B,185,148800,148,2338.8520602159824,1648.1653812267045,2800.3589318950776,622.9685216589157,603.466501616302,139.05212961760458,0.19571428571428573,0.24571428571428572,0.0
PHASE 3B,186,149600,148,2338.8520602159824,1648.1653812267045,2800.3589318950776,622.9685216589157,603.466501616302,139.05212961760458,0.19571428571428573,0.24571428571428572,0.0
PHASE 3B,187,150400,148,2338.8520602159824,1648.1653812267045,2800.3589318950776,622.9685216589157,603.466501616302,139.05212961760458,0.19571428571428573,0.24571428571428572,0.0
PHASE 3B,188,151200,148,2338.8520602159824,1648.1653812267045,2800.3589318950776,622.9685216589157,603.466501616302,139.05212961760458,0.19571428571428573,0.24571428571428572,0.0
PHASE 3B,189,152000,152,2342.4723125982537,1648.1653812267045,2800.3589318950776,623.0496894697492,605.4723813643576,139.24378022052736,0.19571428571428573,0.24571428571428572,0.0
PHASE 3B,190,152800,152,2342.4723125982537,1648.1653812267045,2800.3589318950776,623.0496894697492,605.4723813643576,139.24378022052736,0.19571428571428573,0.24571428571428572,0.0
PHASE 3B,191,153600,152,2342.4723125982537,1648.1653812267045,2800.3589318950776,623.0496894697492,605.4723813643576,139.24378022052736,0.19571428571428573,0.24571428571428572,0.0
PHASE 3B,192,154400,152,2342.4723125982537,1648.1653812267045,2800.3589318950776,623.0496894697492,605.4723813643576,139.24378022052736,0.19571428571428573,0.24571428571428572,0.0
PHASE 3B,193,155200,152,2342.4723125982537,1648.1653812267045,2800.3589318950776,623.0496894697492,605.4723813643576,139.24378022052736,0.19571428571428573,0.24571428571428572,0.0
PHASE 3B,194,156000,156,2342.1364020116143,1648.1653812267045,2800.3589318950776,620.5130460150325,606.9472504899409,139.33451318833926,0.19571428571428573,0.24571428571428572,0.0
PHASE 3B,195,156800,156,2342.136402011615,1648.1653812267045,2800.3589318950776,620.5130460150325,606.9472504899409,139.3345131883393,0.19571428571428573,0.24571428571428572,0.0
PHASE 3B,196,157600,156,2342.136402011615,1648.1653812267045,2800.3589318950776,620.5130460150325,606.9472504899409,139.3345131883393,0.19571428571428573,0.24571428571428572,0.0
PHASE 3B,197,158400,156,2342.136402011615,1648.1653812267045,2800.3589318950776,620.5130460150325,606.9472504899409,139.3345131883393,0.19571428571428573,0.24571428571428572,0.0
PHASE 3B,198,159200,156,2342.136402011615,1648.1653812267045,2800.3589318950776,620.5130460150325,606.9472504899409,139.3345131883393,0.19571428571428573,0.24571428571428572,0.0
PHASE 3B,199,160000,160,2338.4808132610938,1648.1653812267045,2800.3589318950776,622.3756440015557,604.7724644891146,138.916588096312,0.19571428571428573,0.24571428571428572,0.0
PHASE 3B,200,160800,160,2338.480813261093,1648.1653812267045,2800.3589318950776,622.3756440015557,604.7724644891144,138.916588096312,0.19571428571428573,0.24571428571428572,0.0
PHASE 3B,201,161600,160,2338.480813261093,1648.1653812267045,2800.3589318950776,622.3756440015557,604.7724644891144,138.916588096312,0.19571428571428573,0.24571428571428572,0.0
PHASE 3B,202,162400,160,2338.480813261093,1648.1653812267045,2800.3589318950776,622.3756440015557,604.7724644891144,138.916588096312,0.19571428571428573,0.24571428571428572,0.0
PHASE 3B,203,163200,160,2338.480813261093,1648.1653812267045,2800.3589318950776,622.3756440015557,604.7724644891144,138.916588096312,0.19571428571428573,0.24571428571428572,0.0
PHASE 3B,204,164000,164,2343.5210320376923,1648.1653812267045,2800.3589318950776,623.830426483787,605.687374491845,139.2504038827666,0.19571428571428573,0.24571428571428572,0.0
PHASE 3B,205,164800,164,2343.5210320376923,1648.1653812267045,2800.3589318950776,623.830426483787,605.687374491845,139.2504038827666,0.19571428571428573,0.24571428571428572,0.0
PHASE 3B,206,165600,164,2343.5210320376923,1648.1653812267045,2800.3589318950776,623.830426483787,605.687374491845,139.2504038827666,0.19571428571428573,0.24571428571428572,0.0
PHASE 3B,207,166400,164,2343.5210320376923,1648.1653812267045,2800.3589318950776,623.830426483787,605.687374491845,139.2504038827666,0.19571428571428573,0.24571428571428572,0.0
PHASE 3B,208,167200,164,2343.5210320376923,1648.1653812267045,2800.3589318950776,623.830426483787,605.687374491845,139.2504038827666,0.19571428571428573,0.24571428571428572,0.0
PHASE 3B,209,168000,168,2352.838227872664,1648.1653812267045,2800.3589318950776,626.8630498708219,608.4442426478312,139.6913669192602,0.19571428571428573,0.24571428571428572,0.0
PHASE 3B,210,168800,168,2352.8382278726635,1648.1653812267045,2800.3589318950776,626.8630498708217,608.4442426478312,139.6913669192602,0.19571428571428573,0.24571428571428572,0.0
PHASE 3B,211,169600,168,2352.8382278726635,1648.1653812267045,2800.3589318950776,626.8630498708217,608.4442426478312,139.6913669192602,0.19571428571428573,0.24571428571428572,0.0
PHASE 3B,212,170400,168,2352.8382278726635,1648.1653812267045,2800.3589318950776,626.8630498708217,608.4442426478312,139.6913669192602,0.19571428571428573,0.24571428571428572,0.0
PHASE 3B,213,171200,168,2352.8382278726635,1648.1653812267045,2800.3589318950776,626.8630498708217,608.4442426478312,139.6913669192602,0.19571428571428573,0.24571428571428572,0.0
PHASE 3B,214,172000,172,2357.6549490919315,1648.1653812267045,2800.3589318950776,629.4756315249606,609.0055984578464,139.89671488864923,0.19571428571428573,0.24571428571428572,0.0
PHASE 3B,215,172800,172,2357.6549490919315,1648.1653812267045,2800.3589318950776,629.4756315249606,609.0055984578465,139.89671488864923,0.19571428571428573,0.24571428571428572,0.0
PHASE 3B,216,173600,172,2357.6549490919315,1648.1653812267045,2800.3589318950776,629.4756315249606,609.0055984578465,139.89671488864923,0.19571428571428573,0.24571428571428572,0.0
PHASE 3B,217,174400,172,2357.6549490919315,1648.1653812267045,2800.3589318950776,629.4756315249606,609.0055984578465,139.89671488864923,0.19571428571428573,0.24571428571428572,0.0
PHASE 3B,218,175200,172,2357.6549490919315,1648.1653812267045,2800.3589318950776,629.4756315249606,609.0055984578465,139.89671488864923,0.19571428571428573,0.24571428571428572,0.0
PHASE 3B,219,176000,176,2358.340405330473,1648.1653812267045,2800.3589318950776,630.6230570645856,607.719417647777,139.9997413272725,0.19571428571428573,0.24571428571428572,0.0
PHASE 3B,220,176800,176,2358.340405330473,1648.1653812267045,2800.3589318950776,630.6230570645855,607.7194176477769,139.99974132727252,0.19571428571428573,0.24571428571428572,0.0
PHASE 3B,221,177600,176,2358.340405330473,1648.1653812267045,2800.3589318950776,630.6230570645855,607.7194176477769,139.99974132727252,0.19571428571428573,0.24571428571428572,0.0
PHASE 3B,222,178400,176,2358.340405330473,1648.1653812267045,2800.3589318950776,630.6230570645855,607.7194176477769,139.99974132727252,0.19571428571428573,0.24571428571428572,0.0
PHASE 3B,223,179200,176,2358.340405330473,1648.1653812267045,2800.3589318950776,630.6230570645855,607.7194176477769,139.99974132727252,0.19571428571428573,0.24571428571428572,0.0
PHASE 3B,224,180000,180,2357.0830616064563,1648.1653812267045,2807.1628638720485,632.2710201319513,607.0398290414075,139.72152655414592,0.19571428571428573,0.24571428571428572,0.0
PHASE 3B,225,180800,180,2357.083061606456,1648.1653812267045,2807.1628638720485,632.2710201319513,607.0398290414075,139.72152655414592,0.19571428571428573,0.24571428571428572,0.0
PHASE 3B,226,181600,180,2357.083061606456,1648.1653812267045,2807.1628638720485,632.2710201319513,607.0398290414075,139.72152655414592,0.19571428571428573,0.24571428571428572,0.0
PHASE 3B,227,182400,180,2357.083061606456,1648.1653812267045,2807.1628638720485,632.2710201319513,607.0398290414075,139.72152655414592,0.19571428571428573,0.24571428571428572,0.0
PHASE 3B,228,183200,180,2357.083061606456,1648.1653812267045,2807.1628638720485,632.2710201319513,607.0398290414075,139.72152655414592,0.19571428571428573,0.24571428571428572,0.0
PHASE 3B,229,184000,184,2367.4520274182696,1648.1653812267045,2807.1628638720485,637.2402516915625,608.2778276283798,140.24174351229968,0.19571428571428573,0.24571428571428572,0.0
PHASE 3B,230,184800,184,2367.4520274182696,1648.1653812267045,2807.1628638720485,637.2402516915625,608.2778276283797,140.24174351229965,0.19571428571428573,0.24571428571428572,0.0
PHASE 3B,231,185600,184,2367.4520274182696,1648.1653812267045,2807.1628638720485,637.2402516915625,608.2778276283797,140.24174351229965,0.19571428571428573,0.24571428571428572,0.0
PHASE 3B,232,186400,184,2367.4520274182696,1648.1653812267045,2807.1628638720485,637.2402516915625,608.2778276283797,140.24174351229965,0.19571428571428573,0.24571428571428572,0.0
PHASE 3B,233,187200,184,2367.4520274182696,1648.1653812267045,2807.1628638720485,637.2402516915625,608.2778276283797,140.24174351229965,0.19571428571428573,0.24571428571428572,0.0
PHASE 3B,234,188000,188,2362.56007891497,1648.1653812267045,2807.1628638720485,635.1425321897759,609.4709213884722,139.74332816709898,0.19571428571428573,0.24571428571428572,0.0
PHASE 3B,235,188800,188,2362.56007891497,1648.1653812267045,2807.1628638720485,635.1425321897759,609.4709213884723,139.74332816709898,0.19571428571428573,0.24571428571428572,0.0
PHASE 3B,236,189600,188,2362.56007891497,1648.1653812267045,2807.1628638720485,635.1425321897759,609.4709213884723,139.74332816709898,0.19571428571428573,0.24571428571428572,0.0
PHASE 3B,237,190400,188,2362.56007891497,1648.1653812267045,2807.1628638720485,635.1425321897759,609.4709213884723,139.74332816709898,0.19571428571428573,0.24571428571428572,0.0
PHASE 3B,238,191200,188,2362.56007891497,1648.1653812267045,2807.1628638720485,635.1425321897759,609.4709213884723,139.74332816709898,0.19571428571428573,0.24571428571428572,0.0
PHASE 3B,239,192000,192,2362.696357050113,1817.5467992896636,2807.1628638720485,639.4842214362981,608.4424590494788,139.34620957055083,0.19571428571428573,0.24571428571428572,0.0
PHASE 3B,240,192800,192,2362.6963570501125,1817.5467992896636,2807.1628638720485,639.4842214362982,608.4424590494789,139.34620957055083,0.19571428571428573,0.24571428571428572,0.0
PHASE 3B,241,193600,192,2362.6963570501125,1817.5467992896636,2807.1628638720485,639.4842214362982,608.4424590494789,139.34620957055083,0.19571428571428573,0.24571428571428572,0.0
PHASE 3B,242,194400,192,2362.6963570501125,1817.5467992896636,2807.1628638720485,639.4842214362982,608.4424590494789,139.34620957055083,0.19571428571428573,0.24571428571428572,0.0
PHASE 3B,243,195200,192,2362.6963570501125,1817.5467992896636,2807.1628638720485,639.4842214362982,608.4424590494789,139.34620957055083,0.19571428571428573,0.24571428571428572,0.0
PHASE 3B,244,196000,196,2362.9232028078327,1817.5467992896636,2807.1628638720485,639.1633326584925,608.5445784497613,139.40191146245627,0.19571428571428573,0.24571428571428572,0.0
PHASE 3B,245,196800,196,2362.923202807833,1817.5467992896636,2807.1628638720485,639.1633326584925,608.5445784497613,139.4019114624563,0.19571428571428573,0.24571428571428572,0.0
PHASE 3B,246,197600,196,2362.923202807833,1817.5467992896636,2807.1628638720485,639.1633326584925,608.5445784497613,139.4019114624563,0.19571428571428573,0.24571428571428572,0.0
PHASE 3B,247,198400,196,2362.923202807833,1817.5467992896636,2807.1628638720485,639.1633326584925,608.5445784497613,139.4019114624563,0.19571428571428573,0.24571428571428572,0.0
PHASE 3B,248,199200,196,2362.923202807833,1817.5467992896636,2807.1628638720485,639.1633326584925,608.5445784497613,139.4019114624563,0.19571428571428573,0.24571428571428572,0.0
PHASE 3B,249,200000,200,2368.7049988099798,1817.5467992896636,2807.1628638720485,645.9968725921592,605.7195192176251,139.6235758750332,0.19571428571428573,0.24571428571428572,0.0
PHASE 3B,250,200800,200,2368.7049988099793,1817.5467992896636,2807.1628638720485,645.9968725921592,605.7195192176251,139.6235758750332,0.19571428571428573,0.24571428571428572,0.0
PHASE 3B,251,201600,200,2368.7049988099793,1817.5467992896636,2807.1628638720485,645.9968725921592,605.7195192176251,139.6235758750332,0.19571428571428573,0.24571428571428572,0.0
PHASE 3B,252,202400,200,2368.7049988099793,1817.5467992896636,2807.1628638720485,645.9968725921592,605.7195192176251,139.6235758750332,0.19571428571428573,0.24571428571428572,0.0
PHASE 3B,253,203200,200,2368.7049988099793,1817.5467992896636,2807.1628638720485,645.9968725921592,605.7195192176251,139.6235758750332,0.19571428571428573,0.24571428571428572,0.0
PHASE 3B,254,204000,204,2380.5851085011814,1817.5467992896636,2807.1628638720485,651.1314776457693,608.2293873724724,140.1530304353762,0.19571428571428573,0.24571428571428572,0.0
PHASE 3B,255,204800,204,2380.5851085011814,1817.5467992896636,2807.1628638720485,651.1314776457693,608.2293873724724,140.15303043537622,0.19571428571428573,0.24571428571428572,0.0
PHASE 3B,256,205600,204,2380.5851085011814,1817.5467992896636,2807.1628638720485,651.1314776457693,608.2293873724724,140.15303043537622,0.19571428571428573,0.24571428571428572,0.0
PHASE 3B,257,206400,204,2380.5851085011814,1817.5467992896636,2807.1628638720485,651.1314776457693,608.2293873724724,140.15303043537622,0.19571428571428573,0.24571428571428572,0.0
PHASE 3B,258,207200,204,2380.5851085011814,1817.5467992896636,2807.1628638720485,651.1314776457693,608.2293873724724,140.15303043537622,0.19571428571428573,0.24571428571428572,0.0
PHASE 3B,259,208000,208,2382.197917737632,1817.5467992896636,2807.1628638720485,652.1130187605665,606.9407949600048,140.3930130021412,0.19571428571428573,0.24571428571428572,0.0
PHASE 3B,260,208800,208,2382.197917737632,1817.5467992896636,2807.1628638720485,652.1130187605665,606.9407949600048,140.3930130021412,0.19571428571428573,0.24571428571428572,0.0
PHASE 3B,261,209600,208,2382.197917737632,1817.5467992896636,2807.1628638720485,652.1130187605665,606.9407949600048,140.3930130021412,0.19571428571428573,0.24571428571428572,0.0
PHASE 3B,262,210400,208,2382.197917737632,1817.5467992896636,2807.1628638720485,652.1130187605665,606.9407949600048,140.3930130021412,0.19571428571428573,0.24571428571428572,0.0
PHASE 3B,263,211200,208,2382.197917737632,1817.5467992896636,2807.1628638720485,652.1130187605665,606.9407949600048,140.3930130021412,0.19571428571428573,0.24571428571428572,0.0
PHASE 3B,264,212000,212,2385.407823586597,1817.5467992896636,2807.1628638720485,651.5011536596847,608.5904594158659,140.66452631388935,0.19571428571428573,0.24571428571428572,0.0
PHASE 3B,265,212800,212,2385.407823586597,1817.5467992896636,2807.1628638720485,651.5011536596845,608.5904594158659,140.66452631388938,0.19571428571428573,0.24571428571428572,0.0
PHASE 3B,266,213600,212,2385.407823586597,1817.5467992896636,2807.1628638720485,651.5011536596845,608.5904594158659,140.66452631388938,0.19571428571428573,0.24571428571428572,0.0
PHASE 3B,267,214400,212,2385.407823586597,1817.5467992896636,2807.1628638720485,651.5011536596845,608.5904594158659,140.66452631388938,0.19571428571428573,0.24571428571428572,0.0
PHASE 3B,268,215200,212,2385.407823586597,1817.5467992896636,2807.1628638720485,651.5011536596845,608.5904594158659,140.66452631388938,0.19571428571428573,0.24571428571428572,0.0
PHASE 3B,269,216000,216,2396.2933349793516,1817.5467992896636,2807.1628638720485,653.6036041290971,611.3039082341437,141.42322782702246,0.19571428571428573,0.24571428571428572,0.0
PHASE 3B,270,216800,216,2396.2933349793516,1817.5467992896636,2807.1628638720485,653.6036041290972,611.3039082341437,141.42322782702246,0.19571428571428573,0.24571428571428572,0.0
PHASE 3B,271,217600,216,2396.2933349793516,1817.5467992896636,2807.1628638720485,653.6036041290972,611.3039082341437,141.42322782702246,0.19571428571428573,0.24571428571428572,0.0
PHASE 3B,272,218400,216,2396.2933349793516,1817.5467992896636,2807.1628638720485,653.6036041290972,611.3039082341437,141.42322782702246,0.19571428571428573,0.24571428571428572,0.0
PHASE 3B,273,219200,216,2396.2933349793516,1817.5467992896636,2807.1628638720485,653.6036041290972,611.3039082341437,141.42322782702246,0.19571428571428573,0.24571428571428572,0.0
PHASE 3B,274,220000,220,2398.6549326227237,1817.5467992896636,2807.1628638720485,650.9839760945722,614.9485896956114,141.59029585407626,0.19571428571428573,0.24571428571428572,0.0
PHASE 3B,275,220800,220,2398.6549326227237,1817.5467992896636,2807.1628638720485,650.9839760945721,614.9485896956112,141.59029585407626,0.19571428571428573,0.24571428571428572,0.0
PHASE 3B,276,221600,220,2398.6549326227237,1817.5467992896636,2807.1628638720485,650.9839760945721,614.9485896956112,141.59029585407626,0.19571428571428573,0.24571428571428572,0.0
PHASE 3B,277,222400,220,2398.6549326227237,1817.5467992896636,2807.1628638720485,650.9839760945721,614.9485896956112,141.59029585407626,0.19571428571428573,0.24571428571428572,0.0
PHASE 3B,278,223200,220,2398.6549326227237,1817.5467992896636,2807.1628638720485,650.9839760945721,614.9485896956112,141.59029585407626,0.19571428571428573,0.24571428571428572,0.0
PHASE 3B,279,224000,224,2400.819059594593,1817.5467992896636,2807.1628638720485,650.3310495108462,617.1186038288566,141.6711757818701,0.19571428571428573,0.24571428571428572,0.0
PHASE 3B,280,224800,224,2400.8190595945935,1817.5467992896636,2807.1628638720485,650.3310495108462,617.1186038288567,141.6711757818701,0.19571428571428573,0.24571428571428572,0.0
PHASE 3B,281,225600,224,2400.8190595945935,1817.5467992896636,2807.1628638720485,650.3310495108462,617.1186038288567,141.6711757818701,0.19571428571428573,0.24571428571428572,0.0
PHASE 3B,282,226400,224,2400.8190595945935,1817.5467992896636,2807.1628638720485,650.3310495108462,617.1186038288567,141.6711757818701,0.19571428571428573,0.24571428571428572,0.0
PHASE 3B,283,227200,224,2400.8190595945935,1817.5467992896636,2807.1628638720485,650.3310495108462,617.1186038288567,141.6711757818701,0.19571428571428573,0.24571428571428572,0.0
PHASE 3B,284,228000,228,2395.21910292337,1817.5467992896636,2807.1628638720485,651.1240687008092,613.041744626528,141.38166119951288,0.19571428571428573,0.24571428571428572,0.0
PHASE 3B,285,228800,228,2395.2191029233695,1817.5467992896636,2807.1628638720485,651.1240687008092,613.041744626528,141.38166119951288,0.19571428571428573,0.24571428571428572,0.0
PHASE 3B,286,229600,228,2395.2191029233695,1817.5467992896636,2807.1628638720485,651.1240687008092,613.041744626528,141.38166119951288,0.19571428571428573,0.24571428571428572,0.0
PHASE 3B,287,230400,228,2395.2191029233695,1817.5467992896636,2807.1628638720485,651.1240687008092,613.041744626528,141.38166119951288,0.19571428571428573,0.24571428571428572,0.0
PHASE 3B,288,231200,228,2395.2191029233695,1817.5467992896636,2807.1628638720485,651.1240687008092,613.041744626528,141.38166119951288,0.19571428571428573,0.24571428571428572,0.0
PHASE 3B,289,232000,232,2397.5229151244394,1817.5467992896636,2807.1628638720485,649.6902741702113,615.745560049931,141.51088511304596,0.19571428571428573,0.24571428571428572,0.0
PHASE 3B,290,232800,232,2397.5229151244394,1817.5467992896636,2807.1628638720485,649.6902741702112,615.7455600499309,141.51088511304596,0.19571428571428573,0.24571428571428572,0.0
PHASE 3B,291,233600,232,2397.5229151244394,1817.5467992896636,2807.1628638720485,649.6902741702112,615.7455600499309,141.51088511304596,0.19571428571428573,0.24571428571428572,0.0
PHASE 3B,292,234400,232,2397.5229151244394,1817.5467992896636,2807.1628638720485,649.6902741702112,615.7455600499309,141.51088511304596,0.19571428571428573,0.24571428571428572,0.0
PHASE 3B,293,235200,232,2397.5229151244394,1817.5467992896636,2807.1628638720485,649.6902741702112,615.7455600499309,141.51088511304596,0.19571428571428573,0.24571428571428572,0.0
PHASE 3B,294,236000,236,2403.9073387773115,1846.1266928878842,2807.1628638720485,651.8783942915047,618.2288545830905,141.72501123784835,0.19571428571428573,0.24571428571428572,0.0
PHASE 3B,295,236800,236,2403.907338777311,1846.1266928878842,2807.1628638720485,651.8783942915047,618.2288545830905,141.72501123784835,0.19571428571428573,0.24571428571428572,0.0
PHASE 3B,296,237600,236,2403.907338777311,1846.1266928878842,2807.1628638720485,651.8783942915047,618.2288545830905,141.72501123784835,0.19571428571428573,0.24571428571428572,0.0
PHASE 3B,297,238400,236,2403.907338777311,1846.1266928878842,2807.1628638720485,651.8783942915047,618.2288545830905,141.72501123784835,0.19571428571428573,0.24571428571428572,0.0
PHASE 3B,298,239200,236,2403.907338777311,1846.1266928878842,2807.1628638720485,651.8783942915047,618.2288545830905,141.72501123784835,0.19571428571428573,0.24571428571428572,0.0
PHASE 3B,299,240000,240,2404.4609645699957,1846.1266928878842,2807.1628638720485,654.8288288563485,613.9908727641345,141.95515786869788,0.19571428571428573,0.24571428571428572,0.0
PHASE 3B,300,240800,240,2404.460964569996,1846.1266928878842,2807.1628638720485,654.8288288563485,613.9908727641345,141.9551578686979,0.19571428571428573,0.24571428571428572,0.0
PHASE 3B,301,241600,240,2404.460964569996,1846.1266928878842,2807.1628638720485,654.8288288563485,613.9908727641345,141.9551578686979,0.19571428571428573,0.24571428571428572,0.0
PHASE 3B,302,242400,240,2404.460964569996,1846.1266928878842,2807.1628638720485,654.8288288563485,613.9908727641345,141.9551578686979,0.19571428571428573,0.24571428571428572,0.0
PHASE 3B,303,243200,240,2404.460964569996,1846.1266928878842,2807.1628638720485,654.8288288563485,613.9908727641345,141.9551578686979,0.19571428571428573,0.24571428571428572,0.0
PHASE 3B,304,244000,244,2409.427148593061,1846.1266928878842,2807.1628638720485,655.0937158957906,616.8533969147317,142.18500447282597,0.19571428571428573,0.24571428571428572,0.0
PHASE 3B,305,244800,244,2409.427148593061,1846.1266928878842,2807.1628638720485,655.0937158957906,616.8533969147317,142.18500447282597,0.19571428571428573,0.24571428571428572,0.0
PHASE 3B,306,245600,244,2409.427148593061,1846.1266928878842,2807.1628638720485,655.0937158957906,616.8533969147317,142.18500447282597,0.19571428571428573,0.24571428571428572,0.0
PHASE 3B,307,246400,244,2409.427148593061,1846.1266928878842,2807.1628638720485,655.0937158957906,616.8533969147317,142.18500447282597,0.19571428571428573,0.24571428571428572,0.0
PHASE 3B,308,247200,244,2409.427148593061,1846.1266928878842,2807.1628638720485,655.0937158957906,616.8533969147317,142.18500447282597,0.19571428571428573,0.24571428571428572,0.0
PHASE 3B,309,248000,248,2405.320747605054,1846.1266928878842,2807.1628638720485,655.9747135574087,614.4190782176498,141.8658694787582,0.19571428571428573,0.24571428571428572,0.0
PHASE 3B,310,248800,248,2405.320747605054,1846.1266928878842,2807.1628638720485,655.9747135574087,614.4190782176498,141.86586947875824,0.19571428571428573,0.24571428571428572,0.0
PHASE 3B,311,249600,248,2405.320747605054,1846.1266928878842,2807.1628638720485,655.9747135574087,614.4190782176498,141.86586947875824,0.19571428571428573,0.24571428571428572,0.0
PHASE 3B,312,250400,248,2405.320747605054,1846.1266928878842,2807.1628638720485,655.9747135574087,614.4190782176498,141.86586947875824,0.19571428571428573,0.24571428571428572,0.0
PHASE 3B,313,251200,248,2405.320747605054,1846.1266928878842,2807.1628638720485,655.9747135574087,614.4190782176498,141.86586947875824,0.19571428571428573,0.24571428571428572,0.0
PHASE 3B,314,252000,252,2398.902615278157,1846.1266928878842,2807.1628638720485,654.1022563657198,612.4079160615249,141.5490553563729,0.19571428571428573,0.24571428571428572,0.0
PHASE 3B,315,252800,252,2398.902615278157,1846.1266928878842,2807.1628638720485,654.1022563657198,612.4079160615248,141.5490553563729,0.19571428571428573,0.24571428571428572,0.0
PHASE 3B,316,253600,252,2398.902615278157,1846.1266928878842,2807.1628638720485,654.1022563657198,612.4079160615248,141.5490553563729,0.19571428571428573,0.24571428571428572,0.0
PHASE 3B,317,254400,252,2398.902615278157,1846.1266928878842,2807.1628638720485,654.1022563657198,612.4079160615248,141.5490553563729,0.19571428571428573,0.24571428571428572,0.0
PHASE 3B,318,255200,252,2398.902615278157,1846.1266928878842,2807.1628638720485,654.1022563657198,612.4079160615248,141.5490553563729,0.19571428571428573,0.24571428571428572,0.0
PHASE 3B,319,256000,256,2404.9454838341217,1846.1266928878842,2807.1628638720485,656.0011784531588,613.7494903817748,141.8993518749073,0.19571428571428573,0.24571428571428572,0.0
PHASE 3B,320,256800,256,2404.945483834122,1846.1266928878842,2807.1628638720485,656.0011784531587,613.7494903817748,141.8993518749073,0.19571428571428573,0.24571428571428572,0.0
PHASE 3B,321,257600,256,2404.945483834122,1846.1266928878842,2807.1628638720485,656.0011784531587,613.7494903817748,141.8993518749073,0.19571428571428573,0.24571428571428572,0.0
PHASE 3B,322,258400,256,2404.945483834122,1846.1266928878842,2807.1628638720485,656.0011784531587,613.7494903817748,141.8993518749073,0.19571428571428573,0.24571428571428572,0.0
PHASE 3B,323,259200,256,2404.945483834122,1846.1266928878842,2807.1628638720485,656.0011784531587,613.7494903817748,141.8993518749073,0.19571428571428573,0.24571428571428572,0.0
PHASE 3B,324,260000,260,2412.2878127607373,1876.0866471919376,2807.1628638720485,654.8105255351147,616.9176726518095,142.56995182173534,0.19571428571428573,0.24571428571428572,0.0
PHASE 3B,325,260800,260,2412.2878127607373,1876.0866471919376,2807.1628638720485,654.8105255351146,616.9176726518094,142.56995182173534,0.19571428571428573,0.24571428571428572,0.0
PHASE 3B,326,261600,260,2412.2878127607373,1876.0866471919376,2807.1628638720485,654.8105255351146,616.9176726518094,142.56995182173534,0.19571428571428573,0.24571428571428572,0.0
PHASE 3B,327,262400,260,2412.2878127607373,1876.0866471919376,2807.1628638720485,654.8105255351146,616.9176726518094,142.56995182173534,0.19571428571428573,0.24571428571428572,0.0
PHASE 3B,328,263200,260,2412.2878127607373,1876.0866471919376,2807.1628638720485,654.8105255351146,616.9176726518094,142.56995182173534,0.19571428571428573,0.24571428571428572,0.0
PHASE 3B,329,264000,264,2410.7557665339755,1876.0866471919376,2807.1628638720485,655.2668749755092,615.0263925706483,142.55781237348606,0.19571428571428573,0.24571428571428572,0.0
PHASE 3B,330,264800,264,2410.7557665339755,1876.0866471919376,2807.1628638720485,655.266874975509,615.0263925706483,142.55781237348606,0.19571428571428573,0.24571428571428572,0.0
PHASE 3B,331,265600,264,2410.7557665339755,1876.0866471919376,2807.1628638720485,655.266874975509,615.0263925706483,142.55781237348606,0.19571428571428573,0.24571428571428572,0.0
PHASE 3B,332,266400,264,2410.7557665339755,1876.0866471919376,2807.1628638720485,655.266874975509,615.0263925706483,142.55781237348606,0.19571428571428573,0.24571428571428572,0.0
PHASE 3B,333,267200,264,2410.7557665339755,1876.0866471919376,2807.1628638720485,655.266874975509,615.0263925706483,142.55781237348606,0.19571428571428573,0.24571428571428572,0.0
PHASE 3B,334,268000,268,2408.9159194969116,1876.0866471919376,2807.1628638720485,654.9794734314096,614.4612482643242,142.43439972515603,0.19571428571428573,0.24571428571428572,0.0
PHASE 3B,335,268800,268,2408.9159194969116,1876.0866471919376,2807.1628638720485,654.9794734314096,614.4612482643244,142.43439972515603,0.19571428571428573,0.24571428571428572,0.0
PHASE 3B,336,269600,268,2408.9159194969116,1876.0866471919376,2807.1628638720485,654.9794734314096,614.4612482643244,142.43439972515603,0.19571428571428573,0.24571428571428572,0.0
PHASE 3B,337,270400,268,2408.9159194969116,1876.0866471919376,2807.1628638720485,654.9794734314096,614.4612482643244,142.43439972515603,0.19571428571428573,0.24571428571428572,0.0
PHASE 3B,338,271200,268,2408.9159194969116,1876.0866471919376,2807.1628638720485,654.9794734314096,614.4612482643244,142.43439972515603,0.19571428571428573,0.24571428571428572,0.0
PHASE 3B,339,272000,272,2411.932327796112,1876.0866471919376,2807.1628638720485,654.4665018056342,617.4407172000701,142.50313859880993,0.19571428571428573,0.24571428571428572,0.0
PHASE 3B,340,272800,272,2411.932327796112,1876.0866471919376,2807.1628638720485,654.4665018056342,617.44071720007,142.50313859880993,0.19571428571428573,0.24571428571428572,0.0
PHASE 3B,341,273600,272,2411.932327796112,1876.0866471919376,2807.1628638720485,654.4665018056342,617.44071720007,142.50313859880993,0.19571428571428573,0.24571428571428572,0.0
PHASE 3B,342,274400,272,2411.932327796112,1876.0866471919376,2807.1628638720485,654.4665018056342,617.44071720007,142.50313859880993,0.19571428571428573,0.24571428571428572,0.0
PHASE 3B,343,275200,272,2411.932327796112,1876.0866471919376,2807.1628638720485,654.4665018056342,617.44071720007,142.50313859880993,0.19571428571428573,0.24571428571428572,0.0
PHASE 3B,344,276000,276,2415.488703598889,1876.0866471919376,2807.1628638720485,653.4929509505457,620.3848248715701,142.70136597210555,0.19571428571428573,0.24571428571428572,0.0
PHASE 3B,345,276800,276,2415.488703598889,1876.0866471919376,2807.1628638720485,653.4929509505457,620.3848248715701,142.70136597210558,0.19571428571428573,0.24571428571428572,0.0
PHASE 3B,346,277600,276,2415.488703598889,1876.0866471919376,2807.1628638720485,653.4929509505457,620.3848248715701,142.70136597210558,0.19571428571428573,0.24571428571428572,0.0
PHASE 3B,347,278400,276,2415.488703598889,1876.0866471919376,2807.1628638720485,653.4929509505457,620.3848248715701,142.70136597210558,0.19571428571428573,0.24571428571428572,0.0
PHASE 3B,348,279200,276,2415.488703598889,1876.0866471919376,2807.1628638720485,653.4929509505457,620.3848248715701,142.70136597210558,0.19571428571428573,0.24571428571428572,0.0
PHASE 3B,349,280000,280,2414.9483164024055,1948.8359519201024,2747.742600863149,654.9556676885179,616.8430451915367,142.89370044030275,0.19571428571428573,0.24571428571428572,0.0
PHASE 3B,350,280800,280,2414.9483164024055,1948.8359519201024,2747.742600863149,654.9556676885179,616.8430451915368,142.89370044030275,0.19571428571428573,0.24571428571428572,0.0
PHASE 3B,351,281600,280,2414.9483164024055,1948.8359519201024,2747.742600863149,654.9556676885179,616.8430451915368,142.89370044030275,0.19571428571428573,0.24571428571428572,0.0
PHASE 3B,352,282400,280,2414.9483164024055,1948.8359519201024,2747.742600863149,654.9556676885179,616.8430451915368,142.89370044030275,0.19571428571428573,0.24571428571428572,0.0
PHASE 3B,353,283200,280,2414.9483164024055,1948.8359519201024,2747.742600863149,654.9556676885179,616.8430451915368,142.89370044030275,0.19571428571428573,0.24571428571428572,0.0
PHASE 3B,354,284000,284,2412.8560068081624,1948.8359519201024,2747.742600863149,653.9087503179568,616.7330190731687,142.77677967713848,0.19571428571428573,0.24571428571428572,0.0
PHASE 3B,355,284800,284,2412.856006808163,1948.8359519201024,2747.742600863149,653.9087503179569,616.7330190731686,142.77677967713848,0.19571428571428573,0.24571428571428572,0.0
PHASE 3B,356,285600,284,2412.856006808163,1948.8359519201024,2747.742600863149,653.9087503179569,616.7330190731686,142.77677967713848,0.19571428571428573,0.24571428571428572,0.0
PHASE 3B,357,286400,284,2412.856006808163,1948.8359519201024,2747.742600863149,653.9087503179569,616.7330190731686,142.77677967713848,0.19571428571428573,0.24571428571428572,0.0
PHASE 3B,358,287200,284,2412.856006808163,1948.8359519201024,2747.742600863149,653.9087503179569,616.7330190731686,142.77677967713848,0.19571428571428573,0.24571428571428572,0.0
PHASE 3B,359,288000,288,2414.128959958316,1948.8359519201024,2747.742600863149,654.4555096381226,616.2801677594599,142.92416032010044,0.19571428571428573,0.24571428571428572,0.0
PHASE 3B,360,288800,288,2414.1289599583156,1948.8359519201024,2747.742600863149,654.4555096381225,616.2801677594599,142.92416032010044,0.19571428571428573,0.24571428571428572,0.0
PHASE 3B,361,289600,288,2414.1289599583156,1948.8359519201024,2747.742600863149,654.4555096381225,616.2801677594599,142.92416032010044,0.19571428571428573,0.24571428571428572,0.0
PHASE 3B,362,290400,288,2414.1289599583156,1948.8359519201024,2747.742600863149,654.4555096381225,616.2801677594599,142.92416032010044,0.19571428571428573,0.24571428571428572,0.0
PHASE 3B,363,291200,288,2414.1289599583156,1948.8359519201024,2747.742600863149,654.4555096381225,616.2801677594599,142.92416032010044,0.19571428571428573,0.24571428571428572,0.0
PHASE 3B,364,292000,292,2426.9200082451252,1948.8359519201024,2747.742600863149,655.2760295324337,622.3564926948904,143.66093575223383,0.19571428571428573,0.24571428571428572,0.0
PHASE 3B,365,292800,292,2426.9200082451252,1948.8359519201024,2747.742600863149,655.2760295324337,622.3564926948906,143.66093575223383,0.19571428571428573,0.24571428571428572,0.0
PHASE 3B,366,293600,292,2426.9200082451252,1948.8359519201024,2747.742600863149,655.2760295324337,622.3564926948906,143.66093575223383,0.19571428571428573,0.24571428571428572,0.0
PHASE 3B,367,294400,292,2426.9200082451252,1948.8359519201024,2747.742600863149,655.2760295324337,622.3564926948906,143.66093575223383,0.19571428571428573,0.24571428571428572,0.0
PHASE 3B,368,295200,292,2426.9200082451252,1948.8359519201024,2747.742600863149,655.2760295324337,622.3564926948906,143.66093575223383,0.19571428571428573,0.24571428571428572,0.0
PHASE 3B,369,296000,296,2429.04748891618,1948.8359519201024,2747.742600863149,655.8656900639268,623.1225941925572,143.7574005824707,0.19571428571428573,0.24571428571428572,0.0
PHASE 3B,370,296800,296,2429.0474889161806,1948.8359519201024,2747.742600863149,655.8656900639268,623.1225941925571,143.75740058247067,0.19571428571428573,0.24571428571428572,0.0
PHASE 3B,371,297600,296,2429.0474889161806,1948.8359519201024,2747.742600863149,655.8656900639268,623.1225941925571,143.75740058247067,0.19571428571428573,0.24571428571428572,0.0
PHASE 3B,372,298400,296,2429.0474889161806,1948.8359519201024,2747.742600863149,655.8656900639268,623.1225941925571,143.75740058247067,0.19571428571428573,0.24571428571428572,0.0
PHASE 3B,373,299200,296,2429.0474889161806,1948.8359519201024,2747.742600863149,655.8656900639268,623.1225941925571,143.75740058247067,0.19571428571428573,0.24571428571428572,0.0
PHASE 3B,374,300000,300,2427.8812570193963,1948.8359519201024,2747.742600863149,651.1795228091462,626.0725836723043,143.82864381725184,0.19571428571428573,0.24571428571428572,0.0
PHASE 3B,375,300800,300,2427.8812570193963,1948.8359519201024,2747.742600863149,651.1795228091462,626.0725836723045,143.82864381725184,0.19571428571428573,0.24571428571428572,0.0
PHASE 3B,376,301600,300,2427.8812570193963,1948.8359519201024,2747.742600863149,651.1795228091462,626.0725836723045,143.82864381725184,0.19571428571428573,0.24571428571428572,0.0
PHASE 3B,377,302400,300,2427.8812570193963,1948.8359519201024,2747.742600863149,651.1795228091462,626.0725836723045,143.82864381725184,0.19571428571428573,0.24571428571428572,0.0
PHASE 3B,378,303200,300,2427.8812570193963,1948.8359519201024,2747.742600863149,651.1795228091462,626.0725836723045,143.82864381725184,0.19571428571428573,0.24571428571428572,0.0
PHASE 3B,379,304000,304,2424.318721245116,1948.8359519201024,2747.742600863149,649.5375814776239,625.2028581363369,143.69728520390316,0.19571428571428573,0.24571428571428572,0.0
PHASE 3B,380,304800,304,2424.318721245116,1948.8359519201024,2747.742600863149,649.5375814776239,625.2028581363368,143.69728520390316,0.19571428571428573,0.24571428571428572,0.0
PHASE 3B,381,305600,304,2424.318721245116,1948.8359519201024,2747.742600863149,649.5375814776239,625.2028581363368,143.69728520390316,0.19571428571428573,0.24571428571428572,0.0
PHASE 3B,382,306400,304,2424.318721245116,1948.8359519201024,2747.742600863149,649.5375814776239,625.2028581363368,143.69728520390316,0.19571428571428573,0.24571428571428572,0.0
PHASE 3B,383,307200,304,2424.318721245116,1948.8359519201024,2747.742600863149,649.5375814776239,625.2028581363368,143.69728520390316,0.19571428571428573,0.24571428571428572,0.0
PHASE 3B,384,308000,308,2422.8941766857633,2060.8174218159043,2747.742600863149,649.6362483614795,624.6805038440799,143.5721780600344,0.19571428571428573,0.24571428571428572,0.0
PHASE 3B,385,308800,308,2422.8941766857633,2060.8174218159043,2747.742600863149,649.6362483614795,624.6805038440798,143.5721780600344,0.19571428571428573,0.24571428571428572,0.0
PHASE 3B,386,309600,308,2422.8941766857633,2060.8174218159043,2747.742600863149,649.6362483614795,624.6805038440798,143.5721780600344,0.19571428571428573,0.24571428571428572,0.0
PHASE 3B,387,310400,308,2422.8941766857633,2060.8174218159043,2747.742600863149,649.6362483614795,624.6805038440798,143.5721780600344,0.19571428571428573,0.24571428571428572,0.0
PHASE 3B,388,311200,308,2422.8941766857633,2060.8174218159043,2747.742600863149,649.6362483614795,624.6805038440798,143.5721780600344,0.19571428571428573,0.24571428571428572,0.0
PHASE 3B,389,312000,312,2415.070042420719,1992.6252928757276,2747.742600863149,647.5468465729026,622.5621007098667,143.12013689225262,0.19571428571428573,0.24571428571428572,0.0
PHASE 3B,390,312800,312,2415.0700424207184,1992.6252928757276,2747.742600863149,647.5468465729026,622.562100709867,143.12013689225262,0.19571428571428573,0.24571428571428572,0.0
PHASE 3B,391,313600,312,2415.0700424207184,1992.6252928757276,2747.742600863149,647.5468465729026,622.562100709867,143.12013689225262,0.19571428571428573,0.24571428571428572,0.0
PHASE 3B,392,314400,312,2415.0700424207184,1992.6252928757276,2747.742600863149,647.5468465729026,622.562100709867,143.12013689225262,0.19571428571428573,0.24571428571428572,0.0
PHASE 3B,393,315200,312,2415.0700424207184,1992.6252928757276,2747.742600863149,647.5468465729026,622.562100709867,143.12013689225262,0.19571428571428573,0.24571428571428572,0.0
PHASE 3B,394,316000,316,2410.40337598114,1992.6252928757276,2747.742600863149,644.845715629979,623.9982136362559,142.69493083937226,0.19571428571428573,0.24571428571428572,0.0
PHASE 3B,395,316800,316,2410.4033759811405,1992.6252928757276,2747.742600863149,644.8457156299789,623.9982136362557,142.69493083937223,0.19571428571428573,0.24571428571428572,0.0
PHASE 3B,396,317600,316,2410.4033759811405,1992.6252928757276,2747.742600863149,644.8457156299789,623.9982136362557,142.69493083937223,0.19571428571428573,0.24571428571428572,0.0
PHASE 3B,397,318400,316,2410.4033759811405,1992.6252928757276,2747.742600863149,644.8457156299789,623.9982136362557,142.69493083937223,0.19571428571428573,0.24571428571428572,0.0
PHASE 3B,398,319200,316,2410.4033759811405,1992.6252928757276,2747.742600863149,644.8457156299789,623.9982136362557,142.69493083937223,0.19571428571428573,0.24571428571428572,0.0
PHASE 3B,399,320000,320,2414.3227653489557,1992.6252928757276,2747.742600863149,644.8447287489882,626.4886650578196,142.8736714427774,0.19571428571428573,0.24571428571428572,0.0
PHASE 3B,400,320800,320,2414.3227653489557,1992.6252928757276,2747.742600863149,644.8447287489882,626.4886650578196,142.8736714427774,0.19571428571428573,0.24571428571428572,0.0
PHASE 3B,401,321600,320,2414.3227653489557,1992.6252928757276,2747.742600863149,644.8447287489882,626.4886650578196,142.8736714427774,0.19571428571428573,0.24571428571428572,0.0
PHASE 3B,402,322400,320,2414.3227653489557,1992.6252928757276,2747.742600863149,644.8447287489882,626.4886650578196,142.8736714427774,0.19571428571428573,0.24571428571428572,0.0
PHASE 3B,403,323200,320,2414.3227653489557,1992.6252928757276,2747.742600863149,644.8447287489882,626.4886650578196,142.8736714427774,0.19571428571428573,0.24571428571428572,0.0
PHASE 3B,404,324000,324,2420.641874368745,1992.6252928757276,2778.8931886773635,646.7852100893585,628.2171184908846,143.20494322357155,0.19571428571428573,0.24571428571428572,0.0
PHASE 3B,405,324800,324,2420.6418743687445,1992.6252928757276,2778.8931886773635,646.7852100893585,628.2171184908844,143.20494322357152,0.19571428571428573,0.24571428571428572,0.0
PHASE 3B,406,325600,324,2420.6418743687445,1992.6252928757276,2778.8931886773635,646.7852100893585,628.2171184908844,143.20494322357152,0.19571428571428573,0.24571428571428572,0.0
PHASE 3B,407,326400,324,2420.6418743687445,1992.6252928757276,2778.8931886773635,646.7852100893585,628.2171184908844,143.20494322357152,0.19571428571428573,0.24571428571428572,0.0
PHASE 3B,408,327200,324,2420.6418743687445,1992.6252928757276,2778.8931886773635,646.7852100893585,628.2171184908844,143.20494322357152,0.19571428571428573,0.24571428571428572,0.0
PHASE 3B,409,328000,328,2420.4552925415946,1992.6252928757276,2778.8931886773635,646.527814285104,628.3327794565039,143.19933735000714,0.19571428571428573,0.24571428571428572,0.0
PHASE 3B,410,328800,328,2420.4552925415946,1992.6252928757276,2778.8931886773635,646.527814285104,628.3327794565039,143.19933735000714,0.19571428571428573,0.24571428571428572,0.0
PHASE 3B,411,329600,328,2420.4552925415946,1992.6252928757276,2778.8931886773635,646.527814285104,628.3327794565039,143.19933735000714,0.19571428571428573,0.24571428571428572,0.0
PHASE 3B,412,330400,328,2420.4552925415946,1992.6252928757276,2778.8931886773635,646.527814285104,628.3327794565039,143.19933735000714,0.19571428571428573,0.24571428571428572,0.0
PHASE 3B,413,331200,328,2420.4552925415946,1992.6252928757276,2778.8931886773635,646.527814285104,628.3327794565039,143.19933735000714,0.19571428571428573,0.24571428571428572,0.0
PHASE 3B,414,332000,332,2422.660732612855,1992.6252928757276,2778.8931886773635,650.2595796344935,625.980607586229,143.30256817402534,0.19571428571428573,0.24571428571428572,0.0
PHASE 3B,415,332800,332,2422.6607326128546,1992.6252928757276,2778.8931886773635,650.2595796344935,625.9806075862289,143.30256817402534,0.19571428571428573,0.24571428571428572,0.0
PHASE 3B,416,333600,332,2422.6607326128546,1992.6252928757276,2778.8931886773635,650.2595796344935,625.9806075862289,143.30256817402534,0.19571428571428573,0.24571428571428572,0.0
PHASE 3B,417,334400,332,2422.6607326128546,1992.6252928757276,2778.8931886773635,650.2595796344935,625.9806075862289,143.30256817402534,0.19571428571428573,0.24571428571428572,0.0
PHASE 3B,418,335200,332,2422.6607326128546,1992.6252928757276,2778.8931886773635,650.2595796344935,625.9806075862289,143.30256817402534,0.19571428571428573,0.24571428571428572,0.0
PHASE 3B,419,336000,336,2418.8379274404633,1992.6252928757276,2778.8931886773635,650.7341499275207,623.8543002319163,143.0311846601371,0.19571428571428573,0.24571428571428572,0.0
PHASE 3B,420,336800,336,2418.837927440464,1992.6252928757276,2778.8931886773635,650.7341499275207,623.8543002319165,143.0311846601371,0.19571428571428573,0.24571428571428572,0.0
PHASE 3B,421,337600,336,2418.837927440464,1992.6252928757276,2778.8931886773635,650.7341499275207,623.8543002319165,143.0311846601371,0.19571428571428573,0.24571428571428572,0.0
PHASE 3B,422,338400,336,2418.837927440464,1992.6252928757276,2778.8931886773635,650.7341499275207,623.8543002319165,143.0311846601371,0.19571428571428573,0.24571428571428572,0.0
PHASE 3B,423,339200,336,2418.837927440464,1992.6252928757276,2778.8931886773635,650.7341499275207,623.8543002319165,143.0311846601371,0.19571428571428573,0.24571428571428572,0.0
PHASE 3B,424,340000,340,2418.430685996364,1992.6252928757276,2778.8931886773635,650.9960285736685,624.559089891928,142.85944594135483,0.19571428571428573,0.24571428571428572,0.0
PHASE 3B,425,340800,340,2418.4306859963635,1992.6252928757276,2778.8931886773635,650.9960285736685,624.5590898919279,142.85944594135483,0.19571428571428573,0.24571428571428572,0.0
PHASE 3B,426,341600,340,2418.4306859963635,1992.6252928757276,2778.8931886773635,650.9960285736685,624.5590898919279,142.85944594135483,0.19571428571428573,0.24571428571428572,0.0
PHASE 3B,427,342400,340,2418.4306859963635,1992.6252928757276,2778.8931886773635,650.9960285736685,624.5590898919279,142.85944594135483,0.19571428571428573,0.24571428571428572,0.0
PHASE 3B,428,343200,340,2418.4306859963635,1992.6252928757276,2778.8931886773635,650.9960285736685,624.5590898919279,142.85944594135483,0.19571428571428573,0.24571428571428572,0.0
PHASE 3B,429,344000,344,2419.3307469967435,1992.6252928757276,2778.8931886773635,647.0533437753018,629.9472419322335,142.79127016116007,0.19571428571428573,0.24571428571428572,0.0
PHASE 3B,430,344800,344,2419.330746996744,1992.6252928757276,2778.8931886773635,647.0533437753019,629.9472419322336,142.79127016116007,0.19571428571428573,0.24571428571428572,0.0
PHASE 3B,431,345600,344,2419.330746996744,1992.6252928757276,2778.8931886773635,647.0533437753019,629.9472419322336,142.79127016116007,0.19571428571428573,0.24571428571428572,0.0
PHASE 3B,432,346400,344,2419.330746996744,1992.6252928757276,2778.8931886773635,647.0533437753019,629.9472419322336,142.79127016116007,0.19571428571428573,0.24571428571428572,0.0
PHASE 3B,433,347200,344,2419.330746996744,1992.6252928757276,2778.8931886773635,647.0533437753019,629.9472419322336,142.79127016116007,0.19571428571428573,0.24571428571428572,0.0
PHASE 3B,434,348000,348,2422.2453909263613,1992.6252928757276,2778.8931886773635,644.5887200526796,634.7682947172112,142.8610470195677,0.19571428571428573,0.24571428571428572,0.0
PHASE 3B,435,348800,348,2422.2453909263613,1992.6252928757276,2778.8931886773635,644.5887200526797,634.7682947172113,142.8610470195677,0.19571428571428573,0.24571428571428572,0.0
PHASE 3B,436,349600,348,2422.2453909263613,1992.6252928757276,2778.8931886773635,644.5887200526797,634.7682947172113,142.8610470195677,0.19571428571428573,0.24571428571428572,0.0
PHASE 3B,437,350400,348,2422.2453909263613,1992.6252928757276,2778.8931886773635,644.5887200526797,634.7682947172113,142.8610470195677,0.19571428571428573,0.24571428571428572,0.0
PHASE 3B,438,351200,348,2422.2453909263613,1992.6252928757276,2778.8931886773635,644.5887200526797,634.7682947172113,142.8610470195677,0.19571428571428573,0.24571428571428572,0.0
PHASE 3B,439,352000,352,2428.1303609919814,1992.6252928757276,2778.8931886773635,647.5245468030839,634.6039249603965,143.25023615357156,0.19571428571428573,0.24571428571428572,0.0
PHASE 3B,440,352800,352,2428.130360991981,1992.6252928757276,2778.8931886773635,647.5245468030839,634.6039249603965,143.25023615357156,0.19571428571428573,0.24571428571428572,0.0
PHASE 3B,441,353600,352,2428.130360991981,1992.6252928757276,2778.8931886773635,647.5245468030839,634.6039249603965,143.25023615357156,0.19571428571428573,0.24571428571428572,0.0
PHASE 3B,442,354400,352,2428.130360991981,1992.6252928757276,2778.8931886773635,647.5245468030839,634.6039249603965,143.25023615357156,0.19571428571428573,0.24571428571428572,0.0
PHASE 3B,443,355200,352,2428.130360991981,1992.6252928757276,2778.8931886773635,647.5245468030839,634.6039249603965,143.25023615357156,0.19571428571428573,0.24571428571428572,0.0
PHASE 3B,444,356000,356,2428.381525343735,1992.6252928757276,2778.8931886773635,649.2704758421409,633.6568921964742,143.18176966314905,0.19571428571428573,0.24571428571428572,0.0
PHASE 3B,445,356800,356,2428.381525343735,1992.6252928757276,2778.8931886773635,649.270475842141,633.656892196474,143.18176966314905,0.19571428571428573,0.24571428571428572,0.0
PHASE 3B,446,357600,356,2428.381525343735,1992.6252928757276,2778.8931886773635,649.270475842141,633.656892196474,143.18176966314905,0.19571428571428573,0.24571428571428572,0.0
PHASE 3B,447,358400,356,2428.381525343735,1992.6252928757276,2778.8931886773635,649.270475842141,633.656892196474,143.18176966314905,0.19571428571428573,0.24571428571428572,0.0
PHASE 3B,448,359200,356,2428.381525343735,1992.6252928757276,2778.8931886773635,649.270475842141,633.656892196474,143.18176966314905,0.19571428571428573,0.24571428571428572,0.0
PHASE 3B,449,360000,360,2425.6673573203707,1992.6252928757276,2778.8931886773635,645.1794556623493,634.6412628336964,143.2308298530497,0.19571428571428573,0.24571428571428572,0.0
PHASE 3B,450,360800,360,2425.6673573203707,1992.6252928757276,2778.8931886773635,645.1794556623493,634.6412628336965,143.2308298530497,0.19571428571428573,0.24571428571428572,0.0
PHASE 3B,451,361600,360,2425.6673573203707,1992.6252928757276,2778.8931886773635,645.1794556623493,634.6412628336965,143.2308298530497,0.19571428571428573,0.24571428571428572,0.0
PHASE 3B,452,362400,360,2425.6673573203707,1992.6252928757276,2778.8931886773635,645.1794556623493,634.6412628336965,143.2308298530497,0.19571428571428573,0.24571428571428572,0.0
PHASE 3B,453,363200,360,2425.6673573203707,1992.6252928757276,2778.8931886773635,645.1794556623493,634.6412628336965,143.2308298530497,0.19571428571428573,0.24571428571428572,0.0
PHASE 3B,454,364000,364,2421.5063704344507,1992.6252928757276,2778.8931886773635,643.4918443694686,635.1302445468909,142.8605351897705,0.19571428571428573,0.24571428571428572,0.0
PHASE 3B,455,364800,364,2421.5063704344507,1992.6252928757276,2778.8931886773635,643.4918443694686,635.1302445468908,142.8605351897705,0.19571428571428573,0.24571428571428572,0.0
PHASE 3B,456,365600,364,2421.5063704344507,1992.6252928757276,2778.8931886773635,643.4918443694686,635.1302445468908,142.8605351897705,0.19571428571428573,0.24571428571428572,0.0
PHASE 3B,457,366400,364,2421.5063704344507,1992.6252928757276,2778.8931886773635,643.4918443694686,635.1302445468908,142.8605351897705,0.19571428571428573,0.24571428571428572,0.0
PHASE 3B,458,367200,364,2421.5063704344507,1992.6252928757276,2778.8931886773635,643.4918443694686,635.1302445468908,142.8605351897705,0.19571428571428573,0.24571428571428572,0.0
PHASE 3B,459,368000,368,2417.225694041003,1992.6252928757276,2778.8931886773635,640.9571323201085,635.514184763627,142.59429711966771,0.19571428571428573,0.24571428571428572,0.0
PHASE 3B,460,368800,368,2417.2256940410034,1992.6252928757276,2778.8931886773635,640.9571323201084,635.5141847636269,142.59429711966771,0.19571428571428573,0.24571428571428572,0.0
PHASE 3B,461,369600,368,2417.2256940410034,1992.6252928757276,2778.8931886773635,640.9571323201084,635.5141847636269,142.59429711966771,0.19571428571428573,0.24571428571428572,0.0
PHASE 3B,462,370400,368,2417.2256940410034,1992.6252928757276,2778.8931886773635,640.9571323201084,635.5141847636269,142.59429711966771,0.19571428571428573,0.24571428571428572,0.0
PHASE 3B,463,371200,368,2417.2256940410034,1992.6252928757276,2778.8931886773635,640.9571323201084,635.5141847636269,142.59429711966771,0.19571428571428573,0.24571428571428572,0.0
PHASE 3B,464,372000,372,2420.633499247648,1992.6252928757276,2778.8931886773635,642.5447027488857,635.1056219193158,142.87289682243997,0.19571428571428573,0.24571428571428572,0.0
PHASE 3B,465,372800,372,2420.6334992476477,1992.6252928757276,2778.8931886773635,642.5447027488858,635.1056219193158,142.87289682243997,0.19571428571428573,0.24571428571428572,0.0
PHASE 3B,466,373600,372,2420.6334992476477,1992.6252928757276,2778.8931886773635,642.5447027488858,635.1056219193158,142.87289682243997,0.19571428571428573,0.24571428571428572,0.0
PHASE 3B,467,374400,372,2420.6334992476477,1992.6252928757276,2778.8931886773635,642.5447027488858,635.1056219193158,142.87289682243997,0.19571428571428573,0.24571428571428572,0.0
PHASE 3B,468,375200,372,2420.6334992476477,1992.6252928757276,2778.8931886773635,642.5447027488858,635.1056219193158,142.87289682243997,0.19571428571428573,0.24571428571428572,0.0
PHASE 3B,469,376000,376,2420.139867210646,1917.3588737801629,2778.8931886773635,645.0123999899492,632.6785548404594,142.80611404753893,0.19571428571428573,0.24571428571428572,0.0
PHASE 3B,470,376800,376,2420.1398672106457,1917.3588737801629,2778.8931886773635,645.0123999899492,632.6785548404594,142.80611404753893,0.19571428571428573,0.24571428571428572,0.0
PHASE 3B,471,377600,376,2420.1398672106457,1917.3588737801629,2778.8931886773635,645.0123999899492,632.6785548404594,142.80611404753893,0.19571428571428573,0.24571428571428572,0.0
PHASE 3B,472,378400,376,2420.1398672106457,1917.3588737801629,2778.8931886773635,645.0123999899492,632.6785548404594,142.80611404753893,0.19571428571428573,0.24571428571428572,0.0
PHASE 3B,473,379200,376,2420.1398672106457,1917.3588737801629,2778.8931886773635,645.0123999899492,632.6785548404594,142.80611404753893,0.19571428571428573,0.24571428571428572,0.0
PHASE 3B,474,380000,380,2429.3258073889133,1917.3588737801629,2868.9453501494863,642.8123255562409,640.6434088179662,143.23375912684764,0.19571428571428573,0.24571428571428572,0.0
PHASE 3B,475,380800,380,2429.3258073889133,1917.3588737801629,2868.9453501494863,642.8123255562408,640.6434088179662,143.23375912684764,0.19571428571428573,0.24571428571428572,0.0
PHASE 3B,476,381600,380,2429.3258073889133,1917.3588737801629,2868.9453501494863,642.8123255562408,640.6434088179662,143.23375912684764,0.19571428571428573,0.24571428571428572,0.0
PHASE 3B,477,382400,380,2429.3258073889133,1917.3588737801629,2868.9453501494863,642.8123255562408,640.6434088179662,143.23375912684764,0.19571428571428573,0.24571428571428572,0.0
PHASE 3B,478,383200,380,2429.3258073889133,1917.3588737801629,2868.9453501494863,642.8123255562408,640.6434088179662,143.23375912684764,0.19571428571428573,0.24571428571428572,0.0
PHASE 3B,479,384000,384,2425.0241142960717,1917.3588737801629,2868.9453501494863,641.5371210046881,640.4842439980288,142.875343661679,0.19571428571428573,0.24571428571428572,0.0
PHASE 3B,480,384800,384,2425.0241142960717,1917.3588737801629,2868.9453501494863,641.5371210046882,640.4842439980287,142.875343661679,0.19571428571428573,0.24571428571428572,0.0
PHASE 3B,481,385600,384,2425.0241142960717,1917.3588737801629,2868.9453501494863,641.5371210046882,640.4842439980287,142.875343661679,0.19571428571428573,0.24571428571428572,0.0
PHASE 3B,482,386400,384,2425.0241142960717,1917.3588737801629,2868.9453501494863,641.5371210046882,640.4842439980287,142.875343661679,0.19571428571428573,0.24571428571428572,0.0
PHASE 3B,483,387200,384,2425.0241142960717,1917.3588737801629,2868.9453501494863,641.5371210046882,640.4842439980287,142.875343661679,0.19571428571428573,0.24571428571428572,0.0
PHASE 3B,484,388000,388,2433.599198674082,1917.3588737801629,2868.9453501494863,640.6667997481183,645.421542605168,143.43885704010899,0.19571428571428573,0.24571428571428572,0.0
PHASE 3B,485,388800,388,2433.5991986740814,1917.3588737801629,2868.9453501494863,640.6667997481183,645.421542605168,143.43885704010899,0.19571428571428573,0.24571428571428572,0.0
PHASE 3B,486,389600,388,2433.5991986740814,1917.3588737801629,2868.9453501494863,640.6667997481183,645.421542605168,143.43885704010899,0.19571428571428573,0.24571428571428572,0.0
PHASE 3B,487,390400,388,2433.5991986740814,1917.3588737801629,2868.9453501494863,640.6667997481183,645.421542605168,143.43885704010899,0.19571428571428573,0.24571428571428572,0.0
PHASE 3B,488,391200,388,2433.5991986740814,1917.3588737801629,2868.9453501494863,640.6667997481183,645.421542605168,143.43885704010899,0.19571428571428573,0.24571428571428572,0.0
PHASE 3B,489,392000,392,2434.235106373675,1917.3588737801629,2868.9453501494863,643.5775843124793,643.9216243298487,143.34198721642812,0.19571428571428573,0.24571428571428572,0.0
PHASE 3B,490,392800,392,2434.235106373675,1917.3588737801629,2868.9453501494863,643.5775843124794,643.9216243298486,143.34198721642812,0.19571428571428573,0.24571428571428572,0.0
PHASE 3B,491,393600,392,2434.235106373675,1917.3588737801629,2868.9453501494863,643.5775843124794,643.9216243298486,143.34198721642812,0.19571428571428573,0.24571428571428572,0.0
PHASE 3B,492,394400,392,2434.235106373675,1917.3588737801629,2868.9453501494863,643.5775843124794,643.9216243298486,143.34198721642812,0.19571428571428573,0.24571428571428572,0.0
PHASE 3B,493,395200,392,2434.235106373675,1917.3588737801629,2868.9453501494863,643.5775843124794,643.9216243298486,143.34198721642812,0.19571428571428573,0.24571428571428572,0.0
PHASE 3B,494,396000,396,2439.723874303415,1917.3588737801629,2868.9453501494863,645.3790955107503,644.8008954343596,143.69298541979788,0.19571428571428573,0.24571428571428572,0.0
PHASE 3B,495,396800,396,2439.723874303415,1917.3588737801629,2868.9453501494863,645.3790955107502,644.8008954343597,143.69298541979788,0.19571428571428573,0.24571428571428572,0.0
PHASE 3B,496,397600,396,2439.723874303415,1917.3588737801629,2868.9453501494863,645.3790955107502,644.8008954343597,143.69298541979788,0.19571428571428573,0.24571428571428572,0.0
PHASE 3B,497,398400,396,2439.723874303415,1917.3588737801629,2868.9453501494863,645.3790955107502,644.8008954343597,143.69298541979788,0.19571428571428573,0.24571428571428572,0.0
PHASE 3B,498,399200,396,2439.723874303415,1917.3588737801629,2868.9453501494863,645.3790955107502,644.8008954343597,143.69298541979788,0.19571428571428573,0.24571428571428572,0.0
PHASE 3B,499,400000,400,2440.7632390648923,1917.3588737801629,2868.9453501494863,645.8035152636612,645.3862592510402,143.69668306878367,0.19571428571428573,0.24571428571428572,0.0
PHASE 3B,500,400800,400,2440.7632390648923,1917.3588737801629,2868.9453501494863,645.8035152636612,645.3862592510402,143.69668306878367,0.19571428571428573,0.24571428571428572,0.0
PHASE 3B,501,401600,400,2440.7632390648923,1917.3588737801629,2868.9453501494863,645.8035152636612,645.3862592510402,143.69668306878367,0.19571428571428573,0.24571428571428572,0.0
PHASE 3B,502,402400,400,2440.7632390648923,1917.3588737801629,2868.9453501494863,645.8035152636612,645.3862592510402,143.69668306878367,0.19571428571428573,0.24571428571428572,0.0
PHASE 3B,503,403200,400,2440.7632390648923,1917.3588737801629,2868.9453501494863,645.8035152636612,645.3862592510402,143.69668306878367,0.19571428571428573,0.24571428571428572,0.0
PHASE 3B,504,404000,404,2443.315881138082,1917.3588737801629,2868.9453501494863,647.3670671393279,645.5160784134106,143.8040919481778,0.19571428571428573,0.24571428571428572,0.0
PHASE 3B,505,404800,404,2443.3158811380817,1917.3588737801629,2868.9453501494863,647.3670671393279,645.5160784134106,143.8040919481778,0.19571428571428573,0.24571428571428572,0.0
PHASE 3B,506,405600,404,2443.3158811380817,1917.3588737801629,2868.9453501494863,647.3670671393279,645.5160784134106,143.8040919481778,0.19571428571428573,0.24571428571428572,0.0
PHASE 3B,507,406400,404,2443.3158811380817,1917.3588737801629,2868.9453501494863,647.3670671393279,645.5160784134106,143.8040919481778,0.19571428571428573,0.24571428571428572,0.0
PHASE 3B,508,407200,404,2443.3158811380817,1917.3588737801629,2868.9453501494863,647.3670671393279,645.5160784134106,143.8040919481778,0.19571428571428573,0.24571428571428572,0.0
PHASE 3B,509,408000,408,2452.3629702640437,1917.3588737801629,2868.9453501494863,649.2112090540779,648.1835996383536,144.37102019646127,0.19571428571428573,0.24571428571428572,0.0
PHASE 3B,510,408800,408,2452.3629702640437,1917.3588737801629,2868.9453501494863,649.2112090540779,648.1835996383536,144.3710201964613,0.19571428571428573,0.24571428571428572,0.0
PHASE 3B,511,409600,408,2452.3629702640437,1917.3588737801629,2868.9453501494863,649.2112090540779,648.1835996383536,144.3710201964613,0.19571428571428573,0.24571428571428572,0.0
PHASE 3B,512,410400,408,2452.3629702640437,1917.3588737801629,2868.9453501494863,649.2112090540779,648.1835996383536,144.3710201964613,0.19571428571428573,0.24571428571428572,0.0
PHASE 3B,513,411200,408,2452.3629702640437,1917.3588737801629,2868.9453501494863,649.2112090540779,648.1835996383536,144.3710201964613,0.19571428571428573,0.24571428571428572,0.0
PHASE 3B,514,412000,412,2460.536794726101,1917.3588737801629,2868.9453501494863,652.6990800622798,649.4554966791708,144.79777724809117,0.19571428571428573,0.24571428571428572,0.0
PHASE 3B,515,412800,412,2460.536794726101,1917.3588737801629,2868.9453501494863,652.6990800622798,649.4554966791708,144.79777724809117,0.19571428571428573,0.24571428571428572,0.0
PHASE 3B,516,413600,412,2460.536794726101,1917.3588737801629,2868.9453501494863,652.6990800622798,649.4554966791708,144.79777724809117,0.19571428571428573,0.24571428571428572,0.0
PHASE 3B,517,414400,412,2460.536794726101,1917.3588737801629,2868.9453501494863,652.6990800622798,649.4554966791708,144.79777724809117,0.19571428571428573,0.24571428571428572,0.0
PHASE 3B,518,415200,412,2460.536794726101,1917.3588737801629,2868.9453501494863,652.6990800622798,649.4554966791708,144.79777724809117,0.19571428571428573,0.24571428571428572,0.0
PHASE 3B,519,416000,416,2464.327882087443,1917.3588737801629,2868.9453501494863,653.7861083537103,650.0407831130874,145.06262382759047,0.19571428571428573,0.24571428571428572,0.0
PHASE 3B,520,416800,416,2464.327882087443,1917.3588737801629,2868.9453501494863,653.7861083537102,650.0407831130874,145.06262382759047,0.19571428571428573,0.24571428571428572,0.0
PHASE 3B,521,417600,416,2464.327882087443,1917.3588737801629,2868.9453501494863,653.7861083537102,650.0407831130874,145.06262382759047,0.19571428571428573,0.24571428571428572,0.0
PHASE 3B,522,418400,416,2464.327882087443,1917.3588737801629,2868.9453501494863,653.7861083537102,650.0407831130874,145.06262382759047,0.19571428571428573,0.24571428571428572,0.0
PHASE 3B,523,419200,416,2464.327882087443,1917.3588737801629,2868.9453501494863,653.7861083537102,650.0407831130874,145.06262382759047,0.19571428571428573,0.24571428571428572,0.0
PHASE 3B,524,420000,420,2465.6687090606765,1917.3588737801629,2868.9453501494863,656.27703500309,648.0193608769681,145.17153914758717,0.19571428571428573,0.24571428571428572,0.0
PHASE 3B,525,420800,420,2465.6687090606765,1917.3588737801629,2868.9453501494863,656.27703500309,648.019360876968,145.1715391475872,0.19571428571428573,0.24571428571428572,0.0
PHASE 3B,526,421600,420,2465.6687090606765,1917.3588737801629,2868.9453501494863,656.27703500309,648.019360876968,145.1715391475872,0.19571428571428573,0.24571428571428572,0.0
PHASE 3B,527,422400,420,2465.6687090606765,1917.3588737801629,2868.9453501494863,656.27703500309,648.019360876968,145.1715391475872,0.19571428571428573,0.24571428571428572,0.0
PHASE 3B,528,423200,420,2465.6687090606765,1917.3588737801629,2868.9453501494863,656.27703500309,648.019360876968,145.1715391475872,0.19571428571428573,0.24571428571428572,0.0
PHASE 3B,529,424000,424,2463.975572264501,1917.3588737801629,2868.9453501494863,657.8428084169418,646.0734867674217,145.00740963502705,0.19571428571428573,0.24571428571428572,0.0
PHASE 3B,530,424800,424,2463.9755722645,1917.3588737801629,2868.9453501494863,657.8428084169418,646.0734867674217,145.00740963502705,0.19571428571428573,0.24571428571428572,0.0
PHASE 3B,531,425600,424,2463.9755722645,1917.3588737801629,2868.9453501494863,657.8428084169418,646.0734867674217,145.00740963502705,0.19571428571428573,0.24571428571428572,0.0
PHASE 3B,532,426400,424,2463.9755722645,1917.3588737801629,2868.9453501494863,657.8428084169418,646.0734867674217,145.00740963502705,0.19571428571428573,0.24571428571428572,0.0
PHASE 3B,533,427200,424,2463.9755722645,1917.3588737801629,2868.9453501494863,657.8428084169418,646.0734867674217,145.00740963502705,0.19571428571428573,0.24571428571428572,0.0
PHASE 3B,534,428000,428,2464.1681995527383,1917.3588737801629,2868.9453501494863,655.4234091898367,644.8694217333901,145.4844210786989,0.19571428571428573,0.24571428571428572,0.0
PHASE 3B,535,428800,428,2464.1681995527383,1917.3588737801629,2868.9453501494863,655.4234091898368,644.8694217333901,145.4844210786989,0.19571428571428573,0.24571428571428572,0.0
PHASE 3B,536,429600,428,2464.1681995527383,1917.3588737801629,2868.9453501494863,655.4234091898368,644.8694217333901,145.4844210786989,0.19571428571428573,0.24571428571428572,0.0
PHASE 3B,537,430400,428,2464.1681995527383,1917.3588737801629,2868.9453501494863,655.4234091898368,644.8694217333901,145.4844210786989,0.19571428571428573,0.24571428571428572,0.0
PHASE 3B,538,431200,428,2464.1681995527383,1917.3588737801629,2868.9453501494863,655.4234091898368,644.8694217333901,145.4844210786989,0.19571428571428573,0.24571428571428572,0.0
PHASE 3B,539,432000,432,2466.8995636777477,1917.3588737801629,2868.9453501494863,653.1278474520395,647.6707382191097,145.7626222508347,0.19571428571428573,0.24571428571428572,0.0
PHASE 3B,540,432800,432,2466.8995636777477,1917.3588737801629,2868.9453501494863,653.1278474520394,647.6707382191097,145.7626222508347,0.19571428571428573,0.24571428571428572,0.0
PHASE 3B,541,433600,432,2466.8995636777477,1917.3588737801629,2868.9453501494863,653.1278474520394,647.6707382191097,145.7626222508347,0.19571428571428573,0.24571428571428572,0.0
PHASE 3B,542,434400,432,2466.8995636777477,1917.3588737801629,2868.9453501494863,653.1278474520394,647.6707382191097,145.7626222508347,0.19571428571428573,0.24571428571428572,0.0
PHASE 3B,543,435200,432,2466.8995636777477,1917.3588737801629,2868.9453501494863,653.1278474520394,647.6707382191097,145.7626222508347,0.19571428571428573,0.24571428571428572,0.0
PHASE 3B,544,436000,436,2471.1918671580315,1826.7723894145151,2868.9453501494863,651.5484359601166,648.608249152582,146.37939775567637,0.19571428571428573,0.24571428571428572,0.0
PHASE 3B,545,436800,436,2471.1918671580315,1826.7723894145151,2868.9453501494863,651.5484359601166,648.608249152582,146.37939775567637,0.19571428571428573,0.24571428571428572,0.0
PHASE 3B,546,437600,436,2471.1918671580315,1826.7723894145151,2868.9453501494863,651.5484359601166,648.608249152582,146.37939775567637,0.19571428571428573,0.24571428571428572,0.0
PHASE 3B,547,438400,436,2471.1918671580315,1826.7723894145151,2868.9453501494863,651.5484359601166,648.608249152582,146.37939775567637,0.19571428571428573,0.24571428571428572,0.0
PHASE 3B,548,439200,436,2471.1918671580315,1826.7723894145151,2868.9453501494863,651.5484359601166,648.608249152582,146.37939775567637,0.19571428571428573,0.24571428571428572,0.0
PHASE 3B,549,440000,440,2470.6363877373165,1826.7723894145151,2868.9453501494863,650.399095557537,649.247715796945,146.37369704786389,0.19571428571428573,0.24571428571428572,0.0
PHASE 3B,550,440800,440,2470.636387737316,1826.7723894145151,2868.9453501494863,650.399095557537,649.2477157969449,146.37369704786389,0.19571428571428573,0.24571428571428572,0.0
PHASE 3B,551,441600,440,2470.636387737316,1826.7723894145151,2868.9453501494863,650.399095557537,649.2477157969449,146.37369704786389,0.19571428571428573,0.24571428571428572,0.0
PHASE 3B,552,442400,440,2470.636387737316,1826.7723894145151,2868.9453501494863,650.399095557537,649.2477157969449,146.37369704786389,0.19571428571428573,0.24571428571428572,0.0
PHASE 3B,553,443200,440,2470.636387737316,1826.7723894145151,2868.9453501494863,650.399095557537,649.2477157969449,146.37369704786389,0.19571428571428573,0.24571428571428572,0.0
PHASE 3B,554,444000,444,2474.5010114489637,1826.7723894145151,2868.9453501494863,653.9669521044948,647.0596779440061,146.68429767506746,0.19571428571428573,0.24571428571428572,0.0
PHASE 3B,555,444800,444,2474.5010114489637,1826.7723894145151,2868.9453501494863,653.9669521044949,647.0596779440061,146.68429767506748,0.19571428571428573,0.24571428571428572,0.0
PHASE 3B,556,445600,444,2474.5010114489637,1826.7723894145151,2868.9453501494863,653.9669521044949,647.0596779440061,146.68429767506748,0.19571428571428573,0.24571428571428572,0.0
PHASE 3B,557,446400,444,2474.5010114489637,1826.7723894145151,2868.9453501494863,653.9669521044949,647.0596779440061,146.68429767506748,0.19571428571428573,0.24571428571428572,0.0
PHASE 3B,558,447200,444,2474.5010114489637,1826.7723894145151,2868.9453501494863,653.9669521044949,647.0596779440061,146.68429767506748,0.19571428571428573,0.24571428571428572,0.0
PHASE 3B,559,448000,448,2484.6018149421056,1826.7723894145151,2890.9546501956925,657.5069917248185,648.5488042511589,147.3182523707757,0.19571428571428573,0.24571428571428572,0.0
PHASE 3B,560,448800,448,2484.6018149421056,1826.7723894145151,2890.9546501956925,657.5069917248185,648.548804251159,147.3182523707757,0.19571428571428573,0.24571428571428572,0.0
PHASE 3B,561,449600,448,2484.6018149421056,1826.7723894145151,2890.9546501956925,657.5069917248185,648.548804251159,147.3182523707757,0.19571428571428573,0.24571428571428572,0.0
PHASE 3B,562,450400,448,2484.6018149421056,1826.7723894145151,2890.9546501956925,657.5069917248185,648.548804251159,147.3182523707757,0.19571428571428573,0.24571428571428572,0.0
PHASE 3B,563,451200,448,2484.6018149421056,1826.7723894145151,2890.9546501956925,657.5069917248185,648.548804251159,147.3182523707757,0.19571428571428573,0.24571428571428572,0.0
PHASE 3B,564,452000,452,2482.8551871842224,1826.7723894145151,2890.9546501956925,657.026970080758,648.546786921591,147.16017877274382,0.19571428571428573,0.24571428571428572,0.0
PHASE 3B,565,452800,452,2482.8551871842224,1826.7723894145151,2890.9546501956925,657.0269700807581,648.5467869215909,147.1601787727438,0.19571428571428573,0.24571428571428572,0.0
PHASE 3B,566,453600,452,2482.8551871842224,1826.7723894145151,2890.9546501956925,657.0269700807581,648.5467869215909,147.1601787727438,0.19571428571428573,0.24571428571428572,0.0
PHASE 3B,567,454400,452,2482.8551871842224,1826.7723894145151,2890.9546501956925,657.0269700807581,648.5467869215909,147.1601787727438,0.19571428571428573,0.24571428571428572,0.0
PHASE 3B,568,455200,452,2482.8551871842224,1826.7723894145151,2890.9546501956925,657.0269700807581,648.5467869215909,147.1601787727438,0.19571428571428573,0.24571428571428572,0.0
PHASE 3B,569,456000,456,2492.1254441371207,1826.7723894145151,2890.9546501956925,655.9068681480206,654.4995603816844,147.7148769509365,0.19571428571428573,0.24571428571428572,0.0
PHASE 3B,570,456800,456,2492.125444137121,1826.7723894145151,2890.9546501956925,655.9068681480206,654.4995603816844,147.7148769509365,0.19571428571428573,0.24571428571428572,0.0
PHASE 3B,571,457600,456,2492.125444137121,1826.7723894145151,2890.9546501956925,655.9068681480206,654.4995603816844,147.7148769509365,0.19571428571428573,0.24571428571428572,0.0
PHASE 3B,572,458400,456,2492.125444137121,1826.7723894145151,2890.9546501956925,655.9068681480206,654.4995603816844,147.7148769509365,0.19571428571428573,0.24571428571428572,0.0
PHASE 3B,573,459200,456,2492.125444137121,1826.7723894145151,2890.9546501956925,655.9068681480206,654.4995603816844,147.7148769509365,0.19571428571428573,0.24571428571428572,0.0
PHASE 3B,574,460000,460,2499.600545837111,1826.7723894145151,2890.9546501956925,657.3418018708012,659.0347540308996,147.90299874193582,0.19571428571428573,0.24571428571428572,0.0
PHASE 3B,575,460800,460,2499.600545837111,1826.7723894145151,2890.9546501956925,657.3418018708012,659.0347540308998,147.90299874193582,0.19571428571428573,0.24571428571428572,0.0
PHASE 3B,576,461600,460,2499.600545837111,1826.7723894145151,2890.9546501956925,657.3418018708012,659.0347540308998,147.90299874193582,0.19571428571428573,0.24571428571428572,0.0
PHASE 3B,577,462400,460,2499.600545837111,1826.7723894145151,2890.9546501956925,657.3418018708012,659.0347540308998,147.90299874193582,0.19571428571428573,0.24571428571428572,0.0
PHASE 3B,578,463200,460,2499.600545837111,1826.7723894145151,2890.9546501956925,657.3418018708012,659.0347540308998,147.90299874193582,0.19571428571428573,0.24571428571428572,0.0
PHASE 3B,579,464000,464,2506.69020800813,1826.7723894145151,2890.9546501956925,661.5386981882705,658.014937772004,148.39207150599157,0.19571428571428573,0.24571428571428572,0.0
PHASE 3B,580,464800,464,2506.69020800813,1826.7723894145151,2890.9546501956925,661.5386981882707,658.0149377720039,148.39207150599157,0.19571428571428573,0.24571428571428572,0.0
PHASE 3B,581,465600,464,2506.69020800813,1826.7723894145151,2890.9546501956925,661.5386981882707,658.0149377720039,148.39207150599157,0.19571428571428573,0.24571428571428572,0.0
PHASE 3B,582,466400,464,2506.69020800813,1826.7723894145151,2890.9546501956925,661.5386981882707,658.0149377720039,148.39207150599157,0.19571428571428573,0.24571428571428572,0.0
PHASE 3B,583,467200,464,2506.69020800813,1826.7723894145151,2890.9546501956925,661.5386981882707,658.0149377720039,148.39207150599157,0.19571428571428573,0.24571428571428572,0.0
PHASE 3B,584,468000,468,2506.838440833242,1826.7723894145151,2890.9546501956925,664.5990680450984,654.0185247521335,148.52760600451083,0.19571428571428573,0.24571428571428572,0.0
PHASE 3B,585,468800,468,2506.838440833242,1826.7723894145151,2890.9546501956925,664.5990680450984,654.0185247521335,148.52760600451083,0.19571428571428573,0.24571428571428572,0.0
PHASE 3B,586,469600,468,2506.838440833242,1826.7723894145151,2890.9546501956925,664.5990680450984,654.0185247521335,148.52760600451083,0.19571428571428573,0.24571428571428572,0.0
PHASE 3B,587,470400,468,2506.838440833242,1826.7723894145151,2890.9546501956925,664.5990680450984,654.0185247521335,148.52760600451083,0.19571428571428573,0.24571428571428572,0.0
PHASE 3B,588,471200,468,2506.838440833242,1826.7723894145151,2890.9546501956925,664.5990680450984,654.0185247521335,148.52760600451083,0.19571428571428573,0.24571428571428572,0.0
PHASE 3B,589,472000,472,2500.753931302034,1826.7723894145151,2890.9546501956925,661.2760535525964,652.2250890375585,148.40659858899454,0.19571428571428573,0.24571428571428572,0.0
PHASE 3B,590,472800,472,2500.7539313020343,1826.7723894145151,2890.9546501956925,661.2760535525965,652.2250890375585,148.40659858899454,0.19571428571428573,0.24571428571428572,0.0
PHASE 3B,591,473600,472,2500.7539313020343,1826.7723894145151,2890.9546501956925,661.2760535525965,652.2250890375585,148.40659858899454,0.19571428571428573,0.24571428571428572,0.0
PHASE 3B,592,474400,472,2500.7539313020343,1826.7723894145151,2890.9546501956925,661.2760535525965,652.2250890375585,148.40659858899454,0.19571428571428573,0.24571428571428572,0.0
PHASE 3B,593,475200,472,2500.7539313020343,1826.7723894145151,2890.9546501956925,661.2760535525965,652.2250890375585,148.40659858899454,0.19571428571428573,0.24571428571428572,0.0
PHASE 3B,594,476000,476,2503.9471834998867,1826.7723894145151,2890.9546501956925,658.5072926293764,656.2983760436459,148.64268935336764,0.19571428571428573,0.24571428571428572,0.0
PHASE 3B,595,476800,476,2503.9471834998867,1826.7723894145151,2890.9546501956925,658.5072926293761,656.2983760436463,148.64268935336764,0.19571428571428573,0.24571428571428572,0.0
PHASE 3B,596,477600,476,2503.9471834998867,1826.7723894145151,2890.9546501956925,658.5072926293761,656.2983760436463,148.64268935336764,0.19571428571428573,0.24571428571428572,0.0
PHASE 3B,597,478400,476,2503.9471834998867,1826.7723894145151,2890.9546501956925,658.5072926293761,656.2983760436463,148.64268935336764,0.19571428571428573,0.24571428571428572,0.0
PHASE 3B,598,479200,476,2503.9471834998867,1826.7723894145151,2890.9546501956925,658.5072926293761,656.2983760436463,148.64268935336764,0.19571428571428573,0.24571428571428572,0.0
PHASE 3B,599,480000,480,2499.1873348117383,1826.7723894145151,2890.9546501956925,659.8150071818412,651.4860436669454,148.48578549537856,0.19571428571428573,0.24571428571428572,0.0
PHASE 3B,600,480800,480,2499.1873348117383,1826.7723894145151,2890.9546501956925,659.8150071818411,651.4860436669454,148.4857854953786,0.19571428571428573,0.24571428571428572,0.0
PHASE 3B,601,481600,480,2499.1873348117383,1826.7723894145151,2890.9546501956925,659.8150071818411,651.4860436669454,148.4857854953786,0.19571428571428573,0.24571428571428572,0.0
PHASE 3B,602,482400,480,2499.1873348117383,1826.7723894145151,2890.9546501956925,659.8150071818411,651.4860436669454,148.4857854953786,0.19571428571428573,0.24571428571428572,0.0
PHASE 3B,603,483200,480,2499.1873348117383,1826.7723894145151,2890.9546501956925,659.8150071818411,651.4860436669454,148.4857854953786,0.19571428571428573,0.24571428571428572,0.0
PHASE 3B,604,484000,484,2498.4777475193932,1826.7723894145151,2890.9546501956925,659.6415432849946,650.5244642056398,148.53896750360437,0.19571428571428573,0.24571428571428572,0.0
PHASE 3B,605,484800,484,2498.4777475193932,1826.7723894145151,2890.9546501956925,659.6415432849946,650.5244642056398,148.53896750360437,0.19571428571428573,0.24571428571428572,0.0
PHASE 3B,606,485600,484,2498.4777475193932,1826.7723894145151,2890.9546501956925,659.6415432849946,650.5244642056398,148.53896750360437,0.19571428571428573,0.24571428571428572,0.0
PHASE 3B,607,486400,484,2498.4777475193932,1826.7723894145151,2890.9546501956925,659.6415432849946,650.5244642056398,148.53896750360437,0.19571428571428573,0.24571428571428572,0.0
PHASE 3B,608,487200,484,2498.4777475193932,1826.7723894145151,2890.9546501956925,659.6415432849946,650.5244642056398,148.53896750360437,0.19571428571428573,0.24571428571428572,0.0
PHASE 3B,609,488000,488,2499.1697073151013,1826.7723894145151,2890.9546501956925,661.826740634152,649.5893249679314,148.46920521413682,0.19571428571428573,0.24571428571428572,0.0
PHASE 3B,610,488800,488,2499.1697073151013,1826.7723894145151,2890.9546501956925,661.826740634152,649.5893249679316,148.46920521413682,0.19571428571428573,0.24571428571428572,0.0
PHASE 3B,611,489600,488,2499.1697073151013,1826.7723894145151,2890.9546501956925,661.826740634152,649.5893249679316,148.46920521413682,0.19571428571428573,0.24571428571428572,0.0
PHASE 3B,612,490400,488,2499.1697073151013,1826.7723894145151,2890.9546501956925,661.826740634152,649.5893249679316,148.46920521413682,0.19571428571428573,0.24571428571428572,0.0
PHASE 3B,613,491200,488,2499.1697073151013,1826.7723894145151,2890.9546501956925,661.826740634152,649.5893249679316,148.46920521413682,0.19571428571428573,0.24571428571428572,0.0
PHASE 3B,614,492000,492,2495.888752277469,1826.7723894145151,2890.9546501956925,661.026857575402,646.9252553511584,148.49207991887315,0.19571428571428573,0.24571428571428572,0.0
PHASE 3B,615,492800,492,2495.888752277469,1826.7723894145151,2890.9546501956925,661.026857575402,646.9252553511583,148.49207991887315,0.19571428571428573,0.24571428571428572,0.0
PHASE 3B,616,493600,492,2495.888752277469,1826.7723894145151,2890.9546501956925,661.026857575402,646.9252553511583,148.49207991887315,0.19571428571428573,0.24571428571428572,0.0
PHASE 3B,617,494400,492,2495.888752277469,1826.7723894145151,2890.9546501956925,661.026857575402,646.9252553511583,148.49207991887315,0.19571428571428573,0.24571428571428572,0.0
PHASE 3B,618,495200,492,2495.888752277469,1826.7723894145151,2890.9546501956925,661.026857575402,646.9252553511583,148.49207991887315,0.19571428571428573,0.24571428571428572,0.0
PHASE 3B,619,496000,496,2496.9174249831553,1826.7723894145151,2890.9546501956925,662.1625722877881,644.7253220585453,148.7536913296123,0.19571428571428573,0.24571428571428572,0.0
PHASE 3B,620,496800,496,2496.9174249831553,1826.7723894145151,2890.9546501956925,662.1625722877881,644.7253220585453,148.7536913296123,0.19571428571428573,0.24571428571428572,0.0
PHASE 3B,621,497600,496,2496.9174249831553,1826.7723894145151,2890.9546501956925,662.1625722877881,644.7253220585453,148.7536913296123,0.19571428571428573,0.24571428571428572,0.0
PHASE 3B,622,498400,496,2496.9174249831553,1826.7723894145151,2890.9546501956925,662.1625722877881,644.7253220585453,148.7536913296123,0.19571428571428573,0.24571428571428572,0.0
PHASE 3B,623,499200,496,2496.9174249831553,1826.7723894145151,2890.9546501956925,662.1625722877881,644.7253220585453,148.7536913296123,0.19571428571428573,0.24571428571428572,0.0
PHASE 3B,624,500000,500,2502.5409156823343,1826.7723894145151,2890.9546501956925,661.2750929740075,647.0112077657444,149.28182686783222,0.19571428571428573,0.24571428571428572,0.0
PHASE 3B,625,500800,500,2502.5409156823343,1826.7723894145151,2890.9546501956925,661.2750929740075,647.0112077657445,149.28182686783225,0.19571428571428573,0.24571428571428572,0.0
PHASE 3B,626,501600,500,2502.5409156823343,1826.7723894145151,2890.9546501956925,661.2750929740075,647.0112077657445,149.28182686783225,0.19571428571428573,0.24571428571428572,0.0
PHASE 3B,627,502400,500,2502.5409156823343,1826.7723894145151,2890.9546501956925,661.2750929740075,647.0112077657445,149.28182686783225,0.19571428571428573,0.24571428571428572,0.0
PHASE 3B,628,503200,500,2502.5409156823343,1826.7723894145151,2890.9546501956925,661.2750929740075,647.0112077657445,149.28182686783225,0.19571428571428573,0.24571428571428572,0.0
PHASE 3B,629,504000,504,2503.77107539204,1826.7723894145151,2912.7804685830947,655.4536500329909,650.6304660905818,149.71086990856787,0.19571428571428573,0.24571428571428572,0.0
PHASE 3B,630,504800,504,2503.77107539204,1826.7723894145151,2912.7804685830947,655.4536500329908,650.6304660905818,149.71086990856787,0.19571428571428573,0.24571428571428572,0.0
PHASE 3B,631,505600,504,2503.77107539204,1826.7723894145151,2912.7804685830947,655.4536500329908,650.6304660905818,149.71086990856787,0.19571428571428573,0.24571428571428572,0.0
PHASE 3B,632,506400,504,2503.77107539204,1826.7723894145151,2912.7804685830947,655.4536500329908,650.6304660905818,149.71086990856787,0.19571428571428573,0.24571428571428572,0.0
PHASE 3B,633,507200,504,2503.77107539204,1826.7723894145151,2912.7804685830947,655.4536500329908,650.6304660905818,149.71086990856787,0.19571428571428573,0.24571428571428572,0.0
PHASE 3B,634,508000,508,2501.429892588986,1826.7723894145151,2912.7804685830947,651.3652424516854,652.9954052849234,149.6336556065567,0.19571428571428573,0.24571428571428572,0.0
PHASE 3B,635,508800,508,2501.4298925889857,1826.7723894145151,2912.7804685830947,651.3652424516854,652.9954052849233,149.6336556065567,0.19571428571428573,0.24571428571428572,0.0
PHASE 3B,636,509600,508,2501.4298925889857,1826.7723894145151,2912.7804685830947,651.3652424516854,652.9954052849233,149.6336556065567,0.19571428571428573,0.24571428571428572,0.0
PHASE 3B,637,510400,508,2501.4298925889857,1826.7723894145151,2912.7804685830947,651.3652424516854,652.9954052849233,149.6336556065567,0.19571428571428573,0.24571428571428572,0.0
PHASE 3B,638,511200,508,2501.4298925889857,1826.7723894145151,2912.7804685830947,651.3652424516854,652.9954052849233,149.6336556065567,0.19571428571428573,0.24571428571428572,0.0
PHASE 3B,639,512000,512,2507.8857530404102,1826.7723894145151,2912.7804685830947,656.1443420722826,651.4509723206387,150.0363048309455,0.19571428571428573,0.24571428571428572,0.0
PHASE 3B,640,512800,512,2507.8857530404102,1826.7723894145151,2912.7804685830947,656.1443420722826,651.4509723206386,150.0363048309455,0.19571428571428573,0.24571428571428572,0.0
PHASE 3B,641,513600,512,2507.8857530404102,1826.7723894145151,2912.7804685830947,656.1443420722826,651.4509723206386,150.0363048309455,0.19571428571428573,0.24571428571428572,0.0
PHASE 3B,642,514400,512,2507.8857530404102,1826.7723894145151,2912.7804685830947,656.1443420722826,651.4509723206386,150.0363048309455,0.19571428571428573,0.24571428571428572,0.0
PHASE 3B,643,515200,512,2507.8857530404102,1826.7723894145151,2912.7804685830947,656.1443420722826,651.4509723206386,150.0363048309455,0.19571428571428573,0.24571428571428572,0.0
PHASE 3B,644,516000,516,2513.4610466037393,1826.7723894145151,2912.7804685830947,656.7663111650836,654.1020682328192,150.32408340073897,0.19571428571428573,0.24571428571428572,0.0
PHASE 3B,645,516800,516,2513.4610466037393,1826.7723894145151,2912.7804685830947,656.7663111650835,654.1020682328192,150.32408340073897,0.19571428571428573,0.24571428571428572,0.0
PHASE 3B,646,517600,516,2513.4610466037393,1826.7723894145151,2912.7804685830947,656.7663111650835,654.1020682328192,150.32408340073897,0.19571428571428573,0.24571428571428572,0.0
PHASE 3B,647,518400,516,2513.4610466037393,1826.7723894145151,2912.7804685830947,656.7663111650835,654.1020682328192,150.32408340073897,0.19571428571428573,0.24571428571428572,0.0
PHASE 3B,648,519200,516,2513.4610466037393,1826.7723894145151,2912.7804685830947,656.7663111650835,654.1020682328192,150.32408340073897,0.19571428571428573,0.24571428571428572,0.0
PHASE 3B,649,520000,520,2516.3844097194087,1826.7723894145151,2912.7804685830947,654.6967776422853,659.7643108810414,150.2404151495197,0.19571428571428573,0.24571428571428572,0.0
PHASE 3B,650,520800,520,2516.3844097194083,1826.7723894145151,2912.7804685830947,654.6967776422853,659.7643108810414,150.2404151495197,0.19571428571428573,0.24571428571428572,0.0
PHASE 3B,651,521600,520,2516.3844097194083,1826.7723894145151,2912.7804685830947,654.6967776422853,659.7643108810414,150.2404151495197,0.19571428571428573,0.24571428571428572,0.0
PHASE 3B,652,522400,520,2516.3844097194083,1826.7723894145151,2912.7804685830947,654.6967776422853,659.7643108810414,150.2404151495197,0.19571428571428573,0.24571428571428572,0.0
PHASE 3B,653,523200,520,2516.3844097194083,1826.7723894145151,2912.7804685830947,654.6967776422853,659.7643108810414,150.2404151495197,0.19571428571428573,0.24571428571428572,0.0
PHASE 3B,654,524000,524,2513.3794102584397,1826.7723894145151,2912.7804685830947,652.8296755057092,655.7365596263423,150.60164689080798,0.19571428571428573,0.24571428571428572,0.0
PHASE 3B,655,524800,524,2513.37941025844,1826.7723894145151,2912.7804685830947,652.8296755057091,655.7365596263423,150.601646890808,0.19571428571428573,0.24571428571428572,0.0
PHASE 3B,656,525600,524,2513.37941025844,1826.7723894145151,2912.7804685830947,652.8296755057091,655.7365596263423,150.601646890808,0.19571428571428573,0.24571428571428572,0.0
PHASE 3B,657,526400,524,2513.37941025844,1826.7723894145151,2912.7804685830947,652.8296755057091,655.7365596263423,150.601646890808,0.19571428571428573,0.24571428571428572,0.0
PHASE 3B,658,527200,524,2513.37941025844,1826.7723894145151,2912.7804685830947,652.8296755057091,655.7365596263423,150.601646890808,0.19571428571428573,0.24571428571428572,0.0
PHASE 3B,659,528000,528,2513.475071047272,1826.7723894145151,2912.7804685830947,656.0992355236954,653.8892409865044,150.43582431714353,0.19571428571428573,0.24571428571428572,0.0
PHASE 3B,660,528800,528,2513.475071047272,1826.7723894145151,2912.7804685830947,656.0992355236953,653.8892409865043,150.4358243171435,0.19571428571428573,0.24571428571428572,0.0
PHASE 3B,661,529600,528,2513.475071047272,1826.7723894145151,2912.7804685830947,656.0992355236953,653.8892409865043,150.4358243171435,0.19571428571428573,0.24571428571428572,0.0
PHASE 3B,662,530400,528,2513.475071047272,1826.7723894145151,2912.7804685830947,656.0992355236953,653.8892409865043,150.4358243171435,0.19571428571428573,0.24571428571428572,0.0
PHASE 3B,663,531200,528,2513.475071047272,1826.7723894145151,2912.7804685830947,656.0992355236953,653.8892409865043,150.4358243171435,0.19571428571428573,0.24571428571428572,0.0
PHASE 3B,664,532000,532,2499.6866153332,1826.7723894145151,2912.7804685830947,656.3261592327633,647.9263603810067,149.42926196493838,0.19571428571428573,0.24571428571428572,0.0
PHASE 3B,665,532800,532,2499.6866153332,1826.7723894145151,2912.7804685830947,656.3261592327633,647.9263603810065,149.42926196493835,0.19571428571428573,0.24571428571428572,0.0
PHASE 3B,666,533600,532,2499.6866153332,1826.7723894145151,2912.7804685830947,656.3261592327633,647.9263603810065,149.42926196493835,0.19571428571428573,0.24571428571428572,0.0
PHASE 3B,667,534400,532,2499.6866153332,1826.7723894145151,2912.7804685830947,656.3261592327633,647.9263603810065,149.42926196493835,0.19571428571428573,0.24571428571428572,0.0
PHASE 3B,668,535200,532,2499.6866153332,1826.7723894145151,2912.7804685830947,656.3261592327633,647.9263603810065,149.42926196493835,0.19571428571428573,0.24571428571428572,0.0
PHASE 3B,669,536000,536,2502.743542964346,1840.3008846464995,2912.7804685830947,655.2643927514589,653.5674560986824,149.23896176428534,0.19571428571428573,0.24571428571428572,0.0
PHASE 3B,670,536800,536,2502.7435429643465,1840.3008846464995,2912.7804685830947,655.2643927514589,653.5674560986826,149.23896176428534,0.19571428571428573,0.24571428571428572,0.0
PHASE 3B,671,537600,536,2502.7435429643465,1840.3008846464995,2912.7804685830947,655.2643927514589,653.5674560986826,149.23896176428534,0.19571428571428573,0.24571428571428572,0.0
PHASE 3B,672,538400,536,2502.7435429643465,1840.3008846464995,2912.7804685830947,655.2643927514589,653.5674560986826,149.23896176428534,0.19571428571428573,0.24571428571428572,0.0
PHASE 3B,673,539200,536,2502.7435429643465,1840.3008846464995,2912.7804685830947,655.2643927514589,653.5674560986826,149.23896176428534,0.19571428571428573,0.24571428571428572,0.0
PHASE 3B,674,540000,540,2509.2529353243344,1840.3008846464995,2912.7804685830947,656.502165538584,655.2060394530158,149.69309129160166,0.19571428571428573,0.24571428571428572,0.0
PHASE 3B,675,540800,540,2509.252935324334,1840.3008846464995,2912.7804685830947,656.502165538584,655.2060394530157,149.69309129160166,0.19571428571428573,0.24571428571428572,0.0
PHASE 3B,676,541600,540,2509.252935324334,1840.3008846464995,2912.7804685830947,656.502165538584,655.2060394530157,149.69309129160166,0.19571428571428573,0.24571428571428572,0.0
PHASE 3B,677,542400,540,2509.252935324334,1840.3008846464995,2912.7804685830947,656.502165538584,655.2060394530157,149.69309129160166,0.19571428571428573,0.24571428571428572,0.0
PHASE 3B,678,543200,540,2509.252935324334,1840.3008846464995,2912.7804685830947,656.502165538584,655.2060394530157,149.69309129160166,0.19571428571428573,0.24571428571428572,0.0
PHASE 3B,679,544000,544,2505.70145197947,1840.3008846464995,2912.7804685830947,654.8110004436293,654.3193896651907,149.5713827338412,0.19571428571428573,0.24571428571428572,0.0
PHASE 3B,680,544800,544,2505.70145197947,1840.3008846464995,2912.7804685830947,654.8110004436293,654.3193896651908,149.5713827338412,0.19571428571428573,0.24571428571428572,0.0
PHASE 3B,681,545600,544,2505.70145197947,1840.3008846464995,2912.7804685830947,654.8110004436293,654.3193896651908,149.5713827338412,0.19571428571428573,0.24571428571428572,0.0
PHASE 3B,682,546400,544,2505.70145197947,1840.3008846464995,2912.7804685830947,654.8110004436293,654.3193896651908,149.5713827338412,0.19571428571428573,0.24571428571428572,0.0
PHASE 3B,683,547200,544,2505.70145197947,1840.3008846464995,2912.7804685830947,654.8110004436293,654.3193896651908,149.5713827338412,0.19571428571428573,0.24571428571428572,0.0
PHASE 3B,684,548000,548,2500.5205566076556,1840.3008846464995,2912.7804685830947,652.3274948246664,652.2333370083626,149.4949655968383,0.19571428571428573,0.24571428571428572,0.0
PHASE 3B,685,548800,548,2500.520556607656,1840.3008846464995,2912.7804685830947,652.3274948246662,652.2333370083626,149.49496559683828,0.19571428571428573,0.24571428571428572,0.0
PHASE 3B,686,549600,548,2500.520556607656,1840.3008846464995,2912.7804685830947,652.3274948246662,652.2333370083626,149.49496559683828,0.19571428571428573,0.24571428571428572,0.0
PHASE 3B,687,550400,548,2500.520556607656,1840.3008846464995,2912.7804685830947,652.3274948246662,652.2333370083626,149.49496559683828,0.19571428571428573,0.24571428571428572,0.0
PHASE 3B,688,551200,548,2500.520556607656,1840.3008846464995,2912.7804685830947,652.3274948246662,652.2333370083626,149.49496559683828,0.19571428571428573,0.24571428571428572,0.0
PHASE 3B,689,552000,552,2503.75970235947,1840.3008846464995,2912.7804685830947,652.3685599226892,654.1453333176057,149.65572613990685,0.19571428571428573,0.24571428571428572,0.0
PHASE 3B,690,552800,552,2503.75970235947,1840.3008846464995,2912.7804685830947,652.3685599226892,654.1453333176057,149.65572613990685,0.19571428571428573,0.24571428571428572,0.0
PHASE 3B,691,553600,552,2503.75970235947,1840.3008846464995,2912.7804685830947,652.3685599226892,654.1453333176057,149.65572613990685,0.19571428571428573,0.24571428571428572,0.0
PHASE 3B,692,554400,552,2503.75970235947,1840.3008846464995,2912.7804685830947,652.3685599226892,654.1453333176057,149.65572613990685,0.19571428571428573,0.24571428571428572,0.0
PHASE 3B,693,555200,552,2503.75970235947,1840.3008846464995,2912.7804685830947,652.3685599226892,654.1453333176057,149.65572613990685,0.19571428571428573,0.24571428571428572,0.0
PHASE 3B,694,556000,556,2506.6235756622323,1840.3008846464995,2912.7804685830947,652.8001876439935,654.7115408748836,149.88898089292937,0.19571428571428573,0.24571428571428572,0.0
PHASE 3B,695,556800,556,2506.6235756622323,1840.3008846464995,2912.7804685830947,652.8001876439935,654.7115408748834,149.88898089292937,0.19571428571428573,0.24571428571428572,0.0
PHASE 3B,696,557600,556,2506.6235756622323,1840.3008846464995,2912.7804685830947,652.8001876439935,654.7115408748834,149.88898089292937,0.19571428571428573,0.24571428571428572,0.0
PHASE 3B,697,558400,556,2506.6235756622323,1840.3008846464995,2912.7804685830947,652.8001876439935,654.7115408748834,149.88898089292937,0.19571428571428573,0.24571428571428572,0.0
PHASE 3B,698,559200,556,2506.6235756622323,1840.3008846464995,2912.7804685830947,652.8001876439935,654.7115408748834,149.88898089292937,0.19571428571428573,0.24571428571428572,0.0
PHASE 3B,699,560000,560,2509.3293287025353,1840.3008846464995,2912.7804685830947,657.3267310091644,651.9406376643487,150.00774500363772,0.19571428571428573,0.24571428571428572,0.0
PHASE 3B,700,560800,560,2509.3293287025353,1840.3008846464995,2912.7804685830947,657.3267310091642,651.9406376643486,150.00774500363775,0.19571428571428573,0.24571428571428572,0.0
PHASE 3B,701,561600,560,2509.3293287025353,1840.3008846464995,2912.7804685830947,657.3267310091642,651.9406376643486,150.00774500363775,0.19571428571428573,0.24571428571428572,0.0
PHASE 3B,702,562400,560,2509.3293287025353,1840.3008846464995,2912.7804685830947,657.3267310091642,651.9406376643486,150.00774500363775,0.19571428571428573,0.24571428571428572,0.0
PHASE 3B,703,563200,560,2509.3293287025353,1840.3008846464995,2912.7804685830947,657.3267310091642,651.9406376643486,150.00774500363775,0.19571428571428573,0.24571428571428572,0.0
PHASE 3B,704,564000,564,2513.8326046234906,1840.3008846464995,2912.7804685830947,656.8721074532317,654.429164684432,150.3164165607381,0.19571428571428573,0.24571428571428572,0.0
PHASE 3B,705,564800,564,2513.832604623491,1840.3008846464995,2912.7804685830947,656.8721074532318,654.4291646844321,150.3164165607381,0.19571428571428573,0.24571428571428572,0.0
PHASE 3B,706,565600,564,2513.832604623491,1840.3008846464995,2912.7804685830947,656.8721074532318,654.4291646844321,150.3164165607381,0.19571428571428573,0.24571428571428572,0.0
PHASE 3B,707,566400,564,2513.832604623491,1840.3008846464995,2912.7804685830947,656.8721074532318,654.4291646844321,150.3164165607381,0.19571428571428573,0.24571428571428572,0.0
PHASE 3B,708,567200,564,2513.832604623491,1840.3008846464995,2912.7804685830947,656.8721074532318,654.4291646844321,150.3164165607381,0.19571428571428573,0.24571428571428572,0.0
PHASE 3B,709,568000,568,2524.652263278569,1840.3008846464995,2912.7804685830947,658.6517294474198,658.6567208772192,150.91797661925088,0.19571428571428573,0.24571428571428572,0.0
PHASE 3B,710,568800,568,2524.652263278569,1840.3008846464995,2912.7804685830947,658.6517294474198,658.6567208772191,150.91797661925088,0.19571428571428573,0.24571428571428572,0.0
PHASE 3B,711,569600,568,2524.652263278569,1840.3008846464995,2912.7804685830947,658.6517294474198,658.6567208772191,150.91797661925088,0.19571428571428573,0.24571428571428572,0.0
PHASE 3B,712,570400,568,2524.652263278569,1840.3008846464995,2912.7804685830947,658.6517294474198,658.6567208772191,150.91797661925088,0.19571428571428573,0.24571428571428572,0.0
PHASE 3B,713,571200,568,2524.652263278569,1840.3008846464995,2912.7804685830947,658.6517294474198,658.6567208772191,150.91797661925088,0.19571428571428573,0.24571428571428572,0.0
PHASE 3B,714,572000,572,2536.8092872358407,1840.3008846464995,2912.7804685830947,661.9697624928725,662.1544959365663,151.58562860080966,0.19571428571428573,0.24571428571428572,0.0
PHASE 3B,715,572800,572,2536.80928723584,1840.3008846464995,2912.7804685830947,661.9697624928726,662.1544959365663,151.58562860080966,0.19571428571428573,0.24571428571428572,0.0
PHASE 3B,716,573600,572,2536.80928723584,1840.3008846464995,2912.7804685830947,661.9697624928726,662.1544959365663,151.58562860080966,0.19571428571428573,0.24571428571428572,0.0
PHASE 3B,717,574400,572,2536.80928723584,1840.3008846464995,2912.7804685830947,661.9697624928726,662.1544959365663,151.58562860080966,0.19571428571428573,0.24571428571428572,0.0
PHASE 3B,718,575200,572,2536.80928723584,1840.3008846464995,2912.7804685830947,661.9697624928726,662.1544959365663,151.58562860080966,0.19571428571428573,0.24571428571428572,0.0
PHASE 3B,719,576000,576,2542.7102037584173,1840.3008846464995,3088.1974370603607,664.424876060932,662.3021264196404,151.9979001597402,0.19571428571428573,0.24571428571428572,0.0
PHASE 3B,720,576800,576,2542.7102037584177,1840.3008846464995,3088.1974370603607,664.424876060932,662.3021264196406,151.9979001597402,0.19571428571428573,0.24571428571428572,0.0
PHASE 3B,721,577600,576,2542.7102037584177,1840.3008846464995,3088.1974370603607,664.424876060932,662.3021264196406,151.9979001597402,0.19571428571428573,0.24571428571428572,0.0
PHASE 3B,722,578400,576,2542.7102037584177,1840.3008846464995,3088.1974370603607,664.424876060932,662.3021264196406,151.9979001597402,0.19571428571428573,0.24571428571428572,0.0
PHASE 3B,723,579200,576,2542.7102037584177,1840.3008846464995,3088.1974370603607,664.424876060932,662.3021264196406,151.9979001597402,0.19571428571428573,0.24571428571428572,0.0
PHASE 3B,724,580000,580,2551.922227750757,1840.3008846464995,3088.1974370603607,667.1651085045735,665.507820590569,152.40616233196133,0.19571428571428573,0.24571428571428572,0.0
PHASE 3B,725,580800,580,2551.9222277507565,1840.3008846464995,3088.1974370603607,667.1651085045735,665.5078205905688,152.40616233196133,0.19571428571428573,0.24571428571428572,0.0
PHASE 3B,726,581600,580,2551.9222277507565,1840.3008846464995,3088.1974370603607,667.1651085045735,665.5078205905688,152.40616233196133,0.19571428571428573,0.24571428571428572,0.0
PHASE 3B,727,582400,580,2551.9222277507565,1840.3008846464995,3088.1974370603607,667.1651085045735,665.5078205905688,152.40616233196133,0.19571428571428573,0.24571428571428572,0.0
PHASE 3B,728,583200,580,2551.9222277507565,1840.3008846464995,3088.1974370603607,667.1651085045735,665.5078205905688,152.40616233196133,0.19571428571428573,0.24571428571428572,0.0
PHASE 3B,729,584000,584,2565.46293679473,1840.3008846464995,3088.1974370603607,671.8200856000361,666.6066452245734,153.3795257462745,0.19571428571428573,0.24571428571428572,0.0
PHASE 3B,730,584800,584,2565.4629367947305,1840.3008846464995,3088.1974370603607,671.820085600036,666.6066452245736,153.3795257462745,0.19571428571428573,0.24571428571428572,0.0
PHASE 3B,731,585600,584,2565.4629367947305,1840.3008846464995,3088.1974370603607,671.820085600036,666.6066452245736,153.3795257462745,0.19571428571428573,0.24571428571428572,0.0
PHASE 3B,732,586400,584,2565.4629367947305,1840.3008846464995,3088.1974370603607,671.820085600036,666.6066452245736,153.3795257462745,0.19571428571428573,0.24571428571428572,0.0
PHASE 3B,733,587200,584,2565.4629367947305,1840.3008846464995,3088.1974370603607,671.820085600036,666.6066452245736,153.3795257462745,0.19571428571428573,0.24571428571428572,0.0
PHASE 3B,734,588000,588,2567.7108268174557,1840.3008846464995,3088.1974370603607,672.8276269687786,664.5517521334925,153.7914309644075,0.19571428571428573,0.24571428571428572,0.0
PHASE 3B,735,588800,588,2567.710826817455,1840.3008846464995,3088.1974370603607,672.8276269687785,664.5517521334925,153.7914309644075,0.19571428571428573,0.24571428571428572,0.0
PHASE 3B,736,589600,588,2567.710826817455,1840.3008846464995,3088.1974370603607,672.8276269687785,664.5517521334925,153.7914309644075,0.19571428571428573,0.24571428571428572,0.0
PHASE 3B,737,590400,588,2567.710826817455,1840.3008846464995,3088.1974370603607,672.8276269687785,664.5517521334925,153.7914309644075,0.19571428571428573,0.24571428571428572,0.0
PHASE 3B,738,591200,588,2567.710826817455,1840.3008846464995,3088.1974370603607,672.8276269687785,664.5517521334925,153.7914309644075,0.19571428571428573,0.24571428571428572,0.0
PHASE 3B,739,592000,592,2575.2036875356143,1840.3008846464995,3088.1974370603607,673.2019016769175,667.8596377724323,154.26776851079256,0.19571428571428573,0.24571428571428572,0.0
PHASE 3B,740,592800,592,2575.203687535615,1840.3008846464995,3088.1974370603607,673.2019016769175,667.8596377724323,154.26776851079256,0.19571428571428573,0.24571428571428572,0.0
PHASE 3B,741,593600,592,2575.203687535615,1840.3008846464995,3088.1974370603607,673.2019016769175,667.8596377724323,154.26776851079256,0.19571428571428573,0.24571428571428572,0.0
PHASE 3B,742,594400,592,2575.203687535615,1840.3008846464995,3088.1974370603607,673.2019016769175,667.8596377724323,154.26776851079256,0.19571428571428573,0.24571428571428572,0.0
PHASE 3B,743,595200,592,2575.203687535615,1840.3008846464995,3088.1974370603607,673.2019016769175,667.8596377724323,154.26776851079256,0.19571428571428573,0.24571428571428572,0.0
PHASE 3B,744,596000,596,2571.533098368951,1840.3008846464995,3088.1974370603607,671.8995035088295,664.3277681715157,154.41322833608507,0.19571428571428573,0.24571428571428572,0.0
PHASE 3B,745,596800,596,2571.533098368951,1840.3008846464995,3088.1974370603607,671.8995035088296,664.3277681715155,154.41322833608507,0.19571428571428573,0.24571428571428572,0.0
PHASE 3B,746,597600,596,2571.533098368951,1840.3008846464995,3088.1974370603607,671.8995035088296,664.3277681715155,154.41322833608507,0.19571428571428573,0.24571428571428572,0.0
PHASE 3B,747,598400,596,2571.533098368951,1840.3008846464995,3088.1974370603607,671.8995035088296,664.3277681715155,154.41322833608507,0.19571428571428573,0.24571428571428572,0.0
PHASE 3B,748,599200,596,2571.533098368951,1840.3008846464995,3088.1974370603607,671.8995035088296,664.3277681715155,154.41322833608507,0.19571428571428573,0.24571428571428572,0.0
PHASE 3B,749,600000,600,2571.897219439834,1840.3008846464995,3088.1974370603607,674.8193170377297,662.662860526784,154.30188023442432,0.19571428571428573,0.24571428571428572,0.0
PHASE 3B,750,600800,600,2571.897219439834,1840.3008846464995,3088.1974370603607,674.8193170377294,662.662860526784,154.30188023442432,0.19571428571428573,0.24571428571428572,0.0
PHASE 3B,751,601600,600,2571.897219439834,1840.3008846464995,3088.1974370603607,674.8193170377294,662.662860526784,154.30188023442432,0.19571428571428573,0.24571428571428572,0.0
PHASE 3B,752,602400,600,2571.897219439834,1840.3008846464995,3088.1974370603607,674.8193170377294,662.662860526784,154.30188023442432,0.19571428571428573,0.24571428571428572,0.0
PHASE 3B,753,603200,600,2571.897219439834,1840.3008846464995,3088.1974370603607,674.8193170377294,662.662860526784,154.30188023442432,0.19571428571428573,0.24571428571428572,0.0
PHASE 3B,754,604000,604,2580.460507967939,1840.3008846464995,3088.1974370603607,679.4144428162504,665.6998328753149,154.41827903455587,0.19571428571428573,0.24571428571428572,0.0
PHASE 3B,755,604800,604,2580.460507967939,1840.3008846464995,3088.1974370603607,679.4144428162502,665.699832875315,154.4182790345559,0.19571428571428573,0.24571428571428572,0.0
PHASE 3B,756,605600,604,2580.460507967939,1840.3008846464995,3088.1974370603607,679.4144428162502,665.699832875315,154.4182790345559,0.19571428571428573,0.24571428571428572,0.0
PHASE 3B,757,606400,604,2580.460507967939,1840.3008846464995,3088.1974370603607,679.4144428162502,665.699832875315,154.4182790345559,0.19571428571428573,0.24571428571428572,0.0
PHASE 3B,758,607200,604,2580.460507967939,1840.3008846464995,3088.1974370603607,679.4144428162502,665.699832875315,154.4182790345559,0.19571428571428573,0.24571428571428572,0.0
PHASE 3B,759,608000,608,2578.9868392766707,1840.3008846464995,3088.1974370603607,681.5304904147549,663.9378476326067,154.1898126536727,0.19571428571428573,0.24571428571428572,0.0
PHASE 3B,760,608800,608,2578.9868392766707,1840.3008846464995,3088.1974370603607,681.530490414755,663.9378476326067,154.1898126536727,0.19571428571428573,0.24571428571428572,0.0
PHASE 3B,761,609600,608,2578.9868392766707,1840.3008846464995,3088.1974370603607,681.530490414755,663.9378476326067,154.1898126536727,0.19571428571428573,0.24571428571428572,0.0
PHASE 3B,762,610400,608,2578.9868392766707,1840.3008846464995,3088.1974370603607,681.530490414755,663.9378476326067,154.1898126536727,0.19571428571428573,0.24571428571428572,0.0
PHASE 3B,763,611200,608,2578.9868392766707,1840.3008846464995,3088.1974370603607,681.530490414755,663.9378476326067,154.1898126536727,0.19571428571428573,0.24571428571428572,0.0
PHASE 3B,764,612000,612,2578.4217578781545,1840.3008846464995,3088.1974370603607,676.7252362273966,670.037938220954,153.95732292873464,0.19571428571428573,0.24571428571428572,0.0
PHASE 3B,765,612800,612,2578.421757878154,1840.3008846464995,3088.1974370603607,676.7252362273966,670.0379382209538,153.95732292873464,0.19571428571428573,0.24571428571428572,0.0
PHASE 3B,766,613600,612,2578.421757878154,1840.3008846464995,3088.1974370603607,676.7252362273966,670.0379382209538,153.95732292873464,0.19571428571428573,0.24571428571428572,0.0
PHASE 3B,767,614400,612,2578.421757878154,1840.3008846464995,3088.1974370603607,676.7252362273966,670.0379382209538,153.95732292873464,0.19571428571428573,0.24571428571428572,0.0
PHASE 3B,768,615200,612,2578.421757878154,1840.3008846464995,3088.1974370603607,676.7252362273966,670.0379382209538,153.95732292873464,0.19571428571428573,0.24571428571428572,0.0
PHASE 3B,769,616000,616,2583.595947982383,1840.3008846464995,3088.1974370603607,678.4619302311165,671.1470523350742,154.2483706770332,0.19571428571428573,0.24571428571428572,0.0
PHASE 3B,770,616800,616,2583.5959479823837,1840.3008846464995,3088.1974370603607,678.4619302311164,671.1470523350742,154.2483706770332,0.19571428571428573,0.24571428571428572,0.0
PHASE 3B,771,617600,616,2583.5959479823837,1840.3008846464995,3088.1974370603607,678.4619302311164,671.1470523350742,154.2483706770332,0.19571428571428573,0.24571428571428572,0.0
PHASE 3B,772,618400,616,2583.5959479823837,1840.3008846464995,3088.1974370603607,678.4619302311164,671.1470523350742,154.2483706770332,0.19571428571428573,0.24571428571428572,0.0
PHASE 3B,773,619200,616,2583.5959479823837,1840.3008846464995,3088.1974370603607,678.4619302311164,671.1470523350742,154.2483706770332,0.19571428571428573,0.24571428571428572,0.0
PHASE 3B,774,620000,620,2584.2447401679347,1840.3008846464995,3088.1974370603607,680.4121437948256,667.8463924705604,154.4982754878275,0.19571428571428573,0.24571428571428572,0.0
PHASE 3B,775,620800,620,2584.244740167934,1840.3008846464995,3088.1974370603607,680.412143794826,667.8463924705604,154.4982754878275,0.19571428571428573,0.24571428571428572,0.0
PHASE 3B,776,621600,620,2584.244740167934,1840.3008846464995,3088.1974370603607,680.412143794826,667.8463924705604,154.4982754878275,0.19571428571428573,0.24571428571428572,0.0
PHASE 3B,777,622400,620,2584.244740167934,1840.3008846464995,3088.1974370603607,680.412143794826,667.8463924705604,154.4982754878275,0.19571428571428573,0.24571428571428572,0.0
PHASE 3B,778,623200,620,2584.244740167934,1840.3008846464995,3088.1974370603607,680.412143794826,667.8463924705604,154.4982754878275,0.19571428571428573,0.24571428571428572,0.0
PHASE 3B,779,624000,624,2589.754560862188,1865.0573570708534,3088.1974370603607,679.6150758875362,674.7038103750399,154.42945932496048,0.19571428571428573,0.24571428571428572,0.0
PHASE 3B,780,624800,624,2589.754560862189,1865.0573570708534,3088.1974370603607,679.6150758875362,674.70381037504,154.42945932496048,0.19571428571428573,0.24571428571428572,0.0
PHASE 3B,781,625600,624,2589.754560862189,1865.0573570708534,3088.1974370603607,679.6150758875362,674.70381037504,154.42945932496048,0.19571428571428573,0.24571428571428572,0.0
PHASE 3B,782,626400,624,2589.754560862189,1865.0573570708534,3088.1974370603607,679.6150758875362,674.70381037504,154.42945932496048,0.19571428571428573,0.24571428571428572,0.0
PHASE 3B,783,627200,624,2589.754560862189,1865.0573570708534,3088.1974370603607,679.6150758875362,674.70381037504,154.42945932496048,0.19571428571428573,0.24571428571428572,0.0
PHASE 3B,784,628000,628,2598.0600281309326,1939.9062289199605,3088.1974370603607,679.5814422565048,682.3299035029705,154.518585296441,0.19571428571428573,0.24571428571428572,0.0
PHASE 3B,785,628800,628,2598.060028130932,1939.9062289199605,3088.1974370603607,679.5814422565048,682.3299035029705,154.518585296441,0.19571428571428573,0.24571428571428572,0.0
PHASE 3B,786,629600,628,2598.060028130932,1939.9062289199605,3088.1974370603607,679.5814422565048,682.3299035029705,154.518585296441,0.19571428571428573,0.24571428571428572,0.0
PHASE 3B,787,630400,628,2598.060028130932,1939.9062289199605,3088.1974370603607,679.5814422565048,682.3299035029705,154.518585296441,0.19571428571428573,0.24571428571428572,0.0
PHASE 3B,788,631200,628,2598.060028130932,1939.9062289199605,3088.1974370603607,679.5814422565048,682.3299035029705,154.518585296441,0.19571428571428573,0.24571428571428572,0.0
PHASE 3B,789,632000,632,2610.047891228843,1939.9062289199605,3088.1974370603607,682.2092165366449,685.998110482346,155.23007052624018,0.19571428571428573,0.24571428571428572,0.0
PHASE 3B,790,632800,632,2610.0478912288427,1939.9062289199605,3088.1974370603607,682.2092165366452,685.9981104823461,155.23007052624018,0.19571428571428573,0.24571428571428572,0.0
PHASE 3B,791,633600,632,2610.0478912288427,1939.9062289199605,3088.1974370603607,682.2092165366452,685.9981104823461,155.23007052624018,0.19571428571428573,0.24571428571428572,0.0
PHASE 3B,792,634400,632,2610.0478912288427,1939.9062289199605,3088.1974370603607,682.2092165366452,685.9981104823461,155.23007052624018,0.19571428571428573,0.24571428571428572,0.0
PHASE 3B,793,635200,632,2610.0478912288427,1939.9062289199605,3088.1974370603607,682.2092165366452,685.9981104823461,155.23007052624018,0.19571428571428573,0.24571428571428572,0.0
PHASE 3B,794,636000,636,2609.903275272692,1939.9062289199605,3088.1974370603607,684.1780754902169,685.3415499655173,155.04795622712834,0.19571428571428573,0.24571428571428572,0.0
PHASE 3B,795,636800,636,2609.9032752726926,1939.9062289199605,3088.1974370603607,684.1780754902169,685.3415499655173,155.04795622712834,0.19571428571428573,0.24571428571428572,0.0
PHASE 3B,796,637600,636,2609.9032752726926,1939.9062289199605,3088.1974370603607,684.1780754902169,685.3415499655173,155.04795622712834,0.19571428571428573,0.24571428571428572,0.0
PHASE 3B,797,638400,636,2609.9032752726926,1939.9062289199605,3088.1974370603607,684.1780754902169,685.3415499655173,155.04795622712834,0.19571428571428573,0.24571428571428572,0.0
PHASE 3B,798,639200,636,2609.9032752726926,1939.9062289199605,3088.1974370603607,684.1780754902169,685.3415499655173,155.04795622712834,0.19571428571428573,0.24571428571428572,0.0
PHASE 3B,799,640000,640,2609.2644220117727,1865.4770304579697,3088.1974370603607,688.1795544719691,679.9685453579394,155.13954027274156,0.19571428571428573,0.24571428571428572,0.0
PHASE 3B,800,640800,640,2609.2644220117722,1865.4770304579697,3088.1974370603607,688.179554471969,679.9685453579394,155.13954027274156,0.19571428571428573,0.24571428571428572,0.0
PHASE 3B,801,641600,640,2609.2644220117722,1865.4770304579697,3088.1974370603607,688.179554471969,679.9685453579394,155.13954027274156,0.19571428571428573,0.24571428571428572,0.0
PHASE 3B,802,642400,640,2609.2644220117722,1865.4770304579697,3088.1974370603607,688.179554471969,679.9685453579394,155.13954027274156,0.19571428571428573,0.24571428571428572,0.0
PHASE 3B,803,643200,640,2609.2644220117722,1865.4770304579697,3088.1974370603607,688.179554471969,679.9685453579394,155.13954027274156,0.19571428571428573,0.24571428571428572,0.0
PHASE 3B,804,644000,644,2615.1525205636644,1865.4770304579697,3088.1974370603607,691.3527678258671,680.3073711332561,155.43654770057623,0.19571428571428573,0.24571428571428572,0.0
PHASE 3B,805,644800,644,2615.152520563665,1865.4770304579697,3088.1974370603607,691.3527678258673,680.3073711332562,155.4365477005762,0.19571428571428573,0.24571428571428572,0.0
PHASE 3B,806,645600,644,2615.152520563665,1865.4770304579697,3088.1974370603607,691.3527678258673,680.3073711332562,155.4365477005762,0.19571428571428573,0.24571428571428572,0.0
PHASE 3B,807,646400,644,2615.152520563665,1865.4770304579697,3088.1974370603607,691.3527678258673,680.3073711332562,155.4365477005762,0.19571428571428573,0.24571428571428572,0.0
PHASE 3B,808,647200,644,2615.152520563665,1865.4770304579697,3088.1974370603607,691.3527678258673,680.3073711332562,155.4365477005762,0.19571428571428573,0.24571428571428572,0.0
PHASE 3B,809,648000,648,2617.0822152521355,1865.4770304579697,3088.1974370603607,693.0634696042054,680.9805910680318,155.37976932249595,0.19571428571428573,0.24571428571428572,0.0
PHASE 3B,810,648800,648,2617.082215252136,1865.4770304579697,3088.1974370603607,693.0634696042055,680.9805910680315,155.37976932249595,0.19571428571428573,0.24571428571428572,0.0
PHASE 3B,811,649600,648,2617.082215252136,1865.4770304579697,3088.1974370603607,693.0634696042055,680.9805910680315,155.37976932249595,0.19571428571428573,0.24571428571428572,0.0
PHASE 3B,812,650400,648,2617.082215252136,1865.4770304579697,3088.1974370603607,693.0634696042055,680.9805910680315,155.37976932249595,0.19571428571428573,0.24571428571428572,0.0
PHASE 3B,813,651200,648,2617.082215252136,1865.4770304579697,3088.1974370603607,693.0634696042055,680.9805910680315,155.37976932249595,0.19571428571428573,0.24571428571428572,0.0
PHASE 3B,814,652000,652,2620.1659060831093,1865.4770304579697,3088.1974370603607,692.4975075361804,682.652486588764,155.62698899477917,0.19571428571428573,0.24571428571428572,0.0
PHASE 3B,815,652800,652,2620.165906083109,1865.4770304579697,3088.1974370603607,692.4975075361804,682.652486588764,155.62698899477917,0.19571428571428573,0.24571428571428572,0.0
PHASE 3B,816,653600,652,2620.165906083109,1865.4770304579697,3088.1974370603607,692.4975075361804,682.652486588764,155.62698899477917,0.19571428571428573,0.24571428571428572,0.0
PHASE 3B,817,654400,652,2620.165906083109,1865.4770304579697,3088.1974370603607,692.4975075361804,682.652486588764,155.62698899477917,0.19571428571428573,0.24571428571428572,0.0
PHASE 3B,818,655200,652,2620.165906083109,1865.4770304579697,3088.1974370603607,692.4975075361804,682.652486588764,155.62698899477917,0.19571428571428573,0.24571428571428572,0.0
PHASE 3B,819,656000,656,2615.60098009765,1865.4770304579697,3088.1974370603607,695.219411318876,676.4178198179538,155.495468620111,0.19571428571428573,0.24571428571428572,0.0
PHASE 3B,820,656800,656,2615.6009800976494,1865.4770304579697,3088.1974370603607,695.219411318876,676.417819817954,155.495468620111,0.19571428571428573,0.24571428571428572,0.0
PHASE 3B,821,657600,656,2615.6009800976494,1865.4770304579697,3088.1974370603607,695.219411318876,676.417819817954,155.495468620111,0.19571428571428573,0.24571428571428572,0.0
PHASE 3B,822,658400,656,2615.6009800976494,1865.4770304579697,3088.1974370603607,695.219411318876,676.417819817954,155.495468620111,0.19571428571428573,0.24571428571428572,0.0
PHASE 3B,823,659200,656,2615.6009800976494,1865.4770304579697,3088.1974370603607,695.219411318876,676.417819817954,155.495468620111,0.19571428571428573,0.24571428571428572,0.0
PHASE 3B,824,660000,660,2620.9259777905127,1865.4770304579697,3088.1974370603607,696.5865206425843,676.5934069235873,155.96825627805094,0.19571428571428573,0.24571428571428572,0.0
PHASE 3B,825,660800,660,2620.9259777905127,1865.4770304579697,3088.1974370603607,696.5865206425843,676.5934069235873,155.96825627805094,0.19571428571428573,0.24571428571428572,0.0
PHASE 3B,826,661600,660,2620.9259777905127,1865.4770304579697,3088.1974370603607,696.5865206425843,676.5934069235873,155.96825627805094,0.19571428571428573,0.24571428571428572,0.0
PHASE 3B,827,662400,660,2620.9259777905127,1865.4770304579697,3088.1974370603607,696.5865206425843,676.5934069235873,155.96825627805094,0.19571428571428573,0.24571428571428572,0.0
PHASE 3B,828,663200,660,2620.9259777905127,1865.4770304579697,3088.1974370603607,696.5865206425843,676.5934069235873,155.96825627805094,0.19571428571428573,0.24571428571428572,0.0
PHASE 3B,829,664000,664,2616.495349041614,1865.4770304579697,3088.1974370603607,693.5065240511653,678.1535914439389,155.60440419332218,0.19571428571428573,0.24571428571428572,0.0
PHASE 3B,830,664800,664,2616.4953490416137,1865.4770304579697,3088.1974370603607,693.5065240511655,678.153591443939,155.60440419332218,0.19571428571428573,0.24571428571428572,0.0
PHASE 3B,831,665600,664,2616.4953490416137,1865.4770304579697,3088.1974370603607,693.5065240511655,678.153591443939,155.60440419332218,0.19571428571428573,0.24571428571428572,0.0
PHASE 3B,832,666400,664,2616.4953490416137,1865.4770304579697,3088.1974370603607,693.5065240511655,678.153591443939,155.60440419332218,0.19571428571428573,0.24571428571428572,0.0
PHASE 3B,833,667200,664,2616.4953490416137,1865.4770304579697,3088.1974370603607,693.5065240511655,678.153591443939,155.60440419332218,0.19571428571428573,0.24571428571428572,0.0
PHASE 3B,834,668000,668,2605.500840009814,1859.9090645019933,3088.1974370603607,692.2626566946403,670.4819104217214,155.34453411169002,0.19571428571428573,0.24571428571428572,0.0
PHASE 3B,835,668800,668,2605.500840009814,1859.9090645019933,3088.1974370603607,692.2626566946404,670.4819104217215,155.34453411169005,0.19571428571428573,0.24571428571428572,0.0
PHASE 3B,836,669600,668,2605.500840009814,1859.9090645019933,3088.1974370603607,692.2626566946404,670.4819104217215,155.34453411169005,0.19571428571428573,0.24571428571428572,0.0
PHASE 3B,837,670400,668,2605.500840009814,1859.9090645019933,3088.1974370603607,692.2626566946404,670.4819104217215,155.34453411169005,0.19571428571428573,0.24571428571428572,0.0
PHASE 3B,838,671200,668,2605.500840009814,1859.9090645019933,3088.1974370603607,692.2626566946404,670.4819104217215,155.34453411169005,0.19571428571428573,0.24571428571428572,0.0
PHASE 3B,839,672000,672,2595.733986289473,1859.9090645019933,3088.1974370603607,688.43127606871,670.521735306916,154.59762186423944,0.19571428571428573,0.24571428571428572,0.0
PHASE 3B,840,672800,672,2595.733986289473,1859.9090645019933,3088.1974370603607,688.43127606871,670.5217353069158,154.59762186423944,0.19571428571428573,0.24571428571428572,0.0
PHASE 3B,841,673600,672,2595.733986289473,1859.9090645019933,3088.1974370603607,688.43127606871,670.5217353069158,154.59762186423944,0.19571428571428573,0.24571428571428572,0.0
PHASE 3B,842,674400,672,2595.733986289473,1859.9090645019933,3088.1974370603607,688.43127606871,670.5217353069158,154.59762186423944,0.19571428571428573,0.24571428571428572,0.0
PHASE 3B,843,675200,672,2595.733986289473,1859.9090645019933,3088.1974370603607,688.43127606871,670.5217353069158,154.59762186423944,0.19571428571428573,0.24571428571428572,0.0
PHASE 3B,844,676000,676,2597.196203727643,1859.9090645019933,3004.429853528105,689.3111753404607,671.2973873489593,154.57345512978623,0.19571428571428573,0.24571428571428572,0.0
PHASE 3B,845,676800,676,2597.1962037276426,1859.9090645019933,3004.429853528105,689.3111753404607,671.2973873489593,154.57345512978623,0.19571428571428573,0.24571428571428572,0.0
PHASE 3B,846,677600,676,2597.1962037276426,1859.9090645019933,3004.429853528105,689.3111753404607,671.2973873489593,154.57345512978623,0.19571428571428573,0.24571428571428572,0.0
PHASE 3B,847,678400,676,2597.1962037276426,1859.9090645019933,3004.429853528105,689.3111753404607,671.2973873489593,154.57345512978623,0.19571428571428573,0.24571428571428572,0.0
PHASE 3B,848,679200,676,2597.1962037276426,1859.9090645019933,3004.429853528105,689.3111753404607,671.2973873489593,154.57345512978623,0.19571428571428573,0.24571428571428572,0.0
PHASE 3B,849,680000,680,2589.8867450465273,1756.489275727523,3004.429853528105,684.2470104844375,669.9511699663691,154.4610705744734,0.19571428571428573,0.24571428571428572,0.0
PHASE 3B,850,680800,680,2589.8867450465273,1756.489275727523,3004.429853528105,684.2470104844375,669.9511699663692,154.46107057447338,0.19571428571428573,0.24571428571428572,0.0
PHASE 3B,851,681600,680,2589.8867450465273,1756.489275727523,3004.429853528105,684.2470104844375,669.9511699663692,154.46107057447338,0.19571428571428573,0.24571428571428572,0.0
PHASE 3B,852,682400,680,2589.8867450465273,1756.489275727523,3004.429853528105,684.2470104844375,669.9511699663692,154.46107057447338,0.19571428571428573,0.24571428571428572,0.0
PHASE 3B,853,683200,680,2589.8867450465273,1756.489275727523,3004.429853528105,684.2470104844375,669.9511699663692,154.46107057447338,0.19571428571428573,0.24571428571428572,0.0
PHASE 3B,854,684000,684,2591.573538016488,1756.489275727523,3004.429853528105,680.4906520600083,674.128762218383,154.6192654672702,0.19571428571428573,0.24571428571428572,0.0
PHASE 3B,855,684800,684,2591.5735380164874,1756.489275727523,3004.429853528105,680.4906520600084,674.128762218383,154.6192654672702,0.19571428571428573,0.24571428571428572,0.0
PHASE 3B,856,685600,684,2591.5735380164874,1756.489275727523,3004.429853528105,680.4906520600084,674.128762218383,154.6192654672702,0.19571428571428573,0.24571428571428572,0.0
PHASE 3B,857,686400,684,2591.5735380164874,1756.489275727523,3004.429853528105,680.4906520600084,674.128762218383,154.6192654672702,0.19571428571428573,0.24571428571428572,0.0
PHASE 3B,858,687200,684,2591.5735380164874,1756.489275727523,3004.429853528105,680.4906520600084,674.128762218383,154.6192654672702,0.19571428571428573,0.24571428571428572,0.0
PHASE 3B,859,688000,688,2595.7731326697303,1756.489275727523,3004.429853528105,683.8794405401686,674.4249972475382,154.68358686026096,0.19571428571428573,0.24571428571428572,0.0
PHASE 3B,860,688800,688,2595.7731326697303,1756.489275727523,3004.429853528105,683.8794405401687,674.4249972475382,154.68358686026096,0.19571428571428573,0.24571428571428572,0.0
PHASE 3B,861,689600,688,2595.7731326697303,1756.489275727523,3004.429853528105,683.8794405401687,674.4249972475382,154.68358686026096,0.19571428571428573,0.24571428571428572,0.0
PHASE 3B,862,690400,688,2595.7731326697303,1756.489275727523,3004.429853528105,683.8794405401687,674.4249972475382,154.68358686026096,0.19571428571428573,0.24571428571428572,0.0
PHASE 3B,863,691200,688,2595.7731326697303,1756.489275727523,3004.429853528105,683.8794405401687,674.4249972475382,154.68358686026096,0.19571428571428573,0.24571428571428572,0.0
PHASE 3B,864,692000,692,2588.0729215887277,1756.489275727523,3004.429853528105,681.4252799538825,672.8574169866354,154.22377808103417,0.19571428571428573,0.24571428571428572,0.0
PHASE 3B,865,692800,692,2588.0729215887272,1756.489275727523,3004.429853528105,681.4252799538828,672.8574169866353,154.22377808103417,0.19571428571428573,0.24571428571428572,0.0
PHASE 3B,866,693600,692,2588.0729215887272,1756.489275727523,3004.429853528105,681.4252799538828,672.8574169866353,154.22377808103417,0.19571428571428573,0.24571428571428572,0.0
PHASE 3B,867,694400,692,2588.0729215887272,1756.489275727523,3004.429853528105,681.4252799538828,672.8574169866353,154.22377808103417,0.19571428571428573,0.24571428571428572,0.0
PHASE 3B,868,695200,692,2588.0729215887272,1756.489275727523,3004.429853528105,681.4252799538828,672.8574169866353,154.22377808103417,0.19571428571428573,0.24571428571428572,0.0
PHASE 3B,869,696000,696,2588.228611720261,1756.489275727523,3004.429853528105,675.5700640704873,678.6877095366624,154.24635476414676,0.19571428571428573,0.24571428571428572,0.0
PHASE 3B,870,696800,696,2588.2286117202616,1756.489275727523,3004.429853528105,675.5700640704873,678.6877095366626,154.24635476414676,0.19571428571428573,0.24571428571428572,0.0
PHASE 3B,871,697600,696,2588.2286117202616,1756.489275727523,3004.429853528105,675.5700640704873,678.6877095366626,154.24635476414676,0.19571428571428573,0.24571428571428572,0.0
PHASE 3B,872,698400,696,2588.2286117202616,1756.489275727523,3004.429853528105,675.5700640704873,678.6877095366626,154.24635476414676,0.19571428571428573,0.24571428571428572,0.0
PHASE 3B,873,699200,696,2588.2286117202616,1756.489275727523,3004.429853528105,675.5700640704873,678.6877095366626,154.24635476414676,0.19571428571428573,0.24571428571428572,0.0
PHASE 3B,874,700000,700,2593.1680424974115,1756.489275727523,3004.429853528105,678.2115414266956,679.5494789549491,154.4258777644786,0.19571428571428573,0.24571428571428572,0.0
PHASE 3B,875,700800,700,2593.1680424974115,1756.489275727523,3004.429853528105,678.2115414266955,679.549478954949,154.4258777644786,0.19571428571428573,0.24571428571428572,0.0
PHASE 3B,876,701600,700,2593.1680424974115,1756.489275727523,3004.429853528105,678.2115414266955,679.549478954949,154.4258777644786,0.19571428571428573,0.24571428571428572,0.0
PHASE 3B,877,702400,700,2593.1680424974115,1756.489275727523,3004.429853528105,678.2115414266955,679.549478954949,154.4258777644786,0.19571428571428573,0.24571428571428572,0.0
PHASE 3B,878,703200,700,2593.1680424974115,1756.489275727523,3004.429853528105,678.2115414266955,679.549478954949,154.4258777644786,0.19571428571428573,0.24571428571428572,0.0
PHASE 3B,879,704000,704,2582.8930786575856,1644.3524285353928,3004.429853528105,679.3573662549779,670.2087104238728,154.16587524734948,0.19571428571428573,0.24571428571428572,0.0
PHASE 3B,880,704800,704,2582.8930786575856,1644.3524285353928,3004.429853528105,679.3573662549779,670.2087104238727,154.16587524734948,0.19571428571428573,0.24571428571428572,0.0
PHASE 3B,881,705600,704,2582.8930786575856,1644.3524285353928,3004.429853528105,679.3573662549779,670.2087104238727,154.16587524734948,0.19571428571428573,0.24571428571428572,0.0
PHASE 3B,882,706400,704,2582.8930786575856,1644.3524285353928,3004.429853528105,679.3573662549779,670.2087104238727,154.16587524734948,0.19571428571428573,0.24571428571428572,0.0
PHASE 3B,883,707200,704,2582.8930786575856,1644.3524285353928,3004.429853528105,679.3573662549779,670.2087104238727,154.16587524734948,0.19571428571428573,0.24571428571428572,0.0
PHASE 3B,884,708000,708,2590.72029894829,1644.3524285353928,3004.429853528105,682.1029351245429,672.1915027744634,154.55323263116802,0.19571428571428573,0.24571428571428572,0.0
PHASE 3B,885,708800,708,2590.72029894829,1644.3524285353928,3004.429853528105,682.102935124543,672.1915027744634,154.55323263116802,0.19571428571428573,0.24571428571428572,0.0
PHASE 3B,886,709600,708,2590.72029894829,1644.3524285353928,3004.429853528105,682.102935124543,672.1915027744634,154.55323263116802,0.19571428571428573,0.24571428571428572,0.0
PHASE 3B,887,710400,708,2590.72029894829,1644.3524285353928,3004.429853528105,682.102935124543,672.1915027744634,154.55323263116802,0.19571428571428573,0.24571428571428572,0.0
PHASE 3B,888,711200,708,2590.72029894829,1644.3524285353928,3004.429853528105,682.102935124543,672.1915027744634,154.55323263116802,0.19571428571428573,0.24571428571428572,0.0
PHASE 3B,889,712000,712,2582.1281449967155,1644.3524285353928,3004.429853528105,682.2269816904569,666.9431638855441,154.1197499275969,0.19571428571428573,0.24571428571428572,0.0
PHASE 3B,890,712800,712,2582.1281449967155,1644.3524285353928,3004.429853528105,682.2269816904569,666.9431638855441,154.1197499275969,0.19571428571428573,0.24571428571428572,0.0
PHASE 3B,891,713600,712,2582.1281449967155,1644.3524285353928,3004.429853528105,682.2269816904569,666.9431638855441,154.1197499275969,0.19571428571428573,0.24571428571428572,0.0
PHASE 3B,892,714400,712,2582.1281449967155,1644.3524285353928,3004.429853528105,682.2269816904569,666.9431638855441,154.1197499275969,0.19571428571428573,0.24571428571428572,0.0
PHASE 3B,893,715200,712,2582.1281449967155,1644.3524285353928,3004.429853528105,682.2269816904569,666.9431638855441,154.1197499275969,0.19571428571428573,0.24571428571428572,0.0
PHASE 3B,894,716000,716,2566.973999377852,1644.3524285353928,3004.429853528105,680.6831705204174,661.0430383668302,153.1559738113331,0.19571428571428573,0.24571428571428572,0.0
PHASE 3B,895,716800,716,2566.9739993778517,1644.3524285353928,3004.429853528105,680.6831705204173,661.0430383668302,153.1559738113331,0.19571428571428573,0.24571428571428572,0.0
PHASE 3B,896,717600,716,2566.9739993778517,1644.3524285353928,3004.429853528105,680.6831705204173,661.0430383668302,153.1559738113331,0.19571428571428573,0.24571428571428572,0.0
PHASE 3B,897,718400,716,2566.9739993778517,1644.3524285353928,3004.429853528105,680.6831705204173,661.0430383668302,153.1559738113331,0.19571428571428573,0.24571428571428572,0.0
PHASE 3B,898,719200,716,2566.9739993778517,1644.3524285353928,3004.429853528105,680.6831705204173,661.0430383668302,153.1559738113331,0.19571428571428573,0.24571428571428572,0.0
PHASE 3B,899,720000,720,2572.064554228221,1644.3524285353928,3021.939860912635,680.7222639479452,664.139879258269,153.40030137775844,0.19571428571428573,0.24571428571428572,0.0
PHASE 3B,900,720800,720,2572.0645542282214,1644.3524285353928,3021.939860912635,680.7222639479452,664.1398792582689,153.40030137775844,0.19571428571428573,0.24571428571428572,0.0
PHASE 3B,901,721600,720,2572.0645542282214,1644.3524285353928,3021.939860912635,680.7222639479452,664.1398792582689,153.40030137775844,0.19571428571428573,0.24571428571428572,0.0
PHASE 3B,902,722400,720,2572.0645542282214,1644.3524285353928,3021.939860912635,680.7222639479452,664.1398792582689,153.40030137775844,0.19571428571428573,0.24571428571428572,0.0
PHASE 3B,903,723200,720,2572.0645542282214,1644.3524285353928,3021.939860912635,680.7222639479452,664.1398792582689,153.40030137775844,0.19571428571428573,0.24571428571428572,0.0
PHASE 3B,904,724000,724,2572.6113280294057,1644.3524285353928,3021.939860912635,680.2064821283924,665.0070420425774,153.42472548231203,0.19571428571428573,0.24571428571428572,0.0
PHASE 3B,905,724800,724,2572.6113280294057,1644.3524285353928,3021.939860912635,680.2064821283924,665.0070420425774,153.42472548231203,0.19571428571428573,0.24571428571428572,0.0
PHASE 3B,906,725600,724,2572.6113280294057,1644.3524285353928,3021.939860912635,680.2064821283924,665.0070420425774,153.42472548231203,0.19571428571428573,0.24571428571428572,0.0
PHASE 3B,907,726400,724,2572.6113280294057,1644.3524285353928,3021.939860912635,680.2064821283924,665.0070420425774,153.42472548231203,0.19571428571428573,0.24571428571428572,0.0
PHASE 3B,908,727200,724,2572.6113280294057,1644.3524285353928,3021.939860912635,680.2064821283924,665.0070420425774,153.42472548231203,0.19571428571428573,0.24571428571428572,0.0
PHASE 3B,909,728000,728,2566.9388674431534,1644.3524285353928,3021.939860912635,674.1489735245984,668.6256769326167,153.02052712324974,0.19571428571428573,0.24571428571428572,0.0
PHASE 3B,910,728800,728,2566.938867443154,1644.3524285353928,3021.939860912635,674.1489735245984,668.6256769326167,153.02052712324976,0.19571428571428573,0.24571428571428572,0.0
PHASE 3B,911,729600,728,2566.938867443154,1644.3524285353928,3021.939860912635,674.1489735245984,668.6256769326167,153.02052712324976,0.19571428571428573,0.24571428571428572,0.0
PHASE 3B,912,730400,728,2566.938867443154,1644.3524285353928,3021.939860912635,674.1489735245984,668.6256769326167,153.02052712324976,0.19571428571428573,0.24571428571428572,0.0
PHASE 3B,913,731200,728,2566.938867443154,1644.3524285353928,3021.939860912635,674.1489735245984,668.6256769326167,153.02052712324976,0.19571428571428573,0.24571428571428572,0.0
PHASE 3B,914,732000,732,2555.9044739034834,1644.3524285353928,3021.939860912635,666.0125785189094,667.1307184823252,152.84514711278862,0.19571428571428573,0.24571428571428572,0.0
PHASE 3B,915,732800,732,2555.9044739034834,1644.3524285353928,3021.939860912635,666.0125785189095,667.1307184823252,152.8451471127886,0.19571428571428573,0.24571428571428572,0.0
PHASE 3B,916,733600,732,2555.9044739034834,1644.3524285353928,3021.939860912635,666.0125785189095,667.1307184823252,152.8451471127886,0.19571428571428573,0.24571428571428572,0.0
PHASE 3B,917,734400,732,2555.9044739034834,1644.3524285353928,3021.939860912635,666.0125785189095,667.1307184823252,152.8451471127886,0.19571428571428573,0.24571428571428572,0.0
PHASE 3B,918,735200,732,2555.9044739034834,1644.3524285353928,3021.939860912635,666.0125785189095,667.1307184823252,152.8451471127886,0.19571428571428573,0.24571428571428572,0.0
PHASE 3B,919,736000,736,2561.6570704103115,1644.3524285353928,3021.939860912635,667.0015942050622,669.2419040891492,153.17669651451982,0.19571428571428573,0.24571428571428572,0.0
PHASE 3B,920,736800,736,2561.657070410311,1644.3524285353928,3021.939860912635,667.0015942050621,669.2419040891492,153.17669651451982,0.19571428571428573,0.24571428571428572,0.0
PHASE 3B,921,737600,736,2561.657070410311,1644.3524285353928,3021.939860912635,667.0015942050621,669.2419040891492,153.17669651451982,0.19571428571428573,0.24571428571428572,0.0
PHASE 3B,922,738400,736,2561.657070410311,1644.3524285353928,3021.939860912635,667.0015942050621,669.2419040891492,153.17669651451982,0.19571428571428573,0.24571428571428572,0.0
PHASE 3B,923,739200,736,2561.657070410311,1644.3524285353928,3021.939860912635,667.0015942050621,669.2419040891492,153.17669651451982,0.19571428571428573,0.24571428571428572,0.0
PHASE 3B,924,740000,740,2562.3588929335115,1644.3524285353928,3021.939860912635,664.6498984217776,675.1285801181418,152.8225517992063,0.19571428571428573,0.24571428571428572,0.0
PHASE 3B,925,740800,740,2562.358892933512,1644.3524285353928,3021.939860912635,664.6498984217776,675.1285801181418,152.8225517992063,0.19571428571428573,0.24571428571428572,0.0
PHASE 3B,926,741600,740,2562.358892933512,1644.3524285353928,3021.939860912635,664.6498984217776,675.1285801181418,152.8225517992063,0.19571428571428573,0.24571428571428572,0.0
PHASE 3B,927,742400,740,2562.358892933512,1644.3524285353928,3021.939860912635,664.6498984217776,675.1285801181418,152.8225517992063,0.19571428571428573,0.24571428571428572,0.0
PHASE 3B,928,743200,740,2562.358892933512,1644.3524285353928,3021.939860912635,664.6498984217776,675.1285801181418,152.8225517992063,0.19571428571428573,0.24571428571428572,0.0
PHASE 3B,929,744000,744,2559.537751257054,1644.3524285353928,3021.939860912635,666.5474144728418,668.9009265901585,153.01117627426382,0.19571428571428573,0.24571428571428572,0.0
PHASE 3B,930,744800,744,2559.537751257054,1644.3524285353928,3021.939860912635,666.5474144728418,668.9009265901585,153.01117627426385,0.19571428571428573,0.24571428571428572,0.0
PHASE 3B,931,745600,744,2559.537751257054,1644.3524285353928,3021.939860912635,666.5474144728418,668.9009265901585,153.01117627426385,0.19571428571428573,0.24571428571428572,0.0
PHASE 3B,932,746400,744,2559.537751257054,1644.3524285353928,3021.939860912635,666.5474144728418,668.9009265901585,153.01117627426385,0.19571428571428573,0.24571428571428572,0.0
PHASE 3B,933,747200,744,2559.537751257054,1644.3524285353928,3021.939860912635,666.5474144728418,668.9009265901585,153.01117627426385,0.19571428571428573,0.24571428571428572,0.0
PHASE 3B,934,748000,748,2549.515174041381,1644.3524285353928,3021.939860912635,657.0777841602676,667.4370509736634,153.12504236343824,0.19571428571428573,0.24571428571428572,0.0
PHASE 3B,935,748800,748,2549.515174041381,1644.3524285353928,3021.939860912635,657.0777841602676,667.4370509736634,153.1250423634382,0.19571428571428573,0.24571428571428572,0.0
PHASE 3B,936,749600,748,2549.515174041381,1644.3524285353928,3021.939860912635,657.0777841602676,667.4370509736634,153.1250423634382,0.19571428571428573,0.24571428571428572,0.0
PHASE 3B,937,750400,748,2549.515174041381,1644.3524285353928,3021.939860912635,657.0777841602676,667.4370509736634,153.1250423634382,0.19571428571428573,0.24571428571428572,0.0
PHASE 3B,938,751200,748,2549.515174041381,1644.3524285353928,3021.939860912635,657.0777841602676,667.4370509736634,153.1250423634382,0.19571428571428573,0.24571428571428572,0.0
PHASE 3B,939,752000,752,2548.261475848302,1644.3524285353928,3021.939860912635,652.6706015431148,669.5762320223843,153.2518302853571,0.19571428571428573,0.24571428571428572,0.0
PHASE 3B,940,752800,752,2548.261475848302,1644.3524285353928,3021.939860912635,652.6706015431148,669.5762320223844,153.2518302853571,0.19571428571428573,0.24571428571428572,0.0
PHASE 3B,941,753600,752,2548.261475848302,1644.3524285353928,3021.939860912635,652.6706015431148,669.5762320223844,153.2518302853571,0.19571428571428573,0.24571428571428572,0.0
PHASE 3B,942,754400,752,2548.261475848302,1644.3524285353928,3021.939860912635,652.6706015431148,669.5762320223844,153.2518302853571,0.19571428571428573,0.24571428571428572,0.0
PHASE 3B,943,755200,752,2548.261475848302,1644.3524285353928,3021.939860912635,652.6706015431148,669.5762320223844,153.2518302853571,0.19571428571428573,0.24571428571428572,0.0
PHASE 3B,944,756000,756,2551.779526177615,1644.3524285353928,3021.939860912635,650.5925538312722,676.3158750978416,153.10888715606927,0.19571428571428573,0.24571428571428572,0.0
PHASE 3B,945,756800,756,2551.7795261776146,1644.3524285353928,3021.939860912635,650.5925538312722,676.3158750978417,153.1088871560693,0.19571428571428573,0.24571428571428572,0.0
PHASE 3B,946,757600,756,2551.7795261776146,1644.3524285353928,3021.939860912635,650.5925538312722,676.3158750978417,153.1088871560693,0.19571428571428573,0.24571428571428572,0.0
PHASE 3B,947,758400,756,2551.7795261776146,1644.3524285353928,3021.939860912635,650.5925538312722,676.3158750978417,153.1088871560693,0.19571428571428573,0.24571428571428572,0.0
PHASE 3B,948,759200,756,2551.7795261776146,1644.3524285353928,3021.939860912635,650.5925538312722,676.3158750978417,153.1088871560693,0.19571428571428573,0.24571428571428572,0.0
PHASE 3B,949,760000,760,2540.9625861605546,1644.3524285353928,3021.939860912635,647.6036770530076,670.5557951890537,152.85038923981838,0.19571428571428573,0.24571428571428572,0.0
PHASE 3B,950,760800,760,2540.9625861605546,1644.3524285353928,3021.939860912635,647.6036770530077,670.5557951890536,152.85038923981838,0.19571428571428573,0.24571428571428572,0.0
PHASE 3B,951,761600,760,2540.9625861605546,1644.3524285353928,3021.939860912635,647.6036770530077,670.5557951890536,152.85038923981838,0.19571428571428573,0.24571428571428572,0.0
PHASE 3B,952,762400,760,2540.9625861605546,1644.3524285353928,3021.939860912635,647.6036770530077,670.5557951890536,152.85038923981838,0.19571428571428573,0.24571428571428572,0.0
PHASE 3B,953,763200,760,2540.9625861605546,1644.3524285353928,3021.939860912635,647.6036770530077,670.5557951890536,152.85038923981838,0.19571428571428573,0.24571428571428572,0.0
PHASE 3B,954,764000,764,2538.71808067339,1644.3524285353928,3021.939860912635,642.2524449969451,671.2414996291742,153.1530170059154,0.19571428571428573,0.24571428571428572,0.0
PHASE 3B,955,764800,764,2538.71808067339,1644.3524285353928,3021.939860912635,642.2524449969452,671.2414996291742,153.1530170059154,0.19571428571428573,0.24571428571428572,0.0
PHASE 3B,956,765600,764,2538.71808067339,1644.3524285353928,3021.939860912635,642.2524449969452,671.2414996291742,153.1530170059154,0.19571428571428573,0.24571428571428572,0.0
PHASE 3B,957,766400,764,2538.71808067339,1644.3524285353928,3021.939860912635,642.2524449969452,671.2414996291742,153.1530170059154,0.19571428571428573,0.24571428571428572,0.0
PHASE 3B,958,767200,764,2538.71808067339,1644.3524285353928,3021.939860912635,642.2524449969452,671.2414996291742,153.1530170059154,0.19571428571428573,0.24571428571428572,0.0
PHASE 3B,959,768000,768,2546.3238743049033,1644.3524285353928,3021.939860912635,644.5933069841894,676.7273108463252,153.12540705930508,0.19571428571428573,0.24571428571428572,0.0
PHASE 3B,960,768800,768,2546.3238743049037,1644.3524285353928,3021.939860912635,644.5933069841894,676.7273108463252,153.12540705930508,0.19571428571428573,0.24571428571428572,0.0
PHASE 3B,961,769600,768,2546.3238743049037,1644.3524285353928,3021.939860912635,644.5933069841894,676.7273108463252,153.12540705930508,0.19571428571428573,0.24571428571428572,0.0
PHASE 3B,962,770400,768,2546.3238743049037,1644.3524285353928,3021.939860912635,644.5933069841894,676.7273108463252,153.12540705930508,0.19571428571428573,0.24571428571428572,0.0
PHASE 3B,963,771200,768,2546.3238743049037,1644.3524285353928,3021.939860912635,644.5933069841894,676.7273108463252,153.12540705930508,0.19571428571428573,0.24571428571428572,0.0
PHASE 3B,964,772000,772,2553.4591372580226,1644.3524285353928,3021.939860912635,650.7086395799033,674.3126312567957,153.55473330267176,0.19571428571428573,0.24571428571428572,0.0
PHASE 3B,965,772800,772,2553.4591372580226,1644.3524285353928,3021.939860912635,650.7086395799034,674.3126312567956,153.55473330267176,0.19571428571428573,0.24571428571428572,0.0
PHASE 3B,966,773600,772,2553.4591372580226,1644.3524285353928,3021.939860912635,650.7086395799034,674.3126312567956,153.55473330267176,0.19571428571428573,0.24571428571428572,0.0
PHASE 3B,967,774400,772,2553.4591372580226,1644.3524285353928,3021.939860912635,650.7086395799034,674.3126312567956,153.55473330267176,0.19571428571428573,0.24571428571428572,0.0
PHASE 3B,968,775200,772,2553.4591372580226,1644.3524285353928,3021.939860912635,650.7086395799034,674.3126312567956,153.55473330267176,0.19571428571428573,0.24571428571428572,0.0
PHASE 3B,969,776000,776,2554.8109205401374,1644.3524285353928,3021.939860912635,649.8290464040792,674.7199592444803,153.7827393614535,0.19571428571428573,0.24571428571428572,0.0
PHASE 3B,970,776800,776,2554.8109205401374,1644.3524285353928,3021.939860912635,649.8290464040792,674.7199592444802,153.7827393614535,0.19571428571428573,0.24571428571428572,0.0
PHASE 3B,971,777600,776,2554.8109205401374,1644.3524285353928,3021.939860912635,649.8290464040792,674.7199592444802,153.7827393614535,0.19571428571428573,0.24571428571428572,0.0
PHASE 3B,972,778400,776,2554.8109205401374,1644.3524285353928,3021.939860912635,649.8290464040792,674.7199592444802,153.7827393614535,0.19571428571428573,0.24571428571428572,0.0
PHASE 3B,973,779200,776,2554.8109205401374,1644.3524285353928,3021.939860912635,649.8290464040792,674.7199592444802,153.7827393614535,0.19571428571428573,0.24571428571428572,0.0
PHASE 3B,974,780000,780,2560.55872470368,1644.3524285353928,3021.939860912635,650.7080480751227,679.304498269287,153.8182722949149,0.19571428571428573,0.24571428571428572,0.0
PHASE 3B,975,780800,780,2560.55872470368,1644.3524285353928,3021.939860912635,650.7080480751227,679.3044982692871,153.8182722949149,0.19571428571428573,0.24571428571428572,0.0
PHASE 3B,976,781600,780,2560.55872470368,1644.3524285353928,3021.939860912635,650.7080480751227,679.3044982692871,153.8182722949149,0.19571428571428573,0.24571428571428572,0.0
PHASE 3B,977,782400,780,2560.55872470368,1644.3524285353928,3021.939860912635,650.7080480751227,679.3044982692871,153.8182722949149,0.19571428571428573,0.24571428571428572,0.0
PHASE 3B,978,783200,780,2560.55872470368,1644.3524285353928,3021.939860912635,650.7080480751227,679.3044982692871,153.8182722949149,0.19571428571428573,0.24571428571428572,0.0
PHASE 3B,979,784000,784,2555.863716045288,1644.3524285353928,3021.939860912635,650.9539641564895,676.707204668132,153.52531840258933,0.19571428571428573,0.24571428571428572,0.0
PHASE 3B,980,784800,784,2555.863716045289,1644.3524285353928,3021.939860912635,650.9539641564894,676.7072046681321,153.52531840258933,0.19571428571428573,0.24571428571428572,0.0
PHASE 3B,981,785600,784,2555.863716045289,1644.3524285353928,3021.939860912635,650.9539641564894,676.7072046681321,153.52531840258933,0.19571428571428573,0.24571428571428572,0.0
PHASE 3B,982,786400,784,2555.863716045289,1644.3524285353928,3021.939860912635,650.9539641564894,676.7072046681321,153.52531840258933,0.19571428571428573,0.24571428571428572,0.0
PHASE 3B,983,787200,784,2555.863716045289,1644.3524285353928,3021.939860912635,650.9539641564894,676.7072046681321,153.52531840258933,0.19571428571428573,0.24571428571428572,0.0
PHASE 3B,984,788000,788,2557.2075427948557,1644.3524285353928,3021.939860912635,648.3880202860125,680.7978929828266,153.5027036907579,0.19571428571428573,0.24571428571428572,0.0
PHASE 3B,985,788800,788,2557.2075427948553,1644.3524285353928,3021.939860912635,648.3880202860126,680.7978929828266,153.5027036907579,0.19571428571428573,0.24571428571428572,0.0
PHASE 3B,986,789600,788,2557.2075427948553,1644.3524285353928,3021.939860912635,648.3880202860126,680.7978929828266,153.5027036907579,0.19571428571428573,0.24571428571428572,0.0
PHASE 3B,987,790400,788,2557.2075427948553,1644.3524285353928,3021.939860912635,648.3880202860126,680.7978929828266,153.5027036907579,0.19571428571428573,0.24571428571428572,0.0
PHASE 3B,988,791200,788,2557.2075427948553,1644.3524285353928,3021.939860912635,648.3880202860126,680.7978929828266,153.5027036907579,0.19571428571428573,0.24571428571428572,0.0
PHASE 3B,989,792000,792,2562.1363528127054,1644.3524285353928,3021.939860912635,649.3442240608081,683.3139323846154,153.684774545916,0.19571428571428573,0.24571428571428572,0.0
PHASE 3B,990,792800,792,2562.1363528127054,1644.3524285353928,3021.939860912635,649.3442240608081,683.3139323846153,153.68477454591604,0.19571428571428573,0.24571428571428572,0.0
PHASE 3B,991,793600,792,2562.1363528127054,1644.3524285353928,3021.939860912635,649.3442240608081,683.3139323846153,153.68477454591604,0.19571428571428573,0.24571428571428572,0.0
PHASE 3B,992,794400,792,2562.1363528127054,1644.3524285353928,3021.939860912635,649.3442240608081,683.3139323846153,153.68477454591604,0.19571428571428573,0.24571428571428572,0.0
PHASE 3B,993,795200,792,2562.1363528127054,1644.3524285353928,3021.939860912635,649.3442240608081,683.3139323846153,153.68477454591604,0.19571428571428573,0.24571428571428572,0.0
PHASE 3B,994,796000,796,2566.7652504290513,1644.3524285353928,3021.939860912635,654.2730315865872,685.6630614603013,153.3536446727762,0.19571428571428573,0.24571428571428572,0.0
PHASE 3B,995,796800,796,2566.7652504290513,1644.3524285353928,3021.939860912635,654.2730315865872,685.6630614603013,153.35364467277617,0.19571428571428573,0.24571428571428572,0.0
PHASE 3B,996,797600,796,2566.7652504290513,1644.3524285353928,3021.939860912635,654.2730315865872,685.6630614603013,153.35364467277617,0.19571428571428573,0.24571428571428572,0.0
PHASE 3B,997,798400,796,2566.7652504290513,1644.3524285353928,3021.939860912635,654.2730315865872,685.6630614603013,153.35364467277617,0.19571428571428573,0.24571428571428572,0.0
PHASE 3B,998,799200,796,2566.7652504290513,1644.3524285353928,3021.939860912635,654.2730315865872,685.6630614603013,153.35364467277617,0.19571428571428573,0.24571428571428572,0.0
PHASE 3B,999,800000,800,2556.2124284424576,1644.3524285353928,3021.939860912635,648.8084955099984,683.9664730671072,152.92968248317487,0.19571428571428573,0.24571428571428572,0.0
PHASE 3B,1000,800800,800,2556.212428442457,1644.3524285353928,3021.939860912635,648.8084955099984,683.9664730671075,152.9296824831749,0.19571428571428573,0.24571428571428572,0.0
PHASE 3B,1001,801600,800,2556.212428442457,1644.3524285353928,3021.939860912635,648.8084955099984,683.9664730671075,152.9296824831749,0.19571428571428573,0.24571428571428572,0.0
PHASE 3B,1002,802400,800,2556.212428442457,1644.3524285353928,3021.939860912635,648.8084955099984,683.9664730671075,152.9296824831749,0.19571428571428573,0.24571428571428572,0.0
PHASE 3B,1003,803200,800,2556.212428442457,1644.3524285353928,3021.939860912635,648.8084955099984,683.9664730671075,152.9296824831749,0.19571428571428573,0.24571428571428572,0.0
PHASE 3B,1004,804000,804,2564.141999651827,1882.8806688401125,3021.939860912635,648.1794923915405,690.2055101862435,153.21962463426132,0.19571428571428573,0.24571428571428572,0.0
PHASE 3B,1005,804800,804,2564.1419996518275,1882.8806688401125,3021.939860912635,648.1794923915403,690.2055101862434,153.21962463426135,0.19571428571428573,0.24571428571428572,0.0
PHASE 3B,1006,805600,804,2564.1419996518275,1882.8806688401125,3021.939860912635,648.1794923915403,690.2055101862434,153.21962463426135,0.19571428571428573,0.24571428571428572,0.0
PHASE 3B,1007,806400,804,2564.1419996518275,1882.8806688401125,3021.939860912635,648.1794923915403,690.2055101862434,153.21962463426135,0.19571428571428573,0.24571428571428572,0.0
PHASE 3B,1008,807200,804,2564.1419996518275,1882.8806688401125,3021.939860912635,648.1794923915403,690.2055101862434,153.21962463426135,0.19571428571428573,0.24571428571428572,0.0
PHASE 3B,1009,808000,808,2568.823845508962,1882.8806688401125,3021.939860912635,648.2899699431084,692.235400156955,153.53730942611818,0.19571428571428573,0.24571428571428572,0.0
PHASE 3B,1010,808800,808,2568.823845508962,1882.8806688401125,3021.939860912635,648.2899699431084,692.2354001569548,153.53730942611818,0.19571428571428573,0.24571428571428572,0.0
PHASE 3B,1011,809600,808,2568.823845508962,1882.8806688401125,3021.939860912635,648.2899699431084,692.2354001569548,153.53730942611818,0.19571428571428573,0.24571428571428572,0.0
PHASE 3B,1012,810400,808,2568.823845508962,1882.8806688401125,3021.939860912635,648.2899699431084,692.2354001569548,153.53730942611818,0.19571428571428573,0.24571428571428572,0.0
PHASE 3B,1013,811200,808,2568.823845508962,1882.8806688401125,3021.939860912635,648.2899699431084,692.2354001569548,153.53730942611818,0.19571428571428573,0.24571428571428572,0.0
PHASE 3B,1014,812000,812,2581.897104968747,1882.8806688401125,3021.939860912635,649.1966359456501,698.259277940085,154.30514888538235,0.19571428571428573,0.24571428571428572,0.0
PHASE 3B,1015,812800,812,2581.897104968747,1882.8806688401125,3021.939860912635,649.1966359456501,698.2592779400853,154.30514888538232,0.19571428571428573,0.24571428571428572,0.0
PHASE 3B,1016,813600,812,2581.897104968747,1882.8806688401125,3021.939860912635,649.1966359456501,698.2592779400853,154.30514888538232,0.19571428571428573,0.24571428571428572,0.0
PHASE 3B,1017,814400,812,2581.897104968747,1882.8806688401125,3021.939860912635,649.1966359456501,698.2592779400853,154.30514888538232,0.19571428571428573,0.24571428571428572,0.0
PHASE 3B,1018,815200,812,2581.897104968747,1882.8806688401125,3021.939860912635,649.1966359456501,698.2592779400853,154.30514888538232,0.19571428571428573,0.24571428571428572,0.0
PHASE 3B,1019,816000,816,2592.711939542174,1882.8806688401125,3021.939860912635,653.1692312497163,698.5929114936719,155.11872459985395,0.19571428571428573,0.24571428571428572,0.0
PHASE 3B,1020,816800,816,2592.711939542174,1882.8806688401125,3021.939860912635,653.1692312497163,698.5929114936717,155.11872459985395,0.19571428571428573,0.24571428571428572,0.0
PHASE 3B,1021,817600,816,2592.711939542174,1882.8806688401125,3021.939860912635,653.1692312497163,698.5929114936717,155.11872459985395,0.19571428571428573,0.24571428571428572,0.0
PHASE 3B,1022,818400,816,2592.711939542174,1882.8806688401125,3021.939860912635,653.1692312497163,698.5929114936717,155.11872459985395,0.19571428571428573,0.24571428571428572,0.0
PHASE 3B,1023,819200,816,2592.711939542174,1882.8806688401125,3021.939860912635,653.1692312497163,698.5929114936717,155.11872459985395,0.19571428571428573,0.24571428571428572,0.0
PHASE 3B,1024,820000,820,2595.240489079457,1882.8806688401125,3044.641234308576,657.0548681736385,697.4460527564536,155.09244601867627,0.19571428571428573,0.24571428571428572,0.0
PHASE 3B,1025,820800,820,2595.2404890794564,1882.8806688401125,3044.641234308576,657.0548681736385,697.4460527564537,155.0924460186763,0.19571428571428573,0.24571428571428572,0.0
PHASE 3B,1026,821600,820,2595.2404890794564,1882.8806688401125,3044.641234308576,657.0548681736385,697.4460527564537,155.0924460186763,0.19571428571428573,0.24571428571428572,0.0
PHASE 3B,1027,822400,820,2595.2404890794564,1882.8806688401125,3044.641234308576,657.0548681736385,697.4460527564537,155.0924460186763,0.19571428571428573,0.24571428571428572,0.0
PHASE 3B,1028,823200,820,2595.2404890794564,1882.8806688401125,3044.641234308576,657.0548681736385,697.4460527564537,155.0924460186763,0.19571428571428573,0.24571428571428572,0.0
PHASE 3B,1029,824000,824,2594.451423124009,1882.8806688401125,3044.641234308576,657.4214742459947,696.6882448661335,155.0427130014909,0.19571428571428573,0.24571428571428572,0.0
PHASE 3B,1030,824800,824,2594.4514231240096,1882.8806688401125,3044.641234308576,657.4214742459944,696.6882448661335,155.0427130014909,0.19571428571428573,0.24571428571428572,0.0
PHASE 3B,1031,825600,824,2594.4514231240096,1882.8806688401125,3044.641234308576,657.4214742459944,696.6882448661335,155.0427130014909,0.19571428571428573,0.24571428571428572,0.0
PHASE 3B,1032,826400,824,2594.4514231240096,1882.8806688401125,3044.641234308576,657.4214742459944,696.6882448661335,155.0427130014909,0.19571428571428573,0.24571428571428572,0.0
PHASE 3B,1033,827200,824,2594.4514231240096,1882.8806688401125,3044.641234308576,657.4214742459944,696.6882448661335,155.0427130014909,0.19571428571428573,0.24571428571428572,0.0
PHASE 3B,1034,828000,828,2605.0612760447284,1882.8806688401125,3044.641234308576,662.2871723398093,697.362328559876,155.67647189313612,0.19571428571428573,0.24571428571428572,0.0
PHASE 3B,1035,828800,828,2605.0612760447284,1882.8806688401125,3044.641234308576,662.2871723398093,697.3623285598762,155.67647189313612,0.19571428571428573,0.24571428571428572,0.0
PHASE 3B,1036,829600,828,2605.0612760447284,1882.8806688401125,3044.641234308576,662.2871723398093,697.3623285598762,155.67647189313612,0.19571428571428573,0.24571428571428572,0.0
PHASE 3B,1037,830400,828,2605.0612760447284,1882.8806688401125,3044.641234308576,662.2871723398093,697.3623285598762,155.67647189313612,0.19571428571428573,0.24571428571428572,0.0
PHASE 3B,1038,831200,828,2605.0612760447284,1882.8806688401125,3044.641234308576,662.2871723398093,697.3623285598762,155.67647189313612,0.19571428571428573,0.24571428571428572,0.0
PHASE 3B,1039,832000,832,2617.328793485068,1915.3750856058798,3044.641234308576,671.7925143359346,698.0115023332967,155.94059710198516,0.19571428571428573,0.24571428571428572,0.0
PHASE 3B,1040,832800,832,2617.328793485068,1915.3750856058798,3044.641234308576,671.7925143359346,698.0115023332967,155.94059710198516,0.19571428571428573,0.24571428571428572,0.0
PHASE 3B,1041,833600,832,2617.328793485068,1915.3750856058798,3044.641234308576,671.7925143359346,698.0115023332967,155.94059710198516,0.19571428571428573,0.24571428571428572,0.0
PHASE 3B,1042,834400,832,2617.328793485068,1915.3750856058798,3044.641234308576,671.7925143359346,698.0115023332967,155.94059710198516,0.19571428571428573,0.24571428571428572,0.0
PHASE 3B,1043,835200,832,2617.328793485068,1915.3750856058798,3044.641234308576,671.7925143359346,698.0115023332967,155.94059710198516,0.19571428571428573,0.24571428571428572,0.0
PHASE 3B,1044,836000,836,2616.9672598928846,1915.3750856058798,3044.641234308576,672.8290204629095,695.3326778202205,156.10069520122482,0.19571428571428573,0.24571428571428572,0.0
PHASE 3B,1045,836800,836,2616.9672598928846,1915.3750856058798,3044.641234308576,672.8290204629094,695.3326778202207,156.10069520122482,0.19571428571428573,0.24571428571428572,0.0
PHASE 3B,1046,837600,836,2616.9672598928846,1915.3750856058798,3044.641234308576,672.8290204629094,695.3326778202207,156.10069520122482,0.19571428571428573,0.24571428571428572,0.0
PHASE 3B,1047,838400,836,2616.9672598928846,1915.3750856058798,3044.641234308576,672.8290204629094,695.3326778202207,156.10069520122482,0.19571428571428573,0.24571428571428572,0.0
PHASE 3B,1048,839200,836,2616.9672598928846,1915.3750856058798,3044.641234308576,672.8290204629094,695.3326778202207,156.10069520122482,0.19571428571428573,0.24571428571428572,0.0
PHASE 3B,1049,840000,840,2623.409337677432,1915.3750856058798,3044.641234308576,676.112320656722,694.605061109628,156.58649448889074,0.19571428571428573,0.24571428571428572,0.0
PHASE 3B,1050,840800,840,2623.409337677432,1915.3750856058798,3044.641234308576,676.112320656722,694.605061109628,156.58649448889074,0.19571428571428573,0.24571428571428572,0.0
PHASE 3B,1051,841600,840,2623.409337677432,1915.3750856058798,3044.641234308576,676.112320656722,694.605061109628,156.58649448889074,0.19571428571428573,0.24571428571428572,0.0
PHASE 3B,1052,842400,840,2623.409337677432,1915.3750856058798,3044.641234308576,676.112320656722,694.605061109628,156.58649448889074,0.19571428571428573,0.24571428571428572,0.0
PHASE 3B,1053,843200,840,2623.409337677432,1915.3750856058798,3044.641234308576,676.112320656722,694.605061109628,156.58649448889074,0.19571428571428573,0.24571428571428572,0.0
PHASE 3B,1054,844000,844,2617.436958964603,1852.3260235886723,3044.641234308576,673.5066363198061,692.904636985892,156.37821070736848,0.19571428571428573,0.24571428571428572,0.0
PHASE 3B,1055,844800,844,2617.4369589646035,1852.3260235886723,3044.641234308576,673.5066363198063,692.904636985892,156.37821070736848,0.19571428571428573,0.24571428571428572,0.0
PHASE 3B,1056,845600,844,2617.4369589646035,1852.3260235886723,3044.641234308576,673.5066363198063,692.904636985892,156.37821070736848,0.19571428571428573,0.24571428571428572,0.0
PHASE 3B,1057,846400,844,2617.4369589646035,1852.3260235886723,3044.641234308576,673.5066363198063,692.904636985892,156.37821070736848,0.19571428571428573,0.24571428571428572,0.0
PHASE 3B,1058,847200,844,2617.4369589646035,1852.3260235886723,3044.641234308576,673.5066363198063,692.904636985892,156.37821070736848,0.19571428571428573,0.24571428571428572,0.0
PHASE 3B,1059,848000,848,2623.999008150517,1852.3260235886723,3044.641234308576,683.2932555324061,688.8516891705051,156.48175793095618,0.19571428571428573,0.24571428571428572,0.0
PHASE 3B,1060,848800,848,2623.9990081505175,1852.3260235886723,3044.641234308576,683.2932555324059,688.8516891705053,156.48175793095618,0.19571428571428573,0.24571428571428572,0.0
PHASE 3B,1061,849600,848,2623.9990081505175,1852.3260235886723,3044.641234308576,683.2932555324059,688.8516891705053,156.48175793095618,0.19571428571428573,0.24571428571428572,0.0
PHASE 3B,1062,850400,848,2623.9990081505175,1852.3260235886723,3044.641234308576,683.2932555324059,688.8516891705053,156.48175793095618,0.19571428571428573,0.24571428571428572,0.0
PHASE 3B,1063,851200,848,2623.9990081505175,1852.3260235886723,3044.641234308576,683.2932555324059,688.8516891705053,156.48175793095618,0.19571428571428573,0.24571428571428572,0.0
PHASE 3B,1064,852000,852,2624.9309258636076,1852.3260235886723,3044.641234308576,690.3430373795669,683.667357210678,156.36506640917588,0.19571428571428573,0.24571428571428572,0.0
PHASE 3B,1065,852800,852,2624.9309258636076,1852.3260235886723,3044.641234308576,690.3430373795671,683.6673572106778,156.36506640917585,0.19571428571428573,0.24571428571428572,0.0
PHASE 3B,1066,853600,852,2624.9309258636076,1852.3260235886723,3044.641234308576,690.3430373795671,683.6673572106778,156.36506640917585,0.19571428571428573,0.24571428571428572,0.0
PHASE 3B,1067,854400,852,2624.9309258636076,1852.3260235886723,3044.641234308576,690.3430373795671,683.6673572106778,156.36506640917585,0.19571428571428573,0.24571428571428572,0.0
PHASE 3B,1068,855200,852,2624.9309258636076,1852.3260235886723,3044.641234308576,690.3430373795671,683.6673572106778,156.36506640917585,0.19571428571428573,0.24571428571428572,0.0
PHASE 3B,1069,856000,856,2625.1477209168,1852.3260235886723,3044.641234308576,693.1023688385872,682.2610022580271,156.22304372752882,0.19571428571428573,0.24571428571428572,0.0
PHASE 3B,1070,856800,856,2625.1477209167997,1852.3260235886723,3044.641234308576,693.102368838587,682.2610022580271,156.22304372752882,0.19571428571428573,0.24571428571428572,0.0
PHASE 3B,1071,857600,856,2625.1477209167997,1852.3260235886723,3044.641234308576,693.102368838587,682.2610022580271,156.22304372752882,0.19571428571428573,0.24571428571428572,0.0
PHASE 3B,1072,858400,856,2625.1477209167997,1852.3260235886723,3044.641234308576,693.102368838587,682.2610022580271,156.22304372752882,0.19571428571428573,0.24571428571428572,0.0
PHASE 3B,1073,859200,856,2625.1477209167997,1852.3260235886723,3044.641234308576,693.102368838587,682.2610022580271,156.22304372752882,0.19571428571428573,0.24571428571428572,0.0
PHASE 3B,1074,860000,860,2621.0008918553426,1557.8144636591937,3044.641234308576,696.0741695320125,679.0817103560375,155.7306264959172,0.19571428571428573,0.24571428571428572,0.0
PHASE 3B,1075,860800,860,2621.000891855342,1557.8144636591937,3044.641234308576,696.0741695320128,679.0817103560377,155.7306264959172,0.19571428571428573,0.24571428571428572,0.0
PHASE 3B,1076,861600,860,2621.000891855342,1557.8144636591937,3044.641234308576,696.0741695320128,679.0817103560377,155.7306264959172,0.19571428571428573,0.24571428571428572,0.0
PHASE 3B,1077,862400,860,2621.000891855342,1557.8144636591937,3044.641234308576,696.0741695320128,679.0817103560377,155.7306264959172,0.19571428571428573,0.24571428571428572,0.0
PHASE 3B,1078,863200,860,2621.000891855342,1557.8144636591937,3044.641234308576,696.0741695320128,679.0817103560377,155.7306264959172,0.19571428571428573,0.24571428571428572,0.0
PHASE 3B,1079,864000,864,2626.4835630192597,1557.8144636591937,3044.641234308576,704.4783230478017,675.8885753465374,155.76458307812078,0.19571428571428573,0.24571428571428572,0.0
PHASE 3B,1080,864800,864,2626.4835630192597,1557.8144636591937,3044.641234308576,704.4783230478015,675.8885753465374,155.76458307812078,0.19571428571428573,0.24571428571428572,0.0
PHASE 3B,1081,865600,864,2626.4835630192597,1557.8144636591937,3044.641234308576,704.4783230478015,675.8885753465374,155.76458307812078,0.19571428571428573,0.24571428571428572,0.0
PHASE 3B,1082,866400,864,2626.4835630192597,1557.8144636591937,3044.641234308576,704.4783230478015,675.8885753465374,155.76458307812078,0.19571428571428573,0.24571428571428572,0.0
PHASE 3B,1083,867200,864,2626.4835630192597,1557.8144636591937,3044.641234308576,704.4783230478015,675.8885753465374,155.76458307812078,0.19571428571428573,0.24571428571428572,0.0
PHASE 3B,1084,868000,868,2615.5593611978475,1557.8144636591937,3044.641234308576,693.4477543006027,676.6700577296921,155.6801936459498,0.19571428571428573,0.24571428571428572,0.0
PHASE 3B,1085,868800,868,2615.559361197848,1557.8144636591937,3044.641234308576,693.4477543006026,676.670057729692,155.6801936459498,0.19571428571428573,0.24571428571428572,0.0
PHASE 3B,1086,869600,868,2615.559361197848,1557.8144636591937,3044.641234308576,693.4477543006026,676.670057729692,155.6801936459498,0.19571428571428573,0.24571428571428572,0.0
PHASE 3B,1087,870400,868,2615.559361197848,1557.8144636591937,3044.641234308576,693.4477543006026,676.670057729692,155.6801936459498,0.19571428571428573,0.24571428571428572,0.0
PHASE 3B,1088,871200,868,2615.559361197848,1557.8144636591937,3044.641234308576,693.4477543006026,676.670057729692,155.6801936459498,0.19571428571428573,0.24571428571428572,0.0
PHASE 3B,1089,872000,872,2610.2454952166563,1557.8144636591937,3044.641234308576,690.3447256544683,676.6200445731984,155.41009062362946,0.19571428571428573,0.24571428571428572,0.0
PHASE 3B,1090,872800,872,2610.2454952166563,1557.8144636591937,3044.641234308576,690.3447256544683,676.6200445731986,155.41009062362946,0.19571428571428573,0.24571428571428572,0.0
PHASE 3B,1091,873600,872,2610.2454952166563,1557.8144636591937,3044.641234308576,690.3447256544683,676.6200445731986,155.41009062362946,0.19571428571428573,0.24571428571428572,0.0
PHASE 3B,1092,874400,872,2610.2454952166563,1557.8144636591937,3044.641234308576,690.3447256544683,676.6200445731986,155.41009062362946,0.19571428571428573,0.24571428571428572,0.0
PHASE 3B,1093,875200,872,2610.2454952166563,1557.8144636591937,3044.641234308576,690.3447256544683,676.6200445731986,155.41009062362946,0.19571428571428573,0.24571428571428572,0.0
PHASE 3B,1094,876000,876,2611.1573395630317,1557.8144636591937,3044.641234308576,691.2177912205844,676.2519455414485,155.46095035013062,0.19571428571428573,0.24571428571428572,0.0
PHASE 3B,1095,876800,876,2611.1573395630326,1557.8144636591937,3044.641234308576,691.2177912205847,676.2519455414487,155.46095035013062,0.19571428571428573,0.24571428571428572,0.0
PHASE 3B,1096,877600,876,2611.1573395630326,1557.8144636591937,3044.641234308576,691.2177912205847,676.2519455414487,155.46095035013062,0.19571428571428573,0.24571428571428572,0.0
PHASE 3B,1097,878400,876,2611.1573395630326,1557.8144636591937,3044.641234308576,691.2177912205847,676.2519455414487,155.46095035013062,0.19571428571428573,0.24571428571428572,0.0
PHASE 3B,1098,879200,876,2611.1573395630326,1557.8144636591937,3044.641234308576,691.2177912205847,676.2519455414487,155.46095035013062,0.19571428571428573,0.24571428571428572,0.0
PHASE 3B,1099,880000,880,2612.045458275865,1557.8144636591937,3044.641234308576,694.0092945764949,674.6485228947522,155.42345510058294,0.19571428571428573,0.24571428571428572,0.0
PHASE 3B,1100,880800,880,2612.0454582758643,1557.8144636591937,3044.641234308576,694.0092945764945,674.6485228947522,155.42345510058294,0.19571428571428573,0.24571428571428572,0.0
PHASE 3B,1101,881600,880,2612.0454582758643,1557.8144636591937,3044.641234308576,694.0092945764945,674.6485228947522,155.42345510058294,0.19571428571428573,0.24571428571428572,0.0
PHASE 3B,1102,882400,880,2612.0454582758643,1557.8144636591937,3044.641234308576,694.0092945764945,674.6485228947522,155.42345510058294,0.19571428571428573,0.24571428571428572,0.0
PHASE 3B,1103,883200,880,2612.0454582758643,1557.8144636591937,3044.641234308576,694.0092945764945,674.6485228947522,155.42345510058294,0.19571428571428573,0.24571428571428572,0.0
PHASE 3B,1104,884000,884,2608.8855938030074,1557.8144636591937,3044.641234308576,694.1168865720548,675.1790990970693,154.94870101674144,0.19571428571428573,0.24571428571428572,0.0
PHASE 3B,1105,884800,884,2608.8855938030074,1557.8144636591937,3044.641234308576,694.1168865720548,675.1790990970693,154.94870101674144,0.19571428571428573,0.24571428571428572,0.0
PHASE 3B,1106,885600,884,2608.8855938030074,1557.8144636591937,3044.641234308576,694.1168865720548,675.1790990970693,154.94870101674144,0.19571428571428573,0.24571428571428572,0.0
PHASE 3B,1107,886400,884,2608.8855938030074,1557.8144636591937,3044.641234308576,694.1168865720548,675.1790990970693,154.94870101674144,0.19571428571428573,0.24571428571428572,0.0
PHASE 3B,1108,887200,884,2608.8855938030074,1557.8144636591937,3044.641234308576,694.1168865720548,675.1790990970693,154.94870101674144,0.19571428571428573,0.24571428571428572,0.0
PHASE 3B,1109,888000,888,2614.693300756926,1557.8144636591937,3044.641234308576,698.2500458527355,674.5023510628007,155.24261298017976,0.19571428571428573,0.24571428571428572,0.0
PHASE 3B,1110,888800,888,2614.693300756926,1557.8144636591937,3044.641234308576,698.2500458527356,674.5023510628007,155.24261298017979,0.19571428571428573,0.24571428571428572,0.0
PHASE 3B,1111,889600,888,2614.693300756926,1557.8144636591937,3044.641234308576,698.2500458527356,674.5023510628007,155.24261298017979,0.19571428571428573,0.24571428571428572,0.0
PHASE 3B,1112,890400,888,2614.693300756926,1557.8144636591937,3044.641234308576,698.2500458527356,674.5023510628007,155.24261298017979,0.19571428571428573,0.24571428571428572,0.0
PHASE 3B,1113,891200,888,2614.693300756926,1557.8144636591937,3044.641234308576,698.2500458527356,674.5023510628007,155.24261298017979,0.19571428571428573,0.24571428571428572,0.0
PHASE 3B,1114,892000,892,2619.660811515923,1557.8144636591937,3044.641234308576,703.8576207493222,672.4118864977295,155.42391303361504,0.19571428571428573,0.24571428571428572,0.0
PHASE 3B,1115,892800,892,2619.6608115159224,1557.8144636591937,3044.641234308576,703.8576207493222,672.4118864977295,155.423913033615,0.19571428571428573,0.24571428571428572,0.0
PHASE 3B,1116,893600,892,2619.6608115159224,1557.8144636591937,3044.641234308576,703.8576207493222,672.4118864977295,155.423913033615,0.19571428571428573,0.24571428571428572,0.0
PHASE 3B,1117,894400,892,2619.6608115159224,1557.8144636591937,3044.641234308576,703.8576207493222,672.4118864977295,155.423913033615,0.19571428571428573,0.24571428571428572,0.0
PHASE 3B,1118,895200,892,2619.6608115159224,1557.8144636591937,3044.641234308576,703.8576207493222,672.4118864977295,155.423913033615,0.19571428571428573,0.24571428571428572,0.0
PHASE 3B,1119,896000,896,2624.455743343347,1557.8144636591937,3044.641234308576,707.6544968110893,669.7615048425536,155.87996771121917,0.19571428571428573,0.24571428571428572,0.0
PHASE 3B,1120,896800,896,2624.455743343347,1557.8144636591937,3044.641234308576,707.6544968110892,669.7615048425536,155.87996771121917,0.19571428571428573,0.24571428571428572,0.0
PHASE 3B,1121,897600,896,2624.455743343347,1557.8144636591937,3044.641234308576,707.6544968110892,669.7615048425536,155.87996771121917,0.19571428571428573,0.24571428571428572,0.0
PHASE 3B,1122,898400,896,2624.455743343347,1557.8144636591937,3044.641234308576,707.6544968110892,669.7615048425536,155.87996771121917,0.19571428571428573,0.24571428571428572,0.0
PHASE 3B,1123,899200,896,2624.455743343347,1557.8144636591937,3044.641234308576,707.6544968110892,669.7615048425536,155.87996771121917,0.19571428571428573,0.24571428571428572,0.0
PHASE 3B,1124,900000,900,2631.3633277735744,1557.8144636591937,3044.641234308576,709.8065260163156,672.2910414002849,156.1582200446278,0.19571428571428573,0.24571428571428572,0.0
PHASE 3B,1125,900800,900,2631.3633277735744,1557.8144636591937,3044.641234308576,709.8065260163156,672.2910414002849,156.15822004462783,0.19571428571428573,0.24571428571428572,0.0
PHASE 3B,1126,901600,900,2631.3633277735744,1557.8144636591937,3044.641234308576,709.8065260163156,672.2910414002849,156.15822004462783,0.19571428571428573,0.24571428571428572,0.0
PHASE 3B,1127,902400,900,2631.3633277735744,1557.8144636591937,3044.641234308576,709.8065260163156,672.2910414002849,156.15822004462783,0.19571428571428573,0.24571428571428572,0.0
PHASE 3B,1128,903200,900,2631.3633277735744,1557.8144636591937,3044.641234308576,709.8065260163156,672.2910414002849,156.15822004462783,0.19571428571428573,0.24571428571428572,0.0
PHASE 3B,1129,904000,904,2629.3576132679573,1557.8144636591937,3044.641234308576,711.8347332237925,670.3809971149498,155.8927353661581,0.19571428571428573,0.24571428571428572,0.0
PHASE 3B,1130,904800,904,2629.357613267957,1557.8144636591937,3044.641234308576,711.8347332237925,670.3809971149499,155.8927353661581,0.19571428571428573,0.24571428571428572,0.0
PHASE 3B,1131,905600,904,2629.357613267957,1557.8144636591937,3044.641234308576,711.8347332237925,670.3809971149499,155.8927353661581,0.19571428571428573,0.24571428571428572,0.0
PHASE 3B,1132,906400,904,2629.357613267957,1557.8144636591937,3044.641234308576,711.8347332237925,670.3809971149499,155.8927353661581,0.19571428571428573,0.24571428571428572,0.0
PHASE 3B,1133,907200,904,2629.357613267957,1557.8144636591937,3044.641234308576,711.8347332237925,670.3809971149499,155.8927353661581,0.19571428571428573,0.24571428571428572,0.0
PHASE 3B,1134,908000,908,2629.6773169873236,1557.8144636591937,3044.641234308576,711.8425408067104,670.1041212777448,155.96633186286476,0.19571428571428573,0.24571428571428572,0.0
PHASE 3B,1135,908800,908,2629.6773169873236,1557.8144636591937,3044.641234308576,711.8425408067103,670.1041212777445,155.96633186286476,0.19571428571428573,0.24571428571428572,0.0
PHASE 3B,1136,909600,908,2629.6773169873236,1557.8144636591937,3044.641234308576,711.8425408067103,670.1041212777445,155.96633186286476,0.19571428571428573,0.24571428571428572,0.0
PHASE 3B,1137,910400,908,2629.6773169873236,1557.8144636591937,3044.641234308576,711.8425408067103,670.1041212777445,155.96633186286476,0.19571428571428573,0.24571428571428572,0.0
PHASE 3B,1138,911200,908,2629.6773169873236,1557.8144636591937,3044.641234308576,711.8425408067103,670.1041212777445,155.96633186286476,0.19571428571428573,0.24571428571428572,0.0
PHASE 3B,1139,912000,912,2626.3371084620844,1557.8144636591937,3044.641234308576,711.1334936340021,668.0443567052006,155.8949072653663,0.19571428571428573,0.24571428571428572,0.0
PHASE 3B,1140,912800,912,2626.3371084620844,1557.8144636591937,3044.641234308576,711.1334936340022,668.0443567052005,155.89490726536627,0.19571428571428573,0.24571428571428572,0.0
PHASE 3B,1141,913600,912,2626.3371084620844,1557.8144636591937,3044.641234308576,711.1334936340022,668.0443567052005,155.89490726536627,0.19571428571428573,0.24571428571428572,0.0
PHASE 3B,1142,914400,912,2626.3371084620844,1557.8144636591937,3044.641234308576,711.1334936340022,668.0443567052005,155.89490726536627,0.19571428571428573,0.24571428571428572,0.0
PHASE 3B,1143,915200,912,2626.3371084620844,1557.8144636591937,3044.641234308576,711.1334936340022,668.0443567052005,155.89490726536627,0.19571428571428573,0.24571428571428572,0.0
PHASE 3B,1144,916000,916,2625.3877919908614,1557.8144636591937,3044.641234308576,707.9940970511462,670.7284532625506,155.83315520965164,0.19571428571428573,0.24571428571428572,0.0
PHASE 3B,1145,916800,916,2625.3877919908614,1557.8144636591937,3044.641234308576,707.9940970511461,670.7284532625506,155.83315520965164,0.19571428571428573,0.24571428571428572,0.0
PHASE 3B,1146,917600,916,2625.3877919908614,1557.8144636591937,3044.641234308576,707.9940970511461,670.7284532625506,155.83315520965164,0.19571428571428573,0.24571428571428572,0.0
PHASE 3B,1147,918400,916,2625.3877919908614,1557.8144636591937,3044.641234308576,707.9940970511461,670.7284532625506,155.83315520965164,0.19571428571428573,0.24571428571428572,0.0
PHASE 3B,1148,919200,916,2625.3877919908614,1557.8144636591937,3044.641234308576,707.9940970511461,670.7284532625506,155.83315520965164,0.19571428571428573,0.24571428571428572,0.0
PHASE 3B,1149,920000,920,2623.8429401231097,1557.8144636591937,3031.6235968452465,705.368116979285,669.7104468926216,156.09554703140637,0.19571428571428573,0.24571428571428572,0.0
PHASE 3B,1150,920800,920,2623.8429401231097,1557.8144636591937,3031.6235968452465,705.368116979285,669.7104468926213,156.09554703140634,0.19571428571428573,0.24571428571428572,0.0
PHASE 3B,1151,921600,920,2623.8429401231097,1557.8144636591937,3031.6235968452465,705.368116979285,669.7104468926213,156.09554703140634,0.19571428571428573,0.24571428571428572,0.0
PHASE 3B,1152,922400,920,2623.8429401231097,1557.8144636591937,3031.6235968452465,705.368116979285,669.7104468926213,156.09554703140634,0.19571428571428573,0.24571428571428572,0.0
PHASE 3B,1153,923200,920,2623.8429401231097,1557.8144636591937,3031.6235968452465,705.368116979285,669.7104468926213,156.09554703140634,0.19571428571428573,0.24571428571428572,0.0
PHASE 3B,1154,924000,924,2630.396218801536,1557.8144636591937,3047.5438917571983,705.1890122879474,672.8067469120543,156.55005745019776,0.19571428571428573,0.24571428571428572,0.0
PHASE 3B,1155,924800,924,2630.396218801536,1557.8144636591937,3047.5438917571983,705.1890122879475,672.8067469120543,156.55005745019776,0.19571428571428573,0.24571428571428572,0.0
PHASE 3B,1156,925600,924,2630.396218801536,1557.8144636591937,3047.5438917571983,705.1890122879475,672.8067469120543,156.55005745019776,0.19571428571428573,0.24571428571428572,0.0
PHASE 3B,1157,926400,924,2630.396218801536,1557.8144636591937,3047.5438917571983,705.1890122879475,672.8067469120543,156.55005745019776,0.19571428571428573,0.24571428571428572,0.0
PHASE 3B,1158,927200,924,2630.396218801536,1557.8144636591937,3047.5438917571983,705.1890122879475,672.8067469120543,156.55005745019776,0.19571428571428573,0.24571428571428572,0.0
PHASE 3B,1159,928000,928,2626.9364097651624,1557.8144636591937,3047.5438917571983,706.1836047647298,669.8450835800919,156.36346517754856,0.19571428571428573,0.24571428571428572,0.0
PHASE 3B,1160,928800,928,2626.9364097651624,1557.8144636591937,3047.5438917571983,706.1836047647299,669.8450835800919,156.36346517754856,0.19571428571428573,0.24571428571428572,0.0
PHASE 3B,1161,929600,928,2626.9364097651624,1557.8144636591937,3047.5438917571983,706.1836047647299,669.8450835800919,156.36346517754856,0.19571428571428573,0.24571428571428572,0.0
PHASE 3B,1162,930400,928,2626.9364097651624,1557.8144636591937,3047.5438917571983,706.1836047647299,669.8450835800919,156.36346517754856,0.19571428571428573,0.24571428571428572,0.0
PHASE 3B,1163,931200,928,2626.9364097651624,1557.8144636591937,3047.5438917571983,706.1836047647299,669.8450835800919,156.36346517754856,0.19571428571428573,0.24571428571428572,0.0
PHASE 3B,1164,932000,932,2630.622844632331,1557.8144636591937,3047.5438917571983,702.7961862941052,673.9757687510515,156.731361198403,0.19571428571428573,0.24571428571428572,0.0
PHASE 3B,1165,932800,932,2630.622844632331,1557.8144636591937,3047.5438917571983,702.7961862941052,673.9757687510516,156.731361198403,0.19571428571428573,0.24571428571428572,0.0
PHASE 3B,1166,933600,932,2630.622844632331,1557.8144636591937,3047.5438917571983,702.7961862941052,673.9757687510516,156.731361198403,0.19571428571428573,0.24571428571428572,0.0
PHASE 3B,1167,934400,932,2630.622844632331,1557.8144636591937,3047.5438917571983,702.7961862941052,673.9757687510516,156.731361198403,0.19571428571428573,0.24571428571428572,0.0
PHASE 3B,1168,935200,932,2630.622844632331,1557.8144636591937,3047.5438917571983,702.7961862941052,673.9757687510516,156.731361198403,0.19571428571428573,0.24571428571428572,0.0
PHASE 3B,1169,936000,936,2629.3550863953615,1557.8144636591937,3047.5438917571983,703.9687887778801,671.0693470295396,156.78961882349893,0.19571428571428573,0.24571428571428572,0.0
PHASE 3B,1170,936800,936,2629.3550863953615,1557.8144636591937,3047.5438917571983,703.9687887778798,671.0693470295395,156.78961882349896,0.19571428571428573,0.24571428571428572,0.0
PHASE 3B,1171,937600,936,2629.3550863953615,1557.8144636591937,3047.5438917571983,703.9687887778798,671.0693470295395,156.78961882349896,0.19571428571428573,0.24571428571428572,0.0
PHASE 3B,1172,938400,936,2629.3550863953615,1557.8144636591937,3047.5438917571983,703.9687887778798,671.0693470295395,156.78961882349896,0.19571428571428573,0.24571428571428572,0.0
PHASE 3B,1173,939200,936,2629.3550863953615,1557.8144636591937,3047.5438917571983,703.9687887778798,671.0693470295395,156.78961882349896,0.19571428571428573,0.24571428571428572,0.0
PHASE 3B,1174,940000,940,2626.8359358706257,1557.8144636591937,3047.5438917571983,700.6873521631683,671.981370352771,156.7709016693421,0.19571428571428573,0.24571428571428572,0.0
PHASE 3B,1175,940800,940,2626.835935870626,1557.8144636591937,3047.5438917571983,700.6873521631685,671.9813703527711,156.7709016693421,0.19571428571428573,0.24571428571428572,0.0
PHASE 3B,1176,941600,940,2626.835935870626,1557.8144636591937,3047.5438917571983,700.6873521631685,671.9813703527711,156.7709016693421,0.19571428571428573,0.24571428571428572,0.0
PHASE 3B,1177,942400,940,2626.835935870626,1557.8144636591937,3047.5438917571983,700.6873521631685,671.9813703527711,156.7709016693421,0.19571428571428573,0.24571428571428572,0.0
PHASE 3B,1178,943200,940,2626.835935870626,1557.8144636591937,3047.5438917571983,700.6873521631685,671.9813703527711,156.7709016693421,0.19571428571428573,0.24571428571428572,0.0
PHASE 3B,1179,944000,944,2636.4169382451378,1557.8144636591937,3047.5438917571983,702.6087768880757,678.2100614355177,156.9497624901993,0.19571428571428573,0.24571428571428572,0.0
PHASE 3B,1180,944800,944,2636.416938245137,1557.8144636591937,3047.5438917571983,702.6087768880753,678.2100614355179,156.9497624901993,0.19571428571428573,0.24571428571428572,0.0
PHASE 3B,1181,945600,944,2636.416938245137,1557.8144636591937,3047.5438917571983,702.6087768880753,678.2100614355179,156.9497624901993,0.19571428571428573,0.24571428571428572,0.0
PHASE 3B,1182,946400,944,2636.416938245137,1557.8144636591937,3047.5438917571983,702.6087768880753,678.2100614355179,156.9497624901993,0.19571428571428573,0.24571428571428572,0.0
PHASE 3B,1183,947200,944,2636.416938245137,1557.8144636591937,3047.5438917571983,702.6087768880753,678.2100614355179,156.9497624901993,0.19571428571428573,0.24571428571428572,0.0
PHASE 3B,1184,948000,948,2642.4354057984083,1557.8144636591937,3047.5438917571983,700.6233210108461,685.5592023623809,157.03161030315403,0.19571428571428573,0.24571428571428572,0.0
PHASE 3B,1185,948800,948,2642.435405798408,1557.8144636591937,3047.5438917571983,700.6233210108461,685.5592023623809,157.03161030315405,0.19571428571428573,0.24571428571428572,0.0
PHASE 3B,1186,949600,948,2642.435405798408,1557.8144636591937,3047.5438917571983,700.6233210108461,685.5592023623809,157.03161030315405,0.19571428571428573,0.24571428571428572,0.0
PHASE 3B,1187,950400,948,2642.435405798408,1557.8144636591937,3047.5438917571983,700.6233210108461,685.5592023623809,157.03161030315405,0.19571428571428573,0.24571428571428572,0.0
PHASE 3B,1188,951200,948,2642.435405798408,1557.8144636591937,3047.5438917571983,700.6233210108461,685.5592023623809,157.03161030315405,0.19571428571428573,0.24571428571428572,0.0
PHASE 3B,1189,952000,952,2646.8187336780534,1557.8144636591937,3047.5438917571983,696.387649225199,692.5000280410447,157.24138205148267,0.19571428571428573,0.24571428571428572,0.0
PHASE 3B,1190,952800,952,2646.818733678054,1557.8144636591937,3047.5438917571983,696.3876492251991,692.5000280410447,157.24138205148267,0.19571428571428573,0.24571428571428572,0.0
PHASE 3B,1191,953600,952,2646.818733678054,1557.8144636591937,3047.5438917571983,696.3876492251991,692.5000280410447,157.24138205148267,0.19571428571428573,0.24571428571428572,0.0
PHASE 3B,1192,954400,952,2646.818733678054,1557.8144636591937,3047.5438917571983,696.3876492251991,692.5000280410447,157.24138205148267,0.19571428571428573,0.24571428571428572,0.0
PHASE 3B,1193,955200,952,2646.818733678054,1557.8144636591937,3047.5438917571983,696.3876492251991,692.5000280410447,157.24138205148267,0.19571428571428573,0.24571428571428572,0.0
PHASE 3B,1194,956000,956,2645.3552594532953,1557.8144636591937,3047.5438917571983,696.7891606949521,689.5017955417446,157.38303790208118,0.19571428571428573,0.24571428571428572,0.0
PHASE 3B,1195,956800,956,2645.3552594532953,1557.8144636591937,3047.5438917571983,696.7891606949521,689.5017955417445,157.3830379020812,0.19571428571428573,0.24571428571428572,0.0
PHASE 3B,1196,957600,956,2645.3552594532953,1557.8144636591937,3047.5438917571983,696.7891606949521,689.5017955417445,157.3830379020812,0.19571428571428573,0.24571428571428572,0.0
PHASE 3B,1197,958400,956,2645.3552594532953,1557.8144636591937,3047.5438917571983,696.7891606949521,689.5017955417445,157.3830379020812,0.19571428571428573,0.24571428571428572,0.0
PHASE 3B,1198,959200,956,2645.3552594532953,1557.8144636591937,3047.5438917571983,696.7891606949521,689.5017955417445,157.3830379020812,0.19571428571428573,0.24571428571428572,0.0
PHASE 3B,1199,960000,960,2660.4805035929876,1751.4523988458604,3047.5438917571983,695.8127453666466,700.3907099373982,158.03463103612424,0.19571428571428573,0.24571428571428572,0.0
PHASE 3B,1200,960800,960,2660.4805035929876,1751.4523988458604,3047.5438917571983,695.8127453666468,700.3907099373984,158.03463103612424,0.19571428571428573,0.24571428571428572,0.0
PHASE 3B,1201,961600,960,2660.4805035929876,1751.4523988458604,3047.5438917571983,695.8127453666468,700.3907099373984,158.03463103612424,0.19571428571428573,0.24571428571428572,0.0
PHASE 3B,1202,962400,960,2660.4805035929876,1751.4523988458604,3047.5438917571983,695.8127453666468,700.3907099373984,158.03463103612424,0.19571428571428573,0.24571428571428572,0.0
PHASE 3B,1203,963200,960,2660.4805035929876,1751.4523988458604,3047.5438917571983,695.8127453666468,700.3907099373984,158.03463103612424,0.19571428571428573,0.24571428571428572,0.0
PHASE 3B,1204,964000,964,2665.310916844026,1751.4523988458604,3047.5438917571983,694.6695113345137,703.9467859820136,158.33682744094378,0.19571428571428573,0.24571428571428572,0.0
PHASE 3B,1205,964800,964,2665.3109168440265,1751.4523988458604,3047.5438917571983,694.6695113345132,703.9467859820134,158.33682744094378,0.19571428571428573,0.24571428571428572,0.0
PHASE 3B,1206,965600,964,2665.3109168440265,1751.4523988458604,3047.5438917571983,694.6695113345132,703.9467859820134,158.33682744094378,0.19571428571428573,0.24571428571428572,0.0
PHASE 3B,1207,966400,964,2665.3109168440265,1751.4523988458604,3047.5438917571983,694.6695113345132,703.9467859820134,158.33682744094378,0.19571428571428573,0.24571428571428572,0.0
PHASE 3B,1208,967200,964,2665.3109168440265,1751.4523988458604,3047.5438917571983,694.6695113345132,703.9467859820134,158.33682744094378,0.19571428571428573,0.24571428571428572,0.0
PHASE 3B,1209,968000,968,2677.0301536727043,2190.2775675995754,3047.5438917571983,703.0739196464299,705.3294434372524,158.57834882363414,0.19571428571428573,0.24571428571428572,0.0
PHASE 3B,1210,968800,968,2677.030153672704,2190.2775675995754,3047.5438917571983,703.07391964643,705.3294434372525,158.57834882363414,0.19571428571428573,0.24571428571428572,0.0
PHASE 3B,1211,969600,968,2677.030153672704,2190.2775675995754,3047.5438917571983,703.07391964643,705.3294434372525,158.57834882363414,0.19571428571428573,0.24571428571428572,0.0
PHASE 3B,1212,970400,968,2677.030153672704,2190.2775675995754,3047.5438917571983,703.07391964643,705.3294434372525,158.57834882363414,0.19571428571428573,0.24571428571428572,0.0
PHASE 3B,1213,971200,968,2677.030153672704,2190.2775675995754,3047.5438917571983,703.07391964643,705.3294434372525,158.57834882363414,0.19571428571428573,0.24571428571428572,0.0
PHASE 3B,1214,972000,972,2691.3731216129213,2190.2775675995754,3047.5438917571983,704.2612960068282,711.1068647393145,159.50062010835367,0.19571428571428573,0.24571428571428572,0.0
PHASE 3B,1215,972800,972,2691.3731216129213,2190.2775675995754,3047.5438917571983,704.2612960068284,711.1068647393145,159.50062010835367,0.19571428571428573,0.24571428571428572,0.0
PHASE 3B,1216,973600,972,2691.3731216129213,2190.2775675995754,3047.5438917571983,704.2612960068284,711.1068647393145,159.50062010835367,0.19571428571428573,0.24571428571428572,0.0
PHASE 3B,1217,974400,972,2691.3731216129213,2190.2775675995754,3047.5438917571983,704.2612960068284,711.1068647393145,159.50062010835367,0.19571428571428573,0.24571428571428572,0.0
PHASE 3B,1218,975200,972,2691.3731216129213,2190.2775675995754,3047.5438917571983,704.2612960068284,711.1068647393145,159.50062010835367,0.19571428571428573,0.24571428571428572,0.0
PHASE 3B,1219,976000,976,2692.5386769989364,2190.2775675995754,3047.5438917571983,702.8790199679199,713.5576432694014,159.51275172020826,0.19571428571428573,0.24571428571428572,0.0
PHASE 3B,1220,976800,976,2692.5386769989364,2190.2775675995754,3047.5438917571983,702.87901996792,713.5576432694018,159.51275172020826,0.19571428571428573,0.24571428571428572,0.0
PHASE 3B,1221,977600,976,2692.5386769989364,2190.2775675995754,3047.5438917571983,702.87901996792,713.5576432694018,159.51275172020826,0.19571428571428573,0.24571428571428572,0.0
PHASE 3B,1222,978400,976,2692.5386769989364,2190.2775675995754,3047.5438917571983,702.87901996792,713.5576432694018,159.51275172020826,0.19571428571428573,0.24571428571428572,0.0
PHASE 3B,1223,979200,976,2692.5386769989364,2190.2775675995754,3047.5438917571983,702.87901996792,713.5576432694018,159.51275172020826,0.19571428571428573,0.24571428571428572,0.0
PHASE 3B,1224,980000,980,2687.6983688032324,2190.2775675995754,3047.5438917571983,700.9337210040543,710.6836820656326,159.5101207166997,0.19571428571428573,0.24571428571428572,0.0
PHASE 3B,1225,980800,980,2687.698368803233,2190.2775675995754,3047.5438917571983,700.9337210040541,710.6836820656326,159.5101207166997,0.19571428571428573,0.24571428571428572,0.0
PHASE 3B,1226,981600,980,2687.698368803233,2190.2775675995754,3047.5438917571983,700.9337210040541,710.6836820656326,159.5101207166997,0.19571428571428573,0.24571428571428572,0.0
PHASE 3B,1227,982400,980,2687.698368803233,2190.2775675995754,3047.5438917571983,700.9337210040541,710.6836820656326,159.5101207166997,0.19571428571428573,0.24571428571428572,0.0
PHASE 3B,1228,983200,980,2687.698368803233,2190.2775675995754,3047.5438917571983,700.9337210040541,710.6836820656326,159.5101207166997,0.19571428571428573,0.24571428571428572,0.0
PHASE 3B,1229,984000,984,2697.7613526976943,2190.2775675995754,3047.5438917571983,704.2077526163064,711.8847264299653,160.20860920643412,0.19571428571428573,0.24571428571428572,0.0
PHASE 3B,1230,984800,984,2697.7613526976943,2190.2775675995754,3047.5438917571983,704.2077526163065,711.8847264299656,160.20860920643412,0.19571428571428573,0.24571428571428572,0.0
PHASE 3B,1231,985600,984,2697.7613526976943,2190.2775675995754,3047.5438917571983,704.2077526163065,711.8847264299656,160.20860920643412,0.19571428571428573,0.24571428571428572,0.0
PHASE 3B,1232,986400,984,2697.7613526976943,2190.2775675995754,3047.5438917571983,704.2077526163065,711.8847264299656,160.20860920643412,0.19571428571428573,0.24571428571428572,0.0
PHASE 3B,1233,987200,984,2697.7613526976943,2190.2775675995754,3047.5438917571983,704.2077526163065,711.8847264299656,160.20860920643412,0.19571428571428573,0.24571428571428572,0.0
PHASE 3B,1234,988000,988,2688.563883524101,2190.2775675995754,3047.5438917571983,700.2034121818203,709.9093076445904,159.80639546221767,0.19571428571428573,0.24571428571428572,0.0
PHASE 3B,1235,988800,988,2688.5638835241007,2190.2775675995754,3047.5438917571983,700.2034121818203,709.9093076445904,159.80639546221767,0.19571428571428573,0.24571428571428572,0.0
PHASE 3B,1236,989600,988,2688.5638835241007,2190.2775675995754,3047.5438917571983,700.2034121818203,709.9093076445904,159.80639546221767,0.19571428571428573,0.24571428571428572,0.0
PHASE 3B,1237,990400,988,2688.5638835241007,2190.2775675995754,3047.5438917571983,700.2034121818203,709.9093076445904,159.80639546221767,0.19571428571428573,0.24571428571428572,0.0
PHASE 3B,1238,991200,988,2688.5638835241007,2190.2775675995754,3047.5438917571983,700.2034121818203,709.9093076445904,159.80639546221767,0.19571428571428573,0.24571428571428572,0.0
PHASE 3B,1239,992000,992,2685.361387699799,2190.2775675995754,3047.5438917571983,700.5194342155606,707.6128698403693,159.65363545549,0.19571428571428573,0.24571428571428572,0.0
PHASE 3B,1240,992800,992,2685.361387699799,2190.2775675995754,3047.5438917571983,700.5194342155608,707.612869840369,159.65363545549,0.19571428571428573,0.24571428571428572,0.0
PHASE 3B,1241,993600,992,2685.361387699799,2190.2775675995754,3047.5438917571983,700.5194342155608,707.612869840369,159.65363545549,0.19571428571428573,0.24571428571428572,0.0
PHASE 3B,1242,994400,992,2685.361387699799,2190.2775675995754,3047.5438917571983,700.5194342155608,707.612869840369,159.65363545549,0.19571428571428573,0.24571428571428572,0.0
PHASE 3B,1243,995200,992,2685.361387699799,2190.2775675995754,3047.5438917571983,700.5194342155608,707.612869840369,159.65363545549,0.19571428571428573,0.24571428571428572,0.0
PHASE 3B,1244,996000,996,2689.279294165908,2190.2775675995754,3148.340334371223,701.5643351404542,709.8575815545172,159.73217218387356,0.19571428571428573,0.24571428571428572,0.0
PHASE 3B,1245,996800,996,2689.279294165908,2190.2775675995754,3148.340334371223,701.5643351404542,709.8575815545171,159.73217218387356,0.19571428571428573,0.24571428571428572,0.0
PHASE 3B,1246,997600,996,2689.279294165908,2190.2775675995754,3148.340334371223,701.5643351404542,709.8575815545171,159.73217218387356,0.19571428571428573,0.24571428571428572,0.0
PHASE 3B,1247,998400,996,2689.279294165908,2190.2775675995754,3148.340334371223,701.5643351404542,709.8575815545171,159.73217218387356,0.19571428571428573,0.24571428571428572,0.0
PHASE 3B,1248,999200,996,2689.279294165908,2190.2775675995754,3148.340334371223,701.5643351404542,709.8575815545171,159.73217218387356,0.19571428571428573,0.24571428571428572,0.0
PHASE 3B,1249,1000000,1000,2691.088105701242,2190.2775675995754,3148.340334371223,703.9679404430362,708.4734409772283,159.83084053512854,0.19571428571428573,0.24571428571428572,0.0
PHASE 3B,1250,1000800,1000,2691.0881057012425,2190.2775675995754,3148.340334371223,703.9679404430362,708.4734409772285,159.83084053512854,0.19571428571428573,0.24571428571428572,0.0
PHASE 3B,1251,1001600,1000,2691.0881057012425,2190.2775675995754,3148.340334371223,703.9679404430362,708.4734409772285,159.83084053512854,0.19571428571428573,0.24571428571428572,0.0
PHASE 3B,1252,1002400,1000,2691.0881057012425,2190.2775675995754,3148.340334371223,703.9679404430362,708.4734409772285,159.83084053512854,0.19571428571428573,0.24571428571428572,0.0
PHASE 3B,1253,1003200,1000,2691.0881057012425,2190.2775675995754,3148.340334371223,703.9679404430362,708.4734409772285,159.83084053512854,0.19571428571428573,0.24571428571428572,0.0
PHASE 3B,1254,1004000,1004,2693.5487453422807,2265.904538665208,3148.340334371223,701.9139438448742,709.3611158482331,160.28421070615283,0.19571428571428573,0.24571428571428572,0.0
PHASE 3B,1255,1004800,1004,2693.5487453422807,2265.904538665208,3148.340334371223,701.9139438448743,709.361115848233,160.28421070615283,0.19571428571428573,0.24571428571428572,0.0
PHASE 3B,1256,1005600,1004,2693.5487453422807,2265.904538665208,3148.340334371223,701.9139438448743,709.361115848233,160.28421070615283,0.19571428571428573,0.24571428571428572,0.0
PHASE 3B,1257,1006400,1004,2693.5487453422807,2265.904538665208,3148.340334371223,701.9139438448743,709.361115848233,160.28421070615283,0.19571428571428573,0.24571428571428572,0.0
PHASE 3B,1258,1007200,1004,2693.5487453422807,2265.904538665208,3148.340334371223,701.9139438448743,709.361115848233,160.28421070615283,0.19571428571428573,0.24571428571428572,0.0
PHASE 3B,1259,1008000,1008,2691.6022146611313,2265.904538665208,3148.340334371223,701.9861466546498,708.5001487656658,160.1394899051081,0.19571428571428573,0.24571428571428572,0.0
PHASE 3B,1260,1008800,1008,2691.6022146611313,2265.904538665208,3148.340334371223,701.9861466546498,708.5001487656655,160.1394899051081,0.19571428571428573,0.24571428571428572,0.0
PHASE 3B,1261,1009600,1008,2691.6022146611313,2265.904538665208,3148.340334371223,701.9861466546498,708.5001487656655,160.1394899051081,0.19571428571428573,0.24571428571428572,0.0
PHASE 3B,1262,1010400,1008,2691.6022146611313,2265.904538665208,3148.340334371223,701.9861466546498,708.5001487656655,160.1394899051081,0.19571428571428573,0.24571428571428572,0.0
PHASE 3B,1263,1011200,1008,2691.6022146611313,2265.904538665208,3148.340334371223,701.9861466546498,708.5001487656655,160.1394899051081,0.19571428571428573,0.24571428571428572,0.0
PHASE 3B,1264,1012000,1012,2686.4536892433057,1968.7029526314147,3148.340334371223,700.6726287872011,705.6954041973119,160.01070703235536,0.19571428571428573,0.24571428571428572,0.0
PHASE 3B,1265,1012800,1012,2686.4536892433052,1968.7029526314147,3148.340334371223,700.6726287872012,705.695404197312,160.01070703235536,0.19571428571428573,0.24571428571428572,0.0
PHASE 3B,1266,1013600,1012,2686.4536892433052,1968.7029526314147,3148.340334371223,700.6726287872012,705.695404197312,160.01070703235536,0.19571428571428573,0.24571428571428572,0.0
PHASE 3B,1267,1014400,1012,2686.4536892433052,1968.7029526314147,3148.340334371223,700.6726287872012,705.695404197312,160.01070703235536,0.19571428571428573,0.24571428571428572,0.0
PHASE 3B,1268,1015200,1012,2686.4536892433052,1968.7029526314147,3148.340334371223,700.6726287872012,705.695404197312,160.01070703235536,0.19571428571428573,0.24571428571428572,0.0
PHASE 3B,1269,1016000,1016,2684.2629247039004,1968.7029526314147,3148.340334371223,699.353539755211,705.9048918852328,159.87556163293848,0.19571428571428573,0.24571428571428572,0.0
PHASE 3B,1270,1016800,1016,2684.262924703901,1968.7029526314147,3148.340334371223,699.3535397552108,705.9048918852328,159.87556163293848,0.19571428571428573,0.24571428571428572,0.0
PHASE 3B,1271,1017600,1016,2684.262924703901,1968.7029526314147,3148.340334371223,699.3535397552108,705.9048918852328,159.87556163293848,0.19571428571428573,0.24571428571428572,0.0
PHASE 3B,1272,1018400,1016,2684.262924703901,1968.7029526314147,3148.340334371223,699.3535397552108,705.9048918852328,159.87556163293848,0.19571428571428573,0.24571428571428572,0.0
PHASE 3B,1273,1019200,1016,2684.262924703901,1968.7029526314147,3148.340334371223,699.3535397552108,705.9048918852328,159.87556163293848,0.19571428571428573,0.24571428571428572,0.0
PHASE 3B,1274,1020000,1020,2678.9774705417863,1968.7029526314147,3148.340334371223,696.4350274825927,705.9211965404319,159.57765581485148,0.19571428571428573,0.24571428571428572,0.0
PHASE 3B,1275,1020800,1020,2678.9774705417867,1968.7029526314147,3148.340334371223,696.4350274825927,705.9211965404319,159.57765581485148,0.19571428571428573,0.24571428571428572,0.0
PHASE 3B,1276,1021600,1020,2678.9774705417867,1968.7029526314147,3148.340334371223,696.4350274825927,705.9211965404319,159.57765581485148,0.19571428571428573,0.24571428571428572,0.0
PHASE 3B,1277,1022400,1020,2678.9774705417867,1968.7029526314147,3148.340334371223,696.4350274825927,705.9211965404319,159.57765581485148,0.19571428571428573,0.24571428571428572,0.0
PHASE 3B,1278,1023200,1020,2678.9774705417867,1968.7029526314147,3148.340334371223,696.4350274825927,705.9211965404319,159.57765581485148,0.19571428571428573,0.24571428571428572,0.0
PHASE 3B,1279,1024000,1024,2674.361270633001,1968.7029526314147,3148.340334371223,700.205256635429,700.6718641937861,159.18551872547968,0.19571428571428573,0.24571428571428572,0.0
PHASE 3B,1280,1024800,1024,2674.361270633001,1968.7029526314147,3148.340334371223,700.2052566354287,700.6718641937861,159.18551872547968,0.19571428571428573,0.24571428571428572,0.0
PHASE 3B,1281,1025600,1024,2674.361270633001,1968.7029526314147,3148.340334371223,700.2052566354287,700.6718641937861,159.18551872547968,0.19571428571428573,0.24571428571428572,0.0
PHASE 3B,1282,1026400,1024,2674.361270633001,1968.7029526314147,3148.340334371223,700.2052566354287,700.6718641937861,159.18551872547968,0.19571428571428573,0.24571428571428572,0.0
PHASE 3B,1283,1027200,1024,2674.361270633001,1968.7029526314147,3148.340334371223,700.2052566354287,700.6718641937861,159.18551872547968,0.19571428571428573,0.24571428571428572,0.0
PHASE 3B,1284,1028000,1028,2675.7381645867263,1968.7029526314147,3148.340334371223,697.4807491194556,702.850488450337,159.42586587712287,0.19571428571428573,0.24571428571428572,0.0
PHASE 3B,1285,1028800,1028,2675.738164586726,1968.7029526314147,3148.340334371223,697.4807491194558,702.850488450337,159.42586587712287,0.19571428571428573,0.24571428571428572,0.0
PHASE 3B,1286,1029600,1028,2675.738164586726,1968.7029526314147,3148.340334371223,697.4807491194558,702.850488450337,159.42586587712287,0.19571428571428573,0.24571428571428572,0.0
PHASE 3B,1287,1030400,1028,2675.738164586726,1968.7029526314147,3148.340334371223,697.4807491194558,702.850488450337,159.42586587712287,0.19571428571428573,0.24571428571428572,0.0
PHASE 3B,1288,1031200,1028,2675.738164586726,1968.7029526314147,3148.340334371223,697.4807491194558,702.850488450337,159.42586587712287,0.19571428571428573,0.24571428571428572,0.0
PHASE 3B,1289,1032000,1032,2670.8172597604307,1968.7029526314147,3148.340334371223,699.5671805353678,699.6672431890554,158.94785450450726,0.19571428571428573,0.24571428571428572,0.0
PHASE 3B,1290,1032800,1032,2670.8172597604303,1968.7029526314147,3148.340334371223,699.5671805353677,699.6672431890556,158.94785450450723,0.19571428571428573,0.24571428571428572,0.0
PHASE 3B,1291,1033600,1032,2670.8172597604303,1968.7029526314147,3148.340334371223,699.5671805353677,699.6672431890556,158.94785450450723,0.19571428571428573,0.24571428571428572,0.0
PHASE 3B,1292,1034400,1032,2670.8172597604303,1968.7029526314147,3148.340334371223,699.5671805353677,699.6672431890556,158.94785450450723,0.19571428571428573,0.24571428571428572,0.0
PHASE 3B,1293,1035200,1032,2670.8172597604303,1968.7029526314147,3148.340334371223,699.5671805353677,699.6672431890556,158.94785450450723,0.19571428571428573,0.24571428571428572,0.0
PHASE 3B,1294,1036000,1036,2672.7095239600726,1968.7029526314147,3148.340334371223,702.3807727958759,700.8220377132445,158.68833918137537,0.19571428571428573,0.24571428571428572,0.0
PHASE 3B,1295,1036800,1036,2672.709523960073,1968.7029526314147,3148.340334371223,702.3807727958759,700.8220377132443,158.6883391813754,0.19571428571428573,0.24571428571428572,0.0
PHASE 3B,1296,1037600,1036,2672.709523960073,1968.7029526314147,3148.340334371223,702.3807727958759,700.8220377132443,158.6883391813754,0.19571428571428573,0.24571428571428572,0.0
PHASE 3B,1297,1038400,1036,2672.709523960073,1968.7029526314147,3148.340334371223,702.3807727958759,700.8220377132443,158.6883391813754,0.19571428571428573,0.24571428571428572,0.0
PHASE 3B,1298,1039200,1036,2672.709523960073,1968.7029526314147,3148.340334371223,702.3807727958759,700.8220377132443,158.6883391813754,0.19571428571428573,0.24571428571428572,0.0
PHASE 3B,1299,1040000,1040,2676.243403262843,1968.7029526314147,3148.340334371223,704.3507408691954,702.3054576046811,158.69840059862702,0.19571428571428573,0.24571428571428572,0.0
PHASE 3B,1300,1040800,1040,2676.243403262843,1968.7029526314147,3148.340334371223,704.3507408691955,702.3054576046811,158.69840059862702,0.19571428571428573,0.24571428571428572,0.0
PHASE 3B,1301,1041600,1040,2676.243403262843,1968.7029526314147,3148.340334371223,704.3507408691955,702.3054576046811,158.69840059862702,0.19571428571428573,0.24571428571428572,0.0
PHASE 3B,1302,1042400,1040,2676.243403262843,1968.7029526314147,3148.340334371223,704.3507408691955,702.3054576046811,158.69840059862702,0.19571428571428573,0.24571428571428572,0.0
PHASE 3B,1303,1043200,1040,2676.243403262843,1968.7029526314147,3148.340334371223,704.3507408691955,702.3054576046811,158.69840059862702,0.19571428571428573,0.24571428571428572,0.0
PHASE 3B,1304,1044000,1044,2664.0572814569978,1785.9321912138744,3148.340334371223,694.1505289089316,702.8422239252719,158.38306607785552,0.19571428571428573,0.24571428571428572,0.0
PHASE 3B,1305,1044800,1044,2664.057281456998,1785.9321912138744,3148.340334371223,694.1505289089314,702.8422239252718,158.38306607785552,0.19571428571428573,0.24571428571428572,0.0
PHASE 3B,1306,1045600,1044,2664.057281456998,1785.9321912138744,3148.340334371223,694.1505289089314,702.8422239252718,158.38306607785552,0.19571428571428573,0.24571428571428572,0.0
PHASE 3B,1307,1046400,1044,2664.057281456998,1785.9321912138744,3148.340334371223,694.1505289089314,702.8422239252718,158.38306607785552,0.19571428571428573,0.24571428571428572,0.0
PHASE 3B,1308,1047200,1044,2664.057281456998,1785.9321912138744,3148.340334371223,694.1505289089314,702.8422239252718,158.38306607785552,0.19571428571428573,0.24571428571428572,0.0
PHASE 3B,1309,1048000,1048,2661.834735923435,1785.9321912138744,3148.340334371223,691.0549412274362,705.9362528854617,158.10544272632328,0.19571428571428573,0.24571428571428572,0.0
PHASE 3B,1310,1048800,1048,2661.834735923435,1785.9321912138744,3148.340334371223,691.0549412274362,705.9362528854617,158.10544272632328,0.19571428571428573,0.24571428571428572,0.0
PHASE 3B,1311,1049600,1048,2661.834735923435,1785.9321912138744,3148.340334371223,691.0549412274362,705.9362528854617,158.10544272632328,0.19571428571428573,0.24571428571428572,0.0
PHASE 3B,1312,1050400,1048,2661.834735923435,1785.9321912138744,3148.340334371223,691.0549412274362,705.9362528854617,158.10544272632328,0.19571428571428573,0.24571428571428572,0.0
PHASE 3B,1313,1051200,1048,2661.834735923435,1785.9321912138744,3148.340334371223,691.0549412274362,705.9362528854617,158.10544272632328,0.19571428571428573,0.24571428571428572,0.0
PHASE 3B,1314,1052000,1052,2660.356675776325,1785.9321912138744,3148.340334371223,697.4406686342143,698.3810014809112,158.06687570765604,0.19571428571428573,0.24571428571428572,0.0
PHASE 3B,1315,1052800,1052,2660.356675776325,1785.9321912138744,3148.340334371223,697.440668634214,698.3810014809113,158.06687570765604,0.19571428571428573,0.24571428571428572,0.0
PHASE 3B,1316,1053600,1052,2660.356675776325,1785.9321912138744,3148.340334371223,697.440668634214,698.3810014809113,158.06687570765604,0.19571428571428573,0.24571428571428572,0.0
PHASE 3B,1317,1054400,1052,2660.356675776325,1785.9321912138744,3148.340334371223,697.440668634214,698.3810014809113,158.06687570765604,0.19571428571428573,0.24571428571428572,0.0
PHASE 3B,1318,1055200,1052,2660.356675776325,1785.9321912138744,3148.340334371223,697.440668634214,698.3810014809113,158.06687570765604,0.19571428571428573,0.24571428571428572,0.0
PHASE 3B,1319,1056000,1056,2661.188503249053,1785.9321912138744,3148.340334371223,692.1458396319687,704.116703663421,158.11574499421403,0.19571428571428573,0.24571428571428572,0.0
PHASE 3B,1320,1056800,1056,2661.1885032490522,1785.9321912138744,3148.340334371223,692.1458396319689,704.1167036634209,158.11574499421403,0.19571428571428573,0.24571428571428572,0.0
PHASE 3B,1321,1057600,1056,2661.1885032490522,1785.9321912138744,3148.340334371223,692.1458396319689,704.1167036634209,158.11574499421403,0.19571428571428573,0.24571428571428572,0.0
PHASE 3B,1322,1058400,1056,2661.1885032490522,1785.9321912138744,3148.340334371223,692.1458396319689,704.1167036634209,158.11574499421403,0.19571428571428573,0.24571428571428572,0.0
PHASE 3B,1323,1059200,1056,2661.1885032490522,1785.9321912138744,3148.340334371223,692.1458396319689,704.1167036634209,158.11574499421403,0.19571428571428573,0.24571428571428572,0.0
PHASE 3B,1324,1060000,1060,2652.043608008289,1785.9321912138744,3148.340334371223,694.1311853415676,696.1751901801773,157.71715406082424,0.19571428571428573,0.24571428571428572,0.0
PHASE 3B,1325,1060800,1060,2652.043608008289,1785.9321912138744,3148.340334371223,694.1311853415675,696.1751901801773,157.7171540608242,0.19571428571428573,0.24571428571428572,0.0
PHASE 3B,1326,1061600,1060,2652.043608008289,1785.9321912138744,3148.340334371223,694.1311853415675,696.1751901801773,157.7171540608242,0.19571428571428573,0.24571428571428572,0.0
PHASE 3B,1327,1062400,1060,2652.043608008289,1785.9321912138744,3148.340334371223,694.1311853415675,696.1751901801773,157.7171540608242,0.19571428571428573,0.24571428571428572,0.0
PHASE 3B,1328,1063200,1060,2652.043608008289,1785.9321912138744,3148.340334371223,694.1311853415675,696.1751901801773,157.7171540608242,0.19571428571428573,0.24571428571428572,0.0
PHASE 3B,1329,1064000,1064,2648.749913215843,1785.9321912138744,3148.340334371223,693.1183487481966,696.4810782864162,157.39381077265998,0.19571428571428573,0.24571428571428572,0.0
PHASE 3B,1330,1064800,1064,2648.749913215843,1785.9321912138744,3148.340334371223,693.1183487481967,696.4810782864163,157.39381077265998,0.19571428571428573,0.24571428571428572,0.0
PHASE 3B,1331,1065600,1064,2648.749913215843,1785.9321912138744,3148.340334371223,693.1183487481967,696.4810782864163,157.39381077265998,0.19571428571428573,0.24571428571428572,0.0
PHASE 3B,1332,1066400,1064,2648.749913215843,1785.9321912138744,3148.340334371223,693.1183487481967,696.4810782864163,157.39381077265998,0.19571428571428573,0.24571428571428572,0.0
PHASE 3B,1333,1067200,1064,2648.749913215843,1785.9321912138744,3148.340334371223,693.1183487481967,696.4810782864163,157.39381077265998,0.19571428571428573,0.24571428571428572,0.0
PHASE 3B,1334,1068000,1068,2648.622434053387,1785.9321912138744,3148.340334371223,691.7626402649014,698.3719975477932,157.31097453009272,0.19571428571428573,0.24571428571428572,0.0
PHASE 3B,1335,1068800,1068,2648.622434053387,1785.9321912138744,3148.340334371223,691.7626402649013,698.3719975477932,157.31097453009272,0.19571428571428573,0.24571428571428572,0.0
PHASE 3B,1336,1069600,1068,2648.622434053387,1785.9321912138744,3148.340334371223,691.7626402649013,698.3719975477932,157.31097453009272,0.19571428571428573,0.24571428571428572,0.0
PHASE 3B,1337,1070400,1068,2648.622434053387,1785.9321912138744,3148.340334371223,691.7626402649013,698.3719975477932,157.31097453009272,0.19571428571428573,0.24571428571428572,0.0
PHASE 3B,1338,1071200,1068,2648.622434053387,1785.9321912138744,3148.340334371223,691.7626402649013,698.3719975477932,157.31097453009272,0.19571428571428573,0.24571428571428572,0.0
PHASE 3B,1339,1072000,1072,2645.6642442202424,1785.9321912138744,3148.340334371223,693.0682013423457,697.8070950796871,156.84861847478248,0.19571428571428573,0.24571428571428572,0.0
PHASE 3B,1340,1072800,1072,2645.6642442202424,1785.9321912138744,3148.340334371223,693.0682013423456,697.8070950796873,156.84861847478248,0.19571428571428573,0.24571428571428572,0.0
PHASE 3B,1341,1073600,1072,2645.6642442202424,1785.9321912138744,3148.340334371223,693.0682013423456,697.8070950796873,156.84861847478248,0.19571428571428573,0.24571428571428572,0.0
PHASE 3B,1342,1074400,1072,2645.6642442202424,1785.9321912138744,3148.340334371223,693.0682013423456,697.8070950796873,156.84861847478248,0.19571428571428573,0.24571428571428572,0.0
PHASE 3B,1343,1075200,1072,2645.6642442202424,1785.9321912138744,3148.340334371223,693.0682013423456,697.8070950796873,156.84861847478248,0.19571428571428573,0.24571428571428572,0.0
PHASE 3B,1344,1076000,1076,2645.080279600873,1785.9321912138744,3148.340334371223,698.1894800364248,693.6863389623882,156.65055757526395,0.19571428571428573,0.24571428571428572,0.0
PHASE 3B,1345,1076800,1076,2645.080279600873,1785.9321912138744,3148.340334371223,698.1894800364248,693.6863389623883,156.65055757526392,0.19571428571428573,0.24571428571428572,0.0
PHASE 3B,1346,1077600,1076,2645.080279600873,1785.9321912138744,3148.340334371223,698.1894800364248,693.6863389623883,156.65055757526392,0.19571428571428573,0.24571428571428572,0.0
PHASE 3B,1347,1078400,1076,2645.080279600873,1785.9321912138744,3148.340334371223,698.1894800364248,693.6863389623883,156.65055757526392,0.19571428571428573,0.24571428571428572,0.0
PHASE 3B,1348,1079200,1076,2645.080279600873,1785.9321912138744,3148.340334371223,698.1894800364248,693.6863389623883,156.65055757526392,0.19571428571428573,0.24571428571428572,0.0
PHASE 3B,1349,1080000,1080,2650.1498803494683,1785.9321912138744,3148.340334371223,701.7429047877418,694.3616251128259,156.75566880611893,0.19571428571428573,0.24571428571428572,0.0
PHASE 3B,1350,1080800,1080,2650.149880349469,1785.9321912138744,3148.340334371223,701.742904787742,694.3616251128255,156.75566880611893,0.19571428571428573,0.24571428571428572,0.0
PHASE 3B,1351,1081600,1080,2650.149880349469,1785.9321912138744,3148.340334371223,701.742904787742,694.3616251128255,156.75566880611893,0.19571428571428573,0.24571428571428572,0.0
PHASE 3B,1352,1082400,1080,2650.149880349469,1785.9321912138744,3148.340334371223,701.742904787742,694.3616251128255,156.75566880611893,0.19571428571428573,0.24571428571428572,0.0
PHASE 3B,1353,1083200,1080,2650.149880349469,1785.9321912138744,3148.340334371223,701.742904787742,694.3616251128255,156.75566880611893,0.19571428571428573,0.24571428571428572,0.0
PHASE 3B,1354,1084000,1084,2642.497360154804,1785.9321912138744,3148.340334371223,699.6617408278275,691.9717094110991,156.35798873949093,0.19571428571428573,0.24571428571428572,0.0
PHASE 3B,1355,1084800,1084,2642.497360154805,1785.9321912138744,3148.340334371223,699.6617408278274,691.971709411099,156.35798873949093,0.19571428571428573,0.24571428571428572,0.0
PHASE 3B,1356,1085600,1084,2642.497360154805,1785.9321912138744,3148.340334371223,699.6617408278274,691.971709411099,156.35798873949093,0.19571428571428573,0.24571428571428572,0.0
PHASE 3B,1357,1086400,1084,2642.497360154805,1785.9321912138744,3148.340334371223,699.6617408278274,691.971709411099,156.35798873949093,0.19571428571428573,0.24571428571428572,0.0
PHASE 3B,1358,1087200,1084,2642.497360154805,1785.9321912138744,3148.340334371223,699.6617408278274,691.971709411099,156.35798873949093,0.19571428571428573,0.24571428571428572,0.0
PHASE 3B,1359,1088000,1088,2647.8931174529507,1785.9321912138744,3148.340334371223,699.2741365189663,695.3064709165251,156.6640637521887,0.19571428571428573,0.24571428571428572,0.0
PHASE 3B,1360,1088800,1088,2647.8931174529507,1785.9321912138744,3148.340334371223,699.2741365189663,695.3064709165251,156.66406375218872,0.19571428571428573,0.24571428571428572,0.0
PHASE 3B,1361,1089600,1088,2647.8931174529507,1785.9321912138744,3148.340334371223,699.2741365189663,695.3064709165251,156.66406375218872,0.19571428571428573,0.24571428571428572,0.0
PHASE 3B,1362,1090400,1088,2647.8931174529507,1785.9321912138744,3148.340334371223,699.2741365189663,695.3064709165251,156.66406375218872,0.19571428571428573,0.24571428571428572,0.0
PHASE 3B,1363,1091200,1088,2647.8931174529507,1785.9321912138744,3148.340334371223,699.2741365189663,695.3064709165251,156.66406375218872,0.19571428571428573,0.24571428571428572,0.0
PHASE 3B,1364,1092000,1092,2647.7926348973097,1785.9321912138744,3148.340334371223,696.4013205834427,696.646368850366,156.84311818294398,0.19571428571428573,0.24571428571428572,0.0
PHASE 3B,1365,1092800,1092,2647.7926348973083,1785.9321912138744,3148.340334371223,696.4013205834426,696.646368850366,156.84311818294398,0.19571428571428573,0.24571428571428572,0.0
PHASE 3B,1366,1093600,1092,2647.7926348973083,1785.9321912138744,3148.340334371223,696.4013205834426,696.646368850366,156.84311818294398,0.19571428571428573,0.24571428571428572,0.0
PHASE 3B,1367,1094400,1092,2647.7926348973083,1785.9321912138744,3148.340334371223,696.4013205834426,696.646368850366,156.84311818294398,0.19571428571428573,0.24571428571428572,0.0
PHASE 3B,1368,1095200,1092,2647.7926348973083,1785.9321912138744,3148.340334371223,696.4013205834426,696.646368850366,156.84311818294398,0.19571428571428573,0.24571428571428572,0.0
PHASE 3B,1369,1096000,1096,2634.0743660616904,1785.9321912138744,3012.0177430762433,687.5584575998269,694.3129696661646,156.52536734946895,0.19571428571428573,0.24571428571428572,0.0
PHASE 3B,1370,1096800,1096,2634.074366061691,1785.9321912138744,3012.0177430762433,687.5584575998269,694.3129696661647,156.52536734946892,0.19571428571428573,0.24571428571428572,0.0
PHASE 3B,1371,1097600,1096,2634.074366061691,1785.9321912138744,3012.0177430762433,687.5584575998269,694.3129696661647,156.52536734946892,0.19571428571428573,0.24571428571428572,0.0
PHASE 3B,1372,1098400,1096,2634.074366061691,1785.9321912138744,3012.0177430762433,687.5584575998269,694.3129696661647,156.52536734946892,0.19571428571428573,0.24571428571428572,0.0
PHASE 3B,1373,1099200,1096,2634.074366061691,1785.9321912138744,3012.0177430762433,687.5584575998269,694.3129696661647,156.52536734946892,0.19571428571428573,0.24571428571428572,0.0
PHASE 3B,1374,1100000,1100,2627.4801801118792,1785.9321912138744,3012.0177430762433,684.0870450190894,694.7691325156472,156.07800032214936,0.19571428571428573,0.24571428571428572,0.0
PHASE 3B,1375,1100800,1100,2627.4801801118792,1785.9321912138744,3012.0177430762433,684.0870450190894,694.7691325156472,156.0780003221494,0.19571428571428573,0.24571428571428572,0.0
PHASE 3B,1376,1101600,1100,2627.4801801118792,1785.9321912138744,3012.0177430762433,684.0870450190894,694.7691325156472,156.0780003221494,0.19571428571428573,0.24571428571428572,0.0
PHASE 3B,1377,1102400,1100,2627.4801801118792,1785.9321912138744,3012.0177430762433,684.0870450190894,694.7691325156472,156.0780003221494,0.19571428571428573,0.24571428571428572,0.0
PHASE 3B,1378,1103200,1100,2627.4801801118792,1785.9321912138744,3012.0177430762433,684.0870450190894,694.7691325156472,156.0780003221494,0.19571428571428573,0.24571428571428572,0.0
PHASE 3B,1379,1104000,1104,2626.059279880503,1785.9321912138744,3012.0177430762433,687.1885474833321,693.679091593473,155.64895510046884,0.19571428571428573,0.24571428571428572,0.0
PHASE 3B,1380,1104800,1104,2626.059279880503,1785.9321912138744,3012.0177430762433,687.1885474833321,693.6790915934731,155.6489551004688,0.19571428571428573,0.24571428571428572,0.0
PHASE 3B,1381,1105600,1104,2626.059279880503,1785.9321912138744,3012.0177430762433,687.1885474833321,693.6790915934731,155.6489551004688,0.19571428571428573,0.24571428571428572,0.0
PHASE 3B,1382,1106400,1104,2626.059279880503,1785.9321912138744,3012.0177430762433,687.1885474833321,693.6790915934731,155.6489551004688,0.19571428571428573,0.24571428571428572,0.0
PHASE 3B,1383,1107200,1104,2626.059279880503,1785.9321912138744,3012.0177430762433,687.1885474833321,693.6790915934731,155.6489551004688,0.19571428571428573,0.24571428571428572,0.0
PHASE 3B,1384,1108000,1108,2628.8172328005353,1785.9321912138744,3012.0177430762433,686.6385342358344,695.5053530625405,155.83416818777675,0.19571428571428573,0.24571428571428572,0.0
PHASE 3B,1385,1108800,1108,2628.817232800535,1785.9321912138744,3012.0177430762433,686.6385342358344,695.5053530625405,155.83416818777678,0.19571428571428573,0.24571428571428572,0.0
PHASE 3B,1386,1109600,1108,2628.817232800535,1785.9321912138744,3012.0177430762433,686.6385342358344,695.5053530625405,155.83416818777678,0.19571428571428573,0.24571428571428572,0.0
PHASE 3B,1387,1110400,1108,2628.817232800535,1785.9321912138744,3012.0177430762433,686.6385342358344,695.5053530625405,155.83416818777678,0.19571428571428573,0.24571428571428572,0.0
PHASE 3B,1388,1111200,1108,2628.817232800535,1785.9321912138744,3012.0177430762433,686.6385342358344,695.5053530625405,155.83416818777678,0.19571428571428573,0.24571428571428572,0.0
PHASE 3B,1389,1112000,1112,2640.063052428495,1785.9321912138744,3012.0177430762433,688.4794423059843,702.1096374744983,156.1842465810083,0.19571428571428573,0.24571428571428572,0.0
PHASE 3B,1390,1112800,1112,2640.0630524284957,1785.9321912138744,3012.0177430762433,688.4794423059843,702.1096374744982,156.1842465810083,0.19571428571428573,0.24571428571428572,0.0
PHASE 3B,1391,1113600,1112,2640.0630524284957,1785.9321912138744,3012.0177430762433,688.4794423059843,702.1096374744982,156.1842465810083,0.19571428571428573,0.24571428571428572,0.0
PHASE 3B,1392,1114400,1112,2640.0630524284957,1785.9321912138744,3012.0177430762433,688.4794423059843,702.1096374744982,156.1842465810083,0.19571428571428573,0.24571428571428572,0.0
PHASE 3B,1393,1115200,1112,2640.0630524284957,1785.9321912138744,3012.0177430762433,688.4794423059843,702.1096374744982,156.1842465810083,0.19571428571428573,0.24571428571428572,0.0
PHASE 3B,1394,1116000,1116,2650.7265911955437,1785.9321912138744,3023.743132798366,691.8311678670539,703.5334663706094,156.92024461974165,0.19571428571428573,0.24571428571428572,0.0
PHASE 3B,1395,1116800,1116,2650.7265911955437,1785.9321912138744,3023.743132798366,691.8311678670538,703.5334663706093,156.92024461974165,0.19571428571428573,0.24571428571428572,0.0
PHASE 3B,1396,1117600,1116,2650.7265911955437,1785.9321912138744,3023.743132798366,691.8311678670538,703.5334663706093,156.92024461974165,0.19571428571428573,0.24571428571428572,0.0
PHASE 3B,1397,1118400,1116,2650.7265911955437,1785.9321912138744,3023.743132798366,691.8311678670538,703.5334663706093,156.92024461974165,0.19571428571428573,0.24571428571428572,0.0
PHASE 3B,1398,1119200,1116,2650.7265911955437,1785.9321912138744,3023.743132798366,691.8311678670538,703.5334663706093,156.92024461974165,0.19571428571428573,0.24571428571428572,0.0
PHASE 3B,1399,1120000,1120,2658.4422448449086,1785.9321912138744,3081.737547488376,693.0487862804773,708.3736271562343,157.1274789260313,0.19571428571428573,0.24571428571428572,0.0
PHASE 3B,1400,1120800,1120,2658.4422448449086,1785.9321912138744,3081.737547488376,693.0487862804772,708.3736271562343,157.1274789260313,0.19571428571428573,0.24571428571428572,0.0
PHASE 3B,1401,1121600,1120,2658.4422448449086,1785.9321912138744,3081.737547488376,693.0487862804772,708.3736271562343,157.1274789260313,0.19571428571428573,0.24571428571428572,0.0
PHASE 3B,1402,1122400,1120,2658.4422448449086,1785.9321912138744,3081.737547488376,693.0487862804772,708.3736271562343,157.1274789260313,0.19571428571428573,0.24571428571428572,0.0
PHASE 3B,1403,1123200,1120,2658.4422448449086,1785.9321912138744,3081.737547488376,693.0487862804772,708.3736271562343,157.1274789260313,0.19571428571428573,0.24571428571428572,0.0
PHASE 3B,1404,1124000,1124,2660.2893257856545,1785.9321912138744,3081.737547488376,689.8431511765758,712.7082272366455,157.21724342156065,0.19571428571428573,0.24571428571428572,0.0
PHASE 3B,1405,1124800,1124,2660.2893257856545,1785.9321912138744,3081.737547488376,689.8431511765759,712.7082272366456,157.21724342156065,0.19571428571428573,0.24571428571428572,0.0
PHASE 3B,1406,1125600,1124,2660.2893257856545,1785.9321912138744,3081.737547488376,689.8431511765759,712.7082272366456,157.21724342156065,0.19571428571428573,0.24571428571428572,0.0
PHASE 3B,1407,1126400,1124,2660.2893257856545,1785.9321912138744,3081.737547488376,689.8431511765759,712.7082272366456,157.21724342156065,0.19571428571428573,0.24571428571428572,0.0
PHASE 3B,1408,1127200,1124,2660.2893257856545,1785.9321912138744,3081.737547488376,689.8431511765759,712.7082272366456,157.21724342156065,0.19571428571428573,0.24571428571428572,0.0
PHASE 3B,1409,1128000,1128,2656.812989856241,1785.9321912138744,3081.737547488376,690.6003152911821,710.4200064675113,156.9740835122001,0.19571428571428573,0.24571428571428572,0.0
PHASE 3B,1410,1128800,1128,2656.812989856241,1785.9321912138744,3081.737547488376,690.6003152911821,710.4200064675111,156.97408351220014,0.19571428571428573,0.24571428571428572,0.0
PHASE 3B,1411,1129600,1128,2656.812989856241,1785.9321912138744,3081.737547488376,690.6003152911821,710.4200064675111,156.97408351220014,0.19571428571428573,0.24571428571428572,0.0
PHASE 3B,1412,1130400,1128,2656.812989856241,1785.9321912138744,3081.737547488376,690.6003152911821,710.4200064675111,156.97408351220014,0.19571428571428573,0.24571428571428572,0.0
PHASE 3B,1413,1131200,1128,2656.812989856241,1785.9321912138744,3081.737547488376,690.6003152911821,710.4200064675111,156.97408351220014,0.19571428571428573,0.24571428571428572,0.0
PHASE 3B,1414,1132000,1132,2658.3891108108287,1785.9321912138744,3081.737547488376,689.5245831423204,711.4517536009288,157.17659675845408,0.19571428571428573,0.24571428571428572,0.0
PHASE 3B,1415,1132800,1132,2658.3891108108282,1785.9321912138744,3081.737547488376,689.5245831423205,711.4517536009288,157.17659675845408,0.19571428571428573,0.24571428571428572,0.0
PHASE 3B,1416,1133600,1132,2658.3891108108282,1785.9321912138744,3081.737547488376,689.5245831423205,711.4517536009288,157.17659675845408,0.19571428571428573,0.24571428571428572,0.0
PHASE 3B,1417,1134400,1132,2658.3891108108282,1785.9321912138744,3081.737547488376,689.5245831423205,711.4517536009288,157.17659675845408,0.19571428571428573,0.24571428571428572,0.0
PHASE 3B,1418,1135200,1132,2658.3891108108282,1785.9321912138744,3081.737547488376,689.5245831423205,711.4517536009288,157.17659675845408,0.19571428571428573,0.24571428571428572,0.0
PHASE 3B,1419,1136000,1136,2649.432316745348,1785.9321912138744,3081.737547488376,684.185517690747,708.3130907269738,157.11671354095998,0.19571428571428573,0.24571428571428572,0.0
PHASE 3B,1420,1136800,1136,2649.432316745348,1785.9321912138744,3081.737547488376,684.185517690747,708.3130907269738,157.11671354095998,0.19571428571428573,0.24571428571428572,0.0
PHASE 3B,1421,1137600,1136,2649.432316745348,1785.9321912138744,3081.737547488376,684.185517690747,708.3130907269738,157.11671354095998,0.19571428571428573,0.24571428571428572,0.0
PHASE 3B,1422,1138400,1136,2649.432316745348,1785.9321912138744,3081.737547488376,684.185517690747,708.3130907269738,157.11671354095998,0.19571428571428573,0.24571428571428572,0.0
PHASE 3B,1423,1139200,1136,2649.432316745348,1785.9321912138744,3081.737547488376,684.185517690747,708.3130907269738,157.11671354095998,0.19571428571428573,0.24571428571428572,0.0
PHASE 3B,1424,1140000,1140,2647.293949303436,1785.9321912138744,3081.737547488376,682.8775035658391,708.0507570116065,157.04571109075545,0.19571428571428573,0.24571428571428572,0.0
PHASE 3B,1425,1140800,1140,2647.293949303436,1785.9321912138744,3081.737547488376,682.8775035658393,708.0507570116065,157.04571109075547,0.19571428571428573,0.24571428571428572,0.0
PHASE 3B,1426,1141600,1140,2647.293949303436,1785.9321912138744,3081.737547488376,682.8775035658393,708.0507570116065,157.04571109075547,0.19571428571428573,0.24571428571428572,0.0
PHASE 3B,1427,1142400,1140,2647.293949303436,1785.9321912138744,3081.737547488376,682.8775035658393,708.0507570116065,157.04571109075547,0.19571428571428573,0.24571428571428572,0.0
PHASE 3B,1428,1143200,1140,2647.293949303436,1785.9321912138744,3081.737547488376,682.8775035658393,708.0507570116065,157.04571109075547,0.19571428571428573,0.24571428571428572,0.0
PHASE 3B,1429,1144000,1144,2655.479595000032,1803.6439266004354,3081.737547488376,693.3888722536587,706.5449836717688,156.9432173843322,0.19571428571428573,0.24571428571428572,0.0
PHASE 3B,1430,1144800,1144,2655.479595000032,1803.6439266004354,3081.737547488376,693.3888722536587,706.544983671769,156.9432173843322,0.19571428571428573,0.24571428571428572,0.0
PHASE 3B,1431,1145600,1144,2655.479595000032,1803.6439266004354,3081.737547488376,693.3888722536587,706.544983671769,156.9432173843322,0.19571428571428573,0.24571428571428572,0.0
PHASE 3B,1432,1146400,1144,2655.479595000032,1803.6439266004354,3081.737547488376,693.3888722536587,706.544983671769,156.9432173843322,0.19571428571428573,0.24571428571428572,0.0
PHASE 3B,1433,1147200,1144,2655.479595000032,1803.6439266004354,3081.737547488376,693.3888722536587,706.544983671769,156.9432173843322,0.19571428571428573,0.24571428571428572,0.0
PHASE 3B,1434,1148000,1148,2658.6090641819155,1803.6439266004354,3081.737547488376,694.8863487279724,705.2754855355237,157.30590373980903,0.19571428571428573,0.24571428571428572,0.0
PHASE 3B,1435,1148800,1148,2658.6090641819155,1803.6439266004354,3081.737547488376,694.8863487279726,705.2754855355237,157.30590373980903,0.19571428571428573,0.24571428571428572,0.0
PHASE 3B,1436,1149600,1148,2658.6090641819155,1803.6439266004354,3081.737547488376,694.8863487279726,705.2754855355237,157.30590373980903,0.19571428571428573,0.24571428571428572,0.0
PHASE 3B,1437,1150400,1148,2658.6090641819155,1803.6439266004354,3081.737547488376,694.8863487279726,705.2754855355237,157.30590373980903,0.19571428571428573,0.24571428571428572,0.0
PHASE 3B,1438,1151200,1148,2658.6090641819155,1803.6439266004354,3081.737547488376,694.8863487279726,705.2754855355237,157.30590373980903,0.19571428571428573,0.24571428571428572,0.0
PHASE 3B,1439,1152000,1152,2652.0107070176564,1803.6439266004354,3081.737547488376,682.8866697027322,710.37968922651,157.34304351105857,0.19571428571428573,0.24571428571428572,0.0
PHASE 3B,1440,1152800,1152,2652.0107070176564,1803.6439266004354,3081.737547488376,682.8866697027323,710.3796892265098,157.34304351105857,0.19571428571428573,0.24571428571428572,0.0
PHASE 3B,1441,1153600,1152,2652.0107070176564,1803.6439266004354,3081.737547488376,682.8866697027323,710.3796892265098,157.34304351105857,0.19571428571428573,0.24571428571428572,0.0
PHASE 3B,1442,1154400,1152,2652.0107070176564,1803.6439266004354,3081.737547488376,682.8866697027323,710.3796892265098,157.34304351105857,0.19571428571428573,0.24571428571428572,0.0
PHASE 3B,1443,1155200,1152,2652.0107070176564,1803.6439266004354,3081.737547488376,682.8866697027323,710.3796892265098,157.34304351105857,0.19571428571428573,0.24571428571428572,0.0
PHASE 3B,1444,1156000,1156,2651.880960566253,1803.6439266004354,3081.737547488376,687.1083472589748,705.7176810287792,157.3818665348191,0.19571428571428573,0.24571428571428572,0.0
PHASE 3B,1445,1156800,1156,2651.880960566253,1803.6439266004354,3081.737547488376,687.1083472589747,705.7176810287792,157.3818665348191,0.19571428571428573,0.24571428571428572,0.0
PHASE 3B,1446,1157600,1156,2651.880960566253,1803.6439266004354,3081.737547488376,687.1083472589747,705.7176810287792,157.3818665348191,0.19571428571428573,0.24571428571428572,0.0
PHASE 3B,1447,1158400,1156,2651.880960566253,1803.6439266004354,3081.737547488376,687.1083472589747,705.7176810287792,157.3818665348191,0.19571428571428573,0.24571428571428572,0.0
PHASE 3B,1448,1159200,1156,2651.880960566253,1803.6439266004354,3081.737547488376,687.1083472589747,705.7176810287792,157.3818665348191,0.19571428571428573,0.24571428571428572,0.0
PHASE 3B,1449,1160000,1160,2660.9564815300996,1803.6439266004354,3081.737547488376,686.2663062426129,713.0833387654692,157.70085456525868,0.19571428571428573,0.24571428571428572,0.0
PHASE 3B,1450,1160800,1160,2660.9564815300996,1803.6439266004354,3081.737547488376,686.266306242613,713.0833387654692,157.70085456525868,0.19571428571428573,0.24571428571428572,0.0
PHASE 3B,1451,1161600,1160,2660.9564815300996,1803.6439266004354,3081.737547488376,686.266306242613,713.0833387654692,157.70085456525868,0.19571428571428573,0.24571428571428572,0.0
PHASE 3B,1452,1162400,1160,2660.9564815300996,1803.6439266004354,3081.737547488376,686.266306242613,713.0833387654692,157.70085456525868,0.19571428571428573,0.24571428571428572,0.0
PHASE 3B,1453,1163200,1160,2660.9564815300996,1803.6439266004354,3081.737547488376,686.266306242613,713.0833387654692,157.70085456525868,0.19571428571428573,0.24571428571428572,0.0
PHASE 3B,1454,1164000,1164,2645.1448803133644,1803.6439266004354,3081.737547488376,686.9888477553645,697.7089735835433,157.55588237181382,0.19571428571428573,0.24571428571428572,0.0
PHASE 3B,1455,1164800,1164,2645.1448803133653,1803.6439266004354,3081.737547488376,686.9888477553644,697.7089735835434,157.55588237181382,0.19571428571428573,0.24571428571428572,0.0
PHASE 3B,1456,1165600,1164,2645.1448803133653,1803.6439266004354,3081.737547488376,686.9888477553644,697.7089735835434,157.55588237181382,0.19571428571428573,0.24571428571428572,0.0
PHASE 3B,1457,1166400,1164,2645.1448803133653,1803.6439266004354,3081.737547488376,686.9888477553644,697.7089735835434,157.55588237181382,0.19571428571428573,0.24571428571428572,0.0
PHASE 3B,1458,1167200,1164,2645.1448803133653,1803.6439266004354,3081.737547488376,686.9888477553644,697.7089735835434,157.55588237181382,0.19571428571428573,0.24571428571428572,0.0
PHASE 3B,1459,1168000,1168,2644.380466110992,1803.6439266004354,3081.737547488376,690.728129146432,693.6463380241739,157.5007498675549,0.19571428571428573,0.24571428571428572,0.0
PHASE 3B,1460,1168800,1168,2644.380466110992,1803.6439266004354,3081.737547488376,690.7281291464319,693.646338024174,157.50074986755487,0.19571428571428573,0.24571428571428572,0.0
PHASE 3B,1461,1169600,1168,2644.380466110992,1803.6439266004354,3081.737547488376,690.7281291464319,693.646338024174,157.50074986755487,0.19571428571428573,0.24571428571428572,0.0
PHASE 3B,1462,1170400,1168,2644.380466110992,1803.6439266004354,3081.737547488376,690.7281291464319,693.646338024174,157.50074986755487,0.19571428571428573,0.24571428571428572,0.0
PHASE 3B,1463,1171200,1168,2644.380466110992,1803.6439266004354,3081.737547488376,690.7281291464319,693.646338024174,157.50074986755487,0.19571428571428573,0.24571428571428572,0.0
PHASE 3B,1464,1172000,1172,2636.1530682667044,1803.6439266004354,3081.737547488376,687.3353167179392,691.9189381393892,157.11235167617846,0.19571428571428573,0.24571428571428572,0.0
PHASE 3B,1465,1172800,1172,2636.1530682667044,1803.6439266004354,3081.737547488376,687.3353167179395,691.9189381393892,157.11235167617846,0.19571428571428573,0.24571428571428572,0.0
PHASE 3B,1466,1173600,1172,2636.1530682667044,1803.6439266004354,3081.737547488376,687.3353167179395,691.9189381393892,157.11235167617846,0.19571428571428573,0.24571428571428572,0.0
PHASE 3B,1467,1174400,1172,2636.1530682667044,1803.6439266004354,3081.737547488376,687.3353167179395,691.9189381393892,157.11235167617846,0.19571428571428573,0.24571428571428572,0.0
PHASE 3B,1468,1175200,1172,2636.1530682667044,1803.6439266004354,3081.737547488376,687.3353167179395,691.9189381393892,157.11235167617846,0.19571428571428573,0.24571428571428572,0.0
PHASE 3B,1469,1176000,1176,2621.6245689913294,1463.0535895791245,3081.737547488376,677.8008893503492,690.7490148599628,156.6343330976337,0.19571428571428573,0.24571428571428572,0.0
PHASE 3B,1470,1176800,1176,2621.6245689913294,1463.0535895791245,3081.737547488376,677.800889350349,690.7490148599628,156.6343330976337,0.19571428571428573,0.24571428571428572,0.0
PHASE 3B,1471,1177600,1176,2621.6245689913294,1463.0535895791245,3081.737547488376,677.800889350349,690.7490148599628,156.6343330976337,0.19571428571428573,0.24571428571428572,0.0
PHASE 3B,1472,1178400,1176,2621.6245689913294,1463.0535895791245,3081.737547488376,677.800889350349,690.7490148599628,156.6343330976337,0.19571428571428573,0.24571428571428572,0.0
PHASE 3B,1473,1179200,1176,2621.6245689913294,1463.0535895791245,3081.737547488376,677.800889350349,690.7490148599628,156.6343330976337,0.19571428571428573,0.24571428571428572,0.0
PHASE 3B,1474,1180000,1180,2624.256301869224,1463.0535895791245,3081.737547488376,679.1919686706632,690.5241590581131,156.8175217675625,0.19571428571428573,0.24571428571428572,0.0
PHASE 3B,1475,1180800,1180,2624.256301869224,1463.0535895791245,3081.737547488376,679.1919686706635,690.524159058113,156.8175217675625,0.19571428571428573,0.24571428571428572,0.0
PHASE 3B,1476,1181600,1180,2624.256301869224,1463.0535895791245,3081.737547488376,679.1919686706635,690.524159058113,156.8175217675625,0.19571428571428573,0.24571428571428572,0.0
PHASE 3B,1477,1182400,1180,2624.256301869224,1463.0535895791245,3081.737547488376,679.1919686706635,690.524159058113,156.8175217675625,0.19571428571428573,0.24571428571428572,0.0
PHASE 3B,1478,1183200,1180,2624.256301869224,1463.0535895791245,3081.737547488376,679.1919686706635,690.524159058113,156.8175217675625,0.19571428571428573,0.24571428571428572,0.0
PHASE 3B,1479,1184000,1184,2609.1359511424976,1463.0535895791245,3081.737547488376,672.2749807892496,684.3617258341818,156.5624055648899,0.19571428571428573,0.24571428571428572,0.0
PHASE 3B,1480,1184800,1184,2609.1359511424976,1463.0535895791245,3081.737547488376,672.2749807892495,684.3617258341818,156.5624055648899,0.19571428571428573,0.24571428571428572,0.0
PHASE 3B,1481,1185600,1184,2609.1359511424976,1463.0535895791245,3081.737547488376,672.2749807892495,684.3617258341818,156.5624055648899,0.19571428571428573,0.24571428571428572,0.0
PHASE 3B,1482,1186400,1184,2609.1359511424976,1463.0535895791245,3081.737547488376,672.2749807892495,684.3617258341818,156.5624055648899,0.19571428571428573,0.24571428571428572,0.0
PHASE 3B,1483,1187200,1184,2609.1359511424976,1463.0535895791245,3081.737547488376,672.2749807892495,684.3617258341818,156.5624055648899,0.19571428571428573,0.24571428571428572,0.0
PHASE 3B,1484,1188000,1188,2598.4955446047957,1463.0535895791245,3081.737547488376,672.3130744344937,677.503002339996,156.08493347879488,0.19571428571428573,0.24571428571428572,0.0
PHASE 3B,1485,1188800,1188,2598.495544604796,1463.0535895791245,3081.737547488376,672.313074434494,677.5030023399962,156.08493347879488,0.19571428571428573,0.24571428571428572,0.0
PHASE 3B,1486,1189600,1188,2598.495544604796,1463.0535895791245,3081.737547488376,672.313074434494,677.5030023399962,156.08493347879488,0.19571428571428573,0.24571428571428572,0.0
PHASE 3B,1487,1190400,1188,2598.495544604796,1463.0535895791245,3081.737547488376,672.313074434494,677.5030023399962,156.08493347879488,0.19571428571428573,0.24571428571428572,0.0
PHASE 3B,1488,1191200,1188,2598.495544604796,1463.0535895791245,3081.737547488376,672.313074434494,677.5030023399962,156.08493347879488,0.19571428571428573,0.24571428571428572,0.0
PHASE 3B,1489,1192000,1192,2595.715293559655,1463.0535895791245,3081.737547488376,671.6249218251351,677.4065962889202,155.83547193070666,0.19571428571428573,0.24571428571428572,0.0
PHASE 3B,1490,1192800,1192,2595.715293559655,1463.0535895791245,3081.737547488376,671.624921825135,677.4065962889201,155.83547193070666,0.19571428571428573,0.24571428571428572,0.0
PHASE 3B,1491,1193600,1192,2595.715293559655,1463.0535895791245,3081.737547488376,671.624921825135,677.4065962889201,155.83547193070666,0.19571428571428573,0.24571428571428572,0.0
PHASE 3B,1492,1194400,1192,2595.715293559655,1463.0535895791245,3081.737547488376,671.624921825135,677.4065962889201,155.83547193070666,0.19571428571428573,0.24571428571428572,0.0
PHASE 3B,1493,1195200,1192,2595.715293559655,1463.0535895791245,3081.737547488376,671.624921825135,677.4065962889201,155.83547193070666,0.19571428571428573,0.24571428571428572,0.0
PHASE 3B,1494,1196000,1196,2603.6159584772035,1463.0535895791245,3081.737547488376,679.6659742388497,675.5426961180106,156.0509110150495,0.19571428571428573,0.24571428571428572,0.0
PHASE 3B,1495,1196800,1196,2603.615958477203,1463.0535895791245,3081.737547488376,679.6659742388499,675.5426961180106,156.05091101504954,0.19571428571428573,0.24571428571428572,0.0
PHASE 3B,1496,1197600,1196,2603.615958477203,1463.0535895791245,3081.737547488376,679.6659742388499,675.5426961180106,156.05091101504954,0.19571428571428573,0.24571428571428572,0.0
PHASE 3B,1497,1198400,1196,2603.615958477203,1463.0535895791245,3081.737547488376,679.6659742388499,675.5426961180106,156.05091101504954,0.19571428571428573,0.24571428571428572,0.0
PHASE 3B,1498,1199200,1196,2603.615958477203,1463.0535895791245,3081.737547488376,679.6659742388499,675.5426961180106,156.05091101504954,0.19571428571428573,0.24571428571428572,0.0
PHASE 3B,1499,1200000,1200,2612.890911739132,1463.0535895791245,3081.737547488376,678.8809397651735,680.2138983900353,156.7245091979971,0.19571428571428573,0.24571428571428572,0.0
