phase,iter,timesteps_total,episodes_total,episode_reward_mean,episode_reward_min,episode_reward_max,policy_reward_mean/p_top,policy_reward_mean/p_bottom,policy_reward_mean/a,mean_tax/p_top,mean_tax/p_bottom,social_welfare_coin_eq_times_prod
PHASE 1,0,800,0,,,,,,,0.0,0.0,0.0
PHASE 1,1,1600,0,,,,,,,0.0,0.0,0.0
PHASE 1,2,2400,0,,,,,,,0.0,0.0,0.0
PHASE 1,3,3200,0,,,,,,,0.0,0.0,0.0
PHASE 1,4,4000,4,-79.5974540488237,-122.6903867493352,-28.756039664458328,23.37500000000161,19.583333333335304,-15.319473422770013,0.0,0.0,0.0
PHASE 1,5,4800,4,-79.5974540488237,-122.6903867493352,-28.756039664458328,23.37500000000161,19.583333333335304,-15.319473422770013,0.0,0.0,0.0
PHASE 1,6,5600,4,-79.5974540488237,-122.6903867493352,-28.756039664458328,23.37500000000161,19.583333333335304,-15.319473422770013,0.0,0.0,0.0
PHASE 1,7,6400,4,-79.5974540488237,-122.6903867493352,-28.756039664458328,23.37500000000161,19.583333333335304,-15.319473422770013,0.0,0.0,0.0
PHASE 1,8,7200,4,-79.5974540488237,-122.6903867493352,-28.756039664458328,23.37500000000161,19.583333333335304,-15.319473422770013,0.0,0.0,0.0
PHASE 1,9,8000,8,-93.52120877094552,-127.51693825166615,-28.756039664458328,20.875000000001613,18.895833333335112,-16.66150526303523,0.0,0.0,0.0
PHASE 1,10,8800,8,-93.52120877094552,-127.51693825166615,-28.756039664458328,20.875000000001613,18.895833333335112,-16.66150526303523,0.0,0.0,0.0
PHASE 1,11,9600,8,-93.52120877094552,-127.51693825166615,-28.756039664458328,20.875000000001613,18.895833333335112,-16.66150526303523,0.0,0.0,0.0
PHASE 1,12,10400,8,-93.52120877094552,-127.51693825166615,-28.756039664458328,20.875000000001613,18.895833333335112,-16.66150526303523,0.0,0.0,0.0
PHASE 1,13,11200,8,-93.52120877094552,-127.51693825166615,-28.756039664458328,20.875000000001613,18.895833333335112,-16.66150526303523,0.0,0.0,0.0
PHASE 1,14,12000,12,-45.69766320727708,-127.51693825166615,145.37877598715605,28.06944444444599,22.527777777779523,-12.03686067868756,0.0,0.0,0.0
PHASE 1,15,12800,12,-45.69766320727707,-127.51693825166615,145.37877598715605,28.06944444444598,22.527777777779523,-12.03686067868756,0.0,0.0,0.0
PHASE 1,16,13600,12,-45.69766320727707,-127.51693825166615,145.37877598715605,28.06944444444598,22.527777777779523,-12.03686067868756,0.0,0.0,0.0
PHASE 1,17,14400,12,-45.69766320727707,-127.51693825166615,145.37877598715605,28.06944444444598,22.527777777779523,-12.03686067868756,0.0,0.0,0.0
PHASE 1,18,15200,12,-45.69766320727707,-127.51693825166615,145.37877598715605,28.06944444444598,22.527777777779523,-12.03686067868756,0.0,0.0,0.0
PHASE 1,19,16000,16,-30.351073057775196,-127.51693825166615,145.37877598715605,28.531250000001606,23.114583333335066,-10.249613298888649,0.0,0.0,0.0
PHASE 1,20,16800,16,-30.351073057775196,-127.51693825166615,145.37877598715605,28.531250000001606,23.114583333335066,-10.24961329888865,0.0,0.0,0.0
PHASE 1,21,17600,16,-30.351073057775196,-127.51693825166615,145.37877598715605,28.531250000001606,23.114583333335066,-10.24961329888865,0.0,0.0,0.0
PHASE 1,22,18400,16,-30.351073057775196,-127.51693825166615,145.37877598715605,28.531250000001606,23.114583333335066,-10.24961329888865,0.0,0.0,0.0
PHASE 1,23,19200,16,-30.351073057775196,-127.51693825166615,145.37877598715605,28.531250000001606,23.114583333335066,-10.24961329888865,0.0,0.0,0.0
PHASE 1,24,20000,20,2.8101872138293507,-127.51693825166615,276.06645559810084,30.44166666666826,32.358333333334826,-7.498726598271202,0.0,0.0,0.0
PHASE 1,25,20800,20,2.810187213829349,-127.51693825166615,276.06645559810084,30.441666666668254,32.358333333334826,-7.498726598271202,0.0,0.0,0.0
PHASE 1,26,21600,20,2.810187213829349,-127.51693825166615,276.06645559810084,30.441666666668254,32.358333333334826,-7.498726598271202,0.0,0.0,0.0
PHASE 1,27,22400,20,2.810187213829349,-127.51693825166615,276.06645559810084,30.441666666668254,32.358333333334826,-7.498726598271202,0.0,0.0,0.0
PHASE 1,28,23200,20,2.810187213829349,-127.51693825166615,276.06645559810084,30.441666666668254,32.358333333334826,-7.498726598271202,0.0,0.0,0.0
PHASE 1,29,24000,24,32.22240433783319,-127.51693825166615,307.73445466054386,36.56944444444588,35.93750000000145,-5.035567513326048,0.0,0.0,0.0
PHASE 1,30,24800,24,32.22240433783319,-127.51693825166615,307.73445466054386,36.56944444444588,35.93750000000145,-5.035567513326047,0.0,0.0,0.0
PHASE 1,31,25600,24,32.22240433783319,-127.51693825166615,307.73445466054386,36.56944444444588,35.93750000000145,-5.035567513326047,0.0,0.0,0.0
PHASE 1,32,26400,24,32.22240433783319,-127.51693825166615,307.73445466054386,36.56944444444588,35.93750000000145,-5.035567513326047,0.0,0.0,0.0
PHASE 1,33,27200,24,32.22240433783319,-127.51693825166615,307.73445466054386,36.56944444444588,35.93750000000145,-5.035567513326047,0.0,0.0,0.0
PHASE 1,34,28000,28,52.3725807032158,-127.51693825166615,307.73445466054386,39.755952380953836,36.63095238095383,-3.0017905073356297,0.0,0.0,0.0
PHASE 1,35,28800,28,52.37258070321581,-127.51693825166615,307.73445466054386,39.75595238095384,36.63095238095383,-3.00179050733563,0.0,0.0,0.0
PHASE 1,36,29600,28,52.37258070321581,-127.51693825166615,307.73445466054386,39.75595238095384,36.63095238095383,-3.00179050733563,0.0,0.0,0.0
PHASE 1,37,30400,28,52.37258070321581,-127.51693825166615,307.73445466054386,39.75595238095384,36.63095238095383,-3.00179050733563,0.0,0.0,0.0
PHASE 1,38,31200,28,52.37258070321581,-127.51693825166615,307.73445466054386,39.75595238095384,36.63095238095383,-3.00179050733563,0.0,0.0,0.0
PHASE 1,39,32000,32,60.16578931569797,-127.51693825166615,307.73445466054386,38.72916666666816,37.63541666666811,-2.024849252203966,0.0,0.0,0.0
PHASE 1,40,32800,32,60.16578931569797,-127.51693825166615,307.73445466054386,38.72916666666816,37.63541666666811,-2.0248492522039676,0.0,0.0,0.0
PHASE 1,41,33600,32,60.16578931569797,-127.51693825166615,307.73445466054386,38.72916666666816,37.63541666666811,-2.0248492522039676,0.0,0.0,0.0
PHASE 1,42,34400,32,60.16578931569797,-127.51693825166615,307.73445466054386,38.72916666666816,37.63541666666811,-2.0248492522039676,0.0,0.0,0.0
PHASE 1,43,35200,32,60.16578931569797,-127.51693825166615,307.73445466054386,38.72916666666816,37.63541666666811,-2.0248492522039676,0.0,0.0,0.0
PHASE 1,44,36000,36,64.37092222966673,-127.51693825166615,307.73445466054386,37.42592592592742,38.80555555555699,-1.4825699064764284,0.0,0.0,0.0
PHASE 1,45,36800,36,64.37092222966675,-127.51693825166615,307.73445466054386,37.42592592592743,38.80555555555699,-1.482569906476429,0.0,0.0,0.0
PHASE 1,46,37600,36,64.37092222966675,-127.51693825166615,307.73445466054386,37.42592592592743,38.80555555555699,-1.482569906476429,0.0,0.0,0.0
PHASE 1,47,38400,36,64.37092222966675,-127.51693825166615,307.73445466054386,37.42592592592743,38.80555555555699,-1.482569906476429,0.0,0.0,0.0
PHASE 1,48,39200,36,64.37092222966675,-127.51693825166615,307.73445466054386,37.42592592592743,38.80555555555699,-1.482569906476429,0.0,0.0,0.0
PHASE 1,49,40000,40,86.905023915211,-127.51693825166615,396.32646956655435,39.070833333334825,43.09166666666811,0.5928154894019493,0.0,0.0,0.0
PHASE 1,50,40800,40,86.90502391521102,-127.51693825166615,396.32646956655435,39.070833333334825,43.09166666666811,0.5928154894019493,0.0,0.0,0.0
PHASE 1,51,41600,40,86.90502391521102,-127.51693825166615,396.32646956655435,39.070833333334825,43.09166666666811,0.5928154894019493,0.0,0.0,0.0
PHASE 1,52,42400,40,86.90502391521102,-127.51693825166615,396.32646956655435,39.070833333334825,43.09166666666811,0.5928154894019493,0.0,0.0,0.0
PHASE 1,53,43200,40,86.90502391521102,-127.51693825166615,396.32646956655435,39.070833333334825,43.09166666666811,0.5928154894019493,0.0,0.0,0.0
PHASE 1,54,44000,44,108.33642056134927,-127.51693825166615,396.32646956655435,41.91287878788028,45.42045454545599,2.625385903502635,0.0,0.0,0.0
PHASE 1,55,44800,44,108.33642056134927,-127.51693825166615,396.32646956655435,41.91287878788029,45.420454545455975,2.625385903502634,0.0,0.0,0.0
PHASE 1,56,45600,44,108.33642056134927,-127.51693825166615,396.32646956655435,41.91287878788029,45.420454545455975,2.625385903502634,0.0,0.0,0.0
PHASE 1,57,46400,44,108.33642056134927,-127.51693825166615,396.32646956655435,41.91287878788029,45.420454545455975,2.625385903502634,0.0,0.0,0.0
PHASE 1,58,47200,44,108.33642056134927,-127.51693825166615,396.32646956655435,41.91287878788029,45.420454545455975,2.625385903502634,0.0,0.0,0.0
PHASE 1,59,48000,48,126.85954068689868,-127.51693825166615,406.8421928118696,46.19791666666813,46.170138888890364,4.31143564141863,0.0,0.0,0.0
PHASE 1,60,48800,48,126.85954068689868,-127.51693825166615,406.8421928118696,46.19791666666813,46.170138888890364,4.311435641418629,0.0,0.0,0.0
PHASE 1,61,49600,48,126.85954068689868,-127.51693825166615,406.8421928118696,46.19791666666813,46.170138888890364,4.311435641418629,0.0,0.0,0.0
PHASE 1,62,50400,48,126.85954068689868,-127.51693825166615,406.8421928118696,46.19791666666813,46.170138888890364,4.311435641418629,0.0,0.0,0.0
PHASE 1,63,51200,48,126.85954068689868,-127.51693825166615,406.8421928118696,46.19791666666813,46.170138888890364,4.311435641418629,0.0,0.0,0.0
PHASE 1,64,52000,52,147.5008219829676,-127.51693825166615,435.3657989325077,47.43269230769378,50.66346153846301,6.175583517102523,0.0,0.0,0.0
PHASE 1,65,52800,52,147.50082198296758,-127.51693825166615,435.3657989325077,47.43269230769377,50.66346153846301,6.175583517102522,0.0,0.0,0.0
PHASE 1,66,53600,52,147.50082198296758,-127.51693825166615,435.3657989325077,47.43269230769377,50.66346153846301,6.175583517102522,0.0,0.0,0.0
PHASE 1,67,54400,52,147.50082198296758,-127.51693825166615,435.3657989325077,47.43269230769377,50.66346153846301,6.175583517102522,0.0,0.0,0.0
PHASE 1,68,55200,52,147.50082198296758,-127.51693825166615,435.3657989325077,47.43269230769377,50.66346153846301,6.175583517102522,0.0,0.0,0.0
PHASE 1,69,56000,56,160.63409473008915,-127.51693825166615,594.3536732450215,47.57738095238244,53.49702380952527,7.444961246023851,0.0,0.0,0.0
PHASE 1,70,56800,56,160.63409473008915,-127.51693825166615,594.3536732450215,47.57738095238244,53.49702380952527,7.4449612460238495,0.0,0.0,0.0
PHASE 1,71,57600,56,160.63409473008915,-127.51693825166615,594.3536732450215,47.57738095238244,53.49702380952527,7.4449612460238495,0.0,0.0,0.0
PHASE 1,72,58400,56,160.63409473008915,-127.51693825166615,594.3536732450215,47.57738095238244,53.49702380952527,7.4449612460238495,0.0,0.0,0.0
PHASE 1,73,59200,56,160.63409473008915,-127.51693825166615,594.3536732450215,47.57738095238244,53.49702380952527,7.4449612460238495,0.0,0.0,0.0
PHASE 1,74,60000,60,178.6451788573843,-127.51693825166615,594.3536732450215,49.550000000001496,57.36111111111253,8.966758468284988,0.0,0.0,0.0
PHASE 1,75,60800,60,178.64517885738434,-127.51693825166615,594.3536732450215,49.55000000000148,57.36111111111254,8.966758468284988,0.0,0.0,0.0
PHASE 1,76,61600,60,178.64517885738434,-127.51693825166615,594.3536732450215,49.55000000000148,57.36111111111254,8.966758468284988,0.0,0.0,0.0
PHASE 1,77,62400,60,178.64517885738434,-127.51693825166615,594.3536732450215,49.55000000000148,57.36111111111254,8.966758468284988,0.0,0.0,0.0
PHASE 1,78,63200,60,178.64517885738434,-127.51693825166615,594.3536732450215,49.55000000000148,57.36111111111254,8.966758468284988,0.0,0.0,0.0
PHASE 1,79,64000,64,203.21835139371098,-127.51693825166615,683.0954314593324,52.549479166668156,62.559895833334735,11.013622049214618,0.0,0.0,0.0
PHASE 1,80,64800,64,203.21835139371098,-127.51693825166615,683.0954314593324,52.549479166668156,62.559895833334735,11.013622049214616,0.0,0.0,0.0
PHASE 1,81,65600,64,203.21835139371098,-127.51693825166615,683.0954314593324,52.549479166668156,62.559895833334735,11.013622049214616,0.0,0.0,0.0
PHASE 1,82,66400,64,203.21835139371098,-127.51693825166615,683.0954314593324,52.549479166668156,62.559895833334735,11.013622049214616,0.0,0.0,0.0
PHASE 1,83,67200,64,203.21835139371098,-127.51693825166615,683.0954314593324,52.549479166668156,62.559895833334735,11.013622049214616,0.0,0.0,0.0
PHASE 1,84,68000,68,212.90355498159502,-127.51693825166615,683.0954314593324,54.8799019607858,62.406862745099446,11.952098784464837,0.0,0.0,0.0
PHASE 1,85,68800,68,212.903554981595,-127.51693825166615,683.0954314593324,54.879901960785794,62.40686274509946,11.952098784464837,0.0,0.0,0.0
PHASE 1,86,69600,68,212.903554981595,-127.51693825166615,683.0954314593324,54.879901960785794,62.40686274509946,11.952098784464837,0.0,0.0,0.0
PHASE 1,87,70400,68,212.903554981595,-127.51693825166615,683.0954314593324,54.879901960785794,62.40686274509946,11.952098784464837,0.0,0.0,0.0
PHASE 1,88,71200,68,212.903554981595,-127.51693825166615,683.0954314593324,54.879901960785794,62.40686274509946,11.952098784464837,0.0,0.0,0.0
PHASE 1,89,72000,72,221.3186481690504,-127.51693825166615,683.0954314593324,55.57870370370519,63.9004629629644,12.729935187798752,0.0,0.0,0.0
PHASE 1,90,72800,72,221.3186481690504,-127.51693825166615,683.0954314593324,55.57870370370519,63.9004629629644,12.729935187798752,0.0,0.0,0.0
PHASE 1,91,73600,72,221.3186481690504,-127.51693825166615,683.0954314593324,55.57870370370519,63.9004629629644,12.729935187798752,0.0,0.0,0.0
PHASE 1,92,74400,72,221.3186481690504,-127.51693825166615,683.0954314593324,55.57870370370519,63.9004629629644,12.729935187798752,0.0,0.0,0.0
PHASE 1,93,75200,72,221.3186481690504,-127.51693825166615,683.0954314593324,55.57870370370519,63.9004629629644,12.729935187798752,0.0,0.0,0.0
PHASE 1,94,76000,76,234.90704493728592,-127.51693825166615,683.0954314593324,59.89035087719446,63.947368421054094,13.883665704880851,0.0,0.0,0.0
PHASE 1,95,76800,76,234.90704493728586,-127.51693825166615,683.0954314593324,59.89035087719446,63.94736842105408,13.883665704880855,0.0,0.0,0.0
PHASE 1,96,77600,76,234.90704493728586,-127.51693825166615,683.0954314593324,59.89035087719446,63.94736842105408,13.883665704880855,0.0,0.0,0.0
PHASE 1,97,78400,76,234.90704493728586,-127.51693825166615,683.0954314593324,59.89035087719446,63.94736842105408,13.883665704880855,0.0,0.0,0.0
PHASE 1,98,79200,76,234.90704493728586,-127.51693825166615,683.0954314593324,59.89035087719446,63.94736842105408,13.883665704880855,0.0,0.0,0.0
PHASE 1,99,80000,80,245.04332590585304,-127.51693825166615,683.0954314593324,64.47291666666811,64.37083333333479,14.52494698823251,0.0,0.0,0.0
PHASE 1,100,80800,80,245.0433259058531,-127.51693825166615,683.0954314593324,64.47291666666811,64.37083333333479,14.524946988232509,0.0,0.0,0.0
PHASE 1,101,81600,80,245.0433259058531,-127.51693825166615,683.0954314593324,64.47291666666811,64.37083333333479,14.524946988232509,0.0,0.0,0.0
PHASE 1,102,82400,80,245.0433259058531,-127.51693825166615,683.0954314593324,64.47291666666811,64.37083333333479,14.524946988232509,0.0,0.0,0.0
PHASE 1,103,83200,80,245.0433259058531,-127.51693825166615,683.0954314593324,64.47291666666811,64.37083333333479,14.524946988232509,0.0,0.0,0.0
PHASE 1,104,84000,84,242.0167628815117,-127.51693825166615,683.0954314593324,63.00396825396969,64.9285714285729,14.26052789987237,0.0,0.0,0.0
PHASE 1,105,84800,84,242.01676288151174,-127.51693825166615,683.0954314593324,63.00396825396969,64.92857142857288,14.260527899872372,0.0,0.0,0.0
PHASE 1,106,85600,84,242.01676288151174,-127.51693825166615,683.0954314593324,63.00396825396969,64.92857142857288,14.260527899872372,0.0,0.0,0.0
PHASE 1,107,86400,84,242.01676288151174,-127.51693825166615,683.0954314593324,63.00396825396969,64.92857142857288,14.260527899872372,0.0,0.0,0.0
PHASE 1,108,87200,84,242.01676288151174,-127.51693825166615,683.0954314593324,63.00396825396969,64.92857142857288,14.260527899872372,0.0,0.0,0.0
PHASE 1,109,88000,88,247.31933175173447,-127.51693825166615,683.0954314593324,63.32386363636506,66.47159090909236,14.69048465078587,0.0,0.0,0.0
PHASE 1,110,88800,88,247.31933175173447,-127.51693825166615,683.0954314593324,63.32386363636506,66.47159090909236,14.69048465078587,0.0,0.0,0.0
PHASE 1,111,89600,88,247.31933175173447,-127.51693825166615,683.0954314593324,63.32386363636506,66.47159090909236,14.69048465078587,0.0,0.0,0.0
PHASE 1,112,90400,88,247.31933175173447,-127.51693825166615,683.0954314593324,63.32386363636506,66.47159090909236,14.69048465078587,0.0,0.0,0.0
PHASE 1,113,91200,88,247.31933175173447,-127.51693825166615,683.0954314593324,63.32386363636506,66.47159090909236,14.69048465078587,0.0,0.0,0.0
PHASE 1,114,92000,92,245.9739513169362,-127.51693825166615,683.0954314593324,62.23369565217535,66.94384057971162,14.599551885632453,0.0,0.0,0.0
PHASE 1,115,92800,92,245.9739513169362,-127.51693825166615,683.0954314593324,62.233695652175335,66.9438405797116,14.599551885632453,0.0,0.0,0.0
PHASE 1,116,93600,92,245.9739513169362,-127.51693825166615,683.0954314593324,62.233695652175335,66.9438405797116,14.599551885632453,0.0,0.0,0.0
PHASE 1,117,94400,92,245.9739513169362,-127.51693825166615,683.0954314593324,62.233695652175335,66.9438405797116,14.599551885632453,0.0,0.0,0.0
PHASE 1,118,95200,92,245.9739513169362,-127.51693825166615,683.0954314593324,62.233695652175335,66.9438405797116,14.599551885632453,0.0,0.0,0.0
PHASE 1,119,96000,96,243.66404220343205,-127.51693825166615,683.0954314593324,61.33333333333479,67.00520833333478,14.415687567096604,0.0,0.0,0.0
PHASE 1,120,96800,96,243.66404220343205,-127.51693825166615,683.0954314593324,61.33333333333479,67.00520833333478,14.415687567096604,0.0,0.0,0.0
PHASE 1,121,97600,96,243.66404220343205,-127.51693825166615,683.0954314593324,61.33333333333479,67.00520833333478,14.415687567096604,0.0,0.0,0.0
PHASE 1,122,98400,96,243.66404220343205,-127.51693825166615,683.0954314593324,61.33333333333479,67.00520833333478,14.415687567096604,0.0,0.0,0.0
PHASE 1,123,99200,96,243.66404220343205,-127.51693825166615,683.0954314593324,61.33333333333479,67.00520833333478,14.415687567096604,0.0,0.0,0.0
PHASE 1,124,100000,100,241.89358576708574,-127.51693825166615,683.0954314593324,60.6083333333348,66.71000000000147,14.321906554219982,0.0,0.0,0.0
PHASE 1,125,100800,100,241.89358576708574,-127.51693825166615,683.0954314593324,60.608333333334805,66.71000000000146,14.321906554219979,0.0,0.0,0.0
PHASE 1,126,101600,100,241.89358576708574,-127.51693825166615,683.0954314593324,60.608333333334805,66.71000000000146,14.321906554219979,0.0,0.0,0.0
PHASE 1,127,102400,100,241.89358576708574,-127.51693825166615,683.0954314593324,60.608333333334805,66.71000000000146,14.321906554219979,0.0,0.0,0.0
PHASE 1,128,103200,100,241.89358576708574,-127.51693825166615,683.0954314593324,60.608333333334805,66.71000000000146,14.321906554219979,0.0,0.0,0.0
PHASE 1,129,104000,104,245.24522699058952,-127.51693825166615,683.0954314593324,60.43833333333478,67.04500000000145,14.72023670715796,0.0,0.0,0.0
PHASE 1,130,104800,104,245.24522699058954,-127.51693825166615,683.0954314593324,60.438333333334796,67.04500000000145,14.720236707157962,0.0,0.0,0.0
PHASE 1,131,105600,104,245.24522699058954,-127.51693825166615,683.0954314593324,60.438333333334796,67.04500000000145,14.720236707157962,0.0,0.0,0.0
PHASE 1,132,106400,104,245.24522699058954,-127.51693825166615,683.0954314593324,60.438333333334796,67.04500000000145,14.720236707157962,0.0,0.0,0.0
PHASE 1,133,107200,104,245.24522699058954,-127.51693825166615,683.0954314593324,60.438333333334796,67.04500000000145,14.720236707157962,0.0,0.0,0.0
PHASE 1,134,108000,108,251.12488319621255,-34.553040711174276,683.0954314593324,60.600000000001465,67.33500000000146,15.398735399527517,0.0,0.0,0.0
PHASE 1,135,108800,108,251.12488319621258,-34.553040711174276,683.0954314593324,60.60000000000146,67.33500000000144,15.398735399527517,0.0,0.0,0.0
PHASE 1,136,109600,108,251.12488319621258,-34.553040711174276,683.0954314593324,60.60000000000146,67.33500000000144,15.398735399527517,0.0,0.0,0.0
PHASE 1,137,110400,108,251.12488319621258,-34.553040711174276,683.0954314593324,60.60000000000146,67.33500000000144,15.398735399527517,0.0,0.0,0.0
PHASE 1,138,111200,108,251.12488319621258,-34.553040711174276,683.0954314593324,60.60000000000146,67.33500000000144,15.398735399527517,0.0,0.0,0.0
PHASE 1,139,112000,112,253.40860437393778,-34.553040711174276,683.0954314593324,59.918333333334814,67.93166666666811,15.69482554674315,0.0,0.0,0.0
PHASE 1,140,112800,112,253.40860437393775,-34.553040711174276,683.0954314593324,59.918333333334814,67.93166666666812,15.69482554674315,0.0,0.0,0.0
PHASE 1,141,113600,112,253.40860437393775,-34.553040711174276,683.0954314593324,59.918333333334814,67.93166666666812,15.69482554674315,0.0,0.0,0.0
PHASE 1,142,114400,112,253.40860437393775,-34.553040711174276,683.0954314593324,59.918333333334814,67.93166666666812,15.69482554674315,0.0,0.0,0.0
PHASE 1,143,115200,112,253.40860437393775,-34.553040711174276,683.0954314593324,59.918333333334814,67.93166666666812,15.69482554674315,0.0,0.0,0.0
PHASE 1,144,116000,116,261.3912539097603,-8.92939976060478,683.0954314593324,60.928333333334805,69.68000000000144,16.34786507205433,0.0,0.0,0.0
PHASE 1,145,116800,116,261.39125390976034,-8.92939976060478,683.0954314593324,60.928333333334805,69.68000000000144,16.34786507205433,0.0,0.0,0.0
PHASE 1,146,117600,116,261.39125390976034,-8.92939976060478,683.0954314593324,60.928333333334805,69.68000000000144,16.34786507205433,0.0,0.0,0.0
PHASE 1,147,118400,116,261.39125390976034,-8.92939976060478,683.0954314593324,60.928333333334805,69.68000000000144,16.34786507205433,0.0,0.0,0.0
PHASE 1,148,119200,116,261.39125390976034,-8.92939976060478,683.0954314593324,60.928333333334805,69.68000000000144,16.34786507205433,0.0,0.0,0.0
PHASE 1,149,120000,120,277.0951058223998,-8.92939976060478,779.5184134881144,64.75833333333479,71.10000000000147,17.654596561134195,0.0,0.0,0.0
PHASE 1,150,120800,120,277.0951058223998,-8.92939976060478,779.5184134881144,64.75833333333479,71.10000000000147,17.65459656113419,0.0,0.0,0.0
PHASE 1,151,121600,120,277.0951058223998,-8.92939976060478,779.5184134881144,64.75833333333479,71.10000000000147,17.65459656113419,0.0,0.0,0.0
PHASE 1,152,122400,120,277.0951058223998,-8.92939976060478,779.5184134881144,64.75833333333479,71.10000000000147,17.65459656113419,0.0,0.0,0.0
PHASE 1,153,123200,120,277.0951058223998,-8.92939976060478,779.5184134881144,64.75833333333479,71.10000000000147,17.65459656113419,0.0,0.0,0.0
PHASE 1,154,124000,124,290.0540720664259,-8.92939976060478,779.5184134881144,66.30833333333483,73.54333333333483,18.775300674970786,0.0,0.0,0.0
PHASE 1,155,124800,124,290.05407206642593,-8.92939976060478,779.5184134881144,66.30833333333482,73.54333333333483,18.77530067497079,0.0,0.0,0.0
PHASE 1,156,125600,124,290.05407206642593,-8.92939976060478,779.5184134881144,66.30833333333482,73.54333333333483,18.77530067497079,0.0,0.0,0.0
PHASE 1,157,126400,124,290.05407206642593,-8.92939976060478,779.5184134881144,66.30833333333482,73.54333333333483,18.77530067497079,0.0,0.0,0.0
PHASE 1,158,127200,124,290.05407206642593,-8.92939976060478,779.5184134881144,66.30833333333482,73.54333333333483,18.77530067497079,0.0,0.0,0.0
PHASE 1,159,128000,128,312.65597833398283,-8.92939976060478,953.0980842500251,70.12666666666814,80.12333333333478,20.300747291748603,0.0,0.0,0.0
PHASE 1,160,128800,128,312.65597833398283,-8.92939976060478,953.0980842500251,70.12666666666816,80.1233333333348,20.300747291748603,0.0,0.0,0.0
PHASE 1,161,129600,128,312.65597833398283,-8.92939976060478,953.0980842500251,70.12666666666816,80.1233333333348,20.300747291748603,0.0,0.0,0.0
PHASE 1,162,130400,128,312.65597833398283,-8.92939976060478,953.0980842500251,70.12666666666816,80.1233333333348,20.300747291748603,0.0,0.0,0.0
PHASE 1,163,131200,128,312.65597833398283,-8.92939976060478,953.0980842500251,70.12666666666816,80.1233333333348,20.300747291748603,0.0,0.0,0.0
PHASE 1,164,132000,132,336.841747473877,-8.92939976060478,953.0980842500251,75.31000000000145,85.12000000000144,22.051468434235204,0.0,0.0,0.0
PHASE 1,165,132800,132,336.8417474738769,-8.92939976060478,953.0980842500251,75.31000000000145,85.12000000000144,22.051468434235197,0.0,0.0,0.0
PHASE 1,166,133600,132,336.8417474738769,-8.92939976060478,953.0980842500251,75.31000000000145,85.12000000000144,22.051468434235197,0.0,0.0,0.0
PHASE 1,167,134400,132,336.8417474738769,-8.92939976060478,953.0980842500251,75.31000000000145,85.12000000000144,22.051468434235197,0.0,0.0,0.0
PHASE 1,168,135200,132,336.8417474738769,-8.92939976060478,953.0980842500251,75.31000000000145,85.12000000000144,22.051468434235197,0.0,0.0,0.0
PHASE 1,169,136000,136,363.6526395146412,-8.92939976060478,1083.671380534875,80.9866666666681,90.74166666666807,23.990538272664008,0.0,0.0,0.0
PHASE 1,170,136800,136,363.6526395146413,-8.92939976060478,1083.671380534875,80.9866666666681,90.74166666666808,23.990538272664008,0.0,0.0,0.0
PHASE 1,171,137600,136,363.6526395146413,-8.92939976060478,1083.671380534875,80.9866666666681,90.74166666666808,23.990538272664008,0.0,0.0,0.0
PHASE 1,172,138400,136,363.6526395146413,-8.92939976060478,1083.671380534875,80.9866666666681,90.74166666666808,23.990538272664008,0.0,0.0,0.0
PHASE 1,173,139200,136,363.6526395146413,-8.92939976060478,1083.671380534875,80.9866666666681,90.74166666666808,23.990538272664008,0.0,0.0,0.0
PHASE 1,174,140000,140,387.3799734763415,-8.92939976060478,1083.671380534875,87.97333333333476,95.41333333333473,25.499163351209535,0.0,0.0,0.0
PHASE 1,175,140800,140,387.3799734763415,-8.92939976060478,1083.671380534875,87.97333333333478,95.41333333333472,25.499163351209535,0.0,0.0,0.0
PHASE 1,176,141600,140,387.3799734763415,-8.92939976060478,1083.671380534875,87.97333333333478,95.41333333333472,25.499163351209535,0.0,0.0,0.0
PHASE 1,177,142400,140,387.3799734763415,-8.92939976060478,1083.671380534875,87.97333333333478,95.41333333333472,25.499163351209535,0.0,0.0,0.0
PHASE 1,178,143200,140,387.3799734763415,-8.92939976060478,1083.671380534875,87.97333333333478,95.41333333333472,25.499163351209535,0.0,0.0,0.0
PHASE 1,179,144000,144,404.89552850442493,-8.92939976060478,1083.671380534875,92.58666666666808,99.17000000000138,26.642357729719723,0.0,0.0,0.0
PHASE 1,180,144800,144,404.89552850442504,-8.92939976060478,1083.671380534875,92.58666666666807,99.17000000000138,26.642357729719723,0.0,0.0,0.0
PHASE 1,181,145600,144,404.89552850442504,-8.92939976060478,1083.671380534875,92.58666666666807,99.17000000000138,26.642357729719723,0.0,0.0,0.0
PHASE 1,182,146400,144,404.89552850442504,-8.92939976060478,1083.671380534875,92.58666666666807,99.17000000000138,26.642357729719723,0.0,0.0,0.0
PHASE 1,183,147200,144,404.89552850442504,-8.92939976060478,1083.671380534875,92.58666666666807,99.17000000000138,26.642357729719723,0.0,0.0,0.0
PHASE 1,184,148000,148,424.59253282534604,-8.92939976060478,1083.671380534875,96.73666666666806,105.461666666668,27.799274936501217,0.0,0.0,0.0
PHASE 1,185,148800,148,424.592532825346,-8.92939976060478,1083.671380534875,96.73666666666809,105.46166666666801,27.799274936501217,0.0,0.0,0.0
PHASE 1,186,149600,148,424.592532825346,-8.92939976060478,1083.671380534875,96.73666666666809,105.46166666666801,27.799274936501217,0.0,0.0,0.0
PHASE 1,187,150400,148,424.592532825346,-8.92939976060478,1083.671380534875,96.73666666666809,105.46166666666801,27.799274936501217,0.0,0.0,0.0
PHASE 1,188,151200,148,424.592532825346,-8.92939976060478,1083.671380534875,96.73666666666809,105.46166666666801,27.799274936501217,0.0,0.0,0.0
PHASE 1,189,152000,152,441.0900755410866,-8.92939976060478,1083.671380534875,103.76166666666805,107.95833333333466,28.671259442635037,0.0,0.0,0.0
PHASE 1,190,152800,152,441.09007554108655,-8.92939976060478,1083.671380534875,103.76166666666802,107.95833333333466,28.671259442635037,0.0,0.0,0.0
PHASE 1,191,153600,152,441.09007554108655,-8.92939976060478,1083.671380534875,103.76166666666802,107.95833333333466,28.671259442635037,0.0,0.0,0.0
PHASE 1,192,154400,152,441.09007554108655,-8.92939976060478,1083.671380534875,103.76166666666802,107.95833333333466,28.671259442635037,0.0,0.0,0.0
PHASE 1,193,155200,152,441.09007554108655,-8.92939976060478,1083.671380534875,103.76166666666802,107.95833333333466,28.671259442635037,0.0,0.0,0.0
PHASE 1,194,156000,156,454.6986139721828,-8.92939976060478,1083.671380534875,107.43166666666801,111.91833333333467,29.41857674652184,0.0,0.0,0.0
PHASE 1,195,156800,156,454.6986139721827,-8.92939976060478,1083.671380534875,107.43166666666801,111.91833333333467,29.41857674652184,0.0,0.0,0.0
PHASE 1,196,157600,156,454.6986139721827,-8.92939976060478,1083.671380534875,107.43166666666801,111.91833333333467,29.41857674652184,0.0,0.0,0.0
PHASE 1,197,158400,156,454.6986139721827,-8.92939976060478,1083.671380534875,107.43166666666801,111.91833333333467,29.41857674652184,0.0,0.0,0.0
PHASE 1,198,159200,156,454.6986139721827,-8.92939976060478,1083.671380534875,107.43166666666801,111.91833333333467,29.41857674652184,0.0,0.0,0.0
PHASE 1,199,160000,160,467.01468012134114,-8.92939976060478,1083.671380534875,112.29000000000133,114.27333333333466,30.05641834849977,0.0,0.0,0.0
PHASE 1,200,160800,160,467.01468012134114,-8.92939976060478,1083.671380534875,112.29000000000131,114.27333333333465,30.056418348499776,0.0,0.0,0.0
PHASE 1,201,161600,160,467.01468012134114,-8.92939976060478,1083.671380534875,112.29000000000131,114.27333333333465,30.056418348499776,0.0,0.0,0.0
PHASE 1,202,162400,160,467.01468012134114,-8.92939976060478,1083.671380534875,112.29000000000131,114.27333333333465,30.056418348499776,0.0,0.0,0.0
PHASE 1,203,163200,160,467.01468012134114,-8.92939976060478,1083.671380534875,112.29000000000131,114.27333333333465,30.056418348499776,0.0,0.0,0.0
PHASE 1,204,164000,164,473.5411526984254,-8.92939976060478,1083.671380534875,116.78500000000128,114.94500000000133,30.226394087301824,0.0,0.0,0.0
PHASE 1,205,164800,164,473.54115269842544,-8.92939976060478,1083.671380534875,116.78500000000129,114.94500000000131,30.226394087301824,0.0,0.0,0.0
PHASE 1,206,165600,164,473.54115269842544,-8.92939976060478,1083.671380534875,116.78500000000129,114.94500000000131,30.226394087301824,0.0,0.0,0.0
PHASE 1,207,166400,164,473.54115269842544,-8.92939976060478,1083.671380534875,116.78500000000129,114.94500000000131,30.226394087301824,0.0,0.0,0.0
PHASE 1,208,167200,164,473.54115269842544,-8.92939976060478,1083.671380534875,116.78500000000129,114.94500000000131,30.226394087301824,0.0,0.0,0.0
PHASE 1,209,168000,168,490.6300280753304,-8.92939976060478,1083.671380534875,120.02333333333462,121.22666666666794,31.172503509414536,0.0,0.0,0.0
PHASE 1,210,168800,168,490.63002807533036,-8.92939976060478,1083.671380534875,120.02333333333462,121.22666666666794,31.172503509414536,0.0,0.0,0.0
PHASE 1,211,169600,168,490.63002807533036,-8.92939976060478,1083.671380534875,120.02333333333462,121.22666666666794,31.172503509414536,0.0,0.0,0.0
PHASE 1,212,170400,168,490.63002807533036,-8.92939976060478,1083.671380534875,120.02333333333462,121.22666666666794,31.172503509414536,0.0,0.0,0.0
PHASE 1,213,171200,168,490.63002807533036,-8.92939976060478,1083.671380534875,120.02333333333462,121.22666666666794,31.172503509414536,0.0,0.0,0.0
PHASE 1,214,172000,172,512.3497407688747,-8.92939976060478,1083.671380534875,124.72333333333458,128.1666666666679,32.43246759610728,0.0,0.0,0.0
PHASE 1,215,172800,172,512.3497407688748,-8.92939976060478,1083.671380534875,124.72333333333458,128.1666666666679,32.43246759610727,0.0,0.0,0.0
PHASE 1,216,173600,172,512.3497407688748,-8.92939976060478,1083.671380534875,124.72333333333458,128.1666666666679,32.43246759610727,0.0,0.0,0.0
PHASE 1,217,174400,172,512.3497407688748,-8.92939976060478,1083.671380534875,124.72333333333458,128.1666666666679,32.43246759610727,0.0,0.0,0.0
PHASE 1,218,175200,172,512.3497407688748,-8.92939976060478,1083.671380534875,124.72333333333458,128.1666666666679,32.43246759610727,0.0,0.0,0.0
PHASE 1,219,176000,176,525.4484337658978,-8.92939976060478,1088.6341516849798,127.16333333333456,133.91000000000122,33.04688755406815,0.0,0.0,0.0
PHASE 1,220,176800,176,525.4484337658977,-8.92939976060478,1088.6341516849798,127.16333333333456,133.91000000000122,33.04688755406815,0.0,0.0,0.0
PHASE 1,221,177600,176,525.4484337658977,-8.92939976060478,1088.6341516849798,127.16333333333456,133.91000000000122,33.04688755406815,0.0,0.0,0.0
PHASE 1,222,178400,176,525.4484337658977,-8.92939976060478,1088.6341516849798,127.16333333333456,133.91000000000122,33.04688755406815,0.0,0.0,0.0
PHASE 1,223,179200,176,525.4484337658977,-8.92939976060478,1088.6341516849798,127.16333333333456,133.91000000000122,33.04688755406815,0.0,0.0,0.0
PHASE 1,224,180000,180,543.3700276610659,-8.92939976060478,1101.9454177786374,129.7016666666679,139.63000000000122,34.25479512429719,0.0,0.0,0.0
PHASE 1,225,180800,180,543.3700276610659,-8.92939976060478,1101.9454177786374,129.70166666666793,139.6300000000012,34.25479512429719,0.0,0.0,0.0
PHASE 1,226,181600,180,543.3700276610659,-8.92939976060478,1101.9454177786374,129.70166666666793,139.6300000000012,34.25479512429719,0.0,0.0,0.0
PHASE 1,227,182400,180,543.3700276610659,-8.92939976060478,1101.9454177786374,129.70166666666793,139.6300000000012,34.25479512429719,0.0,0.0,0.0
PHASE 1,228,183200,180,543.3700276610659,-8.92939976060478,1101.9454177786374,129.70166666666793,139.6300000000012,34.25479512429719,0.0,0.0,0.0
PHASE 1,229,184000,184,571.7518853752945,-8.92939976060478,1303.9751116916775,137.03666666666788,145.7416666666678,36.121694005242325,0.0,0.0,0.0
PHASE 1,230,184800,184,571.7518853752944,-8.92939976060478,1303.9751116916775,137.03666666666788,145.7416666666678,36.121694005242325,0.0,0.0,0.0
PHASE 1,231,185600,184,571.7518853752944,-8.92939976060478,1303.9751116916775,137.03666666666788,145.7416666666678,36.121694005242325,0.0,0.0,0.0
PHASE 1,232,186400,184,571.7518853752944,-8.92939976060478,1303.9751116916775,137.03666666666788,145.7416666666678,36.121694005242325,0.0,0.0,0.0
PHASE 1,233,187200,184,571.7518853752944,-8.92939976060478,1303.9751116916775,137.03666666666788,145.7416666666678,36.121694005242325,0.0,0.0,0.0
PHASE 1,234,188000,188,590.410304015476,-8.92939976060478,1303.9751116916775,142.6250000000012,148.59666666666783,37.39857966859819,0.0,0.0,0.0
PHASE 1,235,188800,188,590.4103040154758,-8.92939976060478,1303.9751116916775,142.6250000000012,148.59666666666783,37.39857966859818,0.0,0.0,0.0
PHASE 1,236,189600,188,590.4103040154758,-8.92939976060478,1303.9751116916775,142.6250000000012,148.59666666666783,37.39857966859818,0.0,0.0,0.0
PHASE 1,237,190400,188,590.4103040154758,-8.92939976060478,1303.9751116916775,142.6250000000012,148.59666666666783,37.39857966859818,0.0,0.0,0.0
PHASE 1,238,191200,188,590.4103040154758,-8.92939976060478,1303.9751116916775,142.6250000000012,148.59666666666783,37.39857966859818,0.0,0.0,0.0
PHASE 1,239,192000,192,622.9509264353811,-8.92939976060478,1303.9751116916775,150.89833333333453,156.14000000000112,39.4890741377528,0.0,0.0,0.0
PHASE 1,240,192800,192,622.9509264353812,-8.92939976060478,1303.9751116916775,150.89833333333453,156.14000000000112,39.489074137752816,0.0,0.0,0.0
PHASE 1,241,193600,192,622.9509264353812,-8.92939976060478,1303.9751116916775,150.89833333333453,156.14000000000112,39.489074137752816,0.0,0.0,0.0
PHASE 1,242,194400,192,622.9509264353812,-8.92939976060478,1303.9751116916775,150.89833333333453,156.14000000000112,39.489074137752816,0.0,0.0,0.0
PHASE 1,243,195200,192,622.9509264353812,-8.92939976060478,1303.9751116916775,150.89833333333453,156.14000000000112,39.489074137752816,0.0,0.0,0.0
PHASE 1,244,196000,196,649.3753148272514,-8.92939976060478,1303.9751116916775,158.03000000000114,160.83833333333445,41.313372686736365,0.0,0.0,0.0
PHASE 1,245,196800,196,649.3753148272514,-8.92939976060478,1303.9751116916775,158.03000000000114,160.83833333333445,41.313372686736365,0.0,0.0,0.0
PHASE 1,246,197600,196,649.3753148272514,-8.92939976060478,1303.9751116916775,158.03000000000114,160.83833333333445,41.313372686736365,0.0,0.0,0.0
PHASE 1,247,198400,196,649.3753148272514,-8.92939976060478,1303.9751116916775,158.03000000000114,160.83833333333445,41.313372686736365,0.0,0.0,0.0
PHASE 1,248,199200,196,649.3753148272514,-8.92939976060478,1303.9751116916775,158.03000000000114,160.83833333333445,41.313372686736365,0.0,0.0,0.0
PHASE 1,249,200000,200,677.0977011441661,-8.92939976060478,1303.9751116916775,163.4516666666678,167.62500000000108,43.252629309683925,0.0,0.0,0.0
PHASE 1,250,200800,200,677.0977011441661,-8.92939976060478,1303.9751116916775,163.45166666666776,167.62500000000108,43.25262930968392,0.0,0.0,0.0
PHASE 1,251,201600,200,677.0977011441661,-8.92939976060478,1303.9751116916775,163.45166666666776,167.62500000000108,43.25262930968392,0.0,0.0,0.0
PHASE 1,252,202400,200,677.0977011441661,-8.92939976060478,1303.9751116916775,163.45166666666776,167.62500000000108,43.25262930968392,0.0,0.0,0.0
PHASE 1,253,203200,200,677.0977011441661,-8.92939976060478,1303.9751116916775,163.45166666666776,167.62500000000108,43.25262930968392,0.0,0.0,0.0
PHASE 1,254,204000,204,716.9664228290743,-7.655779897153259,1303.9751116916775,173.45666666666781,175.84166666666772,45.95851118696398,0.0,0.0,0.0
PHASE 1,255,204800,204,716.9664228290742,-7.655779897153259,1303.9751116916775,173.45666666666776,175.8416666666677,45.95851118696397,0.0,0.0,0.0
PHASE 1,256,205600,204,716.9664228290742,-7.655779897153259,1303.9751116916775,173.45666666666776,175.8416666666677,45.95851118696397,0.0,0.0,0.0
PHASE 1,257,206400,204,716.9664228290742,-7.655779897153259,1303.9751116916775,173.45666666666776,175.8416666666677,45.95851118696397,0.0,0.0,0.0
PHASE 1,258,207200,204,716.9664228290742,-7.655779897153259,1303.9751116916775,173.45666666666776,175.8416666666677,45.95851118696397,0.0,0.0,0.0
PHASE 1,259,208000,208,754.3208088521637,15.181640091031078,1303.9751116916775,183.1683333333344,183.69833333333435,48.431767773183275,0.0,0.0,0.0
PHASE 1,260,208800,208,754.3208088521637,15.181640091031078,1303.9751116916775,183.16833333333437,183.69833333333435,48.431767773183275,0.0,0.0,0.0
PHASE 1,261,209600,208,754.3208088521637,15.181640091031078,1303.9751116916775,183.16833333333437,183.69833333333435,48.431767773183275,0.0,0.0,0.0
PHASE 1,262,210400,208,754.3208088521637,15.181640091031078,1303.9751116916775,183.16833333333437,183.69833333333435,48.431767773183275,0.0,0.0,0.0
PHASE 1,263,211200,208,754.3208088521637,15.181640091031078,1303.9751116916775,183.16833333333437,183.69833333333435,48.431767773183275,0.0,0.0,0.0
PHASE 1,264,212000,212,778.0237789988304,89.14171206930956,1303.9751116916775,187.360000000001,189.5216666666677,50.142764041516365,0.0,0.0,0.0
PHASE 1,265,212800,212,778.0237789988304,89.14171206930956,1303.9751116916775,187.36000000000107,189.5216666666676,50.142764041516365,0.0,0.0,0.0
PHASE 1,266,213600,212,778.0237789988304,89.14171206930956,1303.9751116916775,187.36000000000107,189.5216666666676,50.142764041516365,0.0,0.0,0.0
PHASE 1,267,214400,212,778.0237789988304,89.14171206930956,1303.9751116916775,187.36000000000107,189.5216666666676,50.142764041516365,0.0,0.0,0.0
PHASE 1,268,215200,212,778.0237789988304,89.14171206930956,1303.9751116916775,187.36000000000107,189.5216666666676,50.142764041516365,0.0,0.0,0.0
PHASE 1,269,216000,216,803.5639632807208,201.15813939412106,1303.9751116916775,192.450000000001,196.22333333333427,51.861328743419165,0.0,0.0,0.0
PHASE 1,270,216800,216,803.5639632807209,201.15813939412106,1303.9751116916775,192.45000000000098,196.2233333333343,51.86132874341917,0.0,0.0,0.0
PHASE 1,271,217600,216,803.5639632807209,201.15813939412106,1303.9751116916775,192.45000000000098,196.2233333333343,51.86132874341917,0.0,0.0,0.0
PHASE 1,272,218400,216,803.5639632807209,201.15813939412106,1303.9751116916775,192.45000000000098,196.2233333333343,51.86132874341917,0.0,0.0,0.0
PHASE 1,273,219200,216,803.5639632807209,201.15813939412106,1303.9751116916775,192.45000000000098,196.2233333333343,51.86132874341917,0.0,0.0,0.0
PHASE 1,274,220000,220,820.0302240165514,333.777639899854,1320.9019547155344,196.65166666666764,200.83166666666762,52.81836133539802,0.0,0.0,0.0
PHASE 1,275,220800,220,820.0302240165515,333.777639899854,1320.9019547155344,196.65166666666767,200.8316666666676,52.81836133539801,0.0,0.0,0.0
PHASE 1,276,221600,220,820.0302240165515,333.777639899854,1320.9019547155344,196.65166666666767,200.8316666666676,52.81836133539801,0.0,0.0,0.0
PHASE 1,277,222400,220,820.0302240165515,333.777639899854,1320.9019547155344,196.65166666666767,200.8316666666676,52.81836133539801,0.0,0.0,0.0
PHASE 1,278,223200,220,820.0302240165515,333.777639899854,1320.9019547155344,196.65166666666767,200.8316666666676,52.81836133539801,0.0,0.0,0.0
PHASE 1,279,224000,224,832.7249711409033,333.777639899854,1320.9019547155344,200.04666666666765,204.03666666666754,53.580204725941776,0.0,0.0,0.0
PHASE 1,280,224800,224,832.7249711409032,333.777639899854,1320.9019547155344,200.04666666666765,204.03666666666754,53.580204725941776,0.0,0.0,0.0
PHASE 1,281,225600,224,832.7249711409032,333.777639899854,1320.9019547155344,200.04666666666765,204.03666666666754,53.580204725941776,0.0,0.0,0.0
PHASE 1,282,226400,224,832.7249711409032,333.777639899854,1320.9019547155344,200.04666666666765,204.03666666666754,53.580204725941776,0.0,0.0,0.0
PHASE 1,283,227200,224,832.7249711409032,333.777639899854,1320.9019547155344,200.04666666666765,204.03666666666754,53.580204725941776,0.0,0.0,0.0
PHASE 1,284,228000,228,831.9970681227067,374.3734389063861,1320.9019547155344,199.97666666666765,203.24833333333424,53.59650851533381,0.0,0.0,0.0
PHASE 1,285,228800,228,831.9970681227065,374.3734389063861,1320.9019547155344,199.97666666666765,203.24833333333427,53.59650851533381,0.0,0.0,0.0
PHASE 1,286,229600,228,831.9970681227065,374.3734389063861,1320.9019547155344,199.97666666666765,203.24833333333427,53.59650851533381,0.0,0.0,0.0
PHASE 1,287,230400,228,831.9970681227065,374.3734389063861,1320.9019547155344,199.97666666666765,203.24833333333427,53.59650851533381,0.0,0.0,0.0
PHASE 1,288,231200,228,831.9970681227065,374.3734389063861,1320.9019547155344,199.97666666666765,203.24833333333427,53.59650851533381,0.0,0.0,0.0
PHASE 1,289,232000,232,834.9536384204591,374.3734389063861,1320.9019547155344,199.62833333333435,206.19666666666762,53.64107980255283,0.0,0.0,0.0
PHASE 1,290,232800,232,834.953638420459,374.3734389063861,1320.9019547155344,199.6283333333343,206.19666666666762,53.64107980255281,0.0,0.0,0.0
PHASE 1,291,233600,232,834.953638420459,374.3734389063861,1320.9019547155344,199.6283333333343,206.19666666666762,53.64107980255281,0.0,0.0,0.0
PHASE 1,292,234400,232,834.953638420459,374.3734389063861,1320.9019547155344,199.6283333333343,206.19666666666762,53.64107980255281,0.0,0.0,0.0
PHASE 1,293,235200,232,834.953638420459,374.3734389063861,1320.9019547155344,199.6283333333343,206.19666666666762,53.64107980255281,0.0,0.0,0.0
PHASE 1,294,236000,236,838.493763661172,374.3734389063861,1320.9019547155344,201.16666666666765,206.58000000000095,53.843387124308464,0.0,0.0,0.0
PHASE 1,295,236800,236,838.493763661172,374.3734389063861,1320.9019547155344,201.16666666666762,206.58000000000092,53.843387124308464,0.0,0.0,0.0
PHASE 1,296,237600,236,838.493763661172,374.3734389063861,1320.9019547155344,201.16666666666762,206.58000000000092,53.843387124308464,0.0,0.0,0.0
PHASE 1,297,238400,236,838.493763661172,374.3734389063861,1320.9019547155344,201.16666666666762,206.58000000000092,53.843387124308464,0.0,0.0,0.0
PHASE 1,298,239200,236,838.493763661172,374.3734389063861,1320.9019547155344,201.16666666666762,206.58000000000092,53.843387124308464,0.0,0.0,0.0
PHASE 1,299,240000,240,829.1143987408016,374.3734389063861,1320.9019547155344,196.44833333333435,206.43666666666755,53.278674842595684,0.0,0.0,0.0
PHASE 1,300,240800,240,829.1143987408017,374.3734389063861,1320.9019547155344,196.44833333333438,206.43666666666758,53.27867484259569,0.0,0.0,0.0
PHASE 1,301,241600,240,829.1143987408017,374.3734389063861,1320.9019547155344,196.44833333333438,206.43666666666758,53.27867484259569,0.0,0.0,0.0
PHASE 1,302,242400,240,829.1143987408017,374.3734389063861,1320.9019547155344,196.44833333333438,206.43666666666758,53.27867484259569,0.0,0.0,0.0
PHASE 1,303,243200,240,829.1143987408017,374.3734389063861,1320.9019547155344,196.44833333333438,206.43666666666758,53.27867484259569,0.0,0.0,0.0
PHASE 1,304,244000,244,831.636936575116,374.3734389063861,1320.9019547155344,197.39333333333434,207.9100000000009,53.2917004052183,0.0,0.0,0.0
PHASE 1,305,244800,244,831.6369365751161,374.3734389063861,1320.9019547155344,197.39333333333425,207.9100000000009,53.291700405218286,0.0,0.0,0.0
PHASE 1,306,245600,244,831.6369365751161,374.3734389063861,1320.9019547155344,197.39333333333425,207.9100000000009,53.291700405218286,0.0,0.0,0.0
PHASE 1,307,246400,244,831.6369365751161,374.3734389063861,1320.9019547155344,197.39333333333425,207.9100000000009,53.291700405218286,0.0,0.0,0.0
PHASE 1,308,247200,244,831.6369365751161,374.3734389063861,1320.9019547155344,197.39333333333425,207.9100000000009,53.291700405218286,0.0,0.0,0.0
PHASE 1,309,248000,248,831.1795801724645,374.3734389063861,1320.9019547155344,196.32666666666762,208.28166666666758,53.321405854886805,0.0,0.0,0.0
PHASE 1,310,248800,248,831.1795801724647,374.3734389063861,1320.9019547155344,196.32666666666765,208.28166666666755,53.321405854886805,0.0,0.0,0.0
PHASE 1,311,249600,248,831.1795801724647,374.3734389063861,1320.9019547155344,196.32666666666765,208.28166666666755,53.321405854886805,0.0,0.0,0.0
PHASE 1,312,250400,248,831.1795801724647,374.3734389063861,1320.9019547155344,196.32666666666765,208.28166666666755,53.321405854886805,0.0,0.0,0.0
PHASE 1,313,251200,248,831.1795801724647,374.3734389063861,1320.9019547155344,196.32666666666765,208.28166666666755,53.321405854886805,0.0,0.0,0.0
PHASE 1,314,252000,252,821.935256766778,374.3734389063861,1320.9019547155344,191.395000000001,207.4350000000009,52.888157095842956,0.0,0.0,0.0
PHASE 1,315,252800,252,821.9352567667778,374.3734389063861,1320.9019547155344,191.395000000001,207.43500000000094,52.88815709584294,0.0,0.0,0.0
PHASE 1,316,253600,252,821.9352567667778,374.3734389063861,1320.9019547155344,191.395000000001,207.43500000000094,52.88815709584294,0.0,0.0,0.0
PHASE 1,317,254400,252,821.9352567667778,374.3734389063861,1320.9019547155344,191.395000000001,207.43500000000094,52.88815709584294,0.0,0.0,0.0
PHASE 1,318,255200,252,821.9352567667778,374.3734389063861,1320.9019547155344,191.395000000001,207.43500000000094,52.88815709584294,0.0,0.0,0.0
PHASE 1,319,256000,256,827.7833138700352,374.3734389063861,1320.9019547155344,192.08500000000103,208.9450000000009,53.34416423375021,0.0,0.0,0.0
PHASE 1,320,256800,256,827.7833138700354,374.3734389063861,1320.9019547155344,192.08500000000106,208.94500000000096,53.34416423375021,0.0,0.0,0.0
PHASE 1,321,257600,256,827.7833138700354,374.3734389063861,1320.9019547155344,192.08500000000106,208.94500000000096,53.34416423375021,0.0,0.0,0.0
PHASE 1,322,258400,256,827.7833138700354,374.3734389063861,1320.9019547155344,192.08500000000106,208.94500000000096,53.34416423375021,0.0,0.0,0.0
PHASE 1,323,259200,256,827.7833138700354,374.3734389063861,1320.9019547155344,192.08500000000106,208.94500000000096,53.34416423375021,0.0,0.0,0.0
PHASE 1,324,260000,260,830.7692720114574,374.3734389063861,1320.9019547155344,191.2616666666677,210.50833333333426,53.62490900142793,0.0,0.0,0.0
PHASE 1,325,260800,260,830.7692720114572,374.3734389063861,1320.9019547155344,191.2616666666677,210.50833333333426,53.62490900142793,0.0,0.0,0.0
PHASE 1,326,261600,260,830.7692720114572,374.3734389063861,1320.9019547155344,191.2616666666677,210.50833333333426,53.62490900142793,0.0,0.0,0.0
PHASE 1,327,262400,260,830.7692720114572,374.3734389063861,1320.9019547155344,191.2616666666677,210.50833333333426,53.62490900142793,0.0,0.0,0.0
PHASE 1,328,263200,260,830.7692720114572,374.3734389063861,1320.9019547155344,191.2616666666677,210.50833333333426,53.62490900142793,0.0,0.0,0.0
PHASE 1,329,264000,264,838.4739541053136,374.3734389063861,1320.9019547155344,191.35833333333434,213.71666666666758,54.174869263159906,0.0,0.0,0.0
PHASE 1,330,264800,264,838.4739541053135,374.3734389063861,1320.9019547155344,191.35833333333434,213.71666666666758,54.174869263159906,0.0,0.0,0.0
PHASE 1,331,265600,264,838.4739541053135,374.3734389063861,1320.9019547155344,191.35833333333434,213.71666666666758,54.174869263159906,0.0,0.0,0.0
PHASE 1,332,266400,264,838.4739541053135,374.3734389063861,1320.9019547155344,191.35833333333434,213.71666666666758,54.174869263159906,0.0,0.0,0.0
PHASE 1,333,267200,264,838.4739541053135,374.3734389063861,1320.9019547155344,191.35833333333434,213.71666666666758,54.174869263159906,0.0,0.0,0.0
PHASE 1,334,268000,268,843.1845803347555,374.3734389063861,1320.9019547155344,194.000000000001,212.46666666666758,54.589739208506984,0.0,0.0,0.0
PHASE 1,335,268800,268,843.1845803347555,374.3734389063861,1320.9019547155344,194.00000000000102,212.46666666666763,54.589739208506984,0.0,0.0,0.0
PHASE 1,336,269600,268,843.1845803347555,374.3734389063861,1320.9019547155344,194.00000000000102,212.46666666666763,54.589739208506984,0.0,0.0,0.0
PHASE 1,337,270400,268,843.1845803347555,374.3734389063861,1320.9019547155344,194.00000000000102,212.46666666666763,54.589739208506984,0.0,0.0,0.0
PHASE 1,338,271200,268,843.1845803347555,374.3734389063861,1320.9019547155344,194.00000000000102,212.46666666666763,54.589739208506984,0.0,0.0,0.0
PHASE 1,339,272000,272,839.5858045759228,374.3734389063861,1320.9019547155344,195.05333333333434,208.87000000000094,54.457808905319595,0.0,0.0,0.0
PHASE 1,340,272800,272,839.5858045759229,374.3734389063861,1320.9019547155344,195.05333333333436,208.87000000000097,54.457808905319595,0.0,0.0,0.0
PHASE 1,341,273600,272,839.5858045759229,374.3734389063861,1320.9019547155344,195.05333333333436,208.87000000000097,54.457808905319595,0.0,0.0,0.0
PHASE 1,342,274400,272,839.5858045759229,374.3734389063861,1320.9019547155344,195.05333333333436,208.87000000000097,54.457808905319595,0.0,0.0,0.0
PHASE 1,343,275200,272,839.5858045759229,374.3734389063861,1320.9019547155344,195.05333333333436,208.87000000000097,54.457808905319595,0.0,0.0,0.0
PHASE 1,344,276000,276,841.23650199385,374.3734389063861,1320.9019547155344,193.28500000000102,210.06833333333427,54.73539608256047,0.0,0.0,0.0
PHASE 1,345,276800,276,841.23650199385,374.3734389063861,1320.9019547155344,193.28500000000102,210.06833333333435,54.73539608256047,0.0,0.0,0.0
PHASE 1,346,277600,276,841.23650199385,374.3734389063861,1320.9019547155344,193.28500000000102,210.06833333333435,54.73539608256047,0.0,0.0,0.0
PHASE 1,347,278400,276,841.23650199385,374.3734389063861,1320.9019547155344,193.28500000000102,210.06833333333435,54.73539608256047,0.0,0.0,0.0
PHASE 1,348,279200,276,841.23650199385,374.3734389063861,1320.9019547155344,193.28500000000102,210.06833333333435,54.73539608256047,0.0,0.0,0.0
PHASE 1,349,280000,280,839.940242452756,374.3734389063861,1320.9019547155344,192.16833333333437,209.6933333333343,54.759821973257004,0.0,0.0,0.0
PHASE 1,350,280800,280,839.9402424527559,374.3734389063861,1320.9019547155344,192.1683333333344,209.6933333333343,54.759821973257004,0.0,0.0,0.0
PHASE 1,351,281600,280,839.9402424527559,374.3734389063861,1320.9019547155344,192.1683333333344,209.6933333333343,54.759821973257004,0.0,0.0,0.0
PHASE 1,352,282400,280,839.9402424527559,374.3734389063861,1320.9019547155344,192.1683333333344,209.6933333333343,54.759821973257004,0.0,0.0,0.0
PHASE 1,353,283200,280,839.9402424527559,374.3734389063861,1320.9019547155344,192.1683333333344,209.6933333333343,54.759821973257004,0.0,0.0,0.0
PHASE 1,354,284000,284,840.4628339698605,374.3734389063861,1320.9019547155344,190.3000000000011,211.28666666666763,54.85952091289489,0.0,0.0,0.0
PHASE 1,355,284800,284,840.4628339698605,374.3734389063861,1320.9019547155344,190.30000000000106,211.28666666666766,54.85952091289488,0.0,0.0,0.0
PHASE 1,356,285600,284,840.4628339698605,374.3734389063861,1320.9019547155344,190.30000000000106,211.28666666666766,54.85952091289488,0.0,0.0,0.0
PHASE 1,357,286400,284,840.4628339698605,374.3734389063861,1320.9019547155344,190.30000000000106,211.28666666666766,54.85952091289488,0.0,0.0,0.0
PHASE 1,358,287200,284,840.4628339698605,374.3734389063861,1320.9019547155344,190.30000000000106,211.28666666666766,54.85952091289488,0.0,0.0,0.0
PHASE 1,359,288000,288,839.8844285228262,374.3734389063861,1320.9019547155344,189.63166666666774,212.225000000001,54.753470232015395,0.0,0.0,0.0
PHASE 1,360,288800,288,839.884428522826,374.3734389063861,1320.9019547155344,189.63166666666768,212.22500000000093,54.753470232015395,0.0,0.0,0.0
PHASE 1,361,289600,288,839.884428522826,374.3734389063861,1320.9019547155344,189.63166666666768,212.22500000000093,54.753470232015395,0.0,0.0,0.0
PHASE 1,362,290400,288,839.884428522826,374.3734389063861,1320.9019547155344,189.63166666666768,212.22500000000093,54.753470232015395,0.0,0.0,0.0
PHASE 1,363,291200,288,839.884428522826,374.3734389063861,1320.9019547155344,189.63166666666768,212.22500000000093,54.753470232015395,0.0,0.0,0.0
PHASE 1,364,292000,292,834.2425720954951,374.3734389063861,1320.9019547155344,189.02500000000103,209.3683333333343,54.48115484526573,0.0,0.0,0.0
PHASE 1,365,292800,292,834.2425720954952,374.3734389063861,1320.9019547155344,189.02500000000106,209.36833333333428,54.48115484526573,0.0,0.0,0.0
PHASE 1,366,293600,292,834.2425720954952,374.3734389063861,1320.9019547155344,189.02500000000106,209.36833333333428,54.48115484526573,0.0,0.0,0.0
PHASE 1,367,294400,292,834.2425720954952,374.3734389063861,1320.9019547155344,189.02500000000106,209.36833333333428,54.48115484526573,0.0,0.0,0.0
PHASE 1,368,295200,292,834.2425720954952,374.3734389063861,1320.9019547155344,189.02500000000106,209.36833333333428,54.48115484526573,0.0,0.0,0.0
PHASE 1,369,296000,296,836.7146566805707,374.3734389063861,1320.9019547155344,189.47333333333435,210.87333333333427,54.54599875173338,0.0,0.0,0.0
PHASE 1,370,296800,296,836.7146566805704,374.3734389063861,1320.9019547155344,189.4733333333344,210.87333333333427,54.54599875173338,0.0,0.0,0.0
PHASE 1,371,297600,296,836.7146566805704,374.3734389063861,1320.9019547155344,189.4733333333344,210.87333333333427,54.54599875173338,0.0,0.0,0.0
PHASE 1,372,298400,296,836.7146566805704,374.3734389063861,1320.9019547155344,189.4733333333344,210.87333333333427,54.54599875173338,0.0,0.0,0.0
PHASE 1,373,299200,296,836.7146566805704,374.3734389063861,1320.9019547155344,189.4733333333344,210.87333333333427,54.54599875173338,0.0,0.0,0.0
PHASE 1,374,300000,300,834.1305158861082,374.3734389063861,1320.9019547155344,190.43333333333442,209.34333333333427,54.294231152425375,0.0,0.0,0.0
PHASE 1,375,300800,300,834.1305158861084,374.3734389063861,1320.9019547155344,190.43333333333442,209.34333333333427,54.29423115242538,0.0,0.0,0.0
PHASE 1,376,301600,300,834.1305158861084,374.3734389063861,1320.9019547155344,190.43333333333442,209.34333333333427,54.29423115242538,0.0,0.0,0.0
PHASE 1,377,302400,300,834.1305158861084,374.3734389063861,1320.9019547155344,190.43333333333442,209.34333333333427,54.29423115242538,0.0,0.0,0.0
PHASE 1,378,303200,300,834.1305158861084,374.3734389063861,1320.9019547155344,190.43333333333442,209.34333333333427,54.29423115242538,0.0,0.0,0.0
PHASE 1,379,304000,304,828.0084635152217,374.3734389063861,1320.9019547155344,188.18166666666772,208.97333333333427,53.856682939397714,0.0,0.0,0.0
PHASE 1,380,304800,304,828.0084635152214,374.3734389063861,1320.9019547155344,188.1816666666677,208.97333333333424,53.85668293939771,0.0,0.0,0.0
PHASE 1,381,305600,304,828.0084635152214,374.3734389063861,1320.9019547155344,188.1816666666677,208.97333333333424,53.85668293939771,0.0,0.0,0.0
PHASE 1,382,306400,304,828.0084635152214,374.3734389063861,1320.9019547155344,188.1816666666677,208.97333333333424,53.85668293939771,0.0,0.0,0.0
PHASE 1,383,307200,304,828.0084635152214,374.3734389063861,1320.9019547155344,188.1816666666677,208.97333333333424,53.85668293939771,0.0,0.0,0.0
PHASE 1,384,308000,308,823.5448043870683,374.3734389063861,1320.9019547155344,185.97000000000102,208.5366666666676,53.629767215045185,0.0,0.0,0.0
PHASE 1,385,308800,308,823.5448043870683,374.3734389063861,1320.9019547155344,185.97000000000102,208.5366666666676,53.62976721504519,0.0,0.0,0.0
PHASE 1,386,309600,308,823.5448043870683,374.3734389063861,1320.9019547155344,185.97000000000102,208.5366666666676,53.62976721504519,0.0,0.0,0.0
PHASE 1,387,310400,308,823.5448043870683,374.3734389063861,1320.9019547155344,185.97000000000102,208.5366666666676,53.62976721504519,0.0,0.0,0.0
PHASE 1,388,311200,308,823.5448043870683,374.3734389063861,1320.9019547155344,185.97000000000102,208.5366666666676,53.62976721504519,0.0,0.0,0.0
PHASE 1,389,312000,312,832.2028458079902,374.3734389063861,1320.9019547155344,188.60166666666765,210.94833333333423,54.08160572599374,0.0,0.0,0.0
PHASE 1,390,312800,312,832.2028458079903,374.3734389063861,1320.9019547155344,188.6016666666677,210.94833333333423,54.08160572599374,0.0,0.0,0.0
PHASE 1,391,313600,312,832.2028458079903,374.3734389063861,1320.9019547155344,188.6016666666677,210.94833333333423,54.08160572599374,0.0,0.0,0.0
PHASE 1,392,314400,312,832.2028458079903,374.3734389063861,1320.9019547155344,188.6016666666677,210.94833333333423,54.08160572599374,0.0,0.0,0.0
PHASE 1,393,315200,312,832.2028458079903,374.3734389063861,1320.9019547155344,188.6016666666677,210.94833333333423,54.08160572599374,0.0,0.0,0.0
PHASE 1,394,316000,316,831.7397067506266,374.3734389063861,1320.9019547155344,189.71166666666767,209.28333333333424,54.09308834382327,0.0,0.0,0.0
PHASE 1,395,316800,316,831.7397067506265,374.3734389063861,1320.9019547155344,189.71166666666767,209.28333333333427,54.09308834382327,0.0,0.0,0.0
PHASE 1,396,317600,316,831.7397067506265,374.3734389063861,1320.9019547155344,189.71166666666767,209.28333333333427,54.09308834382327,0.0,0.0,0.0
PHASE 1,397,318400,316,831.7397067506265,374.3734389063861,1320.9019547155344,189.71166666666767,209.28333333333427,54.09308834382327,0.0,0.0,0.0
PHASE 1,398,319200,316,831.7397067506265,374.3734389063861,1320.9019547155344,189.71166666666767,209.28333333333427,54.09308834382327,0.0,0.0,0.0
PHASE 1,399,320000,320,825.9239179989573,374.3734389063861,1312.831962254955,189.60833333333434,206.95166666666762,53.67048974986446,0.0,0.0,0.0
PHASE 1,400,320800,320,825.923917998957,374.3734389063861,1312.831962254955,189.60833333333437,206.95166666666762,53.67048974986446,0.0,0.0,0.0
PHASE 1,401,321600,320,825.923917998957,374.3734389063861,1312.831962254955,189.60833333333437,206.95166666666762,53.67048974986446,0.0,0.0,0.0
PHASE 1,402,322400,320,825.923917998957,374.3734389063861,1312.831962254955,189.60833333333437,206.95166666666762,53.67048974986446,0.0,0.0,0.0
PHASE 1,403,323200,320,825.923917998957,374.3734389063861,1312.831962254955,189.60833333333437,206.95166666666762,53.67048974986446,0.0,0.0,0.0
PHASE 1,404,324000,324,833.072173463308,374.3734389063861,1312.831962254955,192.26833333333437,208.25666666666763,54.06839668290827,0.0,0.0,0.0
PHASE 1,405,324800,324,833.072173463308,374.3734389063861,1312.831962254955,192.26833333333434,208.25666666666754,54.06839668290828,0.0,0.0,0.0
PHASE 1,406,325600,324,833.072173463308,374.3734389063861,1312.831962254955,192.26833333333434,208.25666666666754,54.06839668290828,0.0,0.0,0.0
PHASE 1,407,326400,324,833.072173463308,374.3734389063861,1312.831962254955,192.26833333333434,208.25666666666754,54.06839668290828,0.0,0.0,0.0
PHASE 1,408,327200,324,833.072173463308,374.3734389063861,1312.831962254955,192.26833333333434,208.25666666666754,54.06839668290828,0.0,0.0,0.0
PHASE 1,409,328000,328,836.5491306998406,399.10326492047784,1312.831962254955,194.3416666666677,207.5600000000009,54.3309330041415,0.0,0.0,0.0
PHASE 1,410,328800,328,836.5491306998407,399.10326492047784,1312.831962254955,194.34166666666766,207.56000000000094,54.330933004141485,0.0,0.0,0.0
PHASE 1,411,329600,328,836.5491306998407,399.10326492047784,1312.831962254955,194.34166666666766,207.56000000000094,54.330933004141485,0.0,0.0,0.0
PHASE 1,412,330400,328,836.5491306998407,399.10326492047784,1312.831962254955,194.34166666666766,207.56000000000094,54.330933004141485,0.0,0.0,0.0
PHASE 1,413,331200,328,836.5491306998407,399.10326492047784,1312.831962254955,194.34166666666766,207.56000000000094,54.330933004141485,0.0,0.0,0.0
PHASE 1,414,332000,332,843.1166808170856,399.10326492047784,1312.831962254955,195.770000000001,208.69500000000096,54.831460102130414,0.0,0.0,0.0
PHASE 1,415,332800,332,843.1166808170857,399.10326492047784,1312.831962254955,195.770000000001,208.69500000000096,54.831460102130414,0.0,0.0,0.0
PHASE 1,416,333600,332,843.1166808170857,399.10326492047784,1312.831962254955,195.770000000001,208.69500000000096,54.831460102130414,0.0,0.0,0.0
PHASE 1,417,334400,332,843.1166808170857,399.10326492047784,1312.831962254955,195.770000000001,208.69500000000096,54.831460102130414,0.0,0.0,0.0
PHASE 1,418,335200,332,843.1166808170857,399.10326492047784,1312.831962254955,195.770000000001,208.69500000000096,54.831460102130414,0.0,0.0,0.0
PHASE 1,419,336000,336,843.8159263774314,399.10326492047784,1312.831962254955,196.38166666666766,207.68666666666763,54.9684491305069,0.0,0.0,0.0
PHASE 1,420,336800,336,843.8159263774313,399.10326492047784,1312.831962254955,196.38166666666766,207.68666666666758,54.9684491305069,0.0,0.0,0.0
PHASE 1,421,337600,336,843.8159263774313,399.10326492047784,1312.831962254955,196.38166666666766,207.68666666666758,54.9684491305069,0.0,0.0,0.0
PHASE 1,422,338400,336,843.8159263774313,399.10326492047784,1312.831962254955,196.38166666666766,207.68666666666758,54.9684491305069,0.0,0.0,0.0
PHASE 1,423,339200,336,843.8159263774313,399.10326492047784,1312.831962254955,196.38166666666766,207.68666666666758,54.9684491305069,0.0,0.0,0.0
PHASE 1,424,340000,340,850.9240254160227,399.10326492047784,1312.831962254955,200.98000000000096,206.37333333333427,55.44633651033062,0.0,0.0,0.0
PHASE 1,425,340800,340,850.9240254160227,399.10326492047784,1312.831962254955,200.9800000000009,206.3733333333343,55.44633651033062,0.0,0.0,0.0
PHASE 1,426,341600,340,850.9240254160227,399.10326492047784,1312.831962254955,200.9800000000009,206.3733333333343,55.44633651033062,0.0,0.0,0.0
PHASE 1,427,342400,340,850.9240254160227,399.10326492047784,1312.831962254955,200.9800000000009,206.3733333333343,55.44633651033062,0.0,0.0,0.0
PHASE 1,428,343200,340,850.9240254160227,399.10326492047784,1312.831962254955,200.9800000000009,206.3733333333343,55.44633651033062,0.0,0.0,0.0
PHASE 1,429,344000,344,860.7630237400708,399.10326492047784,1312.831962254955,202.7266666666676,208.505000000001,56.19141963417002,0.0,0.0,0.0
PHASE 1,430,344800,344,860.7630237400709,399.10326492047784,1312.831962254955,202.72666666666763,208.50500000000093,56.19141963417002,0.0,0.0,0.0
PHASE 1,431,345600,344,860.7630237400709,399.10326492047784,1312.831962254955,202.72666666666763,208.50500000000093,56.19141963417002,0.0,0.0,0.0
PHASE 1,432,346400,344,860.7630237400709,399.10326492047784,1312.831962254955,202.72666666666763,208.50500000000093,56.19141963417002,0.0,0.0,0.0
PHASE 1,433,347200,344,860.7630237400709,399.10326492047784,1312.831962254955,202.72666666666763,208.50500000000093,56.19141963417002,0.0,0.0,0.0
PHASE 1,434,348000,348,869.9377183775983,399.10326492047784,1312.831962254955,205.93166666666764,208.45666666666762,56.94367313052782,0.0,0.0,0.0
PHASE 1,435,348800,348,869.9377183775983,399.10326492047784,1312.831962254955,205.93166666666755,208.45666666666767,56.94367313052781,0.0,0.0,0.0
PHASE 1,436,349600,348,869.9377183775983,399.10326492047784,1312.831962254955,205.93166666666755,208.45666666666767,56.94367313052781,0.0,0.0,0.0
PHASE 1,437,350400,348,869.9377183775983,399.10326492047784,1312.831962254955,205.93166666666755,208.45666666666767,56.94367313052781,0.0,0.0,0.0
PHASE 1,438,351200,348,869.9377183775983,399.10326492047784,1312.831962254955,205.93166666666755,208.45666666666767,56.94367313052781,0.0,0.0,0.0
PHASE 1,439,352000,352,883.7176602980503,441.6773015602841,1312.831962254955,207.46333333333428,212.985000000001,57.90866587058417,0.0,0.0,0.0
PHASE 1,440,352800,352,883.7176602980503,441.6773015602841,1312.831962254955,207.46333333333428,212.98500000000098,57.908665870584166,0.0,0.0,0.0
PHASE 1,441,353600,352,883.7176602980503,441.6773015602841,1312.831962254955,207.46333333333428,212.98500000000098,57.908665870584166,0.0,0.0,0.0
PHASE 1,442,354400,352,883.7176602980503,441.6773015602841,1312.831962254955,207.46333333333428,212.98500000000098,57.908665870584166,0.0,0.0,0.0
PHASE 1,443,355200,352,883.7176602980503,441.6773015602841,1312.831962254955,207.46333333333428,212.98500000000098,57.908665870584166,0.0,0.0,0.0
PHASE 1,444,356000,356,889.2589914527011,441.6773015602841,1312.831962254955,209.36333333333423,213.8233333333343,58.25904059824871,0.0,0.0,0.0
PHASE 1,445,356800,356,889.2589914527011,441.6773015602841,1312.831962254955,209.36333333333425,213.82333333333435,58.259040598248724,0.0,0.0,0.0
PHASE 1,446,357600,356,889.2589914527011,441.6773015602841,1312.831962254955,209.36333333333425,213.82333333333435,58.259040598248724,0.0,0.0,0.0
PHASE 1,447,358400,356,889.2589914527011,441.6773015602841,1312.831962254955,209.36333333333425,213.82333333333435,58.259040598248724,0.0,0.0,0.0
PHASE 1,448,359200,356,889.2589914527011,441.6773015602841,1312.831962254955,209.36333333333425,213.82333333333435,58.259040598248724,0.0,0.0,0.0
PHASE 1,449,360000,360,894.2334795539022,441.6773015602841,1312.831962254955,211.53333333333427,213.67333333333434,58.628351610898875,0.0,0.0,0.0
PHASE 1,450,360800,360,894.2334795539022,441.6773015602841,1312.831962254955,211.53333333333418,213.6733333333343,58.628351610898875,0.0,0.0,0.0
PHASE 1,451,361600,360,894.2334795539022,441.6773015602841,1312.831962254955,211.53333333333418,213.6733333333343,58.628351610898875,0.0,0.0,0.0
PHASE 1,452,362400,360,894.2334795539022,441.6773015602841,1312.831962254955,211.53333333333418,213.6733333333343,58.628351610898875,0.0,0.0,0.0
PHASE 1,453,363200,360,894.2334795539022,441.6773015602841,1312.831962254955,211.53333333333418,213.6733333333343,58.628351610898875,0.0,0.0,0.0
PHASE 1,454,364000,364,895.5726781629432,441.6773015602841,1312.831962254955,212.3800000000009,211.95833333333434,58.9042931036957,0.0,0.0,0.0
PHASE 1,455,364800,364,895.572678162943,441.6773015602841,1312.831962254955,212.38000000000093,211.95833333333437,58.9042931036957,0.0,0.0,0.0
PHASE 1,456,365600,364,895.572678162943,441.6773015602841,1312.831962254955,212.38000000000093,211.95833333333437,58.9042931036957,0.0,0.0,0.0
PHASE 1,457,366400,364,895.572678162943,441.6773015602841,1312.831962254955,212.38000000000093,211.95833333333437,58.9042931036957,0.0,0.0,0.0
PHASE 1,458,367200,364,895.572678162943,441.6773015602841,1312.831962254955,212.38000000000093,211.95833333333437,58.9042931036957,0.0,0.0,0.0
PHASE 1,459,368000,368,900.5593462877036,441.6773015602841,1312.831962254955,212.8916666666676,214.350000000001,59.164709952624236,0.0,0.0,0.0
PHASE 1,460,368800,368,900.5593462877038,441.6773015602841,1312.831962254955,212.8916666666676,214.35000000000102,59.164709952624236,0.0,0.0,0.0
PHASE 1,461,369600,368,900.5593462877038,441.6773015602841,1312.831962254955,212.8916666666676,214.35000000000102,59.164709952624236,0.0,0.0,0.0
PHASE 1,462,370400,368,900.5593462877038,441.6773015602841,1312.831962254955,212.8916666666676,214.35000000000102,59.164709952624236,0.0,0.0,0.0
PHASE 1,463,371200,368,900.5593462877038,441.6773015602841,1312.831962254955,212.8916666666676,214.35000000000102,59.164709952624236,0.0,0.0,0.0
PHASE 1,464,372000,372,912.1770293963191,441.6773015602841,1312.831962254955,214.23166666666756,219.2683333333343,59.83462867453454,0.0,0.0,0.0
PHASE 1,465,372800,372,912.1770293963191,441.6773015602841,1312.831962254955,214.2316666666676,219.2683333333343,59.83462867453454,0.0,0.0,0.0
PHASE 1,466,373600,372,912.1770293963191,441.6773015602841,1312.831962254955,214.2316666666676,219.2683333333343,59.83462867453454,0.0,0.0,0.0
PHASE 1,467,374400,372,912.1770293963191,441.6773015602841,1312.831962254955,214.2316666666676,219.2683333333343,59.83462867453454,0.0,0.0,0.0
PHASE 1,468,375200,372,912.1770293963191,441.6773015602841,1312.831962254955,214.2316666666676,219.2683333333343,59.83462867453454,0.0,0.0,0.0
PHASE 1,469,376000,376,917.2988586331481,441.6773015602841,1312.831962254955,216.08333333333422,219.85000000000093,60.17069066247148,0.0,0.0,0.0
PHASE 1,470,376800,376,917.2988586331481,441.6773015602841,1312.831962254955,216.08333333333422,219.85000000000093,60.17069066247148,0.0,0.0,0.0
PHASE 1,471,377600,376,917.2988586331481,441.6773015602841,1312.831962254955,216.08333333333422,219.85000000000093,60.17069066247148,0.0,0.0,0.0
PHASE 1,472,378400,376,917.2988586331481,441.6773015602841,1312.831962254955,216.08333333333422,219.85000000000093,60.17069066247148,0.0,0.0,0.0
PHASE 1,473,379200,376,917.2988586331481,441.6773015602841,1312.831962254955,216.08333333333422,219.85000000000093,60.17069066247148,0.0,0.0,0.0
PHASE 1,474,380000,380,923.4782571495884,441.6773015602841,1312.831962254955,218.73000000000087,221.3900000000009,60.41978214369326,0.0,0.0,0.0
PHASE 1,475,380800,380,923.4782571495886,441.6773015602841,1312.831962254955,218.73000000000084,221.3900000000009,60.41978214369326,0.0,0.0,0.0
PHASE 1,476,381600,380,923.4782571495886,441.6773015602841,1312.831962254955,218.73000000000084,221.3900000000009,60.41978214369326,0.0,0.0,0.0
PHASE 1,477,382400,380,923.4782571495886,441.6773015602841,1312.831962254955,218.73000000000084,221.3900000000009,60.41978214369326,0.0,0.0,0.0
PHASE 1,478,383200,380,923.4782571495886,441.6773015602841,1312.831962254955,218.73000000000084,221.3900000000009,60.41978214369326,0.0,0.0,0.0
PHASE 1,479,384000,384,927.0410660356196,441.6773015602841,1312.831962254955,221.5166666666675,218.77000000000095,60.844299921114,0.0,0.0,0.0
PHASE 1,480,384800,384,927.0410660356196,441.6773015602841,1312.831962254955,221.51666666666756,218.77000000000092,60.844299921114,0.0,0.0,0.0
PHASE 1,481,385600,384,927.0410660356196,441.6773015602841,1312.831962254955,221.51666666666756,218.77000000000092,60.844299921114,0.0,0.0,0.0
PHASE 1,482,386400,384,927.0410660356196,441.6773015602841,1312.831962254955,221.51666666666756,218.77000000000092,60.844299921114,0.0,0.0,0.0
PHASE 1,483,387200,384,927.0410660356196,441.6773015602841,1312.831962254955,221.51666666666756,218.77000000000092,60.844299921114,0.0,0.0,0.0
PHASE 1,484,388000,388,934.8835941541531,441.6773015602841,1312.831962254955,222.82666666666756,221.10500000000087,61.368990935930796,0.0,0.0,0.0
PHASE 1,485,388800,388,934.8835941541531,441.6773015602841,1312.831962254955,222.82666666666756,221.10500000000096,61.368990935930796,0.0,0.0,0.0
PHASE 1,486,389600,388,934.8835941541531,441.6773015602841,1312.831962254955,222.82666666666756,221.10500000000096,61.368990935930796,0.0,0.0,0.0
PHASE 1,487,390400,388,934.8835941541531,441.6773015602841,1312.831962254955,222.82666666666756,221.10500000000096,61.368990935930796,0.0,0.0,0.0
PHASE 1,488,391200,388,934.8835941541531,441.6773015602841,1312.831962254955,222.82666666666756,221.10500000000096,61.368990935930796,0.0,0.0,0.0
PHASE 1,489,392000,392,940.4461942738874,441.6773015602841,1244.509698676798,223.12500000000088,222.67333333333426,61.83098261756424,0.0,0.0,0.0
PHASE 1,490,392800,392,940.4461942738875,441.6773015602841,1244.509698676798,223.12500000000088,222.67333333333426,61.83098261756424,0.0,0.0,0.0
PHASE 1,491,393600,392,940.4461942738875,441.6773015602841,1244.509698676798,223.12500000000088,222.67333333333426,61.83098261756424,0.0,0.0,0.0
PHASE 1,492,394400,392,940.4461942738875,441.6773015602841,1244.509698676798,223.12500000000088,222.67333333333426,61.83098261756424,0.0,0.0,0.0
PHASE 1,493,395200,392,940.4461942738875,441.6773015602841,1244.509698676798,223.12500000000088,222.67333333333426,61.83098261756424,0.0,0.0,0.0
PHASE 1,494,396000,396,947.1243013469067,441.6773015602841,1244.509698676798,222.8566666666676,225.31833333333427,62.36866266835848,0.0,0.0,0.0
PHASE 1,495,396800,396,947.1243013469066,441.6773015602841,1244.509698676798,222.85666666666748,225.31833333333424,62.36866266835848,0.0,0.0,0.0
PHASE 1,496,397600,396,947.1243013469066,441.6773015602841,1244.509698676798,222.85666666666748,225.31833333333424,62.36866266835848,0.0,0.0,0.0
PHASE 1,497,398400,396,947.1243013469066,441.6773015602841,1244.509698676798,222.85666666666748,225.31833333333424,62.36866266835848,0.0,0.0,0.0
PHASE 1,498,399200,396,947.1243013469066,441.6773015602841,1244.509698676798,222.85666666666748,225.31833333333424,62.36866266835848,0.0,0.0,0.0
PHASE 1,499,400000,400,954.1235764356262,441.6773015602841,1388.936325571556,224.67500000000084,226.5900000000009,62.85732205444863,0.0,0.0,0.0
PHASE 2,0,800,0,,,,,,,0.027142857142857146,0.04714285714285714,0.0
PHASE 2,1,1600,0,,,,,,,0.038571428571428576,0.03285714285714286,0.0
PHASE 2,2,2400,0,,,,,,,0.038571428571428576,0.03142857142857143,0.0
PHASE 2,3,3200,0,,,,,,,0.03428571428571429,0.04285714285714286,0.0
PHASE 2,4,4000,4,1171.3268156194665,1059.6442198901398,1285.103344244666,256.98296875000074,310.0364583333339,75.5384235670152,0.0,0.0,0.0
PHASE 2,5,4800,4,1171.3268156194665,1059.6442198901398,1285.103344244666,256.98296875000074,310.0364583333339,75.5384235670152,0.03571428571428572,0.03,0.0
PHASE 2,6,5600,4,1171.3268156194665,1059.6442198901398,1285.103344244666,256.98296875000074,310.0364583333339,75.5384235670152,0.04142857142857144,0.04,0.0
PHASE 2,7,6400,4,1171.3268156194665,1059.6442198901398,1285.103344244666,256.98296875000074,310.0364583333339,75.5384235670152,0.03428571428571429,0.04,0.0
PHASE 2,8,7200,4,1171.3268156194665,1059.6442198901398,1285.103344244666,256.98296875000074,310.0364583333339,75.5384235670152,0.030000000000000006,0.041428571428571426,0.0
PHASE 2,9,8000,8,1096.446737837596,761.3278879850261,1285.103344244666,231.4080891927092,281.98201822916747,72.88207880196188,0.0,0.0,0.0
PHASE 2,10,8800,8,1096.446737837596,761.3278879850261,1285.103344244666,231.4080891927092,281.98201822916747,72.88207880196188,0.04285714285714285,0.041428571428571426,0.0
PHASE 2,11,9600,8,1096.446737837596,761.3278879850261,1285.103344244666,231.4080891927092,281.98201822916747,72.88207880196188,0.038571428571428576,0.03857142857142857,0.0
PHASE 2,12,10400,8,1096.446737837596,761.3278879850261,1285.103344244666,231.4080891927092,281.98201822916747,72.88207880196188,0.03,0.041428571428571426,0.0
PHASE 2,13,11200,8,1096.446737837596,761.3278879850261,1285.103344244666,231.4080891927092,281.98201822916747,72.88207880196188,0.032857142857142856,0.032857142857142856,0.0
PHASE 2,14,12000,12,1045.613122258498,761.2069102930454,1285.103344244666,231.53488064236203,257.23078125000075,69.60593254576332,0.0,0.0,0.0
PHASE 2,15,12800,12,1045.613122258498,761.2069102930454,1285.103344244666,231.53488064236203,257.23078125000075,69.60593254576332,0.025714285714285717,0.037142857142857144,0.0
PHASE 2,16,13600,12,1045.613122258498,761.2069102930454,1285.103344244666,231.53488064236203,257.23078125000075,69.60593254576332,0.03571428571428571,0.032857142857142856,0.0
PHASE 2,17,14400,12,1045.613122258498,761.2069102930454,1285.103344244666,231.53488064236203,257.23078125000075,69.60593254576332,0.037142857142857144,0.04,0.0
PHASE 2,18,15200,12,1045.613122258498,761.2069102930454,1285.103344244666,231.53488064236203,257.23078125000075,69.60593254576332,0.04714285714285714,0.03285714285714285,0.0
PHASE 2,19,16000,16,1010.9990045968632,761.2069102930454,1285.103344244666,232.01595214843832,240.61272786458414,67.29629057297593,0.0,0.0,0.0
PHASE 2,20,16800,16,1010.9990045968632,761.2069102930454,1285.103344244666,232.01595214843832,240.61272786458414,67.29629057297593,0.04,0.03285714285714285,0.0
PHASE 2,21,17600,16,1010.9990045968632,761.2069102930454,1285.103344244666,232.01595214843832,240.61272786458414,67.29629057297593,0.02857142857142857,0.03428571428571429,0.0
PHASE 2,22,18400,16,1010.9990045968632,761.2069102930454,1285.103344244666,232.01595214843832,240.61272786458414,67.29629057297593,0.04,0.03714285714285715,0.0
PHASE 2,23,19200,16,1010.9990045968632,761.2069102930454,1285.103344244666,232.01595214843832,240.61272786458414,67.29629057297593,0.03571428571428571,0.03571428571428571,0.0
PHASE 2,24,20000,20,1028.774720137662,761.2069102930454,1285.103344244666,228.1102356770842,248.63637500000078,69.00351368256774,0.0,0.0,0.0
PHASE 2,25,20800,20,1028.774720137662,761.2069102930454,1285.103344244666,228.11023567708426,248.63637500000087,69.00351368256774,0.03,0.037142857142857144,0.0
PHASE 2,26,21600,20,1028.774720137662,761.2069102930454,1285.103344244666,228.11023567708426,248.63637500000087,69.00351368256774,0.03714285714285714,0.04285714285714286,0.0
PHASE 2,27,22400,20,1028.774720137662,761.2069102930454,1285.103344244666,228.11023567708426,248.63637500000087,69.00351368256774,0.03857142857142857,0.02428571428571429,0.0
PHASE 2,28,23200,20,1028.774720137662,761.2069102930454,1285.103344244666,228.11023567708426,248.63637500000087,69.00351368256774,0.03428571428571429,0.03571428571428572,0.0
PHASE 2,29,24000,24,1028.2811658352048,761.2069102930454,1285.103344244666,224.72171115451485,251.01617187500082,69.06791035070684,0.0,0.0,0.0
PHASE 2,30,24800,24,1028.2811658352048,761.2069102930454,1285.103344244666,224.72171115451485,251.01617187500082,69.06791035070684,0.04428571428571428,0.03428571428571429,0.0
PHASE 2,31,25600,24,1028.2811658352048,761.2069102930454,1285.103344244666,224.72171115451485,251.01617187500082,69.06791035070684,0.03428571428571429,0.03857142857142857,0.0
PHASE 2,32,26400,24,1028.2811658352048,761.2069102930454,1285.103344244666,224.72171115451485,251.01617187500082,69.06791035070684,0.038571428571428576,0.037142857142857144,0.0
PHASE 2,33,27200,24,1028.2811658352048,761.2069102930454,1285.103344244666,224.72171115451485,251.01617187500082,69.06791035070684,0.03142857142857143,0.030000000000000006,0.0
PHASE 2,34,28000,28,1029.107753949348,761.2069102930454,1285.103344244666,218.00928292410813,258.2934375000008,69.10062919065037,0.0,0.0,0.0
PHASE 2,35,28800,28,1029.107753949348,761.2069102930454,1285.103344244666,218.00928292410813,258.29343750000083,69.10062919065037,0.041428571428571426,0.03,0.0
PHASE 2,36,29600,28,1029.107753949348,761.2069102930454,1285.103344244666,218.00928292410813,258.29343750000083,69.10062919065037,0.03857142857142857,0.03428571428571429,0.0
PHASE 2,37,30400,28,1029.107753949348,761.2069102930454,1285.103344244666,218.00928292410813,258.29343750000083,69.10062919065037,0.03428571428571429,0.04571428571428571,0.0
PHASE 2,38,31200,28,1029.107753949348,761.2069102930454,1285.103344244666,218.00928292410813,258.29343750000083,69.10062919065037,0.03571428571428571,0.041428571428571426,0.0
PHASE 2,39,32000,32,1023.4338567188527,761.2069102930454,1285.103344244666,214.22781005859477,259.2531380208342,68.74411357992352,0.0,0.0,0.0
PHASE 2,40,32800,32,1023.4338567188527,761.2069102930454,1285.103344244666,214.22781005859477,259.2531380208342,68.74411357992352,0.03285714285714285,0.03142857142857143,0.0
PHASE 2,41,33600,32,1023.4338567188527,761.2069102930454,1285.103344244666,214.22781005859477,259.2531380208342,68.74411357992352,0.04285714285714286,0.025714285714285717,0.0
PHASE 2,42,34400,32,1023.4338567188527,761.2069102930454,1285.103344244666,214.22781005859477,259.2531380208342,68.74411357992352,0.041428571428571426,0.03,0.0
PHASE 2,43,35200,32,1023.4338567188527,761.2069102930454,1285.103344244666,214.22781005859477,259.2531380208342,68.74411357992352,0.039999999999999994,0.03428571428571429,0.0
PHASE 2,44,36000,36,1033.0010007726805,761.2069102930454,1285.103344244666,221.016705005788,255.7967013888898,69.52344929724624,0.0,0.0,0.0
PHASE 2,45,36800,36,1033.0010007726808,761.2069102930454,1285.103344244666,221.01670500578803,255.7967013888898,69.52344929724624,0.03571428571428571,0.030000000000000006,0.0
PHASE 2,46,37600,36,1033.0010007726808,761.2069102930454,1285.103344244666,221.01670500578803,255.7967013888898,69.52344929724624,0.03571428571428571,0.03142857142857143,0.0
PHASE 2,47,38400,36,1033.0010007726808,761.2069102930454,1285.103344244666,221.01670500578803,255.7967013888898,69.52344929724624,0.045714285714285714,0.041428571428571426,0.0
PHASE 2,48,39200,36,1033.0010007726808,761.2069102930454,1285.103344244666,221.01670500578803,255.7967013888898,69.52344929724624,0.04571428571428571,0.04571428571428572,0.0
PHASE 2,49,40000,40,1030.8338101989127,761.2069102930454,1285.103344244666,217.7690839843761,257.0211302083342,69.5054495007711,0.0,0.0,0.0
PHASE 2,50,40800,40,1030.8338101989127,761.2069102930454,1285.103344244666,217.76908398437604,257.0211302083342,69.5054495007711,0.03857142857142857,0.02428571428571429,0.0
PHASE 2,51,41600,40,1030.8338101989127,761.2069102930454,1285.103344244666,217.76908398437604,257.0211302083342,69.5054495007711,0.04142857142857144,0.03428571428571429,0.0
PHASE 2,52,42400,40,1030.8338101989127,761.2069102930454,1285.103344244666,217.76908398437604,257.0211302083342,69.5054495007711,0.03571428571428571,0.038571428571428576,0.0
PHASE 2,53,43200,40,1030.8338101989127,761.2069102930454,1285.103344244666,217.76908398437604,257.0211302083342,69.5054495007711,0.04428571428571428,0.03571428571428571,0.0
PHASE 2,54,44000,44,1034.7139613102197,761.2069102930454,1285.103344244666,220.8823200757586,258.17243371212203,69.4574009402882,0.0,0.0,0.0
PHASE 2,55,44800,44,1034.7139613102197,761.2069102930454,1285.103344244666,220.8823200757586,258.1724337121221,69.4574009402882,0.03714285714285714,0.02857142857142857,0.0
PHASE 2,56,45600,44,1034.7139613102197,761.2069102930454,1285.103344244666,220.8823200757586,258.1724337121221,69.4574009402882,0.032857142857142856,0.02428571428571429,0.0
PHASE 2,57,46400,44,1034.7139613102197,761.2069102930454,1285.103344244666,220.8823200757586,258.1724337121221,69.4574009402882,0.04285714285714285,0.030000000000000006,0.0
PHASE 2,58,47200,44,1034.7139613102197,761.2069102930454,1285.103344244666,220.8823200757586,258.1724337121221,69.4574009402882,0.037142857142857144,0.02857142857142857,0.0
PHASE 2,59,48000,48,1029.1606814737693,761.2069102930454,1285.103344244666,224.6630794270843,252.68875217013974,68.97610623456397,0.0,0.0,0.0
PHASE 2,60,48800,48,1029.1606814737695,761.2069102930454,1285.103344244666,224.6630794270843,252.68875217013976,68.97610623456397,0.048571428571428564,0.04714285714285714,0.0
PHASE 2,61,49600,48,1029.1606814737695,761.2069102930454,1285.103344244666,224.6630794270843,252.68875217013976,68.97610623456397,0.055714285714285716,0.05142857142857142,0.0
PHASE 2,62,50400,48,1029.1606814737695,761.2069102930454,1285.103344244666,224.6630794270843,252.68875217013976,68.97610623456397,0.055714285714285716,0.06857142857142859,0.0
PHASE 2,63,51200,48,1029.1606814737695,761.2069102930454,1285.103344244666,224.6630794270843,252.68875217013976,68.97610623456397,0.06000000000000001,0.04000000000000001,0.0
PHASE 2,64,52000,52,1025.2508939678753,761.2069102930454,1285.103344244666,225.02857371794968,252.16562700320597,68.50708665583547,0.0,0.0,0.0
PHASE 2,65,52800,52,1025.2508939678755,761.2069102930454,1285.103344244666,225.02857371794968,252.165627003206,68.50708665583545,0.06000000000000001,0.05285714285714286,0.0
PHASE 2,66,53600,52,1025.2508939678755,761.2069102930454,1285.103344244666,225.02857371794968,252.165627003206,68.50708665583545,0.07285714285714287,0.038571428571428576,0.0
PHASE 2,67,54400,52,1025.2508939678755,761.2069102930454,1285.103344244666,225.02857371794968,252.165627003206,68.50708665583545,0.06142857142857143,0.051428571428571435,0.0
PHASE 2,68,55200,52,1025.2508939678755,761.2069102930454,1285.103344244666,225.02857371794968,252.165627003206,68.50708665583545,0.055714285714285716,0.045714285714285714,0.0
PHASE 2,69,56000,56,1030.861219949705,761.2069102930454,1289.8752401500021,227.31937686011997,254.74095796131041,68.60011064103016,0.0,0.0,0.0
PHASE 2,70,56800,56,1030.861219949705,761.2069102930454,1289.8752401500021,227.31937686011997,254.74095796131041,68.60011064103016,0.04571428571428572,0.05714285714285715,0.0
PHASE 2,71,57600,56,1030.861219949705,761.2069102930454,1289.8752401500021,227.31937686011997,254.74095796131041,68.60011064103016,0.061428571428571443,0.05142857142857142,0.0
PHASE 2,72,58400,56,1030.861219949705,761.2069102930454,1289.8752401500021,227.31937686011997,254.74095796131041,68.60011064103016,0.049999999999999996,0.05142857142857142,0.0
PHASE 2,73,59200,56,1030.861219949705,761.2069102930454,1289.8752401500021,227.31937686011997,254.74095796131041,68.60011064103016,0.055714285714285716,0.05428571428571429,0.0
PHASE 2,74,60000,60,1037.199356177153,761.2069102930454,1289.8752401500021,229.22283333333425,255.31448437500094,69.08275480859811,0.0,0.0,0.0
PHASE 2,75,60800,60,1037.199356177153,761.2069102930454,1289.8752401500021,229.22283333333425,255.31448437500092,69.08275480859811,0.055714285714285716,0.04857142857142858,0.0
PHASE 2,76,61600,60,1037.199356177153,761.2069102930454,1289.8752401500021,229.22283333333425,255.31448437500092,69.08275480859811,0.048571428571428564,0.04428571428571429,0.0
PHASE 2,77,62400,60,1037.199356177153,761.2069102930454,1289.8752401500021,229.22283333333425,255.31448437500092,69.08275480859811,0.04857142857142858,0.04428571428571428,0.0
PHASE 2,78,63200,60,1037.199356177153,761.2069102930454,1289.8752401500021,229.22283333333425,255.31448437500092,69.08275480859811,0.07142857142857142,0.04285714285714286,0.0
PHASE 2,79,64000,64,1042.9921978043146,761.2069102930454,1341.3442953253168,231.9331420898447,256.3793489583342,69.334963344513,0.0,0.0,0.0
PHASE 2,80,64800,64,1042.9921978043146,761.2069102930454,1341.3442953253168,231.9331420898447,256.3793489583342,69.33496334451299,0.0642857142857143,0.07714285714285715,0.0
PHASE 2,81,65600,64,1042.9921978043146,761.2069102930454,1341.3442953253168,231.9331420898447,256.3793489583342,69.33496334451299,0.08142857142857143,0.09285714285714286,0.0
PHASE 2,82,66400,64,1042.9921978043146,761.2069102930454,1341.3442953253168,231.9331420898447,256.3793489583342,69.33496334451299,0.05714285714285715,0.08571428571428572,0.0
PHASE 2,83,67200,64,1042.9921978043146,761.2069102930454,1341.3442953253168,231.9331420898447,256.3793489583342,69.33496334451299,0.0642857142857143,0.07428571428571429,0.0
PHASE 2,84,68000,68,1053.1219143863102,761.2069102930454,1341.3442953253168,237.93676700367737,256.6682613357852,69.81461075585236,0.0,0.0,0.0
PHASE 2,85,68800,68,1053.1219143863102,761.2069102930454,1341.3442953253168,237.9367670036774,256.6682613357852,69.81461075585236,0.05857142857142857,0.07142857142857142,0.0
PHASE 2,86,69600,68,1053.1219143863102,761.2069102930454,1341.3442953253168,237.9367670036774,256.6682613357852,69.81461075585236,0.07428571428571429,0.0842857142857143,0.0
PHASE 2,87,70400,68,1053.1219143863102,761.2069102930454,1341.3442953253168,237.9367670036774,256.6682613357852,69.81461075585236,0.07571428571428572,0.07571428571428572,0.0
PHASE 2,88,71200,68,1053.1219143863102,761.2069102930454,1341.3442953253168,237.9367670036774,256.6682613357852,69.81461075585236,0.08285714285714287,0.07,0.0
PHASE 2,89,72000,72,1059.181596372041,761.2069102930454,1341.3442953253168,240.9937500000009,258.98391348379715,69.90049161102692,0.0,0.0,0.0
PHASE 2,90,72800,72,1059.181596372041,761.2069102930454,1341.3442953253168,240.9937500000009,258.98391348379715,69.90049161102692,0.05714285714285714,0.06714285714285714,0.0
PHASE 2,91,73600,72,1059.181596372041,761.2069102930454,1341.3442953253168,240.9937500000009,258.98391348379715,69.90049161102692,0.08142857142857143,0.07714285714285715,0.0
PHASE 2,92,74400,72,1059.181596372041,761.2069102930454,1341.3442953253168,240.9937500000009,258.98391348379715,69.90049161102692,0.08714285714285715,0.09428571428571428,0.0
PHASE 2,93,75200,72,1059.181596372041,761.2069102930454,1341.3442953253168,240.9937500000009,258.98391348379715,69.90049161102692,0.07714285714285715,0.08285714285714288,0.0
PHASE 2,94,76000,76,1069.1163536854667,761.2069102930454,1341.3442953253168,242.95496436403602,262.01770285087804,70.51796080881593,0.0,0.0,0.0
PHASE 2,95,76800,76,1069.1163536854667,761.2069102930454,1341.3442953253168,242.95496436403596,262.01770285087804,70.51796080881593,0.06571428571428571,0.08142857142857143,0.0
PHASE 2,96,77600,76,1069.1163536854667,761.2069102930454,1341.3442953253168,242.95496436403596,262.01770285087804,70.51796080881593,0.08142857142857143,0.0642857142857143,0.0
PHASE 2,97,78400,76,1069.1163536854667,761.2069102930454,1341.3442953253168,242.95496436403596,262.01770285087804,70.51796080881593,0.0757142857142857,0.11285714285714285,0.0
PHASE 2,98,79200,76,1069.1163536854667,761.2069102930454,1341.3442953253168,242.95496436403596,262.01770285087804,70.51796080881593,0.07285714285714286,0.08571428571428572,0.0
PHASE 2,99,80000,80,1065.5422903477468,761.2069102930454,1341.3442953253168,243.89892545573008,259.94155468750085,70.21272627556118,0.0,0.0,0.0
PHASE 2,100,80800,80,1065.5422903477468,761.2069102930454,1341.3442953253168,243.89892545573008,259.94155468750085,70.21272627556118,0.055714285714285716,0.10571428571428569,0.0
PHASE 2,101,81600,80,1065.5422903477468,761.2069102930454,1341.3442953253168,243.89892545573008,259.94155468750085,70.21272627556118,0.09428571428571428,0.1285714285714286,0.0
PHASE 2,102,82400,80,1065.5422903477468,761.2069102930454,1341.3442953253168,243.89892545573008,259.94155468750085,70.21272627556118,0.09857142857142857,0.1,0.0
PHASE 2,103,83200,80,1065.5422903477468,761.2069102930454,1341.3442953253168,243.89892545573008,259.94155468750085,70.21272627556118,0.09285714285714287,0.09571428571428571,0.0
PHASE 2,104,84000,84,1067.8123819255193,761.2069102930454,1341.3442953253168,247.54844959077468,258.2907921006953,70.24664252925292,0.0,0.0,0.0
PHASE 2,105,84800,84,1067.812381925519,761.2069102930454,1341.3442953253168,247.54844959077468,258.2907921006953,70.24664252925294,0.08142857142857143,0.10428571428571427,0.0
PHASE 2,106,85600,84,1067.812381925519,761.2069102930454,1341.3442953253168,247.54844959077468,258.2907921006953,70.24664252925294,0.09285714285714285,0.09714285714285713,0.0
PHASE 2,107,86400,84,1067.812381925519,761.2069102930454,1341.3442953253168,247.54844959077468,258.2907921006953,70.24664252925294,0.07857142857142856,0.10571428571428572,0.0
PHASE 2,108,87200,84,1067.812381925519,761.2069102930454,1341.3442953253168,247.54844959077468,258.2907921006953,70.24664252925294,0.07714285714285714,0.12857142857142856,0.0
PHASE 2,109,88000,88,1064.8589849547354,761.2069102930454,1341.3442953253168,246.97456764914858,257.69367069128873,70.02384332678398,0.0,0.0,0.0
PHASE 2,110,88800,88,1064.8589849547354,761.2069102930454,1341.3442953253168,246.97456764914858,257.69367069128873,70.02384332678398,0.08428571428571428,0.10714285714285716,0.0
PHASE 2,111,89600,88,1064.8589849547354,761.2069102930454,1341.3442953253168,246.97456764914858,257.69367069128873,70.02384332678398,0.10714285714285716,0.13142857142857142,0.0
PHASE 2,112,90400,88,1064.8589849547354,761.2069102930454,1341.3442953253168,246.97456764914858,257.69367069128873,70.02384332678398,0.09285714285714286,0.11000000000000001,0.0
PHASE 2,113,91200,88,1064.8589849547354,761.2069102930454,1341.3442953253168,246.97456764914858,257.69367069128873,70.02384332678398,0.09,0.1,0.0
PHASE 2,114,92000,92,1063.3939480260437,761.2069102930454,1341.3442953253168,247.0564920176639,257.0708820199284,69.90832174855302,0.0,0.0,0.0
PHASE 2,115,92800,92,1063.3939480260437,761.2069102930454,1341.3442953253168,247.0564920176639,257.0708820199284,69.90832174855302,0.12714285714285714,0.11571428571428573,0.0
PHASE 2,116,93600,92,1063.3939480260437,761.2069102930454,1341.3442953253168,247.0564920176639,257.0708820199284,69.90832174855302,0.10285714285714287,0.10428571428571429,0.0
PHASE 2,117,94400,92,1063.3939480260437,761.2069102930454,1341.3442953253168,247.0564920176639,257.0708820199284,69.90832174855302,0.09285714285714289,0.12714285714285714,0.0
PHASE 2,118,95200,92,1063.3939480260437,761.2069102930454,1341.3442953253168,247.0564920176639,257.0708820199284,69.90832174855302,0.09428571428571429,0.11000000000000001,0.0
PHASE 2,119,96000,96,1066.9409488346207,761.2069102930454,1341.3442953253168,248.75598361545227,258.06122070312585,70.01546806450204,0.0,0.0,0.0
PHASE 2,120,96800,96,1066.9409488346207,761.2069102930454,1341.3442953253168,248.75598361545227,258.06122070312585,70.01546806450204,0.11142857142857143,0.12857142857142856,0.0
PHASE 2,121,97600,96,1066.9409488346207,761.2069102930454,1341.3442953253168,248.75598361545227,258.06122070312585,70.01546806450204,0.10142857142857142,0.1385714285714286,0.0
PHASE 2,122,98400,96,1066.9409488346207,761.2069102930454,1341.3442953253168,248.75598361545227,258.06122070312585,70.01546806450204,0.10285714285714287,0.12571428571428572,0.0
PHASE 2,123,99200,96,1066.9409488346207,761.2069102930454,1341.3442953253168,248.75598361545227,258.06122070312585,70.01546806450204,0.10714285714285714,0.15285714285714286,0.0
PHASE 2,124,100000,100,1071.185921127811,761.2069102930454,1341.3442953253168,250.02054609375085,259.2691333333342,70.23703021258753,0.0,0.0,0.0
PHASE 2,125,100800,100,1071.185921127811,761.2069102930454,1341.3442953253168,250.02054609375088,259.26913333333414,70.23703021258753,0.09000000000000001,0.13428571428571429,0.0
PHASE 2,126,101600,100,1071.185921127811,761.2069102930454,1341.3442953253168,250.02054609375088,259.26913333333414,70.23703021258753,0.10285714285714287,0.08714285714285715,0.0
PHASE 2,127,102400,100,1071.185921127811,761.2069102930454,1341.3442953253168,250.02054609375088,259.26913333333414,70.23703021258753,0.12000000000000002,0.12571428571428572,0.0
PHASE 2,128,103200,100,1071.185921127811,761.2069102930454,1341.3442953253168,250.02054609375088,259.26913333333414,70.23703021258753,0.11142857142857143,0.11285714285714285,0.0
PHASE 2,129,104000,104,1074.3574507946441,761.2069102930454,1572.863215316452,252.56744296875087,258.7433283854175,70.38083493005631,0.0,0.0,0.0
PHASE 2,130,104800,104,1074.357450794644,761.2069102930454,1572.863215316452,252.56744296875084,258.7433283854175,70.38083493005631,0.13428571428571429,0.10142857142857142,0.0
PHASE 2,131,105600,104,1074.357450794644,761.2069102930454,1572.863215316452,252.56744296875084,258.7433283854175,70.38083493005631,0.12714285714285714,0.12,0.0
PHASE 2,132,106400,104,1074.357450794644,761.2069102930454,1572.863215316452,252.56744296875084,258.7433283854175,70.38083493005631,0.1142857142857143,0.13428571428571429,0.0
PHASE 2,133,107200,104,1074.357450794644,761.2069102930454,1572.863215316452,252.56744296875084,258.7433283854175,70.38083493005631,0.09857142857142857,0.13999999999999999,0.0
PHASE 2,134,108000,108,1089.058927702331,761.2069102930454,1572.863215316452,257.4444010416675,262.82803984375084,71.09831085211133,0.0,0.0,0.0
PHASE 2,135,108800,108,1089.058927702331,761.2069102930454,1572.863215316452,257.44440104166756,262.82803984375084,71.09831085211133,0.11000000000000001,0.13428571428571429,0.0
PHASE 2,136,109600,108,1089.058927702331,761.2069102930454,1572.863215316452,257.44440104166756,262.82803984375084,71.09831085211133,0.12428571428571429,0.12285714285714286,0.0
PHASE 2,137,110400,108,1089.058927702331,761.2069102930454,1572.863215316452,257.44440104166756,262.82803984375084,71.09831085211133,0.10428571428571429,0.12714285714285717,0.0
PHASE 2,138,111200,108,1089.058927702331,761.2069102930454,1572.863215316452,257.44440104166756,262.82803984375084,71.09831085211133,0.12000000000000002,0.12285714285714286,0.0
PHASE 2,139,112000,112,1095.033662676985,784.6695110646235,1572.863215316452,259.4604708333342,264.60694296875084,71.37078110935978,0.0,0.0,0.0
PHASE 2,140,112800,112,1095.033662676985,784.6695110646235,1572.863215316452,259.46047083333417,264.60694296875084,71.37078110935978,0.09571428571428572,0.13714285714285715,0.0
PHASE 2,141,113600,112,1095.033662676985,784.6695110646235,1572.863215316452,259.46047083333417,264.60694296875084,71.37078110935978,0.13428571428571429,0.11857142857142858,0.0
PHASE 2,142,114400,112,1095.033662676985,784.6695110646235,1572.863215316452,259.46047083333417,264.60694296875084,71.37078110935978,0.13714285714285718,0.13428571428571429,0.0
PHASE 2,143,115200,112,1095.033662676985,784.6695110646235,1572.863215316452,259.46047083333417,264.60694296875084,71.37078110935978,0.1,0.15571428571428575,0.0
PHASE 2,144,116000,116,1105.4070556999845,784.6695110646235,1572.863215316452,261.4728531250008,267.9966947916675,71.99218847291205,0.0,0.0,0.0
PHASE 2,145,116800,116,1105.4070556999845,784.6695110646235,1572.863215316452,261.4728531250008,267.99669479166755,71.99218847291205,0.11000000000000001,0.17571428571428574,0.0
PHASE 2,146,117600,116,1105.4070556999845,784.6695110646235,1572.863215316452,261.4728531250008,267.99669479166755,71.99218847291205,0.11857142857142859,0.1514285714285714,0.0
PHASE 2,147,118400,116,1105.4070556999845,784.6695110646235,1572.863215316452,261.4728531250008,267.99669479166755,71.99218847291205,0.12571428571428572,0.1414285714285714,0.0
PHASE 2,148,119200,116,1105.4070556999845,784.6695110646235,1572.863215316452,261.4728531250008,267.99669479166755,71.99218847291205,0.1314285714285714,0.14142857142857146,0.0
PHASE 2,149,120000,120,1113.0855002689477,784.6695110646235,1572.863215316452,265.9703177083341,269.78455859375083,72.16632799585564,0.0,0.0,0.0
PHASE 2,150,120800,120,1113.0855002689475,784.6695110646235,1572.863215316452,265.9703177083341,269.7845585937509,72.16632799585564,0.1142857142857143,0.16714285714285718,0.0
PHASE 2,151,121600,120,1113.0855002689475,784.6695110646235,1572.863215316452,265.9703177083341,269.7845585937509,72.16632799585564,0.13000000000000003,0.12714285714285717,0.0
PHASE 2,152,122400,120,1113.0855002689475,784.6695110646235,1572.863215316452,265.9703177083341,269.7845585937509,72.16632799585564,0.14,0.14285714285714285,0.0
PHASE 2,153,123200,120,1113.0855002689475,784.6695110646235,1572.863215316452,265.9703177083341,269.7845585937509,72.16632799585564,0.13285714285714287,0.1642857142857143,0.0
PHASE 2,154,124000,124,1125.4387351478777,784.6695110646235,1572.863215316452,271.11368125000075,272.09212734375086,72.77911581926395,0.0,0.0,0.0
PHASE 2,155,124800,124,1125.4387351478777,784.6695110646235,1572.863215316452,271.1136812500008,272.0921273437508,72.77911581926394,0.12857142857142856,0.1685714285714286,0.0
PHASE 2,156,125600,124,1125.4387351478777,784.6695110646235,1572.863215316452,271.1136812500008,272.0921273437508,72.77911581926394,0.14000000000000004,0.1542857142857143,0.0
PHASE 2,157,126400,124,1125.4387351478777,784.6695110646235,1572.863215316452,271.1136812500008,272.0921273437508,72.77911581926394,0.12285714285714286,0.1442857142857143,0.0
PHASE 2,158,127200,124,1125.4387351478777,784.6695110646235,1572.863215316452,271.1136812500008,272.0921273437508,72.77911581926394,0.11285714285714285,0.16142857142857145,0.0
PHASE 2,159,128000,128,1130.248074765848,784.6695110646235,1572.863215316452,276.0889875000008,271.1315513020841,72.8784419954688,0.0,0.0,0.0
PHASE 2,160,128800,128,1130.2480747658483,784.6695110646235,1572.863215316452,276.0889875000007,271.13155130208406,72.8784419954688,0.12142857142857144,0.2157142857142857,0.0
PHASE 2,161,129600,128,1130.2480747658483,784.6695110646235,1572.863215316452,276.0889875000007,271.13155130208406,72.8784419954688,0.14857142857142858,0.19,0.0
PHASE 2,162,130400,128,1130.2480747658483,784.6695110646235,1572.863215316452,276.0889875000007,271.13155130208406,72.8784419954688,0.15,0.17,0.0
PHASE 2,163,131200,128,1130.2480747658483,784.6695110646235,1572.863215316452,276.0889875000007,271.13155130208406,72.8784419954688,0.15857142857142859,0.18285714285714288,0.0
PHASE 2,164,132000,132,1137.1002659313806,784.6695110646235,1572.863215316452,280.52461770833406,270.71351119791746,73.23276712813967,0.0,0.0,0.0
PHASE 2,165,132800,132,1137.1002659313804,784.6695110646235,1572.863215316452,280.52461770833406,270.71351119791746,73.23276712813967,0.15000000000000002,0.16999999999999998,0.0
PHASE 2,166,133600,132,1137.1002659313804,784.6695110646235,1572.863215316452,280.52461770833406,270.71351119791746,73.23276712813967,0.16714285714285718,0.1728571428571429,0.0
PHASE 2,167,134400,132,1137.1002659313804,784.6695110646235,1572.863215316452,280.52461770833406,270.71351119791746,73.23276712813967,0.1442857142857143,0.17857142857142858,0.0
PHASE 2,168,135200,132,1137.1002659313804,784.6695110646235,1572.863215316452,280.52461770833406,270.71351119791746,73.23276712813967,0.15285714285714286,0.17,0.0
PHASE 2,169,136000,136,1149.9256316770081,784.6695110646235,1572.863215316452,282.86323854166744,276.5420497395841,73.81504292446846,0.0,0.0,0.0
PHASE 2,170,136800,136,1149.9256316770081,784.6695110646235,1572.863215316452,282.86323854166744,276.5420497395841,73.81504292446846,0.15142857142857144,0.19,0.0
PHASE 2,171,137600,136,1149.9256316770081,784.6695110646235,1572.863215316452,282.86323854166744,276.5420497395841,73.81504292446846,0.1442857142857143,0.20000000000000004,0.0
PHASE 2,172,138400,136,1149.9256316770081,784.6695110646235,1572.863215316452,282.86323854166744,276.5420497395841,73.81504292446846,0.18142857142857147,0.18142857142857144,0.0
PHASE 2,173,139200,136,1149.9256316770081,784.6695110646235,1572.863215316452,282.86323854166744,276.5420497395841,73.81504292446846,0.18285714285714288,0.19571428571428573,0.0
PHASE 2,174,140000,140,1159.1101977555204,784.6695110646235,1572.863215316452,286.7699937500007,278.5502174479174,74.22374831969938,0.0,0.0,0.0
PHASE 2,175,140800,140,1159.1101977555202,784.6695110646235,1572.863215316452,286.76999375000076,278.5502174479174,74.22374831969938,0.15142857142857147,0.16714285714285715,0.0
PHASE 2,176,141600,140,1159.1101977555202,784.6695110646235,1572.863215316452,286.76999375000076,278.5502174479174,74.22374831969938,0.14,0.1628571428571429,0.0
PHASE 2,177,142400,140,1159.1101977555202,784.6695110646235,1572.863215316452,286.76999375000076,278.5502174479174,74.22374831969938,0.14142857142857146,0.16142857142857148,0.0
PHASE 2,178,143200,140,1159.1101977555202,784.6695110646235,1572.863215316452,286.76999375000076,278.5502174479174,74.22374831969938,0.17428571428571432,0.1642857142857143,0.0
PHASE 2,179,144000,144,1169.0448488561049,784.6695110646235,1572.863215316452,289.71193203125074,280.1130289062508,74.90248598982487,0.0,0.0,0.0
PHASE 2,180,144800,144,1169.0448488561049,784.6695110646235,1572.863215316452,289.7119320312507,280.11302890625075,74.90248598982487,0.2,0.1742857142857143,0.0
PHASE 2,181,145600,144,1169.0448488561049,784.6695110646235,1572.863215316452,289.7119320312507,280.11302890625075,74.90248598982487,0.1942857142857143,0.17857142857142858,0.0
PHASE 2,182,146400,144,1169.0448488561049,784.6695110646235,1572.863215316452,289.7119320312507,280.11302890625075,74.90248598982487,0.1942857142857143,0.18285714285714288,0.0
PHASE 2,183,147200,144,1169.0448488561049,784.6695110646235,1572.863215316452,289.7119320312507,280.11302890625075,74.90248598982487,0.15714285714285717,0.20285714285714285,0.0
PHASE 2,184,148000,148,1180.777508761298,784.6695110646235,1572.863215316452,289.49565182291735,286.906390364584,75.5469333217242,0.0,0.0,0.0
PHASE 2,185,148800,148,1180.7775087612977,784.6695110646235,1572.863215316452,289.49565182291735,286.90639036458407,75.5469333217242,0.15857142857142859,0.18000000000000002,0.0
PHASE 2,186,149600,148,1180.7775087612977,784.6695110646235,1572.863215316452,289.49565182291735,286.90639036458407,75.5469333217242,0.20000000000000004,0.20714285714285716,0.0
PHASE 2,187,150400,148,1180.7775087612977,784.6695110646235,1572.863215316452,289.49565182291735,286.90639036458407,75.5469333217242,0.17,0.1742857142857143,0.0
PHASE 2,188,151200,148,1180.7775087612977,784.6695110646235,1572.863215316452,289.49565182291735,286.90639036458407,75.5469333217242,0.16714285714285718,0.21285714285714286,0.0
PHASE 2,189,152000,152,1191.6255852489785,784.6695110646235,1572.863215316452,292.35251119791735,289.44423789062574,76.22860452005442,0.0,0.0,0.0
PHASE 2,190,152800,152,1191.6255852489785,784.6695110646235,1572.863215316452,292.35251119791735,289.44423789062574,76.22860452005442,0.1785714285714286,0.18,0.0
PHASE 2,191,153600,152,1191.6255852489785,784.6695110646235,1572.863215316452,292.35251119791735,289.44423789062574,76.22860452005442,0.16,0.22428571428571428,0.0
PHASE 2,192,154400,152,1191.6255852489785,784.6695110646235,1572.863215316452,292.35251119791735,289.44423789062574,76.22860452005442,0.13428571428571429,0.17714285714285716,0.0
PHASE 2,193,155200,152,1191.6255852489785,784.6695110646235,1572.863215316452,292.35251119791735,289.44423789062574,76.22860452005442,0.19000000000000003,0.21142857142857144,0.0
PHASE 2,194,156000,156,1200.5323185349268,784.6695110646235,1572.863215316452,295.7947164062507,290.6372305989591,76.76254644121477,0.0,0.0,0.0
PHASE 2,195,156800,156,1200.5323185349268,784.6695110646235,1572.863215316452,295.79471640625064,290.6372305989591,76.76254644121477,0.17285714285714288,0.2028571428571429,0.0
PHASE 2,196,157600,156,1200.5323185349268,784.6695110646235,1572.863215316452,295.79471640625064,290.6372305989591,76.76254644121477,0.16285714285714287,0.15000000000000005,0.0
PHASE 2,197,158400,156,1200.5323185349268,784.6695110646235,1572.863215316452,295.79471640625064,290.6372305989591,76.76254644121477,0.17285714285714288,0.1757142857142857,0.0
PHASE 2,198,159200,156,1200.5323185349268,784.6695110646235,1572.863215316452,295.79471640625064,290.6372305989591,76.76254644121477,0.16714285714285718,0.19,0.0
PHASE 2,199,160000,160,1202.8049272097228,784.6695110646235,1572.863215316452,296.92575390625063,291.6382957031257,76.78010970004355,0.0,0.0,0.0
PHASE 2,200,160800,160,1202.8049272097228,784.6695110646235,1572.863215316452,296.92575390625063,291.6382957031257,76.78010970004355,0.22142857142857145,0.21714285714285717,0.0
PHASE 2,201,161600,160,1202.8049272097228,784.6695110646235,1572.863215316452,296.92575390625063,291.6382957031257,76.78010970004355,0.2257142857142857,0.1542857142857143,0.0
PHASE 2,202,162400,160,1202.8049272097228,784.6695110646235,1572.863215316452,296.92575390625063,291.6382957031257,76.78010970004355,0.19428571428571428,0.23285714285714287,0.0
PHASE 2,203,163200,160,1202.8049272097228,784.6695110646235,1572.863215316452,296.92575390625063,291.6382957031257,76.78010970004355,0.21714285714285717,0.1942857142857143,0.0
PHASE 2,204,164000,164,1206.1706470356526,784.6695110646235,1572.863215316452,297.14165078125063,293.12312278645896,76.98823418349325,0.0,0.0,0.0
PHASE 2,205,164800,164,1206.1706470356526,784.6695110646235,1572.863215316452,297.1416507812507,293.1231227864591,76.98823418349325,0.18142857142857147,0.22714285714285715,0.0
PHASE 2,206,165600,164,1206.1706470356526,784.6695110646235,1572.863215316452,297.1416507812507,293.1231227864591,76.98823418349325,0.19285714285714287,0.23285714285714282,0.0
PHASE 2,207,166400,164,1206.1706470356526,784.6695110646235,1572.863215316452,297.1416507812507,293.1231227864591,76.98823418349325,0.18142857142857144,0.16714285714285718,0.0
PHASE 2,208,167200,164,1206.1706470356526,784.6695110646235,1572.863215316452,297.1416507812507,293.1231227864591,76.98823418349325,0.19428571428571428,0.1585714285714286,0.0
PHASE 2,209,168000,168,1209.726355282958,784.6695110646235,1572.863215316452,296.10031640625067,296.2503160156257,77.1719653576356,0.0,0.0,0.0
PHASE 2,210,168800,168,1209.726355282958,784.6695110646235,1572.863215316452,296.10031640625067,296.25031601562563,77.1719653576356,0.20571428571428574,0.21571428571428575,0.0
PHASE 2,211,169600,168,1209.726355282958,784.6695110646235,1572.863215316452,296.10031640625067,296.25031601562563,77.1719653576356,0.15857142857142859,0.2,0.0
PHASE 2,212,170400,168,1209.726355282958,784.6695110646235,1572.863215316452,296.10031640625067,296.25031601562563,77.1719653576356,0.18142857142857144,0.1585714285714286,0.0
PHASE 2,213,171200,168,1209.726355282958,784.6695110646235,1572.863215316452,296.10031640625067,296.25031601562563,77.1719653576356,0.17428571428571432,0.19714285714285715,0.0
PHASE 2,214,172000,172,1212.653632380101,784.6695110646235,1572.863215316452,296.41345572916737,296.21439309895896,77.50322294399736,0.0,0.0,0.0
PHASE 2,215,172800,172,1212.6536323801013,784.6695110646235,1572.863215316452,296.4134557291673,296.214393098959,77.50322294399736,0.1742857142857143,0.15571428571428572,0.0
PHASE 2,216,173600,172,1212.6536323801013,784.6695110646235,1572.863215316452,296.4134557291673,296.214393098959,77.50322294399736,0.20142857142857143,0.1842857142857143,0.0
PHASE 2,217,174400,172,1212.6536323801013,784.6695110646235,1572.863215316452,296.4134557291673,296.214393098959,77.50322294399736,0.20571428571428574,0.1928571428571429,0.0
PHASE 2,218,175200,172,1212.6536323801013,784.6695110646235,1572.863215316452,296.4134557291673,296.214393098959,77.50322294399736,0.19000000000000003,0.14571428571428574,0.0
PHASE 2,219,176000,176,1216.71517606884,784.6695110646235,1572.863215316452,298.80627968750065,296.77664101562567,77.64153192071485,0.0,0.0,0.0
PHASE 2,220,176800,176,1216.71517606884,784.6695110646235,1572.863215316452,298.80627968750065,296.77664101562567,77.64153192071484,0.19857142857142857,0.2314285714285714,0.0
PHASE 2,221,177600,176,1216.71517606884,784.6695110646235,1572.863215316452,298.80627968750065,296.77664101562567,77.64153192071484,0.18857142857142856,0.20714285714285716,0.0
PHASE 2,222,178400,176,1216.71517606884,784.6695110646235,1572.863215316452,298.80627968750065,296.77664101562567,77.64153192071484,0.2128571428571429,0.21571428571428575,0.0
PHASE 2,223,179200,176,1216.71517606884,784.6695110646235,1572.863215316452,298.80627968750065,296.77664101562567,77.64153192071484,0.20000000000000004,0.16285714285714287,0.0
PHASE 2,224,180000,180,1234.8463002043575,784.6695110646235,1596.385010046843,302.68308541666727,303.120977473959,78.63027966421751,0.0,0.0,0.0
PHASE 2,225,180800,180,1234.8463002043577,784.6695110646235,1596.385010046843,302.6830854166673,303.12097747395893,78.63027966421751,0.20142857142857143,0.19714285714285715,0.0
PHASE 2,226,181600,180,1234.8463002043577,784.6695110646235,1596.385010046843,302.6830854166673,303.12097747395893,78.63027966421751,0.22000000000000003,0.2028571428571429,0.0
PHASE 2,227,182400,180,1234.8463002043577,784.6695110646235,1596.385010046843,302.6830854166673,303.12097747395893,78.63027966421751,0.19285714285714284,0.18428571428571433,0.0
PHASE 2,228,183200,180,1234.8463002043577,784.6695110646235,1596.385010046843,302.6830854166673,303.12097747395893,78.63027966421751,0.22000000000000003,0.24857142857142858,0.0
PHASE 2,229,184000,184,1237.9448752724,784.6695110646235,1596.385010046843,301.549533333334,305.66950690104227,78.84072937975405,0.0,0.0,0.0
PHASE 2,230,184800,184,1237.9448752724,784.6695110646235,1596.385010046843,301.549533333334,305.66950690104227,78.84072937975405,0.24142857142857146,0.17857142857142855,0.0
PHASE 2,231,185600,184,1237.9448752724,784.6695110646235,1596.385010046843,301.549533333334,305.66950690104227,78.84072937975405,0.22000000000000003,0.19714285714285715,0.0
PHASE 2,232,186400,184,1237.9448752724,784.6695110646235,1596.385010046843,301.549533333334,305.66950690104227,78.84072937975405,0.18857142857142856,0.22571428571428576,0.0
PHASE 2,233,187200,184,1237.9448752724,784.6695110646235,1596.385010046843,301.549533333334,305.66950690104227,78.84072937975405,0.26142857142857145,0.25428571428571434,0.0
PHASE 2,234,188000,188,1251.6890250315666,784.6695110646235,1596.385010046843,304.3008635416673,310.52604518229225,79.60776453845239,0.0,0.0,0.0
PHASE 2,235,188800,188,1251.689025031567,784.6695110646235,1596.385010046843,304.30086354166724,310.5260451822923,79.60776453845237,0.16857142857142857,0.21857142857142856,0.0
PHASE 2,236,189600,188,1251.689025031567,784.6695110646235,1596.385010046843,304.30086354166724,310.5260451822923,79.60776453845237,0.2342857142857143,0.2528571428571429,0.0
PHASE 2,237,190400,188,1251.689025031567,784.6695110646235,1596.385010046843,304.30086354166724,310.5260451822923,79.60776453845237,0.2257142857142857,0.2214285714285714,0.0
PHASE 2,238,191200,188,1251.689025031567,784.6695110646235,1596.385010046843,304.30086354166724,310.5260451822923,79.60776453845237,0.22857142857142856,0.2557142857142857,0.0
PHASE 2,239,192000,192,1266.1818960033609,867.1729112753764,1596.385010046843,306.5855145833339,316.37012226562564,80.40328239430204,0.0,0.0,0.0
PHASE 2,240,192800,192,1266.1818960033606,867.1729112753764,1596.385010046843,306.585514583334,316.37012226562564,80.40328239430204,0.2528571428571429,0.22571428571428576,0.0
PHASE 2,241,193600,192,1266.1818960033606,867.1729112753764,1596.385010046843,306.585514583334,316.37012226562564,80.40328239430204,0.1842857142857143,0.2442857142857143,0.0
PHASE 2,242,194400,192,1266.1818960033606,867.1729112753764,1596.385010046843,306.585514583334,316.37012226562564,80.40328239430204,0.20142857142857143,0.21428571428571433,0.0
PHASE 2,243,195200,192,1266.1818960033606,867.1729112753764,1596.385010046843,306.585514583334,316.37012226562564,80.40328239430204,0.21857142857142858,0.27714285714285714,0.0
PHASE 2,244,196000,196,1268.632981443874,867.1729112753764,1596.385010046843,305.9622166666673,318.1458795572923,80.5656106524913,0.0,0.0,0.0
PHASE 2,245,196800,196,1268.632981443874,867.1729112753764,1596.385010046843,305.96221666666736,318.14587955729223,80.56561065249133,0.23714285714285718,0.22428571428571428,0.0
PHASE 2,246,197600,196,1268.632981443874,867.1729112753764,1596.385010046843,305.96221666666736,318.14587955729223,80.56561065249133,0.21000000000000002,0.22428571428571434,0.0
PHASE 2,247,198400,196,1268.632981443874,867.1729112753764,1596.385010046843,305.96221666666736,318.14587955729223,80.56561065249133,0.2257142857142857,0.2357142857142857,0.0
PHASE 2,248,199200,196,1268.632981443874,867.1729112753764,1596.385010046843,305.96221666666736,318.14587955729223,80.56561065249133,0.2128571428571429,0.23142857142857146,0.0
PHASE 2,249,200000,200,1265.2073680407711,867.1729112753764,1596.385010046843,304.9433315104173,317.7440441406256,80.31499904871808,0.0,0.0,0.0
PHASE 2,250,200800,200,1265.2073680407711,867.1729112753764,1596.385010046843,304.9433315104173,317.7440441406256,80.31499904871808,0.2071428571428572,0.20571428571428574,0.0
PHASE 2,251,201600,200,1265.2073680407711,867.1729112753764,1596.385010046843,304.9433315104173,317.7440441406256,80.31499904871808,0.20857142857142857,0.2257142857142857,0.0
PHASE 2,252,202400,200,1265.2073680407711,867.1729112753764,1596.385010046843,304.9433315104173,317.7440441406256,80.31499904871808,0.22142857142857145,0.27285714285714285,0.0
PHASE 2,253,203200,200,1265.2073680407711,867.1729112753764,1596.385010046843,304.9433315104173,317.7440441406256,80.31499904871808,0.24000000000000005,0.24000000000000005,0.0
PHASE 2,254,204000,204,1254.956943200096,821.4224528019001,1596.385010046843,300.5244127604173,316.8874345052089,79.6931369918106,0.0,0.0,0.0
PHASE 2,255,204800,204,1254.956943200096,821.4224528019001,1596.385010046843,300.5244127604173,316.88743450520894,79.6931369918106,0.22428571428571428,0.2528571428571429,0.0
PHASE 2,256,205600,204,1254.956943200096,821.4224528019001,1596.385010046843,300.5244127604173,316.88743450520894,79.6931369918106,0.24571428571428572,0.25857142857142856,0.0
PHASE 2,257,206400,204,1254.956943200096,821.4224528019001,1596.385010046843,300.5244127604173,316.88743450520894,79.6931369918106,0.18857142857142858,0.24571428571428572,0.0
PHASE 2,258,207200,204,1254.956943200096,821.4224528019001,1596.385010046843,300.5244127604173,316.88743450520894,79.6931369918106,0.20428571428571432,0.22714285714285715,0.0
PHASE 2,259,208000,208,1242.640894769928,774.1536754792868,1596.385010046843,296.8555523437506,314.4570438802089,78.9160373182477,0.0,0.0,0.0
PHASE 2,260,208800,208,1242.640894769928,774.1536754792868,1596.385010046843,296.8555523437506,314.45704388020897,78.9160373182477,0.27142857142857146,0.26428571428571435,0.0
PHASE 2,261,209600,208,1242.640894769928,774.1536754792868,1596.385010046843,296.8555523437506,314.45704388020897,78.9160373182477,0.2357142857142857,0.23285714285714287,0.0
PHASE 2,262,210400,208,1242.640894769928,774.1536754792868,1596.385010046843,296.8555523437506,314.45704388020897,78.9160373182477,0.18285714285714288,0.26571428571428574,0.0
PHASE 2,263,211200,208,1242.640894769928,774.1536754792868,1596.385010046843,296.8555523437506,314.45704388020897,78.9160373182477,0.22714285714285715,0.21714285714285717,0.0
PHASE 2,264,212000,212,1250.6049990225647,774.1536754792868,1654.5134470939702,299.2302179687506,316.9196212239589,79.30689497873371,0.0,0.0,0.0
PHASE 2,265,212800,212,1250.6049990225645,774.1536754792868,1654.5134470939702,299.2302179687506,316.9196212239589,79.30689497873371,0.27285714285714285,0.2628571428571429,0.0
PHASE 2,266,213600,212,1250.6049990225645,774.1536754792868,1654.5134470939702,299.2302179687506,316.9196212239589,79.30689497873371,0.27285714285714285,0.3057142857142857,0.0
PHASE 2,267,214400,212,1250.6049990225645,774.1536754792868,1654.5134470939702,299.2302179687506,316.9196212239589,79.30689497873371,0.21571428571428575,0.2528571428571429,0.0
PHASE 2,268,215200,212,1250.6049990225645,774.1536754792868,1654.5134470939702,299.2302179687506,316.9196212239589,79.30689497873371,0.2571428571428572,0.25142857142857145,0.0
PHASE 2,269,216000,216,1249.4973343151908,774.1536754792868,1654.5134470939702,299.93068567708394,316.2248839843756,79.1677205817182,0.0,0.0,0.0
PHASE 2,270,216800,216,1249.497334315191,774.1536754792868,1654.5134470939702,299.930685677084,316.22488398437565,79.1677205817182,0.25285714285714284,0.23142857142857146,0.0
PHASE 2,271,217600,216,1249.497334315191,774.1536754792868,1654.5134470939702,299.930685677084,316.22488398437565,79.1677205817182,0.27714285714285714,0.23285714285714287,0.0
PHASE 2,272,218400,216,1249.497334315191,774.1536754792868,1654.5134470939702,299.930685677084,316.22488398437565,79.1677205817182,0.2557142857142857,0.22428571428571434,0.0
PHASE 2,273,219200,216,1249.497334315191,774.1536754792868,1654.5134470939702,299.930685677084,316.22488398437565,79.1677205817182,0.2628571428571429,0.2285714285714286,0.0
PHASE 2,274,220000,220,1245.4517004481388,774.1536754792868,1654.5134470939702,298.06302526041736,314.9045613281256,79.06051423245118,0.0,0.0,0.0
PHASE 2,275,220800,220,1245.4517004481386,774.1536754792868,1654.5134470939702,298.0630252604173,314.90456132812557,79.0605142324512,0.2571428571428571,0.2442857142857143,0.0
PHASE 2,276,221600,220,1245.4517004481386,774.1536754792868,1654.5134470939702,298.0630252604173,314.90456132812557,79.0605142324512,0.24714285714285716,0.27714285714285725,0.0
PHASE 2,277,222400,220,1245.4517004481386,774.1536754792868,1654.5134470939702,298.0630252604173,314.90456132812557,79.0605142324512,0.3085714285714286,0.21714285714285714,0.0
PHASE 2,278,223200,220,1245.4517004481386,774.1536754792868,1654.5134470939702,298.0630252604173,314.90456132812557,79.0605142324512,0.23142857142857146,0.25,0.0
PHASE 2,279,224000,224,1232.6944233321997,774.1536754792868,1654.5134470939702,294.51180963541725,312.09659778645886,78.2607519887918,0.0,0.0,0.0
PHASE 2,280,224800,224,1232.6944233321997,774.1536754792868,1654.5134470939702,294.5118096354173,312.0965977864589,78.2607519887918,0.33428571428571435,0.3171428571428571,0.0
PHASE 2,281,225600,224,1232.6944233321997,774.1536754792868,1654.5134470939702,294.5118096354173,312.0965977864589,78.2607519887918,0.3271428571428572,0.23285714285714287,0.0
PHASE 2,282,226400,224,1232.6944233321997,774.1536754792868,1654.5134470939702,294.5118096354173,312.0965977864589,78.2607519887918,0.29714285714285715,0.26571428571428574,0.0
PHASE 2,283,227200,224,1232.6944233321997,774.1536754792868,1654.5134470939702,294.5118096354173,312.0965977864589,78.2607519887918,0.2957142857142857,0.3028571428571428,0.0
PHASE 2,284,228000,228,1242.3854371286882,774.1536754792868,1654.5134470939702,296.15958776041725,315.1900592447922,78.87947376543656,0.0,0.0,0.0
PHASE 2,285,228800,228,1242.3854371286882,774.1536754792868,1654.5134470939702,296.15958776041725,315.1900592447922,78.87947376543656,0.25857142857142856,0.2971428571428572,0.0
PHASE 2,286,229600,228,1242.3854371286882,774.1536754792868,1654.5134470939702,296.15958776041725,315.1900592447922,78.87947376543656,0.3028571428571429,0.26285714285714284,0.0
PHASE 2,287,230400,228,1242.3854371286882,774.1536754792868,1654.5134470939702,296.15958776041725,315.1900592447922,78.87947376543656,0.3085714285714286,0.30714285714285716,0.0
PHASE 2,288,231200,228,1242.3854371286882,774.1536754792868,1654.5134470939702,296.15958776041725,315.1900592447922,78.87947376543656,0.32571428571428573,0.27,0.0
PHASE 2,289,232000,232,1249.479327994871,774.1536754792868,1654.5134470939702,297.60547213541724,317.6729680989589,79.27511097006372,0.0,0.0,0.0
PHASE 2,290,232800,232,1249.4793279948713,774.1536754792868,1654.5134470939702,297.60547213541724,317.6729680989589,79.27511097006372,0.2885714285714286,0.22428571428571434,0.0
PHASE 2,291,233600,232,1249.4793279948713,774.1536754792868,1654.5134470939702,297.60547213541724,317.6729680989589,79.27511097006372,0.22428571428571428,0.24285714285714288,0.0
PHASE 2,292,234400,232,1249.4793279948713,774.1536754792868,1654.5134470939702,297.60547213541724,317.6729680989589,79.27511097006372,0.2814285714285715,0.23285714285714287,0.0
PHASE 2,293,235200,232,1249.4793279948713,774.1536754792868,1654.5134470939702,297.60547213541724,317.6729680989589,79.27511097006372,0.26285714285714284,0.33714285714285713,0.0
PHASE 2,294,236000,236,1242.8639069953635,774.1536754792868,1654.5134470939702,297.0337554687506,314.78298684895896,78.88089558470861,0.0,0.0,0.0
PHASE 2,295,236800,236,1242.8639069953633,774.1536754792868,1654.5134470939702,297.0337554687506,314.78298684895896,78.8808955847086,0.28714285714285714,0.2742857142857143,0.0
PHASE 2,296,237600,236,1242.8639069953633,774.1536754792868,1654.5134470939702,297.0337554687506,314.78298684895896,78.8808955847086,0.2828571428571429,0.26857142857142857,0.0
PHASE 2,297,238400,236,1242.8639069953633,774.1536754792868,1654.5134470939702,297.0337554687506,314.78298684895896,78.8808955847086,0.2442857142857143,0.2385714285714286,0.0
PHASE 2,298,239200,236,1242.8639069953633,774.1536754792868,1654.5134470939702,297.0337554687506,314.78298684895896,78.8808955847086,0.3442857142857143,0.24142857142857146,0.0
PHASE 2,299,240000,240,1248.4593743805378,774.1536754792868,1654.5134470939702,298.6051750000006,316.58003268229226,79.15927083728262,0.0,0.0,0.0
PHASE 2,300,240800,240,1248.4593743805378,774.1536754792868,1654.5134470939702,298.6051750000006,316.5800326822922,79.15927083728262,0.2557142857142857,0.24857142857142858,0.0
PHASE 2,301,241600,240,1248.4593743805378,774.1536754792868,1654.5134470939702,298.6051750000006,316.5800326822922,79.15927083728262,0.3085714285714286,0.35285714285714287,0.0
PHASE 2,302,242400,240,1248.4593743805378,774.1536754792868,1654.5134470939702,298.6051750000006,316.5800326822922,79.15927083728262,0.3185714285714286,0.32,0.0
PHASE 2,303,243200,240,1248.4593743805378,774.1536754792868,1654.5134470939702,298.6051750000006,316.5800326822922,79.15927083728262,0.30714285714285716,0.24285714285714288,0.0
PHASE 2,304,244000,244,1248.189913124087,774.1536754792868,1654.5134470939702,299.7047567708339,315.5575251302089,79.11595390288261,0.0,0.0,0.0
PHASE 2,305,244800,244,1248.189913124087,774.1536754792868,1654.5134470939702,299.7047567708339,315.5575251302089,79.11595390288261,0.2814285714285715,0.32,0.0
PHASE 2,306,245600,244,1248.189913124087,774.1536754792868,1654.5134470939702,299.7047567708339,315.5575251302089,79.11595390288261,0.36142857142857143,0.26,0.0
PHASE 2,307,246400,244,1248.189913124087,774.1536754792868,1654.5134470939702,299.7047567708339,315.5575251302089,79.11595390288261,0.31999999999999995,0.27142857142857146,0.0
PHASE 2,308,247200,244,1248.189913124087,774.1536754792868,1654.5134470939702,299.7047567708339,315.5575251302089,79.11595390288261,0.2571428571428572,0.3185714285714286,0.0
PHASE 2,309,248000,248,1252.1985821599837,774.1536754792868,1654.5134470939702,302.93308802083385,315.11188138020884,79.26920159486991,0.0,0.0,0.0
PHASE 2,310,248800,248,1252.1985821599837,774.1536754792868,1654.5134470939702,302.9330880208339,315.11188138020884,79.26920159486991,0.3271428571428572,0.2871428571428572,0.0
PHASE 2,311,249600,248,1252.1985821599837,774.1536754792868,1654.5134470939702,302.9330880208339,315.11188138020884,79.26920159486991,0.26571428571428574,0.2814285714285715,0.0
PHASE 2,312,250400,248,1252.1985821599837,774.1536754792868,1654.5134470939702,302.9330880208339,315.11188138020884,79.26920159486991,0.30142857142857143,0.2928571428571428,0.0
PHASE 2,313,251200,248,1252.1985821599837,774.1536754792868,1654.5134470939702,302.9330880208339,315.11188138020884,79.26920159486991,0.21857142857142858,0.2785714285714286,0.0
PHASE 2,314,252000,252,1252.8736143721164,774.1536754792868,1654.5134470939702,303.75537656250054,314.0133203125005,79.38811468714185,0.0,0.0,0.0
PHASE 2,315,252800,252,1252.8736143721164,774.1536754792868,1654.5134470939702,303.7553765625006,314.0133203125005,79.38811468714184,0.3028571428571429,0.3814285714285715,0.0
PHASE 2,316,253600,252,1252.8736143721164,774.1536754792868,1654.5134470939702,303.7553765625006,314.0133203125005,79.38811468714184,0.25857142857142856,0.3157142857142857,0.0
PHASE 2,317,254400,252,1252.8736143721164,774.1536754792868,1654.5134470939702,303.7553765625006,314.0133203125005,79.38811468714184,0.27142857142857146,0.29571428571428576,0.0
PHASE 2,318,255200,252,1252.8736143721164,774.1536754792868,1654.5134470939702,303.7553765625006,314.0133203125005,79.38811468714184,0.26428571428571435,0.2971428571428572,0.0
PHASE 2,319,256000,256,1262.483477014508,774.1536754792868,1835.2014455270382,304.97496718750057,318.2212401041672,79.91090871535758,0.0,0.0,0.0
PHASE 2,320,256800,256,1262.483477014508,774.1536754792868,1835.2014455270382,304.97496718750057,318.2212401041672,79.91090871535758,0.2285714285714286,0.2914285714285715,0.0
PHASE 2,321,257600,256,1262.483477014508,774.1536754792868,1835.2014455270382,304.97496718750057,318.2212401041672,79.91090871535758,0.25,0.35857142857142865,0.0
PHASE 2,322,258400,256,1262.483477014508,774.1536754792868,1835.2014455270382,304.97496718750057,318.2212401041672,79.91090871535758,0.32428571428571434,0.29,0.0
PHASE 2,323,259200,256,1262.483477014508,774.1536754792868,1835.2014455270382,304.97496718750057,318.2212401041672,79.91090871535758,0.3071428571428572,0.33285714285714285,0.0
PHASE 2,324,260000,260,1272.3977196499964,774.1536754792868,1931.8145796698323,307.55040885416724,321.30380729166717,80.44293793802296,0.0,0.0,0.0
PHASE 2,325,260800,260,1272.3977196499966,774.1536754792868,1931.8145796698323,307.55040885416724,321.3038072916672,80.44293793802296,0.3371428571428572,0.37,0.0
PHASE 2,326,261600,260,1272.3977196499966,774.1536754792868,1931.8145796698323,307.55040885416724,321.3038072916672,80.44293793802296,0.32142857142857145,0.33571428571428574,0.0
PHASE 2,327,262400,260,1272.3977196499966,774.1536754792868,1931.8145796698323,307.55040885416724,321.3038072916672,80.44293793802296,0.3828571428571429,0.38857142857142857,0.0
PHASE 2,328,263200,260,1272.3977196499966,774.1536754792868,1931.8145796698323,307.55040885416724,321.3038072916672,80.44293793802296,0.37428571428571433,0.30714285714285716,0.0
PHASE 2,329,264000,264,1283.4818754882106,774.1536754792868,1931.8145796698323,311.64263541666725,324.2295187500006,80.95121516519575,0.0,0.0,0.0
PHASE 2,330,264800,264,1283.4818754882103,774.1536754792868,1931.8145796698323,311.64263541666725,324.2295187500006,80.95121516519575,0.3157142857142857,0.30714285714285716,0.0
PHASE 2,331,265600,264,1283.4818754882103,774.1536754792868,1931.8145796698323,311.64263541666725,324.2295187500006,80.95121516519575,0.2257142857142857,0.3114285714285715,0.0
PHASE 2,332,266400,264,1283.4818754882103,774.1536754792868,1931.8145796698323,311.64263541666725,324.2295187500006,80.95121516519575,0.3771428571428571,0.33428571428571435,0.0
PHASE 2,333,267200,264,1283.4818754882103,774.1536754792868,1931.8145796698323,311.64263541666725,324.2295187500006,80.95121516519575,0.2942857142857143,0.35285714285714287,0.0
PHASE 2,334,268000,268,1280.811085124321,774.1536754792868,1931.8145796698323,311.37534062500055,322.8441598958339,80.82394807543871,0.0,0.0,0.0
PHASE 2,335,268800,268,1280.811085124321,774.1536754792868,1931.8145796698323,311.3753406250006,322.84415989583385,80.82394807543872,0.36,0.3242857142857143,0.0
PHASE 2,336,269600,268,1280.811085124321,774.1536754792868,1931.8145796698323,311.3753406250006,322.84415989583385,80.82394807543872,0.3342857142857143,0.4028571428571429,0.0
PHASE 2,337,270400,268,1280.811085124321,774.1536754792868,1931.8145796698323,311.3753406250006,322.84415989583385,80.82394807543872,0.32857142857142857,0.2728571428571428,0.0
PHASE 2,338,271200,268,1280.811085124321,774.1536754792868,1931.8145796698323,311.3753406250006,322.84415989583385,80.82394807543872,0.27571428571428575,0.35428571428571426,0.0
PHASE 2,339,272000,272,1284.2239323947845,774.1536754792868,1931.8145796698323,312.16933567708395,324.6588682291672,80.92446606106977,0.0,0.0,0.0
PHASE 2,340,272800,272,1284.2239323947845,774.1536754792868,1931.8145796698323,312.1693356770839,324.6588682291672,80.92446606106977,0.34428571428571425,0.3142857142857143,0.0
PHASE 2,341,273600,272,1284.2239323947845,774.1536754792868,1931.8145796698323,312.1693356770839,324.6588682291672,80.92446606106977,0.33571428571428574,0.4128571428571429,0.0
PHASE 2,342,274400,272,1284.2239323947845,774.1536754792868,1931.8145796698323,312.1693356770839,324.6588682291672,80.92446606106977,0.3471428571428572,0.32571428571428573,0.0
PHASE 2,343,275200,272,1284.2239323947845,774.1536754792868,1931.8145796698323,312.1693356770839,324.6588682291672,80.92446606106977,0.32,0.3928571428571429,0.0
PHASE 2,344,276000,276,1288.932900007411,774.1536754792868,1931.8145796698323,313.11508671875055,326.06801302083386,81.2187250334815,0.0,0.0,0.0
PHASE 2,345,276800,276,1288.932900007411,774.1536754792868,1931.8145796698323,313.1150867187506,326.06801302083386,81.21872503348152,0.34571428571428575,0.28428571428571425,0.0
PHASE 2,346,277600,276,1288.932900007411,774.1536754792868,1931.8145796698323,313.1150867187506,326.06801302083386,81.21872503348152,0.34,0.2885714285714286,0.0
PHASE 2,347,278400,276,1288.932900007411,774.1536754792868,1931.8145796698323,313.1150867187506,326.06801302083386,81.21872503348152,0.27714285714285714,0.3185714285714286,0.0
PHASE 2,348,279200,276,1288.932900007411,774.1536754792868,1931.8145796698323,313.1150867187506,326.06801302083386,81.21872503348152,0.3442857142857143,0.34285714285714286,0.0
PHASE 2,349,280000,280,1280.7638208605586,774.1536754792868,1931.8145796698323,310.4512406250006,324.2255734375005,80.76087584976032,0.0,0.0,0.0
PHASE 2,350,280800,280,1280.763820860559,774.1536754792868,1931.8145796698323,310.4512406250006,324.2255734375005,80.76087584976032,0.35000000000000003,0.3,0.0
PHASE 2,351,281600,280,1280.763820860559,774.1536754792868,1931.8145796698323,310.4512406250006,324.2255734375005,80.76087584976032,0.34714285714285714,0.3342857142857143,0.0
PHASE 2,352,282400,280,1280.763820860559,774.1536754792868,1931.8145796698323,310.4512406250006,324.2255734375005,80.76087584976032,0.3585714285714286,0.34285714285714286,0.0
PHASE 2,353,283200,280,1280.763820860559,774.1536754792868,1931.8145796698323,310.4512406250006,324.2255734375005,80.76087584976032,0.3157142857142857,0.43,0.0
PHASE 2,354,284000,284,1291.5488553641721,774.1536754792868,1931.8145796698323,314.17226875000057,326.48427447916714,81.36153901687894,0.0,0.0,0.0
PHASE 2,355,284800,284,1291.5488553641721,774.1536754792868,1931.8145796698323,314.1722687500005,326.48427447916714,81.36153901687895,0.3514285714285714,0.35142857142857153,0.0
PHASE 2,356,285600,284,1291.5488553641721,774.1536754792868,1931.8145796698323,314.1722687500005,326.48427447916714,81.36153901687895,0.25857142857142856,0.3814285714285714,0.0
PHASE 2,357,286400,284,1291.5488553641721,774.1536754792868,1931.8145796698323,314.1722687500005,326.48427447916714,81.36153901687895,0.35857142857142865,0.3342857142857143,0.0
PHASE 2,358,287200,284,1291.5488553641721,774.1536754792868,1931.8145796698323,314.1722687500005,326.48427447916714,81.36153901687895,0.34285714285714286,0.33,0.0
PHASE 2,359,288000,288,1298.2265267714333,774.1536754792868,1931.8145796698323,317.8139940104172,326.94462239583385,81.68348879565129,0.0,0.0,0.0
PHASE 2,360,288800,288,1298.226526771433,774.1536754792868,1931.8145796698323,317.8139940104172,326.94462239583385,81.68348879565129,0.30857142857142855,0.38857142857142857,0.0
PHASE 2,361,289600,288,1298.226526771433,774.1536754792868,1931.8145796698323,317.8139940104172,326.94462239583385,81.68348879565129,0.27,0.33571428571428574,0.0
PHASE 2,362,290400,288,1298.226526771433,774.1536754792868,1931.8145796698323,317.8139940104172,326.94462239583385,81.68348879565129,0.30428571428571427,0.37,0.0
PHASE 2,363,291200,288,1298.226526771433,774.1536754792868,1931.8145796698323,317.8139940104172,326.94462239583385,81.68348879565129,0.43714285714285717,0.35714285714285715,0.0
PHASE 2,364,292000,292,1301.6190603995508,774.1536754792868,1931.8145796698323,320.75283125000055,325.6640057291672,81.90027792755149,0.0,0.0,0.0
PHASE 2,365,292800,292,1301.6190603995508,774.1536754792868,1931.8145796698323,320.7528312500005,325.6640057291671,81.9002779275515,0.35000000000000003,0.4271428571428572,0.0
PHASE 2,366,293600,292,1301.6190603995508,774.1536754792868,1931.8145796698323,320.7528312500005,325.6640057291671,81.9002779275515,0.3142857142857143,0.45999999999999996,0.0
PHASE 2,367,294400,292,1301.6190603995508,774.1536754792868,1931.8145796698323,320.7528312500005,325.6640057291671,81.9002779275515,0.33857142857142863,0.3628571428571428,0.0
PHASE 2,368,295200,292,1301.6190603995508,774.1536754792868,1931.8145796698323,320.7528312500005,325.6640057291671,81.9002779275515,0.3514285714285715,0.34285714285714286,0.0
PHASE 2,369,296000,296,1305.1250146185707,774.1536754792868,1931.8145796698323,324.0826231770838,324.60461302083377,82.05472230258522,0.0,0.0,0.0
PHASE 2,370,296800,296,1305.1250146185707,774.1536754792868,1931.8145796698323,324.08262317708386,324.6046130208338,82.05472230258522,0.4542857142857143,0.4671428571428571,0.0
PHASE 2,371,297600,296,1305.1250146185707,774.1536754792868,1931.8145796698323,324.08262317708386,324.6046130208338,82.05472230258522,0.4014285714285714,0.4114285714285715,0.0
PHASE 2,372,298400,296,1305.1250146185707,774.1536754792868,1931.8145796698323,324.08262317708386,324.6046130208338,82.05472230258522,0.32571428571428573,0.35857142857142854,0.0
PHASE 2,373,299200,296,1305.1250146185707,774.1536754792868,1931.8145796698323,324.08262317708386,324.6046130208338,82.05472230258522,0.35428571428571437,0.3728571428571429,0.0
PHASE 2,374,300000,300,1314.3254786005061,774.1536754792868,1931.8145796698323,328.78340859375055,325.2882067708338,82.53173290449405,0.0,0.0,0.0
PHASE 2,375,300800,300,1314.3254786005061,774.1536754792868,1931.8145796698323,328.78340859375055,325.2882067708338,82.53173290449405,0.32142857142857145,0.3928571428571429,0.0
PHASE 2,376,301600,300,1314.3254786005061,774.1536754792868,1931.8145796698323,328.78340859375055,325.2882067708338,82.53173290449405,0.3128571428571429,0.3728571428571429,0.0
PHASE 2,377,302400,300,1314.3254786005061,774.1536754792868,1931.8145796698323,328.78340859375055,325.2882067708338,82.53173290449405,0.31428571428571433,0.4742857142857143,0.0
PHASE 2,378,303200,300,1314.3254786005061,774.1536754792868,1931.8145796698323,328.78340859375055,325.2882067708338,82.53173290449405,0.35857142857142865,0.4114285714285715,0.0
PHASE 2,379,304000,304,1331.1822453296038,774.1536754792868,1931.8145796698323,335.9795575520839,327.4868098958338,83.46448473521505,0.0,0.0,0.0
PHASE 2,380,304800,304,1331.1822453296038,774.1536754792868,1931.8145796698323,335.9795575520838,327.48680989583386,83.46448473521502,0.39857142857142863,0.4628571428571428,0.0
PHASE 2,381,305600,304,1331.1822453296038,774.1536754792868,1931.8145796698323,335.9795575520838,327.48680989583386,83.46448473521502,0.3985714285714286,0.4557142857142857,0.0
PHASE 2,382,306400,304,1331.1822453296038,774.1536754792868,1931.8145796698323,335.9795575520838,327.48680989583386,83.46448473521502,0.37142857142857144,0.39571428571428574,0.0
PHASE 2,383,307200,304,1331.1822453296038,774.1536754792868,1931.8145796698323,335.9795575520838,327.48680989583386,83.46448473521502,0.38428571428571434,0.45999999999999996,0.0
PHASE 2,384,308000,308,1346.6300253047093,846.7956595620781,1931.8145796698323,342.42923828125043,329.16734739583376,84.37917995345764,0.0,0.0,0.0
PHASE 2,385,308800,308,1346.630025304709,846.7956595620781,1931.8145796698323,342.4292382812505,329.1673473958339,84.37917995345764,0.40428571428571425,0.4514285714285714,0.0
PHASE 2,386,309600,308,1346.630025304709,846.7956595620781,1931.8145796698323,342.4292382812505,329.1673473958339,84.37917995345764,0.4357142857142858,0.3514285714285714,0.0
PHASE 2,387,310400,308,1346.630025304709,846.7956595620781,1931.8145796698323,342.4292382812505,329.1673473958339,84.37917995345764,0.40428571428571425,0.5199999999999999,0.0
PHASE 2,388,311200,308,1346.630025304709,846.7956595620781,1931.8145796698323,342.4292382812505,329.1673473958339,84.37917995345764,0.3542857142857143,0.33428571428571435,0.0
PHASE 2,389,312000,312,1351.9202912690241,846.7956595620781,1931.8145796698323,343.55057369791723,330.73276380208387,84.70461922113256,0.0,0.0,0.0
PHASE 2,390,312800,312,1351.9202912690243,846.7956595620781,1931.8145796698323,343.5505736979171,330.7327638020838,84.70461922113256,0.41000000000000003,0.42857142857142866,0.0
PHASE 2,391,313600,312,1351.9202912690243,846.7956595620781,1931.8145796698323,343.5505736979171,330.7327638020838,84.70461922113256,0.36857142857142855,0.3457142857142857,0.0
PHASE 2,392,314400,312,1351.9202912690243,846.7956595620781,1931.8145796698323,343.5505736979171,330.7327638020838,84.70461922113256,0.3571428571428571,0.44000000000000006,0.0
PHASE 2,393,315200,312,1351.9202912690243,846.7956595620781,1931.8145796698323,343.5505736979171,330.7327638020838,84.70461922113256,0.3985714285714286,0.39,0.0
PHASE 2,394,316000,316,1360.6426587134713,846.7956595620781,1931.8145796698323,346.0852955729172,334.00360807291713,85.0692193834595,0.0,0.0,0.0
PHASE 2,395,316800,316,1360.6426587134713,846.7956595620781,1931.8145796698323,346.0852955729171,334.00360807291713,85.0692193834595,0.4714285714285714,0.3828571428571429,0.0
PHASE 2,396,317600,316,1360.6426587134713,846.7956595620781,1931.8145796698323,346.0852955729171,334.00360807291713,85.0692193834595,0.4014285714285714,0.4257142857142858,0.0
PHASE 2,397,318400,316,1360.6426587134713,846.7956595620781,1931.8145796698323,346.0852955729171,334.00360807291713,85.0692193834595,0.3628571428571429,0.42000000000000004,0.0
PHASE 2,398,319200,316,1360.6426587134713,846.7956595620781,1931.8145796698323,346.0852955729171,334.00360807291713,85.0692193834595,0.3642857142857143,0.42857142857142866,0.0
PHASE 2,399,320000,320,1371.88455343768,854.0405839919833,1931.8145796698323,350.0884018229172,337.0934377604171,85.58783923179838,0.0,0.0,0.0
PHASE 2,400,320800,320,1371.8845534376794,854.0405839919833,1931.8145796698323,350.08840182291715,337.0934377604171,85.58783923179837,0.4771428571428572,0.42142857142857143,0.0
PHASE 2,401,321600,320,1371.8845534376794,854.0405839919833,1931.8145796698323,350.08840182291715,337.0934377604171,85.58783923179837,0.3871428571428571,0.40285714285714286,0.0
PHASE 2,402,322400,320,1371.8845534376794,854.0405839919833,1931.8145796698323,350.08840182291715,337.0934377604171,85.58783923179837,0.3371428571428572,0.4142857142857143,0.0
PHASE 2,403,323200,320,1371.8845534376794,854.0405839919833,1931.8145796698323,350.08840182291715,337.0934377604171,85.58783923179837,0.4114285714285715,0.3571428571428572,0.0
PHASE 2,404,324000,324,1393.4407106068195,959.2754336047047,1931.8145796698323,357.17358828125043,341.85986067708376,86.8009077060663,0.0,0.0,0.0
PHASE 2,405,324800,324,1393.4407106068197,959.2754336047047,1931.8145796698323,357.17358828125043,341.8598606770839,86.8009077060663,0.43714285714285717,0.4142857142857143,0.0
PHASE 2,406,325600,324,1393.4407106068197,959.2754336047047,1931.8145796698323,357.17358828125043,341.8598606770839,86.8009077060663,0.39,0.4200000000000001,0.0
PHASE 2,407,326400,324,1393.4407106068197,959.2754336047047,1931.8145796698323,357.17358828125043,341.8598606770839,86.8009077060663,0.42714285714285716,0.3285714285714286,0.0
PHASE 2,408,327200,324,1393.4407106068197,959.2754336047047,1931.8145796698323,357.17358828125043,341.8598606770839,86.8009077060663,0.36857142857142855,0.4514285714285714,0.0
PHASE 2,409,328000,328,1397.519641136317,959.2754336047047,1931.8145796698323,356.4849393229171,345.58165963541717,86.93163027225343,0.0,0.0,0.0
PHASE 2,410,328800,328,1397.5196411363172,959.2754336047047,1931.8145796698323,356.4849393229171,345.58165963541717,86.93163027225343,0.3314285714285714,0.43999999999999995,0.0
PHASE 2,411,329600,328,1397.5196411363172,959.2754336047047,1931.8145796698323,356.4849393229171,345.58165963541717,86.93163027225343,0.3614285714285715,0.4542857142857143,0.0
PHASE 2,412,330400,328,1397.5196411363172,959.2754336047047,1931.8145796698323,356.4849393229171,345.58165963541717,86.93163027225343,0.38285714285714284,0.38571428571428573,0.0
PHASE 2,413,331200,328,1397.5196411363172,959.2754336047047,1931.8145796698323,356.4849393229171,345.58165963541717,86.93163027225343,0.4342857142857143,0.3857142857142857,0.0
PHASE 2,414,332000,332,1403.9628800488663,959.2754336047047,1931.8145796698323,359.33781848958375,347.6869846354171,87.11725961548895,0.0,0.0,0.0
PHASE 2,415,332800,332,1403.9628800488663,959.2754336047047,1931.8145796698323,359.33781848958375,347.6869846354171,87.11725961548895,0.43714285714285717,0.49000000000000005,0.0
PHASE 2,416,333600,332,1403.9628800488663,959.2754336047047,1931.8145796698323,359.33781848958375,347.6869846354171,87.11725961548895,0.3542857142857143,0.3785714285714286,0.0
PHASE 2,417,334400,332,1403.9628800488663,959.2754336047047,1931.8145796698323,359.33781848958375,347.6869846354171,87.11725961548895,0.42428571428571427,0.4557142857142858,0.0
PHASE 2,418,335200,332,1403.9628800488663,959.2754336047047,1931.8145796698323,359.33781848958375,347.6869846354171,87.11725961548895,0.3328571428571429,0.3871428571428571,0.0
PHASE 2,419,336000,336,1415.7595539739073,959.2754336047047,1931.8145796698323,362.05596744791706,352.3109802083337,87.6740757897129,0.0,0.0,0.0
PHASE 2,420,336800,336,1415.7595539739077,959.2754336047047,1931.8145796698323,362.05596744791706,352.3109802083338,87.67407578971287,0.4757142857142858,0.3928571428571429,0.0
PHASE 2,421,337600,336,1415.7595539739077,959.2754336047047,1931.8145796698323,362.05596744791706,352.3109802083338,87.67407578971287,0.32142857142857145,0.4028571428571429,0.0
PHASE 2,422,338400,336,1415.7595539739077,959.2754336047047,1931.8145796698323,362.05596744791706,352.3109802083338,87.67407578971287,0.43,0.4228571428571429,0.0
PHASE 2,423,339200,336,1415.7595539739077,959.2754336047047,1931.8145796698323,362.05596744791706,352.3109802083338,87.67407578971287,0.5114285714285713,0.44285714285714295,0.0
PHASE 2,424,340000,340,1418.4813684644748,959.2754336047047,1931.8145796698323,364.30528645833374,352.11203645833376,87.75800569348185,0.0,0.0,0.0
PHASE 2,425,340800,340,1418.4813684644746,959.2754336047047,1931.8145796698323,364.30528645833385,352.11203645833376,87.75800569348186,0.3828571428571429,0.4585714285714285,0.0
PHASE 2,426,341600,340,1418.4813684644746,959.2754336047047,1931.8145796698323,364.30528645833385,352.11203645833376,87.75800569348186,0.472857142857143,0.3728571428571429,0.0
PHASE 2,427,342400,340,1418.4813684644746,959.2754336047047,1931.8145796698323,364.30528645833385,352.11203645833376,87.75800569348186,0.33,0.44142857142857145,0.0
PHASE 2,428,343200,340,1418.4813684644746,959.2754336047047,1931.8145796698323,364.30528645833385,352.11203645833376,87.75800569348186,0.4028571428571429,0.39571428571428574,0.0
PHASE 2,429,344000,344,1429.4113685549885,959.2754336047047,1931.8145796698323,366.84863333333385,356.9278096354171,88.20436569828578,0.0,0.0,0.0
PHASE 2,430,344800,344,1429.4113685549885,959.2754336047047,1931.8145796698323,366.84863333333374,356.927809635417,88.20436569828577,0.42142857142857154,0.42285714285714276,0.0
PHASE 2,431,345600,344,1429.4113685549885,959.2754336047047,1931.8145796698323,366.84863333333374,356.927809635417,88.20436569828577,0.3814285714285714,0.43571428571428567,0.0
PHASE 2,432,346400,344,1429.4113685549885,959.2754336047047,1931.8145796698323,366.84863333333374,356.927809635417,88.20436569828577,0.4314285714285715,0.3328571428571429,0.0
PHASE 2,433,347200,344,1429.4113685549885,959.2754336047047,1931.8145796698323,366.84863333333374,356.927809635417,88.20436569828577,0.3685714285714286,0.34714285714285714,0.0
PHASE 2,434,348000,348,1418.816969195412,787.0488685387551,1931.8145796698323,364.32625208333366,353.521800260417,87.62111460646351,0.0,0.0,0.0
PHASE 2,435,348800,348,1418.8169691954122,787.0488685387551,1931.8145796698323,364.32625208333377,353.521800260417,87.62111460646352,0.41571428571428576,0.4557142857142857,0.0
PHASE 2,436,349600,348,1418.8169691954122,787.0488685387551,1931.8145796698323,364.32625208333377,353.521800260417,87.62111460646352,0.49142857142857144,0.3742857142857143,0.0
PHASE 2,437,350400,348,1418.8169691954122,787.0488685387551,1931.8145796698323,364.32625208333377,353.521800260417,87.62111460646352,0.4842857142857143,0.4814285714285715,0.0
PHASE 2,438,351200,348,1418.8169691954122,787.0488685387551,1931.8145796698323,364.32625208333377,353.521800260417,87.62111460646352,0.3442857142857143,0.4128571428571429,0.0
PHASE 2,439,352000,352,1416.8455648331362,787.0488685387551,1931.8145796698323,364.0479593750004,354.02887734375037,87.34609101430408,0.0,0.0,0.0
PHASE 2,440,352800,352,1416.8455648331358,787.0488685387551,1931.8145796698323,364.04795937500035,354.0288773437504,87.34609101430408,0.36714285714285716,0.4128571428571428,0.0
PHASE 2,441,353600,352,1416.8455648331358,787.0488685387551,1931.8145796698323,364.04795937500035,354.0288773437504,87.34609101430408,0.4000000000000001,0.3157142857142857,0.0
PHASE 2,442,354400,352,1416.8455648331358,787.0488685387551,1931.8145796698323,364.04795937500035,354.0288773437504,87.34609101430408,0.3942857142857143,0.3685714285714286,0.0
PHASE 2,443,355200,352,1416.8455648331358,787.0488685387551,1931.8145796698323,364.04795937500035,354.0288773437504,87.34609101430408,0.39714285714285713,0.33714285714285713,0.0
PHASE 2,444,356000,356,1406.0436258385193,787.0488685387551,1931.8145796698323,362.3553750000003,349.70205130208376,86.74827494206022,0.0,0.0,0.0
PHASE 2,445,356800,356,1406.0436258385193,787.0488685387551,1931.8145796698323,362.35537500000027,349.70205130208365,86.74827494206023,0.4671428571428572,0.3442857142857143,0.0
PHASE 2,446,357600,356,1406.0436258385193,787.0488685387551,1931.8145796698323,362.35537500000027,349.70205130208365,86.74827494206023,0.3757142857142858,0.3642857142857143,0.0
PHASE 2,447,358400,356,1406.0436258385193,787.0488685387551,1931.8145796698323,362.35537500000027,349.70205130208365,86.74827494206023,0.4114285714285715,0.4585714285714285,0.0
PHASE 2,448,359200,356,1406.0436258385193,787.0488685387551,1931.8145796698323,362.35537500000027,349.70205130208365,86.74827494206023,0.4585714285714285,0.40428571428571436,0.0
PHASE 2,449,360000,360,1405.6040569822155,787.0488685387551,1811.2411501769566,363.34156536458363,348.3495867187503,86.73911311236603,0.0,0.0,0.0
PHASE 2,450,360800,360,1405.6040569822153,787.0488685387551,1811.2411501769566,363.34156536458374,348.34958671875034,86.73911311236601,0.41571428571428576,0.43428571428571433,0.0
PHASE 2,451,361600,360,1405.6040569822153,787.0488685387551,1811.2411501769566,363.34156536458374,348.34958671875034,86.73911311236601,0.4371428571428571,0.4314285714285714,0.0
PHASE 2,452,362400,360,1405.6040569822153,787.0488685387551,1811.2411501769566,363.34156536458374,348.34958671875034,86.73911311236601,0.32285714285714284,0.39142857142857146,0.0
PHASE 2,453,363200,360,1405.6040569822153,787.0488685387551,1811.2411501769566,363.34156536458374,348.34958671875034,86.73911311236601,0.45285714285714285,0.31714285714285717,0.0
PHASE 2,454,364000,364,1402.9741210872487,787.0488685387551,1811.2411501769566,362.3321007812504,348.01148567708367,86.57881682862013,0.0,0.0,0.0
PHASE 2,455,364800,364,1402.9741210872487,787.0488685387551,1811.2411501769566,362.33210078125035,348.0114856770838,86.57881682862015,0.35,0.40857142857142853,0.0
PHASE 2,456,365600,364,1402.9741210872487,787.0488685387551,1811.2411501769566,362.33210078125035,348.0114856770838,86.57881682862015,0.49857142857142867,0.3242857142857143,0.0
PHASE 2,457,366400,364,1402.9741210872487,787.0488685387551,1811.2411501769566,362.33210078125035,348.0114856770838,86.57881682862015,0.4800000000000001,0.43285714285714294,0.0
PHASE 2,458,367200,364,1402.9741210872487,787.0488685387551,1811.2411501769566,362.33210078125035,348.0114856770838,86.57881682862015,0.43285714285714283,0.37714285714285717,0.0
PHASE 2,459,368000,368,1410.8471038245088,787.0488685387551,1990.226166440833,363.86282890625034,351.6150223958337,86.92115656530892,0.0,0.0,0.0
PHASE 2,460,368800,368,1410.8471038245088,787.0488685387551,1990.226166440833,363.8628289062505,351.6150223958337,86.92115656530892,0.3857142857142858,0.3642857142857143,0.0
PHASE 2,461,369600,368,1410.8471038245088,787.0488685387551,1990.226166440833,363.8628289062505,351.6150223958337,86.92115656530892,0.3500000000000001,0.3928571428571429,0.0
PHASE 2,462,370400,368,1410.8471038245088,787.0488685387551,1990.226166440833,363.8628289062505,351.6150223958337,86.92115656530892,0.37,0.39,0.0
PHASE 2,463,371200,368,1410.8471038245088,787.0488685387551,1990.226166440833,363.8628289062505,351.6150223958337,86.92115656530892,0.3871428571428571,0.35714285714285715,0.0
PHASE 2,464,372000,372,1408.8279877341258,787.0488685387551,1990.226166440833,362.89664609375046,350.9618317708337,86.8711887336985,0.0,0.0,0.0
PHASE 2,465,372800,372,1408.8279877341256,787.0488685387551,1990.226166440833,362.89664609375046,350.9618317708337,86.8711887336985,0.2942857142857143,0.4471428571428572,0.0
PHASE 2,466,373600,372,1408.8279877341256,787.0488685387551,1990.226166440833,362.89664609375046,350.9618317708337,86.8711887336985,0.30428571428571427,0.42857142857142855,0.0
PHASE 2,467,374400,372,1408.8279877341256,787.0488685387551,1990.226166440833,362.89664609375046,350.9618317708337,86.8711887336985,0.34571428571428575,0.5342857142857144,0.0
PHASE 2,468,375200,372,1408.8279877341256,787.0488685387551,1990.226166440833,362.89664609375046,350.9618317708337,86.8711887336985,0.4514285714285714,0.39857142857142863,0.0
PHASE 2,469,376000,376,1413.211544796078,787.0488685387551,1990.226166440833,364.60325963541703,352.5818494791671,87.00330446019252,0.0,0.0,0.0
PHASE 2,470,376800,376,1413.211544796078,787.0488685387551,1990.226166440833,364.60325963541703,352.581849479167,87.00330446019255,0.3928571428571429,0.38,0.0
PHASE 2,471,377600,376,1413.211544796078,787.0488685387551,1990.226166440833,364.60325963541703,352.581849479167,87.00330446019255,0.40428571428571436,0.33285714285714285,0.0
PHASE 2,472,378400,376,1413.211544796078,787.0488685387551,1990.226166440833,364.60325963541703,352.581849479167,87.00330446019255,0.3,0.46142857142857147,0.0
PHASE 2,473,379200,376,1413.211544796078,787.0488685387551,1990.226166440833,364.60325963541703,352.581849479167,87.00330446019255,0.3642857142857143,0.4771428571428572,0.0
PHASE 2,474,380000,380,1420.9911595252624,787.0488685387551,1990.226166440833,368.0779234375004,352.94562968750034,87.49595080003866,0.0,0.0,0.0
PHASE 2,475,380800,380,1420.9911595252622,787.0488685387551,1990.226166440833,368.07792343750043,352.9456296875004,87.49595080003866,0.41571428571428576,0.3285714285714286,0.0
PHASE 2,476,381600,380,1420.9911595252622,787.0488685387551,1990.226166440833,368.07792343750043,352.9456296875004,87.49595080003866,0.43000000000000005,0.43285714285714294,0.0
PHASE 2,477,382400,380,1420.9911595252622,787.0488685387551,1990.226166440833,368.07792343750043,352.9456296875004,87.49595080003866,0.35571428571428576,0.39714285714285713,0.0
PHASE 2,478,383200,380,1420.9911595252622,787.0488685387551,1990.226166440833,368.07792343750043,352.9456296875004,87.49595080003866,0.4385714285714285,0.4428571428571429,0.0
PHASE 2,479,384000,384,1420.4984068592985,787.0488685387551,1990.226166440833,366.99559010416704,353.88535885416707,87.4521822376264,0.0,0.0,0.0
PHASE 2,480,384800,384,1420.4984068592985,787.0488685387551,1990.226166440833,366.9955901041672,353.88535885416707,87.45218223762639,0.41,0.47714285714285715,0.0
PHASE 2,481,385600,384,1420.4984068592985,787.0488685387551,1990.226166440833,366.9955901041672,353.88535885416707,87.45218223762639,0.4128571428571429,0.36,0.0
PHASE 2,482,386400,384,1420.4984068592985,787.0488685387551,1990.226166440833,366.9955901041672,353.88535885416707,87.45218223762639,0.4471428571428572,0.3742857142857143,0.0
PHASE 2,483,387200,384,1420.4984068592985,787.0488685387551,1990.226166440833,366.9955901041672,353.88535885416707,87.45218223762639,0.46571428571428575,0.37,0.0
PHASE 2,484,388000,388,1422.54938167578,787.0488685387551,1990.226166440833,365.92576276041723,356.17197760416707,87.55645516390534,0.0,0.0,0.0
PHASE 2,485,388800,388,1422.54938167578,787.0488685387551,1990.226166440833,365.92576276041723,356.1719776041671,87.55645516390534,0.3314285714285714,0.3714285714285715,0.0
PHASE 2,486,389600,388,1422.54938167578,787.0488685387551,1990.226166440833,365.92576276041723,356.1719776041671,87.55645516390534,0.40428571428571425,0.40285714285714286,0.0
PHASE 2,487,390400,388,1422.54938167578,787.0488685387551,1990.226166440833,365.92576276041723,356.1719776041671,87.55645516390534,0.44571428571428573,0.38428571428571434,0.0
PHASE 2,488,391200,388,1422.54938167578,787.0488685387551,1990.226166440833,365.92576276041723,356.1719776041671,87.55645516390534,0.4414285714285714,0.3342857142857143,0.0
PHASE 2,489,392000,392,1420.8090724544484,787.0488685387551,1990.226166440833,363.7482565104172,358.0087096354171,87.3815132885824,0.0,0.0,0.0
PHASE 2,490,392800,392,1420.8090724544481,787.0488685387551,1990.226166440833,363.74825651041715,358.0087096354171,87.3815132885824,0.38428571428571434,0.33142857142857146,0.0
PHASE 2,491,393600,392,1420.8090724544481,787.0488685387551,1990.226166440833,363.74825651041715,358.0087096354171,87.3815132885824,0.42428571428571427,0.3342857142857143,0.0
PHASE 2,492,394400,392,1420.8090724544481,787.0488685387551,1990.226166440833,363.74825651041715,358.0087096354171,87.3815132885824,0.37,0.3371428571428572,0.0
PHASE 2,493,395200,392,1420.8090724544481,787.0488685387551,1990.226166440833,363.74825651041715,358.0087096354171,87.3815132885824,0.4071428571428572,0.37714285714285717,0.0
PHASE 2,494,396000,396,1430.5539981124134,787.0488685387551,1990.226166440833,364.31140859375046,362.18373567708375,88.00735673020341,0.0,0.0,0.0
PHASE 2,495,396800,396,1430.5539981124139,787.0488685387551,1990.226166440833,364.31140859375046,362.18373567708363,88.00735673020341,0.4185714285714286,0.3271428571428571,0.0
PHASE 2,496,397600,396,1430.5539981124139,787.0488685387551,1990.226166440833,364.31140859375046,362.18373567708363,88.00735673020341,0.5214285714285715,0.42857142857142855,0.0
PHASE 2,497,398400,396,1430.5539981124139,787.0488685387551,1990.226166440833,364.31140859375046,362.18373567708363,88.00735673020341,0.40285714285714286,0.43571428571428567,0.0
PHASE 2,498,399200,396,1430.5539981124139,787.0488685387551,1990.226166440833,364.31140859375046,362.18373567708363,88.00735673020341,0.45000000000000007,0.36571428571428577,0.0
PHASE 2,499,400000,400,1440.2353083655375,787.0488685387551,1990.226166440833,363.81958671875043,368.43462421875023,88.49763717851054,0.0,0.0,0.0
PHASE 2,500,400800,400,1440.2353083655378,787.0488685387551,1990.226166440833,363.8195867187505,368.4346242187504,88.49763717851054,0.40428571428571425,0.5185714285714285,0.0
PHASE 2,501,401600,400,1440.2353083655378,787.0488685387551,1990.226166440833,363.8195867187505,368.4346242187504,88.49763717851054,0.39,0.46142857142857147,0.0
PHASE 2,502,402400,400,1440.2353083655378,787.0488685387551,1990.226166440833,363.8195867187505,368.4346242187504,88.49763717851054,0.44857142857142857,0.4514285714285714,0.0
PHASE 2,503,403200,400,1440.2353083655378,787.0488685387551,1990.226166440833,363.8195867187505,368.4346242187504,88.49763717851054,0.42857142857142855,0.4428571428571429,0.0
PHASE 2,504,404000,404,1450.0225183804212,787.0488685387551,1990.226166440833,365.1000398437505,372.3489940104171,89.07168556578779,0.0,0.0,0.0
PHASE 2,505,404800,404,1450.0225183804207,787.0488685387551,1990.226166440833,365.1000398437505,372.3489940104171,89.07168556578782,0.42857142857142855,0.4642857142857143,0.0
PHASE 2,506,405600,404,1450.0225183804207,787.0488685387551,1990.226166440833,365.1000398437505,372.3489940104171,89.07168556578782,0.46571428571428575,0.32857142857142857,0.0
PHASE 2,507,406400,404,1450.0225183804207,787.0488685387551,1990.226166440833,365.1000398437505,372.3489940104171,89.07168556578782,0.3757142857142858,0.4128571428571429,0.0
PHASE 2,508,407200,404,1450.0225183804207,787.0488685387551,1990.226166440833,365.1000398437505,372.3489940104171,89.07168556578782,0.38857142857142857,0.44857142857142857,0.0
PHASE 2,509,408000,408,1452.8646917642393,787.0488685387551,1990.226166440833,363.1678872395837,375.8146106770837,89.23527423095257,0.0,0.0,0.0
PHASE 2,510,408800,408,1452.8646917642398,787.0488685387551,1990.226166440833,363.1678872395837,375.8146106770837,89.23527423095257,0.3871428571428572,0.4642857142857143,0.0
PHASE 2,511,409600,408,1452.8646917642398,787.0488685387551,1990.226166440833,363.1678872395837,375.8146106770837,89.23527423095257,0.39142857142857146,0.4028571428571429,0.0
PHASE 2,512,410400,408,1452.8646917642398,787.0488685387551,1990.226166440833,363.1678872395837,375.8146106770837,89.23527423095257,0.4114285714285715,0.42142857142857143,0.0
PHASE 2,513,411200,408,1452.8646917642398,787.0488685387551,1990.226166440833,363.1678872395837,375.8146106770837,89.23527423095257,0.45285714285714285,0.44000000000000006,0.0
PHASE 2,514,412000,412,1450.055777111103,787.0488685387551,1990.226166440833,362.5925593750004,375.147694010417,89.03944046571686,0.0,0.0,0.0
PHASE 2,515,412800,412,1450.055777111103,787.0488685387551,1990.226166440833,362.59255937500035,375.147694010417,89.03944046571686,0.44000000000000006,0.44142857142857145,0.0
PHASE 2,516,413600,412,1450.055777111103,787.0488685387551,1990.226166440833,362.59255937500035,375.147694010417,89.03944046571686,0.49714285714285716,0.4185714285714286,0.0
PHASE 2,517,414400,412,1450.055777111103,787.0488685387551,1990.226166440833,362.59255937500035,375.147694010417,89.03944046571686,0.41571428571428576,0.38857142857142857,0.0
PHASE 2,518,415200,412,1450.055777111103,787.0488685387551,1990.226166440833,362.59255937500035,375.147694010417,89.03944046571686,0.3614285714285714,0.42000000000000004,0.0
PHASE 2,519,416000,416,1456.4193487169332,787.0488685387551,1990.226166440833,362.0162822916671,378.2307187500004,89.52154345941443,0.0,0.0,0.0
PHASE 2,520,416800,416,1456.4193487169332,787.0488685387551,1990.226166440833,362.0162822916671,378.2307187500004,89.5215434594144,0.38142857142857145,0.4671428571428572,0.0
PHASE 2,521,417600,416,1456.4193487169332,787.0488685387551,1990.226166440833,362.0162822916671,378.2307187500004,89.5215434594144,0.4028571428571429,0.36714285714285716,0.0
PHASE 2,522,418400,416,1456.4193487169332,787.0488685387551,1990.226166440833,362.0162822916671,378.2307187500004,89.5215434594144,0.42857142857142855,0.3785714285714286,0.0
PHASE 2,523,419200,416,1456.4193487169332,787.0488685387551,1990.226166440833,362.0162822916671,378.2307187500004,89.5215434594144,0.40857142857142864,0.38,0.0
PHASE 2,524,420000,420,1456.2340664818653,787.0488685387551,1990.226166440833,360.23819375000045,379.8980197916672,89.51223161753089,0.0,0.0,0.0
PHASE 2,525,420800,420,1456.2340664818655,787.0488685387551,1990.226166440833,360.23819375000045,379.898019791667,89.5122316175309,0.3514285714285715,0.49714285714285716,0.0
PHASE 2,526,421600,420,1456.2340664818655,787.0488685387551,1990.226166440833,360.23819375000045,379.898019791667,89.5122316175309,0.33571428571428574,0.3842857142857143,0.0
PHASE 2,527,422400,420,1456.2340664818655,787.0488685387551,1990.226166440833,360.23819375000045,379.898019791667,89.5122316175309,0.3514285714285714,0.41714285714285726,0.0
PHASE 2,528,423200,420,1456.2340664818655,787.0488685387551,1990.226166440833,360.23819375000045,379.898019791667,89.5122316175309,0.4228571428571429,0.45857142857142863,0.0
PHASE 2,529,424000,424,1453.2057966076304,787.0488685387551,1990.226166440833,359.53472916666703,378.4461640625003,89.40311292231407,0.0,0.0,0.0
PHASE 2,530,424800,424,1453.20579660763,787.0488685387551,1990.226166440833,359.53472916666703,378.4461640625004,89.40311292231407,0.3628571428571429,0.41428571428571426,0.0
PHASE 2,531,425600,424,1453.20579660763,787.0488685387551,1990.226166440833,359.53472916666703,378.4461640625004,89.40311292231407,0.3985714285714286,0.44142857142857145,0.0
PHASE 2,532,426400,424,1453.20579660763,787.0488685387551,1990.226166440833,359.53472916666703,378.4461640625004,89.40311292231407,0.40857142857142853,0.4314285714285715,0.0
PHASE 2,533,427200,424,1453.20579660763,787.0488685387551,1990.226166440833,359.53472916666703,378.4461640625004,89.40311292231407,0.42428571428571427,0.39571428571428574,0.0
PHASE 2,534,428000,428,1453.2122428711928,787.0488685387551,1990.226166440833,360.71147187500037,376.9300013020838,89.44634621176985,0.0,0.0,0.0
PHASE 2,535,428800,428,1453.2122428711925,787.0488685387551,1990.226166440833,360.7114718750004,376.93000130208367,89.44634621176985,0.4442857142857143,0.3985714285714286,0.0
PHASE 2,536,429600,428,1453.2122428711925,787.0488685387551,1990.226166440833,360.7114718750004,376.93000130208367,89.44634621176985,0.40857142857142864,0.41714285714285726,0.0
PHASE 2,537,430400,428,1453.2122428711925,787.0488685387551,1990.226166440833,360.7114718750004,376.93000130208367,89.44634621176985,0.41,0.4314285714285714,0.0
PHASE 2,538,431200,428,1453.2122428711925,787.0488685387551,1990.226166440833,360.7114718750004,376.93000130208367,89.44634621176985,0.3442857142857143,0.43714285714285717,0.0
PHASE 2,539,432000,432,1459.0567746132679,787.0488685387551,1990.226166440833,362.28093750000045,377.75043984375037,89.8781746586959,0.0,0.0,0.0
PHASE 2,540,432800,432,1459.0567746132683,787.0488685387551,1990.226166440833,362.2809375000004,377.7504398437504,89.8781746586959,0.40285714285714286,0.3371428571428572,0.0
PHASE 2,541,433600,432,1459.0567746132683,787.0488685387551,1990.226166440833,362.2809375000004,377.7504398437504,89.8781746586959,0.2928571428571428,0.4185714285714286,0.0
PHASE 2,542,434400,432,1459.0567746132683,787.0488685387551,1990.226166440833,362.2809375000004,377.7504398437504,89.8781746586959,0.36714285714285716,0.38142857142857145,0.0
PHASE 2,543,435200,432,1459.0567746132683,787.0488685387551,1990.226166440833,362.2809375000004,377.7504398437504,89.8781746586959,0.40285714285714286,0.4600000000000001,0.0
PHASE 2,544,436000,436,1457.199104623351,787.0488685387551,1990.226166440833,363.0650770833337,375.20783385416706,89.86577421073758,0.0,0.0,0.0
PHASE 2,545,436800,436,1457.1991046233506,787.0488685387551,1990.226166440833,363.06507708333373,375.20783385416706,89.86577421073758,0.38,0.36000000000000004,0.0
PHASE 2,546,437600,436,1457.1991046233506,787.0488685387551,1990.226166440833,363.06507708333373,375.20783385416706,89.86577421073758,0.3628571428571429,0.3514285714285715,0.0
PHASE 2,547,438400,436,1457.1991046233506,787.0488685387551,1990.226166440833,363.06507708333373,375.20783385416706,89.86577421073758,0.41571428571428576,0.3942857142857143,0.0
PHASE 2,548,439200,436,1457.1991046233506,787.0488685387551,1990.226166440833,363.06507708333373,375.20783385416706,89.86577421073758,0.45857142857142863,0.42285714285714293,0.0
PHASE 2,549,440000,440,1462.6220720430822,787.0488685387551,1990.226166440833,364.0565052083337,376.9871088541671,90.19730724757896,0.0,0.0,0.0
PHASE 2,550,440800,440,1462.6220720430827,787.0488685387551,1990.226166440833,364.0565052083338,376.987108854167,90.19730724757896,0.40714285714285714,0.37857142857142856,0.0
PHASE 2,551,441600,440,1462.6220720430827,787.0488685387551,1990.226166440833,364.0565052083338,376.987108854167,90.19730724757896,0.3971428571428572,0.4228571428571429,0.0
PHASE 2,552,442400,440,1462.6220720430827,787.0488685387551,1990.226166440833,364.0565052083338,376.987108854167,90.19730724757896,0.3557142857142857,0.40428571428571425,0.0
PHASE 2,553,443200,440,1462.6220720430827,787.0488685387551,1990.226166440833,364.0565052083338,376.987108854167,90.19730724757896,0.42000000000000004,0.4357142857142858,0.0
PHASE 2,554,444000,444,1460.0112781352163,787.0488685387551,1990.226166440833,363.64767500000045,375.7222432291671,90.08016998826231,0.0,0.0,0.0
PHASE 2,555,444800,444,1460.011278135216,787.0488685387551,1990.226166440833,363.64767500000045,375.7222432291671,90.0801699882623,0.3928571428571429,0.43285714285714294,0.0
PHASE 2,556,445600,444,1460.011278135216,787.0488685387551,1990.226166440833,363.64767500000045,375.7222432291671,90.0801699882623,0.34285714285714286,0.3642857142857143,0.0
PHASE 2,557,446400,444,1460.011278135216,787.0488685387551,1990.226166440833,363.64767500000045,375.7222432291671,90.0801699882623,0.40428571428571425,0.5000000000000001,0.0
PHASE 2,558,447200,444,1460.011278135216,787.0488685387551,1990.226166440833,363.64767500000045,375.7222432291671,90.0801699882623,0.3457142857142857,0.3957142857142858,0.0
PHASE 2,559,448000,448,1478.0949916017928,976.3837254689734,1990.226166440833,368.07191562500043,380.92534218750035,91.13721672366802,0.0,0.0,0.0
PHASE 2,560,448800,448,1478.0949916017926,976.3837254689734,1990.226166440833,368.0719156250003,380.9253421875003,91.13721672366802,0.3242857142857144,0.4685714285714286,0.0
PHASE 2,561,449600,448,1478.0949916017926,976.3837254689734,1990.226166440833,368.0719156250003,380.9253421875003,91.13721672366802,0.37,0.3928571428571429,0.0
PHASE 2,562,450400,448,1478.0949916017926,976.3837254689734,1990.226166440833,368.0719156250003,380.9253421875003,91.13721672366802,0.39714285714285713,0.26857142857142857,0.0
PHASE 2,563,451200,448,1478.0949916017926,976.3837254689734,1990.226166440833,368.0719156250003,380.9253421875003,91.13721672366802,0.34,0.4185714285714285,0.0
PHASE 2,564,452000,452,1495.9419197907523,1028.3150971681448,1990.226166440833,373.85007500000046,385.61886510416696,92.05912246082978,0.0,0.0,0.0
PHASE 2,565,452800,452,1495.9419197907523,1028.3150971681448,1990.226166440833,373.85007500000046,385.6188651041671,92.0591224608298,0.47714285714285704,0.42857142857142855,0.0
PHASE 2,566,453600,452,1495.9419197907523,1028.3150971681448,1990.226166440833,373.85007500000046,385.6188651041671,92.0591224608298,0.2671428571428572,0.41571428571428576,0.0
PHASE 2,567,454400,452,1495.9419197907523,1028.3150971681448,1990.226166440833,373.85007500000046,385.6188651041671,92.0591224608298,0.33571428571428574,0.3742857142857143,0.0
PHASE 2,568,455200,452,1495.9419197907523,1028.3150971681448,1990.226166440833,373.85007500000046,385.6188651041671,92.0591224608298,0.4614285714285714,0.4142857142857143,0.0
PHASE 2,569,456000,456,1504.2896930494517,1029.1393756926182,1990.226166440833,376.8209937500004,387.4727348958338,92.49949555045903,0.0,0.0,0.0
PHASE 2,570,456800,456,1504.2896930494521,1029.1393756926182,1990.226166440833,376.82099375000035,387.4727348958337,92.49949555045903,0.40857142857142864,0.47428571428571437,0.0
PHASE 2,571,457600,456,1504.2896930494521,1029.1393756926182,1990.226166440833,376.82099375000035,387.4727348958337,92.49949555045903,0.4671428571428572,0.3628571428571429,0.0
PHASE 2,572,458400,456,1504.2896930494521,1029.1393756926182,1990.226166440833,376.82099375000035,387.4727348958337,92.49949555045903,0.35714285714285715,0.3185714285714286,0.0
PHASE 2,573,459200,456,1504.2896930494521,1029.1393756926182,1990.226166440833,376.82099375000035,387.4727348958337,92.49949555045903,0.45857142857142863,0.4128571428571428,0.0
PHASE 2,574,460000,460,1508.9354932613592,1029.1393756926182,1990.226166440833,378.03475859375044,389.5090463541671,92.6739610391871,0.0,0.0,0.0
PHASE 2,575,460800,460,1508.9354932613592,1029.1393756926182,1990.226166440833,378.0347585937504,389.5090463541671,92.67396103918709,0.4128571428571429,0.4314285714285715,0.0
PHASE 2,576,461600,460,1508.9354932613592,1029.1393756926182,1990.226166440833,378.0347585937504,389.5090463541671,92.67396103918709,0.44857142857142857,0.3728571428571429,0.0
PHASE 2,577,462400,460,1508.9354932613592,1029.1393756926182,1990.226166440833,378.0347585937504,389.5090463541671,92.67396103918709,0.43999999999999995,0.42857142857142866,0.0
PHASE 2,578,463200,460,1508.9354932613592,1029.1393756926182,1990.226166440833,378.0347585937504,389.5090463541671,92.67396103918709,0.46142857142857147,0.35714285714285715,0.0
PHASE 2,579,464000,464,1518.6731858554642,1029.1393756926182,1990.226166440833,381.20763463541704,392.40175364583376,93.13297469678375,0.0,0.0,0.0
PHASE 2,580,464800,464,1518.6731858554642,1029.1393756926182,1990.226166440833,381.20763463541715,392.40175364583365,93.13297469678375,0.4442857142857143,0.4228571428571429,0.0
PHASE 2,581,465600,464,1518.6731858554642,1029.1393756926182,1990.226166440833,381.20763463541715,392.40175364583365,93.13297469678375,0.44142857142857145,0.4185714285714286,0.0
PHASE 2,582,466400,464,1518.6731858554642,1029.1393756926182,1990.226166440833,381.20763463541715,392.40175364583365,93.13297469678375,0.4671428571428572,0.4700000000000001,0.0
PHASE 2,583,467200,464,1518.6731858554642,1029.1393756926182,1990.226166440833,381.20763463541715,392.40175364583365,93.13297469678375,0.39142857142857146,0.38428571428571434,0.0
PHASE 2,584,468000,468,1526.7631778110604,1029.1393756926182,1959.5697114291243,384.05495494791717,394.138153385417,93.57125868472303,0.0,0.0,0.0
PHASE 2,585,468800,468,1526.7631778110604,1029.1393756926182,1959.5697114291243,384.054954947917,394.1381533854171,93.57125868472303,0.4471428571428572,0.3785714285714286,0.0
PHASE 2,586,469600,468,1526.7631778110604,1029.1393756926182,1959.5697114291243,384.054954947917,394.1381533854171,93.57125868472303,0.4185714285714285,0.4314285714285715,0.0
PHASE 2,587,470400,468,1526.7631778110604,1029.1393756926182,1959.5697114291243,384.054954947917,394.1381533854171,93.57125868472303,0.3542857142857143,0.36857142857142855,0.0
PHASE 2,588,471200,468,1526.7631778110604,1029.1393756926182,1959.5697114291243,384.054954947917,394.1381533854171,93.57125868472303,0.3685714285714286,0.4357142857142858,0.0
PHASE 2,589,472000,472,1542.4911763815192,1029.1393756926182,1959.5697114291243,387.2848101562504,400.41516796875044,94.34889978207215,0.0,0.0,0.0
PHASE 2,590,472800,472,1542.491176381519,1029.1393756926182,1959.5697114291243,387.2848101562504,400.4151679687504,94.34889978207218,0.4557142857142858,0.4800000000000001,0.0
PHASE 2,591,473600,472,1542.491176381519,1029.1393756926182,1959.5697114291243,387.2848101562504,400.4151679687504,94.34889978207218,0.4185714285714286,0.45999999999999996,0.0
PHASE 2,592,474400,472,1542.491176381519,1029.1393756926182,1959.5697114291243,387.2848101562504,400.4151679687504,94.34889978207218,0.40857142857142853,0.4628571428571428,0.0
PHASE 2,593,475200,472,1542.491176381519,1029.1393756926182,1959.5697114291243,387.2848101562504,400.4151679687504,94.34889978207218,0.3785714285714286,0.3685714285714285,0.0
PHASE 2,594,476000,476,1538.8855782607363,1029.1393756926182,1959.5697114291243,386.0268528645837,399.66286067708376,94.14948308989104,0.0,0.0,0.0
PHASE 2,595,476800,476,1538.8855782607366,1029.1393756926182,1959.5697114291243,386.02685286458376,399.66286067708376,94.14948308989104,0.4471428571428572,0.41714285714285715,0.0
PHASE 2,596,477600,476,1538.8855782607366,1029.1393756926182,1959.5697114291243,386.02685286458376,399.66286067708376,94.14948308989104,0.4228571428571429,0.4671428571428572,0.0
PHASE 2,597,478400,476,1538.8855782607366,1029.1393756926182,1959.5697114291243,386.02685286458376,399.66286067708376,94.14948308989104,0.44142857142857145,0.40714285714285714,0.0
PHASE 2,598,479200,476,1538.8855782607366,1029.1393756926182,1959.5697114291243,386.02685286458376,399.66286067708376,94.14948308989104,0.42714285714285716,0.36,0.0
PHASE 2,599,480000,480,1549.6586903001523,1029.1393756926182,2143.4184270481774,388.37024843750044,404.29133776041715,94.62463801278686,0.0,0.0,0.0
PHASE 2,600,480800,480,1549.6586903001519,1029.1393756926182,2143.4184270481774,388.3702484375003,404.2913377604171,94.62463801278686,0.3757142857142858,0.39142857142857146,0.0
PHASE 2,601,481600,480,1549.6586903001519,1029.1393756926182,2143.4184270481774,388.3702484375003,404.2913377604171,94.62463801278686,0.41571428571428576,0.3585714285714286,0.0
PHASE 2,602,482400,480,1549.6586903001519,1029.1393756926182,2143.4184270481774,388.3702484375003,404.2913377604171,94.62463801278686,0.34285714285714286,0.4685714285714286,0.0
PHASE 2,603,483200,480,1549.6586903001519,1029.1393756926182,2143.4184270481774,388.3702484375003,404.2913377604171,94.62463801278686,0.4242857142857144,0.46428571428571425,0.0
PHASE 2,604,484000,484,1551.3601279056136,1029.1393756926182,2143.4184270481774,388.73563802083373,404.6244117187504,94.75000977076137,0.0,0.0,0.0
PHASE 2,605,484800,484,1551.3601279056138,1029.1393756926182,2143.4184270481774,388.7356380208338,404.6244117187504,94.75000977076135,0.4114285714285715,0.4957142857142857,0.0
PHASE 2,606,485600,484,1551.3601279056138,1029.1393756926182,2143.4184270481774,388.7356380208338,404.6244117187504,94.75000977076135,0.36428571428571427,0.4800000000000001,0.0
PHASE 2,607,486400,484,1551.3601279056138,1029.1393756926182,2143.4184270481774,388.7356380208338,404.6244117187504,94.75000977076135,0.35857142857142865,0.45714285714285713,0.0
PHASE 2,608,487200,484,1551.3601279056138,1029.1393756926182,2143.4184270481774,388.7356380208338,404.6244117187504,94.75000977076135,0.3814285714285714,0.3857142857142858,0.0
PHASE 2,609,488000,488,1562.7107008933701,1029.1393756926182,2143.4184270481774,393.93534947916714,405.66341901041704,95.38899155048108,0.0,0.0,0.0
PHASE 2,610,488800,488,1562.7107008933701,1029.1393756926182,2143.4184270481774,393.93534947916703,405.66341901041704,95.38899155048108,0.34142857142857147,0.46142857142857147,0.0
PHASE 2,611,489600,488,1562.7107008933701,1029.1393756926182,2143.4184270481774,393.93534947916703,405.66341901041704,95.38899155048108,0.41571428571428565,0.42857142857142855,0.0
PHASE 2,612,490400,488,1562.7107008933701,1029.1393756926182,2143.4184270481774,393.93534947916703,405.66341901041704,95.38899155048108,0.3742857142857143,0.3871428571428572,0.0
PHASE 2,613,491200,488,1562.7107008933701,1029.1393756926182,2143.4184270481774,393.93534947916703,405.66341901041704,95.38899155048108,0.4228571428571429,0.4271428571428572,0.0
PHASE 2,614,492000,492,1568.8829664557102,1029.1393756926182,2143.4184270481774,395.510339322917,407.4882890625003,95.73554225879467,0.0,0.0,0.0
PHASE 2,615,492800,492,1568.8829664557102,1029.1393756926182,2143.4184270481774,395.510339322917,407.4882890625003,95.73554225879465,0.4257142857142858,0.44857142857142857,0.0
PHASE 2,616,493600,492,1568.8829664557102,1029.1393756926182,2143.4184270481774,395.510339322917,407.4882890625003,95.73554225879465,0.3685714285714286,0.47285714285714286,0.0
PHASE 2,617,494400,492,1568.8829664557102,1029.1393756926182,2143.4184270481774,395.510339322917,407.4882890625003,95.73554225879465,0.45,0.4071428571428572,0.0
PHASE 2,618,495200,492,1568.8829664557102,1029.1393756926182,2143.4184270481774,395.510339322917,407.4882890625003,95.73554225879465,0.4257142857142857,0.44142857142857156,0.0
PHASE 2,619,496000,496,1564.1670539072113,1029.1393756926182,2143.4184270481774,395.04556223958366,406.85791197916706,95.28294746106552,0.0,0.0,0.0
PHASE 2,620,496800,496,1564.1670539072113,1029.1393756926182,2143.4184270481774,395.04556223958366,406.85791197916706,95.28294746106552,0.42000000000000004,0.41714285714285715,0.0
PHASE 2,621,497600,496,1564.1670539072113,1029.1393756926182,2143.4184270481774,395.04556223958366,406.85791197916706,95.28294746106552,0.38000000000000006,0.41142857142857137,0.0
PHASE 2,622,498400,496,1564.1670539072113,1029.1393756926182,2143.4184270481774,395.04556223958366,406.85791197916706,95.28294746106552,0.46571428571428575,0.44142857142857145,0.0
PHASE 2,623,499200,496,1564.1670539072113,1029.1393756926182,2143.4184270481774,395.04556223958366,406.85791197916706,95.28294746106552,0.42714285714285716,0.38571428571428573,0.0
PHASE 2,624,500000,500,1564.187518108321,1029.1393756926182,2143.4184270481774,395.17979036458365,406.429021354167,95.32233829870424,0.0,0.0,0.0
PHASE 2,625,500800,500,1564.1875181083205,1029.1393756926182,2143.4184270481774,395.17979036458377,406.429021354167,95.32233829870424,0.43000000000000005,0.36571428571428577,0.0
PHASE 2,626,501600,500,1564.1875181083205,1029.1393756926182,2143.4184270481774,395.17979036458377,406.429021354167,95.32233829870424,0.4014285714285714,0.3771428571428571,0.0
PHASE 2,627,502400,500,1564.1875181083205,1029.1393756926182,2143.4184270481774,395.17979036458377,406.429021354167,95.32233829870424,0.44000000000000006,0.46142857142857147,0.0
PHASE 2,628,503200,500,1564.1875181083205,1029.1393756926182,2143.4184270481774,395.17979036458377,406.429021354167,95.32233829870424,0.45000000000000007,0.42428571428571427,0.0
PHASE 2,629,504000,504,1556.8692290555432,1029.1393756926182,2143.4184270481774,392.6842653645838,404.78221302083364,94.92534383377358,0.0,0.0,0.0
PHASE 2,630,504800,504,1556.8692290555437,1029.1393756926182,2143.4184270481774,392.6842653645838,404.78221302083364,94.92534383377361,0.43285714285714294,0.43428571428571433,0.0
PHASE 2,631,505600,504,1556.8692290555437,1029.1393756926182,2143.4184270481774,392.6842653645838,404.78221302083364,94.92534383377361,0.4128571428571429,0.4114285714285715,0.0
PHASE 2,632,506400,504,1556.8692290555437,1029.1393756926182,2143.4184270481774,392.6842653645838,404.78221302083364,94.92534383377361,0.4585714285714285,0.39714285714285713,0.0
PHASE 2,633,507200,504,1556.8692290555437,1029.1393756926182,2143.4184270481774,392.6842653645838,404.78221302083364,94.92534383377361,0.4014285714285714,0.3571428571428571,0.0
PHASE 2,634,508000,508,1557.125136650105,1029.1393756926182,2143.4184270481774,393.47048515625033,404.9576812500003,94.83712128048963,0.0,0.0,0.0
PHASE 2,635,508800,508,1557.125136650105,1029.1393756926182,2143.4184270481774,393.47048515625033,404.95768125000046,94.83712128048961,0.3742857142857143,0.4228571428571429,0.0
PHASE 2,636,509600,508,1557.125136650105,1029.1393756926182,2143.4184270481774,393.47048515625033,404.95768125000046,94.83712128048961,0.41714285714285715,0.44857142857142857,0.0
PHASE 2,637,510400,508,1557.125136650105,1029.1393756926182,2143.4184270481774,393.47048515625033,404.95768125000046,94.83712128048961,0.45857142857142863,0.3785714285714286,0.0
PHASE 2,638,511200,508,1557.125136650105,1029.1393756926182,2143.4184270481774,393.47048515625033,404.95768125000046,94.83712128048961,0.4514285714285714,0.3957142857142858,0.0
PHASE 2,639,512000,512,1570.2209171810086,1152.6720745197106,2143.4184270481774,396.7064098958337,409.33297812500047,95.5226911450296,0.0,0.0,0.0
PHASE 2,640,512800,512,1570.2209171810086,1152.6720745197106,2143.4184270481774,396.7064098958337,409.3329781250005,95.52269114502963,0.4185714285714287,0.4142857142857143,0.0
PHASE 2,641,513600,512,1570.2209171810086,1152.6720745197106,2143.4184270481774,396.7064098958337,409.3329781250005,95.52269114502963,0.43000000000000005,0.3571428571428571,0.0
PHASE 2,642,514400,512,1570.2209171810086,1152.6720745197106,2143.4184270481774,396.7064098958337,409.3329781250005,95.52269114502963,0.4714285714285714,0.4057142857142857,0.0
PHASE 2,643,515200,512,1570.2209171810086,1152.6720745197106,2143.4184270481774,396.7064098958337,409.3329781250005,95.52269114502963,0.3928571428571429,0.37,0.0
PHASE 2,644,516000,516,1566.7622508767488,1160.6082625821482,2143.4184270481774,397.01506223958364,407.9261903645838,95.2276247840805,0.0,0.0,0.0
PHASE 2,645,516800,516,1566.7622508767488,1160.6082625821482,2143.4184270481774,397.0150622395837,407.92619036458365,95.2276247840805,0.37,0.4614285714285714,0.0
PHASE 2,646,517600,516,1566.7622508767488,1160.6082625821482,2143.4184270481774,397.0150622395837,407.92619036458365,95.2276247840805,0.3685714285714286,0.45428571428571435,0.0
PHASE 2,647,518400,516,1566.7622508767488,1160.6082625821482,2143.4184270481774,397.0150622395837,407.92619036458365,95.2276247840805,0.40714285714285714,0.4557142857142857,0.0
PHASE 2,648,519200,516,1566.7622508767488,1160.6082625821482,2143.4184270481774,397.0150622395837,407.92619036458365,95.2276247840805,0.43285714285714294,0.5028571428571429,0.0
PHASE 2,649,520000,520,1575.6714283183487,1160.6082625821482,2143.4184270481774,402.0787872395837,408.3258278645837,95.65835165178066,0.0,0.0,0.0
PHASE 2,650,520800,520,1575.6714283183487,1160.6082625821482,2143.4184270481774,402.0787872395838,408.3258278645837,95.65835165178069,0.36714285714285716,0.44142857142857145,0.0
PHASE 2,651,521600,520,1575.6714283183487,1160.6082625821482,2143.4184270481774,402.0787872395838,408.3258278645837,95.65835165178069,0.4171428571428571,0.4257142857142858,0.0
PHASE 2,652,522400,520,1575.6714283183487,1160.6082625821482,2143.4184270481774,402.0787872395838,408.3258278645837,95.65835165178069,0.4485714285714287,0.41714285714285715,0.0
PHASE 2,653,523200,520,1575.6714283183487,1160.6082625821482,2143.4184270481774,402.0787872395838,408.3258278645837,95.65835165178069,0.4,0.4442857142857143,0.0
PHASE 2,654,524000,524,1585.8145830020458,1160.6082625821482,2143.4184270481774,401.96574140625046,414.7993710937504,96.1311838127636,0.0,0.0,0.0
PHASE 2,655,524800,524,1585.8145830020453,1160.6082625821482,2143.4184270481774,401.9657414062503,414.79937109375044,96.1311838127636,0.40428571428571425,0.3985714285714286,0.0
PHASE 2,656,525600,524,1585.8145830020453,1160.6082625821482,2143.4184270481774,401.9657414062503,414.79937109375044,96.1311838127636,0.4514285714285714,0.42142857142857143,0.0
PHASE 2,657,526400,524,1585.8145830020453,1160.6082625821482,2143.4184270481774,401.9657414062503,414.79937109375044,96.1311838127636,0.3942857142857143,0.4585714285714285,0.0
PHASE 2,658,527200,524,1585.8145830020453,1160.6082625821482,2143.4184270481774,401.9657414062503,414.79937109375044,96.1311838127636,0.34285714285714286,0.39,0.0
PHASE 2,659,528000,528,1586.4403601869387,922.3403175552672,2143.4184270481774,403.1979007812504,414.06472083333375,96.1472173215522,0.0,0.0,0.0
PHASE 2,660,528800,528,1586.4403601869387,922.3403175552672,2143.4184270481774,403.19790078125044,414.0647208333337,96.1472173215522,0.32285714285714284,0.43,0.0
PHASE 2,661,529600,528,1586.4403601869387,922.3403175552672,2143.4184270481774,403.19790078125044,414.0647208333337,96.1472173215522,0.4542857142857143,0.4357142857142858,0.0
PHASE 2,662,530400,528,1586.4403601869387,922.3403175552672,2143.4184270481774,403.19790078125044,414.0647208333337,96.1472173215522,0.4028571428571429,0.4057142857142857,0.0
PHASE 2,663,531200,528,1586.4403601869387,922.3403175552672,2143.4184270481774,403.19790078125044,414.0647208333337,96.1472173215522,0.34,0.4442857142857143,0.0
PHASE 2,664,532000,532,1589.0806475566924,922.3403175552672,2143.4184270481774,402.0774351562504,416.9873718750003,96.25198006568799,0.0,0.0,0.0
PHASE 2,665,532800,532,1589.0806475566922,922.3403175552672,2143.4184270481774,402.0774351562504,416.9873718750004,96.25198006568799,0.3885714285714285,0.40285714285714286,0.0
PHASE 2,666,533600,532,1589.0806475566922,922.3403175552672,2143.4184270481774,402.0774351562504,416.9873718750004,96.25198006568799,0.3185714285714286,0.47285714285714286,0.0
PHASE 2,667,534400,532,1589.0806475566922,922.3403175552672,2143.4184270481774,402.0774351562504,416.9873718750004,96.25198006568799,0.3014285714285715,0.5071428571428571,0.0
PHASE 2,668,535200,532,1589.0806475566922,922.3403175552672,2143.4184270481774,402.0774351562504,416.9873718750004,96.25198006568799,0.3671428571428571,0.4957142857142857,0.0
PHASE 2,669,536000,536,1597.03169961059,922.3403175552672,2143.4184270481774,402.94235598958375,420.84371380208376,96.6557037273731,0.0,0.0,0.0
PHASE 2,670,536800,536,1597.03169961059,922.3403175552672,2143.4184270481774,402.9423559895837,420.84371380208376,96.65570372737311,0.41,0.4514285714285714,0.0
PHASE 2,671,537600,536,1597.03169961059,922.3403175552672,2143.4184270481774,402.9423559895837,420.84371380208376,96.65570372737311,0.3614285714285715,0.4442857142857144,0.0
PHASE 2,672,538400,536,1597.03169961059,922.3403175552672,2143.4184270481774,402.9423559895837,420.84371380208376,96.65570372737311,0.39,0.45857142857142863,0.0
PHASE 2,673,539200,536,1597.03169961059,922.3403175552672,2143.4184270481774,402.9423559895837,420.84371380208376,96.65570372737311,0.34571428571428575,0.33999999999999997,0.0
PHASE 2,674,540000,540,1592.430756874078,922.3403175552672,2143.4184270481774,400.7686164062503,420.4722523437504,96.39873601551739,0.0,0.0,0.0
PHASE 2,675,540800,540,1592.430756874078,922.3403175552672,2143.4184270481774,400.7686164062504,420.47225234375037,96.39873601551737,0.4471428571428572,0.44000000000000006,0.0
PHASE 2,676,541600,540,1592.430756874078,922.3403175552672,2143.4184270481774,400.7686164062504,420.47225234375037,96.39873601551737,0.38142857142857145,0.49428571428571433,0.0
PHASE 2,677,542400,540,1592.430756874078,922.3403175552672,2143.4184270481774,400.7686164062504,420.47225234375037,96.39873601551737,0.3857142857142858,0.47285714285714286,0.0
PHASE 2,678,543200,540,1592.430756874078,922.3403175552672,2143.4184270481774,400.7686164062504,420.47225234375037,96.39873601551737,0.44000000000000006,0.48285714285714293,0.0
PHASE 2,679,544000,544,1591.7880419422,922.3403175552672,2143.4184270481774,399.6519028645837,421.47994088541697,96.33202477403258,0.0,0.0,0.0
PHASE 2,680,544800,544,1591.7880419422002,922.3403175552672,2143.4184270481774,399.6519028645837,421.47994088541697,96.33202477403258,0.39142857142857146,0.4257142857142858,0.0
PHASE 2,681,545600,544,1591.7880419422002,922.3403175552672,2143.4184270481774,399.6519028645837,421.47994088541697,96.33202477403258,0.4342857142857143,0.39714285714285713,0.0
PHASE 2,682,546400,544,1591.7880419422002,922.3403175552672,2143.4184270481774,399.6519028645837,421.47994088541697,96.33202477403258,0.3071428571428571,0.46571428571428564,0.0
PHASE 2,683,547200,544,1591.7880419422002,922.3403175552672,2143.4184270481774,399.6519028645837,421.47994088541697,96.33202477403258,0.4371428571428571,0.49714285714285716,0.0
PHASE 2,684,548000,548,1591.2179326774358,922.3403175552672,2143.4184270481774,400.04781119791704,421.6749710937503,96.18689379822867,0.0,0.0,0.0
PHASE 2,685,548800,548,1591.2179326774356,922.3403175552672,2143.4184270481774,400.0478111979171,421.6749710937504,96.18689379822865,0.4428571428571429,0.35000000000000003,0.0
PHASE 2,686,549600,548,1591.2179326774356,922.3403175552672,2143.4184270481774,400.0478111979171,421.6749710937504,96.18689379822865,0.4314285714285714,0.37857142857142856,0.0
PHASE 2,687,550400,548,1591.2179326774356,922.3403175552672,2143.4184270481774,400.0478111979171,421.6749710937504,96.18689379822865,0.3442857142857143,0.4114285714285715,0.0
PHASE 2,688,551200,548,1591.2179326774356,922.3403175552672,2143.4184270481774,400.0478111979171,421.6749710937504,96.18689379822865,0.4200000000000001,0.4557142857142857,0.0
PHASE 2,689,552000,552,1590.1302576470534,922.3403175552672,2143.4184270481774,398.7903205729171,422.1695440104171,96.14629913297266,0.0,0.0,0.0
PHASE 2,690,552800,552,1590.1302576470534,922.3403175552672,2143.4184270481774,398.7903205729171,422.1695440104169,96.14629913297267,0.3842857142857143,0.4471428571428572,0.0
PHASE 2,691,553600,552,1590.1302576470534,922.3403175552672,2143.4184270481774,398.7903205729171,422.1695440104169,96.14629913297267,0.35571428571428576,0.3757142857142857,0.0
PHASE 2,692,554400,552,1590.1302576470534,922.3403175552672,2143.4184270481774,398.7903205729171,422.1695440104169,96.14629913297267,0.34571428571428575,0.3728571428571429,0.0
PHASE 2,693,555200,552,1590.1302576470534,922.3403175552672,2143.4184270481774,398.7903205729171,422.1695440104169,96.14629913297267,0.4142857142857143,0.4885714285714286,0.0
PHASE 2,694,556000,556,1594.8643861786197,922.3403175552672,2143.4184270481774,399.70191536458367,424.6983804687503,96.30801129316853,0.0,0.0,0.0
PHASE 2,695,556800,556,1594.86438617862,922.3403175552672,2143.4184270481774,399.7019153645836,424.6983804687503,96.30801129316853,0.4257142857142857,0.43285714285714294,0.0
PHASE 2,696,557600,556,1594.86438617862,922.3403175552672,2143.4184270481774,399.7019153645836,424.6983804687503,96.30801129316853,0.36571428571428577,0.41000000000000003,0.0
PHASE 2,697,558400,556,1594.86438617862,922.3403175552672,2143.4184270481774,399.7019153645836,424.6983804687503,96.30801129316853,0.4057142857142858,0.39714285714285713,0.0
PHASE 2,698,559200,556,1594.86438617862,922.3403175552672,2143.4184270481774,399.7019153645836,424.6983804687503,96.30801129316853,0.3414285714285714,0.38142857142857145,0.0
PHASE 2,699,560000,560,1597.7325059748266,922.3403175552672,2143.4184270481774,400.5003817708337,425.8179523437503,96.42677148253817,0.0,0.0,0.0
PHASE 2,700,560800,560,1597.7325059748268,922.3403175552672,2143.4184270481774,400.50038177083366,425.81795234375045,96.42677148253816,0.39142857142857146,0.39,0.0
PHASE 2,701,561600,560,1597.7325059748268,922.3403175552672,2143.4184270481774,400.50038177083366,425.81795234375045,96.42677148253816,0.3928571428571429,0.45000000000000007,0.0
PHASE 2,702,562400,560,1597.7325059748268,922.3403175552672,2143.4184270481774,400.50038177083366,425.81795234375045,96.42677148253816,0.42142857142857154,0.3542857142857143,0.0
PHASE 2,703,563200,560,1597.7325059748268,922.3403175552672,2143.4184270481774,400.50038177083366,425.81795234375045,96.42677148253816,0.3585714285714286,0.45857142857142863,0.0
PHASE 2,704,564000,564,1592.2524093476397,922.3403175552672,2143.4184270481774,399.81625052083365,422.6846739583338,96.21893560856694,0.0,0.0,0.0
PHASE 2,705,564800,564,1592.2524093476395,922.3403175552672,2143.4184270481774,399.8162505208337,422.68467395833375,96.21893560856694,0.32571428571428573,0.37857142857142856,0.0
PHASE 2,706,565600,564,1592.2524093476395,922.3403175552672,2143.4184270481774,399.8162505208337,422.68467395833375,96.21893560856694,0.33999999999999997,0.4600000000000001,0.0
PHASE 2,707,566400,564,1592.2524093476395,922.3403175552672,2143.4184270481774,399.8162505208337,422.68467395833375,96.21893560856694,0.3057142857142857,0.3742857142857143,0.0
PHASE 2,708,567200,564,1592.2524093476395,922.3403175552672,2143.4184270481774,399.8162505208337,422.68467395833375,96.21893560856694,0.4685714285714285,0.4557142857142858,0.0
PHASE 2,709,568000,568,1590.2965775323362,922.3403175552672,2143.4184270481774,401.64131354166705,419.9448989583336,96.08879562904993,0.0,0.0,0.0
PHASE 2,710,568800,568,1590.2965775323364,922.3403175552672,2143.4184270481774,401.64131354166705,419.94489895833357,96.08879562904993,0.34571428571428575,0.42857142857142866,0.0
PHASE 2,711,569600,568,1590.2965775323364,922.3403175552672,2143.4184270481774,401.64131354166705,419.94489895833357,96.08879562904993,0.3857142857142858,0.32571428571428573,0.0
PHASE 2,712,570400,568,1590.2965775323364,922.3403175552672,2143.4184270481774,401.64131354166705,419.94489895833357,96.08879562904993,0.45285714285714285,0.4471428571428572,0.0
PHASE 2,713,571200,568,1590.2965775323364,922.3403175552672,2143.4184270481774,401.64131354166705,419.94489895833357,96.08879562904993,0.37,0.39,0.0
PHASE 2,714,572000,572,1598.7398234941263,922.3403175552672,2143.4184270481774,405.3277083333337,421.22651250000024,96.52320033260705,0.0,0.0,0.0
PHASE 2,715,572800,572,1598.7398234941256,922.3403175552672,2143.4184270481774,405.32770833333365,421.2265125000004,96.52320033260706,0.33571428571428574,0.46571428571428575,0.0
PHASE 2,716,573600,572,1598.7398234941256,922.3403175552672,2143.4184270481774,405.32770833333365,421.2265125000004,96.52320033260706,0.4242857142857144,0.38000000000000006,0.0
PHASE 2,717,574400,572,1598.7398234941256,922.3403175552672,2143.4184270481774,405.32770833333365,421.2265125000004,96.52320033260706,0.41,0.33000000000000007,0.0
PHASE 2,718,575200,572,1598.7398234941256,922.3403175552672,2143.4184270481774,405.32770833333365,421.2265125000004,96.52320033260706,0.40857142857142864,0.40857142857142864,0.0
PHASE 2,719,576000,576,1603.0773778270104,922.3403175552672,2143.4184270481774,405.293541666667,424.0161677083337,96.72095855650929,0.0,0.0,0.0
PHASE 2,720,576800,576,1603.07737782701,922.3403175552672,2143.4184270481774,405.2935416666671,424.01616770833357,96.72095855650929,0.32999999999999996,0.3485714285714286,0.0
PHASE 2,721,577600,576,1603.07737782701,922.3403175552672,2143.4184270481774,405.2935416666671,424.01616770833357,96.72095855650929,0.4228571428571429,0.40428571428571425,0.0
PHASE 2,722,578400,576,1603.07737782701,922.3403175552672,2143.4184270481774,405.2935416666671,424.01616770833357,96.72095855650929,0.4571428571428572,0.3885714285714286,0.0
PHASE 2,723,579200,576,1603.07737782701,922.3403175552672,2143.4184270481774,405.2935416666671,424.01616770833357,96.72095855650929,0.36714285714285716,0.38428571428571434,0.0
PHASE 2,724,580000,580,1595.0164473224647,922.3403175552672,2056.205619679896,402.7250541666671,422.40453854166697,96.23585682677427,0.0,0.0,0.0
PHASE 2,725,580800,580,1595.0164473224652,922.3403175552672,2056.205619679896,402.725054166667,422.40453854166697,96.23585682677427,0.32571428571428573,0.44000000000000006,0.0
PHASE 2,726,581600,580,1595.0164473224652,922.3403175552672,2056.205619679896,402.725054166667,422.40453854166697,96.23585682677427,0.47285714285714275,0.4557142857142857,0.0
PHASE 2,727,582400,580,1595.0164473224652,922.3403175552672,2056.205619679896,402.725054166667,422.40453854166697,96.23585682677427,0.38142857142857145,0.3242857142857143,0.0
PHASE 2,728,583200,580,1595.0164473224652,922.3403175552672,2056.205619679896,402.725054166667,422.40453854166697,96.23585682677427,0.3042857142857143,0.3271428571428571,0.0
PHASE 2,729,584000,584,1591.345147138599,922.3403175552672,2056.205619679896,403.20795208333374,421.00808541666703,95.89113870483257,0.0,0.0,0.0
PHASE 2,730,584800,584,1591.3451471385988,922.3403175552672,2056.205619679896,403.20795208333374,421.008085416667,95.89113870483257,0.27,0.47857142857142854,0.0
PHASE 2,731,585600,584,1591.3451471385988,922.3403175552672,2056.205619679896,403.20795208333374,421.008085416667,95.89113870483257,0.36,0.5285714285714287,0.0
PHASE 2,732,586400,584,1591.3451471385988,922.3403175552672,2056.205619679896,403.20795208333374,421.008085416667,95.89113870483257,0.39571428571428574,0.4357142857142858,0.0
PHASE 2,733,587200,584,1591.3451471385988,922.3403175552672,2056.205619679896,403.20795208333374,421.008085416667,95.89113870483257,0.39,0.41714285714285715,0.0
PHASE 2,734,588000,588,1573.972178535038,922.3403175552672,2055.3003765741987,397.08289791666704,417.28280520833357,94.95080942626223,0.0,0.0,0.0
PHASE 2,735,588800,588,1573.9721785350382,922.3403175552672,2055.3003765741987,397.08289791666704,417.28280520833374,94.95080942626224,0.39285714285714285,0.4114285714285715,0.0
PHASE 2,736,589600,588,1573.9721785350382,922.3403175552672,2055.3003765741987,397.08289791666704,417.28280520833374,94.95080942626224,0.36142857142857143,0.3657142857142857,0.0
PHASE 2,737,590400,588,1573.9721785350382,922.3403175552672,2055.3003765741987,397.08289791666704,417.28280520833374,94.95080942626224,0.4828571428571428,0.4185714285714286,0.0
PHASE 2,738,591200,588,1573.9721785350382,922.3403175552672,2055.3003765741987,397.08289791666704,417.28280520833374,94.95080942626224,0.4057142857142858,0.44142857142857145,0.0
PHASE 2,739,592000,592,1575.1182174409594,922.3403175552672,2055.3003765741987,399.9512625000004,415.6969718750003,94.9337478832524,0.0,0.0,0.0
PHASE 2,740,592800,592,1575.1182174409594,922.3403175552672,2055.3003765741987,399.9512625000003,415.6969718750003,94.9337478832524,0.37142857142857144,0.43000000000000005,0.0
PHASE 2,741,593600,592,1575.1182174409594,922.3403175552672,2055.3003765741987,399.9512625000003,415.6969718750003,94.9337478832524,0.29714285714285715,0.3442857142857143,0.0
PHASE 2,742,594400,592,1575.1182174409594,922.3403175552672,2055.3003765741987,399.9512625000003,415.6969718750003,94.9337478832524,0.44000000000000006,0.4128571428571429,0.0
PHASE 2,743,595200,592,1575.1182174409594,922.3403175552672,2055.3003765741987,399.9512625000003,415.6969718750003,94.9337478832524,0.4685714285714286,0.38571428571428573,0.0
PHASE 2,744,596000,596,1577.8321743833376,922.3403175552672,2055.3003765741987,401.49214687500034,415.3035239583336,95.12956294375806,0.0,0.0,0.0
PHASE 2,745,596800,596,1577.8321743833376,922.3403175552672,2055.3003765741987,401.4921468750004,415.3035239583337,95.12956294375806,0.36714285714285716,0.39142857142857146,0.0
PHASE 2,746,597600,596,1577.8321743833376,922.3403175552672,2055.3003765741987,401.4921468750004,415.3035239583337,95.12956294375806,0.41428571428571426,0.4357142857142858,0.0
PHASE 2,747,598400,596,1577.8321743833376,922.3403175552672,2055.3003765741987,401.4921468750004,415.3035239583337,95.12956294375806,0.47857142857142854,0.4057142857142857,0.0
PHASE 2,748,599200,596,1577.8321743833376,922.3403175552672,2055.3003765741987,401.4921468750004,415.3035239583337,95.12956294375806,0.45000000000000007,0.3685714285714286,0.0
PHASE 2,749,600000,600,1582.6323830804947,922.3403175552672,2055.3003765741987,403.3701947916671,416.32396041666703,95.36727848402772,0.0,0.0,0.0
PHASE 2,750,600800,600,1582.6323830804945,922.3403175552672,2055.3003765741987,403.370194791667,416.323960416667,95.36727848402771,0.3014285714285715,0.4185714285714286,0.0
PHASE 2,751,601600,600,1582.6323830804945,922.3403175552672,2055.3003765741987,403.370194791667,416.323960416667,95.36727848402771,0.4485714285714287,0.4142857142857143,0.0
PHASE 2,752,602400,600,1582.6323830804945,922.3403175552672,2055.3003765741987,403.370194791667,416.323960416667,95.36727848402771,0.45,0.472857142857143,0.0
PHASE 2,753,603200,600,1582.6323830804945,922.3403175552672,2055.3003765741987,403.370194791667,416.323960416667,95.36727848402771,0.4742857142857143,0.4800000000000001,0.0
PHASE 2,754,604000,604,1590.916106802267,922.3403175552672,2055.3003765741987,405.93803437500037,418.696654166667,95.78517728258274,0.0,0.0,0.0
PHASE 2,755,604800,604,1590.916106802267,922.3403175552672,2055.3003765741987,405.93803437500037,418.6966541666671,95.78517728258275,0.40285714285714286,0.3942857142857143,0.0
PHASE 2,756,605600,604,1590.916106802267,922.3403175552672,2055.3003765741987,405.93803437500037,418.6966541666671,95.78517728258275,0.3942857142857143,0.3914285714285714,0.0
PHASE 2,757,606400,604,1590.916106802267,922.3403175552672,2055.3003765741987,405.93803437500037,418.6966541666671,95.78517728258275,0.39285714285714285,0.4442857142857143,0.0
PHASE 2,758,607200,604,1590.916106802267,922.3403175552672,2055.3003765741987,405.93803437500037,418.6966541666671,95.78517728258275,0.42857142857142855,0.3857142857142858,0.0
PHASE 2,759,608000,608,1593.532864640888,922.3403175552672,2055.3003765741987,409.0170677083336,416.8999723958337,95.95197806709785,0.0,0.0,0.0
PHASE 2,760,608800,608,1593.532864640888,922.3403175552672,2055.3003765741987,409.0170677083337,416.8999723958337,95.95197806709784,0.3942857142857143,0.4357142857142858,0.0
PHASE 2,761,609600,608,1593.532864640888,922.3403175552672,2055.3003765741987,409.0170677083337,416.8999723958337,95.95197806709784,0.36714285714285716,0.4357142857142858,0.0
PHASE 2,762,610400,608,1593.532864640888,922.3403175552672,2055.3003765741987,409.0170677083337,416.8999723958337,95.95197806709784,0.3485714285714286,0.4514285714285714,0.0
PHASE 2,763,611200,608,1593.532864640888,922.3403175552672,2055.3003765741987,409.0170677083337,416.8999723958337,95.95197806709784,0.2957142857142857,0.4185714285714286,0.0
PHASE 2,764,612000,612,1591.9382234429459,922.3403175552672,1982.0559492695788,408.44946354166706,415.89955781250035,95.94865026110521,0.0,0.0,0.0
PHASE 2,765,612800,612,1591.938223442946,922.3403175552672,1982.0559492695788,408.449463541667,415.89955781250035,95.94865026110521,0.38142857142857145,0.4685714285714286,0.0
PHASE 2,766,613600,612,1591.938223442946,922.3403175552672,1982.0559492695788,408.449463541667,415.89955781250035,95.94865026110521,0.39,0.5085714285714287,0.0
PHASE 2,767,614400,612,1591.938223442946,922.3403175552672,1982.0559492695788,408.449463541667,415.89955781250035,95.94865026110521,0.3985714285714286,0.34571428571428575,0.0
PHASE 2,768,615200,612,1591.938223442946,922.3403175552672,1982.0559492695788,408.449463541667,415.89955781250035,95.94865026110521,0.4228571428571429,0.4128571428571428,0.0
PHASE 2,769,616000,616,1595.5585908420271,922.3403175552672,1982.0559492695788,410.7335559895837,415.70112031250034,96.14048931750084,0.0,0.0,0.0
PHASE 2,770,616800,616,1595.5585908420267,922.3403175552672,1982.0559492695788,410.7335559895837,415.70112031250034,96.14048931750084,0.4142857142857143,0.3657142857142857,0.0
PHASE 2,771,617600,616,1595.5585908420267,922.3403175552672,1982.0559492695788,410.7335559895837,415.70112031250034,96.14048931750084,0.4699999999999999,0.4228571428571429,0.0
PHASE 2,772,618400,616,1595.5585908420267,922.3403175552672,1982.0559492695788,410.7335559895837,415.70112031250034,96.14048931750084,0.41714285714285715,0.47000000000000003,0.0
PHASE 2,773,619200,616,1595.5585908420267,922.3403175552672,1982.0559492695788,410.7335559895837,415.70112031250034,96.14048931750084,0.37857142857142867,0.4514285714285714,0.0
PHASE 2,774,620000,620,1593.9000666779857,922.3403175552672,1982.0559492695788,410.19057994791706,415.25971406250034,96.05622158345395,0.0,0.0,0.0
PHASE 2,775,620800,620,1593.900066677986,922.3403175552672,1982.0559492695788,410.19057994791706,415.25971406250034,96.05622158345395,0.36000000000000004,0.43571428571428567,0.0
PHASE 2,776,621600,620,1593.900066677986,922.3403175552672,1982.0559492695788,410.19057994791706,415.25971406250034,96.05622158345395,0.35285714285714287,0.3942857142857143,0.0
PHASE 2,777,622400,620,1593.900066677986,922.3403175552672,1982.0559492695788,410.19057994791706,415.25971406250034,96.05622158345395,0.3542857142857143,0.4514285714285714,0.0
PHASE 2,778,623200,620,1593.900066677986,922.3403175552672,1982.0559492695788,410.19057994791706,415.25971406250034,96.05622158345395,0.3871428571428572,0.40857142857142864,0.0
PHASE 2,779,624000,624,1589.8086144503256,922.3403175552672,2029.0428515123738,410.51386015625036,412.778855729167,95.81448732062141,0.0,0.0,0.0
PHASE 2,780,624800,624,1589.8086144503256,922.3403175552672,2029.0428515123738,410.51386015625036,412.778855729167,95.81448732062141,0.39142857142857146,0.4385714285714286,0.0
PHASE 2,781,625600,624,1589.8086144503256,922.3403175552672,2029.0428515123738,410.51386015625036,412.778855729167,95.81448732062141,0.51,0.3728571428571429,0.0
PHASE 2,782,626400,624,1589.8086144503256,922.3403175552672,2029.0428515123738,410.51386015625036,412.778855729167,95.81448732062141,0.40428571428571436,0.4800000000000001,0.0
PHASE 2,783,627200,624,1589.8086144503256,922.3403175552672,2029.0428515123738,410.51386015625036,412.778855729167,95.81448732062141,0.4185714285714286,0.4128571428571429,0.0
PHASE 2,784,628000,628,1592.218534236391,1050.3153006954033,2029.0428515123738,411.57104244791697,413.1790916666669,95.93355001523396,0.0,0.0,0.0
PHASE 2,785,628800,628,1592.218534236391,1050.3153006954033,2029.0428515123738,411.5710424479171,413.1790916666671,95.93355001523396,0.35285714285714287,0.4642857142857144,0.0
PHASE 2,786,629600,628,1592.218534236391,1050.3153006954033,2029.0428515123738,411.5710424479171,413.1790916666671,95.93355001523396,0.45714285714285713,0.42142857142857143,0.0
PHASE 2,787,630400,628,1592.218534236391,1050.3153006954033,2029.0428515123738,411.5710424479171,413.1790916666671,95.93355001523396,0.4771428571428572,0.4114285714285715,0.0
PHASE 2,788,631200,628,1592.218534236391,1050.3153006954033,2029.0428515123738,411.5710424479171,413.1790916666671,95.93355001523396,0.42857142857142855,0.3885714285714286,0.0
PHASE 2,789,632000,632,1579.508113799678,1050.3153006954033,2029.0428515123738,408.89915494791705,408.957976041667,95.20637285126978,0.0,0.0,0.0
PHASE 2,790,632800,632,1579.508113799678,1050.3153006954033,2029.0428515123738,408.89915494791705,408.957976041667,95.20637285126978,0.42142857142857143,0.43714285714285717,0.0
PHASE 2,791,633600,632,1579.508113799678,1050.3153006954033,2029.0428515123738,408.89915494791705,408.957976041667,95.20637285126978,0.3614285714285715,0.43428571428571433,0.0
PHASE 2,792,634400,632,1579.508113799678,1050.3153006954033,2029.0428515123738,408.89915494791705,408.957976041667,95.20637285126978,0.4585714285714285,0.43714285714285717,0.0
PHASE 2,793,635200,632,1579.508113799678,1050.3153006954033,2029.0428515123738,408.89915494791705,408.957976041667,95.20637285126978,0.3985714285714287,0.44142857142857145,0.0
PHASE 2,794,636000,636,1573.3955225071952,1050.3153006954033,2029.0428515123738,404.92297682291706,409.8711914062503,94.82516928476147,0.0,0.0,0.0
PHASE 2,795,636800,636,1573.3955225071954,1050.3153006954033,2029.0428515123738,404.92297682291695,409.8711914062502,94.82516928476147,0.43000000000000005,0.4357142857142858,0.0
PHASE 2,796,637600,636,1573.3955225071954,1050.3153006954033,2029.0428515123738,404.92297682291695,409.8711914062502,94.82516928476147,0.3928571428571429,0.36714285714285716,0.0
PHASE 2,797,638400,636,1573.3955225071954,1050.3153006954033,2029.0428515123738,404.92297682291695,409.8711914062502,94.82516928476147,0.4228571428571429,0.4542857142857143,0.0
PHASE 2,798,639200,636,1573.3955225071954,1050.3153006954033,2029.0428515123738,404.92297682291695,409.8711914062502,94.82516928476147,0.43999999999999995,0.49857142857142855,0.0
PHASE 2,799,640000,640,1578.3656493871645,1050.3153006954033,2029.0428515123738,406.02074765625025,411.8706049479169,95.05928709788263,0.0,0.0,0.0
PHASE 2,800,640800,640,1578.3656493871638,1050.3153006954033,2029.0428515123738,406.02074765625036,411.87060494791695,95.05928709788263,0.33999999999999997,0.44857142857142857,0.0
PHASE 2,801,641600,640,1578.3656493871638,1050.3153006954033,2029.0428515123738,406.02074765625036,411.87060494791695,95.05928709788263,0.47857142857142865,0.39,0.0
PHASE 2,802,642400,640,1578.3656493871638,1050.3153006954033,2029.0428515123738,406.02074765625036,411.87060494791695,95.05928709788263,0.31000000000000005,0.4757142857142858,0.0
PHASE 2,803,643200,640,1578.3656493871638,1050.3153006954033,2029.0428515123738,406.02074765625036,411.87060494791695,95.05928709788263,0.4014285714285714,0.4385714285714286,0.0
PHASE 2,804,644000,644,1595.0348429949167,1050.3153006954033,2084.1412227880583,411.00056953125045,416.321417447917,95.96410700197683,0.0,0.0,0.0
PHASE 2,805,644800,644,1595.0348429949167,1050.3153006954033,2084.1412227880583,411.0005695312503,416.321417447917,95.96410700197681,0.44142857142857145,0.40285714285714286,0.0
PHASE 2,806,645600,644,1595.0348429949167,1050.3153006954033,2084.1412227880583,411.0005695312503,416.321417447917,95.96410700197681,0.3271428571428572,0.4442857142857143,0.0
PHASE 2,807,646400,644,1595.0348429949167,1050.3153006954033,2084.1412227880583,411.0005695312503,416.321417447917,95.96410700197681,0.34714285714285714,0.38142857142857145,0.0
PHASE 2,808,647200,644,1595.0348429949167,1050.3153006954033,2084.1412227880583,411.0005695312503,416.321417447917,95.96410700197681,0.4142857142857143,0.41000000000000003,0.0
PHASE 2,809,648000,648,1591.5263146358961,1050.3153006954033,2084.1412227880583,406.6686466145837,418.3975710937504,95.8075121159533,0.0,0.0,0.0
PHASE 2,810,648800,648,1591.5263146358964,1050.3153006954033,2084.1412227880583,406.6686466145837,418.3975710937504,95.80751211595333,0.45,0.3942857142857143,0.0
PHASE 2,811,649600,648,1591.5263146358964,1050.3153006954033,2084.1412227880583,406.6686466145837,418.3975710937504,95.80751211595333,0.3942857142857143,0.4257142857142857,0.0
PHASE 2,812,650400,648,1591.5263146358964,1050.3153006954033,2084.1412227880583,406.6686466145837,418.3975710937504,95.80751211595333,0.3742857142857143,0.4714285714285714,0.0
PHASE 2,813,651200,648,1591.5263146358964,1050.3153006954033,2084.1412227880583,406.6686466145837,418.3975710937504,95.80751211595333,0.36571428571428577,0.4600000000000001,0.0
PHASE 2,814,652000,652,1589.7471447893195,1050.3153006954033,2084.1412227880583,406.1016028645837,418.5723544270837,95.63414843721458,0.0,0.0,0.0
PHASE 2,815,652800,652,1589.74714478932,1050.3153006954033,2084.1412227880583,406.1016028645837,418.5723544270836,95.63414843721458,0.41714285714285715,0.3742857142857143,0.0
PHASE 2,816,653600,652,1589.74714478932,1050.3153006954033,2084.1412227880583,406.1016028645837,418.5723544270836,95.63414843721458,0.4428571428571429,0.3885714285714286,0.0
PHASE 2,817,654400,652,1589.74714478932,1050.3153006954033,2084.1412227880583,406.1016028645837,418.5723544270836,95.63414843721458,0.46571428571428575,0.4342857142857143,0.0
PHASE 2,818,655200,652,1589.74714478932,1050.3153006954033,2084.1412227880583,406.1016028645837,418.5723544270836,95.63414843721458,0.44857142857142857,0.4014285714285714,0.0
PHASE 2,819,656000,656,1584.7355706169315,1050.3153006954033,2084.1412227880583,403.1472976562504,418.45461692708363,95.39170700420742,0.0,0.0,0.0
PHASE 2,820,656800,656,1584.735570616931,1050.3153006954033,2084.1412227880583,403.1472976562502,418.4546169270836,95.39170700420742,0.3642857142857143,0.32571428571428573,0.0
PHASE 2,821,657600,656,1584.735570616931,1050.3153006954033,2084.1412227880583,403.1472976562502,418.4546169270836,95.39170700420742,0.3371428571428572,0.35,0.0
PHASE 2,822,658400,656,1584.735570616931,1050.3153006954033,2084.1412227880583,403.1472976562502,418.4546169270836,95.39170700420742,0.40428571428571436,0.34285714285714286,0.0
PHASE 2,823,659200,656,1584.735570616931,1050.3153006954033,2084.1412227880583,403.1472976562502,418.4546169270836,95.39170700420742,0.3514285714285714,0.36714285714285716,0.0
PHASE 2,824,660000,660,1577.1667403664273,1050.3153006954033,2084.1412227880583,402.2255187500003,415.4236210937503,94.93970006534221,0.0,0.0,0.0
PHASE 2,825,660800,660,1577.1667403664273,1050.3153006954033,2084.1412227880583,402.22551875000033,415.42362109375034,94.93970006534218,0.4342857142857143,0.5,0.0
PHASE 2,826,661600,660,1577.1667403664273,1050.3153006954033,2084.1412227880583,402.22551875000033,415.42362109375034,94.93970006534218,0.44142857142857145,0.3857142857142858,0.0
PHASE 2,827,662400,660,1577.1667403664273,1050.3153006954033,2084.1412227880583,402.22551875000033,415.42362109375034,94.93970006534218,0.3371428571428572,0.5285714285714286,0.0
PHASE 2,828,663200,660,1577.1667403664273,1050.3153006954033,2084.1412227880583,402.22551875000033,415.42362109375034,94.93970006534218,0.4057142857142858,0.41000000000000003,0.0
PHASE 2,829,664000,664,1579.0386771482497,1050.3153006954033,2084.1412227880583,399.5270520833337,419.36947968750036,95.01776817218432,0.0,0.0,0.0
PHASE 2,830,664800,664,1579.03867714825,1050.3153006954033,2084.1412227880583,399.52705208333356,419.36947968750036,95.01776817218432,0.4628571428571429,0.3914285714285715,0.0
PHASE 2,831,665600,664,1579.03867714825,1050.3153006954033,2084.1412227880583,399.52705208333356,419.36947968750036,95.01776817218432,0.3757142857142857,0.472857142857143,0.0
PHASE 2,832,666400,664,1579.03867714825,1050.3153006954033,2084.1412227880583,399.52705208333356,419.36947968750036,95.01776817218432,0.3771428571428571,0.4814285714285715,0.0
PHASE 2,833,667200,664,1579.03867714825,1050.3153006954033,2084.1412227880583,399.52705208333356,419.36947968750036,95.01776817218432,0.41714285714285715,0.39571428571428574,0.0
PHASE 2,834,668000,668,1575.9349011071367,1050.3153006954033,2084.1412227880583,395.77564687500023,420.977230729167,94.89775293787838,0.0,0.0,0.0
PHASE 2,835,668800,668,1575.934901107137,1050.3153006954033,2084.1412227880583,395.7756468750004,420.97723072916693,94.89775293787838,0.42714285714285716,0.44857142857142857,0.0
PHASE 2,836,669600,668,1575.934901107137,1050.3153006954033,2084.1412227880583,395.7756468750004,420.97723072916693,94.89775293787838,0.3742857142857143,0.46142857142857147,0.0
PHASE 2,837,670400,668,1575.934901107137,1050.3153006954033,2084.1412227880583,395.7756468750004,420.97723072916693,94.89775293787838,0.4014285714285714,0.4700000000000001,0.0
PHASE 2,838,671200,668,1575.934901107137,1050.3153006954033,2084.1412227880583,395.7756468750004,420.97723072916693,94.89775293787838,0.4057142857142857,0.4642857142857143,0.0
PHASE 2,839,672000,672,1564.5007675081586,1050.3153006954033,2084.1412227880583,392.03730729166705,417.772361979167,94.33638727967268,0.0,0.0,0.0
PHASE 2,840,672800,672,1564.500767508158,1050.3153006954033,2084.1412227880583,392.03730729166705,417.772361979167,94.33638727967268,0.5114285714285715,0.46714285714285725,0.0
PHASE 2,841,673600,672,1564.500767508158,1050.3153006954033,2084.1412227880583,392.03730729166705,417.772361979167,94.33638727967268,0.37,0.40714285714285714,0.0
PHASE 2,842,674400,672,1564.500767508158,1050.3153006954033,2084.1412227880583,392.03730729166705,417.772361979167,94.33638727967268,0.42000000000000004,0.4471428571428572,0.0
PHASE 2,843,675200,672,1564.500767508158,1050.3153006954033,2084.1412227880583,392.03730729166705,417.772361979167,94.33638727967268,0.40428571428571425,0.4314285714285715,0.0
PHASE 2,844,676000,676,1561.8827381529325,1050.3153006954033,2084.1412227880583,391.4664750000004,417.1979390625003,94.15229051131085,0.0,0.0,0.0
PHASE 2,845,676800,676,1561.8827381529325,1050.3153006954033,2084.1412227880583,391.4664750000004,417.1979390625003,94.15229051131085,0.4414285714285714,0.4600000000000001,0.0
PHASE 2,846,677600,676,1561.8827381529325,1050.3153006954033,2084.1412227880583,391.4664750000004,417.1979390625003,94.15229051131085,0.41,0.44571428571428584,0.0
PHASE 2,847,678400,676,1561.8827381529325,1050.3153006954033,2084.1412227880583,391.4664750000004,417.1979390625003,94.15229051131085,0.48142857142857143,0.4514285714285714,0.0
PHASE 2,848,679200,676,1561.8827381529325,1050.3153006954033,2084.1412227880583,391.4664750000004,417.1979390625003,94.15229051131085,0.45,0.4585714285714285,0.0
PHASE 2,849,680000,680,1561.0006898744437,1050.3153006954033,2084.1412227880583,390.743244791667,416.62556302083357,94.20398525774972,0.0,0.0,0.0
PHASE 2,850,680800,680,1561.0006898744437,1050.3153006954033,2084.1412227880583,390.743244791667,416.62556302083374,94.20398525774974,0.4314285714285715,0.45714285714285713,0.0
PHASE 2,851,681600,680,1561.0006898744437,1050.3153006954033,2084.1412227880583,390.743244791667,416.62556302083374,94.20398525774974,0.48142857142857143,0.4471428571428572,0.0
PHASE 2,852,682400,680,1561.0006898744437,1050.3153006954033,2084.1412227880583,390.743244791667,416.62556302083374,94.20398525774974,0.4114285714285716,0.38571428571428573,0.0
PHASE 2,853,683200,680,1561.0006898744437,1050.3153006954033,2084.1412227880583,390.743244791667,416.62556302083374,94.20398525774974,0.40285714285714286,0.5057142857142857,0.0
PHASE 2,854,684000,684,1569.9955504645616,1062.0395764837833,2084.1412227880583,393.1919083333337,419.00339635416697,94.7250307221395,0.0,0.0,0.0
PHASE 2,855,684800,684,1569.995550464562,1062.0395764837833,2084.1412227880583,393.1919083333337,419.0033963541671,94.7250307221395,0.44857142857142857,0.40285714285714286,0.0
PHASE 2,856,685600,684,1569.995550464562,1062.0395764837833,2084.1412227880583,393.1919083333337,419.0033963541671,94.7250307221395,0.4,0.4428571428571429,0.0
PHASE 2,857,686400,684,1569.995550464562,1062.0395764837833,2084.1412227880583,393.1919083333337,419.0033963541671,94.7250307221395,0.38428571428571434,0.42285714285714293,0.0
PHASE 2,858,687200,684,1569.995550464562,1062.0395764837833,2084.1412227880583,393.1919083333337,419.0033963541671,94.7250307221395,0.4214285714285714,0.46428571428571425,0.0
PHASE 2,859,688000,688,1565.510080123044,1010.4596082551741,2084.1412227880583,393.6023000000004,416.8351484375003,94.38407896069944,0.0,0.0,0.0
PHASE 2,860,688800,688,1565.5100801230437,1010.4596082551741,2084.1412227880583,393.6023000000004,416.83514843750027,94.38407896069941,0.3828571428571429,0.42142857142857154,0.0
PHASE 2,861,689600,688,1565.5100801230437,1010.4596082551741,2084.1412227880583,393.6023000000004,416.83514843750027,94.38407896069941,0.41428571428571426,0.34285714285714286,0.0
PHASE 2,862,690400,688,1565.5100801230437,1010.4596082551741,2084.1412227880583,393.6023000000004,416.83514843750027,94.38407896069941,0.36714285714285716,0.40714285714285714,0.0
PHASE 2,863,691200,688,1565.5100801230437,1010.4596082551741,2084.1412227880583,393.6023000000004,416.83514843750027,94.38407896069941,0.37857142857142867,0.39714285714285713,0.0
PHASE 2,864,692000,692,1563.102396302919,1010.4596082551741,2084.1412227880583,391.6055083333337,417.4133869791669,94.2604376238089,0.0,0.0,0.0
PHASE 2,865,692800,692,1563.1023963029186,1010.4596082551741,2084.1412227880583,391.6055083333337,417.41338697916694,94.2604376238089,0.42285714285714276,0.4114285714285715,0.0
PHASE 2,866,693600,692,1563.1023963029186,1010.4596082551741,2084.1412227880583,391.6055083333337,417.41338697916694,94.2604376238089,0.40857142857142864,0.5771428571428572,0.0
PHASE 2,867,694400,692,1563.1023963029186,1010.4596082551741,2084.1412227880583,391.6055083333337,417.41338697916694,94.2604376238089,0.43285714285714294,0.47000000000000003,0.0
PHASE 2,868,695200,692,1563.1023963029186,1010.4596082551741,2084.1412227880583,391.6055083333337,417.41338697916694,94.2604376238089,0.45999999999999996,0.3628571428571429,0.0
PHASE 2,869,696000,696,1562.2709666741928,1010.4596082551741,2084.1412227880583,391.2933656250003,417.00720052083375,94.24630006605148,0.0,0.0,0.0
PHASE 2,870,696800,696,1562.2709666741932,1010.4596082551741,2084.1412227880583,391.2933656250004,417.00720052083363,94.24630006605148,0.4557142857142857,0.4428571428571429,0.0
PHASE 2,871,697600,696,1562.2709666741932,1010.4596082551741,2084.1412227880583,391.2933656250004,417.00720052083363,94.24630006605148,0.4228571428571429,0.4742857142857143,0.0
PHASE 2,872,698400,696,1562.2709666741932,1010.4596082551741,2084.1412227880583,391.2933656250004,417.00720052083363,94.24630006605148,0.4671428571428572,0.3728571428571429,0.0
PHASE 2,873,699200,696,1562.2709666741932,1010.4596082551741,2084.1412227880583,391.2933656250004,417.00720052083363,94.24630006605148,0.3628571428571429,0.47857142857142865,0.0
PHASE 2,874,700000,700,1563.0824678852593,1010.4596082551741,2084.1412227880583,392.707454166667,415.379655729167,94.37441974868469,0.0,0.0,0.0
PHASE 2,875,700800,700,1563.082467885259,1010.4596082551741,2084.1412227880583,392.70745416666693,415.379655729167,94.37441974868469,0.37428571428571433,0.4600000000000001,0.0
PHASE 2,876,701600,700,1563.082467885259,1010.4596082551741,2084.1412227880583,392.70745416666693,415.379655729167,94.37441974868469,0.4628571428571428,0.3842857142857143,0.0
PHASE 2,877,702400,700,1563.082467885259,1010.4596082551741,2084.1412227880583,392.70745416666693,415.379655729167,94.37441974868469,0.53,0.35428571428571437,0.0
PHASE 2,878,703200,700,1563.082467885259,1010.4596082551741,2084.1412227880583,392.70745416666693,415.379655729167,94.37441974868469,0.42428571428571427,0.47285714285714286,0.0
PHASE 2,879,704000,704,1551.653570605637,1010.4596082551741,2084.1412227880583,390.77497291666697,411.115383854167,93.72040172935664,0.0,0.0,0.0
PHASE 2,880,704800,704,1551.653570605637,1010.4596082551741,2084.1412227880583,390.774972916667,411.115383854167,93.72040172935664,0.4957142857142857,0.39142857142857146,0.0
PHASE 2,881,705600,704,1551.653570605637,1010.4596082551741,2084.1412227880583,390.774972916667,411.115383854167,93.72040172935664,0.33571428571428574,0.4642857142857143,0.0
PHASE 2,882,706400,704,1551.653570605637,1010.4596082551741,2084.1412227880583,390.774972916667,411.115383854167,93.72040172935664,0.4428571428571429,0.40285714285714286,0.0
PHASE 2,883,707200,704,1551.653570605637,1010.4596082551741,2084.1412227880583,390.774972916667,411.115383854167,93.72040172935664,0.3985714285714286,0.3271428571428572,0.0
PHASE 2,884,708000,708,1552.2578172651256,1010.4596082551741,2084.1412227880583,390.6955020833337,411.42117447916695,93.7676425878344,0.0,0.0,0.0
PHASE 2,885,708800,708,1552.2578172651256,1010.4596082551741,2084.1412227880583,390.6955020833337,411.4211744791671,93.7676425878344,0.47857142857142865,0.43285714285714294,0.0
PHASE 2,886,709600,708,1552.2578172651256,1010.4596082551741,2084.1412227880583,390.6955020833337,411.4211744791671,93.7676425878344,0.4357142857142858,0.4685714285714287,0.0
PHASE 2,887,710400,708,1552.2578172651256,1010.4596082551741,2084.1412227880583,390.6955020833337,411.4211744791671,93.7676425878344,0.4485714285714287,0.4428571428571429,0.0
PHASE 2,888,711200,708,1552.2578172651256,1010.4596082551741,2084.1412227880583,390.6955020833337,411.4211744791671,93.7676425878344,0.48857142857142855,0.44857142857142857,0.0
PHASE 2,889,712000,712,1544.762361680383,1010.4596082551741,2084.1412227880583,387.297060416667,411.48737031250045,93.24724136890809,0.0,0.0,0.0
PHASE 2,890,712800,712,1544.7623616803828,1010.4596082551741,2084.1412227880583,387.2970604166669,411.48737031250033,93.24724136890809,0.33714285714285713,0.40857142857142853,0.0
PHASE 2,891,713600,712,1544.7623616803828,1010.4596082551741,2084.1412227880583,387.2970604166669,411.48737031250033,93.24724136890809,0.4142857142857143,0.39000000000000007,0.0
PHASE 2,892,714400,712,1544.7623616803828,1010.4596082551741,2084.1412227880583,387.2970604166669,411.48737031250033,93.24724136890809,0.43285714285714294,0.42000000000000004,0.0
PHASE 2,893,715200,712,1544.7623616803828,1010.4596082551741,2084.1412227880583,387.2970604166669,411.48737031250033,93.24724136890809,0.3657142857142857,0.3828571428571429,0.0
PHASE 2,894,716000,716,1546.4083160518983,1010.4596082551741,2084.1412227880583,388.0294093750004,411.83765677083363,93.31765623826418,0.0,0.0,0.0
PHASE 2,895,716800,716,1546.408316051898,1010.4596082551741,2084.1412227880583,388.02940937500034,411.83765677083363,93.31765623826418,0.43428571428571433,0.41714285714285715,0.0
PHASE 2,896,717600,716,1546.408316051898,1010.4596082551741,2084.1412227880583,388.02940937500034,411.83765677083363,93.31765623826418,0.5071428571428571,0.3642857142857143,0.0
PHASE 2,897,718400,716,1546.408316051898,1010.4596082551741,2084.1412227880583,388.02940937500034,411.83765677083363,93.31765623826418,0.3985714285714286,0.5128571428571429,0.0
PHASE 2,898,719200,716,1546.408316051898,1010.4596082551741,2084.1412227880583,388.02940937500034,411.83765677083363,93.31765623826418,0.43428571428571433,0.39,0.0
PHASE 2,899,720000,720,1544.1499674269894,1010.4596082551741,2084.1412227880583,386.862282291667,411.7933453125003,93.18679247785875,0.0,0.0,0.0
PHASE 2,900,720800,720,1544.149967426989,1010.4596082551741,2084.1412227880583,386.86228229166704,411.7933453125003,93.18679247785875,0.42857142857142866,0.38571428571428573,0.0
PHASE 2,901,721600,720,1544.149967426989,1010.4596082551741,2084.1412227880583,386.86228229166704,411.7933453125003,93.18679247785875,0.3685714285714286,0.45285714285714285,0.0
PHASE 2,902,722400,720,1544.149967426989,1010.4596082551741,2084.1412227880583,386.86228229166704,411.7933453125003,93.18679247785875,0.45,0.4257142857142856,0.0
PHASE 2,903,723200,720,1544.149967426989,1010.4596082551741,2084.1412227880583,386.86228229166704,411.7933453125003,93.18679247785875,0.4814285714285715,0.4257142857142858,0.0
PHASE 2,904,724000,724,1537.150112485835,1010.4596082551741,2084.1412227880583,388.3592614583337,406.65251822916696,92.7672915997977,0.0,0.0,0.0
PHASE 2,905,724800,724,1537.1501124858353,1010.4596082551741,2084.1412227880583,388.3592614583338,406.65251822916696,92.76729159979769,0.4314285714285714,0.45857142857142863,0.0
PHASE 2,906,725600,724,1537.1501124858353,1010.4596082551741,2084.1412227880583,388.3592614583338,406.65251822916696,92.76729159979769,0.3814285714285715,0.40857142857142853,0.0
PHASE 2,907,726400,724,1537.1501124858353,1010.4596082551741,2084.1412227880583,388.3592614583338,406.65251822916696,92.76729159979769,0.41428571428571426,0.4600000000000001,0.0
PHASE 2,908,727200,724,1537.1501124858353,1010.4596082551741,2084.1412227880583,388.3592614583338,406.65251822916696,92.76729159979769,0.49142857142857155,0.44857142857142857,0.0
PHASE 2,909,728000,728,1541.5219789084988,1010.4596082551741,2084.1412227880583,390.64959895833374,406.46038177083364,93.05149977242229,0.0,0.0,0.0
PHASE 2,910,728800,728,1541.521978908499,1010.4596082551741,2084.1412227880583,390.6495989583337,406.4603817708337,93.05149977242226,0.4057142857142858,0.48142857142857143,0.0
PHASE 2,911,729600,728,1541.521978908499,1010.4596082551741,2084.1412227880583,390.6495989583337,406.4603817708337,93.05149977242226,0.3785714285714286,0.45714285714285713,0.0
PHASE 2,912,730400,728,1541.521978908499,1010.4596082551741,2084.1412227880583,390.6495989583337,406.4603817708337,93.05149977242226,0.3871428571428572,0.3971428571428572,0.0
PHASE 2,913,731200,728,1541.521978908499,1010.4596082551741,2084.1412227880583,390.6495989583337,406.4603817708337,93.05149977242226,0.4114285714285715,0.4,0.0
PHASE 2,914,732000,732,1541.6829944507701,952.6009361101135,2084.1412227880583,388.56204062500035,408.7979515625003,93.04037528291448,0.0,0.0,0.0
PHASE 2,915,732800,732,1541.68299445077,952.6009361101135,2084.1412227880583,388.5620406250003,408.7979515625003,93.04037528291448,0.44142857142857145,0.4257142857142858,0.0
PHASE 2,916,733600,732,1541.68299445077,952.6009361101135,2084.1412227880583,388.5620406250003,408.7979515625003,93.04037528291448,0.5342857142857144,0.4314285714285715,0.0
PHASE 2,917,734400,732,1541.68299445077,952.6009361101135,2084.1412227880583,388.5620406250003,408.7979515625003,93.04037528291448,0.44000000000000006,0.3714285714285714,0.0
PHASE 2,918,735200,732,1541.68299445077,952.6009361101135,2084.1412227880583,388.5620406250003,408.7979515625003,93.04037528291448,0.36571428571428577,0.45000000000000007,0.0
PHASE 2,919,736000,736,1535.1689929937645,952.6009361101135,2084.1412227880583,391.84603645833363,402.15707447916697,92.64573525703881,0.0,0.0,0.0
PHASE 2,920,736800,736,1535.1689929937645,952.6009361101135,2084.1412227880583,391.84603645833363,402.1570744791669,92.64573525703884,0.42142857142857143,0.3828571428571429,0.0
PHASE 2,921,737600,736,1535.1689929937645,952.6009361101135,2084.1412227880583,391.84603645833363,402.1570744791669,92.64573525703884,0.45428571428571435,0.4714285714285714,0.0
PHASE 2,922,738400,736,1535.1689929937645,952.6009361101135,2084.1412227880583,391.84603645833363,402.1570744791669,92.64573525703884,0.40857142857142853,0.4471428571428572,0.0
PHASE 2,923,739200,736,1535.1689929937645,952.6009361101135,2084.1412227880583,391.84603645833363,402.1570744791669,92.64573525703884,0.39428571428571424,0.47428571428571437,0.0
PHASE 2,924,740000,740,1530.3936329845785,952.6009361101135,2084.1412227880583,392.11158333333367,399.11741927083364,92.39557879755712,0.0,0.0,0.0
PHASE 2,925,740800,740,1530.393632984578,952.6009361101135,2084.1412227880583,392.1115833333336,399.11741927083364,92.39557879755712,0.45999999999999996,0.3928571428571429,0.0
PHASE 2,926,741600,740,1530.393632984578,952.6009361101135,2084.1412227880583,392.1115833333336,399.11741927083364,92.39557879755712,0.41714285714285715,0.5628571428571428,0.0
PHASE 2,927,742400,740,1530.393632984578,952.6009361101135,2084.1412227880583,392.1115833333336,399.11741927083364,92.39557879755712,0.43999999999999995,0.4014285714285714,0.0
PHASE 2,928,743200,740,1530.393632984578,952.6009361101135,2084.1412227880583,392.1115833333336,399.11741927083364,92.39557879755712,0.4385714285714286,0.5257142857142857,0.0
PHASE 2,929,744000,744,1519.5356544007905,952.6009361101135,1946.7390117151526,389.9033406250002,395.06032968750037,91.82149801104198,0.0,0.0,0.0
PHASE 2,930,744800,744,1519.5356544007902,952.6009361101135,1946.7390117151526,389.90334062500034,395.0603296875002,91.82149801104198,0.4742857142857143,0.48571428571428577,0.0
PHASE 2,931,745600,744,1519.5356544007902,952.6009361101135,1946.7390117151526,389.90334062500034,395.0603296875002,91.82149801104198,0.4800000000000001,0.44000000000000006,0.0
PHASE 2,932,746400,744,1519.5356544007902,952.6009361101135,1946.7390117151526,389.90334062500034,395.0603296875002,91.82149801104198,0.4842857142857143,0.42428571428571427,0.0
PHASE 2,933,747200,744,1519.5356544007902,952.6009361101135,1946.7390117151526,389.90334062500034,395.0603296875002,91.82149801104198,0.4128571428571429,0.42857142857142866,0.0
PHASE 2,934,748000,748,1522.8207973233925,952.6009361101135,1946.7390117151526,392.3896770833337,393.82076770833356,92.07629406647142,0.0,0.0,0.0
PHASE 2,935,748800,748,1522.8207973233925,952.6009361101135,1946.7390117151526,392.3896770833336,393.82076770833356,92.07629406647142,0.4185714285714286,0.4357142857142858,0.0
PHASE 2,936,749600,748,1522.8207973233925,952.6009361101135,1946.7390117151526,392.3896770833336,393.82076770833356,92.07629406647142,0.49000000000000005,0.3928571428571429,0.0
PHASE 2,937,750400,748,1522.8207973233925,952.6009361101135,1946.7390117151526,392.3896770833336,393.82076770833356,92.07629406647142,0.39,0.38,0.0
PHASE 2,938,751200,748,1522.8207973233925,952.6009361101135,1946.7390117151526,392.3896770833336,393.82076770833356,92.07629406647142,0.48142857142857143,0.3828571428571429,0.0
PHASE 2,939,752000,752,1518.4326330510416,952.6009361101135,1946.7390117151526,392.59910625000026,390.3247656250003,91.93859514701067,0.0,0.0,0.0
PHASE 2,940,752800,752,1518.4326330510416,952.6009361101135,1946.7390117151526,392.59910625000026,390.32476562500045,91.93859514701067,0.43714285714285717,0.4385714285714285,0.0
PHASE 2,941,753600,752,1518.4326330510416,952.6009361101135,1946.7390117151526,392.59910625000026,390.32476562500045,91.93859514701067,0.4585714285714285,0.38,0.0
PHASE 2,942,754400,752,1518.4326330510416,952.6009361101135,1946.7390117151526,392.59910625000026,390.32476562500045,91.93859514701067,0.4514285714285714,0.4442857142857143,0.0
PHASE 2,943,755200,752,1518.4326330510416,952.6009361101135,1946.7390117151526,392.59910625000026,390.32476562500045,91.93859514701067,0.44142857142857145,0.4585714285714285,0.0
PHASE 2,944,756000,756,1518.6283189542373,952.6009361101135,1946.7390117151526,392.78895208333364,390.0401268229171,91.97490500600398,0.0,0.0,0.0
PHASE 2,945,756800,756,1518.6283189542376,952.6009361101135,1946.7390117151526,392.78895208333364,390.04012682291693,91.97490500600398,0.44571428571428573,0.40857142857142864,0.0
PHASE 2,946,757600,756,1518.6283189542376,952.6009361101135,1946.7390117151526,392.78895208333364,390.04012682291693,91.97490500600398,0.46142857142857147,0.5085714285714286,0.0
PHASE 2,947,758400,756,1518.6283189542376,952.6009361101135,1946.7390117151526,392.78895208333364,390.04012682291693,91.97490500600398,0.5214285714285715,0.49142857142857144,0.0
PHASE 2,948,759200,756,1518.6283189542376,952.6009361101135,1946.7390117151526,392.78895208333364,390.04012682291693,91.97490500600398,0.41714285714285715,0.4642857142857143,0.0
PHASE 2,949,760000,760,1522.3241543504964,952.6009361101135,1946.7390117151526,392.9561229166669,391.10456328125025,92.28293351907806,0.0,0.0,0.0
PHASE 2,950,760800,760,1522.3241543504962,952.6009361101135,1946.7390117151526,392.956122916667,391.10456328125025,92.28293351907806,0.44571428571428573,0.4514285714285715,0.0
PHASE 2,951,761600,760,1522.3241543504962,952.6009361101135,1946.7390117151526,392.956122916667,391.10456328125025,92.28293351907806,0.41000000000000003,0.44571428571428573,0.0
PHASE 2,952,762400,760,1522.3241543504962,952.6009361101135,1946.7390117151526,392.956122916667,391.10456328125025,92.28293351907806,0.5228571428571429,0.47000000000000003,0.0
PHASE 2,953,763200,760,1522.3241543504962,952.6009361101135,1946.7390117151526,392.956122916667,391.10456328125025,92.28293351907806,0.40428571428571436,0.4128571428571428,0.0
PHASE 2,954,764000,764,1523.3543843820225,952.6009361101135,1965.8255629222404,395.7724406250004,388.95469973958365,92.3284055021855,0.0,0.0,0.0
PHASE 2,955,764800,764,1523.3543843820232,952.6009361101135,1965.8255629222404,395.77244062500046,388.95469973958376,92.3284055021855,0.3671428571428572,0.4242857142857144,0.0
PHASE 2,956,765600,764,1523.3543843820232,952.6009361101135,1965.8255629222404,395.77244062500046,388.95469973958376,92.3284055021855,0.4714285714285714,0.3685714285714286,0.0
PHASE 2,957,766400,764,1523.3543843820232,952.6009361101135,1965.8255629222404,395.77244062500046,388.95469973958376,92.3284055021855,0.4257142857142857,0.41714285714285715,0.0
PHASE 2,958,767200,764,1523.3543843820232,952.6009361101135,1965.8255629222404,395.77244062500046,388.95469973958376,92.3284055021855,0.43428571428571433,0.43,0.0
PHASE 2,959,768000,768,1520.2612151689402,952.6009361101135,1965.8255629222404,396.89278854166713,386.23673203125037,92.14146182450841,0.0,0.0,0.0
PHASE 2,960,768800,768,1520.2612151689402,952.6009361101135,1965.8255629222404,396.89278854166696,386.2367320312503,92.14146182450841,0.43714285714285717,0.36142857142857143,0.0
PHASE 2,961,769600,768,1520.2612151689402,952.6009361101135,1965.8255629222404,396.89278854166696,386.2367320312503,92.14146182450841,0.4142857142857143,0.3157142857142857,0.0
PHASE 2,962,770400,768,1520.2612151689402,952.6009361101135,1965.8255629222404,396.89278854166696,386.2367320312503,92.14146182450841,0.30142857142857143,0.43285714285714283,0.0
PHASE 2,963,771200,768,1520.2612151689402,952.6009361101135,1965.8255629222404,396.89278854166696,386.2367320312503,92.14146182450841,0.49428571428571433,0.40285714285714286,0.0
PHASE 2,964,772000,772,1512.7355105011857,952.6009361101135,1965.8255629222404,396.79639791666705,382.79318932291704,91.64324040770556,0.0,0.0,0.0
PHASE 2,965,772800,772,1512.7355105011861,952.6009361101135,1965.8255629222404,396.796397916667,382.79318932291704,91.64324040770555,0.35285714285714287,0.3857142857142858,0.0
PHASE 2,966,773600,772,1512.7355105011861,952.6009361101135,1965.8255629222404,396.796397916667,382.79318932291704,91.64324040770555,0.4357142857142858,0.4185714285714286,0.0
PHASE 2,967,774400,772,1512.7355105011861,952.6009361101135,1965.8255629222404,396.796397916667,382.79318932291704,91.64324040770555,0.33142857142857146,0.3742857142857143,0.0
PHASE 2,968,775200,772,1512.7355105011861,952.6009361101135,1965.8255629222404,396.796397916667,382.79318932291704,91.64324040770555,0.33428571428571435,0.4128571428571429,0.0
PHASE 2,969,776000,776,1509.0947734048373,952.6009361101135,1965.8255629222404,400.93799270833364,376.2021539062504,91.49432834878704,0.0,0.0,0.0
PHASE 2,970,776800,776,1509.0947734048375,952.6009361101135,1965.8255629222404,400.9379927083337,376.2021539062503,91.49432834878706,0.44142857142857145,0.4185714285714286,0.0
PHASE 2,971,777600,776,1509.0947734048375,952.6009361101135,1965.8255629222404,400.9379927083337,376.2021539062503,91.49432834878706,0.51,0.4871428571428572,0.0
PHASE 2,972,778400,776,1509.0947734048375,952.6009361101135,1965.8255629222404,400.9379927083337,376.2021539062503,91.49432834878706,0.4885714285714286,0.4642857142857143,0.0
PHASE 2,973,779200,776,1509.0947734048375,952.6009361101135,1965.8255629222404,400.9379927083337,376.2021539062503,91.49432834878706,0.3728571428571429,0.45428571428571435,0.0
PHASE 2,974,780000,780,1511.3944312341523,952.6009361101135,1965.8255629222404,402.4866031250004,376.3302289062503,91.57219990036806,0.0,0.0,0.0
PHASE 2,975,780800,780,1511.3944312341523,952.6009361101135,1965.8255629222404,402.48660312500033,376.33022890625034,91.57219990036806,0.44428571428571423,0.3942857142857143,0.0
PHASE 2,976,781600,780,1511.3944312341523,952.6009361101135,1965.8255629222404,402.48660312500033,376.33022890625034,91.57219990036806,0.5085714285714286,0.4200000000000001,0.0
PHASE 2,977,782400,780,1511.3944312341523,952.6009361101135,1965.8255629222404,402.48660312500033,376.33022890625034,91.57219990036806,0.4128571428571429,0.4685714285714286,0.0
PHASE 2,978,783200,780,1511.3944312341523,952.6009361101135,1965.8255629222404,402.48660312500033,376.33022890625034,91.57219990036806,0.40714285714285714,0.49285714285714277,0.0
PHASE 2,979,784000,784,1501.2221126080542,952.6009361101135,1965.8255629222404,399.8970531250003,373.3063466145837,91.00233910856402,0.0,0.0,0.0
PHASE 2,980,784800,784,1501.2221126080547,952.6009361101135,1965.8255629222404,399.8970531250004,373.3063466145837,91.00233910856402,0.4628571428571429,0.43571428571428567,0.0
PHASE 2,981,785600,784,1501.2221126080547,952.6009361101135,1965.8255629222404,399.8970531250004,373.3063466145837,91.00233910856402,0.4871428571428571,0.41714285714285715,0.0
PHASE 2,982,786400,784,1501.2221126080547,952.6009361101135,1965.8255629222404,399.8970531250004,373.3063466145837,91.00233910856402,0.41428571428571426,0.3757142857142857,0.0
PHASE 2,983,787200,784,1501.2221126080547,952.6009361101135,1965.8255629222404,399.8970531250004,373.3063466145837,91.00233910856402,0.42857142857142866,0.4700000000000001,0.0
PHASE 2,984,788000,788,1507.9526061670267,952.6009361101135,1965.8255629222404,400.9647281250004,375.4878903645837,91.4374984596858,0.0,0.0,0.0
PHASE 2,985,788800,788,1507.9526061670265,952.6009361101135,1965.8255629222404,400.9647281250003,375.48789036458373,91.4374984596858,0.4614285714285714,0.4800000000000001,0.0
PHASE 2,986,789600,788,1507.9526061670265,952.6009361101135,1965.8255629222404,400.9647281250003,375.48789036458373,91.4374984596858,0.43,0.4242857142857144,0.0
PHASE 2,987,790400,788,1507.9526061670265,952.6009361101135,1965.8255629222404,400.9647281250003,375.48789036458373,91.4374984596858,0.37714285714285717,0.3885714285714286,0.0
PHASE 2,988,791200,788,1507.9526061670265,952.6009361101135,1965.8255629222404,400.9647281250003,375.48789036458373,91.4374984596858,0.42714285714285716,0.3685714285714286,0.0
PHASE 2,989,792000,792,1508.0194125832015,952.6009361101135,1965.8255629222404,401.37708541666694,374.87313411458376,91.47114913149917,0.0,0.0,0.0
PHASE 2,990,792800,792,1508.0194125832015,952.6009361101135,1965.8255629222404,401.37708541666694,374.87313411458376,91.47114913149917,0.40428571428571425,0.4628571428571429,0.0
PHASE 2,991,793600,792,1508.0194125832015,952.6009361101135,1965.8255629222404,401.37708541666694,374.87313411458376,91.47114913149917,0.38142857142857145,0.34714285714285714,0.0
PHASE 2,992,794400,792,1508.0194125832015,952.6009361101135,1965.8255629222404,401.37708541666694,374.87313411458376,91.47114913149917,0.35428571428571426,0.43571428571428567,0.0
PHASE 2,993,795200,792,1508.0194125832015,952.6009361101135,1965.8255629222404,401.37708541666694,374.87313411458376,91.47114913149917,0.35428571428571426,0.3871428571428571,0.0
PHASE 2,994,796000,796,1516.1362220251435,952.6009361101135,1965.8255629222404,402.0536562500003,378.84898307291695,91.9041978377836,0.0,0.0,0.0
PHASE 2,995,796800,796,1516.1362220251438,952.6009361101135,1965.8255629222404,402.05365625000036,378.848983072917,91.90419783778361,0.5,0.32,0.0
PHASE 2,996,797600,796,1516.1362220251438,952.6009361101135,1965.8255629222404,402.05365625000036,378.848983072917,91.90419783778361,0.33571428571428574,0.3485714285714286,0.0
PHASE 2,997,798400,796,1516.1362220251438,952.6009361101135,1965.8255629222404,402.05365625000036,378.848983072917,91.90419783778361,0.47714285714285704,0.47000000000000003,0.0
PHASE 2,998,799200,796,1516.1362220251438,952.6009361101135,1965.8255629222404,402.05365625000036,378.848983072917,91.90419783778361,0.4428571428571429,0.3871428571428571,0.0
PHASE 2,999,800000,800,1508.4604131178828,952.6009361101135,1965.8255629222404,399.1752312500003,378.11716432291695,91.3960021931259,0.0,0.0,0.0
PHASE 2,1000,800800,800,1508.4604131178828,952.6009361101135,1965.8255629222404,399.17523125000037,378.11716432291695,91.3960021931259,0.35857142857142865,0.4842857142857143,0.0
PHASE 2,1001,801600,800,1508.4604131178828,952.6009361101135,1965.8255629222404,399.17523125000037,378.11716432291695,91.3960021931259,0.3942857142857143,0.43285714285714294,0.0
PHASE 2,1002,802400,800,1508.4604131178828,952.6009361101135,1965.8255629222404,399.17523125000037,378.11716432291695,91.3960021931259,0.42428571428571427,0.3614285714285715,0.0
PHASE 2,1003,803200,800,1508.4604131178828,952.6009361101135,1965.8255629222404,399.17523125000037,378.11716432291695,91.3960021931259,0.5114285714285713,0.5071428571428572,0.0
PHASE 2,1004,804000,804,1518.725049970293,952.6009361101135,1965.8255629222404,400.140826041667,382.9066778645836,91.95969325801066,0.0,0.0,0.0
PHASE 2,1005,804800,804,1518.725049970293,952.6009361101135,1965.8255629222404,400.1408260416671,382.90667786458357,91.95969325801065,0.3585714285714286,0.33285714285714285,0.0
PHASE 2,1006,805600,804,1518.725049970293,952.6009361101135,1965.8255629222404,400.1408260416671,382.90667786458357,91.95969325801065,0.41428571428571426,0.37,0.0
PHASE 2,1007,806400,804,1518.725049970293,952.6009361101135,1965.8255629222404,400.1408260416671,382.90667786458357,91.95969325801065,0.41428571428571426,0.4557142857142857,0.0
PHASE 2,1008,807200,804,1518.725049970293,952.6009361101135,1965.8255629222404,400.1408260416671,382.90667786458357,91.95969325801065,0.48999999999999994,0.42428571428571427,0.0
PHASE 2,1009,808000,808,1522.920637088042,952.6009361101135,1965.8255629222404,401.9495104166671,383.41058828125017,92.19506729877108,0.0,0.0,0.0
PHASE 2,1010,808800,808,1522.920637088042,952.6009361101135,1965.8255629222404,401.949510416667,383.41058828125017,92.19506729877108,0.4114285714285715,0.37,0.0
PHASE 2,1011,809600,808,1522.920637088042,952.6009361101135,1965.8255629222404,401.949510416667,383.41058828125017,92.19506729877108,0.46142857142857147,0.4871428571428572,0.0
PHASE 2,1012,810400,808,1522.920637088042,952.6009361101135,1965.8255629222404,401.949510416667,383.41058828125017,92.19506729877108,0.37428571428571433,0.4471428571428572,0.0
PHASE 2,1013,811200,808,1522.920637088042,952.6009361101135,1965.8255629222404,401.949510416667,383.41058828125017,92.19506729877108,0.44142857142857145,0.4385714285714286,0.0
PHASE 2,1014,812000,812,1534.43978237593,952.6009361101135,2057.2987555192576,408.282697916667,383.2162007812503,92.8676104597572,0.0,0.0,0.0
PHASE 2,1015,812800,812,1534.4397823759296,952.6009361101135,2057.2987555192576,408.28269791666696,383.2162007812502,92.8676104597572,0.4428571428571429,0.33571428571428574,0.0
PHASE 2,1016,813600,812,1534.4397823759296,952.6009361101135,2057.2987555192576,408.28269791666696,383.2162007812502,92.8676104597572,0.3828571428571429,0.36142857142857143,0.0
PHASE 2,1017,814400,812,1534.4397823759296,952.6009361101135,2057.2987555192576,408.28269791666696,383.2162007812502,92.8676104597572,0.45428571428571435,0.4057142857142857,0.0
PHASE 2,1018,815200,812,1534.4397823759296,952.6009361101135,2057.2987555192576,408.28269791666696,383.2162007812502,92.8676104597572,0.4357142857142858,0.44571428571428573,0.0
PHASE 2,1019,816000,816,1533.1483374722766,796.2547517821271,2057.2987555192576,407.6790770833336,382.8416205729169,92.8284549770089,0.0,0.0,0.0
PHASE 2,1020,816800,816,1533.1483374722768,796.2547517821271,2057.2987555192576,407.6790770833336,382.84162057291695,92.8284549770089,0.4585714285714285,0.5585714285714285,0.0
PHASE 2,1021,817600,816,1533.1483374722768,796.2547517821271,2057.2987555192576,407.6790770833336,382.84162057291695,92.8284549770089,0.36571428571428577,0.35000000000000003,0.0
PHASE 2,1022,818400,816,1533.1483374722768,796.2547517821271,2057.2987555192576,407.6790770833336,382.84162057291695,92.8284549770089,0.35285714285714287,0.4557142857142858,0.0
PHASE 2,1023,819200,816,1533.1483374722768,796.2547517821271,2057.2987555192576,407.6790770833336,382.84162057291695,92.8284549770089,0.41142857142857137,0.4471428571428572,0.0
PHASE 2,1024,820000,820,1529.8596109904047,796.2547517821271,2057.2987555192576,409.32075833333363,379.16483723958356,92.67175192719147,0.0,0.0,0.0
PHASE 2,1025,820800,820,1529.8596109904047,796.2547517821271,2057.2987555192576,409.32075833333374,379.1648372395837,92.67175192719147,0.4771428571428572,0.42142857142857143,0.0
PHASE 2,1026,821600,820,1529.8596109904047,796.2547517821271,2057.2987555192576,409.32075833333374,379.1648372395837,92.67175192719147,0.42285714285714293,0.4,0.0
PHASE 2,1027,822400,820,1529.8596109904047,796.2547517821271,2057.2987555192576,409.32075833333374,379.1648372395837,92.67175192719147,0.47857142857142854,0.4685714285714286,0.0
PHASE 2,1028,823200,820,1529.8596109904047,796.2547517821271,2057.2987555192576,409.32075833333374,379.1648372395837,92.67175192719147,0.5385714285714286,0.45714285714285713,0.0
PHASE 2,1029,824000,824,1540.8959565053397,796.2547517821271,2057.2987555192576,406.855647916667,387.2666934895837,93.34670188739176,0.0,0.0,0.0
PHASE 2,1030,824800,824,1540.8959565053394,796.2547517821271,2057.2987555192576,406.855647916667,387.26669348958364,93.34670188739176,0.4542857142857143,0.37857142857142856,0.0
PHASE 2,1031,825600,824,1540.8959565053394,796.2547517821271,2057.2987555192576,406.855647916667,387.26669348958364,93.34670188739176,0.3885714285714286,0.4200000000000001,0.0
PHASE 2,1032,826400,824,1540.8959565053394,796.2547517821271,2057.2987555192576,406.855647916667,387.26669348958364,93.34670188739176,0.4800000000000001,0.5114285714285716,0.0
PHASE 2,1033,827200,824,1540.8959565053394,796.2547517821271,2057.2987555192576,406.855647916667,387.26669348958364,93.34670188739176,0.46714285714285725,0.4885714285714286,0.0
PHASE 2,1034,828000,828,1535.327458380131,796.2547517821271,2057.2987555192576,402.16451875000035,389.6181080729169,92.9431039446572,0.0,0.0,0.0
PHASE 2,1035,828800,828,1535.3274583801312,796.2547517821271,2057.2987555192576,402.16451875000035,389.6181080729169,92.9431039446572,0.37142857142857144,0.34571428571428575,0.0
PHASE 2,1036,829600,828,1535.3274583801312,796.2547517821271,2057.2987555192576,402.16451875000035,389.6181080729169,92.9431039446572,0.4828571428571428,0.4357142857142858,0.0
PHASE 2,1037,830400,828,1535.3274583801312,796.2547517821271,2057.2987555192576,402.16451875000035,389.6181080729169,92.9431039446572,0.4357142857142858,0.49000000000000005,0.0
PHASE 2,1038,831200,828,1535.3274583801312,796.2547517821271,2057.2987555192576,402.16451875000035,389.6181080729169,92.9431039446572,0.4585714285714285,0.3871428571428571,0.0
PHASE 2,1039,832000,832,1535.6670074538297,796.2547517821271,2057.2987555192576,403.2583062500003,388.9603497395836,92.9310439330361,0.0,0.0,0.0
PHASE 2,1040,832800,832,1535.6670074538292,796.2547517821271,2057.2987555192576,403.25830625000026,388.9603497395836,92.9310439330361,0.47857142857142865,0.4028571428571429,0.0
PHASE 2,1041,833600,832,1535.6670074538292,796.2547517821271,2057.2987555192576,403.25830625000026,388.9603497395836,92.9310439330361,0.3628571428571429,0.43285714285714283,0.0
PHASE 2,1042,834400,832,1535.6670074538292,796.2547517821271,2057.2987555192576,403.25830625000026,388.9603497395836,92.9310439330361,0.4028571428571429,0.42428571428571427,0.0
PHASE 2,1043,835200,832,1535.6670074538292,796.2547517821271,2057.2987555192576,403.25830625000026,388.9603497395836,92.9310439330361,0.4314285714285715,0.5242857142857142,0.0
PHASE 2,1044,836000,836,1542.6218128546743,796.2547517821271,2057.2987555192576,400.52013541666696,395.82672057291694,93.28436960814173,0.0,0.0,0.0
PHASE 2,1045,836800,836,1542.6218128546743,796.2547517821271,2057.2987555192576,400.52013541666696,395.82672057291694,93.28436960814173,0.32,0.3571428571428572,0.0
PHASE 2,1046,837600,836,1542.6218128546743,796.2547517821271,2057.2987555192576,400.52013541666696,395.82672057291694,93.28436960814173,0.3771428571428571,0.3571428571428571,0.0
PHASE 2,1047,838400,836,1542.6218128546743,796.2547517821271,2057.2987555192576,400.52013541666696,395.82672057291694,93.28436960814173,0.44142857142857145,0.47857142857142854,0.0
PHASE 2,1048,839200,836,1542.6218128546743,796.2547517821271,2057.2987555192576,400.52013541666696,395.82672057291694,93.28436960814173,0.4571428571428572,0.4514285714285714,0.0
PHASE 2,1049,840000,840,1553.1049145906436,796.2547517821271,2057.2987555192576,400.813079166667,401.3099414062503,93.87273675222136,0.0,0.0,0.0
PHASE 2,1050,840800,840,1553.1049145906438,796.2547517821271,2057.2987555192576,400.813079166667,401.3099414062503,93.87273675222136,0.41571428571428565,0.36571428571428577,0.0
PHASE 2,1051,841600,840,1553.1049145906438,796.2547517821271,2057.2987555192576,400.813079166667,401.3099414062503,93.87273675222136,0.3928571428571429,0.4257142857142858,0.0
PHASE 2,1052,842400,840,1553.1049145906438,796.2547517821271,2057.2987555192576,400.813079166667,401.3099414062503,93.87273675222136,0.4185714285714286,0.40428571428571425,0.0
PHASE 2,1053,843200,840,1553.1049145906438,796.2547517821271,2057.2987555192576,400.813079166667,401.3099414062503,93.87273675222136,0.40857142857142864,0.35571428571428576,0.0
PHASE 2,1054,844000,844,1566.4045466831997,796.2547517821271,2091.629844874389,401.4009468750003,408.799604947917,94.52549935754087,0.0,0.0,0.0
PHASE 2,1055,844800,844,1566.404546683199,796.2547517821271,2091.629844874389,401.4009468750003,408.799604947917,94.52549935754087,0.42142857142857143,0.48,0.0
PHASE 2,1056,845600,844,1566.404546683199,796.2547517821271,2091.629844874389,401.4009468750003,408.799604947917,94.52549935754087,0.42285714285714276,0.472857142857143,0.0
PHASE 2,1057,846400,844,1566.404546683199,796.2547517821271,2091.629844874389,401.4009468750003,408.799604947917,94.52549935754087,0.39428571428571435,0.42714285714285716,0.0
PHASE 2,1058,847200,844,1566.404546683199,796.2547517821271,2091.629844874389,401.4009468750003,408.799604947917,94.52549935754087,0.4685714285714287,0.45285714285714285,0.0
PHASE 2,1059,848000,848,1574.5745475078975,796.2547517821271,2091.629844874389,406.68568645833363,409.0245622395836,94.85803735125317,0.0,0.0,0.0
PHASE 2,1060,848800,848,1574.5745475078977,796.2547517821271,2091.629844874389,406.6856864583335,409.0245622395836,94.85803735125317,0.4,0.47714285714285715,0.0
PHASE 2,1061,849600,848,1574.5745475078977,796.2547517821271,2091.629844874389,406.6856864583335,409.0245622395836,94.85803735125317,0.44142857142857145,0.36142857142857143,0.0
PHASE 2,1062,850400,848,1574.5745475078977,796.2547517821271,2091.629844874389,406.6856864583335,409.0245622395836,94.85803735125317,0.42142857142857154,0.4471428571428572,0.0
PHASE 2,1063,851200,848,1574.5745475078977,796.2547517821271,2091.629844874389,406.6856864583335,409.0245622395836,94.85803735125317,0.5142857142857143,0.4057142857142858,0.0
PHASE 2,1064,852000,852,1584.8437666539803,796.2547517821271,2307.345876987469,404.6591645833336,416.5265320312503,95.4572587549303,0.0,0.0,0.0
PHASE 2,1065,852800,852,1584.8437666539803,796.2547517821271,2307.345876987469,404.6591645833336,416.52653203125027,95.4572587549303,0.4442857142857143,0.4142857142857143,0.0
PHASE 2,1066,853600,852,1584.8437666539803,796.2547517821271,2307.345876987469,404.6591645833336,416.52653203125027,95.4572587549303,0.48571428571428577,0.44571428571428584,0.0
PHASE 2,1067,854400,852,1584.8437666539803,796.2547517821271,2307.345876987469,404.6591645833336,416.52653203125027,95.4572587549303,0.41,0.43571428571428567,0.0
PHASE 2,1068,855200,852,1584.8437666539803,796.2547517821271,2307.345876987469,404.6591645833336,416.52653203125027,95.4572587549303,0.43714285714285717,0.44857142857142857,0.0
PHASE 2,1069,856000,856,1608.4397350705353,796.2547517821271,2307.345876987469,412.29869687500025,422.2032812500003,96.74221961819774,0.0,0.0,0.0
PHASE 2,1070,856800,856,1608.4397350705353,796.2547517821271,2307.345876987469,412.2986968750003,422.2032812500003,96.74221961819774,0.4871428571428572,0.36571428571428577,0.0
PHASE 2,1071,857600,856,1608.4397350705353,796.2547517821271,2307.345876987469,412.2986968750003,422.2032812500003,96.74221961819774,0.5042857142857142,0.3642857142857144,0.0
PHASE 2,1072,858400,856,1608.4397350705353,796.2547517821271,2307.345876987469,412.2986968750003,422.2032812500003,96.74221961819774,0.4385714285714285,0.3714285714285715,0.0
PHASE 2,1073,859200,856,1608.4397350705353,796.2547517821271,2307.345876987469,412.2986968750003,422.2032812500003,96.74221961819774,0.38571428571428573,0.4814285714285715,0.0
PHASE 2,1074,860000,860,1610.4309384794758,796.2547517821271,2307.345876987469,413.92111822916695,422.31095625000023,96.7748580000444,0.0,0.0,0.0
PHASE 2,1075,860800,860,1610.430938479476,796.2547517821271,2307.345876987469,413.92111822916695,422.3109562500003,96.7748580000444,0.39142857142857146,0.3971428571428572,0.0
PHASE 2,1076,861600,860,1610.430938479476,796.2547517821271,2307.345876987469,413.92111822916695,422.3109562500003,96.7748580000444,0.43285714285714294,0.5028571428571429,0.0
PHASE 2,1077,862400,860,1610.430938479476,796.2547517821271,2307.345876987469,413.92111822916695,422.3109562500003,96.7748580000444,0.41000000000000003,0.4428571428571429,0.0
PHASE 2,1078,863200,860,1610.430938479476,796.2547517821271,2307.345876987469,413.92111822916695,422.3109562500003,96.7748580000444,0.44857142857142857,0.36428571428571427,0.0
PHASE 2,1079,864000,864,1607.2525821433935,796.2547517821271,2307.345876987469,411.2383328125004,423.01327708333366,96.6251215309507,0.0,0.0,0.0
PHASE 2,1080,864800,864,1607.2525821433933,796.2547517821271,2307.345876987469,411.2383328125003,423.01327708333366,96.6251215309507,0.5271428571428571,0.4600000000000001,0.0
PHASE 2,1081,865600,864,1607.2525821433933,796.2547517821271,2307.345876987469,411.2383328125003,423.01327708333366,96.6251215309507,0.40428571428571425,0.4471428571428572,0.0
PHASE 2,1082,866400,864,1607.2525821433933,796.2547517821271,2307.345876987469,411.2383328125003,423.01327708333366,96.6251215309507,0.34571428571428575,0.3985714285714286,0.0
PHASE 2,1083,867200,864,1607.2525821433933,796.2547517821271,2307.345876987469,411.2383328125003,423.01327708333366,96.6251215309507,0.42000000000000004,0.4128571428571428,0.0
PHASE 2,1084,868000,868,1619.2549890741534,796.2547517821271,2307.345876987469,412.93812968750035,428.08340416666704,97.27918190250416,0.0,0.0,0.0
PHASE 2,1085,868800,868,1619.2549890741536,796.2547517821271,2307.345876987469,412.93812968750035,428.0834041666669,97.27918190250419,0.4257142857142857,0.4800000000000001,0.0
PHASE 2,1086,869600,868,1619.2549890741536,796.2547517821271,2307.345876987469,412.93812968750035,428.0834041666669,97.27918190250419,0.4957142857142857,0.3914285714285714,0.0
PHASE 2,1087,870400,868,1619.2549890741536,796.2547517821271,2307.345876987469,412.93812968750035,428.0834041666669,97.27918190250419,0.44571428571428573,0.4014285714285714,0.0
PHASE 2,1088,871200,868,1619.2549890741536,796.2547517821271,2307.345876987469,412.93812968750035,428.0834041666669,97.27918190250419,0.4442857142857143,0.4628571428571428,0.0
PHASE 2,1089,872000,872,1628.2989071589848,796.2547517821271,2307.345876987469,414.8918786458337,431.64887500000026,97.71976918914984,0.0,0.0,0.0
PHASE 2,1090,872800,872,1628.2989071589848,796.2547517821271,2307.345876987469,414.89187864583363,431.6488750000003,97.71976918914984,0.4057142857142857,0.49142857142857144,0.0
PHASE 2,1091,873600,872,1628.2989071589848,796.2547517821271,2307.345876987469,414.89187864583363,431.6488750000003,97.71976918914984,0.4128571428571429,0.48571428571428577,0.0
PHASE 2,1092,874400,872,1628.2989071589848,796.2547517821271,2307.345876987469,414.89187864583363,431.6488750000003,97.71976918914984,0.3314285714285715,0.4271428571428572,0.0
PHASE 2,1093,875200,872,1628.2989071589848,796.2547517821271,2307.345876987469,414.89187864583363,431.6488750000003,97.71976918914984,0.4871428571428572,0.4200000000000001,0.0
PHASE 2,1094,876000,876,1634.9445080707978,796.2547517821271,2307.345876987469,414.2369473958336,436.1656552083337,98.06773818333502,0.0,0.0,0.0
PHASE 2,1095,876800,876,1634.9445080707983,796.2547517821271,2307.345876987469,414.2369473958336,436.1656552083337,98.06773818333502,0.4928571428571429,0.40857142857142853,0.0
PHASE 2,1096,877600,876,1634.9445080707983,796.2547517821271,2307.345876987469,414.2369473958336,436.1656552083337,98.06773818333502,0.39714285714285713,0.5,0.0
PHASE 2,1097,878400,876,1634.9445080707983,796.2547517821271,2307.345876987469,414.2369473958336,436.1656552083337,98.06773818333502,0.46571428571428575,0.39714285714285724,0.0
PHASE 2,1098,879200,876,1634.9445080707983,796.2547517821271,2307.345876987469,414.2369473958336,436.1656552083337,98.06773818333502,0.4842857142857143,0.46142857142857147,0.0
PHASE 2,1099,880000,880,1641.524321381943,796.2547517821271,2307.345876987469,415.13167552083365,438.72881979166704,98.45797825868664,0.0,0.0,0.0
PHASE 2,1100,880800,880,1641.5243213819426,796.2547517821271,2307.345876987469,415.13167552083354,438.728819791667,98.45797825868662,0.46142857142857147,0.3871428571428572,0.0
PHASE 2,1101,881600,880,1641.5243213819426,796.2547517821271,2307.345876987469,415.13167552083354,438.728819791667,98.45797825868662,0.3971428571428572,0.41,0.0
PHASE 2,1102,882400,880,1641.5243213819426,796.2547517821271,2307.345876987469,415.13167552083354,438.728819791667,98.45797825868662,0.4542857142857143,0.4685714285714287,0.0
PHASE 2,1103,883200,880,1641.5243213819426,796.2547517821271,2307.345876987469,415.13167552083354,438.728819791667,98.45797825868662,0.5328571428571428,0.5171428571428571,0.0
PHASE 2,1104,884000,884,1656.35927551766,796.2547517821271,2307.345876987469,416.7577442708336,445.40405000000027,99.27468515586003,0.0,0.0,0.0
PHASE 2,1105,884800,884,1656.3592755176599,796.2547517821271,2307.345876987469,416.7577442708336,445.40405000000027,99.27468515586003,0.4442857142857143,0.5357142857142857,0.0
PHASE 2,1106,885600,884,1656.3592755176599,796.2547517821271,2307.345876987469,416.7577442708336,445.40405000000027,99.27468515586003,0.44571428571428573,0.43428571428571433,0.0
PHASE 2,1107,886400,884,1656.3592755176599,796.2547517821271,2307.345876987469,416.7577442708336,445.40405000000027,99.27468515586003,0.34714285714285714,0.4200000000000001,0.0
PHASE 2,1108,887200,884,1656.3592755176599,796.2547517821271,2307.345876987469,416.7577442708336,445.40405000000027,99.27468515586003,0.3857142857142858,0.43428571428571433,0.0
PHASE 2,1109,888000,888,1666.172163042475,796.2547517821271,2307.345876987469,421.14177968750033,446.7301333333336,99.78753125271214,0.0,0.0,0.0
PHASE 2,1110,888800,888,1666.1721630424754,796.2547517821271,2307.345876987469,421.14177968750033,446.73013333333364,99.78753125271214,0.3857142857142858,0.3942857142857143,0.0
PHASE 2,1111,889600,888,1666.1721630424754,796.2547517821271,2307.345876987469,421.14177968750033,446.73013333333364,99.78753125271214,0.45285714285714285,0.4928571428571429,0.0
PHASE 2,1112,890400,888,1666.1721630424754,796.2547517821271,2307.345876987469,421.14177968750033,446.73013333333364,99.78753125271214,0.43428571428571433,0.41142857142857137,0.0
PHASE 2,1113,891200,888,1666.1721630424754,796.2547517821271,2307.345876987469,421.14177968750033,446.73013333333364,99.78753125271214,0.42285714285714276,0.5228571428571429,0.0
PHASE 2,1114,892000,892,1680.8543024208163,796.2547517821271,2307.345876987469,426.5243411458336,449.5504854166669,100.5974344822967,0.0,0.0,0.0
PHASE 2,1115,892800,892,1680.8543024208159,796.2547517821271,2307.345876987469,426.52434114583355,449.5504854166669,100.5974344822967,0.43999999999999995,0.4257142857142858,0.0
PHASE 2,1116,893600,892,1680.8543024208159,796.2547517821271,2307.345876987469,426.52434114583355,449.5504854166669,100.5974344822967,0.4314285714285714,0.5,0.0
PHASE 2,1117,894400,892,1680.8543024208159,796.2547517821271,2307.345876987469,426.52434114583355,449.5504854166669,100.5974344822967,0.4014285714285715,0.38,0.0
PHASE 2,1118,895200,892,1680.8543024208159,796.2547517821271,2307.345876987469,426.52434114583355,449.5504854166669,100.5974344822967,0.4714285714285714,0.40428571428571425,0.0
PHASE 2,1119,896000,896,1680.2987411366287,796.2547517821271,2307.345876987469,428.5379286458335,446.8847562500003,100.60950703010676,0.0,0.0,0.0
PHASE 2,1120,896800,896,1680.298741136629,796.2547517821271,2307.345876987469,428.5379286458337,446.88475625000024,100.60950703010676,0.4685714285714286,0.35285714285714287,0.0
PHASE 2,1121,897600,896,1680.298741136629,796.2547517821271,2307.345876987469,428.5379286458337,446.88475625000024,100.60950703010676,0.48999999999999994,0.3485714285714286,0.0
PHASE 2,1122,898400,896,1680.298741136629,796.2547517821271,2307.345876987469,428.5379286458337,446.88475625000024,100.60950703010676,0.44142857142857145,0.4257142857142857,0.0
PHASE 2,1123,899200,896,1680.298741136629,796.2547517821271,2307.345876987469,428.5379286458337,446.88475625000024,100.60950703010676,0.39142857142857146,0.39,0.0
PHASE 2,1124,900000,900,1703.0697938699961,796.2547517821271,2359.01478829803,436.1607171875003,451.6833427083336,101.90321674677783,0.0,0.0,0.0
PHASE 2,1125,900800,900,1703.0697938699961,796.2547517821271,2359.01478829803,436.1607171875002,451.6833427083336,101.90321674677783,0.4385714285714286,0.32571428571428573,0.0
PHASE 2,1126,901600,900,1703.0697938699961,796.2547517821271,2359.01478829803,436.1607171875002,451.6833427083336,101.90321674677783,0.5,0.35571428571428576,0.0
PHASE 2,1127,902400,900,1703.0697938699961,796.2547517821271,2359.01478829803,436.1607171875002,451.6833427083336,101.90321674677783,0.5471428571428572,0.3957142857142858,0.0
PHASE 2,1128,903200,900,1703.0697938699961,796.2547517821271,2359.01478829803,436.1607171875002,451.6833427083336,101.90321674677783,0.4142857142857143,0.4142857142857143,0.0
PHASE 2,1129,904000,904,1715.5547365727666,796.2547517821271,2359.01478829803,440.92741093750027,454.1360760416669,102.5614061992076,0.0,0.0,0.0
PHASE 2,1130,904800,904,1715.554736572767,796.2547517821271,2359.01478829803,440.9274109375003,454.13607604166697,102.5614061992076,0.40714285714285714,0.42142857142857143,0.0
PHASE 2,1131,905600,904,1715.554736572767,796.2547517821271,2359.01478829803,440.9274109375003,454.13607604166697,102.5614061992076,0.38285714285714284,0.40714285714285714,0.0
PHASE 2,1132,906400,904,1715.554736572767,796.2547517821271,2359.01478829803,440.9274109375003,454.13607604166697,102.5614061992076,0.4842857142857143,0.32,0.0
PHASE 2,1133,907200,904,1715.554736572767,796.2547517821271,2359.01478829803,440.9274109375003,454.13607604166697,102.5614061992076,0.46571428571428564,0.40428571428571425,0.0
PHASE 2,1134,908000,908,1714.8057647589442,796.2547517821271,2359.01478829803,439.210605729167,455.50854479166696,102.51082677977124,0.0,0.0,0.0
PHASE 2,1135,908800,908,1714.8057647589446,796.2547517821271,2359.01478829803,439.2106057291669,455.508544791667,102.51082677977124,0.45857142857142863,0.41000000000000003,0.0
PHASE 2,1136,909600,908,1714.8057647589446,796.2547517821271,2359.01478829803,439.2106057291669,455.508544791667,102.51082677977124,0.42000000000000004,0.3742857142857143,0.0
PHASE 2,1137,910400,908,1714.8057647589446,796.2547517821271,2359.01478829803,439.2106057291669,455.508544791667,102.51082677977124,0.4014285714285714,0.4142857142857144,0.0
PHASE 2,1138,911200,908,1714.8057647589446,796.2547517821271,2359.01478829803,439.2106057291669,455.508544791667,102.51082677977124,0.4757142857142857,0.36714285714285716,0.0
PHASE 2,1139,912000,912,1725.4012176690237,796.2547517821271,2432.2797742469647,443.10314635416694,457.14444687500037,103.14420305498945,0.0,0.0,0.0
PHASE 2,1140,912800,912,1725.4012176690233,796.2547517821271,2432.2797742469647,443.10314635416694,457.1444468750003,103.14420305498945,0.35428571428571426,0.42000000000000004,0.0
PHASE 2,1141,913600,912,1725.4012176690233,796.2547517821271,2432.2797742469647,443.10314635416694,457.1444468750003,103.14420305498945,0.4142857142857143,0.45,0.0
PHASE 2,1142,914400,912,1725.4012176690233,796.2547517821271,2432.2797742469647,443.10314635416694,457.1444468750003,103.14420305498945,0.45857142857142863,0.4442857142857143,0.0
PHASE 2,1143,915200,912,1725.4012176690233,796.2547517821271,2432.2797742469647,443.10314635416694,457.1444468750003,103.14420305498945,0.42000000000000004,0.46142857142857147,0.0
PHASE 2,1144,916000,916,1741.051613686804,932.7613652958175,2432.2797742469647,448.21203281250024,460.14147916666695,104.08726271346221,0.0,0.0,0.0
PHASE 2,1145,916800,916,1741.051613686804,932.7613652958175,2432.2797742469647,448.21203281250035,460.14147916666684,104.08726271346218,0.34714285714285714,0.43428571428571433,0.0
PHASE 2,1146,917600,916,1741.051613686804,932.7613652958175,2432.2797742469647,448.21203281250035,460.14147916666684,104.08726271346218,0.4614285714285714,0.38,0.0
PHASE 2,1147,918400,916,1741.051613686804,932.7613652958175,2432.2797742469647,448.21203281250035,460.14147916666684,104.08726271346218,0.5228571428571429,0.3485714285714286,0.0
PHASE 2,1148,919200,916,1741.051613686804,932.7613652958175,2432.2797742469647,448.21203281250035,460.14147916666684,104.08726271346218,0.4257142857142858,0.5214285714285715,0.0
PHASE 2,1149,920000,920,1753.3392137406047,932.7613652958175,2432.2797742469647,449.35407968750025,465.12244479166685,104.85783615768749,0.0,0.0,0.0
PHASE 2,1150,920800,920,1753.3392137406051,932.7613652958175,2432.2797742469647,449.35407968750025,465.1224447916669,104.85783615768749,0.37857142857142856,0.41000000000000003,0.0
PHASE 2,1151,921600,920,1753.3392137406051,932.7613652958175,2432.2797742469647,449.35407968750025,465.1224447916669,104.85783615768749,0.4571428571428572,0.44571428571428573,0.0
PHASE 2,1152,922400,920,1753.3392137406051,932.7613652958175,2432.2797742469647,449.35407968750025,465.1224447916669,104.85783615768749,0.45428571428571435,0.35714285714285715,0.0
PHASE 2,1153,923200,920,1753.3392137406051,932.7613652958175,2432.2797742469647,449.35407968750025,465.1224447916669,104.85783615768749,0.36571428571428577,0.42000000000000004,0.0
PHASE 2,1154,924000,924,1751.2676240658036,932.7613652958175,2432.2797742469647,454.2126859375002,459.264844791667,104.72376166708723,0.0,0.0,0.0
PHASE 2,1155,924800,924,1751.2676240658031,932.7613652958175,2432.2797742469647,454.2126859375003,459.264844791667,104.72376166708726,0.4471428571428572,0.4314285714285714,0.0
PHASE 2,1156,925600,924,1751.2676240658031,932.7613652958175,2432.2797742469647,454.2126859375003,459.264844791667,104.72376166708726,0.4057142857142858,0.41714285714285715,0.0
PHASE 2,1157,926400,924,1751.2676240658031,932.7613652958175,2432.2797742469647,454.2126859375003,459.264844791667,104.72376166708726,0.43999999999999995,0.47285714285714275,0.0
PHASE 2,1158,927200,924,1751.2676240658031,932.7613652958175,2432.2797742469647,454.2126859375003,459.264844791667,104.72376166708726,0.4128571428571429,0.4542857142857143,0.0
PHASE 2,1159,928000,928,1762.679054064513,932.7613652958175,2432.2797742469647,460.8474578125003,458.1457864583337,105.46072622421785,0.0,0.0,0.0
PHASE 2,1160,928800,928,1762.6790540645131,932.7613652958175,2432.2797742469647,460.8474578125003,458.1457864583336,105.46072622421785,0.48285714285714293,0.40428571428571425,0.0
PHASE 2,1161,929600,928,1762.6790540645131,932.7613652958175,2432.2797742469647,460.8474578125003,458.1457864583336,105.46072622421785,0.44571428571428573,0.4557142857142857,0.0
PHASE 2,1162,930400,928,1762.6790540645131,932.7613652958175,2432.2797742469647,460.8474578125003,458.1457864583336,105.46072622421785,0.4114285714285715,0.4185714285714286,0.0
PHASE 2,1163,931200,928,1762.6790540645131,932.7613652958175,2432.2797742469647,460.8474578125003,458.1457864583336,105.46072622421785,0.47285714285714275,0.4685714285714286,0.0
PHASE 2,1164,932000,932,1785.066516329524,932.7613652958175,2432.2797742469647,469.7830307291669,460.86486458333354,106.80232762713604,0.0,0.0,0.0
PHASE 2,1165,932800,932,1785.066516329524,932.7613652958175,2432.2797742469647,469.783030729167,460.8648645833336,106.80232762713604,0.39714285714285713,0.40857142857142864,0.0
PHASE 2,1166,933600,932,1785.066516329524,932.7613652958175,2432.2797742469647,469.783030729167,460.8648645833336,106.80232762713604,0.4185714285714286,0.4,0.0
PHASE 2,1167,934400,932,1785.066516329524,932.7613652958175,2432.2797742469647,469.783030729167,460.8648645833336,106.80232762713604,0.4714285714285714,0.4428571428571428,0.0
PHASE 2,1168,935200,932,1785.066516329524,932.7613652958175,2432.2797742469647,469.783030729167,460.8648645833336,106.80232762713604,0.5342857142857144,0.4,0.0
PHASE 2,1169,936000,936,1799.0753424672841,932.7613652958175,2432.2797742469647,476.70650885416694,461.085247916667,107.66044821206448,0.0,0.0,0.0
PHASE 2,1170,936800,936,1799.0753424672841,932.7613652958175,2432.2797742469647,476.7065088541669,461.085247916667,107.66044821206445,0.43714285714285717,0.39,0.0
PHASE 2,1171,937600,936,1799.0753424672841,932.7613652958175,2432.2797742469647,476.7065088541669,461.085247916667,107.66044821206445,0.46142857142857147,0.3914285714285714,0.0
PHASE 2,1172,938400,936,1799.0753424672841,932.7613652958175,2432.2797742469647,476.7065088541669,461.085247916667,107.66044821206445,0.4200000000000001,0.4557142857142857,0.0
PHASE 2,1173,939200,936,1799.0753424672841,932.7613652958175,2432.2797742469647,476.7065088541669,461.085247916667,107.66044821206445,0.3714285714285715,0.4214285714285714,0.0
PHASE 2,1174,940000,940,1812.3513273337567,932.7613652958175,2432.2797742469647,482.63975989583355,462.09458229166694,108.45212314329025,0.0,0.0,0.0
PHASE 2,1175,940800,940,1812.3513273337564,932.7613652958175,2432.2797742469647,482.6397598958336,462.09458229166705,108.45212314329025,0.45428571428571435,0.4000000000000001,0.0
PHASE 2,1176,941600,940,1812.3513273337564,932.7613652958175,2432.2797742469647,482.6397598958336,462.09458229166705,108.45212314329025,0.4514285714285714,0.4142857142857143,0.0
PHASE 2,1177,942400,940,1812.3513273337564,932.7613652958175,2432.2797742469647,482.6397598958336,462.09458229166705,108.45212314329025,0.48571428571428577,0.3757142857142858,0.0
PHASE 2,1178,943200,940,1812.3513273337564,932.7613652958175,2432.2797742469647,482.6397598958336,462.09458229166705,108.45212314329025,0.44571428571428573,0.32428571428571434,0.0
PHASE 2,1179,944000,944,1809.0513605989315,932.7613652958175,2432.2797742469647,481.54237343750026,460.12779687500034,108.42264878581213,0.0,0.0,0.0
PHASE 2,1180,944800,944,1809.0513605989318,932.7613652958175,2432.2797742469647,481.5423734375004,460.12779687500023,108.42264878581213,0.4428571428571429,0.4671428571428572,0.0
PHASE 2,1181,945600,944,1809.0513605989318,932.7613652958175,2432.2797742469647,481.5423734375004,460.12779687500023,108.42264878581213,0.39,0.4142857142857143,0.0
PHASE 2,1182,946400,944,1809.0513605989318,932.7613652958175,2432.2797742469647,481.5423734375004,460.12779687500023,108.42264878581213,0.4385714285714286,0.4514285714285714,0.0
PHASE 2,1183,947200,944,1809.0513605989318,932.7613652958175,2432.2797742469647,481.5423734375004,460.12779687500023,108.42264878581213,0.4014285714285714,0.5014285714285714,0.0
PHASE 2,1184,948000,948,1820.8498992408342,932.7613652958175,2432.2797742469647,482.06476822916704,464.8639760416669,109.24014437125832,0.0,0.0,0.0
PHASE 2,1185,948800,948,1820.8498992408342,932.7613652958175,2432.2797742469647,482.06476822916693,464.8639760416669,109.24014437125832,0.49428571428571433,0.35428571428571426,0.0
PHASE 2,1186,949600,948,1820.8498992408342,932.7613652958175,2432.2797742469647,482.06476822916693,464.8639760416669,109.24014437125832,0.4800000000000001,0.4885714285714286,0.0
PHASE 2,1187,950400,948,1820.8498992408342,932.7613652958175,2432.2797742469647,482.06476822916693,464.8639760416669,109.24014437125832,0.33428571428571424,0.3571428571428572,0.0
PHASE 2,1188,951200,948,1820.8498992408342,932.7613652958175,2432.2797742469647,482.06476822916693,464.8639760416669,109.24014437125832,0.4242857142857144,0.4957142857142857,0.0
PHASE 2,1189,952000,952,1827.5006251584978,932.7613652958175,2432.2797742469647,486.3915078125002,463.7314864583336,109.67220386096636,0.0,0.0,0.0
PHASE 2,1190,952800,952,1827.500625158498,932.7613652958175,2432.2797742469647,486.39150781250027,463.7314864583337,109.67220386096636,0.42857142857142866,0.3271428571428571,0.0
PHASE 2,1191,953600,952,1827.500625158498,932.7613652958175,2432.2797742469647,486.39150781250027,463.7314864583337,109.67220386096636,0.44000000000000006,0.4414285714285714,0.0
PHASE 2,1192,954400,952,1827.500625158498,932.7613652958175,2432.2797742469647,486.39150781250027,463.7314864583337,109.67220386096636,0.46714285714285725,0.4557142857142857,0.0
PHASE 2,1193,955200,952,1827.500625158498,932.7613652958175,2432.2797742469647,486.39150781250027,463.7314864583337,109.67220386096636,0.4642857142857143,0.4314285714285714,0.0
PHASE 2,1194,956000,956,1812.7397940299243,932.7613652958175,2432.2797742469647,482.3365307291669,458.5667343750003,108.97956611572798,0.0,0.0,0.0
PHASE 2,1195,956800,956,1812.739794029924,932.7613652958175,2432.2797742469647,482.3365307291669,458.56673437500035,108.97956611572798,0.4671428571428572,0.5114285714285715,0.0
PHASE 2,1196,957600,956,1812.739794029924,932.7613652958175,2432.2797742469647,482.3365307291669,458.56673437500035,108.97956611572798,0.41,0.42428571428571427,0.0
PHASE 2,1197,958400,956,1812.739794029924,932.7613652958175,2432.2797742469647,482.3365307291669,458.56673437500035,108.97956611572798,0.4171428571428571,0.41000000000000003,0.0
PHASE 2,1198,959200,956,1812.739794029924,932.7613652958175,2432.2797742469647,482.3365307291669,458.56673437500035,108.97956611572798,0.4628571428571429,0.4071428571428572,0.0
PHASE 2,1199,960000,960,1823.531372622018,932.7613652958175,2432.2797742469647,483.70659375000025,463.14142500000037,109.58541923401086,0.0,0.0,0.0
PHASE 2,1200,960800,960,1823.5313726220181,932.7613652958175,2432.2797742469647,483.7065937500003,463.14142500000025,109.58541923401084,0.43,0.4385714285714286,0.0
PHASE 2,1201,961600,960,1823.5313726220181,932.7613652958175,2432.2797742469647,483.7065937500003,463.14142500000025,109.58541923401084,0.4442857142857143,0.33142857142857146,0.0
PHASE 2,1202,962400,960,1823.5313726220181,932.7613652958175,2432.2797742469647,483.7065937500003,463.14142500000025,109.58541923401084,0.4628571428571429,0.49428571428571433,0.0
PHASE 2,1203,963200,960,1823.5313726220181,932.7613652958175,2432.2797742469647,483.7065937500003,463.14142500000025,109.58541923401084,0.4957142857142857,0.4057142857142857,0.0
PHASE 2,1204,964000,964,1844.1796848267977,932.7613652958175,2432.2797742469647,491.9187250000003,465.81487916666686,110.80576008252523,0.0,0.0,0.0
PHASE 2,1205,964800,964,1844.1796848267977,932.7613652958175,2432.2797742469647,491.91872500000034,465.81487916666697,110.80576008252523,0.47428571428571437,0.44714285714285723,0.0
PHASE 2,1206,965600,964,1844.1796848267977,932.7613652958175,2432.2797742469647,491.91872500000034,465.81487916666697,110.80576008252523,0.4014285714285714,0.4642857142857143,0.0
PHASE 2,1207,966400,964,1844.1796848267977,932.7613652958175,2432.2797742469647,491.91872500000034,465.81487916666697,110.80576008252523,0.4700000000000001,0.41571428571428576,0.0
PHASE 2,1208,967200,964,1844.1796848267977,932.7613652958175,2432.2797742469647,491.91872500000034,465.81487916666697,110.80576008252523,0.42714285714285716,0.4685714285714286,0.0
PHASE 2,1209,968000,968,1849.458308076002,932.7613652958175,2432.2797742469647,494.5672322916669,465.6143302083336,111.15959319700923,0.0,0.0,0.0
PHASE 2,1210,968800,968,1849.458308076002,932.7613652958175,2432.2797742469647,494.56723229166687,465.6143302083338,111.15959319700923,0.4671428571428572,0.4057142857142858,0.0
PHASE 2,1211,969600,968,1849.458308076002,932.7613652958175,2432.2797742469647,494.56723229166687,465.6143302083338,111.15959319700923,0.3828571428571429,0.4,0.0
PHASE 2,1212,970400,968,1849.458308076002,932.7613652958175,2432.2797742469647,494.56723229166687,465.6143302083338,111.15959319700923,0.40714285714285714,0.39714285714285713,0.0
PHASE 2,1213,971200,968,1849.458308076002,932.7613652958175,2432.2797742469647,494.56723229166687,465.6143302083338,111.15959319700923,0.39428571428571435,0.42142857142857143,0.0
PHASE 2,1214,972000,972,1857.4464436039777,1092.3286774976568,2432.2797742469647,497.4917302083336,466.3790916666671,111.69695271613135,0.0,0.0,0.0
PHASE 2,1215,972800,972,1857.446443603978,1092.3286774976568,2432.2797742469647,497.4917302083336,466.379091666667,111.69695271613136,0.43,0.41428571428571426,0.0
PHASE 2,1216,973600,972,1857.446443603978,1092.3286774976568,2432.2797742469647,497.4917302083336,466.379091666667,111.69695271613136,0.4071428571428572,0.39,0.0
PHASE 2,1217,974400,972,1857.446443603978,1092.3286774976568,2432.2797742469647,497.4917302083336,466.379091666667,111.69695271613136,0.3814285714285715,0.40857142857142853,0.0
PHASE 2,1218,975200,972,1857.446443603978,1092.3286774976568,2432.2797742469647,497.4917302083336,466.379091666667,111.69695271613136,0.39714285714285713,0.41000000000000003,0.0
PHASE 2,1219,976000,976,1870.731419913329,1092.3286774976568,2432.2797742469647,500.26401562500024,469.7185281250003,112.59360952042535,0.0,0.0,0.0
PHASE 2,1220,976800,976,1870.731419913329,1092.3286774976568,2432.2797742469647,500.26401562500024,469.7185281250004,112.59360952042535,0.4028571428571429,0.3585714285714286,0.0
PHASE 2,1221,977600,976,1870.731419913329,1092.3286774976568,2432.2797742469647,500.26401562500024,469.7185281250004,112.59360952042535,0.42428571428571427,0.3885714285714286,0.0
PHASE 2,1222,978400,976,1870.731419913329,1092.3286774976568,2432.2797742469647,500.26401562500024,469.7185281250004,112.59360952042535,0.54,0.3628571428571429,0.0
PHASE 2,1223,979200,976,1870.731419913329,1092.3286774976568,2432.2797742469647,500.26401562500024,469.7185281250004,112.59360952042535,0.4128571428571429,0.4357142857142858,0.0
PHASE 2,1224,980000,980,1881.3720982726559,1092.3286774976568,2432.2797742469647,505.3528052083335,469.94242083333376,113.25960902888286,0.0,0.0,0.0
PHASE 2,1225,980800,980,1881.3720982726559,1092.3286774976568,2432.2797742469647,505.3528052083336,469.94242083333376,113.25960902888286,0.40714285714285714,0.42000000000000004,0.0
PHASE 2,1226,981600,980,1881.3720982726559,1092.3286774976568,2432.2797742469647,505.3528052083336,469.94242083333376,113.25960902888286,0.4671428571428572,0.46714285714285725,0.0
PHASE 2,1227,982400,980,1881.3720982726559,1092.3286774976568,2432.2797742469647,505.3528052083336,469.94242083333376,113.25960902888286,0.4257142857142857,0.3785714285714286,0.0
PHASE 2,1228,983200,980,1881.3720982726559,1092.3286774976568,2432.2797742469647,505.3528052083336,469.94242083333376,113.25960902888286,0.4885714285714286,0.3671428571428572,0.0
PHASE 2,1229,984000,984,1892.838569273692,1092.3286774976568,2432.2797742469647,509.0564812500003,471.2776197916671,114.06305852901234,0.0,0.0,0.0
PHASE 2,1230,984800,984,1892.8385692736922,1092.3286774976568,2432.2797742469647,509.0564812500003,471.27761979166695,114.06305852901232,0.41714285714285715,0.39714285714285713,0.0
PHASE 2,1231,985600,984,1892.8385692736922,1092.3286774976568,2432.2797742469647,509.0564812500003,471.27761979166695,114.06305852901232,0.41714285714285715,0.4057142857142857,0.0
PHASE 2,1232,986400,984,1892.8385692736922,1092.3286774976568,2432.2797742469647,509.0564812500003,471.27761979166695,114.06305852901232,0.4642857142857143,0.4057142857142857,0.0
PHASE 2,1233,987200,984,1892.8385692736922,1092.3286774976568,2432.2797742469647,509.0564812500003,471.27761979166695,114.06305852901232,0.46428571428571425,0.4314285714285715,0.0
PHASE 2,1234,988000,988,1902.5860389045213,1092.3286774976568,2432.2797742469647,510.7232583333336,473.89386666666695,114.74611423807428,0.0,0.0,0.0
PHASE 2,1235,988800,988,1902.586038904521,1092.3286774976568,2432.2797742469647,510.7232583333336,473.89386666666695,114.7461142380743,0.4442857142857143,0.45,0.0
PHASE 2,1236,989600,988,1902.586038904521,1092.3286774976568,2432.2797742469647,510.7232583333336,473.89386666666695,114.7461142380743,0.4128571428571428,0.39142857142857146,0.0
PHASE 2,1237,990400,988,1902.586038904521,1092.3286774976568,2432.2797742469647,510.7232583333336,473.89386666666695,114.7461142380743,0.46571428571428564,0.4571428571428572,0.0
PHASE 2,1238,991200,988,1902.586038904521,1092.3286774976568,2432.2797742469647,510.7232583333336,473.89386666666695,114.7461142380743,0.41571428571428565,0.41142857142857137,0.0
PHASE 2,1239,992000,992,1900.8728348650827,1092.3286774976568,2432.2797742469647,509.38546666666696,473.1965677083336,114.78635006126946,0.0,0.0,0.0
PHASE 2,1240,992800,992,1900.872834865083,1092.3286774976568,2432.2797742469647,509.38546666666696,473.1965677083336,114.78635006126946,0.42142857142857143,0.4742857142857143,0.0
PHASE 2,1241,993600,992,1900.872834865083,1092.3286774976568,2432.2797742469647,509.38546666666696,473.1965677083336,114.78635006126946,0.45000000000000007,0.37857142857142856,0.0
PHASE 2,1242,994400,992,1900.872834865083,1092.3286774976568,2432.2797742469647,509.38546666666696,473.1965677083336,114.78635006126946,0.3857142857142858,0.3942857142857143,0.0
PHASE 2,1243,995200,992,1900.872834865083,1092.3286774976568,2432.2797742469647,509.38546666666696,473.1965677083336,114.78635006126946,0.44142857142857145,0.32999999999999996,0.0
PHASE 2,1244,996000,996,1903.8635162661408,1092.3286774976568,2432.2797742469647,508.92113125000026,474.35144270833365,115.07386778848493,0.0,0.0,0.0
PHASE 2,1245,996800,996,1903.863516266141,1092.3286774976568,2432.2797742469647,508.9211312500003,474.3514427083337,115.07386778848489,0.4228571428571429,0.3771428571428571,0.0
PHASE 2,1246,997600,996,1903.863516266141,1092.3286774976568,2432.2797742469647,508.9211312500003,474.3514427083337,115.07386778848489,0.5171428571428571,0.35857142857142854,0.0
PHASE 2,1247,998400,996,1903.863516266141,1092.3286774976568,2432.2797742469647,508.9211312500003,474.3514427083337,115.07386778848489,0.3685714285714286,0.4957142857142857,0.0
PHASE 2,1248,999200,996,1903.863516266141,1092.3286774976568,2432.2797742469647,508.9211312500003,474.3514427083337,115.07386778848489,0.4257142857142857,0.33428571428571435,0.0
PHASE 2,1249,1000000,1000,1900.1416120578383,1092.3286774976568,2432.2797742469647,509.20535833333366,471.10795729166705,114.97853705411377,0.0,0.0,0.0
PHASE 2,1250,1000800,1000,1900.141612057838,1092.3286774976568,2432.2797742469647,509.2053583333337,471.1079572916669,114.97853705411377,0.4471428571428572,0.3842857142857143,0.0
PHASE 2,1251,1001600,1000,1900.141612057838,1092.3286774976568,2432.2797742469647,509.2053583333337,471.1079572916669,114.97853705411377,0.35285714285714287,0.41714285714285715,0.0
PHASE 2,1252,1002400,1000,1900.141612057838,1092.3286774976568,2432.2797742469647,509.2053583333337,471.1079572916669,114.97853705411377,0.4,0.4614285714285714,0.0
PHASE 2,1253,1003200,1000,1900.141612057838,1092.3286774976568,2432.2797742469647,509.2053583333337,471.1079572916669,114.97853705411377,0.4442857142857143,0.54,0.0
PHASE 2,1254,1004000,1004,1899.6279364126137,1092.3286774976568,2432.2797742469647,508.319988541667,470.9138218750002,115.04926574950234,0.0,0.0,0.0
PHASE 2,1255,1004800,1004,1899.627936412614,1092.3286774976568,2432.2797742469647,508.319988541667,470.91382187500034,115.04926574950234,0.4585714285714285,0.34714285714285714,0.0
PHASE 2,1256,1005600,1004,1899.627936412614,1092.3286774976568,2432.2797742469647,508.319988541667,470.91382187500034,115.04926574950234,0.4800000000000001,0.42000000000000004,0.0
PHASE 2,1257,1006400,1004,1899.627936412614,1092.3286774976568,2432.2797742469647,508.319988541667,470.91382187500034,115.04926574950234,0.4257142857142857,0.33714285714285713,0.0
PHASE 2,1258,1007200,1004,1899.627936412614,1092.3286774976568,2432.2797742469647,508.319988541667,470.91382187500034,115.04926574950234,0.472857142857143,0.41571428571428576,0.0
PHASE 2,1259,1008000,1008,1903.8002208487044,1124.8769426902418,2432.2797742469647,509.03350416666694,471.9416239583337,115.35313659047212,0.0,0.0,0.0
PHASE 2,1260,1008800,1008,1903.8002208487046,1124.8769426902418,2432.2797742469647,509.03350416666706,471.94162395833365,115.35313659047212,0.46142857142857147,0.4757142857142857,0.0
PHASE 2,1261,1009600,1008,1903.8002208487046,1124.8769426902418,2432.2797742469647,509.03350416666706,471.94162395833365,115.35313659047212,0.44857142857142857,0.43428571428571433,0.0
PHASE 2,1262,1010400,1008,1903.8002208487046,1124.8769426902418,2432.2797742469647,509.03350416666706,471.94162395833365,115.35313659047212,0.47000000000000003,0.4442857142857143,0.0
PHASE 2,1263,1011200,1008,1903.8002208487046,1124.8769426902418,2432.2797742469647,509.03350416666706,471.94162395833365,115.35313659047212,0.49285714285714277,0.43428571428571433,0.0
PHASE 2,1264,1012000,1012,1896.8066273801605,1124.8769426902418,2428.43354940012,501.3472031250003,475.53530104166697,114.99051540169575,0.0,0.0,0.0
PHASE 2,1265,1012800,1012,1896.8066273801605,1124.8769426902418,2428.43354940012,501.3472031250003,475.535301041667,114.99051540169576,0.3828571428571429,0.3728571428571429,0.0
PHASE 2,1266,1013600,1012,1896.8066273801605,1124.8769426902418,2428.43354940012,501.3472031250003,475.535301041667,114.99051540169576,0.4600000000000001,0.4428571428571429,0.0
PHASE 2,1267,1014400,1012,1896.8066273801605,1124.8769426902418,2428.43354940012,501.3472031250003,475.535301041667,114.99051540169576,0.38,0.42142857142857143,0.0
PHASE 2,1268,1015200,1012,1896.8066273801605,1124.8769426902418,2428.43354940012,501.3472031250003,475.535301041667,114.99051540169576,0.39142857142857146,0.4928571428571429,0.0
PHASE 2,1269,1016000,1016,1889.5889982113422,1124.8769426902418,2428.43354940012,499.2889677083336,473.1708052083337,114.64115316184352,0.0,0.0,0.0
PHASE 2,1270,1016800,1016,1889.588998211342,1124.8769426902418,2428.43354940012,499.2889677083336,473.1708052083337,114.6411531618435,0.44857142857142857,0.4057142857142857,0.0
PHASE 2,1271,1017600,1016,1889.588998211342,1124.8769426902418,2428.43354940012,499.2889677083336,473.1708052083337,114.6411531618435,0.4714285714285714,0.36,0.0
PHASE 2,1272,1018400,1016,1889.588998211342,1124.8769426902418,2428.43354940012,499.2889677083336,473.1708052083337,114.6411531618435,0.4185714285714286,0.39,0.0
PHASE 2,1273,1019200,1016,1889.588998211342,1124.8769426902418,2428.43354940012,499.2889677083336,473.1708052083337,114.6411531618435,0.5457142857142857,0.4128571428571428,0.0
PHASE 2,1274,1020000,1020,1899.059338370436,1124.8769426902418,2613.7023371737905,500.7296322916669,476.75849583333365,115.19640128068858,0.0,0.0,0.0
PHASE 2,1275,1020800,1020,1899.0593383704365,1124.8769426902418,2613.7023371737905,500.72963229166703,476.75849583333365,115.19640128068855,0.3942857142857143,0.44000000000000006,0.0
PHASE 2,1276,1021600,1020,1899.0593383704365,1124.8769426902418,2613.7023371737905,500.72963229166703,476.75849583333365,115.19640128068855,0.40714285714285714,0.35,0.0
PHASE 2,1277,1022400,1020,1899.0593383704365,1124.8769426902418,2613.7023371737905,500.72963229166703,476.75849583333365,115.19640128068855,0.41714285714285715,0.4371428571428571,0.0
PHASE 2,1278,1023200,1020,1899.0593383704365,1124.8769426902418,2613.7023371737905,500.72963229166703,476.75849583333365,115.19640128068855,0.3785714285714286,0.43,0.0
PHASE 2,1279,1024000,1024,1903.2876884186453,1246.6828782141579,2613.7023371737905,499.87059375000035,479.51977812500036,115.48716456796494,0.0,0.0,0.0
PHASE 2,1280,1024800,1024,1903.2876884186453,1246.6828782141579,2613.7023371737905,499.87059375000035,479.51977812500024,115.48716456796494,0.5157142857142858,0.4185714285714285,0.0
PHASE 2,1281,1025600,1024,1903.2876884186453,1246.6828782141579,2613.7023371737905,499.87059375000035,479.51977812500024,115.48716456796494,0.47428571428571437,0.4700000000000001,0.0
PHASE 2,1282,1026400,1024,1903.2876884186453,1246.6828782141579,2613.7023371737905,499.87059375000035,479.51977812500024,115.48716456796494,0.4185714285714286,0.3671428571428571,0.0
PHASE 2,1283,1027200,1024,1903.2876884186453,1246.6828782141579,2613.7023371737905,499.87059375000035,479.51977812500024,115.48716456796494,0.3914285714285714,0.3271428571428571,0.0
PHASE 2,1284,1028000,1028,1897.6468650524832,1239.6927948916932,2613.7023371737905,496.46129062500034,479.8523427083336,115.16665396490316,0.0,0.0,0.0
PHASE 2,1285,1028800,1028,1897.6468650524832,1239.6927948916932,2613.7023371737905,496.46129062500023,479.85234270833365,115.16665396490316,0.38,0.3757142857142858,0.0
PHASE 2,1286,1029600,1028,1897.6468650524832,1239.6927948916932,2613.7023371737905,496.46129062500023,479.85234270833365,115.16665396490316,0.4357142857142858,0.4185714285714286,0.0
PHASE 2,1287,1030400,1028,1897.6468650524832,1239.6927948916932,2613.7023371737905,496.46129062500023,479.85234270833365,115.16665396490316,0.48571428571428577,0.4542857142857143,0.0
PHASE 2,1288,1031200,1028,1897.6468650524832,1239.6927948916932,2613.7023371737905,496.46129062500023,479.85234270833365,115.16665396490316,0.44571428571428573,0.4628571428571429,0.0
PHASE 2,1289,1032000,1032,1893.7795991925618,1239.6927948916932,2613.7023371737905,493.9279062500002,479.9039739583337,114.9934648730381,0.0,0.0,0.0
PHASE 2,1290,1032800,1032,1893.7795991925623,1239.6927948916932,2613.7023371737905,493.9279062500003,479.9039739583337,114.9934648730381,0.5071428571428571,0.36,0.0
PHASE 2,1291,1033600,1032,1893.7795991925623,1239.6927948916932,2613.7023371737905,493.9279062500003,479.9039739583337,114.9934648730381,0.46428571428571425,0.4471428571428572,0.0
PHASE 2,1292,1034400,1032,1893.7795991925623,1239.6927948916932,2613.7023371737905,493.9279062500003,479.9039739583337,114.9934648730381,0.4771428571428572,0.41571428571428565,0.0
PHASE 2,1293,1035200,1032,1893.7795991925623,1239.6927948916932,2613.7023371737905,493.9279062500003,479.9039739583337,114.9934648730381,0.44000000000000006,0.49000000000000005,0.0
PHASE 2,1294,1036000,1036,1895.0066105979984,1239.6927948916932,2613.7023371737905,493.12809270833367,481.17732812500043,115.08764872059277,0.0,0.0,0.0
PHASE 2,1295,1036800,1036,1895.0066105979984,1239.6927948916932,2613.7023371737905,493.12809270833367,481.1773281250004,115.08764872059277,0.4385714285714286,0.42142857142857143,0.0
PHASE 2,1296,1037600,1036,1895.0066105979984,1239.6927948916932,2613.7023371737905,493.12809270833367,481.1773281250004,115.08764872059277,0.4957142857142857,0.3914285714285714,0.0
PHASE 2,1297,1038400,1036,1895.0066105979984,1239.6927948916932,2613.7023371737905,493.12809270833367,481.1773281250004,115.08764872059277,0.35285714285714287,0.39142857142857146,0.0
PHASE 2,1298,1039200,1036,1895.0066105979984,1239.6927948916932,2613.7023371737905,493.12809270833367,481.1773281250004,115.08764872059277,0.3871428571428572,0.3657142857142857,0.0
PHASE 2,1299,1040000,1040,1882.9668825238966,1239.6927948916932,2613.7023371737905,489.69914583333366,478.03115000000037,114.40457333632999,0.0,0.0,0.0
PHASE 2,1300,1040800,1040,1882.9668825238966,1239.6927948916932,2613.7023371737905,489.69914583333355,478.0311500000004,114.40457333632999,0.45999999999999996,0.38428571428571434,0.0
PHASE 2,1301,1041600,1040,1882.9668825238966,1239.6927948916932,2613.7023371737905,489.69914583333355,478.0311500000004,114.40457333632999,0.3614285714285715,0.48,0.0
PHASE 2,1302,1042400,1040,1882.9668825238966,1239.6927948916932,2613.7023371737905,489.69914583333355,478.0311500000004,114.40457333632999,0.49142857142857144,0.42857142857142855,0.0
PHASE 2,1303,1043200,1040,1882.9668825238966,1239.6927948916932,2613.7023371737905,489.69914583333355,478.0311500000004,114.40457333632999,0.43000000000000005,0.5557142857142858,0.0
PHASE 2,1304,1044000,1044,1859.700021940038,798.238139242549,2613.7023371737905,486.99557708333356,468.9406447916671,112.97047500813903,0.0,0.0,0.0
PHASE 2,1305,1044800,1044,1859.700021940038,798.238139242549,2613.7023371737905,486.9955770833336,468.940644791667,112.97047500813903,0.44285714285714295,0.5314285714285715,0.0
PHASE 2,1306,1045600,1044,1859.700021940038,798.238139242549,2613.7023371737905,486.9955770833336,468.940644791667,112.97047500813903,0.4685714285714287,0.41714285714285715,0.0
PHASE 2,1307,1046400,1044,1859.700021940038,798.238139242549,2613.7023371737905,486.9955770833336,468.940644791667,112.97047500813903,0.4557142857142857,0.39857142857142863,0.0
PHASE 2,1308,1047200,1044,1859.700021940038,798.238139242549,2613.7023371737905,486.9955770833336,468.940644791667,112.97047500813903,0.4771428571428572,0.43428571428571433,0.0
PHASE 2,1309,1048000,1048,1847.2244546292097,798.238139242549,2613.7023371737905,485.55275937500033,464.2549645833336,112.17709133386883,0.0,0.0,0.0
PHASE 2,1310,1048800,1048,1847.22445462921,798.238139242549,2613.7023371737905,485.55275937500033,464.25496458333373,112.17709133386883,0.4057142857142858,0.4771428571428572,0.0
PHASE 2,1311,1049600,1048,1847.22445462921,798.238139242549,2613.7023371737905,485.55275937500033,464.25496458333373,112.17709133386883,0.5228571428571429,0.49714285714285716,0.0
PHASE 2,1312,1050400,1048,1847.22445462921,798.238139242549,2613.7023371737905,485.55275937500033,464.25496458333373,112.17709133386883,0.4928571428571429,0.40428571428571425,0.0
PHASE 2,1313,1051200,1048,1847.22445462921,798.238139242549,2613.7023371737905,485.55275937500033,464.25496458333373,112.17709133386883,0.46571428571428564,0.34571428571428575,0.0
PHASE 2,1314,1052000,1052,1841.596367370757,798.238139242549,2613.7023371737905,484.54392916666694,462.9339437500004,111.76481180677058,0.0,0.0,0.0
PHASE 2,1315,1052800,1052,1841.5963673707572,798.238139242549,2613.7023371737905,484.5439291666669,462.9339437500003,111.76481180677055,0.3771428571428571,0.49428571428571433,0.0
PHASE 2,1316,1053600,1052,1841.5963673707572,798.238139242549,2613.7023371737905,484.5439291666669,462.9339437500003,111.76481180677055,0.47285714285714286,0.4471428571428572,0.0
PHASE 2,1317,1054400,1052,1841.5963673707572,798.238139242549,2613.7023371737905,484.5439291666669,462.9339437500003,111.76481180677055,0.45285714285714296,0.38857142857142857,0.0
PHASE 2,1318,1055200,1052,1841.5963673707572,798.238139242549,2613.7023371737905,484.5439291666669,462.9339437500003,111.76481180677055,0.4614285714285714,0.42714285714285716,0.0
PHASE 2,1319,1056000,1056,1838.7019778273516,798.238139242549,2613.7023371737905,483.57663437500014,462.864191666667,111.53264397321982,0.0,0.0,0.0
PHASE 2,1320,1056800,1056,1838.7019778273514,798.238139242549,2613.7023371737905,483.5766343750003,462.86419166666695,111.53264397321983,0.45428571428571435,0.46571428571428575,0.0
PHASE 2,1321,1057600,1056,1838.7019778273514,798.238139242549,2613.7023371737905,483.5766343750003,462.86419166666695,111.53264397321983,0.41714285714285715,0.44142857142857145,0.0
PHASE 2,1322,1058400,1056,1838.7019778273514,798.238139242549,2613.7023371737905,483.5766343750003,462.86419166666695,111.53264397321983,0.4514285714285714,0.4757142857142857,0.0
PHASE 2,1323,1059200,1056,1838.7019778273514,798.238139242549,2613.7023371737905,483.5766343750003,462.86419166666695,111.53264397321983,0.4814285714285715,0.4714285714285714,0.0
PHASE 2,1324,1060000,1060,1828.3039214387165,798.238139242549,2613.7023371737905,481.1825125000003,459.6905031250003,110.92886322672368,0.0,0.0,0.0
PHASE 2,1325,1060800,1060,1828.303921438717,798.238139242549,2613.7023371737905,481.1825125000003,459.6905031250004,110.92886322672368,0.42857142857142855,0.4700000000000001,0.0
PHASE 2,1326,1061600,1060,1828.303921438717,798.238139242549,2613.7023371737905,481.1825125000003,459.6905031250004,110.92886322672368,0.472857142857143,0.4671428571428572,0.0
PHASE 2,1327,1062400,1060,1828.303921438717,798.238139242549,2613.7023371737905,481.1825125000003,459.6905031250004,110.92886322672368,0.4385714285714286,0.5214285714285716,0.0
PHASE 2,1328,1063200,1060,1828.303921438717,798.238139242549,2613.7023371737905,481.1825125000003,459.6905031250004,110.92886322672368,0.4514285714285714,0.52,0.0
PHASE 2,1329,1064000,1064,1802.4891403975873,798.238139242549,2613.7023371737905,473.57502395833376,453.6762750000004,109.40473017991545,0.0,0.0,0.0
PHASE 2,1330,1064800,1064,1802.4891403975873,798.238139242549,2613.7023371737905,473.5750239583337,453.6762750000003,109.40473017991545,0.4128571428571429,0.37,0.0
PHASE 2,1331,1065600,1064,1802.4891403975873,798.238139242549,2613.7023371737905,473.5750239583337,453.6762750000003,109.40473017991545,0.44571428571428573,0.42714285714285716,0.0
PHASE 2,1332,1066400,1064,1802.4891403975873,798.238139242549,2613.7023371737905,473.5750239583337,453.6762750000003,109.40473017991545,0.3942857142857143,0.44571428571428584,0.0
PHASE 2,1333,1067200,1064,1802.4891403975873,798.238139242549,2613.7023371737905,473.5750239583337,453.6762750000003,109.40473017991545,0.4442857142857143,0.5071428571428572,0.0
PHASE 2,1334,1068000,1068,1787.123682033958,798.238139242549,2613.7023371737905,467.88847968750036,450.88181770833364,108.54417307977411,0.0,0.0,0.0
PHASE 2,1335,1068800,1068,1787.123682033958,798.238139242549,2613.7023371737905,467.8884796875002,450.8818177083337,108.54417307977411,0.38285714285714284,0.43285714285714294,0.0
PHASE 2,1336,1069600,1068,1787.123682033958,798.238139242549,2613.7023371737905,467.8884796875002,450.8818177083337,108.54417307977411,0.4442857142857144,0.3685714285714286,0.0
PHASE 2,1337,1070400,1068,1787.123682033958,798.238139242549,2613.7023371737905,467.8884796875002,450.8818177083337,108.54417307977411,0.45999999999999996,0.42857142857142855,0.0
PHASE 2,1338,1071200,1068,1787.123682033958,798.238139242549,2613.7023371737905,467.8884796875002,450.8818177083337,108.54417307977411,0.49428571428571433,0.49000000000000005,0.0
PHASE 2,1339,1072000,1072,1782.3274641812025,798.238139242549,2613.7023371737905,466.25880260416693,449.11803854166703,108.36882787942959,0.0,0.0,0.0
PHASE 2,1340,1072800,1072,1782.3274641812025,798.238139242549,2613.7023371737905,466.258802604167,449.11803854166703,108.36882787942959,0.4471428571428572,0.4514285714285714,0.0
PHASE 2,1341,1073600,1072,1782.3274641812025,798.238139242549,2613.7023371737905,466.258802604167,449.11803854166703,108.36882787942959,0.47428571428571437,0.4314285714285714,0.0
PHASE 2,1342,1074400,1072,1782.3274641812025,798.238139242549,2613.7023371737905,466.258802604167,449.11803854166703,108.36882787942959,0.5457142857142858,0.44142857142857145,0.0
PHASE 2,1343,1075200,1072,1782.3274641812025,798.238139242549,2613.7023371737905,466.258802604167,449.11803854166703,108.36882787942959,0.4757142857142857,0.4357142857142858,0.0
PHASE 2,1344,1076000,1076,1768.8646929064769,798.238139242549,2613.7023371737905,462.83167656250026,445.7573750000003,107.53445516800548,0.0,0.0,0.0
PHASE 2,1345,1076800,1076,1768.8646929064773,798.238139242549,2613.7023371737905,462.83167656250026,445.75737500000025,107.53445516800546,0.42428571428571427,0.42714285714285705,0.0
PHASE 2,1346,1077600,1076,1768.8646929064773,798.238139242549,2613.7023371737905,462.83167656250026,445.75737500000025,107.53445516800546,0.4628571428571429,0.35714285714285715,0.0
PHASE 2,1347,1078400,1076,1768.8646929064773,798.238139242549,2613.7023371737905,462.83167656250026,445.75737500000025,107.53445516800546,0.4185714285714286,0.3842857142857143,0.0
PHASE 2,1348,1079200,1076,1768.8646929064773,798.238139242549,2613.7023371737905,462.83167656250026,445.75737500000025,107.53445516800546,0.43000000000000005,0.49428571428571433,0.0
PHASE 2,1349,1080000,1080,1742.421827818267,798.238139242549,2613.7023371737905,452.46594322916695,441.59853333333353,106.044668906979,0.0,0.0,0.0
PHASE 2,1350,1080800,1080,1742.421827818267,798.238139242549,2613.7023371737905,452.46594322916695,441.5985333333336,106.04466890697903,0.4685714285714286,0.3785714285714285,0.0
PHASE 2,1351,1081600,1080,1742.421827818267,798.238139242549,2613.7023371737905,452.46594322916695,441.5985333333336,106.04466890697903,0.41000000000000003,0.43,0.0
PHASE 2,1352,1082400,1080,1742.421827818267,798.238139242549,2613.7023371737905,452.46594322916695,441.5985333333336,106.04466890697903,0.4257142857142858,0.47000000000000003,0.0
PHASE 2,1353,1083200,1080,1742.421827818267,798.238139242549,2613.7023371737905,452.46594322916695,441.5985333333336,106.04466890697903,0.46285714285714297,0.45,0.0
PHASE 2,1354,1084000,1084,1726.1787925850724,798.238139242549,2613.7023371737905,452.2118703125003,433.659597916667,105.03841554449636,0.0,0.0,0.0
PHASE 2,1355,1084800,1084,1726.1787925850729,798.238139242549,2613.7023371737905,452.2118703125003,433.659597916667,105.03841554449636,0.4628571428571429,0.45,0.0
PHASE 2,1356,1085600,1084,1726.1787925850729,798.238139242549,2613.7023371737905,452.2118703125003,433.659597916667,105.03841554449636,0.44000000000000006,0.4600000000000001,0.0
PHASE 2,1357,1086400,1084,1726.1787925850729,798.238139242549,2613.7023371737905,452.2118703125003,433.659597916667,105.03841554449636,0.4885714285714286,0.40428571428571425,0.0
PHASE 2,1358,1087200,1084,1726.1787925850729,798.238139242549,2613.7023371737905,452.2118703125003,433.659597916667,105.03841554449636,0.39714285714285713,0.38571428571428573,0.0
PHASE 2,1359,1088000,1088,1714.453158948816,798.238139242549,2613.7023371737905,448.65390260416694,431.49507187500035,104.28802305871424,0.0,0.0,0.0
PHASE 2,1360,1088800,1088,1714.4531589488158,798.238139242549,2613.7023371737905,448.653902604167,431.49507187500024,104.28802305871426,0.4771428571428572,0.5128571428571428,0.0
PHASE 2,1361,1089600,1088,1714.4531589488158,798.238139242549,2613.7023371737905,448.653902604167,431.49507187500024,104.28802305871426,0.49000000000000005,0.4485714285714287,0.0
PHASE 2,1362,1090400,1088,1714.4531589488158,798.238139242549,2613.7023371737905,448.653902604167,431.49507187500024,104.28802305871426,0.5,0.47142857142857153,0.0
PHASE 2,1363,1091200,1088,1714.4531589488158,798.238139242549,2613.7023371737905,448.653902604167,431.49507187500024,104.28802305871426,0.4828571428571428,0.4928571428571429,0.0
PHASE 2,1364,1092000,1092,1693.3483138614736,798.238139242549,2613.7023371737905,440.4821630208337,428.9774364583336,102.98608929779647,0.0,0.0,0.0
PHASE 2,1365,1092800,1092,1693.3483138614736,798.238139242549,2613.7023371737905,440.48216302083364,428.97743645833367,102.98608929779647,0.4071428571428572,0.40285714285714286,0.0
PHASE 2,1366,1093600,1092,1693.3483138614736,798.238139242549,2613.7023371737905,440.48216302083364,428.97743645833367,102.98608929779647,0.4385714285714286,0.4128571428571428,0.0
PHASE 2,1367,1094400,1092,1693.3483138614736,798.238139242549,2613.7023371737905,440.48216302083364,428.97743645833367,102.98608929779647,0.3928571428571429,0.43000000000000005,0.0
PHASE 2,1368,1095200,1092,1693.3483138614736,798.238139242549,2613.7023371737905,440.48216302083364,428.97743645833367,102.98608929779647,0.5271428571428572,0.35428571428571426,0.0
PHASE 2,1369,1096000,1096,1692.07301882545,798.238139242549,2613.7023371737905,441.5853223958336,427.7572614583337,102.8413043714187,0.0,0.0,0.0
PHASE 2,1370,1096800,1096,1692.07301882545,798.238139242549,2613.7023371737905,441.58532239583366,427.7572614583337,102.8413043714187,0.4128571428571428,0.45285714285714296,0.0
PHASE 2,1371,1097600,1096,1692.07301882545,798.238139242549,2613.7023371737905,441.58532239583366,427.7572614583337,102.8413043714187,0.42142857142857143,0.4142857142857143,0.0
PHASE 2,1372,1098400,1096,1692.07301882545,798.238139242549,2613.7023371737905,441.58532239583366,427.7572614583337,102.8413043714187,0.41428571428571426,0.40285714285714286,0.0
PHASE 2,1373,1099200,1096,1692.07301882545,798.238139242549,2613.7023371737905,441.58532239583366,427.7572614583337,102.8413043714187,0.4757142857142857,0.43285714285714283,0.0
PHASE 2,1374,1100000,1100,1687.0634165589686,798.238139242549,2613.7023371737905,437.3569005208337,429.628510416667,102.50975070269186,0.0,0.0,0.0
PHASE 2,1375,1100800,1100,1687.0634165589686,798.238139242549,2613.7023371737905,437.3569005208337,429.6285104166669,102.50975070269183,0.38428571428571434,0.4871428571428571,0.0
PHASE 2,1376,1101600,1100,1687.0634165589686,798.238139242549,2613.7023371737905,437.3569005208337,429.6285104166669,102.50975070269183,0.39571428571428574,0.34571428571428575,0.0
PHASE 2,1377,1102400,1100,1687.0634165589686,798.238139242549,2613.7023371737905,437.3569005208337,429.6285104166669,102.50975070269183,0.5,0.4671428571428571,0.0
PHASE 2,1378,1103200,1100,1687.0634165589686,798.238139242549,2613.7023371737905,437.3569005208337,429.6285104166669,102.50975070269183,0.49857142857142855,0.41571428571428576,0.0
PHASE 2,1379,1104000,1104,1682.3453848303213,798.238139242549,2613.7023371737905,437.06299010416706,427.1916500000003,102.2613430907777,0.0,0.0,0.0
PHASE 2,1380,1104800,1104,1682.3453848303218,798.238139242549,2613.7023371737905,437.06299010416694,427.1916500000004,102.26134309077769,0.4771428571428572,0.3814285714285715,0.0
PHASE 2,1381,1105600,1104,1682.3453848303218,798.238139242549,2613.7023371737905,437.06299010416694,427.1916500000004,102.26134309077769,0.45857142857142863,0.3685714285714286,0.0
PHASE 2,1382,1106400,1104,1682.3453848303218,798.238139242549,2613.7023371737905,437.06299010416694,427.1916500000004,102.26134309077769,0.3728571428571429,0.40428571428571425,0.0
PHASE 2,1383,1107200,1104,1682.3453848303218,798.238139242549,2613.7023371737905,437.06299010416694,427.1916500000004,102.26134309077769,0.49857142857142855,0.3971428571428572,0.0
PHASE 2,1384,1108000,1108,1679.4620045322124,798.238139242549,2613.7023371737905,437.64150572916697,425.17328958333366,102.08090115247255,0.0,0.0,0.0
PHASE 2,1385,1108800,1108,1679.4620045322122,798.238139242549,2613.7023371737905,437.64150572916714,425.1732895833336,102.08090115247255,0.3985714285714286,0.4,0.0
PHASE 2,1386,1109600,1108,1679.4620045322122,798.238139242549,2613.7023371737905,437.64150572916714,425.1732895833336,102.08090115247255,0.48999999999999994,0.4014285714285714,0.0
PHASE 2,1387,1110400,1108,1679.4620045322122,798.238139242549,2613.7023371737905,437.64150572916714,425.1732895833336,102.08090115247255,0.45,0.43,0.0
PHASE 2,1388,1111200,1108,1679.4620045322122,798.238139242549,2613.7023371737905,437.64150572916714,425.1732895833336,102.08090115247255,0.4142857142857143,0.47428571428571437,0.0
PHASE 2,1389,1112000,1112,1673.536927098924,798.238139242549,2613.7023371737905,439.2835328125004,419.8624604166669,101.79886673372813,0.0,0.0,0.0
PHASE 2,1390,1112800,1112,1673.5369270989247,798.238139242549,2613.7023371737905,439.28353281250037,419.86246041666703,101.79886673372813,0.3371428571428572,0.40857142857142853,0.0
PHASE 2,1391,1113600,1112,1673.5369270989247,798.238139242549,2613.7023371737905,439.28353281250037,419.86246041666703,101.79886673372813,0.45857142857142863,0.4742857142857142,0.0
PHASE 2,1392,1114400,1112,1673.5369270989247,798.238139242549,2613.7023371737905,439.28353281250037,419.86246041666703,101.79886673372813,0.5128571428571429,0.4442857142857143,0.0
PHASE 2,1393,1115200,1112,1673.5369270989247,798.238139242549,2613.7023371737905,439.28353281250037,419.86246041666703,101.79886673372813,0.4514285714285714,0.3871428571428572,0.0
PHASE 2,1394,1116000,1116,1665.0331532980408,798.238139242549,2613.7023371737905,438.6785921875003,416.34662916666707,101.25099149299264,0.0,0.0,0.0
PHASE 2,1395,1116800,1116,1665.0331532980406,798.238139242549,2613.7023371737905,438.6785921875003,416.3466291666669,101.25099149299264,0.43000000000000005,0.34285714285714286,0.0
PHASE 2,1396,1117600,1116,1665.0331532980406,798.238139242549,2613.7023371737905,438.6785921875003,416.3466291666669,101.25099149299264,0.3714285714285715,0.4614285714285714,0.0
PHASE 2,1397,1118400,1116,1665.0331532980406,798.238139242549,2613.7023371737905,438.6785921875003,416.3466291666669,101.25099149299264,0.4357142857142858,0.33571428571428574,0.0
PHASE 2,1398,1119200,1116,1665.0331532980406,798.238139242549,2613.7023371737905,438.6785921875003,416.3466291666669,101.25099149299264,0.42000000000000004,0.42142857142857143,0.0
PHASE 2,1399,1120000,1120,1649.0411254247185,798.238139242549,2337.6116007200153,435.463127604167,411.3615583333336,100.27705493591057,0.0,0.0,0.0
PHASE 2,1400,1120800,1120,1649.0411254247183,798.238139242549,2337.6116007200153,435.463127604167,411.3615583333337,100.27705493591057,0.46142857142857147,0.47000000000000003,0.0
PHASE 2,1401,1121600,1120,1649.0411254247183,798.238139242549,2337.6116007200153,435.463127604167,411.3615583333337,100.27705493591057,0.48571428571428565,0.4757142857142857,0.0
PHASE 2,1402,1122400,1120,1649.0411254247183,798.238139242549,2337.6116007200153,435.463127604167,411.3615583333337,100.27705493591057,0.4871428571428571,0.3828571428571429,0.0
PHASE 2,1403,1123200,1120,1649.0411254247183,798.238139242549,2337.6116007200153,435.463127604167,411.3615583333337,100.27705493591057,0.47428571428571437,0.5057142857142858,0.0
PHASE 2,1404,1124000,1124,1647.2970530277078,798.238139242549,2337.6116007200153,434.1397817708337,411.8712968750003,100.1607467977425,0.0,0.0,0.0
PHASE 2,1405,1124800,1124,1647.297053027708,798.238139242549,2337.6116007200153,434.13978177083357,411.8712968750003,100.1607467977425,0.42000000000000004,0.3628571428571429,0.0
PHASE 2,1406,1125600,1124,1647.297053027708,798.238139242549,2337.6116007200153,434.13978177083357,411.8712968750003,100.1607467977425,0.5057142857142858,0.47285714285714286,0.0
PHASE 2,1407,1126400,1124,1647.297053027708,798.238139242549,2337.6116007200153,434.13978177083357,411.8712968750003,100.1607467977425,0.3485714285714286,0.4357142857142858,0.0
PHASE 2,1408,1127200,1124,1647.297053027708,798.238139242549,2337.6116007200153,434.13978177083357,411.8712968750003,100.1607467977425,0.43714285714285717,0.4071428571428572,0.0
PHASE 2,1409,1128000,1128,1643.2326453872877,798.238139242549,2337.6116007200153,433.1378713541669,410.6883864583337,99.92579844685646,0.0,0.0,0.0
PHASE 2,1410,1128800,1128,1643.2326453872877,798.238139242549,2337.6116007200153,433.137871354167,410.68838645833364,99.92579844685646,0.37142857142857144,0.43285714285714294,0.0
PHASE 2,1411,1129600,1128,1643.2326453872877,798.238139242549,2337.6116007200153,433.137871354167,410.68838645833364,99.92579844685646,0.5328571428571428,0.43428571428571433,0.0
PHASE 2,1412,1130400,1128,1643.2326453872877,798.238139242549,2337.6116007200153,433.137871354167,410.68838645833364,99.92579844685646,0.4385714285714286,0.39142857142857146,0.0
PHASE 2,1413,1131200,1128,1643.2326453872877,798.238139242549,2337.6116007200153,433.137871354167,410.68838645833364,99.92579844685646,0.4014285714285714,0.4814285714285715,0.0
PHASE 2,1414,1132000,1132,1643.572382777057,798.238139242549,2352.060299084261,431.8201265625004,412.7109208333336,99.88016692266072,0.0,0.0,0.0
PHASE 2,1415,1132800,1132,1643.572382777057,798.238139242549,2352.060299084261,431.8201265625003,412.7109208333336,99.88016692266072,0.32999999999999996,0.3514285714285715,0.0
PHASE 2,1416,1133600,1132,1643.572382777057,798.238139242549,2352.060299084261,431.8201265625003,412.7109208333336,99.88016692266072,0.4442857142857143,0.4414285714285714,0.0
PHASE 2,1417,1134400,1132,1643.572382777057,798.238139242549,2352.060299084261,431.8201265625003,412.7109208333336,99.88016692266072,0.43428571428571433,0.48428571428571426,0.0
PHASE 2,1418,1135200,1132,1643.572382777057,798.238139242549,2352.060299084261,431.8201265625003,412.7109208333336,99.88016692266072,0.48428571428571426,0.4257142857142858,0.0
PHASE 2,1419,1136000,1136,1636.423227932325,798.238139242549,2352.060299084261,429.7204369791669,410.5293312500003,99.52168246290265,0.0,0.0,0.0
PHASE 2,1420,1136800,1136,1636.4232279323253,798.238139242549,2352.060299084261,429.720436979167,410.5293312500004,99.52168246290265,0.45285714285714285,0.5,0.0
PHASE 2,1421,1137600,1136,1636.4232279323253,798.238139242549,2352.060299084261,429.720436979167,410.5293312500004,99.52168246290265,0.3142857142857143,0.40428571428571425,0.0
PHASE 2,1422,1138400,1136,1636.4232279323253,798.238139242549,2352.060299084261,429.720436979167,410.5293312500004,99.52168246290265,0.4614285714285714,0.5185714285714287,0.0
PHASE 2,1423,1139200,1136,1636.4232279323253,798.238139242549,2352.060299084261,429.720436979167,410.5293312500004,99.52168246290265,0.4114285714285715,0.4428571428571429,0.0
PHASE 2,1424,1140000,1140,1648.6851447144045,798.238139242549,2352.060299084261,434.12252864583365,412.63861250000036,100.24050044607938,0.0,0.0,0.0
PHASE 2,1425,1140800,1140,1648.6851447144043,798.238139242549,2352.060299084261,434.1225286458337,412.6386125000003,100.24050044607938,0.49857142857142855,0.4842857142857143,0.0
PHASE 2,1426,1141600,1140,1648.6851447144043,798.238139242549,2352.060299084261,434.1225286458337,412.6386125000003,100.24050044607938,0.44857142857142857,0.40285714285714286,0.0
PHASE 2,1427,1142400,1140,1648.6851447144043,798.238139242549,2352.060299084261,434.1225286458337,412.6386125000003,100.24050044607938,0.39571428571428574,0.3828571428571429,0.0
PHASE 2,1428,1143200,1140,1648.6851447144043,798.238139242549,2352.060299084261,434.1225286458337,412.6386125000003,100.24050044607938,0.4885714285714286,0.4514285714285714,0.0
PHASE 2,1429,1144000,1144,1670.5556948386252,990.5873730441072,2352.060299084261,438.75363802083376,419.09578854166693,101.588283534524,0.0,0.0,0.0
PHASE 2,1430,1144800,1144,1670.555694838625,990.5873730441072,2352.060299084261,438.7536380208336,419.095788541667,101.58828353452401,0.43000000000000005,0.3585714285714286,0.0
PHASE 2,1431,1145600,1144,1670.555694838625,990.5873730441072,2352.060299084261,438.7536380208336,419.095788541667,101.58828353452401,0.42857142857142866,0.37857142857142856,0.0
PHASE 2,1432,1146400,1144,1670.555694838625,990.5873730441072,2352.060299084261,438.7536380208336,419.095788541667,101.58828353452401,0.5071428571428571,0.4228571428571429,0.0
PHASE 2,1433,1147200,1144,1670.555694838625,990.5873730441072,2352.060299084261,438.7536380208336,419.095788541667,101.58828353452401,0.4128571428571428,0.49714285714285716,0.0
PHASE 2,1434,1148000,1148,1685.2349645901115,990.5873730441072,2352.060299084261,442.06839427083366,423.7629052083337,102.42545813887654,0.0,0.0,0.0
PHASE 2,1435,1148800,1148,1685.2349645901115,990.5873730441072,2352.060299084261,442.0683942708337,423.7629052083337,102.42545813887654,0.45285714285714285,0.3871428571428572,0.0
PHASE 2,1436,1149600,1148,1685.2349645901115,990.5873730441072,2352.060299084261,442.0683942708337,423.7629052083337,102.42545813887654,0.4128571428571429,0.4671428571428572,0.0
PHASE 2,1437,1150400,1148,1685.2349645901115,990.5873730441072,2352.060299084261,442.0683942708337,423.7629052083337,102.42545813887654,0.49714285714285716,0.5085714285714287,0.0
PHASE 2,1438,1151200,1148,1685.2349645901115,990.5873730441072,2352.060299084261,442.0683942708337,423.7629052083337,102.42545813887654,0.4142857142857143,0.4571428571428572,0.0
PHASE 2,1439,1152000,1152,1686.57791053786,990.5873730441072,2352.060299084261,442.42747135416704,423.55059895833364,102.57498002817836,0.0,0.0,0.0
PHASE 2,1440,1152800,1152,1686.57791053786,990.5873730441072,2352.060299084261,442.42747135416704,423.55059895833364,102.57498002817833,0.43714285714285717,0.43285714285714294,0.0
PHASE 2,1441,1153600,1152,1686.57791053786,990.5873730441072,2352.060299084261,442.42747135416704,423.55059895833364,102.57498002817833,0.4742857142857143,0.48285714285714293,0.0
PHASE 2,1442,1154400,1152,1686.57791053786,990.5873730441072,2352.060299084261,442.42747135416704,423.55059895833364,102.57498002817833,0.4071428571428572,0.3742857142857144,0.0
PHASE 2,1443,1155200,1152,1686.57791053786,990.5873730441072,2352.060299084261,442.42747135416704,423.55059895833364,102.57498002817833,0.4514285714285714,0.4671428571428572,0.0
PHASE 2,1444,1156000,1156,1690.3352290037683,990.5873730441072,2352.060299084261,441.91346406250045,426.4424364583336,102.74741606037522,0.0,0.0,0.0
PHASE 2,1445,1156800,1156,1690.3352290037676,990.5873730441072,2352.060299084261,441.91346406250034,426.4424364583336,102.74741606037523,0.43428571428571433,0.39571428571428574,0.0
PHASE 2,1446,1157600,1156,1690.3352290037676,990.5873730441072,2352.060299084261,441.91346406250034,426.4424364583336,102.74741606037523,0.4257142857142857,0.4542857142857143,0.0
PHASE 2,1447,1158400,1156,1690.3352290037676,990.5873730441072,2352.060299084261,441.91346406250034,426.4424364583336,102.74741606037523,0.4742857142857143,0.4,0.0
PHASE 2,1448,1159200,1156,1690.3352290037676,990.5873730441072,2352.060299084261,441.91346406250034,426.4424364583336,102.74741606037523,0.3728571428571429,0.38285714285714284,0.0
PHASE 2,1449,1160000,1160,1694.6084999371703,990.5873730441072,2352.060299084261,442.2786953125004,427.2181645833336,103.13895500517563,0.0,0.0,0.0
PHASE 2,1450,1160800,1160,1694.6084999371703,990.5873730441072,2352.060299084261,442.27869531250036,427.2181645833336,103.13895500517563,0.46571428571428575,0.5471428571428573,0.0
PHASE 2,1451,1161600,1160,1694.6084999371703,990.5873730441072,2352.060299084261,442.27869531250036,427.2181645833336,103.13895500517563,0.5157142857142858,0.5585714285714287,0.0
PHASE 2,1452,1162400,1160,1694.6084999371703,990.5873730441072,2352.060299084261,442.27869531250036,427.2181645833336,103.13895500517563,0.43285714285714294,0.4000000000000001,0.0
PHASE 2,1453,1163200,1160,1694.6084999371703,990.5873730441072,2352.060299084261,442.27869531250036,427.2181645833336,103.13895500517563,0.39857142857142863,0.4714285714285714,0.0
PHASE 2,1454,1164000,1164,1714.0995255055657,1131.2619325982864,2352.060299084261,446.42899739583373,433.5823708333335,104.2610196595587,0.0,0.0,0.0
PHASE 2,1455,1164800,1164,1714.0995255055657,1131.2619325982864,2352.060299084261,446.4289973958337,433.5823708333335,104.26101965955868,0.54,0.5457142857142858,0.0
PHASE 2,1456,1165600,1164,1714.0995255055657,1131.2619325982864,2352.060299084261,446.4289973958337,433.5823708333335,104.26101965955868,0.4628571428571429,0.44142857142857145,0.0
PHASE 2,1457,1166400,1164,1714.0995255055657,1131.2619325982864,2352.060299084261,446.4289973958337,433.5823708333335,104.26101965955868,0.53,0.39,0.0
PHASE 2,1458,1167200,1164,1714.0995255055657,1131.2619325982864,2352.060299084261,446.4289973958337,433.5823708333335,104.26101965955868,0.4571428571428572,0.4628571428571428,0.0
PHASE 2,1459,1168000,1168,1726.1534069876082,1131.2619325982864,2352.060299084261,450.52391875000035,436.5549156250002,104.88432157658502,0.0,0.0,0.0
PHASE 2,1460,1168800,1168,1726.1534069876082,1131.2619325982864,2352.060299084261,450.52391875000035,436.5549156250002,104.88432157658502,0.5028571428571429,0.4557142857142857,0.0
PHASE 2,1461,1169600,1168,1726.1534069876082,1131.2619325982864,2352.060299084261,450.52391875000035,436.5549156250002,104.88432157658502,0.47857142857142854,0.4871428571428571,0.0
PHASE 2,1462,1170400,1168,1726.1534069876082,1131.2619325982864,2352.060299084261,450.52391875000035,436.5549156250002,104.88432157658502,0.3871428571428572,0.5128571428571428,0.0
PHASE 2,1463,1171200,1168,1726.1534069876082,1131.2619325982864,2352.060299084261,450.52391875000035,436.5549156250002,104.88432157658502,0.40857142857142853,0.41571428571428565,0.0
PHASE 2,1464,1172000,1172,1726.9399080092167,1131.2619325982864,2352.060299084261,449.436782291667,438.1834156250003,104.91496376157784,0.0,0.0,0.0
PHASE 2,1465,1172800,1172,1726.9399080092169,1131.2619325982864,2352.060299084261,449.436782291667,438.1834156250002,104.91496376157785,0.38285714285714284,0.36714285714285716,0.0
PHASE 2,1466,1173600,1172,1726.9399080092169,1131.2619325982864,2352.060299084261,449.436782291667,438.1834156250002,104.91496376157785,0.35,0.42428571428571427,0.0
PHASE 2,1467,1174400,1172,1726.9399080092169,1131.2619325982864,2352.060299084261,449.436782291667,438.1834156250002,104.91496376157785,0.4428571428571429,0.4742857142857143,0.0
PHASE 2,1468,1175200,1172,1726.9399080092169,1131.2619325982864,2352.060299084261,449.436782291667,438.1834156250002,104.91496376157785,0.47857142857142854,0.39,0.0
PHASE 2,1469,1176000,1176,1747.238799868239,1131.2619325982864,2621.3484613418295,452.2855125000003,446.5077260416669,106.0556951658307,0.0,0.0,0.0
PHASE 2,1470,1176800,1176,1747.238799868239,1131.2619325982864,2621.3484613418295,452.2855125000002,446.50772604166707,106.0556951658307,0.4671428571428572,0.5085714285714287,0.0
PHASE 2,1471,1177600,1176,1747.238799868239,1131.2619325982864,2621.3484613418295,452.2855125000002,446.50772604166707,106.0556951658307,0.46142857142857147,0.5371428571428571,0.0
PHASE 2,1472,1178400,1176,1747.238799868239,1131.2619325982864,2621.3484613418295,452.2855125000002,446.50772604166707,106.0556951658307,0.4442857142857143,0.4442857142857143,0.0
PHASE 2,1473,1179200,1176,1747.238799868239,1131.2619325982864,2621.3484613418295,452.2855125000002,446.50772604166707,106.0556951658307,0.42714285714285716,0.4028571428571429,0.0
PHASE 2,1474,1180000,1180,1759.8196915652857,1050.0553029619623,2621.3484613418295,458.9114625000002,446.66118125000037,106.7808809769199,0.0,0.0,0.0
PHASE 2,1475,1180800,1180,1759.8196915652852,1050.0553029619623,2621.3484613418295,458.91146250000037,446.66118125000025,106.7808809769199,0.4142857142857143,0.41714285714285715,0.0
PHASE 2,1476,1181600,1180,1759.8196915652852,1050.0553029619623,2621.3484613418295,458.91146250000037,446.66118125000025,106.7808809769199,0.49571428571428583,0.5671428571428572,0.0
PHASE 2,1477,1182400,1180,1759.8196915652852,1050.0553029619623,2621.3484613418295,458.91146250000037,446.66118125000025,106.7808809769199,0.45428571428571435,0.42000000000000004,0.0
PHASE 2,1478,1183200,1180,1759.8196915652852,1050.0553029619623,2621.3484613418295,458.91146250000037,446.66118125000025,106.7808809769199,0.4114285714285715,0.47714285714285715,0.0
PHASE 2,1479,1184000,1184,1771.0492029842,1050.0553029619623,2621.3484613418295,459.36348750000036,452.5368312500002,107.39361052928427,0.0,0.0,0.0
PHASE 2,1480,1184800,1184,1771.0492029842003,1050.0553029619623,2621.3484613418295,459.36348750000036,452.53683125000026,107.39361052928427,0.41714285714285715,0.41571428571428565,0.0
PHASE 2,1481,1185600,1184,1771.0492029842003,1050.0553029619623,2621.3484613418295,459.36348750000036,452.53683125000026,107.39361052928427,0.3957142857142858,0.49714285714285716,0.0
PHASE 2,1482,1186400,1184,1771.0492029842003,1050.0553029619623,2621.3484613418295,459.36348750000036,452.53683125000026,107.39361052928427,0.5028571428571429,0.4142857142857143,0.0
PHASE 2,1483,1187200,1184,1771.0492029842003,1050.0553029619623,2621.3484613418295,459.36348750000036,452.53683125000026,107.39361052928427,0.4628571428571429,0.3914285714285714,0.0
PHASE 2,1484,1188000,1188,1784.3529243101048,1050.0553029619623,2621.3484613418295,461.5658104166669,457.2190489583336,108.19600811689732,0.0,0.0,0.0
PHASE 2,1485,1188800,1188,1784.3529243101054,1050.0553029619623,2621.3484613418295,461.56581041666703,457.21904895833353,108.19600811689732,0.42857142857142866,0.4428571428571429,0.0
PHASE 2,1486,1189600,1188,1784.3529243101054,1050.0553029619623,2621.3484613418295,461.56581041666703,457.21904895833353,108.19600811689732,0.42142857142857154,0.45,0.0
PHASE 2,1487,1190400,1188,1784.3529243101054,1050.0553029619623,2621.3484613418295,461.56581041666703,457.21904895833353,108.19600811689732,0.3985714285714286,0.5071428571428572,0.0
PHASE 2,1488,1191200,1188,1784.3529243101054,1050.0553029619623,2621.3484613418295,461.56581041666703,457.21904895833353,108.19600811689732,0.49857142857142855,0.4057142857142857,0.0
PHASE 2,1489,1192000,1192,1808.1133892811638,1050.0553029619623,2621.3484613418295,469.3278125000003,461.2301520833336,109.69442808723805,0.0,0.0,0.0
PHASE 2,1490,1192800,1192,1808.1133892811633,1050.0553029619623,2621.3484613418295,469.3278125000003,461.2301520833336,109.69442808723805,0.4514285714285715,0.4185714285714286,0.0
PHASE 2,1491,1193600,1192,1808.1133892811633,1050.0553029619623,2621.3484613418295,469.3278125000003,461.2301520833336,109.69442808723805,0.49142857142857144,0.44857142857142857,0.0
PHASE 2,1492,1194400,1192,1808.1133892811633,1050.0553029619623,2621.3484613418295,469.3278125000003,461.2301520833336,109.69442808723805,0.42857142857142866,0.40428571428571436,0.0
PHASE 2,1493,1195200,1192,1808.1133892811633,1050.0553029619623,2621.3484613418295,469.3278125000003,461.2301520833336,109.69442808723805,0.4714285714285714,0.43714285714285717,0.0
PHASE 2,1494,1196000,1196,1802.1151270825537,1050.0553029619623,2621.3484613418295,466.9379562500003,460.274279166667,109.3628614582452,0.0,0.0,0.0
PHASE 2,1495,1196800,1196,1802.1151270825542,1050.0553029619623,2621.3484613418295,466.93795625000035,460.274279166667,109.3628614582452,0.45714285714285713,0.4228571428571429,0.0
PHASE 2,1496,1197600,1196,1802.1151270825542,1050.0553029619623,2621.3484613418295,466.93795625000035,460.274279166667,109.3628614582452,0.44857142857142857,0.4714285714285714,0.0
PHASE 2,1497,1198400,1196,1802.1151270825542,1050.0553029619623,2621.3484613418295,466.93795625000035,460.274279166667,109.3628614582452,0.4685714285714285,0.5057142857142857,0.0
PHASE 2,1498,1199200,1196,1802.1151270825542,1050.0553029619623,2621.3484613418295,466.93795625000035,460.274279166667,109.3628614582452,0.3957142857142858,0.4071428571428572,0.0
PHASE 2,1499,1200000,1200,1798.0578972422052,1050.0553029619623,2621.3484613418295,465.74191875000025,459.0982770833336,109.15221267611825,0.0,0.0,0.0
PHASE 3A,0,800,0,,,,,,,0.4114285714285715,0.42428571428571427,0.0
PHASE 3A,1,1600,0,,,,,,,0.42142857142857143,0.47000000000000003,0.0
PHASE 3A,2,2400,0,,,,,,,0.4385714285714285,0.4142857142857143,0.0
PHASE 3A,3,3200,0,,,,,,,0.4585714285714285,0.3871428571428572,0.0
PHASE 3A,4,4000,4,1791.2163570523498,1501.1806966554673,1922.9972778193123,415.8991145833337,504.6523958333337,108.83310582947126,0.0,0.0,0.0
PHASE 3A,5,4800,4,1791.2163570523498,1501.1806966554673,1922.9972778193123,415.8991145833337,504.6523958333337,108.83310582947126,0.44000000000000006,0.3557142857142857,0.0
PHASE 3A,6,5600,4,1791.2163570523498,1501.1806966554673,1922.9972778193123,415.8991145833337,504.6523958333337,108.83310582947126,0.3871428571428572,0.35,0.0
PHASE 3A,7,6400,4,1791.2163570523498,1501.1806966554673,1922.9972778193123,415.8991145833337,504.6523958333337,108.83310582947126,0.4271428571428572,0.5014285714285716,0.0
PHASE 3A,8,7200,4,1791.2163570523498,1501.1806966554673,1922.9972778193123,415.8991145833337,504.6523958333337,108.83310582947126,0.4757142857142857,0.48428571428571426,0.0
PHASE 3A,9,8000,8,1745.6924317268315,1478.6303955198966,1946.7121967006228,422.1819921875003,478.31858072916697,105.64898235127914,0.0,0.0,0.0
PHASE 3A,10,8800,8,1745.6924317268315,1478.6303955198966,1946.7121967006228,422.1819921875003,478.31858072916697,105.64898235127914,0.4342857142857143,0.46571428571428575,0.0
PHASE 3A,11,9600,8,1745.6924317268315,1478.6303955198966,1946.7121967006228,422.1819921875003,478.31858072916697,105.64898235127914,0.37,0.49142857142857144,0.0
PHASE 3A,12,10400,8,1745.6924317268315,1478.6303955198966,1946.7121967006228,422.1819921875003,478.31858072916697,105.64898235127914,0.51,0.4928571428571429,0.0
PHASE 3A,13,11200,8,1745.6924317268315,1478.6303955198966,1946.7121967006228,422.1819921875003,478.31858072916697,105.64898235127914,0.4771428571428572,0.39428571428571435,0.0
PHASE 3A,14,12000,12,1824.06983362198,1478.6303955198966,2174.4320254826916,450.4652777777781,493.7346875000003,109.98373354303374,0.0,0.0,0.0
PHASE 3A,15,12800,12,1824.0698336219796,1478.6303955198966,2174.4320254826916,450.4652777777781,493.7346875000003,109.98373354303374,0.4628571428571428,0.3771428571428571,0.0
PHASE 3A,16,13600,12,1824.0698336219796,1478.6303955198966,2174.4320254826916,450.4652777777781,493.7346875000003,109.98373354303374,0.4514285714285715,0.39142857142857146,0.0
PHASE 3A,17,14400,12,1824.0698336219796,1478.6303955198966,2174.4320254826916,450.4652777777781,493.7346875000003,109.98373354303374,0.44857142857142857,0.5271428571428571,0.0
PHASE 3A,18,15200,12,1824.0698336219796,1478.6303955198966,2174.4320254826916,450.4652777777781,493.7346875000003,109.98373354303374,0.47285714285714286,0.4557142857142858,0.0
PHASE 3A,19,16000,16,1781.8231245692068,1199.0447328893406,2174.4320254826916,444.7171289062503,478.18250651041694,107.36543614407535,0.0,0.0,0.0
PHASE 3A,20,16800,16,1781.8231245692068,1199.0447328893406,2174.4320254826916,444.7171289062503,478.18250651041694,107.36543614407536,0.4128571428571429,0.5014285714285714,0.0
PHASE 3A,21,17600,16,1781.8231245692068,1199.0447328893406,2174.4320254826916,444.7171289062503,478.18250651041694,107.36543614407536,0.4314285714285714,0.4428571428571429,0.0
PHASE 3A,22,18400,16,1781.8231245692068,1199.0447328893406,2174.4320254826916,444.7171289062503,478.18250651041694,107.36543614407536,0.49428571428571433,0.3871428571428572,0.0
PHASE 3A,23,19200,16,1781.8231245692068,1199.0447328893406,2174.4320254826916,444.7171289062503,478.18250651041694,107.36543614407536,0.45999999999999996,0.43285714285714283,0.0
PHASE 3A,24,20000,20,1759.9473284431947,1199.0447328893406,2174.4320254826916,431.6484947916671,476.46781770833365,106.47887699290732,0.0,0.0,0.0
PHASE 3A,25,20800,20,1759.9473284431945,1199.0447328893406,2174.4320254826916,431.64849479166696,476.4678177083335,106.47887699290732,0.45857142857142863,0.44571428571428573,0.0
PHASE 3A,26,21600,20,1759.9473284431945,1199.0447328893406,2174.4320254826916,431.64849479166696,476.4678177083335,106.47887699290732,0.46571428571428586,0.4185714285714286,0.0
PHASE 3A,27,22400,20,1759.9473284431945,1199.0447328893406,2174.4320254826916,431.64849479166696,476.4678177083335,106.47887699290732,0.4757142857142857,0.40428571428571425,0.0
PHASE 3A,28,23200,20,1759.9473284431945,1199.0447328893406,2174.4320254826916,431.64849479166696,476.4678177083335,106.47887699290732,0.4314285714285715,0.4800000000000001,0.0
PHASE 3A,29,24000,24,1765.2926763410157,1199.0447328893406,2174.4320254826916,431.48003472222257,480.74000868055583,106.63407911728844,0.0,0.0,0.0
PHASE 3A,30,24800,24,1765.2926763410157,1199.0447328893406,2174.4320254826916,431.48003472222257,480.74000868055583,106.63407911728844,0.4642857142857143,0.43714285714285717,0.0
PHASE 3A,31,25600,24,1765.2926763410157,1199.0447328893406,2174.4320254826916,431.48003472222257,480.74000868055583,106.63407911728844,0.37714285714285717,0.4928571428571429,0.0
PHASE 3A,32,26400,24,1765.2926763410157,1199.0447328893406,2174.4320254826916,431.48003472222257,480.74000868055583,106.63407911728844,0.4057142857142858,0.32,0.0
PHASE 3A,33,27200,24,1765.2926763410157,1199.0447328893406,2174.4320254826916,431.48003472222257,480.74000868055583,106.63407911728844,0.4171428571428571,0.44000000000000006,0.0
PHASE 3A,34,28000,28,1804.4529032774062,1199.0447328893406,2514.5862732118544,440.5402232142861,492.63246279761927,108.91002715819643,0.0,0.0,0.0
PHASE 3A,35,28800,28,1804.4529032774062,1199.0447328893406,2514.5862732118544,440.540223214286,492.63246279761944,108.91002715819643,0.4357142857142858,0.40285714285714286,0.0
PHASE 3A,36,29600,28,1804.4529032774062,1199.0447328893406,2514.5862732118544,440.540223214286,492.63246279761944,108.91002715819643,0.46428571428571425,0.40428571428571425,0.0
PHASE 3A,37,30400,28,1804.4529032774062,1199.0447328893406,2514.5862732118544,440.540223214286,492.63246279761944,108.91002715819643,0.4699999999999999,0.4628571428571428,0.0
PHASE 3A,38,31200,28,1804.4529032774062,1199.0447328893406,2514.5862732118544,440.540223214286,492.63246279761944,108.91002715819643,0.41000000000000003,0.3928571428571429,0.0
PHASE 3A,39,32000,32,1813.198851478381,1199.0447328893406,2514.5862732118544,441.7582324218754,495.67924153645856,109.47017219001444,0.0,0.0,0.0
PHASE 3A,40,32800,32,1813.1988514783807,1199.0447328893406,2514.5862732118544,441.75823242187533,495.67924153645856,109.47017219001444,0.3885714285714286,0.4557142857142857,0.0
PHASE 3A,41,33600,32,1813.1988514783807,1199.0447328893406,2514.5862732118544,441.75823242187533,495.67924153645856,109.47017219001444,0.5214285714285715,0.40714285714285714,0.0
PHASE 3A,42,34400,32,1813.1988514783807,1199.0447328893406,2514.5862732118544,441.75823242187533,495.67924153645856,109.47017219001444,0.5085714285714287,0.39714285714285713,0.0
PHASE 3A,43,35200,32,1813.1988514783807,1199.0447328893406,2514.5862732118544,441.75823242187533,495.67924153645856,109.47017219001444,0.48,0.4514285714285714,0.0
PHASE 3A,44,36000,36,1808.3900930157365,1199.0447328893406,2514.5862732118544,439.12384837963,495.5260995370372,109.21751813739203,0.0,0.0,0.0
PHASE 3A,45,36800,36,1808.3900930157363,1199.0447328893406,2514.5862732118544,439.12384837963,495.5260995370372,109.21751813739202,0.4471428571428572,0.3728571428571429,0.0
PHASE 3A,46,37600,36,1808.3900930157363,1199.0447328893406,2514.5862732118544,439.12384837963,495.5260995370372,109.21751813739202,0.4114285714285715,0.5071428571428571,0.0
PHASE 3A,47,38400,36,1808.3900930157363,1199.0447328893406,2514.5862732118544,439.12384837963,495.5260995370372,109.21751813739202,0.49714285714285716,0.45714285714285713,0.0
PHASE 3A,48,39200,36,1808.3900930157363,1199.0447328893406,2514.5862732118544,439.12384837963,495.5260995370372,109.21751813739202,0.32999999999999996,0.4557142857142857,0.0
PHASE 3A,49,40000,40,1812.36517270064,1199.0447328893406,2514.5862732118544,439.085088541667,497.36886979166695,109.48890179592168,0.0,0.0,0.0
PHASE 3A,50,40800,40,1812.36517270064,1199.0447328893406,2514.5862732118544,439.085088541667,497.368869791667,109.48890179592168,0.4714285714285714,0.43,0.0
PHASE 3A,51,41600,40,1812.36517270064,1199.0447328893406,2514.5862732118544,439.085088541667,497.368869791667,109.48890179592168,0.44857142857142857,0.42142857142857143,0.0
PHASE 3A,52,42400,40,1812.36517270064,1199.0447328893406,2514.5862732118544,439.085088541667,497.368869791667,109.48890179592168,0.4385714285714286,0.3771428571428572,0.0
PHASE 3A,53,43200,40,1812.36517270064,1199.0447328893406,2514.5862732118544,439.085088541667,497.368869791667,109.48890179592168,0.40857142857142853,0.45285714285714296,0.0
PHASE 3A,54,44000,44,1807.0798377459587,1199.0447328893406,2514.5862732118544,442.17379498106106,492.7283806818184,109.0222077603935,0.0,0.0,0.0
PHASE 3A,55,44800,44,1807.0798377459587,1199.0447328893406,2514.5862732118544,442.17379498106095,492.72838068181846,109.02220776039348,0.4771428571428572,0.45285714285714285,0.0
PHASE 3A,56,45600,44,1807.0798377459587,1199.0447328893406,2514.5862732118544,442.17379498106095,492.72838068181846,109.02220776039348,0.4814285714285715,0.4314285714285714,0.0
PHASE 3A,57,46400,44,1807.0798377459587,1199.0447328893406,2514.5862732118544,442.17379498106095,492.72838068181846,109.02220776039348,0.4185714285714285,0.49857142857142855,0.0
PHASE 3A,58,47200,44,1807.0798377459587,1199.0447328893406,2514.5862732118544,442.17379498106095,492.72838068181846,109.02220776039348,0.5214285714285716,0.44142857142857156,0.0
PHASE 3A,59,48000,48,1825.2286149103693,1199.0447328893406,2514.5862732118544,447.0999175347226,498.4183528645837,109.96379306389144,0.0,0.0,0.0
PHASE 3A,60,48800,48,1825.2286149103693,1199.0447328893406,2514.5862732118544,447.0999175347226,498.4183528645837,109.96379306389144,0.5057142857142858,0.46428571428571425,0.0
PHASE 3A,61,49600,48,1825.2286149103693,1199.0447328893406,2514.5862732118544,447.0999175347226,498.4183528645837,109.96379306389144,0.4471428571428572,0.3985714285714286,0.0
PHASE 3A,62,50400,48,1825.2286149103693,1199.0447328893406,2514.5862732118544,447.0999175347226,498.4183528645837,109.96379306389144,0.42714285714285716,0.5114285714285713,0.0
PHASE 3A,63,51200,48,1825.2286149103693,1199.0447328893406,2514.5862732118544,447.0999175347226,498.4183528645837,109.96379306389144,0.41000000000000003,0.4928571428571429,0.0
PHASE 3A,64,52000,52,1835.9971936939726,1199.0447328893406,2514.5862732118544,448.5262159455132,502.8832331730772,110.57346807193123,0.0,0.0,0.0
PHASE 3A,65,52800,52,1835.9971936939728,1199.0447328893406,2514.5862732118544,448.5262159455132,502.8832331730773,110.57346807193123,0.5214285714285714,0.41428571428571426,0.0
PHASE 3A,66,53600,52,1835.9971936939728,1199.0447328893406,2514.5862732118544,448.5262159455132,502.8832331730773,110.57346807193123,0.4428571428571429,0.5885714285714286,0.0
PHASE 3A,67,54400,52,1835.9971936939728,1199.0447328893406,2514.5862732118544,448.5262159455132,502.8832331730773,110.57346807193123,0.5271428571428572,0.3842857142857143,0.0
PHASE 3A,68,55200,52,1835.9971936939728,1199.0447328893406,2514.5862732118544,448.5262159455132,502.8832331730773,110.57346807193123,0.4542857142857143,0.47000000000000003,0.0
PHASE 3A,69,56000,56,1840.3781187728462,1199.0447328893406,2514.5862732118544,449.71155877976224,504.4922042410717,110.77179446900985,0.0,0.0,0.0
PHASE 3A,70,56800,56,1840.3781187728466,1199.0447328893406,2514.5862732118544,449.71155877976224,504.49220424107176,110.77179446900983,0.5,0.35714285714285715,0.0
PHASE 3A,71,57600,56,1840.3781187728466,1199.0447328893406,2514.5862732118544,449.71155877976224,504.49220424107176,110.77179446900983,0.4685714285714286,0.4957142857142857,0.0
PHASE 3A,72,58400,56,1840.3781187728466,1199.0447328893406,2514.5862732118544,449.71155877976224,504.49220424107176,110.77179446900983,0.4128571428571429,0.40857142857142853,0.0
PHASE 3A,73,59200,56,1840.3781187728466,1199.0447328893406,2514.5862732118544,449.71155877976224,504.49220424107176,110.77179446900983,0.37142857142857144,0.4957142857142857,0.0
PHASE 3A,74,60000,60,1840.6026779182916,1199.0447328893406,2514.5862732118544,449.4580434027781,505.8613263888892,110.66041351583631,0.0,0.0,0.0
PHASE 3A,75,60800,60,1840.6026779182919,1199.0447328893406,2514.5862732118544,449.4580434027782,505.8613263888892,110.66041351583631,0.40857142857142864,0.4471428571428572,0.0
PHASE 3A,76,61600,60,1840.6026779182919,1199.0447328893406,2514.5862732118544,449.4580434027782,505.8613263888892,110.66041351583631,0.45857142857142863,0.4585714285714285,0.0
PHASE 3A,77,62400,60,1840.6026779182919,1199.0447328893406,2514.5862732118544,449.4580434027782,505.8613263888892,110.66041351583631,0.41000000000000003,0.42857142857142855,0.0
PHASE 3A,78,63200,60,1840.6026779182919,1199.0447328893406,2514.5862732118544,449.4580434027782,505.8613263888892,110.66041351583631,0.47142857142857153,0.5157142857142858,0.0
PHASE 3A,79,64000,64,1854.0526735830467,1199.0447328893406,2514.5862732118544,453.0099511718753,510.0910563151044,111.3689582620166,0.0,0.0,0.0
PHASE 3A,80,64800,64,1854.0526735830467,1199.0447328893406,2514.5862732118544,453.0099511718753,510.0910563151044,111.36895826201662,0.4814285714285715,0.4714285714285714,0.0
PHASE 3A,81,65600,64,1854.0526735830467,1199.0447328893406,2514.5862732118544,453.0099511718753,510.0910563151044,111.36895826201662,0.33714285714285713,0.4742857142857142,0.0
PHASE 3A,82,66400,64,1854.0526735830467,1199.0447328893406,2514.5862732118544,453.0099511718753,510.0910563151044,111.36895826201662,0.4742857142857143,0.3871428571428572,0.0
PHASE 3A,83,67200,64,1854.0526735830467,1199.0447328893406,2514.5862732118544,453.0099511718753,510.0910563151044,111.36895826201662,0.4228571428571429,0.4428571428571429,0.0
PHASE 3A,84,68000,68,1869.5798864360656,1199.0447328893406,2514.5862732118544,458.8627696078434,513.4586427696081,112.157309257335,0.0,0.0,0.0
PHASE 3A,85,68800,68,1869.5798864360654,1199.0447328893406,2514.5862732118544,458.86276960784335,513.4586427696081,112.157309257335,0.4714285714285714,0.39714285714285713,0.0
PHASE 3A,86,69600,68,1869.5798864360654,1199.0447328893406,2514.5862732118544,458.86276960784335,513.4586427696081,112.157309257335,0.41714285714285715,0.4742857142857143,0.0
PHASE 3A,87,70400,68,1869.5798864360654,1199.0447328893406,2514.5862732118544,458.86276960784335,513.4586427696081,112.157309257335,0.4514285714285714,0.45428571428571435,0.0
PHASE 3A,88,71200,68,1869.5798864360654,1199.0447328893406,2514.5862732118544,458.86276960784335,513.4586427696081,112.157309257335,0.4957142857142857,0.3928571428571429,0.0
PHASE 3A,89,72000,72,1867.2277674819613,1199.0447328893406,2514.5862732118544,457.87291087962996,512.9438961226855,112.05137005996406,0.0,0.0,0.0
PHASE 3A,90,72800,72,1867.2277674819613,1199.0447328893406,2514.5862732118544,457.87291087962996,512.9438961226855,112.05137005996406,0.40285714285714286,0.45285714285714296,0.0
PHASE 3A,91,73600,72,1867.2277674819613,1199.0447328893406,2514.5862732118544,457.87291087962996,512.9438961226855,112.05137005996406,0.5328571428571428,0.49000000000000005,0.0
PHASE 3A,92,74400,72,1867.2277674819613,1199.0447328893406,2514.5862732118544,457.87291087962996,512.9438961226855,112.05137005996406,0.4714285714285714,0.39142857142857146,0.0
PHASE 3A,93,75200,72,1867.2277674819613,1199.0447328893406,2514.5862732118544,457.87291087962996,512.9438961226855,112.05137005996406,0.40428571428571425,0.38428571428571434,0.0
PHASE 3A,94,76000,76,1869.176806529184,1199.0447328893406,2514.5862732118544,455.57140213815825,515.9354248903512,112.20874743759252,0.0,0.0,0.0
PHASE 3A,95,76800,76,1869.176806529184,1199.0447328893406,2514.5862732118544,455.57140213815825,515.9354248903511,112.20874743759255,0.54,0.45428571428571435,0.0
PHASE 3A,96,77600,76,1869.176806529184,1199.0447328893406,2514.5862732118544,455.57140213815825,515.9354248903511,112.20874743759255,0.4814285714285715,0.4814285714285715,0.0
PHASE 3A,97,78400,76,1869.176806529184,1199.0447328893406,2514.5862732118544,455.57140213815825,515.9354248903511,112.20874743759255,0.40428571428571425,0.42428571428571427,0.0
PHASE 3A,98,79200,76,1869.176806529184,1199.0447328893406,2514.5862732118544,455.57140213815825,515.9354248903511,112.20874743759255,0.4471428571428572,0.562857142857143,0.0
PHASE 3A,99,80000,80,1870.6560668003817,1199.0447328893406,2514.5862732118544,455.18087760416694,517.4023945312504,112.25909933312876,0.0,0.0,0.0
PHASE 3A,100,80800,80,1870.6560668003817,1199.0447328893406,2514.5862732118544,455.18087760416694,517.4023945312503,112.25909933312877,0.53,0.46428571428571425,0.0
PHASE 3A,101,81600,80,1870.6560668003817,1199.0447328893406,2514.5862732118544,455.18087760416694,517.4023945312503,112.25909933312877,0.4314285714285715,0.4442857142857143,0.0
PHASE 3A,102,82400,80,1870.6560668003817,1199.0447328893406,2514.5862732118544,455.18087760416694,517.4023945312503,112.25909933312877,0.46571428571428586,0.4385714285714286,0.0
PHASE 3A,103,83200,80,1870.6560668003817,1199.0447328893406,2514.5862732118544,455.18087760416694,517.4023945312503,112.25909933312877,0.43428571428571433,0.44142857142857145,0.0
PHASE 3A,104,84000,84,1872.3196653972652,1199.0447328893406,2514.5862732118544,455.82589409722243,518.1280704365082,112.29571260795005,0.0,0.0,0.0
PHASE 3A,105,84800,84,1872.3196653972655,1199.0447328893406,2514.5862732118544,455.82589409722243,518.1280704365082,112.29571260795004,0.3971428571428572,0.5028571428571429,0.0
PHASE 3A,106,85600,84,1872.3196653972655,1199.0447328893406,2514.5862732118544,455.82589409722243,518.1280704365082,112.29571260795004,0.47285714285714286,0.35571428571428576,0.0
PHASE 3A,107,86400,84,1872.3196653972655,1199.0447328893406,2514.5862732118544,455.82589409722243,518.1280704365082,112.29571260795004,0.35285714285714287,0.43285714285714283,0.0
PHASE 3A,108,87200,84,1872.3196653972655,1199.0447328893406,2514.5862732118544,455.82589409722243,518.1280704365082,112.29571260795004,0.4628571428571429,0.41000000000000003,0.0
PHASE 3A,109,88000,88,1882.2107241304097,1199.0447328893406,2514.5862732118544,459.36723366477304,519.688581912879,112.89436356910292,0.0,0.0,0.0
PHASE 3A,110,88800,88,1882.2107241304097,1199.0447328893406,2514.5862732118544,459.36723366477304,519.688581912879,112.89436356910291,0.3728571428571429,0.4542857142857143,0.0
PHASE 3A,111,89600,88,1882.2107241304097,1199.0447328893406,2514.5862732118544,459.36723366477304,519.688581912879,112.89436356910291,0.3442857142857143,0.3757142857142857,0.0
PHASE 3A,112,90400,88,1882.2107241304097,1199.0447328893406,2514.5862732118544,459.36723366477304,519.688581912879,112.89436356910291,0.40857142857142864,0.43000000000000005,0.0
PHASE 3A,113,91200,88,1882.2107241304097,1199.0447328893406,2514.5862732118544,459.36723366477304,519.688581912879,112.89436356910291,0.49857142857142855,0.5085714285714287,0.0
PHASE 3A,114,92000,92,1889.5042411717343,1199.0447328893406,2514.5862732118544,461.81240602355115,521.6293036684785,113.2578164349712,0.0,0.0,0.0
PHASE 3A,115,92800,92,1889.5042411717343,1199.0447328893406,2514.5862732118544,461.81240602355103,521.6293036684784,113.2578164349712,0.3614285714285714,0.40714285714285714,0.0
PHASE 3A,116,93600,92,1889.5042411717343,1199.0447328893406,2514.5862732118544,461.81240602355103,521.6293036684784,113.2578164349712,0.4442857142857143,0.3871428571428571,0.0
PHASE 3A,117,94400,92,1889.5042411717343,1199.0447328893406,2514.5862732118544,461.81240602355103,521.6293036684784,113.2578164349712,0.4442857142857143,0.4642857142857143,0.0
PHASE 3A,118,95200,92,1889.5042411717343,1199.0447328893406,2514.5862732118544,461.81240602355103,521.6293036684784,113.2578164349712,0.44000000000000006,0.3885714285714285,0.0
PHASE 3A,119,96000,96,1896.2780622572875,1199.0447328893406,2514.5862732118544,464.46039062500034,523.365375434028,113.55653702479056,0.0,0.0,0.0
PHASE 3A,120,96800,96,1896.2780622572875,1199.0447328893406,2514.5862732118544,464.4603906250004,523.365375434028,113.55653702479056,0.4471428571428572,0.37,0.0
PHASE 3A,121,97600,96,1896.2780622572875,1199.0447328893406,2514.5862732118544,464.4603906250004,523.365375434028,113.55653702479056,0.44142857142857145,0.44571428571428573,0.0
PHASE 3A,122,98400,96,1896.2780622572875,1199.0447328893406,2514.5862732118544,464.4603906250004,523.365375434028,113.55653702479056,0.49000000000000005,0.4314285714285714,0.0
PHASE 3A,123,99200,96,1896.2780622572875,1199.0447328893406,2514.5862732118544,464.4603906250004,523.365375434028,113.55653702479056,0.4128571428571429,0.4257142857142858,0.0
PHASE 3A,124,100000,100,1885.989910659633,1199.0447328893406,2514.5862732118544,462.6743104166671,519.7526770833337,112.94536539496221,0.0,0.0,0.0
PHASE 3A,125,100800,100,1885.989910659633,1199.0447328893406,2514.5862732118544,462.6743104166671,519.7526770833337,112.94536539496221,0.43714285714285717,0.4028571428571429,0.0
PHASE 3A,126,101600,100,1885.989910659633,1199.0447328893406,2514.5862732118544,462.6743104166671,519.7526770833337,112.94536539496221,0.39714285714285713,0.43428571428571433,0.0
PHASE 3A,127,102400,100,1885.989910659633,1199.0447328893406,2514.5862732118544,462.6743104166671,519.7526770833337,112.94536539496221,0.4557142857142858,0.42428571428571427,0.0
PHASE 3A,128,103200,100,1885.989910659633,1199.0447328893406,2514.5862732118544,462.6743104166671,519.7526770833337,112.94536539496221,0.45285714285714296,0.4742857142857143,0.0
PHASE 3A,129,104000,104,1891.2278620153988,1199.0447328893406,2514.5862732118544,466.8348593750003,518.673682291667,113.21491504359946,0.0,0.0,0.0
PHASE 3A,130,104800,104,1891.2278620153986,1199.0447328893406,2514.5862732118544,466.8348593750003,518.673682291667,113.21491504359949,0.4242857142857144,0.48142857142857143,0.0
PHASE 3A,131,105600,104,1891.2278620153986,1199.0447328893406,2514.5862732118544,466.8348593750003,518.673682291667,113.21491504359949,0.4071428571428572,0.47857142857142854,0.0
PHASE 3A,132,106400,104,1891.2278620153986,1199.0447328893406,2514.5862732118544,466.8348593750003,518.673682291667,113.21491504359949,0.45428571428571435,0.4428571428571429,0.0
PHASE 3A,133,107200,104,1891.2278620153986,1199.0447328893406,2514.5862732118544,466.8348593750003,518.673682291667,113.21491504359949,0.3157142857142857,0.4,0.0
PHASE 3A,134,108000,108,1895.0534711994362,1199.0447328893406,2514.5862732118544,467.2065687500003,520.3797135416669,113.4333986134793,0.0,0.0,0.0
PHASE 3A,135,108800,108,1895.0534711994364,1199.0447328893406,2514.5862732118544,467.2065687500003,520.3797135416669,113.4333986134793,0.4557142857142857,0.44142857142857145,0.0
PHASE 3A,136,109600,108,1895.0534711994364,1199.0447328893406,2514.5862732118544,467.2065687500003,520.3797135416669,113.4333986134793,0.3871428571428571,0.42142857142857143,0.0
PHASE 3A,137,110400,108,1895.0534711994364,1199.0447328893406,2514.5862732118544,467.2065687500003,520.3797135416669,113.4333986134793,0.4385714285714286,0.51,0.0
PHASE 3A,138,111200,108,1895.0534711994364,1199.0447328893406,2514.5862732118544,467.2065687500003,520.3797135416669,113.4333986134793,0.5142857142857143,0.4714285714285714,0.0
PHASE 3A,139,112000,112,1895.129083781296,1199.0447328893406,2514.5862732118544,465.880922916667,521.7128739583336,113.44191086329509,0.0,0.0,0.0
PHASE 3A,140,112800,112,1895.1290837812962,1199.0447328893406,2514.5862732118544,465.88092291666703,521.7128739583335,113.44191086329506,0.47000000000000003,0.4614285714285714,0.0
PHASE 3A,141,113600,112,1895.1290837812962,1199.0447328893406,2514.5862732118544,465.88092291666703,521.7128739583335,113.44191086329506,0.4357142857142858,0.40857142857142853,0.0
PHASE 3A,142,114400,112,1895.1290837812962,1199.0447328893406,2514.5862732118544,465.88092291666703,521.7128739583335,113.44191086329506,0.3771428571428571,0.39142857142857146,0.0
PHASE 3A,143,115200,112,1895.1290837812962,1199.0447328893406,2514.5862732118544,465.88092291666703,521.7128739583335,113.44191086329506,0.41571428571428576,0.4514285714285715,0.0
PHASE 3A,144,116000,116,1907.164624188331,1292.2051564905144,2514.5862732118544,467.9512500000004,526.0177010416669,114.1494591433413,0.0,0.0,0.0
PHASE 3A,145,116800,116,1907.164624188331,1292.2051564905144,2514.5862732118544,467.95125000000036,526.0177010416669,114.14945914334132,0.4,0.49428571428571433,0.0
PHASE 3A,146,117600,116,1907.164624188331,1292.2051564905144,2514.5862732118544,467.95125000000036,526.0177010416669,114.14945914334132,0.4257142857142857,0.49142857142857144,0.0
PHASE 3A,147,118400,116,1907.164624188331,1292.2051564905144,2514.5862732118544,467.95125000000036,526.0177010416669,114.14945914334132,0.3885714285714286,0.4014285714285714,0.0
PHASE 3A,148,119200,116,1907.164624188331,1292.2051564905144,2514.5862732118544,467.95125000000036,526.0177010416669,114.14945914334132,0.45,0.44571428571428573,0.0
PHASE 3A,149,120000,120,1918.6872668989056,1292.2051564905144,2514.5862732118544,472.70189687500033,528.2303135416669,114.71938206028815,0.0,0.0,0.0
PHASE 3A,150,120800,120,1918.6872668989056,1292.2051564905144,2514.5862732118544,472.70189687500033,528.2303135416669,114.71938206028817,0.4385714285714286,0.4385714285714286,0.0
PHASE 3A,151,121600,120,1918.6872668989056,1292.2051564905144,2514.5862732118544,472.70189687500033,528.2303135416669,114.71938206028817,0.3728571428571429,0.4142857142857143,0.0
PHASE 3A,152,122400,120,1918.6872668989056,1292.2051564905144,2514.5862732118544,472.70189687500033,528.2303135416669,114.71938206028817,0.4714285714285714,0.4257142857142858,0.0
PHASE 3A,153,123200,120,1918.6872668989056,1292.2051564905144,2514.5862732118544,472.70189687500033,528.2303135416669,114.71938206028817,0.43714285714285717,0.38428571428571434,0.0
PHASE 3A,154,124000,124,1922.1709409656341,1292.2051564905144,2514.5862732118544,473.1164520833336,528.9914333333336,115.00788194362903,0.0,0.0,0.0
PHASE 3A,155,124800,124,1922.1709409656341,1292.2051564905144,2514.5862732118544,473.11645208333374,528.9914333333336,115.00788194362903,0.4671428571428571,0.42857142857142855,0.0
PHASE 3A,156,125600,124,1922.1709409656341,1292.2051564905144,2514.5862732118544,473.11645208333374,528.9914333333336,115.00788194362903,0.47285714285714286,0.40857142857142864,0.0
PHASE 3A,157,126400,124,1922.1709409656341,1292.2051564905144,2514.5862732118544,473.11645208333374,528.9914333333336,115.00788194362903,0.5042857142857142,0.4714285714285714,0.0
PHASE 3A,158,127200,124,1922.1709409656341,1292.2051564905144,2514.5862732118544,473.11645208333374,528.9914333333336,115.00788194362903,0.40428571428571425,0.42857142857142866,0.0
PHASE 3A,159,128000,128,1921.3624300160209,1292.2051564905144,2390.2444389638295,475.7588916666671,526.163004166667,114.93006677284407,0.0,0.0,0.0
PHASE 3A,160,128800,128,1921.3624300160207,1292.2051564905144,2390.2444389638295,475.75889166666707,526.1630041666668,114.93006677284407,0.5214285714285715,0.4228571428571429,0.0
PHASE 3A,161,129600,128,1921.3624300160207,1292.2051564905144,2390.2444389638295,475.75889166666707,526.1630041666668,114.93006677284407,0.44571428571428573,0.44000000000000006,0.0
PHASE 3A,162,130400,128,1921.3624300160207,1292.2051564905144,2390.2444389638295,475.75889166666707,526.1630041666668,114.93006677284407,0.43714285714285717,0.53,0.0
PHASE 3A,163,131200,128,1921.3624300160207,1292.2051564905144,2390.2444389638295,475.75889166666707,526.1630041666668,114.93006677284407,0.4428571428571429,0.4714285714285714,0.0
PHASE 3A,164,132000,132,1929.7483176121489,1292.2051564905144,2531.460505585633,479.0853041666671,527.3473072916669,115.41446326923513,0.0,0.0,0.0
PHASE 3A,165,132800,132,1929.7483176121486,1292.2051564905144,2531.460505585633,479.08530416666696,527.3473072916669,115.41446326923514,0.40857142857142864,0.48571428571428577,0.0
PHASE 3A,166,133600,132,1929.7483176121486,1292.2051564905144,2531.460505585633,479.08530416666696,527.3473072916669,115.41446326923514,0.40428571428571425,0.4057142857142857,0.0
PHASE 3A,167,134400,132,1929.7483176121486,1292.2051564905144,2531.460505585633,479.08530416666696,527.3473072916669,115.41446326923514,0.43428571428571433,0.3728571428571429,0.0
PHASE 3A,168,135200,132,1929.7483176121486,1292.2051564905144,2531.460505585633,479.08530416666696,527.3473072916669,115.41446326923514,0.47285714285714286,0.44857142857142857,0.0
PHASE 3A,169,136000,136,1935.6023615741628,1356.3048680148165,2531.460505585633,482.75972395833355,527.0320854166669,115.72631902490365,0.0,0.0,0.0
PHASE 3A,170,136800,136,1935.6023615741633,1356.3048680148165,2531.460505585633,482.7597239583336,527.032085416667,115.72631902490365,0.5071428571428572,0.3857142857142858,0.0
PHASE 3A,171,137600,136,1935.6023615741633,1356.3048680148165,2531.460505585633,482.7597239583336,527.032085416667,115.72631902490365,0.43428571428571433,0.4642857142857143,0.0
PHASE 3A,172,138400,136,1935.6023615741633,1356.3048680148165,2531.460505585633,482.7597239583336,527.032085416667,115.72631902490365,0.4642857142857143,0.3871428571428571,0.0
PHASE 3A,173,139200,136,1935.6023615741633,1356.3048680148165,2531.460505585633,482.7597239583336,527.032085416667,115.72631902490365,0.5142857142857143,0.4842857142857143,0.0
PHASE 3A,174,140000,140,1929.8275316503734,1299.1036647788665,2531.460505585633,482.0468114583336,524.4826979166669,115.41225278442991,0.0,0.0,0.0
PHASE 3A,175,140800,140,1929.8275316503727,1299.1036647788665,2531.460505585633,482.04681145833354,524.4826979166669,115.41225278442991,0.4228571428571429,0.41142857142857137,0.0
PHASE 3A,176,141600,140,1929.8275316503727,1299.1036647788665,2531.460505585633,482.04681145833354,524.4826979166669,115.41225278442991,0.4471428571428572,0.46142857142857147,0.0
PHASE 3A,177,142400,140,1929.8275316503727,1299.1036647788665,2531.460505585633,482.04681145833354,524.4826979166669,115.41225278442991,0.3585714285714286,0.43714285714285717,0.0
PHASE 3A,178,143200,140,1929.8275316503727,1299.1036647788665,2531.460505585633,482.04681145833354,524.4826979166669,115.41225278442991,0.4585714285714285,0.3871428571428571,0.0
PHASE 3A,179,144000,144,1930.9374817818657,1299.1036647788665,2531.460505585633,480.2494083333336,526.5713781250003,115.51458691544977,0.0,0.0,0.0
PHASE 3A,180,144800,144,1930.9374817818657,1299.1036647788665,2531.460505585633,480.2494083333337,526.5713781250003,115.51458691544977,0.42000000000000004,0.3785714285714286,0.0
PHASE 3A,181,145600,144,1930.9374817818657,1299.1036647788665,2531.460505585633,480.2494083333337,526.5713781250003,115.51458691544977,0.44857142857142857,0.4014285714285714,0.0
PHASE 3A,182,146400,144,1930.9374817818657,1299.1036647788665,2531.460505585633,480.2494083333337,526.5713781250003,115.51458691544977,0.4671428571428571,0.45,0.0
PHASE 3A,183,147200,144,1930.9374817818657,1299.1036647788665,2531.460505585633,480.2494083333337,526.5713781250003,115.51458691544977,0.4585714285714285,0.4,0.0
PHASE 3A,184,148000,148,1929.1580833266325,1299.1036647788665,2531.460505585633,479.8692625000004,525.4255302083336,115.48291132729565,0.0,0.0,0.0
PHASE 3A,185,148800,148,1929.1580833266325,1299.1036647788665,2531.460505585633,479.86926250000016,525.4255302083336,115.48291132729564,0.33857142857142863,0.41000000000000003,0.0
PHASE 3A,186,149600,148,1929.1580833266325,1299.1036647788665,2531.460505585633,479.86926250000016,525.4255302083336,115.48291132729564,0.4142857142857143,0.41142857142857137,0.0
PHASE 3A,187,150400,148,1929.1580833266325,1299.1036647788665,2531.460505585633,479.86926250000016,525.4255302083336,115.48291132729564,0.43428571428571433,0.4757142857142858,0.0
PHASE 3A,188,151200,148,1929.1580833266325,1299.1036647788665,2531.460505585633,479.86926250000016,525.4255302083336,115.48291132729564,0.4671428571428571,0.49428571428571433,0.0
PHASE 3A,189,152000,152,1923.636407694134,1299.1036647788665,2531.460505585633,478.82566250000025,523.7227166666669,115.13600356594186,0.0,0.0,0.0
PHASE 3A,190,152800,152,1923.6364076941345,1299.1036647788665,2531.460505585633,478.82566250000025,523.7227166666669,115.13600356594188,0.47000000000000003,0.30142857142857143,0.0
PHASE 3A,191,153600,152,1923.6364076941345,1299.1036647788665,2531.460505585633,478.82566250000025,523.7227166666669,115.13600356594188,0.39571428571428574,0.42000000000000004,0.0
PHASE 3A,192,154400,152,1923.6364076941345,1299.1036647788665,2531.460505585633,478.82566250000025,523.7227166666669,115.13600356594188,0.4842857142857143,0.4800000000000001,0.0
PHASE 3A,193,155200,152,1923.6364076941345,1299.1036647788665,2531.460505585633,478.82566250000025,523.7227166666669,115.13600356594188,0.44142857142857145,0.3628571428571429,0.0
PHASE 3A,194,156000,156,1931.4150655870408,1299.1036647788665,2531.460505585633,481.77987291666693,524.7975552083336,115.60470468276361,0.0,0.0,0.0
PHASE 3A,195,156800,156,1931.4150655870408,1299.1036647788665,2531.460505585633,481.77987291666693,524.7975552083336,115.60470468276358,0.43,0.41000000000000003,0.0
PHASE 3A,196,157600,156,1931.4150655870408,1299.1036647788665,2531.460505585633,481.77987291666693,524.7975552083336,115.60470468276358,0.5014285714285714,0.4442857142857143,0.0
PHASE 3A,197,158400,156,1931.4150655870408,1299.1036647788665,2531.460505585633,481.77987291666693,524.7975552083336,115.60470468276358,0.47000000000000003,0.43571428571428567,0.0
PHASE 3A,198,159200,156,1931.4150655870408,1299.1036647788665,2531.460505585633,481.77987291666693,524.7975552083336,115.60470468276358,0.42857142857142855,0.43714285714285717,0.0
PHASE 3A,199,160000,160,1933.8224639339066,1299.1036647788665,2531.460505585633,484.8579687500003,522.2703604166669,115.83676684591353,0.0,0.0,0.0
PHASE 3A,200,160800,160,1933.8224639339064,1299.1036647788665,2531.460505585633,484.85796875000034,522.2703604166669,115.83676684591356,0.4814285714285715,0.4442857142857143,0.0
PHASE 3A,201,161600,160,1933.8224639339064,1299.1036647788665,2531.460505585633,484.85796875000034,522.2703604166669,115.83676684591356,0.4228571428571429,0.4642857142857143,0.0
PHASE 3A,202,162400,160,1933.8224639339064,1299.1036647788665,2531.460505585633,484.85796875000034,522.2703604166669,115.83676684591356,0.49857142857142855,0.39571428571428574,0.0
PHASE 3A,203,163200,160,1933.8224639339064,1299.1036647788665,2531.460505585633,484.85796875000034,522.2703604166669,115.83676684591356,0.35571428571428576,0.45285714285714296,0.0
PHASE 3A,204,164000,164,1932.429790550453,1299.1036647788665,2531.460505585633,486.551122916667,519.2726781250002,115.82574868860692,0.0,0.0,0.0
PHASE 3A,205,164800,164,1932.429790550453,1299.1036647788665,2531.460505585633,486.551122916667,519.2726781250002,115.82574868860691,0.51,0.34428571428571425,0.0
PHASE 3A,206,165600,164,1932.429790550453,1299.1036647788665,2531.460505585633,486.551122916667,519.2726781250002,115.82574868860691,0.45999999999999996,0.5171428571428571,0.0
PHASE 3A,207,166400,164,1932.429790550453,1299.1036647788665,2531.460505585633,486.551122916667,519.2726781250002,115.82574868860691,0.4514285714285714,0.44571428571428573,0.0
PHASE 3A,208,167200,164,1932.429790550453,1299.1036647788665,2531.460505585633,486.551122916667,519.2726781250002,115.82574868860691,0.36142857142857143,0.43000000000000005,0.0
PHASE 3A,209,168000,168,1924.6713478148222,1299.1036647788665,2531.460505585633,483.3250239583337,517.5982677083335,115.46850701852809,0.0,0.0,0.0
PHASE 3A,210,168800,168,1924.6713478148224,1299.1036647788665,2531.460505585633,483.3250239583337,517.5982677083337,115.4685070185281,0.44000000000000006,0.4271428571428572,0.0
PHASE 3A,211,169600,168,1924.6713478148224,1299.1036647788665,2531.460505585633,483.3250239583337,517.5982677083337,115.4685070185281,0.5128571428571429,0.39714285714285713,0.0
PHASE 3A,212,170400,168,1924.6713478148224,1299.1036647788665,2531.460505585633,483.3250239583337,517.5982677083337,115.4685070185281,0.45,0.4600000000000001,0.0
PHASE 3A,213,171200,168,1924.6713478148224,1299.1036647788665,2531.460505585633,483.3250239583337,517.5982677083337,115.4685070185281,0.43714285714285717,0.4014285714285714,0.0
PHASE 3A,214,172000,172,1930.83449346008,1299.1036647788665,2531.460505585633,486.995276041667,517.8098395833337,115.75367222939367,0.0,0.0,0.0
PHASE 3A,215,172800,172,1930.8344934600798,1299.1036647788665,2531.460505585633,486.995276041667,517.8098395833335,115.75367222939367,0.46571428571428575,0.3985714285714286,0.0
PHASE 3A,216,173600,172,1930.8344934600798,1299.1036647788665,2531.460505585633,486.995276041667,517.8098395833335,115.75367222939367,0.4428571428571429,0.4671428571428572,0.0
PHASE 3A,217,174400,172,1930.8344934600798,1299.1036647788665,2531.460505585633,486.995276041667,517.8098395833335,115.75367222939367,0.472857142857143,0.3771428571428571,0.0
PHASE 3A,218,175200,172,1930.8344934600798,1299.1036647788665,2531.460505585633,486.995276041667,517.8098395833335,115.75367222939367,0.43285714285714294,0.4114285714285715,0.0
PHASE 3A,219,176000,176,1924.3837466267296,1159.8711104522265,2531.460505585633,486.3472812500003,515.1187927083336,115.36470908355827,0.0,0.0,0.0
PHASE 3A,220,176800,176,1924.3837466267298,1159.8711104522265,2531.460505585633,486.3472812500003,515.1187927083337,115.36470908355827,0.47000000000000003,0.4871428571428572,0.0
PHASE 3A,221,177600,176,1924.3837466267298,1159.8711104522265,2531.460505585633,486.3472812500003,515.1187927083337,115.36470908355827,0.3771428571428571,0.4014285714285714,0.0
PHASE 3A,222,178400,176,1924.3837466267298,1159.8711104522265,2531.460505585633,486.3472812500003,515.1187927083337,115.36470908355827,0.4428571428571428,0.41000000000000003,0.0
PHASE 3A,223,179200,176,1924.3837466267298,1159.8711104522265,2531.460505585633,486.3472812500003,515.1187927083337,115.36470908355827,0.46571428571428575,0.4071428571428572,0.0
PHASE 3A,224,180000,180,1918.2045876978395,1159.8711104522265,2531.460505585633,486.3244114583337,511.6245062500004,115.03195874869715,0.0,0.0,0.0
PHASE 3A,225,180800,180,1918.20458769784,1159.8711104522265,2531.460505585633,486.3244114583337,511.62450625000025,115.03195874869712,0.44857142857142857,0.5114285714285713,0.0
PHASE 3A,226,181600,180,1918.20458769784,1159.8711104522265,2531.460505585633,486.3244114583337,511.62450625000025,115.03195874869712,0.42142857142857143,0.47000000000000003,0.0
PHASE 3A,227,182400,180,1918.20458769784,1159.8711104522265,2531.460505585633,486.3244114583337,511.62450625000025,115.03195874869712,0.4257142857142858,0.35571428571428576,0.0
PHASE 3A,228,183200,180,1918.20458769784,1159.8711104522265,2531.460505585633,486.3244114583337,511.62450625000025,115.03195874869712,0.4885714285714286,0.40857142857142853,0.0
PHASE 3A,229,184000,184,1916.6475510027158,1159.8711104522265,2531.460505585633,486.52496354166703,509.78003333333356,115.04281926597326,0.0,0.0,0.0
PHASE 3A,230,184800,184,1916.6475510027155,1159.8711104522265,2531.460505585633,486.5249635416669,509.7800333333337,115.04281926597328,0.51,0.44857142857142857,0.0
PHASE 3A,231,185600,184,1916.6475510027155,1159.8711104522265,2531.460505585633,486.5249635416669,509.7800333333337,115.04281926597328,0.44142857142857145,0.4742857142857143,0.0
PHASE 3A,232,186400,184,1916.6475510027155,1159.8711104522265,2531.460505585633,486.5249635416669,509.7800333333337,115.04281926597328,0.37,0.45999999999999996,0.0
PHASE 3A,233,187200,184,1916.6475510027155,1159.8711104522265,2531.460505585633,486.5249635416669,509.7800333333337,115.04281926597328,0.5171428571428571,0.48,0.0
PHASE 3A,234,188000,188,1908.7176160999131,1159.8711104522265,2531.460505585633,484.3301333333336,507.74608854166706,114.58017427812305,0.0,0.0,0.0
PHASE 3A,235,188800,188,1908.717616099913,1159.8711104522265,2531.460505585633,484.33013333333366,507.74608854166706,114.58017427812305,0.4542857142857143,0.39571428571428574,0.0
PHASE 3A,236,189600,188,1908.717616099913,1159.8711104522265,2531.460505585633,484.33013333333366,507.74608854166706,114.58017427812305,0.4442857142857143,0.41000000000000003,0.0
PHASE 3A,237,190400,188,1908.717616099913,1159.8711104522265,2531.460505585633,484.33013333333366,507.74608854166706,114.58017427812305,0.34142857142857147,0.45,0.0
PHASE 3A,238,191200,188,1908.717616099913,1159.8711104522265,2531.460505585633,484.33013333333366,507.74608854166706,114.58017427812305,0.43428571428571433,0.44857142857142857,0.0
PHASE 3A,239,192000,192,1907.7619428277028,1159.8711104522265,2531.460505585633,483.15291250000024,508.06568750000037,114.56791785347184,0.0,0.0,0.0
PHASE 3A,240,192800,192,1907.7619428277021,1159.8711104522265,2531.460505585633,483.1529125000003,508.06568750000037,114.56791785347184,0.5242857142857142,0.4228571428571429,0.0
PHASE 3A,241,193600,192,1907.7619428277021,1159.8711104522265,2531.460505585633,483.1529125000003,508.06568750000037,114.56791785347184,0.43428571428571433,0.4128571428571429,0.0
PHASE 3A,242,194400,192,1907.7619428277021,1159.8711104522265,2531.460505585633,483.1529125000003,508.06568750000037,114.56791785347184,0.5,0.40714285714285714,0.0
PHASE 3A,243,195200,192,1907.7619428277021,1159.8711104522265,2531.460505585633,483.1529125000003,508.06568750000037,114.56791785347184,0.3985714285714286,0.42428571428571427,0.0
PHASE 3A,244,196000,196,1905.533507032854,1159.8711104522265,2531.460505585633,480.9319677083336,508.500444791667,114.51263681661578,0.0,0.0,0.0
PHASE 3A,245,196800,196,1905.533507032854,1159.8711104522265,2531.460505585633,480.9319677083336,508.5004447916672,114.51263681661578,0.3957142857142857,0.47857142857142854,0.0
PHASE 3A,246,197600,196,1905.533507032854,1159.8711104522265,2531.460505585633,480.9319677083336,508.5004447916672,114.51263681661578,0.42142857142857143,0.35285714285714287,0.0
PHASE 3A,247,198400,196,1905.533507032854,1159.8711104522265,2531.460505585633,480.9319677083336,508.5004447916672,114.51263681661578,0.47857142857142865,0.46142857142857147,0.0
PHASE 3A,248,199200,196,1905.533507032854,1159.8711104522265,2531.460505585633,480.9319677083336,508.5004447916672,114.51263681661578,0.4600000000000001,0.4142857142857143,0.0
PHASE 3A,249,200000,200,1916.0092342274284,1159.8711104522265,2531.460505585633,483.73067187500027,511.5569447916671,115.0902021951045,0.0,0.0,0.0
PHASE 3A,250,200800,200,1916.0092342274281,1159.8711104522265,2531.460505585633,483.7306718750003,511.5569447916669,115.0902021951045,0.41714285714285715,0.4842857142857143,0.0
PHASE 3A,251,201600,200,1916.0092342274281,1159.8711104522265,2531.460505585633,483.7306718750003,511.5569447916669,115.0902021951045,0.5028571428571429,0.41714285714285715,0.0
PHASE 3A,252,202400,200,1916.0092342274281,1159.8711104522265,2531.460505585633,483.7306718750003,511.5569447916669,115.0902021951045,0.5042857142857142,0.41000000000000003,0.0
PHASE 3A,253,203200,200,1916.0092342274281,1159.8711104522265,2531.460505585633,483.7306718750003,511.5569447916669,115.0902021951045,0.45285714285714285,0.47857142857142865,0.0
PHASE 3A,254,204000,204,1925.7914324714866,1159.8711104522265,2531.460505585633,485.740004166667,514.8927041666669,115.6448405172785,0.0,0.0,0.0
PHASE 3A,255,204800,204,1925.7914324714866,1159.8711104522265,2531.460505585633,485.74000416666706,514.892704166667,115.6448405172785,0.4557142857142857,0.40285714285714286,0.0
PHASE 3A,256,205600,204,1925.7914324714866,1159.8711104522265,2531.460505585633,485.74000416666706,514.892704166667,115.6448405172785,0.44000000000000006,0.4342857142857143,0.0
PHASE 3A,257,206400,204,1925.7914324714866,1159.8711104522265,2531.460505585633,485.74000416666706,514.892704166667,115.6448405172785,0.46571428571428575,0.5128571428571428,0.0
PHASE 3A,258,207200,204,1925.7914324714866,1159.8711104522265,2531.460505585633,485.74000416666706,514.892704166667,115.6448405172785,0.39,0.4214285714285714,0.0
PHASE 3A,259,208000,208,1936.5899488370878,1159.8711104522265,2531.460505585633,489.4429645833337,517.0907677083337,116.25702706818706,0.0,0.0,0.0
PHASE 3A,260,208800,208,1936.589948837088,1159.8711104522265,2531.460505585633,489.4429645833336,517.0907677083336,116.25702706818706,0.44142857142857145,0.42857142857142866,0.0
PHASE 3A,261,209600,208,1936.589948837088,1159.8711104522265,2531.460505585633,489.4429645833336,517.0907677083336,116.25702706818706,0.4442857142857143,0.49000000000000005,0.0
PHASE 3A,262,210400,208,1936.589948837088,1159.8711104522265,2531.460505585633,489.4429645833336,517.0907677083336,116.25702706818706,0.4928571428571429,0.4557142857142857,0.0
PHASE 3A,263,211200,208,1936.589948837088,1159.8711104522265,2531.460505585633,489.4429645833336,517.0907677083336,116.25702706818706,0.4800000000000001,0.48285714285714293,0.0
PHASE 3A,264,212000,212,1941.2203905946535,1159.8711104522265,2531.460505585633,491.353995572917,517.8887354166669,116.49720745064309,0.0,0.0,0.0
PHASE 3A,265,212800,212,1941.2203905946535,1159.8711104522265,2531.460505585633,491.35399557291703,517.8887354166669,116.49720745064307,0.4742857142857143,0.47857142857142865,0.0
PHASE 3A,266,213600,212,1941.2203905946535,1159.8711104522265,2531.460505585633,491.35399557291703,517.8887354166669,116.49720745064307,0.45285714285714296,0.4557142857142857,0.0
PHASE 3A,267,214400,212,1941.2203905946535,1159.8711104522265,2531.460505585633,491.35399557291703,517.8887354166669,116.49720745064307,0.43285714285714283,0.4757142857142858,0.0
PHASE 3A,268,215200,212,1941.2203905946535,1159.8711104522265,2531.460505585633,491.35399557291703,517.8887354166669,116.49720745064307,0.4928571428571429,0.37857142857142856,0.0
PHASE 3A,269,216000,216,1937.8896974048862,1159.8711104522265,2531.460505585633,493.501479947917,513.5344687500003,116.35671858838052,0.0,0.0,0.0
PHASE 3A,270,216800,216,1937.8896974048866,1159.8711104522265,2531.460505585633,493.5014799479169,513.5344687500003,116.35671858838053,0.4185714285714285,0.45857142857142863,0.0
PHASE 3A,271,217600,216,1937.8896974048866,1159.8711104522265,2531.460505585633,493.5014799479169,513.5344687500003,116.35671858838053,0.5,0.4142857142857144,0.0
PHASE 3A,272,218400,216,1937.8896974048866,1159.8711104522265,2531.460505585633,493.5014799479169,513.5344687500003,116.35671858838053,0.4885714285714286,0.4514285714285714,0.0
PHASE 3A,273,219200,216,1937.8896974048866,1159.8711104522265,2531.460505585633,493.5014799479169,513.5344687500003,116.35671858838053,0.4428571428571429,0.4928571428571429,0.0
PHASE 3A,274,220000,220,1917.6094201141302,1023.9195790998425,2531.460505585633,489.82542161458355,506.0128968750003,115.22138770307738,0.0,0.0,0.0
PHASE 3A,275,220800,220,1917.60942011413,1023.9195790998425,2531.460505585633,489.8254216145838,506.01289687500037,115.22138770307738,0.42000000000000004,0.49142857142857144,0.0
PHASE 3A,276,221600,220,1917.60942011413,1023.9195790998425,2531.460505585633,489.8254216145838,506.01289687500037,115.22138770307738,0.37857142857142856,0.4185714285714286,0.0
PHASE 3A,277,222400,220,1917.60942011413,1023.9195790998425,2531.460505585633,489.8254216145838,506.01289687500037,115.22138770307738,0.42142857142857143,0.44857142857142857,0.0
PHASE 3A,278,223200,220,1917.60942011413,1023.9195790998425,2531.460505585633,489.8254216145838,506.01289687500037,115.22138770307738,0.3757142857142857,0.44142857142857145,0.0
PHASE 3A,279,224000,224,1908.3628945489422,1023.9195790998425,2531.460505585633,489.6174195312504,501.5904989583337,114.64437200742894,0.0,0.0,0.0
PHASE 3A,280,224800,224,1908.3628945489427,1023.9195790998425,2531.460505585633,489.6174195312503,501.5904989583336,114.64437200742894,0.3642857142857143,0.4142857142857143,0.0
PHASE 3A,281,225600,224,1908.3628945489427,1023.9195790998425,2531.460505585633,489.6174195312503,501.5904989583336,114.64437200742894,0.3685714285714286,0.4771428571428572,0.0
PHASE 3A,282,226400,224,1908.3628945489427,1023.9195790998425,2531.460505585633,489.6174195312503,501.5904989583336,114.64437200742894,0.3942857142857143,0.39714285714285713,0.0
PHASE 3A,283,227200,224,1908.3628945489427,1023.9195790998425,2531.460505585633,489.6174195312503,501.5904989583336,114.64437200742894,0.3828571428571429,0.49000000000000005,0.0
PHASE 3A,284,228000,228,1893.6620612121676,1023.9195790998425,2531.460505585633,482.92805078125025,500.05400052083365,113.8350012387694,0.0,0.0,0.0
PHASE 3A,285,228800,228,1893.6620612121676,1023.9195790998425,2531.460505585633,482.9280507812504,500.0540005208336,113.8350012387694,0.3985714285714286,0.3885714285714286,0.0
PHASE 3A,286,229600,228,1893.6620612121676,1023.9195790998425,2531.460505585633,482.9280507812504,500.0540005208336,113.8350012387694,0.49857142857142867,0.39571428571428574,0.0
PHASE 3A,287,230400,228,1893.6620612121676,1023.9195790998425,2531.460505585633,482.9280507812504,500.0540005208336,113.8350012387694,0.4257142857142857,0.44857142857142857,0.0
PHASE 3A,288,231200,228,1893.6620612121676,1023.9195790998425,2531.460505585633,482.9280507812504,500.0540005208336,113.8350012387694,0.4871428571428572,0.43714285714285717,0.0
PHASE 3A,289,232000,232,1885.5461017253185,1023.9195790998425,2530.19409528235,479.46302369791704,499.56264635416693,113.31505395916331,0.0,0.0,0.0
PHASE 3A,290,232800,232,1885.546101725319,1023.9195790998425,2530.19409528235,479.46302369791704,499.56264635416693,113.31505395916334,0.46571428571428586,0.31,0.0
PHASE 3A,291,233600,232,1885.546101725319,1023.9195790998425,2530.19409528235,479.46302369791704,499.56264635416693,113.31505395916334,0.3985714285714287,0.4471428571428572,0.0
PHASE 3A,292,234400,232,1885.546101725319,1023.9195790998425,2530.19409528235,479.46302369791704,499.56264635416693,113.31505395916334,0.4671428571428572,0.4185714285714286,0.0
PHASE 3A,293,235200,232,1885.546101725319,1023.9195790998425,2530.19409528235,479.46302369791704,499.56264635416693,113.31505395916334,0.39714285714285713,0.41142857142857137,0.0
PHASE 3A,294,236000,236,1894.7035472738198,1023.9195790998425,2530.19409528235,482.0860757812503,502.56401718750027,113.75668178814274,0.0,0.0,0.0
PHASE 3A,295,236800,236,1894.70354727382,1023.9195790998425,2530.19409528235,482.08607578125043,502.56401718750027,113.75668178814274,0.41571428571428576,0.41142857142857137,0.0
PHASE 3A,296,237600,236,1894.70354727382,1023.9195790998425,2530.19409528235,482.08607578125043,502.56401718750027,113.75668178814274,0.42857142857142866,0.39571428571428574,0.0
PHASE 3A,297,238400,236,1894.70354727382,1023.9195790998425,2530.19409528235,482.08607578125043,502.56401718750027,113.75668178814274,0.4757142857142857,0.4442857142857143,0.0
PHASE 3A,298,239200,236,1894.70354727382,1023.9195790998425,2530.19409528235,482.08607578125043,502.56401718750027,113.75668178814274,0.4628571428571429,0.3942857142857143,0.0
PHASE 3A,299,240000,240,1906.6982870417614,1023.9195790998425,2530.19409528235,484.3295278645837,507.9653119791669,114.30043089976029,0.0,0.0,0.0
PHASE 3A,300,240800,240,1906.6982870417614,1023.9195790998425,2530.19409528235,484.3295278645837,507.96531197916704,114.3004308997603,0.39,0.4628571428571428,0.0
PHASE 3A,301,241600,240,1906.6982870417614,1023.9195790998425,2530.19409528235,484.3295278645837,507.96531197916704,114.3004308997603,0.41142857142857137,0.4228571428571429,0.0
PHASE 3A,302,242400,240,1906.6982870417614,1023.9195790998425,2530.19409528235,484.3295278645837,507.96531197916704,114.3004308997603,0.4628571428571429,0.44142857142857145,0.0
PHASE 3A,303,243200,240,1906.6982870417614,1023.9195790998425,2530.19409528235,484.3295278645837,507.96531197916704,114.3004308997603,0.4128571428571429,0.45,0.0
PHASE 3A,304,244000,244,1902.1253848129,966.4653014009039,2530.19409528235,485.5495799479171,504.7335296875003,113.98028439719411,0.0,0.0,0.0
PHASE 3A,305,244800,244,1902.1253848129,966.4653014009039,2530.19409528235,485.549579947917,504.73352968750027,113.98028439719411,0.37,0.4157142857142858,0.0
PHASE 3A,306,245600,244,1902.1253848129,966.4653014009039,2530.19409528235,485.549579947917,504.73352968750027,113.98028439719411,0.4600000000000001,0.5014285714285716,0.0
PHASE 3A,307,246400,244,1902.1253848129,966.4653014009039,2530.19409528235,485.549579947917,504.73352968750027,113.98028439719411,0.42000000000000004,0.41000000000000003,0.0
PHASE 3A,308,247200,244,1902.1253848129,966.4653014009039,2530.19409528235,485.549579947917,504.73352968750027,113.98028439719411,0.4514285714285714,0.40285714285714286,0.0
PHASE 3A,309,248000,248,1897.6629648086098,966.4653014009039,2530.19409528235,482.8881101562503,505.2937869791669,113.68513345915784,0.0,0.0,0.0
PHASE 3A,310,248800,248,1897.6629648086098,966.4653014009039,2530.19409528235,482.8881101562504,505.29378697916695,113.68513345915784,0.4442857142857144,0.43428571428571433,0.0
PHASE 3A,311,249600,248,1897.6629648086098,966.4653014009039,2530.19409528235,482.8881101562504,505.29378697916695,113.68513345915784,0.37857142857142856,0.48142857142857143,0.0
PHASE 3A,312,250400,248,1897.6629648086098,966.4653014009039,2530.19409528235,482.8881101562504,505.29378697916695,113.68513345915784,0.4128571428571429,0.42000000000000004,0.0
PHASE 3A,313,251200,248,1897.6629648086098,966.4653014009039,2530.19409528235,482.8881101562504,505.29378697916695,113.68513345915784,0.42000000000000004,0.4271428571428572,0.0
PHASE 3A,314,252000,252,1907.9942013317557,966.4653014009039,2530.19409528235,486.581498697917,507.2905328125003,114.26527122767602,0.0,0.0,0.0
PHASE 3A,315,252800,252,1907.9942013317557,966.4653014009039,2530.19409528235,486.58149869791714,507.2905328125003,114.26527122767602,0.43571428571428567,0.4557142857142857,0.0
PHASE 3A,316,253600,252,1907.9942013317557,966.4653014009039,2530.19409528235,486.58149869791714,507.2905328125003,114.26527122767602,0.5057142857142858,0.3942857142857143,0.0
PHASE 3A,317,254400,252,1907.9942013317557,966.4653014009039,2530.19409528235,486.58149869791714,507.2905328125003,114.26527122767602,0.42000000000000004,0.4185714285714286,0.0
PHASE 3A,318,255200,252,1907.9942013317557,966.4653014009039,2530.19409528235,486.58149869791714,507.2905328125003,114.26527122767602,0.3571428571428572,0.4600000000000001,0.0
PHASE 3A,319,256000,256,1915.1885524424881,966.4653014009039,2677.8691694289,488.352654947917,510.01972864583365,114.60202110610102,0.0,0.0,0.0
PHASE 3A,320,256800,256,1915.1885524424883,966.4653014009039,2677.8691694289,488.352654947917,510.01972864583365,114.60202110610102,0.44142857142857145,0.5000000000000001,0.0
PHASE 3A,321,257600,256,1915.1885524424883,966.4653014009039,2677.8691694289,488.352654947917,510.01972864583365,114.60202110610102,0.3928571428571429,0.43,0.0
PHASE 3A,322,258400,256,1915.1885524424883,966.4653014009039,2677.8691694289,488.352654947917,510.01972864583365,114.60202110610102,0.4928571428571429,0.45428571428571435,0.0
PHASE 3A,323,259200,256,1915.1885524424883,966.4653014009039,2677.8691694289,488.352654947917,510.01972864583365,114.60202110610102,0.4385714285714286,0.5571428571428572,0.0
PHASE 3A,324,260000,260,1918.427002688696,966.4653014009039,2677.8691694289,487.4156559895837,513.6673765625004,114.66799626708541,0.0,0.0,0.0
PHASE 3A,325,260800,260,1918.427002688696,966.4653014009039,2677.8691694289,487.4156559895837,513.6673765625003,114.6679962670854,0.4128571428571428,0.4514285714285714,0.0
PHASE 3A,326,261600,260,1918.427002688696,966.4653014009039,2677.8691694289,487.4156559895837,513.6673765625003,114.6679962670854,0.45000000000000007,0.5200000000000001,0.0
PHASE 3A,327,262400,260,1918.427002688696,966.4653014009039,2677.8691694289,487.4156559895837,513.6673765625003,114.6679962670854,0.3985714285714286,0.49000000000000005,0.0
PHASE 3A,328,263200,260,1918.427002688696,966.4653014009039,2677.8691694289,487.4156559895837,513.6673765625003,114.6679962670854,0.4600000000000001,0.4200000000000001,0.0
PHASE 3A,329,264000,264,1925.294615050236,966.4653014009039,2677.8691694289,489.27237682291707,516.207352604167,114.97686070290293,0.0,0.0,0.0
PHASE 3A,330,264800,264,1925.294615050236,966.4653014009039,2677.8691694289,489.272376822917,516.207352604167,114.97686070290293,0.46571428571428586,0.3814285714285715,0.0
PHASE 3A,331,265600,264,1925.294615050236,966.4653014009039,2677.8691694289,489.272376822917,516.207352604167,114.97686070290293,0.42857142857142866,0.4885714285714286,0.0
PHASE 3A,332,266400,264,1925.294615050236,966.4653014009039,2677.8691694289,489.272376822917,516.207352604167,114.97686070290293,0.4057142857142857,0.5042857142857143,0.0
PHASE 3A,333,267200,264,1925.294615050236,966.4653014009039,2677.8691694289,489.272376822917,516.207352604167,114.97686070290293,0.5157142857142857,0.39571428571428574,0.0
PHASE 3A,334,268000,268,1923.5145733478175,966.4653014009039,2677.8691694289,488.9143164062503,516.0489617187503,114.81891190286115,0.0,0.0,0.0
PHASE 3A,335,268800,268,1923.5145733478175,966.4653014009039,2677.8691694289,488.91431640625035,516.0489617187503,114.81891190286115,0.42428571428571427,0.5042857142857142,0.0
PHASE 3A,336,269600,268,1923.5145733478175,966.4653014009039,2677.8691694289,488.91431640625035,516.0489617187503,114.81891190286115,0.4385714285714286,0.42857142857142855,0.0
PHASE 3A,337,270400,268,1923.5145733478175,966.4653014009039,2677.8691694289,488.91431640625035,516.0489617187503,114.81891190286115,0.36571428571428577,0.47857142857142854,0.0
PHASE 3A,338,271200,268,1923.5145733478175,966.4653014009039,2677.8691694289,488.91431640625035,516.0489617187503,114.81891190286115,0.34142857142857147,0.34857142857142864,0.0
PHASE 3A,339,272000,272,1917.194679984668,966.4653014009039,2677.8691694289,486.2342216145837,514.6328679687504,114.54094880017587,0.0,0.0,0.0
PHASE 3A,340,272800,272,1917.194679984668,966.4653014009039,2677.8691694289,486.2342216145837,514.6328679687505,114.54094880017587,0.43714285714285717,0.5114285714285715,0.0
PHASE 3A,341,273600,272,1917.194679984668,966.4653014009039,2677.8691694289,486.2342216145837,514.6328679687505,114.54094880017587,0.49142857142857144,0.4742857142857143,0.0
PHASE 3A,342,274400,272,1917.194679984668,966.4653014009039,2677.8691694289,486.2342216145837,514.6328679687505,114.54094880017587,0.44857142857142857,0.4357142857142858,0.0
PHASE 3A,343,275200,272,1917.194679984668,966.4653014009039,2677.8691694289,486.2342216145837,514.6328679687505,114.54094880017587,0.39142857142857146,0.49571428571428583,0.0
PHASE 3A,344,276000,276,1928.2377657872403,966.4653014009039,2677.8691694289,489.7335820312503,517.7738002604171,115.09129793695581,0.0,0.0,0.0
PHASE 3A,345,276800,276,1928.2377657872403,966.4653014009039,2677.8691694289,489.7335820312504,517.773800260417,115.09129793695584,0.45714285714285713,0.4685714285714286,0.0
PHASE 3A,346,277600,276,1928.2377657872403,966.4653014009039,2677.8691694289,489.7335820312504,517.773800260417,115.09129793695584,0.49714285714285716,0.4628571428571428,0.0
PHASE 3A,347,278400,276,1928.2377657872403,966.4653014009039,2677.8691694289,489.7335820312504,517.773800260417,115.09129793695584,0.3871428571428572,0.41142857142857137,0.0
PHASE 3A,348,279200,276,1928.2377657872403,966.4653014009039,2677.8691694289,489.7335820312504,517.773800260417,115.09129793695584,0.3928571428571429,0.49142857142857144,0.0
PHASE 3A,349,280000,280,1948.4822475657368,966.4653014009039,2677.8691694289,493.23126432291696,525.1986679687503,116.25653940926783,0.0,0.0,0.0
PHASE 3A,350,280800,280,1948.4822475657368,966.4653014009039,2677.8691694289,493.23126432291696,525.1986679687503,116.25653940926783,0.4557142857142857,0.5114285714285713,0.0
PHASE 3A,351,281600,280,1948.4822475657368,966.4653014009039,2677.8691694289,493.23126432291696,525.1986679687503,116.25653940926783,0.4185714285714286,0.4385714285714286,0.0
PHASE 3A,352,282400,280,1948.4822475657368,966.4653014009039,2677.8691694289,493.23126432291696,525.1986679687503,116.25653940926783,0.38,0.3985714285714286,0.0
PHASE 3A,353,283200,280,1948.4822475657368,966.4653014009039,2677.8691694289,493.23126432291696,525.1986679687503,116.25653940926783,0.43714285714285717,0.43571428571428567,0.0
PHASE 3A,354,284000,284,1941.4720305250087,966.4653014009039,2677.8691694289,490.60703411458366,525.1523992187504,115.71407464896863,0.0,0.0,0.0
PHASE 3A,355,284800,284,1941.4720305250084,966.4653014009039,2677.8691694289,490.6070341145837,525.1523992187504,115.7140746489686,0.48571428571428577,0.4585714285714285,0.0
PHASE 3A,356,285600,284,1941.4720305250084,966.4653014009039,2677.8691694289,490.6070341145837,525.1523992187504,115.7140746489686,0.4314285714285714,0.39,0.0
PHASE 3A,357,286400,284,1941.4720305250084,966.4653014009039,2677.8691694289,490.6070341145837,525.1523992187504,115.7140746489686,0.4242857142857144,0.5257142857142857,0.0
PHASE 3A,358,287200,284,1941.4720305250084,966.4653014009039,2677.8691694289,490.6070341145837,525.1523992187504,115.7140746489686,0.49857142857142855,0.45428571428571435,0.0
PHASE 3A,359,288000,288,1944.4143969699385,966.4653014009039,2677.8691694289,489.95454843750036,528.4329700520836,115.75335981005361,0.0,0.0,0.0
PHASE 3A,360,288800,288,1944.4143969699383,966.4653014009039,2677.8691694289,489.95454843750036,528.4329700520836,115.75335981005361,0.49142857142857155,0.3885714285714287,0.0
PHASE 3A,361,289600,288,1944.4143969699383,966.4653014009039,2677.8691694289,489.95454843750036,528.4329700520836,115.75335981005361,0.4628571428571429,0.42714285714285716,0.0
PHASE 3A,362,290400,288,1944.4143969699383,966.4653014009039,2677.8691694289,489.95454843750036,528.4329700520836,115.75335981005361,0.35142857142857153,0.3685714285714286,0.0
PHASE 3A,363,291200,288,1944.4143969699383,966.4653014009039,2677.8691694289,489.95454843750036,528.4329700520836,115.75335981005361,0.42857142857142866,0.44571428571428573,0.0
PHASE 3A,364,292000,292,1947.9123734165578,966.4653014009039,2677.8691694289,490.3387656250004,530.2623106770837,115.91391213931864,0.0,0.0,0.0
PHASE 3A,365,292800,292,1947.912373416558,966.4653014009039,2677.8691694289,490.3387656250004,530.2623106770836,115.91391213931865,0.5328571428571429,0.4314285714285714,0.0
PHASE 3A,366,293600,292,1947.912373416558,966.4653014009039,2677.8691694289,490.3387656250004,530.2623106770836,115.91391213931865,0.4142857142857143,0.46142857142857147,0.0
PHASE 3A,367,294400,292,1947.912373416558,966.4653014009039,2677.8691694289,490.3387656250004,530.2623106770836,115.91391213931865,0.40428571428571425,0.5028571428571429,0.0
PHASE 3A,368,295200,292,1947.912373416558,966.4653014009039,2677.8691694289,490.3387656250004,530.2623106770836,115.91391213931865,0.43571428571428567,0.4442857142857144,0.0
PHASE 3A,369,296000,296,1951.2952363977668,966.4653014009039,2677.8691694289,493.0088416666671,529.4717825520836,116.10182652238655,0.0,0.0,0.0
PHASE 3A,370,296800,296,1951.2952363977668,966.4653014009039,2677.8691694289,493.00884166666697,529.4717825520836,116.10182652238655,0.44142857142857145,0.4242857142857144,0.0
PHASE 3A,371,297600,296,1951.2952363977668,966.4653014009039,2677.8691694289,493.00884166666697,529.4717825520836,116.10182652238655,0.44000000000000006,0.4371428571428571,0.0
PHASE 3A,372,298400,296,1951.2952363977668,966.4653014009039,2677.8691694289,493.00884166666697,529.4717825520836,116.10182652238655,0.45714285714285713,0.4628571428571429,0.0
PHASE 3A,373,299200,296,1951.2952363977668,966.4653014009039,2677.8691694289,493.00884166666697,529.4717825520836,116.10182652238655,0.45857142857142863,0.3728571428571429,0.0
PHASE 3A,374,300000,300,1957.0164612265842,966.4653014009039,2677.8691694289,493.19029895833364,532.2265763020837,116.44994824578022,0.0,0.0,0.0
PHASE 3A,375,300800,300,1957.016461226585,966.4653014009039,2677.8691694289,493.19029895833364,532.2265763020836,116.44994824578022,0.4185714285714286,0.4357142857142858,0.0
PHASE 3A,376,301600,300,1957.016461226585,966.4653014009039,2677.8691694289,493.19029895833364,532.2265763020836,116.44994824578022,0.42142857142857143,0.42428571428571427,0.0
PHASE 3A,377,302400,300,1957.016461226585,966.4653014009039,2677.8691694289,493.19029895833364,532.2265763020836,116.44994824578022,0.4257142857142857,0.4514285714285715,0.0
PHASE 3A,378,303200,300,1957.016461226585,966.4653014009039,2677.8691694289,493.19029895833364,532.2265763020836,116.44994824578022,0.4628571428571428,0.43714285714285717,0.0
PHASE 3A,379,304000,304,1955.1852058065747,966.4653014009039,2677.8691694289,491.9058187500003,533.2877065104169,116.24896006827902,0.0,0.0,0.0
PHASE 3A,380,304800,304,1955.1852058065745,966.4653014009039,2677.8691694289,491.9058187500004,533.287706510417,116.24896006827902,0.40285714285714286,0.35285714285714287,0.0
PHASE 3A,381,305600,304,1955.1852058065745,966.4653014009039,2677.8691694289,491.9058187500004,533.287706510417,116.24896006827902,0.4442857142857143,0.41428571428571426,0.0
PHASE 3A,382,306400,304,1955.1852058065745,966.4653014009039,2677.8691694289,491.9058187500004,533.287706510417,116.24896006827902,0.492857142857143,0.4257142857142857,0.0
PHASE 3A,383,307200,304,1955.1852058065745,966.4653014009039,2677.8691694289,491.9058187500004,533.287706510417,116.24896006827902,0.49142857142857144,0.3857142857142858,0.0
PHASE 3A,384,308000,308,1955.4606458542594,966.4653014009039,2677.8691694289,492.5025414062504,533.1118273437503,116.23078463804177,0.0,0.0,0.0
PHASE 3A,385,308800,308,1955.4606458542594,966.4653014009039,2677.8691694289,492.5025414062504,533.1118273437503,116.23078463804177,0.47714285714285715,0.42714285714285705,0.0
PHASE 3A,386,309600,308,1955.4606458542594,966.4653014009039,2677.8691694289,492.5025414062504,533.1118273437503,116.23078463804177,0.5314285714285715,0.4371428571428571,0.0
PHASE 3A,387,310400,308,1955.4606458542594,966.4653014009039,2677.8691694289,492.5025414062504,533.1118273437503,116.23078463804177,0.39714285714285713,0.48285714285714293,0.0
PHASE 3A,388,311200,308,1955.4606458542594,966.4653014009039,2677.8691694289,492.5025414062504,533.1118273437503,116.23078463804177,0.4685714285714285,0.42000000000000004,0.0
PHASE 3A,389,312000,312,1951.7114245670666,966.4653014009039,2677.8691694289,494.06006354166703,530.5056992187504,115.8932077258407,0.0,0.0,0.0
PHASE 3A,390,312800,312,1951.711424567067,966.4653014009039,2677.8691694289,494.060063541667,530.5056992187505,115.8932077258407,0.4128571428571429,0.49428571428571433,0.0
PHASE 3A,391,313600,312,1951.711424567067,966.4653014009039,2677.8691694289,494.060063541667,530.5056992187505,115.8932077258407,0.4542857142857143,0.35857142857142854,0.0
PHASE 3A,392,314400,312,1951.711424567067,966.4653014009039,2677.8691694289,494.060063541667,530.5056992187505,115.8932077258407,0.4557142857142858,0.43000000000000005,0.0
PHASE 3A,393,315200,312,1951.711424567067,966.4653014009039,2677.8691694289,494.060063541667,530.5056992187505,115.8932077258407,0.48571428571428577,0.49428571428571433,0.0
PHASE 3A,394,316000,316,1953.1043896457318,790.6251517634248,2677.8691694289,492.16512500000033,534.9043929687504,115.75435895963193,0.0,0.0,0.0
PHASE 3A,395,316800,316,1953.1043896457318,790.6251517634248,2677.8691694289,492.16512500000033,534.9043929687504,115.75435895963193,0.45285714285714285,0.4185714285714285,0.0
PHASE 3A,396,317600,316,1953.1043896457318,790.6251517634248,2677.8691694289,492.16512500000033,534.9043929687504,115.75435895963193,0.4871428571428572,0.4128571428571429,0.0
PHASE 3A,397,318400,316,1953.1043896457318,790.6251517634248,2677.8691694289,492.16512500000033,534.9043929687504,115.75435895963193,0.37,0.4385714285714286,0.0
PHASE 3A,398,319200,316,1953.1043896457318,790.6251517634248,2677.8691694289,492.16512500000033,534.9043929687504,115.75435895963193,0.46571428571428575,0.5185714285714286,0.0
PHASE 3A,399,320000,320,1978.7774371425774,790.6251517634248,2677.8691694289,500.10936041666696,542.101590885417,117.07081073007136,0.0,0.0,0.0
PHASE 3A,400,320800,320,1978.7774371425774,790.6251517634248,2677.8691694289,500.109360416667,542.101590885417,117.07081073007136,0.38142857142857145,0.4071428571428572,0.0
PHASE 3A,401,321600,320,1978.7774371425774,790.6251517634248,2677.8691694289,500.109360416667,542.101590885417,117.07081073007136,0.4442857142857143,0.4,0.0
PHASE 3A,402,322400,320,1978.7774371425774,790.6251517634248,2677.8691694289,500.109360416667,542.101590885417,117.07081073007136,0.42142857142857143,0.38428571428571434,0.0
PHASE 3A,403,323200,320,1978.7774371425774,790.6251517634248,2677.8691694289,500.109360416667,542.101590885417,117.07081073007136,0.43571428571428567,0.4228571428571429,0.0
PHASE 3A,404,324000,324,1992.0758916681539,790.6251517634248,2677.8691694289,502.6917875000004,547.6474763020836,117.71707848326847,0.0,0.0,0.0
PHASE 3A,405,324800,324,1992.0758916681534,790.6251517634248,2677.8691694289,502.69178750000026,547.6474763020836,117.71707848326847,0.472857142857143,0.39,0.0
PHASE 3A,406,325600,324,1992.0758916681534,790.6251517634248,2677.8691694289,502.69178750000026,547.6474763020836,117.71707848326847,0.41714285714285715,0.45,0.0
PHASE 3A,407,326400,324,1992.0758916681534,790.6251517634248,2677.8691694289,502.69178750000026,547.6474763020836,117.71707848326847,0.3542857142857143,0.45428571428571435,0.0
PHASE 3A,408,327200,324,1992.0758916681534,790.6251517634248,2677.8691694289,502.69178750000026,547.6474763020836,117.71707848326847,0.5157142857142858,0.3957142857142857,0.0
PHASE 3A,409,328000,328,2015.9439925802737,790.6251517634248,2677.8691694289,510.98433229166693,553.3154622395837,118.9555247561379,0.0,0.0,0.0
PHASE 3A,410,328800,328,2015.9439925802737,790.6251517634248,2677.8691694289,510.98433229166693,553.3154622395837,118.95552475613793,0.4800000000000001,0.39571428571428574,0.0
PHASE 3A,411,329600,328,2015.9439925802737,790.6251517634248,2677.8691694289,510.98433229166693,553.3154622395837,118.95552475613793,0.38,0.4428571428571429,0.0
PHASE 3A,412,330400,328,2015.9439925802737,790.6251517634248,2677.8691694289,510.98433229166693,553.3154622395837,118.95552475613793,0.5142857142857143,0.48285714285714293,0.0
PHASE 3A,413,331200,328,2015.9439925802737,790.6251517634248,2677.8691694289,510.98433229166693,553.3154622395837,118.95552475613793,0.35714285714285715,0.54,0.0
PHASE 3A,414,332000,332,2035.2518244214732,790.6251517634248,2730.960156795395,518.8695989583335,556.4144497395837,119.99597196545452,0.0,0.0,0.0
PHASE 3A,415,332800,332,2035.2518244214734,790.6251517634248,2730.960156795395,518.8695989583337,556.4144497395837,119.99597196545452,0.43,0.41714285714285726,0.0
PHASE 3A,416,333600,332,2035.2518244214734,790.6251517634248,2730.960156795395,518.8695989583337,556.4144497395837,119.99597196545452,0.4828571428571428,0.41571428571428576,0.0
PHASE 3A,417,334400,332,2035.2518244214734,790.6251517634248,2730.960156795395,518.8695989583337,556.4144497395837,119.99597196545452,0.42857142857142866,0.45857142857142863,0.0
PHASE 3A,418,335200,332,2035.2518244214734,790.6251517634248,2730.960156795395,518.8695989583337,556.4144497395837,119.99597196545452,0.4071428571428572,0.4471428571428572,0.0
PHASE 3A,419,336000,336,2026.7656919592296,790.6251517634248,2730.960156795395,515.7129812500003,554.679086197917,119.54670306392408,0.0,0.0,0.0
PHASE 3A,420,336800,336,2026.7656919592293,790.6251517634248,2730.960156795395,515.7129812500003,554.679086197917,119.54670306392408,0.37857142857142856,0.5171428571428571,0.0
PHASE 3A,421,337600,336,2026.7656919592293,790.6251517634248,2730.960156795395,515.7129812500003,554.679086197917,119.54670306392408,0.41571428571428576,0.5057142857142857,0.0
PHASE 3A,422,338400,336,2026.7656919592293,790.6251517634248,2730.960156795395,515.7129812500003,554.679086197917,119.54670306392408,0.46571428571428575,0.46142857142857147,0.0
PHASE 3A,423,339200,336,2026.7656919592293,790.6251517634248,2730.960156795395,515.7129812500003,554.679086197917,119.54670306392408,0.38571428571428573,0.4342857142857143,0.0
PHASE 3A,424,340000,340,2024.2420159901749,790.6251517634248,2730.960156795395,515.8498843750002,552.884384635417,119.4384683724798,0.0,0.0,0.0
PHASE 3A,425,340800,340,2024.2420159901749,790.6251517634248,2730.960156795395,515.8498843750004,552.884384635417,119.4384683724798,0.41714285714285715,0.3742857142857143,0.0
PHASE 3A,426,341600,340,2024.2420159901749,790.6251517634248,2730.960156795395,515.8498843750004,552.884384635417,119.4384683724798,0.5228571428571429,0.4185714285714285,0.0
PHASE 3A,427,342400,340,2024.2420159901749,790.6251517634248,2730.960156795395,515.8498843750004,552.884384635417,119.4384683724798,0.4428571428571429,0.46571428571428575,0.0
PHASE 3A,428,343200,340,2024.2420159901749,790.6251517634248,2730.960156795395,515.8498843750004,552.884384635417,119.4384683724798,0.43000000000000005,0.42857142857142855,0.0
PHASE 3A,429,344000,344,2030.9580712385762,790.6251517634248,2730.960156795395,516.9213687500004,555.7145825520836,119.79026499207183,0.0,0.0,0.0
PHASE 3A,430,344800,344,2030.9580712385762,790.6251517634248,2730.960156795395,516.9213687500004,555.7145825520837,119.79026499207185,0.4928571428571429,0.4685714285714286,0.0
PHASE 3A,431,345600,344,2030.9580712385762,790.6251517634248,2730.960156795395,516.9213687500004,555.7145825520837,119.79026499207185,0.44857142857142857,0.5057142857142857,0.0
PHASE 3A,432,346400,344,2030.9580712385762,790.6251517634248,2730.960156795395,516.9213687500004,555.7145825520837,119.79026499207185,0.4885714285714286,0.49714285714285716,0.0
PHASE 3A,433,347200,344,2030.9580712385762,790.6251517634248,2730.960156795395,516.9213687500004,555.7145825520837,119.79026499207185,0.43571428571428567,0.5800000000000001,0.0
PHASE 3A,434,348000,348,2035.5545085622286,790.6251517634248,2730.960156795395,518.7553906250004,556.9356460937503,119.98293398044508,0.0,0.0,0.0
PHASE 3A,435,348800,348,2035.5545085622289,790.6251517634248,2730.960156795395,518.7553906250004,556.9356460937503,119.98293398044507,0.43428571428571433,0.44571428571428573,0.0
PHASE 3A,436,349600,348,2035.5545085622289,790.6251517634248,2730.960156795395,518.7553906250004,556.9356460937503,119.98293398044507,0.39142857142857146,0.44142857142857145,0.0
PHASE 3A,437,350400,348,2035.5545085622289,790.6251517634248,2730.960156795395,518.7553906250004,556.9356460937503,119.98293398044507,0.39714285714285713,0.3871428571428572,0.0
PHASE 3A,438,351200,348,2035.5545085622289,790.6251517634248,2730.960156795395,518.7553906250004,556.9356460937503,119.98293398044507,0.48,0.44000000000000006,0.0
PHASE 3A,439,352000,352,2031.4832845235298,790.6251517634248,2730.960156795395,518.3258718750002,555.692428385417,119.68312303289949,0.0,0.0,0.0
PHASE 3A,440,352800,352,2031.4832845235298,790.6251517634248,2730.960156795395,518.3258718750004,555.692428385417,119.68312303289949,0.4200000000000001,0.49571428571428566,0.0
PHASE 3A,441,353600,352,2031.4832845235298,790.6251517634248,2730.960156795395,518.3258718750004,555.692428385417,119.68312303289949,0.4685714285714286,0.48142857142857143,0.0
PHASE 3A,442,354400,352,2031.4832845235298,790.6251517634248,2730.960156795395,518.3258718750004,555.692428385417,119.68312303289949,0.3985714285714287,0.41000000000000003,0.0
PHASE 3A,443,355200,352,2031.4832845235298,790.6251517634248,2730.960156795395,518.3258718750004,555.692428385417,119.68312303289949,0.40428571428571436,0.4471428571428572,0.0
PHASE 3A,444,356000,356,2016.3427671638558,790.6251517634248,2730.960156795395,511.6595239583337,554.220334635417,118.80786357127351,0.0,0.0,0.0
PHASE 3A,445,356800,356,2016.3427671638556,790.6251517634248,2730.960156795395,511.6595239583337,554.220334635417,118.80786357127351,0.3928571428571429,0.4385714285714286,0.0
PHASE 3A,446,357600,356,2016.3427671638556,790.6251517634248,2730.960156795395,511.6595239583337,554.220334635417,118.80786357127351,0.4314285714285715,0.5214285714285715,0.0
PHASE 3A,447,358400,356,2016.3427671638556,790.6251517634248,2730.960156795395,511.6595239583337,554.220334635417,118.80786357127351,0.38428571428571434,0.4185714285714286,0.0
PHASE 3A,448,359200,356,2016.3427671638556,790.6251517634248,2730.960156795395,511.6595239583337,554.220334635417,118.80786357127351,0.4871428571428572,0.43285714285714283,0.0
PHASE 3A,449,360000,360,2017.9549161477566,790.6251517634248,2730.960156795395,509.2472052083337,556.9532117187504,118.96931240259433,0.0,0.0,0.0
PHASE 3A,450,360800,360,2017.9549161477564,790.6251517634248,2730.960156795395,509.24720520833375,556.9532117187504,118.96931240259433,0.3985714285714286,0.42142857142857143,0.0
PHASE 3A,451,361600,360,2017.9549161477564,790.6251517634248,2730.960156795395,509.24720520833375,556.9532117187504,118.96931240259433,0.43714285714285717,0.44142857142857145,0.0
PHASE 3A,452,362400,360,2017.9549161477564,790.6251517634248,2730.960156795395,509.24720520833375,556.9532117187504,118.96931240259433,0.5114285714285716,0.42142857142857143,0.0
PHASE 3A,453,363200,360,2017.9549161477564,790.6251517634248,2730.960156795395,509.24720520833375,556.9532117187504,118.96931240259433,0.3871428571428571,0.4885714285714286,0.0
PHASE 3A,454,364000,364,2012.964003367598,790.6251517634248,2730.960156795395,508.2946731770837,555.6625242187503,118.62585074648072,0.0,0.0,0.0
PHASE 3A,455,364800,364,2012.9640033675983,790.6251517634248,2730.960156795395,508.2946731770836,555.6625242187504,118.62585074648072,0.4271428571428572,0.4257142857142858,0.0
PHASE 3A,456,365600,364,2012.9640033675983,790.6251517634248,2730.960156795395,508.2946731770836,555.6625242187504,118.62585074648072,0.5371428571428571,0.39714285714285713,0.0
PHASE 3A,457,366400,364,2012.9640033675983,790.6251517634248,2730.960156795395,508.2946731770836,555.6625242187504,118.62585074648072,0.4642857142857143,0.48285714285714293,0.0
PHASE 3A,458,367200,364,2012.9640033675983,790.6251517634248,2730.960156795395,508.2946731770836,555.6625242187504,118.62585074648072,0.41,0.42857142857142866,0.0
PHASE 3A,459,368000,368,2013.6253966277159,790.6251517634248,2730.960156795395,509.145856510417,555.1250661458337,118.6693092464434,0.0,0.0,0.0
PHASE 3A,460,368800,368,2013.6253966277163,790.6251517634248,2730.960156795395,509.14585651041705,555.1250661458337,118.6693092464434,0.49142857142857144,0.44857142857142857,0.0
PHASE 3A,461,369600,368,2013.6253966277163,790.6251517634248,2730.960156795395,509.14585651041705,555.1250661458337,118.6693092464434,0.45857142857142863,0.3757142857142857,0.0
PHASE 3A,462,370400,368,2013.6253966277163,790.6251517634248,2730.960156795395,509.14585651041705,555.1250661458337,118.6693092464434,0.3628571428571429,0.45714285714285713,0.0
PHASE 3A,463,371200,368,2013.6253966277163,790.6251517634248,2730.960156795395,509.14585651041705,555.1250661458337,118.6693092464434,0.48285714285714293,0.4842857142857143,0.0
PHASE 3A,464,372000,372,2020.8765107539803,790.6251517634248,2730.960156795395,511.974403385417,557.3500770833336,118.94400378566392,0.0,0.0,0.0
PHASE 3A,465,372800,372,2020.87651075398,790.6251517634248,2730.960156795395,511.9744033854169,557.3500770833336,118.94400378566392,0.47142857142857153,0.3485714285714286,0.0
PHASE 3A,466,373600,372,2020.87651075398,790.6251517634248,2730.960156795395,511.9744033854169,557.3500770833336,118.94400378566392,0.41571428571428576,0.3985714285714286,0.0
PHASE 3A,467,374400,372,2020.87651075398,790.6251517634248,2730.960156795395,511.9744033854169,557.3500770833336,118.94400378566392,0.39,0.40285714285714286,0.0
PHASE 3A,468,375200,372,2020.87651075398,790.6251517634248,2730.960156795395,511.9744033854169,557.3500770833336,118.94400378566392,0.4757142857142858,0.36428571428571427,0.0
PHASE 3A,469,376000,376,2016.6489140364379,790.6251517634248,2730.960156795395,509.75399921875027,557.0655604166669,118.72866930013788,0.0,0.0,0.0
PHASE 3A,470,376800,376,2016.6489140364379,790.6251517634248,2730.960156795395,509.75399921875027,557.065560416667,118.72866930013787,0.4028571428571429,0.4685714285714286,0.0
PHASE 3A,471,377600,376,2016.6489140364379,790.6251517634248,2730.960156795395,509.75399921875027,557.065560416667,118.72866930013787,0.43,0.4257142857142857,0.0
PHASE 3A,472,378400,376,2016.6489140364379,790.6251517634248,2730.960156795395,509.75399921875027,557.065560416667,118.72866930013787,0.47857142857142865,0.3614285714285715,0.0
PHASE 3A,473,379200,376,2016.6489140364379,790.6251517634248,2730.960156795395,509.75399921875027,557.065560416667,118.72866930013787,0.4928571428571429,0.49857142857142855,0.0
PHASE 3A,474,380000,380,2005.9525873814628,790.6251517634248,2730.960156795395,507.43967213541697,553.8714614583337,118.08018172347427,0.0,0.0,0.0
PHASE 3A,475,380800,380,2005.9525873814625,790.6251517634248,2730.960156795395,507.43967213541697,553.8714614583337,118.08018172347427,0.3728571428571429,0.4628571428571428,0.0
PHASE 3A,476,381600,380,2005.9525873814625,790.6251517634248,2730.960156795395,507.43967213541697,553.8714614583337,118.08018172347427,0.44571428571428573,0.4742857142857142,0.0
PHASE 3A,477,382400,380,2005.9525873814625,790.6251517634248,2730.960156795395,507.43967213541697,553.8714614583337,118.08018172347427,0.4628571428571429,0.4271428571428572,0.0
PHASE 3A,478,383200,380,2005.9525873814625,790.6251517634248,2730.960156795395,507.43967213541697,553.8714614583337,118.08018172347427,0.45285714285714285,0.44142857142857145,0.0
PHASE 3A,479,384000,384,2016.5544639534128,790.6251517634248,2730.960156795395,511.541215885417,555.3884291666669,118.70310236267622,0.0,0.0,0.0
PHASE 3A,480,384800,384,2016.5544639534135,790.6251517634248,2730.960156795395,511.541215885417,555.3884291666669,118.70310236267622,0.38000000000000006,0.4028571428571429,0.0
PHASE 3A,481,385600,384,2016.5544639534135,790.6251517634248,2730.960156795395,511.541215885417,555.3884291666669,118.70310236267622,0.41571428571428576,0.48571428571428577,0.0
PHASE 3A,482,386400,384,2016.5544639534135,790.6251517634248,2730.960156795395,511.541215885417,555.3884291666669,118.70310236267622,0.34285714285714286,0.4542857142857143,0.0
PHASE 3A,483,387200,384,2016.5544639534135,790.6251517634248,2730.960156795395,511.541215885417,555.3884291666669,118.70310236267622,0.39571428571428574,0.4614285714285714,0.0
PHASE 3A,484,388000,388,2015.8974136345205,790.6251517634248,2730.960156795395,511.25763281250033,554.7450322916669,118.73684356630417,0.0,0.0,0.0
PHASE 3A,485,388800,388,2015.8974136345203,790.6251517634248,2730.960156795395,511.2576328125004,554.7450322916669,118.73684356630417,0.4114285714285715,0.3442857142857143,0.0
PHASE 3A,486,389600,388,2015.8974136345203,790.6251517634248,2730.960156795395,511.2576328125004,554.7450322916669,118.73684356630417,0.4371428571428571,0.41000000000000003,0.0
PHASE 3A,487,390400,388,2015.8974136345203,790.6251517634248,2730.960156795395,511.2576328125004,554.7450322916669,118.73684356630417,0.42000000000000004,0.42857142857142866,0.0
PHASE 3A,488,391200,388,2015.8974136345203,790.6251517634248,2730.960156795395,511.2576328125004,554.7450322916669,118.73684356630417,0.4314285714285714,0.4685714285714286,0.0
PHASE 3A,489,392000,392,2013.9283601434831,790.6251517634248,2730.960156795395,511.985738541667,553.5518000000002,118.5488527002369,0.0,0.0,0.0
PHASE 3A,490,392800,392,2013.9283601434831,790.6251517634248,2730.960156795395,511.98573854166693,553.5518000000004,118.5488527002369,0.4814285714285715,0.39,0.0
PHASE 3A,491,393600,392,2013.9283601434831,790.6251517634248,2730.960156795395,511.98573854166693,553.5518000000004,118.5488527002369,0.4842857142857143,0.40714285714285714,0.0
PHASE 3A,492,394400,392,2013.9283601434831,790.6251517634248,2730.960156795395,511.98573854166693,553.5518000000004,118.5488527002369,0.4271428571428572,0.4842857142857143,0.0
PHASE 3A,493,395200,392,2013.9283601434831,790.6251517634248,2730.960156795395,511.98573854166693,553.5518000000004,118.5488527002369,0.4957142857142857,0.47571428571428565,0.0
PHASE 3A,494,396000,396,2006.0260283590644,790.6251517634248,2730.960156795395,509.22239479166706,552.7642072916669,118.00492828447626,0.0,0.0,0.0
PHASE 3A,495,396800,396,2006.0260283590649,790.6251517634248,2730.960156795395,509.22239479166706,552.7642072916669,118.00492828447626,0.4814285714285715,0.36000000000000004,0.0
PHASE 3A,496,397600,396,2006.0260283590649,790.6251517634248,2730.960156795395,509.22239479166706,552.7642072916669,118.00492828447626,0.4671428571428572,0.48285714285714293,0.0
PHASE 3A,497,398400,396,2006.0260283590649,790.6251517634248,2730.960156795395,509.22239479166706,552.7642072916669,118.00492828447626,0.4871428571428572,0.3942857142857143,0.0
PHASE 3A,498,399200,396,2006.0260283590649,790.6251517634248,2730.960156795395,509.22239479166706,552.7642072916669,118.00492828447626,0.43714285714285717,0.38857142857142857,0.0
PHASE 3A,499,400000,400,2005.567493502679,790.6251517634248,2730.960156795395,510.537229166667,551.4951364583335,117.94189098471973,0.0,0.0,0.0
PHASE 3B,0,800,0,,,,,,,0.4871428571428572,0.48857142857142855,0.0
PHASE 3B,1,1600,0,,,,,,,0.4014285714285715,0.41999999999999993,0.0
PHASE 3B,2,2400,0,,,,,,,0.38,0.4685714285714286,0.0
PHASE 3B,3,3200,0,,,,,,,0.39571428571428574,0.43000000000000005,0.0
PHASE 3B,4,4000,4,1992.194223817085,1802.3478731346945,2259.677352284136,480.5981250000003,568.6059114583336,117.87377341985581,0.0,0.0,0.0
PHASE 3B,5,4800,4,1992.194223817085,1802.3478731346945,2259.677352284136,480.5981250000003,568.6059114583336,117.87377341985581,0.4714285714285714,0.41428571428571426,0.0
PHASE 3B,6,5600,4,1992.194223817085,1802.3478731346945,2259.677352284136,480.5981250000003,568.6059114583336,117.87377341985581,0.4685714285714287,0.3828571428571429,0.0
PHASE 3B,7,6400,4,1992.194223817085,1802.3478731346945,2259.677352284136,480.5981250000003,568.6059114583336,117.87377341985581,0.44000000000000006,0.40285714285714286,0.0
PHASE 3B,8,7200,4,1992.194223817085,1802.3478731346945,2259.677352284136,480.5981250000003,568.6059114583336,117.87377341985581,0.4385714285714286,0.45,0.0
PHASE 3B,9,8000,8,1959.1965906928463,1802.3478731346945,2259.677352284136,464.52928385416703,567.3536458333336,115.91420762567962,0.0,0.0,0.0
PHASE 3B,10,8800,8,1959.1965906928463,1802.3478731346945,2259.677352284136,464.52928385416703,567.3536458333336,115.91420762567962,0.4314285714285715,0.48285714285714293,0.0
PHASE 3B,11,9600,8,1959.1965906928463,1802.3478731346945,2259.677352284136,464.52928385416703,567.3536458333336,115.91420762567962,0.4,0.4585714285714285,0.0
PHASE 3B,12,10400,8,1959.1965906928463,1802.3478731346945,2259.677352284136,464.52928385416703,567.3536458333336,115.91420762567962,0.47285714285714286,0.5414285714285715,0.0
PHASE 3B,13,11200,8,1959.1965906928463,1802.3478731346945,2259.677352284136,464.52928385416703,567.3536458333336,115.91420762567962,0.43428571428571433,0.42857142857142866,0.0
PHASE 3B,14,12000,12,1880.1595113714018,1675.0167415934889,2259.677352284136,460.53068576388927,528.5953906250003,111.37917937282481,0.0,0.0,0.0
PHASE 3B,15,12800,12,1880.1595113714018,1675.0167415934889,2259.677352284136,460.5306857638893,528.5953906250003,111.3791793728248,0.3628571428571429,0.32,0.0
PHASE 3B,16,13600,12,1880.1595113714018,1675.0167415934889,2259.677352284136,460.5306857638893,528.5953906250003,111.3791793728248,0.35857142857142865,0.36571428571428577,0.0
PHASE 3B,17,14400,12,1880.1595113714018,1675.0167415934889,2259.677352284136,460.5306857638893,528.5953906250003,111.3791793728248,0.40857142857142853,0.4371428571428571,0.0
PHASE 3B,18,15200,12,1880.1595113714018,1675.0167415934889,2259.677352284136,460.5306857638893,528.5953906250003,111.3791793728248,0.4742857142857143,0.3928571428571429,0.0
PHASE 3B,19,16000,16,1921.8463121690481,1675.0167415934889,2259.677352284136,477.41883463541706,536.2171223958336,113.526294392236,0.0,0.0,0.0
PHASE 3B,20,16800,16,1921.8463121690481,1675.0167415934889,2259.677352284136,477.41883463541706,536.2171223958336,113.526294392236,0.45,0.38142857142857145,0.0
PHASE 3B,21,17600,16,1921.8463121690481,1675.0167415934889,2259.677352284136,477.41883463541706,536.2171223958336,113.526294392236,0.4557142857142857,0.44857142857142857,0.0
PHASE 3B,22,18400,16,1921.8463121690481,1675.0167415934889,2259.677352284136,477.41883463541706,536.2171223958336,113.526294392236,0.4442857142857143,0.48857142857142855,0.0
PHASE 3B,23,19200,16,1921.8463121690481,1675.0167415934889,2259.677352284136,477.41883463541706,536.2171223958336,113.526294392236,0.37000000000000005,0.39857142857142863,0.0
PHASE 3B,24,20000,20,1945.7742090703002,1675.0167415934889,2326.9875661983674,489.46150520833373,536.0018645833336,115.03885490984025,0.0,0.0,0.0
PHASE 3B,25,20800,20,1945.7742090703,1675.0167415934889,2326.9875661983674,489.4615052083336,536.0018645833336,115.03885490984021,0.41571428571428576,0.4442857142857143,0.0
PHASE 3B,26,21600,20,1945.7742090703,1675.0167415934889,2326.9875661983674,489.4615052083336,536.0018645833336,115.03885490984021,0.42857142857142855,0.5599999999999999,0.0
PHASE 3B,27,22400,20,1945.7742090703,1675.0167415934889,2326.9875661983674,489.4615052083336,536.0018645833336,115.03885490984021,0.44857142857142857,0.4628571428571429,0.0
PHASE 3B,28,23200,20,1945.7742090703,1675.0167415934889,2326.9875661983674,489.4615052083336,536.0018645833336,115.03885490984021,0.4885714285714286,0.4742857142857143,0.0
PHASE 3B,29,24000,24,1995.9819677940814,1675.0167415934889,2427.479658548126,505.7869314236114,549.321627604167,117.60917609579921,0.0,0.0,0.0
PHASE 3B,30,24800,24,1995.9819677940814,1675.0167415934889,2427.479658548126,505.7869314236114,549.321627604167,117.60917609579921,0.44142857142857145,0.47285714285714286,0.0
PHASE 3B,31,25600,24,1995.9819677940814,1675.0167415934889,2427.479658548126,505.7869314236114,549.321627604167,117.60917609579921,0.4714285714285714,0.39714285714285713,0.0
PHASE 3B,32,26400,24,1995.9819677940814,1675.0167415934889,2427.479658548126,505.7869314236114,549.321627604167,117.60917609579921,0.4600000000000001,0.4228571428571429,0.0
PHASE 3B,33,27200,24,1995.9819677940814,1675.0167415934889,2427.479658548126,505.7869314236114,549.321627604167,117.60917609579921,0.41428571428571426,0.5528571428571428,0.0
PHASE 3B,34,28000,28,1959.7782785019813,1422.1044575486549,2427.479658548126,493.62057291666696,542.4362425595241,115.46518287823447,0.0,0.0,0.0
PHASE 3B,35,28800,28,1959.778278501981,1422.1044575486549,2427.479658548126,493.62057291666696,542.4362425595242,115.46518287823447,0.45285714285714285,0.4028571428571429,0.0
PHASE 3B,36,29600,28,1959.778278501981,1422.1044575486549,2427.479658548126,493.62057291666696,542.4362425595242,115.46518287823447,0.4557142857142857,0.49000000000000005,0.0
PHASE 3B,37,30400,28,1959.778278501981,1422.1044575486549,2427.479658548126,493.62057291666696,542.4362425595242,115.46518287823447,0.43,0.3928571428571429,0.0
PHASE 3B,38,31200,28,1959.778278501981,1422.1044575486549,2427.479658548126,493.62057291666696,542.4362425595242,115.46518287823447,0.4128571428571429,0.48428571428571426,0.0
PHASE 3B,39,32000,32,1974.730482512422,1422.1044575486549,2427.479658548126,498.7059179687503,544.1364192708336,116.48601815911516,0.0,0.0,0.0
PHASE 3B,40,32800,32,1974.730482512422,1422.1044575486549,2427.479658548126,498.7059179687503,544.1364192708336,116.48601815911516,0.4585714285714285,0.42857142857142855,0.0
PHASE 3B,41,33600,32,1974.730482512422,1422.1044575486549,2427.479658548126,498.7059179687503,544.1364192708336,116.48601815911516,0.49142857142857144,0.51,0.0
PHASE 3B,42,34400,32,1974.730482512422,1422.1044575486549,2427.479658548126,498.7059179687503,544.1364192708336,116.48601815911516,0.40857142857142853,0.4742857142857143,0.0
PHASE 3B,43,35200,32,1974.730482512422,1422.1044575486549,2427.479658548126,498.7059179687503,544.1364192708336,116.48601815911516,0.40428571428571425,0.4585714285714285,0.0
PHASE 3B,44,36000,36,1948.6658887358676,1422.1044575486549,2427.479658548126,495.4676359953706,533.560205439815,114.9547559125958,0.0,0.0,0.0
PHASE 3B,45,36800,36,1948.665888735868,1422.1044575486549,2427.479658548126,495.4676359953707,533.5602054398151,114.9547559125958,0.4257142857142858,0.45714285714285713,0.0
PHASE 3B,46,37600,36,1948.665888735868,1422.1044575486549,2427.479658548126,495.4676359953707,533.5602054398151,114.9547559125958,0.4357142857142858,0.41,0.0
PHASE 3B,47,38400,36,1948.665888735868,1422.1044575486549,2427.479658548126,495.4676359953707,533.5602054398151,114.9547559125958,0.42285714285714293,0.48571428571428565,0.0
PHASE 3B,48,39200,36,1948.665888735868,1422.1044575486549,2427.479658548126,495.4676359953707,533.5602054398151,114.9547559125958,0.5,0.49857142857142855,0.0
PHASE 3B,49,40000,40,1965.6656025160087,1422.1044575486549,2427.479658548126,498.6396640625004,539.5422109375003,115.93546593951153,0.0,0.0,0.0
PHASE 3B,50,40800,40,1965.6656025160087,1422.1044575486549,2427.479658548126,498.6396640625004,539.5422109375003,115.9354659395115,0.5357142857142858,0.4928571428571429,0.0
PHASE 3B,51,41600,40,1965.6656025160087,1422.1044575486549,2427.479658548126,498.6396640625004,539.5422109375003,115.9354659395115,0.47857142857142865,0.4185714285714286,0.0
PHASE 3B,52,42400,40,1965.6656025160087,1422.1044575486549,2427.479658548126,498.6396640625004,539.5422109375003,115.9354659395115,0.4385714285714286,0.5071428571428572,0.0
PHASE 3B,53,43200,40,1965.6656025160087,1422.1044575486549,2427.479658548126,498.6396640625004,539.5422109375003,115.9354659395115,0.44714285714285723,0.47000000000000003,0.0
PHASE 3B,54,44000,44,1970.3465141290712,1422.1044575486549,2427.479658548126,496.7190909090912,543.9503196022731,116.20963795222406,0.0,0.0,0.0
PHASE 3B,55,44800,44,1970.3465141290712,1422.1044575486549,2427.479658548126,496.71909090909134,543.950319602273,116.20963795222406,0.4000000000000001,0.4685714285714286,0.0
PHASE 3B,56,45600,44,1970.3465141290712,1422.1044575486549,2427.479658548126,496.71909090909134,543.950319602273,116.20963795222406,0.3742857142857143,0.5385714285714286,0.0
PHASE 3B,57,46400,44,1970.3465141290712,1422.1044575486549,2427.479658548126,496.71909090909134,543.950319602273,116.20963795222406,0.4471428571428572,0.47714285714285715,0.0
PHASE 3B,58,47200,44,1970.3465141290712,1422.1044575486549,2427.479658548126,496.71909090909134,543.950319602273,116.20963795222406,0.3928571428571429,0.4557142857142858,0.0
PHASE 3B,59,48000,48,1992.0834169157586,1422.1044575486549,2427.479658548126,505.7960546875003,546.7107703993058,117.4470739786297,0.0,0.0,0.0
PHASE 3B,60,48800,48,1992.0834169157586,1422.1044575486549,2427.479658548126,505.7960546875003,546.7107703993058,117.4470739786297,0.41,0.43000000000000005,0.0
PHASE 3B,61,49600,48,1992.0834169157586,1422.1044575486549,2427.479658548126,505.7960546875003,546.7107703993058,117.4470739786297,0.49285714285714277,0.38428571428571434,0.0
PHASE 3B,62,50400,48,1992.0834169157586,1422.1044575486549,2427.479658548126,505.7960546875003,546.7107703993058,117.4470739786297,0.4428571428571429,0.3914285714285715,0.0
PHASE 3B,63,51200,48,1992.0834169157586,1422.1044575486549,2427.479658548126,505.7960546875003,546.7107703993058,117.4470739786297,0.42857142857142866,0.4685714285714287,0.0
PHASE 3B,64,52000,52,1992.3258422083602,1422.1044575486549,2427.479658548126,502.94549278846193,549.2001682692311,117.52252264384407,0.0,0.0,0.0
PHASE 3B,65,52800,52,1992.32584220836,1422.1044575486549,2427.479658548126,502.9454927884618,549.2001682692311,117.52252264384407,0.3485714285714286,0.4742857142857143,0.0
PHASE 3B,66,53600,52,1992.32584220836,1422.1044575486549,2427.479658548126,502.9454927884618,549.2001682692311,117.52252264384407,0.4057142857142858,0.4600000000000001,0.0
PHASE 3B,67,54400,52,1992.32584220836,1422.1044575486549,2427.479658548126,502.9454927884618,549.2001682692311,117.52252264384407,0.44857142857142857,0.4471428571428572,0.0
PHASE 3B,68,55200,52,1992.32584220836,1422.1044575486549,2427.479658548126,502.9454927884618,549.2001682692311,117.52252264384407,0.4571428571428572,0.4357142857142858,0.0
PHASE 3B,69,56000,56,1993.2572930394906,1422.1044575486549,2427.479658548126,501.2484449404765,551.4304352678574,117.57230160390534,0.0,0.0,0.0
PHASE 3B,70,56800,56,1993.2572930394906,1422.1044575486549,2427.479658548126,501.24844494047653,551.4304352678574,117.57230160390534,0.39142857142857146,0.36,0.0
PHASE 3B,71,57600,56,1993.2572930394906,1422.1044575486549,2427.479658548126,501.24844494047653,551.4304352678574,117.57230160390534,0.4800000000000001,0.4385714285714286,0.0
PHASE 3B,72,58400,56,1993.2572930394906,1422.1044575486549,2427.479658548126,501.24844494047653,551.4304352678574,117.57230160390534,0.42857142857142855,0.5585714285714286,0.0
PHASE 3B,73,59200,56,1993.2572930394906,1422.1044575486549,2427.479658548126,501.24844494047653,551.4304352678574,117.57230160390534,0.4014285714285714,0.4428571428571429,0.0
PHASE 3B,74,60000,60,2012.6006691195691,1422.1044575486549,2427.479658548126,506.3386545138892,557.2155607638891,118.63080673023464,0.0,0.0,0.0
PHASE 3B,75,60800,60,2012.6006691195691,1422.1044575486549,2427.479658548126,506.3386545138892,557.2155607638891,118.63080673023462,0.4885714285714286,0.4757142857142857,0.0
PHASE 3B,76,61600,60,2012.6006691195691,1422.1044575486549,2427.479658548126,506.3386545138892,557.2155607638891,118.63080673023462,0.4871428571428572,0.4442857142857143,0.0
PHASE 3B,77,62400,60,2012.6006691195691,1422.1044575486549,2427.479658548126,506.3386545138892,557.2155607638891,118.63080673023462,0.4057142857142857,0.4314285714285714,0.0
PHASE 3B,78,63200,60,2012.6006691195691,1422.1044575486549,2427.479658548126,506.3386545138892,557.2155607638891,118.63080673023462,0.5871428571428572,0.40857142857142853,0.0
PHASE 3B,79,64000,64,2002.1081108809221,1422.1044575486549,2427.479658548126,503.2735856119795,554.5870312500003,118.03093675237866,0.0,0.0,0.0
PHASE 3B,80,64800,64,2002.1081108809221,1422.1044575486549,2427.479658548126,503.2735856119795,554.5870312500003,118.03093675237866,0.45714285714285713,0.4428571428571429,0.0
PHASE 3B,81,65600,64,2002.1081108809221,1422.1044575486549,2427.479658548126,503.2735856119795,554.5870312500003,118.03093675237866,0.4757142857142857,0.46571428571428575,0.0
PHASE 3B,82,66400,64,2002.1081108809221,1422.1044575486549,2427.479658548126,503.2735856119795,554.5870312500003,118.03093675237866,0.49428571428571433,0.38428571428571423,0.0
PHASE 3B,83,67200,64,2002.1081108809221,1422.1044575486549,2427.479658548126,503.2735856119795,554.5870312500003,118.03093675237866,0.43428571428571433,0.4442857142857143,0.0
PHASE 3B,84,68000,68,2008.8355855384023,1422.1044575486549,2560.237728894125,505.5076393995101,555.9848483455885,118.41788722417368,0.0,0.0,0.0
PHASE 3B,85,68800,68,2008.8355855384027,1422.1044575486549,2560.237728894125,505.5076393995102,555.9848483455886,118.4178872241737,0.472857142857143,0.46571428571428564,0.0
PHASE 3B,86,69600,68,2008.8355855384027,1422.1044575486549,2560.237728894125,505.5076393995102,555.9848483455886,118.4178872241737,0.38,0.45,0.0
PHASE 3B,87,70400,68,2008.8355855384027,1422.1044575486549,2560.237728894125,505.5076393995102,555.9848483455886,118.4178872241737,0.46142857142857147,0.42428571428571427,0.0
PHASE 3B,88,71200,68,2008.8355855384027,1422.1044575486549,2560.237728894125,505.5076393995102,555.9848483455886,118.4178872241737,0.4828571428571428,0.44000000000000006,0.0
PHASE 3B,89,72000,72,2014.5628295246797,1422.1044575486549,2560.237728894125,506.57463107638915,557.3035908564818,118.83557594898679,0.0,0.0,0.0
PHASE 3B,90,72800,72,2014.5628295246797,1422.1044575486549,2560.237728894125,506.57463107638915,557.3035908564818,118.83557594898679,0.5085714285714286,0.45285714285714285,0.0
PHASE 3B,91,73600,72,2014.5628295246797,1422.1044575486549,2560.237728894125,506.57463107638915,557.3035908564818,118.83557594898679,0.44571428571428573,0.4642857142857143,0.0
PHASE 3B,92,74400,72,2014.5628295246797,1422.1044575486549,2560.237728894125,506.57463107638915,557.3035908564818,118.83557594898679,0.41714285714285715,0.4885714285714286,0.0
PHASE 3B,93,75200,72,2014.5628295246797,1422.1044575486549,2560.237728894125,506.57463107638915,557.3035908564818,118.83557594898679,0.3842857142857143,0.3957142857142858,0.0
PHASE 3B,94,76000,76,2017.130157300239,1422.1044575486549,2671.4155503145475,508.81332510964955,555.6207332785091,119.08701236402071,0.0,0.0,0.0
PHASE 3B,95,76800,76,2017.1301573002386,1422.1044575486549,2671.4155503145475,508.8133251096494,555.6207332785092,119.08701236402071,0.4257142857142858,0.472857142857143,0.0
PHASE 3B,96,77600,76,2017.1301573002386,1422.1044575486549,2671.4155503145475,508.8133251096494,555.6207332785092,119.08701236402071,0.4428571428571429,0.5014285714285716,0.0
PHASE 3B,97,78400,76,2017.1301573002386,1422.1044575486549,2671.4155503145475,508.8133251096494,555.6207332785092,119.08701236402071,0.40714285714285714,0.4885714285714286,0.0
PHASE 3B,98,79200,76,2017.1301573002386,1422.1044575486549,2671.4155503145475,508.8133251096494,555.6207332785092,119.08701236402071,0.42714285714285716,0.43428571428571433,0.0
PHASE 3B,99,80000,80,2026.0929812888905,1422.1044575486549,2671.4155503145475,511.03262141927115,558.1430065104171,119.61466916991091,0.0,0.0,0.0
PHASE 3B,100,80800,80,2026.0929812888905,1422.1044575486549,2671.4155503145475,511.03262141927115,558.1430065104171,119.6146691699109,0.4200000000000001,0.44857142857142857,0.0
PHASE 3B,101,81600,80,2026.0929812888905,1422.1044575486549,2671.4155503145475,511.03262141927115,558.1430065104171,119.6146691699109,0.4228571428571429,0.4928571428571429,0.0
PHASE 3B,102,82400,80,2026.0929812888905,1422.1044575486549,2671.4155503145475,511.03262141927115,558.1430065104171,119.6146691699109,0.3757142857142858,0.49428571428571433,0.0
PHASE 3B,103,83200,80,2026.0929812888905,1422.1044575486549,2671.4155503145475,511.03262141927115,558.1430065104171,119.6146691699109,0.41571428571428576,0.3714285714285715,0.0
PHASE 3B,104,84000,84,2038.6231143198027,1422.1044575486549,2671.4155503145475,514.8848837425599,561.4165736607147,120.29020711457666,0.0,0.0,0.0
PHASE 3B,105,84800,84,2038.6231143198027,1422.1044575486549,2671.4155503145475,514.8848837425599,561.4165736607147,120.29020711457667,0.37857142857142856,0.5142857142857143,0.0
PHASE 3B,106,85600,84,2038.6231143198027,1422.1044575486549,2671.4155503145475,514.8848837425599,561.4165736607147,120.29020711457667,0.41571428571428565,0.5314285714285714,0.0
PHASE 3B,107,86400,84,2038.6231143198027,1422.1044575486549,2671.4155503145475,514.8848837425599,561.4165736607147,120.29020711457667,0.42428571428571427,0.44857142857142857,0.0
PHASE 3B,108,87200,84,2038.6231143198027,1422.1044575486549,2671.4155503145475,514.8848837425599,561.4165736607147,120.29020711457667,0.45285714285714296,0.45,0.0
PHASE 3B,109,88000,88,2034.1614136386854,1422.1044575486549,2671.4155503145475,514.3477062618375,559.34529000947,120.0585521709329,0.0,0.0,0.0
PHASE 3B,110,88800,88,2034.1614136386859,1422.1044575486549,2671.4155503145475,514.3477062618375,559.34529000947,120.0585521709329,0.3928571428571429,0.40285714285714286,0.0
PHASE 3B,111,89600,88,2034.1614136386859,1422.1044575486549,2671.4155503145475,514.3477062618375,559.34529000947,120.0585521709329,0.41714285714285726,0.5057142857142857,0.0
PHASE 3B,112,90400,88,2034.1614136386859,1422.1044575486549,2671.4155503145475,514.3477062618375,559.34529000947,120.0585521709329,0.3785714285714286,0.47428571428571437,0.0
PHASE 3B,113,91200,88,2034.1614136386859,1422.1044575486549,2671.4155503145475,514.3477062618375,559.34529000947,120.0585521709329,0.48142857142857143,0.4071428571428572,0.0
PHASE 3B,114,92000,92,2036.8030365681948,1422.1044575486549,2671.4155503145475,515.0124991508155,560.1380536684786,120.20656046862314,0.0,0.0,0.0
PHASE 3B,115,92800,92,2036.8030365681948,1422.1044575486549,2671.4155503145475,515.0124991508155,560.1380536684785,120.20656046862315,0.49000000000000005,0.4014285714285715,0.0
PHASE 3B,116,93600,92,2036.8030365681948,1422.1044575486549,2671.4155503145475,515.0124991508155,560.1380536684785,120.20656046862315,0.34142857142857147,0.48285714285714293,0.0
PHASE 3B,117,94400,92,2036.8030365681948,1422.1044575486549,2671.4155503145475,515.0124991508155,560.1380536684785,120.20656046862315,0.4628571428571429,0.42428571428571427,0.0
PHASE 3B,118,95200,92,2036.8030365681948,1422.1044575486549,2671.4155503145475,515.0124991508155,560.1380536684785,120.20656046862315,0.45571428571428585,0.4771428571428572,0.0
PHASE 3B,119,96000,96,2044.2947906399495,1422.1044575486549,2671.4155503145475,519.5150794813371,558.9860807291669,120.72420380369128,0.0,0.0,0.0
PHASE 3B,120,96800,96,2044.2947906399495,1422.1044575486549,2671.4155503145475,519.5150794813371,558.9860807291669,120.72420380369128,0.39,0.4757142857142858,0.0
PHASE 3B,121,97600,96,2044.2947906399495,1422.1044575486549,2671.4155503145475,519.5150794813371,558.9860807291669,120.72420380369128,0.4385714285714286,0.5814285714285714,0.0
PHASE 3B,122,98400,96,2044.2947906399495,1422.1044575486549,2671.4155503145475,519.5150794813371,558.9860807291669,120.72420380369128,0.41000000000000003,0.4699999999999999,0.0
PHASE 3B,123,99200,96,2044.2947906399495,1422.1044575486549,2671.4155503145475,519.5150794813371,558.9860807291669,120.72420380369128,0.4542857142857143,0.4471428571428572,0.0
PHASE 3B,124,100000,100,2043.6211845050018,1422.1044575486549,2671.4155503145475,517.9473585937504,559.6143364583337,120.75743618162524,0.0,0.0,0.0
PHASE 3B,125,100800,100,2043.6211845050018,1422.1044575486549,2671.4155503145475,517.9473585937504,559.6143364583336,120.75743618162524,0.33285714285714285,0.3057142857142857,0.0
PHASE 3B,126,101600,100,2043.6211845050018,1422.1044575486549,2671.4155503145475,517.9473585937504,559.6143364583336,120.75743618162524,0.35857142857142865,0.3942857142857143,0.0
PHASE 3B,127,102400,100,2043.6211845050018,1422.1044575486549,2671.4155503145475,517.9473585937504,559.6143364583336,120.75743618162524,0.4557142857142857,0.4271428571428572,0.0
PHASE 3B,128,103200,100,2043.6211845050018,1422.1044575486549,2671.4155503145475,517.9473585937504,559.6143364583336,120.75743618162524,0.4142857142857143,0.45999999999999996,0.0
PHASE 3B,129,104000,104,2043.467286997617,1422.1044575486549,2671.4155503145475,518.7498346354171,558.6494875000003,120.75849560778545,0.0,0.0,0.0
PHASE 3B,130,104800,104,2043.467286997617,1422.1044575486549,2671.4155503145475,518.749834635417,558.6494875000003,120.75849560778546,0.3942857142857143,0.3871428571428572,0.0
PHASE 3B,131,105600,104,2043.467286997617,1422.1044575486549,2671.4155503145475,518.749834635417,558.6494875000003,120.75849560778546,0.4757142857142857,0.4128571428571429,0.0
PHASE 3B,132,106400,104,2043.467286997617,1422.1044575486549,2671.4155503145475,518.749834635417,558.6494875000003,120.75849560778546,0.40285714285714286,0.3985714285714286,0.0
PHASE 3B,133,107200,104,2043.467286997617,1422.1044575486549,2671.4155503145475,518.749834635417,558.6494875000003,120.75849560778546,0.44857142857142857,0.40428571428571425,0.0
PHASE 3B,134,108000,108,2049.907578983239,1422.1044575486549,2671.4155503145475,519.7961044270837,560.4002114583337,121.21390788723812,0.0,0.0,0.0
PHASE 3B,135,108800,108,2049.907578983239,1422.1044575486549,2671.4155503145475,519.7961044270836,560.4002114583336,121.21390788723812,0.4428571428571429,0.3814285714285714,0.0
PHASE 3B,136,109600,108,2049.907578983239,1422.1044575486549,2671.4155503145475,519.7961044270836,560.4002114583336,121.21390788723812,0.38571428571428573,0.42714285714285716,0.0
PHASE 3B,137,110400,108,2049.907578983239,1422.1044575486549,2671.4155503145475,519.7961044270836,560.4002114583336,121.21390788723812,0.43428571428571433,0.4842857142857143,0.0
PHASE 3B,138,111200,108,2049.907578983239,1422.1044575486549,2671.4155503145475,519.7961044270836,560.4002114583336,121.21390788723812,0.46428571428571425,0.49000000000000005,0.0
PHASE 3B,139,112000,112,2046.6345004728323,1357.8022615008585,2671.4155503145475,520.060325260417,558.3688437500003,121.02566643281229,0.0,0.0,0.0
PHASE 3B,140,112800,112,2046.634500472832,1357.8022615008585,2671.4155503145475,520.0603252604169,558.3688437500003,121.02566643281229,0.4542857142857143,0.5314285714285714,0.0
PHASE 3B,141,113600,112,2046.634500472832,1357.8022615008585,2671.4155503145475,520.0603252604169,558.3688437500003,121.02566643281229,0.36428571428571427,0.43000000000000005,0.0
PHASE 3B,142,114400,112,2046.634500472832,1357.8022615008585,2671.4155503145475,520.0603252604169,558.3688437500003,121.02566643281229,0.4357142857142858,0.54,0.0
PHASE 3B,143,115200,112,2046.634500472832,1357.8022615008585,2671.4155503145475,520.0603252604169,558.3688437500003,121.02566643281229,0.44857142857142857,0.53,0.0
PHASE 3B,144,116000,116,2048.9540078381283,1357.8022615008585,2712.4881237748195,521.9824231770837,557.1480031250003,121.22794769201587,0.0,0.0,0.0
PHASE 3B,145,116800,116,2048.9540078381287,1357.8022615008585,2712.4881237748195,521.9824231770837,557.1480031250003,121.22794769201586,0.46571428571428575,0.47857142857142854,0.0
PHASE 3B,146,117600,116,2048.9540078381287,1357.8022615008585,2712.4881237748195,521.9824231770837,557.1480031250003,121.22794769201586,0.4428571428571429,0.5085714285714287,0.0
PHASE 3B,147,118400,116,2048.9540078381287,1357.8022615008585,2712.4881237748195,521.9824231770837,557.1480031250003,121.22794769201586,0.41000000000000003,0.4699999999999999,0.0
PHASE 3B,148,119200,116,2048.9540078381287,1357.8022615008585,2712.4881237748195,521.9824231770837,557.1480031250003,121.22794769201586,0.43714285714285717,0.5714285714285714,0.0
PHASE 3B,149,120000,120,2055.360188043762,1357.8022615008585,2732.235816810578,522.1949242187503,560.4172333333336,121.59350381147,0.0,0.0,0.0
PHASE 3B,150,120800,120,2055.3601880437623,1357.8022615008585,2732.235816810578,522.1949242187503,560.4172333333337,121.59350381147,0.49857142857142855,0.39428571428571435,0.0
PHASE 3B,151,121600,120,2055.3601880437623,1357.8022615008585,2732.235816810578,522.1949242187503,560.4172333333337,121.59350381147,0.40428571428571425,0.41142857142857137,0.0
PHASE 3B,152,122400,120,2055.3601880437623,1357.8022615008585,2732.235816810578,522.1949242187503,560.4172333333337,121.59350381147,0.41428571428571426,0.5014285714285714,0.0
PHASE 3B,153,123200,120,2055.3601880437623,1357.8022615008585,2732.235816810578,522.1949242187503,560.4172333333337,121.59350381147,0.4385714285714286,0.4257142857142858,0.0
PHASE 3B,154,124000,124,2042.6099379017696,1357.8022615008585,2732.235816810578,520.014753385417,555.1127833333336,120.93530014788746,0.0,0.0,0.0
PHASE 3B,155,124800,124,2042.6099379017694,1357.8022615008585,2732.235816810578,520.014753385417,555.1127833333336,120.93530014788745,0.3685714285714286,0.4642857142857143,0.0
PHASE 3B,156,125600,124,2042.6099379017694,1357.8022615008585,2732.235816810578,520.014753385417,555.1127833333336,120.93530014788745,0.3871428571428571,0.4385714285714286,0.0
PHASE 3B,157,126400,124,2042.6099379017694,1357.8022615008585,2732.235816810578,520.014753385417,555.1127833333336,120.93530014788745,0.34285714285714286,0.4442857142857143,0.0
PHASE 3B,158,127200,124,2042.6099379017694,1357.8022615008585,2732.235816810578,520.014753385417,555.1127833333336,120.93530014788745,0.38428571428571434,0.49428571428571433,0.0
PHASE 3B,159,128000,128,2046.510732677476,1357.8022615008585,2732.235816810578,523.2398533854171,553.5162822916668,121.21932462505939,0.0,0.0,0.0
PHASE 3B,160,128800,128,2046.510732677476,1357.8022615008585,2732.235816810578,523.2398533854171,553.516282291667,121.2193246250594,0.5057142857142858,0.42857142857142855,0.0
PHASE 3B,161,129600,128,2046.510732677476,1357.8022615008585,2732.235816810578,523.2398533854171,553.516282291667,121.2193246250594,0.3314285714285714,0.46571428571428575,0.0
PHASE 3B,162,130400,128,2046.510732677476,1357.8022615008585,2732.235816810578,523.2398533854171,553.516282291667,121.2193246250594,0.3757142857142858,0.3628571428571428,0.0
PHASE 3B,163,131200,128,2046.510732677476,1357.8022615008585,2732.235816810578,523.2398533854171,553.516282291667,121.2193246250594,0.39714285714285713,0.4257142857142857,0.0
PHASE 3B,164,132000,132,2043.7456909278949,1357.8022615008585,2732.235816810578,521.1786679687503,554.1712187500002,121.04947552615347,0.0,0.0,0.0
PHASE 3B,165,132800,132,2043.7456909278949,1357.8022615008585,2732.235816810578,521.1786679687502,554.1712187500003,121.04947552615347,0.40857142857142864,0.4314285714285714,0.0
PHASE 3B,166,133600,132,2043.7456909278949,1357.8022615008585,2732.235816810578,521.1786679687502,554.1712187500003,121.04947552615347,0.3757142857142857,0.36714285714285716,0.0
PHASE 3B,167,134400,132,2043.7456909278949,1357.8022615008585,2732.235816810578,521.1786679687502,554.1712187500003,121.04947552615347,0.4428571428571429,0.4871428571428572,0.0
PHASE 3B,168,135200,132,2043.7456909278949,1357.8022615008585,2732.235816810578,521.1786679687502,554.1712187500003,121.04947552615347,0.48285714285714293,0.41,0.0
PHASE 3B,169,136000,136,2056.882748018135,1357.8022615008585,2732.235816810578,523.2891815104169,558.535585416667,121.88224763639165,0.0,0.0,0.0
PHASE 3B,170,136800,136,2056.882748018135,1357.8022615008585,2732.235816810578,523.289181510417,558.535585416667,121.88224763639165,0.472857142857143,0.32142857142857145,0.0
PHASE 3B,171,137600,136,2056.882748018135,1357.8022615008585,2732.235816810578,523.289181510417,558.535585416667,121.88224763639165,0.4585714285714285,0.4142857142857143,0.0
PHASE 3B,172,138400,136,2056.882748018135,1357.8022615008585,2732.235816810578,523.289181510417,558.535585416667,121.88224763639165,0.38142857142857145,0.4228571428571429,0.0
PHASE 3B,173,139200,136,2056.882748018135,1357.8022615008585,2732.235816810578,523.289181510417,558.535585416667,121.88224763639165,0.4,0.5028571428571429,0.0
PHASE 3B,174,140000,140,2050.7454786818817,1357.8022615008585,2732.235816810578,523.0551554687504,555.1629520833337,121.56592139123495,0.0,0.0,0.0
PHASE 3B,175,140800,140,2050.7454786818817,1357.8022615008585,2732.235816810578,523.0551554687504,555.1629520833337,121.56592139123495,0.42857142857142855,0.4442857142857143,0.0
PHASE 3B,176,141600,140,2050.7454786818817,1357.8022615008585,2732.235816810578,523.0551554687504,555.1629520833337,121.56592139123495,0.45857142857142863,0.39,0.0
PHASE 3B,177,142400,140,2050.7454786818817,1357.8022615008585,2732.235816810578,523.0551554687504,555.1629520833337,121.56592139123495,0.3914285714285715,0.41571428571428576,0.0
PHASE 3B,178,143200,140,2050.7454786818817,1357.8022615008585,2732.235816810578,523.0551554687504,555.1629520833337,121.56592139123495,0.39714285714285713,0.43428571428571433,0.0
PHASE 3B,179,144000,144,2054.686998023641,1357.8022615008585,2732.235816810578,525.615337760417,553.6981989583337,121.9216826631215,0.0,0.0,0.0
PHASE 3B,180,144800,144,2054.6869980236406,1357.8022615008585,2732.235816810578,525.615337760417,553.6981989583336,121.9216826631215,0.43285714285714294,0.35428571428571437,0.0
PHASE 3B,181,145600,144,2054.6869980236406,1357.8022615008585,2732.235816810578,525.615337760417,553.6981989583336,121.9216826631215,0.42857142857142866,0.46571428571428586,0.0
PHASE 3B,182,146400,144,2054.6869980236406,1357.8022615008585,2732.235816810578,525.615337760417,553.6981989583336,121.9216826631215,0.3985714285714286,0.4142857142857143,0.0
PHASE 3B,183,147200,144,2054.6869980236406,1357.8022615008585,2732.235816810578,525.615337760417,553.6981989583336,121.9216826631215,0.4071428571428572,0.31,0.0
PHASE 3B,184,148000,148,2047.3605785469879,1357.8022615008585,2732.235816810578,520.6940023437503,553.3516760416669,121.66436252020647,0.0,0.0,0.0
PHASE 3B,185,148800,148,2047.3605785469877,1357.8022615008585,2732.235816810578,520.6940023437503,553.3516760416669,121.66436252020645,0.4628571428571429,0.44571428571428573,0.0
PHASE 3B,186,149600,148,2047.3605785469877,1357.8022615008585,2732.235816810578,520.6940023437503,553.3516760416669,121.66436252020645,0.4928571428571429,0.3285714285714286,0.0
PHASE 3B,187,150400,148,2047.3605785469877,1357.8022615008585,2732.235816810578,520.6940023437503,553.3516760416669,121.66436252020645,0.5114285714285713,0.3871428571428571,0.0
PHASE 3B,188,151200,148,2047.3605785469877,1357.8022615008585,2732.235816810578,520.6940023437503,553.3516760416669,121.66436252020645,0.3828571428571429,0.5257142857142857,0.0
PHASE 3B,189,152000,152,2054.277835216146,1357.8022615008585,2732.235816810578,524.3540846354169,553.1018583333336,122.10273653093455,0.0,0.0,0.0
PHASE 3B,190,152800,152,2054.2778352161463,1357.8022615008585,2732.235816810578,524.354084635417,553.1018583333337,122.10273653093456,0.5185714285714286,0.44714285714285723,0.0
PHASE 3B,191,153600,152,2054.2778352161463,1357.8022615008585,2732.235816810578,524.354084635417,553.1018583333337,122.10273653093456,0.43428571428571433,0.35571428571428576,0.0
PHASE 3B,192,154400,152,2054.2778352161463,1357.8022615008585,2732.235816810578,524.354084635417,553.1018583333337,122.10273653093456,0.4314285714285715,0.3928571428571429,0.0
PHASE 3B,193,155200,152,2054.2778352161463,1357.8022615008585,2732.235816810578,524.354084635417,553.1018583333337,122.10273653093456,0.44142857142857145,0.39,0.0
PHASE 3B,194,156000,156,2059.2372178553114,1357.8022615008585,2732.235816810578,525.2447981770837,553.991376041667,122.50013045458022,0.0,0.0,0.0
PHASE 3B,195,156800,156,2059.237217855311,1357.8022615008585,2732.235816810578,525.2447981770837,553.9913760416671,122.50013045458022,0.4385714285714286,0.45714285714285713,0.0
PHASE 3B,196,157600,156,2059.237217855311,1357.8022615008585,2732.235816810578,525.2447981770837,553.9913760416671,122.50013045458022,0.38571428571428573,0.44142857142857145,0.0
PHASE 3B,197,158400,156,2059.237217855311,1357.8022615008585,2732.235816810578,525.2447981770837,553.9913760416671,122.50013045458022,0.3885714285714286,0.3671428571428572,0.0
PHASE 3B,198,159200,156,2059.237217855311,1357.8022615008585,2732.235816810578,525.2447981770837,553.9913760416671,122.50013045458022,0.4585714285714285,0.3857142857142858,0.0
PHASE 3B,199,160000,160,2058.0970864772107,1357.8022615008585,2732.235816810578,525.4456763020837,552.3769833333337,122.53430335523423,0.0,0.0,0.0
PHASE 3B,200,160800,160,2058.0970864772107,1357.8022615008585,2732.235816810578,525.4456763020837,552.3769833333337,122.53430335523423,0.4514285714285714,0.38285714285714284,0.0
PHASE 3B,201,161600,160,2058.0970864772107,1357.8022615008585,2732.235816810578,525.4456763020837,552.3769833333337,122.53430335523423,0.4228571428571429,0.4428571428571429,0.0
PHASE 3B,202,162400,160,2058.0970864772107,1357.8022615008585,2732.235816810578,525.4456763020837,552.3769833333337,122.53430335523423,0.44142857142857145,0.37142857142857144,0.0
PHASE 3B,203,163200,160,2058.0970864772107,1357.8022615008585,2732.235816810578,525.4456763020837,552.3769833333337,122.53430335523423,0.4357142857142858,0.4757142857142857,0.0
PHASE 3B,204,164000,164,2064.4056303912525,1357.8022615008585,2732.235816810578,530.5416835937503,550.6302364583337,122.90421379240601,0.0,0.0,0.0
PHASE 3B,205,164800,164,2064.4056303912525,1357.8022615008585,2732.235816810578,530.5416835937502,550.6302364583337,122.90421379240598,0.40714285714285714,0.3328571428571429,0.0
PHASE 3B,206,165600,164,2064.4056303912525,1357.8022615008585,2732.235816810578,530.5416835937502,550.6302364583337,122.90421379240598,0.35714285714285715,0.3685714285714286,0.0
PHASE 3B,207,166400,164,2064.4056303912525,1357.8022615008585,2732.235816810578,530.5416835937502,550.6302364583337,122.90421379240598,0.36000000000000004,0.5,0.0
PHASE 3B,208,167200,164,2064.4056303912525,1357.8022615008585,2732.235816810578,530.5416835937502,550.6302364583337,122.90421379240598,0.3985714285714286,0.40285714285714286,0.0
PHASE 3B,209,168000,168,2063.0454157233,1357.8022615008585,2732.235816810578,530.9491950520837,548.6334052083337,122.9328519328703,0.0,0.0,0.0
PHASE 3B,210,168800,168,2063.0454157233,1357.8022615008585,2732.235816810578,530.9491950520836,548.6334052083337,122.93285193287032,0.38999999999999996,0.4685714285714285,0.0
PHASE 3B,211,169600,168,2063.0454157233,1357.8022615008585,2732.235816810578,530.9491950520836,548.6334052083337,122.93285193287032,0.33999999999999997,0.4014285714285714,0.0
PHASE 3B,212,170400,168,2063.0454157233,1357.8022615008585,2732.235816810578,530.9491950520836,548.6334052083337,122.93285193287032,0.40857142857142864,0.38571428571428573,0.0
PHASE 3B,213,171200,168,2063.0454157233,1357.8022615008585,2732.235816810578,530.9491950520836,548.6334052083337,122.93285193287032,0.4514285714285714,0.47285714285714286,0.0
PHASE 3B,214,172000,172,2064.2978674481333,1357.8022615008585,2732.235816810578,534.3726523437504,545.8342656250003,123.01136868493285,0.0,0.0,0.0
PHASE 3B,215,172800,172,2064.2978674481333,1357.8022615008585,2732.235816810578,534.3726523437504,545.8342656250003,123.01136868493282,0.47428571428571437,0.4414285714285714,0.0
PHASE 3B,216,173600,172,2064.2978674481333,1357.8022615008585,2732.235816810578,534.3726523437504,545.8342656250003,123.01136868493282,0.3757142857142857,0.3442857142857143,0.0
PHASE 3B,217,174400,172,2064.2978674481333,1357.8022615008585,2732.235816810578,534.3726523437504,545.8342656250003,123.01136868493282,0.45999999999999996,0.44142857142857145,0.0
PHASE 3B,218,175200,172,2064.2978674481333,1357.8022615008585,2732.235816810578,534.3726523437504,545.8342656250003,123.01136868493282,0.36000000000000004,0.3814285714285714,0.0
PHASE 3B,219,176000,176,2060.7687108283326,1357.8022615008585,2732.235816810578,533.2670700520837,545.3614541666669,122.76752332620778,0.0,0.0,0.0
PHASE 3B,220,176800,176,2060.7687108283326,1357.8022615008585,2732.235816810578,533.2670700520837,545.3614541666669,122.7675233262078,0.5071428571428571,0.4557142857142858,0.0
PHASE 3B,221,177600,176,2060.7687108283326,1357.8022615008585,2732.235816810578,533.2670700520837,545.3614541666669,122.7675233262078,0.37142857142857144,0.5042857142857143,0.0
PHASE 3B,222,178400,176,2060.7687108283326,1357.8022615008585,2732.235816810578,533.2670700520837,545.3614541666669,122.7675233262078,0.4142857142857143,0.5014285714285714,0.0
PHASE 3B,223,179200,176,2060.7687108283326,1357.8022615008585,2732.235816810578,533.2670700520837,545.3614541666669,122.7675233262078,0.37714285714285717,0.5242857142857142,0.0
PHASE 3B,224,180000,180,2054.7488059697057,1274.0729174721735,2732.235816810578,531.944610416667,543.1463979166671,122.45722470455642,0.0,0.0,0.0
PHASE 3B,225,180800,180,2054.7488059697057,1274.0729174721735,2732.235816810578,531.9446104166669,543.1463979166671,122.45722470455642,0.43285714285714294,0.4671428571428571,0.0
PHASE 3B,226,181600,180,2054.7488059697057,1274.0729174721735,2732.235816810578,531.9446104166669,543.1463979166671,122.45722470455642,0.42714285714285716,0.47857142857142854,0.0
PHASE 3B,227,182400,180,2054.7488059697057,1274.0729174721735,2732.235816810578,531.9446104166669,543.1463979166671,122.45722470455642,0.2942857142857143,0.40285714285714286,0.0
PHASE 3B,228,183200,180,2054.7488059697057,1274.0729174721735,2732.235816810578,531.9446104166669,543.1463979166671,122.45722470455642,0.44714285714285706,0.36142857142857143,0.0
PHASE 3B,229,184000,184,2050.3371913557626,1274.0729174721735,2732.235816810578,532.343451041667,539.9902125000003,122.25044097677171,0.0,0.0,0.0
PHASE 3B,230,184800,184,2050.3371913557626,1274.0729174721735,2732.235816810578,532.343451041667,539.9902125000004,122.25044097677171,0.39571428571428574,0.4800000000000001,0.0
PHASE 3B,231,185600,184,2050.3371913557626,1274.0729174721735,2732.235816810578,532.343451041667,539.9902125000004,122.25044097677171,0.4314285714285714,0.4714285714285714,0.0
PHASE 3B,232,186400,184,2050.3371913557626,1274.0729174721735,2732.235816810578,532.343451041667,539.9902125000004,122.25044097677171,0.45285714285714285,0.42142857142857154,0.0
PHASE 3B,233,187200,184,2050.3371913557626,1274.0729174721735,2732.235816810578,532.343451041667,539.9902125000004,122.25044097677171,0.34,0.33142857142857146,0.0
PHASE 3B,234,188000,188,2053.3042675312813,1274.0729174721735,2732.235816810578,532.6669760416669,541.4793697916671,122.39474021225324,0.0,0.0,0.0
PHASE 3B,235,188800,188,2053.3042675312813,1274.0729174721735,2732.235816810578,532.666976041667,541.479369791667,122.39474021225324,0.40857142857142853,0.44000000000000006,0.0
PHASE 3B,236,189600,188,2053.3042675312813,1274.0729174721735,2732.235816810578,532.666976041667,541.479369791667,122.39474021225324,0.3414285714285714,0.3928571428571429,0.0
PHASE 3B,237,190400,188,2053.3042675312813,1274.0729174721735,2732.235816810578,532.666976041667,541.479369791667,122.39474021225324,0.37857142857142856,0.4771428571428572,0.0
PHASE 3B,238,191200,188,2053.3042675312813,1274.0729174721735,2732.235816810578,532.666976041667,541.479369791667,122.39474021225324,0.3642857142857143,0.38000000000000006,0.0
PHASE 3B,239,192000,192,2057.145789586873,1274.0729174721735,2732.235816810578,530.9727614583336,545.2049208333336,122.62101341191055,0.0,0.0,0.0
PHASE 3B,240,192800,192,2057.145789586873,1274.0729174721735,2732.235816810578,530.9727614583336,545.2049208333336,122.62101341191057,0.43000000000000005,0.48142857142857143,0.0
PHASE 3B,241,193600,192,2057.145789586873,1274.0729174721735,2732.235816810578,530.9727614583336,545.2049208333336,122.62101341191057,0.45714285714285713,0.43285714285714294,0.0
PHASE 3B,242,194400,192,2057.145789586873,1274.0729174721735,2732.235816810578,530.9727614583336,545.2049208333336,122.62101341191057,0.4228571428571429,0.42142857142857143,0.0
PHASE 3B,243,195200,192,2057.145789586873,1274.0729174721735,2732.235816810578,530.9727614583336,545.2049208333336,122.62101341191057,0.4742857142857143,0.35000000000000003,0.0
PHASE 3B,244,196000,196,2051.3960210468485,1274.0729174721735,2732.235816810578,526.1032093750003,547.5447958333338,122.21850197982414,0.0,0.0,0.0
PHASE 3B,245,196800,196,2051.3960210468485,1274.0729174721735,2732.235816810578,526.1032093750003,547.5447958333338,122.21850197982414,0.4914285714285714,0.45714285714285713,0.0
PHASE 3B,246,197600,196,2051.3960210468485,1274.0729174721735,2732.235816810578,526.1032093750003,547.5447958333338,122.21850197982414,0.33428571428571435,0.40428571428571436,0.0
PHASE 3B,247,198400,196,2051.3960210468485,1274.0729174721735,2732.235816810578,526.1032093750003,547.5447958333338,122.21850197982414,0.4814285714285715,0.43285714285714294,0.0
PHASE 3B,248,199200,196,2051.3960210468485,1274.0729174721735,2732.235816810578,526.1032093750003,547.5447958333338,122.21850197982414,0.4757142857142857,0.5157142857142858,0.0
PHASE 3B,249,200000,200,2055.190354860292,1274.0729174721735,2732.235816810578,527.1551302083336,549.4651062500004,122.32126480025465,0.0,0.0,0.0
PHASE 3B,250,200800,200,2055.1903548602927,1274.0729174721735,2732.235816810578,527.1551302083337,549.4651062500002,122.32126480025465,0.4014285714285714,0.46571428571428575,0.0
PHASE 3B,251,201600,200,2055.1903548602927,1274.0729174721735,2732.235816810578,527.1551302083337,549.4651062500002,122.32126480025465,0.4014285714285715,0.46142857142857147,0.0
PHASE 3B,252,202400,200,2055.1903548602927,1274.0729174721735,2732.235816810578,527.1551302083337,549.4651062500002,122.32126480025465,0.47714285714285715,0.43428571428571433,0.0
PHASE 3B,253,203200,200,2055.1903548602927,1274.0729174721735,2732.235816810578,527.1551302083337,549.4651062500002,122.32126480025465,0.3885714285714286,0.40285714285714286,0.0
PHASE 3B,254,204000,204,2066.6332900419607,1274.0729174721735,2732.235816810578,531.4390291666671,550.713932291667,123.06004107296314,0.0,0.0,0.0
PHASE 3B,255,204800,204,2066.6332900419607,1274.0729174721735,2732.235816810578,531.4390291666671,550.7139322916671,123.06004107296314,0.4185714285714286,0.4000000000000001,0.0
PHASE 3B,256,205600,204,2066.6332900419607,1274.0729174721735,2732.235816810578,531.4390291666671,550.7139322916671,123.06004107296314,0.4571428571428572,0.5271428571428571,0.0
PHASE 3B,257,206400,204,2066.6332900419607,1274.0729174721735,2732.235816810578,531.4390291666671,550.7139322916671,123.06004107296314,0.4357142857142858,0.4742857142857143,0.0
PHASE 3B,258,207200,204,2066.6332900419607,1274.0729174721735,2732.235816810578,531.4390291666671,550.7139322916671,123.06004107296314,0.4114285714285715,0.40428571428571425,0.0
PHASE 3B,259,208000,208,2072.894162399907,1274.0729174721735,2732.235816810578,535.8059395833337,550.3618281250004,123.34079933645653,0.0,0.0,0.0
PHASE 3B,260,208800,208,2072.8941623999067,1274.0729174721735,2732.235816810578,535.8059395833337,550.3618281250004,123.34079933645653,0.3942857142857143,0.44571428571428573,0.0
PHASE 3B,261,209600,208,2072.8941623999067,1274.0729174721735,2732.235816810578,535.8059395833337,550.3618281250004,123.34079933645653,0.4257142857142858,0.5014285714285714,0.0
PHASE 3B,262,210400,208,2072.8941623999067,1274.0729174721735,2732.235816810578,535.8059395833337,550.3618281250004,123.34079933645653,0.44857142857142857,0.4642857142857143,0.0
PHASE 3B,263,211200,208,2072.8941623999067,1274.0729174721735,2732.235816810578,535.8059395833337,550.3618281250004,123.34079933645653,0.39142857142857146,0.3914285714285715,0.0
PHASE 3B,264,212000,212,2083.384820081476,1274.0729174721735,2732.235816810578,536.3846843750005,555.3441739583337,123.95699521852774,0.0,0.0,0.0
PHASE 3B,265,212800,212,2083.3848200814755,1274.0729174721735,2732.235816810578,536.3846843750002,555.3441739583337,123.95699521852774,0.4557142857142857,0.3885714285714286,0.0
PHASE 3B,266,213600,212,2083.3848200814755,1274.0729174721735,2732.235816810578,536.3846843750002,555.3441739583337,123.95699521852774,0.43285714285714294,0.49857142857142855,0.0
PHASE 3B,267,214400,212,2083.3848200814755,1274.0729174721735,2732.235816810578,536.3846843750002,555.3441739583337,123.95699521852774,0.3685714285714286,0.42142857142857143,0.0
PHASE 3B,268,215200,212,2083.3848200814755,1274.0729174721735,2732.235816810578,536.3846843750002,555.3441739583337,123.95699521852774,0.4271428571428572,0.44571428571428573,0.0
PHASE 3B,269,216000,216,2089.079331836249,1274.0729174721735,2732.235816810578,537.7848468750003,557.2029020833337,124.26144785974947,0.0,0.0,0.0
PHASE 3B,270,216800,216,2089.079331836249,1274.0729174721735,2732.235816810578,537.7848468750003,557.2029020833338,124.26144785974947,0.3757142857142857,0.45285714285714285,0.0
PHASE 3B,271,217600,216,2089.079331836249,1274.0729174721735,2732.235816810578,537.7848468750003,557.2029020833338,124.26144785974947,0.4642857142857143,0.3814285714285714,0.0
PHASE 3B,272,218400,216,2089.079331836249,1274.0729174721735,2732.235816810578,537.7848468750003,557.2029020833338,124.26144785974947,0.32571428571428573,0.4314285714285715,0.0
PHASE 3B,273,219200,216,2089.079331836249,1274.0729174721735,2732.235816810578,537.7848468750003,557.2029020833338,124.26144785974947,0.36000000000000004,0.35714285714285715,0.0
PHASE 3B,274,220000,220,2089.1978279077293,1274.0729174721735,2653.515301354146,535.9391281250005,558.6386666666671,124.32750413951784,0.0,0.0,0.0
PHASE 3B,275,220800,220,2089.197827907729,1274.0729174721735,2653.515301354146,535.9391281250003,558.638666666667,124.32750413951784,0.472857142857143,0.4257142857142857,0.0
PHASE 3B,276,221600,220,2089.197827907729,1274.0729174721735,2653.515301354146,535.9391281250003,558.638666666667,124.32750413951784,0.34571428571428575,0.30428571428571427,0.0
PHASE 3B,277,222400,220,2089.197827907729,1274.0729174721735,2653.515301354146,535.9391281250003,558.638666666667,124.32750413951784,0.41714285714285715,0.42285714285714293,0.0
PHASE 3B,278,223200,220,2089.197827907729,1274.0729174721735,2653.515301354146,535.9391281250003,558.638666666667,124.32750413951784,0.42142857142857143,0.4342857142857143,0.0
PHASE 3B,279,224000,224,2105.2626448112237,1274.0729174721735,2715.547506177147,538.1664833333336,564.6274864583336,125.3085843774548,0.0,0.0,0.0
PHASE 3B,280,224800,224,2105.262644811224,1274.0729174721735,2715.547506177147,538.1664833333336,564.6274864583337,125.30858437745479,0.5028571428571429,0.3614285714285715,0.0
PHASE 3B,281,225600,224,2105.262644811224,1274.0729174721735,2715.547506177147,538.1664833333336,564.6274864583337,125.30858437745479,0.45714285714285713,0.4557142857142857,0.0
PHASE 3B,282,226400,224,2105.262644811224,1274.0729174721735,2715.547506177147,538.1664833333336,564.6274864583337,125.30858437745479,0.3857142857142858,0.3928571428571429,0.0
PHASE 3B,283,227200,224,2105.262644811224,1274.0729174721735,2715.547506177147,538.1664833333336,564.6274864583337,125.30858437745479,0.44857142857142857,0.3828571428571429,0.0
PHASE 3B,284,228000,228,2123.0551596712235,1274.0729174721735,2715.547506177147,541.4025947916671,570.7313770833338,126.36514847453793,0.0,0.0,0.0
PHASE 3B,285,228800,228,2123.0551596712235,1274.0729174721735,2715.547506177147,541.402594791667,570.7313770833338,126.36514847453793,0.3771428571428571,0.42000000000000004,0.0
PHASE 3B,286,229600,228,2123.0551596712235,1274.0729174721735,2715.547506177147,541.402594791667,570.7313770833338,126.36514847453793,0.3757142857142857,0.35428571428571426,0.0
PHASE 3B,287,230400,228,2123.0551596712235,1274.0729174721735,2715.547506177147,541.402594791667,570.7313770833338,126.36514847453793,0.39285714285714285,0.4871428571428572,0.0
PHASE 3B,288,231200,228,2123.0551596712235,1274.0729174721735,2715.547506177147,541.402594791667,570.7313770833338,126.36514847453793,0.4800000000000001,0.3957142857142858,0.0
PHASE 3B,289,232000,232,2134.871909470053,1274.0729174721735,2715.547506177147,548.722672916667,569.5771677083336,127.07150860564172,0.0,0.0,0.0
PHASE 3B,290,232800,232,2134.871909470053,1274.0729174721735,2715.547506177147,548.722672916667,569.5771677083336,127.07150860564172,0.41000000000000003,0.4428571428571429,0.0
PHASE 3B,291,233600,232,2134.871909470053,1274.0729174721735,2715.547506177147,548.722672916667,569.5771677083336,127.07150860564172,0.38857142857142857,0.3485714285714286,0.0
PHASE 3B,292,234400,232,2134.871909470053,1274.0729174721735,2715.547506177147,548.722672916667,569.5771677083336,127.07150860564172,0.4185714285714286,0.4514285714285714,0.0
PHASE 3B,293,235200,232,2134.871909470053,1274.0729174721735,2715.547506177147,548.722672916667,569.5771677083336,127.07150860564172,0.4185714285714287,0.5085714285714286,0.0
PHASE 3B,294,236000,236,2138.8467023904554,1274.0729174721735,2715.547506177147,547.3183177083337,572.7720468750003,127.34454222590037,0.0,0.0,0.0
PHASE 3B,295,236800,236,2138.8467023904554,1274.0729174721735,2715.547506177147,547.3183177083337,572.7720468750003,127.34454222590037,0.32428571428571423,0.4128571428571428,0.0
PHASE 3B,296,237600,236,2138.8467023904554,1274.0729174721735,2715.547506177147,547.3183177083337,572.7720468750003,127.34454222590037,0.38857142857142857,0.49857142857142855,0.0
PHASE 3B,297,238400,236,2138.8467023904554,1274.0729174721735,2715.547506177147,547.3183177083337,572.7720468750003,127.34454222590037,0.38,0.40428571428571425,0.0
PHASE 3B,298,239200,236,2138.8467023904554,1274.0729174721735,2715.547506177147,547.3183177083337,572.7720468750003,127.34454222590037,0.44000000000000006,0.4714285714285714,0.0
PHASE 3B,299,240000,240,2147.988983453201,1274.0729174721735,2715.547506177147,550.2478687500003,574.576688541667,127.89555327020193,0.0,0.0,0.0
PHASE 3B,300,240800,240,2147.9889834532005,1274.0729174721735,2715.547506177147,550.2478687500004,574.5766885416671,127.89555327020193,0.4057142857142858,0.3957142857142857,0.0
PHASE 3B,301,241600,240,2147.9889834532005,1274.0729174721735,2715.547506177147,550.2478687500004,574.5766885416671,127.89555327020193,0.30142857142857143,0.4257142857142858,0.0
PHASE 3B,302,242400,240,2147.9889834532005,1274.0729174721735,2715.547506177147,550.2478687500004,574.5766885416671,127.89555327020193,0.3514285714285714,0.3928571428571429,0.0
PHASE 3B,303,243200,240,2147.9889834532005,1274.0729174721735,2715.547506177147,550.2478687500004,574.5766885416671,127.89555327020193,0.39,0.4442857142857143,0.0
PHASE 3B,304,244000,244,2142.9826737289004,1274.0729174721735,2715.547506177147,548.5810583333338,573.5243718750004,127.60965544008111,0.0,0.0,0.0
PHASE 3B,305,244800,244,2142.9826737289013,1274.0729174721735,2715.547506177147,548.5810583333337,573.5243718750004,127.60965544008111,0.40428571428571436,0.40857142857142864,0.0
PHASE 3B,306,245600,244,2142.9826737289013,1274.0729174721735,2715.547506177147,548.5810583333337,573.5243718750004,127.60965544008111,0.3942857142857143,0.33999999999999997,0.0
PHASE 3B,307,246400,244,2142.9826737289013,1274.0729174721735,2715.547506177147,548.5810583333337,573.5243718750004,127.60965544008111,0.3771428571428571,0.4714285714285714,0.0
PHASE 3B,308,247200,244,2142.9826737289013,1274.0729174721735,2715.547506177147,548.5810583333337,573.5243718750004,127.60965544008111,0.41000000000000014,0.4142857142857144,0.0
PHASE 3B,309,248000,248,2155.775971833118,1274.0729174721735,2715.547506177147,553.3310052083336,577.0261333333336,128.17735416144157,0.0,0.0,0.0
PHASE 3B,310,248800,248,2155.775971833118,1274.0729174721735,2715.547506177147,553.3310052083337,577.0261333333337,128.17735416144157,0.4685714285714286,0.39428571428571424,0.0
PHASE 3B,311,249600,248,2155.775971833118,1274.0729174721735,2715.547506177147,553.3310052083337,577.0261333333337,128.17735416144157,0.4142857142857143,0.3914285714285714,0.0
PHASE 3B,312,250400,248,2155.775971833118,1274.0729174721735,2715.547506177147,553.3310052083337,577.0261333333337,128.17735416144157,0.39,0.4571428571428572,0.0
PHASE 3B,313,251200,248,2155.775971833118,1274.0729174721735,2715.547506177147,553.3310052083337,577.0261333333337,128.17735416144157,0.42000000000000004,0.5057142857142858,0.0
PHASE 3B,314,252000,252,2152.3360576301334,1274.0729174721735,2715.547506177147,554.4319187500004,574.2422791666671,127.9577324641935,0.0,0.0,0.0
PHASE 3B,315,252800,252,2152.3360576301334,1274.0729174721735,2715.547506177147,554.4319187500004,574.242279166667,127.9577324641935,0.45,0.39714285714285713,0.0
PHASE 3B,316,253600,252,2152.3360576301334,1274.0729174721735,2715.547506177147,554.4319187500004,574.242279166667,127.9577324641935,0.4071428571428572,0.4428571428571428,0.0
PHASE 3B,317,254400,252,2152.3360576301334,1274.0729174721735,2715.547506177147,554.4319187500004,574.242279166667,127.9577324641935,0.41571428571428576,0.4671428571428572,0.0
PHASE 3B,318,255200,252,2152.3360576301334,1274.0729174721735,2715.547506177147,554.4319187500004,574.242279166667,127.9577324641935,0.36571428571428577,0.32428571428571423,0.0
PHASE 3B,319,256000,256,2156.793460996468,1274.0729174721735,2715.547506177147,557.3430833333337,574.3863552083337,128.1330028068602,0.0,0.0,0.0
PHASE 3B,320,256800,256,2156.7934609964677,1274.0729174721735,2715.547506177147,557.3430833333338,574.3863552083336,128.1330028068602,0.4671428571428572,0.4242857142857144,0.0
PHASE 3B,321,257600,256,2156.7934609964677,1274.0729174721735,2715.547506177147,557.3430833333338,574.3863552083336,128.1330028068602,0.49428571428571433,0.4514285714285714,0.0
PHASE 3B,322,258400,256,2156.7934609964677,1274.0729174721735,2715.547506177147,557.3430833333338,574.3863552083336,128.1330028068602,0.46142857142857147,0.4128571428571429,0.0
PHASE 3B,323,259200,256,2156.7934609964677,1274.0729174721735,2715.547506177147,557.3430833333338,574.3863552083336,128.1330028068602,0.33714285714285713,0.5057142857142857,0.0
PHASE 3B,324,260000,260,2150.2592192678676,1274.0729174721735,2715.547506177147,557.5935187500004,571.472479166667,127.64915266891025,0.0,0.0,0.0
PHASE 3B,325,260800,260,2150.2592192678676,1274.0729174721735,2715.547506177147,557.5935187500004,571.4724791666671,127.64915266891023,0.32428571428571423,0.4185714285714285,0.0
PHASE 3B,326,261600,260,2150.2592192678676,1274.0729174721735,2715.547506177147,557.5935187500004,571.4724791666671,127.64915266891023,0.4014285714285714,0.4057142857142857,0.0
PHASE 3B,327,262400,260,2150.2592192678676,1274.0729174721735,2715.547506177147,557.5935187500004,571.4724791666671,127.64915266891023,0.4228571428571429,0.3928571428571429,0.0
PHASE 3B,328,263200,260,2150.2592192678676,1274.0729174721735,2715.547506177147,557.5935187500004,571.4724791666671,127.64915266891023,0.34142857142857147,0.3728571428571429,0.0
PHASE 3B,329,264000,264,2149.6281075349093,1274.0729174721735,2715.547506177147,556.1155666666671,571.912782291667,127.69996982208217,0.0,0.0,0.0
PHASE 3B,330,264800,264,2149.628107534909,1274.0729174721735,2715.547506177147,556.1155666666671,571.912782291667,127.69996982208217,0.5028571428571429,0.44142857142857145,0.0
PHASE 3B,331,265600,264,2149.628107534909,1274.0729174721735,2715.547506177147,556.1155666666671,571.912782291667,127.69996982208217,0.47428571428571437,0.5042857142857143,0.0
PHASE 3B,332,266400,264,2149.628107534909,1274.0729174721735,2715.547506177147,556.1155666666671,571.912782291667,127.69996982208217,0.34142857142857147,0.44142857142857145,0.0
PHASE 3B,333,267200,264,2149.628107534909,1274.0729174721735,2715.547506177147,556.1155666666671,571.912782291667,127.69996982208217,0.45,0.4257142857142858,0.0
PHASE 3B,334,268000,268,2154.372780592539,1274.0729174721735,2715.547506177147,557.9993718750004,572.9484427083337,127.92812075116102,0.0,0.0,0.0
PHASE 3B,335,268800,268,2154.372780592539,1274.0729174721735,2715.547506177147,557.9993718750004,572.9484427083336,127.928120751161,0.5057142857142858,0.37714285714285717,0.0
PHASE 3B,336,269600,268,2154.372780592539,1274.0729174721735,2715.547506177147,557.9993718750004,572.9484427083336,127.928120751161,0.42857142857142866,0.4185714285714286,0.0
PHASE 3B,337,270400,268,2154.372780592539,1274.0729174721735,2715.547506177147,557.9993718750004,572.9484427083336,127.928120751161,0.4585714285714285,0.5242857142857144,0.0
PHASE 3B,338,271200,268,2154.372780592539,1274.0729174721735,2715.547506177147,557.9993718750004,572.9484427083336,127.928120751161,0.39857142857142863,0.4557142857142857,0.0
PHASE 3B,339,272000,272,2153.3010036890432,1274.0729174721735,2715.547506177147,556.018738541667,574.5223947916669,127.84498379447409,0.0,0.0,0.0
PHASE 3B,340,272800,272,2153.301003689043,1274.0729174721735,2715.547506177147,556.0187385416671,574.5223947916669,127.84498379447406,0.42142857142857154,0.4385714285714286,0.0
PHASE 3B,341,273600,272,2153.301003689043,1274.0729174721735,2715.547506177147,556.0187385416671,574.5223947916669,127.84498379447406,0.42000000000000004,0.4257142857142858,0.0
PHASE 3B,342,274400,272,2153.301003689043,1274.0729174721735,2715.547506177147,556.0187385416671,574.5223947916669,127.84498379447406,0.34142857142857147,0.33999999999999997,0.0
PHASE 3B,343,275200,272,2153.301003689043,1274.0729174721735,2715.547506177147,556.0187385416671,574.5223947916669,127.84498379447406,0.3414285714285714,0.43,0.0
PHASE 3B,344,276000,276,2145.8020802255082,1148.9671919771529,2715.547506177147,558.050729166667,568.4877270833335,127.40795299694888,0.0,0.0,0.0
PHASE 3B,345,276800,276,2145.8020802255087,1148.9671919771529,2715.547506177147,558.050729166667,568.4877270833335,127.40795299694888,0.4314285714285715,0.5371428571428571,0.0
PHASE 3B,346,277600,276,2145.8020802255087,1148.9671919771529,2715.547506177147,558.050729166667,568.4877270833335,127.40795299694888,0.4757142857142857,0.4542857142857143,0.0
PHASE 3B,347,278400,276,2145.8020802255087,1148.9671919771529,2715.547506177147,558.050729166667,568.4877270833335,127.40795299694888,0.4257142857142857,0.39714285714285724,0.0
PHASE 3B,348,279200,276,2145.8020802255087,1148.9671919771529,2715.547506177147,558.050729166667,568.4877270833335,127.40795299694888,0.47285714285714286,0.4928571428571429,0.0
PHASE 3B,349,280000,280,2146.3919056297163,1148.9671919771529,2715.547506177147,558.937194791667,568.2588536458335,127.39948214903735,0.0,0.0,0.0
PHASE 3B,350,280800,280,2146.3919056297163,1148.9671919771529,2715.547506177147,558.937194791667,568.2588536458335,127.39948214903738,0.42000000000000004,0.3942857142857143,0.0
PHASE 3B,351,281600,280,2146.3919056297163,1148.9671919771529,2715.547506177147,558.937194791667,568.2588536458335,127.39948214903738,0.4871428571428572,0.5357142857142858,0.0
PHASE 3B,352,282400,280,2146.3919056297163,1148.9671919771529,2715.547506177147,558.937194791667,568.2588536458335,127.39948214903738,0.4228571428571429,0.45428571428571435,0.0
PHASE 3B,353,283200,280,2146.3919056297163,1148.9671919771529,2715.547506177147,558.937194791667,568.2588536458335,127.39948214903738,0.3871428571428572,0.39857142857142863,0.0
PHASE 3B,354,284000,284,2137.5547522360466,1148.9671919771529,2715.547506177147,555.2854145833336,567.0925536458336,126.89709800087039,0.0,0.0,0.0
PHASE 3B,355,284800,284,2137.5547522360466,1148.9671919771529,2715.547506177147,555.2854145833336,567.0925536458337,126.89709800087039,0.43428571428571433,0.5157142857142858,0.0
PHASE 3B,356,285600,284,2137.5547522360466,1148.9671919771529,2715.547506177147,555.2854145833336,567.0925536458337,126.89709800087039,0.4185714285714286,0.5342857142857144,0.0
PHASE 3B,357,286400,284,2137.5547522360466,1148.9671919771529,2715.547506177147,555.2854145833336,567.0925536458337,126.89709800087039,0.35285714285714287,0.45285714285714296,0.0
PHASE 3B,358,287200,284,2137.5547522360466,1148.9671919771529,2715.547506177147,555.2854145833336,567.0925536458337,126.89709800087039,0.4685714285714286,0.3871428571428572,0.0
PHASE 3B,359,288000,288,2142.4873432146223,1148.9671919771529,2715.547506177147,557.5628864583337,567.615896354167,127.16357005027562,0.0,0.0,0.0
PHASE 3B,360,288800,288,2142.4873432146223,1148.9671919771529,2715.547506177147,557.5628864583338,567.615896354167,127.16357005027562,0.44571428571428573,0.4600000000000001,0.0
PHASE 3B,361,289600,288,2142.4873432146223,1148.9671919771529,2715.547506177147,557.5628864583338,567.615896354167,127.16357005027562,0.5014285714285714,0.4800000000000001,0.0
PHASE 3B,362,290400,288,2142.4873432146223,1148.9671919771529,2715.547506177147,557.5628864583338,567.615896354167,127.16357005027562,0.44571428571428573,0.5085714285714286,0.0
PHASE 3B,363,291200,288,2142.4873432146223,1148.9671919771529,2715.547506177147,557.5628864583338,567.615896354167,127.16357005027562,0.45714285714285713,0.41428571428571426,0.0
PHASE 3B,364,292000,292,2139.6167044718923,1148.9671919771529,2715.547506177147,560.9497218750005,562.5570380208336,127.01374307201772,0.0,0.0,0.0
PHASE 3B,365,292800,292,2139.6167044718923,1148.9671919771529,2715.547506177147,560.9497218750004,562.5570380208336,127.01374307201772,0.43714285714285717,0.44000000000000006,0.0
PHASE 3B,366,293600,292,2139.6167044718923,1148.9671919771529,2715.547506177147,560.9497218750004,562.5570380208336,127.01374307201772,0.39714285714285713,0.4,0.0
PHASE 3B,367,294400,292,2139.6167044718923,1148.9671919771529,2715.547506177147,560.9497218750004,562.5570380208336,127.01374307201772,0.33,0.4542857142857143,0.0
PHASE 3B,368,295200,292,2139.6167044718923,1148.9671919771529,2715.547506177147,560.9497218750004,562.5570380208336,127.01374307201772,0.48571428571428577,0.5028571428571429,0.0
PHASE 3B,369,296000,296,2140.426401955145,1148.9671919771529,2715.547506177147,563.8001354166671,560.5722703125002,127.00674952825756,0.0,0.0,0.0
PHASE 3B,370,296800,296,2140.4264019551447,1148.9671919771529,2715.547506177147,563.800135416667,560.5722703125002,127.00674952825756,0.46571428571428575,0.4771428571428572,0.0
PHASE 3B,371,297600,296,2140.4264019551447,1148.9671919771529,2715.547506177147,563.800135416667,560.5722703125002,127.00674952825756,0.41714285714285715,0.4428571428571429,0.0
PHASE 3B,372,298400,296,2140.4264019551447,1148.9671919771529,2715.547506177147,563.800135416667,560.5722703125002,127.00674952825756,0.39714285714285724,0.37,0.0
PHASE 3B,373,299200,296,2140.4264019551447,1148.9671919771529,2715.547506177147,563.800135416667,560.5722703125002,127.00674952825756,0.4014285714285714,0.5285714285714285,0.0
PHASE 3B,374,300000,300,2139.050444964945,1148.9671919771529,2715.547506177147,564.696347916667,558.8664734375002,126.93595295135772,0.0,0.0,0.0
PHASE 3B,375,300800,300,2139.0504449649457,1148.9671919771529,2715.547506177147,564.696347916667,558.8664734375002,126.9359529513577,0.45,0.4642857142857143,0.0
PHASE 3B,376,301600,300,2139.0504449649457,1148.9671919771529,2715.547506177147,564.696347916667,558.8664734375002,126.9359529513577,0.5371428571428571,0.4471428571428572,0.0
PHASE 3B,377,302400,300,2139.0504449649457,1148.9671919771529,2715.547506177147,564.696347916667,558.8664734375002,126.9359529513577,0.42142857142857143,0.3928571428571429,0.0
PHASE 3B,378,303200,300,2139.0504449649457,1148.9671919771529,2715.547506177147,564.696347916667,558.8664734375002,126.9359529513577,0.31714285714285717,0.42142857142857143,0.0
PHASE 3B,379,304000,304,2125.762322910085,1135.0839175501123,2715.547506177147,559.1422760416671,556.2696953125002,126.29379394450018,0.0,0.0,0.0
PHASE 3B,380,304800,304,2125.7623229100845,1135.0839175501123,2715.547506177147,559.142276041667,556.2696953125003,126.29379394450018,0.4614285714285714,0.42857142857142866,0.0
PHASE 3B,381,305600,304,2125.7623229100845,1135.0839175501123,2715.547506177147,559.142276041667,556.2696953125003,126.29379394450018,0.4557142857142857,0.47857142857142865,0.0
PHASE 3B,382,306400,304,2125.7623229100845,1135.0839175501123,2715.547506177147,559.142276041667,556.2696953125003,126.29379394450018,0.4114285714285715,0.3371428571428571,0.0
PHASE 3B,383,307200,304,2125.7623229100845,1135.0839175501123,2715.547506177147,559.142276041667,556.2696953125003,126.29379394450018,0.4385714285714286,0.48285714285714293,0.0
PHASE 3B,384,308000,308,2113.6021415679543,1135.0839175501123,2715.547506177147,552.8266187500003,555.8603151041671,125.61440096423375,0.0,0.0,0.0
PHASE 3B,385,308800,308,2113.6021415679543,1135.0839175501123,2715.547506177147,552.8266187500005,555.860315104167,125.61440096423375,0.4442857142857143,0.40285714285714286,0.0
PHASE 3B,386,309600,308,2113.6021415679543,1135.0839175501123,2715.547506177147,552.8266187500005,555.860315104167,125.61440096423375,0.4571428571428572,0.45714285714285713,0.0
PHASE 3B,387,310400,308,2113.6021415679543,1135.0839175501123,2715.547506177147,552.8266187500005,555.860315104167,125.61440096423375,0.41714285714285726,0.40714285714285714,0.0
PHASE 3B,388,311200,308,2113.6021415679543,1135.0839175501123,2715.547506177147,552.8266187500005,555.860315104167,125.61440096423375,0.3742857142857143,0.47142857142857136,0.0
PHASE 3B,389,312000,312,2132.8142116823233,1135.0839175501123,2715.547506177147,558.4629541666671,560.1450265625003,126.77577886915486,0.0,0.0,0.0
PHASE 3B,390,312800,312,2132.8142116823233,1135.0839175501123,2715.547506177147,558.462954166667,560.1450265625003,126.77577886915486,0.40857142857142864,0.3842857142857143,0.0
PHASE 3B,391,313600,312,2132.8142116823233,1135.0839175501123,2715.547506177147,558.462954166667,560.1450265625003,126.77577886915486,0.40857142857142864,0.3628571428571428,0.0
PHASE 3B,392,314400,312,2132.8142116823233,1135.0839175501123,2715.547506177147,558.462954166667,560.1450265625003,126.77577886915486,0.43714285714285717,0.49142857142857144,0.0
PHASE 3B,393,315200,312,2132.8142116823233,1135.0839175501123,2715.547506177147,558.462954166667,560.1450265625003,126.77577886915486,0.3857142857142858,0.4628571428571429,0.0
PHASE 3B,394,316000,316,2117.0590181998286,1135.0839175501123,2715.547506177147,551.0974000000003,558.8723130208336,125.88616314738458,0.0,0.0,0.0
PHASE 3B,395,316800,316,2117.0590181998286,1135.0839175501123,2715.547506177147,551.0974000000003,558.8723130208336,125.88616314738458,0.4314285714285714,0.44142857142857145,0.0
PHASE 3B,396,317600,316,2117.0590181998286,1135.0839175501123,2715.547506177147,551.0974000000003,558.8723130208336,125.88616314738458,0.48,0.3842857142857143,0.0
PHASE 3B,397,318400,316,2117.0590181998286,1135.0839175501123,2715.547506177147,551.0974000000003,558.8723130208336,125.88616314738458,0.42428571428571427,0.38,0.0
PHASE 3B,398,319200,316,2117.0590181998286,1135.0839175501123,2715.547506177147,551.0974000000003,558.8723130208336,125.88616314738458,0.49000000000000005,0.3671428571428571,0.0
PHASE 3B,399,320000,320,2122.7846816552687,1135.0839175501123,2715.547506177147,555.2194833333338,557.9427109375002,126.20281092306453,0.0,0.0,0.0
PHASE 3B,400,320800,320,2122.7846816552687,1135.0839175501123,2715.547506177147,555.2194833333338,557.9427109375004,126.20281092306455,0.3757142857142858,0.43571428571428567,0.0
PHASE 3B,401,321600,320,2122.7846816552687,1135.0839175501123,2715.547506177147,555.2194833333338,557.9427109375004,126.20281092306455,0.4671428571428572,0.4000000000000001,0.0
PHASE 3B,402,322400,320,2122.7846816552687,1135.0839175501123,2715.547506177147,555.2194833333338,557.9427109375004,126.20281092306455,0.4714285714285714,0.4642857142857143,0.0
PHASE 3B,403,323200,320,2122.7846816552687,1135.0839175501123,2715.547506177147,555.2194833333338,557.9427109375004,126.20281092306455,0.39857142857142863,0.4614285714285714,0.0
PHASE 3B,404,324000,324,2107.439962252662,1135.0839175501123,2602.3975898562785,549.9076197916671,555.0638692708337,125.30855914878038,0.0,0.0,0.0
PHASE 3B,405,324800,324,2107.439962252662,1135.0839175501123,2602.3975898562785,549.907619791667,555.0638692708336,125.30855914878038,0.3857142857142858,0.4314285714285715,0.0
PHASE 3B,406,325600,324,2107.439962252662,1135.0839175501123,2602.3975898562785,549.907619791667,555.0638692708336,125.30855914878038,0.472857142857143,0.4228571428571429,0.0
PHASE 3B,407,326400,324,2107.439962252662,1135.0839175501123,2602.3975898562785,549.907619791667,555.0638692708336,125.30855914878038,0.4014285714285714,0.39,0.0
PHASE 3B,408,327200,324,2107.439962252662,1135.0839175501123,2602.3975898562785,549.907619791667,555.0638692708336,125.30855914878038,0.43,0.40428571428571425,0.0
PHASE 3B,409,328000,328,2101.0467311661864,1135.0839175501123,2602.3975898562785,547.1460822916671,554.9124640625002,124.87352310151243,0.0,0.0,0.0
PHASE 3B,410,328800,328,2101.0467311661864,1135.0839175501123,2602.3975898562785,547.1460822916671,554.9124640625004,124.87352310151243,0.3828571428571429,0.40428571428571425,0.0
PHASE 3B,411,329600,328,2101.0467311661864,1135.0839175501123,2602.3975898562785,547.1460822916671,554.9124640625004,124.87352310151243,0.3728571428571429,0.3928571428571429,0.0
PHASE 3B,412,330400,328,2101.0467311661864,1135.0839175501123,2602.3975898562785,547.1460822916671,554.9124640625004,124.87352310151243,0.4257142857142857,0.5599999999999999,0.0
PHASE 3B,413,331200,328,2101.0467311661864,1135.0839175501123,2602.3975898562785,547.1460822916671,554.9124640625004,124.87352310151243,0.3942857142857143,0.38000000000000006,0.0
PHASE 3B,414,332000,332,2094.539855013828,1135.0839175501123,2602.3975898562785,542.2274291666671,556.311349479167,124.50013454600914,0.0,0.0,0.0
PHASE 3B,415,332800,332,2094.5398550138275,1135.0839175501123,2602.3975898562785,542.2274291666671,556.311349479167,124.50013454600914,0.4185714285714286,0.43714285714285717,0.0
PHASE 3B,416,333600,332,2094.5398550138275,1135.0839175501123,2602.3975898562785,542.2274291666671,556.311349479167,124.50013454600914,0.4800000000000001,0.43285714285714294,0.0
PHASE 3B,417,334400,332,2094.5398550138275,1135.0839175501123,2602.3975898562785,542.2274291666671,556.311349479167,124.50013454600914,0.5371428571428571,0.3857142857142858,0.0
PHASE 3B,418,335200,332,2094.5398550138275,1135.0839175501123,2602.3975898562785,542.2274291666671,556.311349479167,124.50013454600914,0.4442857142857143,0.3814285714285714,0.0
PHASE 3B,419,336000,336,2082.8217698976437,1135.0839175501123,2602.3975898562785,544.2349885416671,548.6872109375004,123.73744630231955,0.0,0.0,0.0
PHASE 3B,420,336800,336,2082.8217698976446,1135.0839175501123,2602.3975898562785,544.2349885416671,548.6872109375003,123.73744630231955,0.40714285714285714,0.4642857142857143,0.0
PHASE 3B,421,337600,336,2082.8217698976446,1135.0839175501123,2602.3975898562785,544.2349885416671,548.6872109375003,123.73744630231955,0.33285714285714285,0.4514285714285715,0.0
PHASE 3B,422,338400,336,2082.8217698976446,1135.0839175501123,2602.3975898562785,544.2349885416671,548.6872109375003,123.73744630231955,0.3742857142857143,0.43000000000000005,0.0
PHASE 3B,423,339200,336,2082.8217698976446,1135.0839175501123,2602.3975898562785,544.2349885416671,548.6872109375003,123.73744630231955,0.40428571428571425,0.45857142857142863,0.0
PHASE 3B,424,340000,340,2080.366073178724,1135.0839175501123,2602.3975898562785,540.5714177083338,550.9964546875003,123.59977509787106,0.0,0.0,0.0
PHASE 3B,425,340800,340,2080.3660731787236,1135.0839175501123,2602.3975898562785,540.5714177083338,550.9964546875003,123.59977509787106,0.4771428571428572,0.47000000000000003,0.0
PHASE 3B,426,341600,340,2080.3660731787236,1135.0839175501123,2602.3975898562785,540.5714177083338,550.9964546875003,123.59977509787106,0.3685714285714286,0.36571428571428566,0.0
PHASE 3B,427,342400,340,2080.3660731787236,1135.0839175501123,2602.3975898562785,540.5714177083338,550.9964546875003,123.59977509787106,0.5042857142857142,0.4428571428571429,0.0
PHASE 3B,428,343200,340,2080.3660731787236,1135.0839175501123,2602.3975898562785,540.5714177083338,550.9964546875003,123.59977509787106,0.44142857142857145,0.4514285714285714,0.0
PHASE 3B,429,344000,344,2094.6722442811956,1135.0839175501123,2688.51007198012,546.1286822916671,554.696386979167,124.23089687630501,0.0,0.0,0.0
PHASE 3B,430,344800,344,2094.6722442811956,1135.0839175501123,2688.51007198012,546.1286822916671,554.696386979167,124.23089687630504,0.34142857142857147,0.49428571428571433,0.0
PHASE 3B,431,345600,344,2094.6722442811956,1135.0839175501123,2688.51007198012,546.1286822916671,554.696386979167,124.23089687630504,0.5199999999999999,0.41571428571428576,0.0
PHASE 3B,432,346400,344,2094.6722442811956,1135.0839175501123,2688.51007198012,546.1286822916671,554.696386979167,124.23089687630504,0.4557142857142857,0.4057142857142857,0.0
PHASE 3B,433,347200,344,2094.6722442811956,1135.0839175501123,2688.51007198012,546.1286822916671,554.696386979167,124.23089687630504,0.4071428571428572,0.45714285714285713,0.0
PHASE 3B,434,348000,348,2088.9556452878915,1135.0839175501123,2688.51007198012,542.5257052083338,554.493236979167,123.9920878875586,0.0,0.0,0.0
PHASE 3B,435,348800,348,2088.9556452878915,1135.0839175501123,2688.51007198012,542.5257052083338,554.493236979167,123.9920878875586,0.45285714285714285,0.3885714285714286,0.0
PHASE 3B,436,349600,348,2088.9556452878915,1135.0839175501123,2688.51007198012,542.5257052083338,554.493236979167,123.9920878875586,0.37,0.4057142857142857,0.0
PHASE 3B,437,350400,348,2088.9556452878915,1135.0839175501123,2688.51007198012,542.5257052083338,554.493236979167,123.9920878875586,0.4057142857142858,0.472857142857143,0.0
PHASE 3B,438,351200,348,2088.9556452878915,1135.0839175501123,2688.51007198012,542.5257052083338,554.493236979167,123.9920878875586,0.3871428571428572,0.45285714285714285,0.0
PHASE 3B,439,352000,352,2086.5898120714137,1135.0839175501123,2688.51007198012,542.7596833333338,553.0448723958336,123.84815704279055,0.0,0.0,0.0
PHASE 3B,440,352800,352,2086.5898120714137,1135.0839175501123,2688.51007198012,542.7596833333338,553.0448723958336,123.84815704279053,0.5171428571428571,0.4128571428571428,0.0
PHASE 3B,441,353600,352,2086.5898120714137,1135.0839175501123,2688.51007198012,542.7596833333338,553.0448723958336,123.84815704279053,0.3742857142857143,0.42857142857142866,0.0
PHASE 3B,442,354400,352,2086.5898120714137,1135.0839175501123,2688.51007198012,542.7596833333338,553.0448723958336,123.84815704279053,0.43285714285714294,0.45285714285714285,0.0
PHASE 3B,443,355200,352,2086.5898120714137,1135.0839175501123,2688.51007198012,542.7596833333338,553.0448723958336,123.84815704279053,0.42428571428571427,0.4171428571428571,0.0
PHASE 3B,444,356000,356,2078.665138470954,1135.0839175501123,2688.51007198012,539.0172072916671,551.9736578125003,123.45928417085804,0.0,0.0,0.0
PHASE 3B,445,356800,356,2078.6651384709535,1135.0839175501123,2688.51007198012,539.017207291667,551.9736578125003,123.45928417085804,0.3657142857142857,0.47857142857142854,0.0
PHASE 3B,446,357600,356,2078.6651384709535,1135.0839175501123,2688.51007198012,539.017207291667,551.9736578125003,123.45928417085804,0.43714285714285717,0.5142857142857142,0.0
PHASE 3B,447,358400,356,2078.6651384709535,1135.0839175501123,2688.51007198012,539.017207291667,551.9736578125003,123.45928417085804,0.41714285714285715,0.4185714285714286,0.0
PHASE 3B,448,359200,356,2078.6651384709535,1135.0839175501123,2688.51007198012,539.017207291667,551.9736578125003,123.45928417085804,0.35571428571428576,0.48,0.0
PHASE 3B,449,360000,360,2078.642257121676,1135.0839175501123,2688.51007198012,538.5102622395837,551.962979947917,123.52112686678149,0.0,0.0,0.0
PHASE 3B,450,360800,360,2078.6422571216763,1135.0839175501123,2688.51007198012,538.5102622395838,551.962979947917,123.52112686678149,0.42000000000000004,0.4514285714285714,0.0
PHASE 3B,451,361600,360,2078.6422571216763,1135.0839175501123,2688.51007198012,538.5102622395838,551.962979947917,123.52112686678149,0.37857142857142856,0.45,0.0
PHASE 3B,452,362400,360,2078.6422571216763,1135.0839175501123,2688.51007198012,538.5102622395838,551.962979947917,123.52112686678149,0.3928571428571429,0.5,0.0
PHASE 3B,453,363200,360,2078.6422571216763,1135.0839175501123,2688.51007198012,538.5102622395838,551.962979947917,123.52112686678149,0.34571428571428575,0.40857142857142864,0.0
PHASE 3B,454,364000,364,2090.3180437183055,1135.0839175501123,2735.235314494496,540.0338757812503,557.1626122395837,124.14019446219345,0.0,0.0,0.0
PHASE 3B,455,364800,364,2090.3180437183055,1135.0839175501123,2735.235314494496,540.0338757812503,557.1626122395836,124.14019446219345,0.4714285714285714,0.44571428571428573,0.0
PHASE 3B,456,365600,364,2090.3180437183055,1135.0839175501123,2735.235314494496,540.0338757812503,557.1626122395836,124.14019446219345,0.47000000000000003,0.4871428571428572,0.0
PHASE 3B,457,366400,364,2090.3180437183055,1135.0839175501123,2735.235314494496,540.0338757812503,557.1626122395836,124.14019446219345,0.40285714285714286,0.4800000000000001,0.0
PHASE 3B,458,367200,364,2090.3180437183055,1135.0839175501123,2735.235314494496,540.0338757812503,557.1626122395836,124.14019446219345,0.4185714285714287,0.43428571428571416,0.0
PHASE 3B,459,368000,368,2087.186343387655,1135.0839175501123,2735.235314494496,539.569198697917,556.2870341145835,123.91626382190374,0.0,0.0,0.0
PHASE 3B,460,368800,368,2087.186343387655,1135.0839175501123,2735.235314494496,539.569198697917,556.2870341145835,123.91626382190374,0.3857142857142858,0.4471428571428572,0.0
PHASE 3B,461,369600,368,2087.186343387655,1135.0839175501123,2735.235314494496,539.569198697917,556.2870341145835,123.91626382190374,0.4014285714285715,0.40285714285714286,0.0
PHASE 3B,462,370400,368,2087.186343387655,1135.0839175501123,2735.235314494496,539.569198697917,556.2870341145835,123.91626382190374,0.41000000000000003,0.4700000000000001,0.0
PHASE 3B,463,371200,368,2087.186343387655,1135.0839175501123,2735.235314494496,539.569198697917,556.2870341145835,123.91626382190374,0.4842857142857143,0.47714285714285715,0.0
PHASE 3B,464,372000,372,2100.091098838564,1135.0839175501123,2735.235314494496,541.9311945312504,561.0376039062502,124.64028755014235,0.0,0.0,0.0
PHASE 3B,465,372800,372,2100.0910988385644,1135.0839175501123,2735.235314494496,541.9311945312503,561.0376039062504,124.64028755014235,0.4685714285714286,0.4314285714285715,0.0
PHASE 3B,466,373600,372,2100.0910988385644,1135.0839175501123,2735.235314494496,541.9311945312503,561.0376039062504,124.64028755014235,0.43142857142857133,0.4314285714285715,0.0
PHASE 3B,467,374400,372,2100.0910988385644,1135.0839175501123,2735.235314494496,541.9311945312503,561.0376039062504,124.64028755014235,0.4600000000000001,0.4557142857142858,0.0
PHASE 3B,468,375200,372,2100.0910988385644,1135.0839175501123,2735.235314494496,541.9311945312503,561.0376039062504,124.64028755014235,0.43714285714285717,0.4,0.0
PHASE 3B,469,376000,376,2106.9679259586665,1135.0839175501123,2735.235314494496,539.654803385417,566.5991882812503,125.08924178650938,0.0,0.0,0.0
PHASE 3B,470,376800,376,2106.9679259586665,1135.0839175501123,2735.235314494496,539.654803385417,566.5991882812503,125.08924178650938,0.35,0.42857142857142866,0.0
PHASE 3B,471,377600,376,2106.9679259586665,1135.0839175501123,2735.235314494496,539.654803385417,566.5991882812503,125.08924178650938,0.47142857142857153,0.3614285714285714,0.0
PHASE 3B,472,378400,376,2106.9679259586665,1135.0839175501123,2735.235314494496,539.654803385417,566.5991882812503,125.08924178650938,0.4128571428571429,0.4885714285714286,0.0
PHASE 3B,473,379200,376,2106.9679259586665,1135.0839175501123,2735.235314494496,539.654803385417,566.5991882812503,125.08924178650938,0.44000000000000006,0.47285714285714286,0.0
PHASE 3B,474,380000,380,2109.3690268288883,1135.0839175501123,2735.235314494496,541.9256606770837,565.568525260417,125.23435511143299,0.0,0.0,0.0
PHASE 3B,475,380800,380,2109.3690268288883,1135.0839175501123,2735.235314494496,541.9256606770838,565.5685252604171,125.23435511143299,0.5485714285714286,0.41714285714285715,0.0
PHASE 3B,476,381600,380,2109.3690268288883,1135.0839175501123,2735.235314494496,541.9256606770838,565.5685252604171,125.23435511143299,0.4800000000000001,0.4557142857142857,0.0
PHASE 3B,477,382400,380,2109.3690268288883,1135.0839175501123,2735.235314494496,541.9256606770838,565.5685252604171,125.23435511143299,0.49857142857142855,0.4128571428571429,0.0
PHASE 3B,478,383200,380,2109.3690268288883,1135.0839175501123,2735.235314494496,541.9256606770838,565.5685252604171,125.23435511143299,0.45285714285714285,0.43428571428571433,0.0
PHASE 3B,479,384000,384,2117.3640590276113,1135.0839175501123,2735.235314494496,542.637231510417,569.251106510417,125.68446512585669,0.0,0.0,0.0
PHASE 3B,480,384800,384,2117.364059027611,1135.0839175501123,2735.235314494496,542.637231510417,569.2511065104171,125.68446512585669,0.4357142857142858,0.41714285714285715,0.0
PHASE 3B,481,385600,384,2117.364059027611,1135.0839175501123,2735.235314494496,542.637231510417,569.2511065104171,125.68446512585669,0.5457142857142857,0.41142857142857137,0.0
PHASE 3B,482,386400,384,2117.364059027611,1135.0839175501123,2735.235314494496,542.637231510417,569.2511065104171,125.68446512585669,0.4571428571428572,0.40857142857142853,0.0
PHASE 3B,483,387200,384,2117.364059027611,1135.0839175501123,2735.235314494496,542.637231510417,569.2511065104171,125.68446512585669,0.34714285714285714,0.4928571428571429,0.0
PHASE 3B,484,388000,388,2117.843821432708,1135.0839175501123,2735.235314494496,542.6959460937504,568.4111231770837,125.84209402024379,0.0,0.0,0.0
PHASE 3B,485,388800,388,2117.843821432708,1135.0839175501123,2735.235314494496,542.6959460937503,568.4111231770837,125.84209402024379,0.4142857142857143,0.4614285714285714,0.0
PHASE 3B,486,389600,388,2117.843821432708,1135.0839175501123,2735.235314494496,542.6959460937503,568.4111231770837,125.84209402024379,0.3871428571428571,0.43714285714285717,0.0
PHASE 3B,487,390400,388,2117.843821432708,1135.0839175501123,2735.235314494496,542.6959460937503,568.4111231770837,125.84209402024379,0.4114285714285715,0.4442857142857143,0.0
PHASE 3B,488,391200,388,2117.843821432708,1135.0839175501123,2735.235314494496,542.6959460937503,568.4111231770837,125.84209402024379,0.38571428571428573,0.3871428571428571,0.0
PHASE 3B,489,392000,392,2116.693105896798,1135.0839175501123,2735.235314494496,540.2843158854171,569.9548106770837,125.80674741679674,0.0,0.0,0.0
PHASE 3B,490,392800,392,2116.693105896798,1135.0839175501123,2735.235314494496,540.284315885417,569.9548106770836,125.80674741679671,0.3828571428571429,0.42714285714285716,0.0
PHASE 3B,491,393600,392,2116.693105896798,1135.0839175501123,2735.235314494496,540.284315885417,569.9548106770836,125.80674741679671,0.4185714285714286,0.40285714285714286,0.0
PHASE 3B,492,394400,392,2116.693105896798,1135.0839175501123,2735.235314494496,540.284315885417,569.9548106770836,125.80674741679671,0.42714285714285716,0.4314285714285715,0.0
PHASE 3B,493,395200,392,2116.693105896798,1135.0839175501123,2735.235314494496,540.284315885417,569.9548106770836,125.80674741679671,0.39,0.39,0.0
PHASE 3B,494,396000,396,2114.756246258241,1135.0839175501123,2735.235314494496,538.0699023437503,571.0717054687502,125.70182980572719,0.0,0.0,0.0
PHASE 3B,495,396800,396,2114.7562462582414,1135.0839175501123,2735.235314494496,538.0699023437504,571.0717054687503,125.70182980572721,0.4628571428571429,0.48285714285714293,0.0
PHASE 3B,496,397600,396,2114.7562462582414,1135.0839175501123,2735.235314494496,538.0699023437504,571.0717054687503,125.70182980572721,0.4957142857142857,0.40428571428571425,0.0
PHASE 3B,497,398400,396,2114.7562462582414,1135.0839175501123,2735.235314494496,538.0699023437504,571.0717054687503,125.70182980572721,0.38142857142857145,0.4571428571428572,0.0
PHASE 3B,498,399200,396,2114.7562462582414,1135.0839175501123,2735.235314494496,538.0699023437504,571.0717054687503,125.70182980572721,0.43000000000000005,0.5071428571428572,0.0
PHASE 3B,499,400000,400,2120.1352274471587,1135.0839175501123,2735.235314494496,540.6508106770838,570.8927450520837,126.07395896475853,0.0,0.0,0.0
PHASE 3B,500,400800,400,2120.1352274471587,1135.0839175501123,2735.235314494496,540.6508106770838,570.8927450520837,126.07395896475853,0.4514285714285715,0.3942857142857143,0.0
PHASE 3B,501,401600,400,2120.1352274471587,1135.0839175501123,2735.235314494496,540.6508106770838,570.8927450520837,126.07395896475853,0.5085714285714286,0.3942857142857144,0.0
PHASE 3B,502,402400,400,2120.1352274471587,1135.0839175501123,2735.235314494496,540.6508106770838,570.8927450520837,126.07395896475853,0.43428571428571433,0.4957142857142857,0.0
PHASE 3B,503,403200,400,2120.1352274471587,1135.0839175501123,2735.235314494496,540.6508106770838,570.8927450520837,126.07395896475853,0.4,0.4571428571428572,0.0
PHASE 3B,504,404000,404,2123.5889338189845,1301.5406928296957,2735.235314494496,544.4676606770837,569.968569010417,126.14408801644508,0.0,0.0,0.0
PHASE 3B,505,404800,404,2123.5889338189845,1301.5406928296957,2735.235314494496,544.4676606770836,569.968569010417,126.14408801644508,0.3557142857142857,0.3828571428571429,0.0
PHASE 3B,506,405600,404,2123.5889338189845,1301.5406928296957,2735.235314494496,544.4676606770836,569.968569010417,126.14408801644508,0.35571428571428576,0.4428571428571429,0.0
PHASE 3B,507,406400,404,2123.5889338189845,1301.5406928296957,2735.235314494496,544.4676606770836,569.968569010417,126.14408801644508,0.3685714285714286,0.41,0.0
PHASE 3B,508,407200,404,2123.5889338189845,1301.5406928296957,2735.235314494496,544.4676606770836,569.968569010417,126.14408801644508,0.3871428571428572,0.4757142857142858,0.0
PHASE 3B,509,408000,408,2136.9784496308716,1602.0083143788133,2815.4301232970315,547.1658450520837,573.9988710937504,126.97671668563936,0.0,0.0,0.0
PHASE 3B,510,408800,408,2136.9784496308716,1602.0083143788133,2815.4301232970315,547.1658450520836,573.9988710937503,126.97671668563936,0.4514285714285714,0.44142857142857145,0.0
PHASE 3B,511,409600,408,2136.9784496308716,1602.0083143788133,2815.4301232970315,547.1658450520836,573.9988710937503,126.97671668563936,0.4628571428571429,0.45285714285714296,0.0
PHASE 3B,512,410400,408,2136.9784496308716,1602.0083143788133,2815.4301232970315,547.1658450520836,573.9988710937503,126.97671668563936,0.45714285714285713,0.39571428571428574,0.0
PHASE 3B,513,411200,408,2136.9784496308716,1602.0083143788133,2815.4301232970315,547.1658450520836,573.9988710937503,126.97671668563936,0.36000000000000004,0.47142857142857153,0.0
PHASE 3B,514,412000,412,2128.422208828801,1602.0083143788133,2815.4301232970315,545.7651450520837,571.0579763020836,126.44988593433874,0.0,0.0,0.0
PHASE 3B,515,412800,412,2128.422208828801,1602.0083143788133,2815.4301232970315,545.7651450520838,571.0579763020836,126.44988593433874,0.38857142857142857,0.45285714285714285,0.0
PHASE 3B,516,413600,412,2128.422208828801,1602.0083143788133,2815.4301232970315,545.7651450520838,571.0579763020836,126.44988593433874,0.33285714285714285,0.4571428571428572,0.0
PHASE 3B,517,414400,412,2128.422208828801,1602.0083143788133,2815.4301232970315,545.7651450520838,571.0579763020836,126.44988593433874,0.44571428571428573,0.34285714285714286,0.0
PHASE 3B,518,415200,412,2128.422208828801,1602.0083143788133,2815.4301232970315,545.7651450520838,571.0579763020836,126.44988593433874,0.3928571428571429,0.42142857142857154,0.0
PHASE 3B,519,416000,416,2143.9916348089023,1602.0083143788133,2815.4301232970315,550.496150260417,573.9812585937502,127.43927824435137,0.0,0.0,0.0
PHASE 3B,520,416800,416,2143.9916348089023,1602.0083143788133,2815.4301232970315,550.4961502604169,573.9812585937503,127.43927824435137,0.39285714285714285,0.46428571428571425,0.0
PHASE 3B,521,417600,416,2143.9916348089023,1602.0083143788133,2815.4301232970315,550.4961502604169,573.9812585937503,127.43927824435137,0.3714285714285715,0.49142857142857155,0.0
PHASE 3B,522,418400,416,2143.9916348089023,1602.0083143788133,2815.4301232970315,550.4961502604169,573.9812585937503,127.43927824435137,0.49857142857142867,0.40428571428571425,0.0
PHASE 3B,523,419200,416,2143.9916348089023,1602.0083143788133,2815.4301232970315,550.4961502604169,573.9812585937503,127.43927824435137,0.3942857142857143,0.45285714285714296,0.0
PHASE 3B,524,420000,420,2129.1508918230284,1602.0083143788133,2815.4301232970315,546.046140885417,570.2133700520836,126.61142261070054,0.0,0.0,0.0
PHASE 3B,525,420800,420,2129.1508918230284,1602.0083143788133,2815.4301232970315,546.046140885417,570.2133700520837,126.61142261070054,0.3885714285714285,0.3685714285714286,0.0
PHASE 3B,526,421600,420,2129.1508918230284,1602.0083143788133,2815.4301232970315,546.046140885417,570.2133700520837,126.61142261070054,0.43285714285714283,0.33571428571428574,0.0
PHASE 3B,527,422400,420,2129.1508918230284,1602.0083143788133,2815.4301232970315,546.046140885417,570.2133700520837,126.61142261070054,0.3885714285714286,0.3728571428571429,0.0
PHASE 3B,528,423200,420,2129.1508918230284,1602.0083143788133,2815.4301232970315,546.046140885417,570.2133700520837,126.61142261070054,0.42000000000000004,0.42857142857142866,0.0
PHASE 3B,529,424000,424,2129.5497148753243,1667.3340714903834,2815.4301232970315,546.859875260417,568.866231510417,126.72795101307085,0.0,0.0,0.0
PHASE 3B,530,424800,424,2129.5497148753243,1667.3340714903834,2815.4301232970315,546.8598752604171,568.866231510417,126.72795101307085,0.37142857142857144,0.41,0.0
PHASE 3B,531,425600,424,2129.5497148753243,1667.3340714903834,2815.4301232970315,546.8598752604171,568.866231510417,126.72795101307085,0.4371428571428571,0.32857142857142857,0.0
PHASE 3B,532,426400,424,2129.5497148753243,1667.3340714903834,2815.4301232970315,546.8598752604171,568.866231510417,126.72795101307085,0.3728571428571429,0.5357142857142858,0.0
PHASE 3B,533,427200,424,2129.5497148753243,1667.3340714903834,2815.4301232970315,546.8598752604171,568.866231510417,126.72795101307085,0.42142857142857143,0.5228571428571429,0.0
PHASE 3B,534,428000,428,2117.3317753914635,1316.1512170699239,2815.4301232970315,542.4493044270837,566.1325752604171,126.09373696300501,0.0,0.0,0.0
PHASE 3B,535,428800,428,2117.3317753914635,1316.1512170699239,2815.4301232970315,542.4493044270836,566.132575260417,126.093736963005,0.33714285714285713,0.42714285714285716,0.0
PHASE 3B,536,429600,428,2117.3317753914635,1316.1512170699239,2815.4301232970315,542.4493044270836,566.132575260417,126.093736963005,0.4014285714285715,0.39142857142857146,0.0
PHASE 3B,537,430400,428,2117.3317753914635,1316.1512170699239,2815.4301232970315,542.4493044270836,566.132575260417,126.093736963005,0.3942857142857143,0.41714285714285715,0.0
PHASE 3B,538,431200,428,2117.3317753914635,1316.1512170699239,2815.4301232970315,542.4493044270836,566.132575260417,126.093736963005,0.49857142857142855,0.39571428571428574,0.0
PHASE 3B,539,432000,432,2117.4039465316164,1316.1512170699239,2815.4301232970315,544.002881510417,564.6305992187503,126.09630822531581,0.0,0.0,0.0
PHASE 3B,540,432800,432,2117.403946531617,1316.1512170699239,2815.4301232970315,544.0028815104171,564.6305992187503,126.09630822531581,0.4957142857142857,0.3542857142857143,0.0
PHASE 3B,541,433600,432,2117.403946531617,1316.1512170699239,2815.4301232970315,544.0028815104171,564.6305992187503,126.09630822531581,0.4814285714285715,0.4628571428571428,0.0
PHASE 3B,542,434400,432,2117.403946531617,1316.1512170699239,2815.4301232970315,544.0028815104171,564.6305992187503,126.09630822531581,0.4000000000000001,0.49000000000000005,0.0
PHASE 3B,543,435200,432,2117.403946531617,1316.1512170699239,2815.4301232970315,544.0028815104171,564.6305992187503,126.09630822531581,0.40285714285714286,0.37857142857142856,0.0
PHASE 3B,544,436000,436,2128.947117178237,1316.1512170699239,2815.4301232970315,546.3779419270837,568.2216231770836,126.79344400926838,0.0,0.0,0.0
PHASE 3B,545,436800,436,2128.947117178237,1316.1512170699239,2815.4301232970315,546.3779419270838,568.2216231770836,126.7934440092684,0.46571428571428564,0.4257142857142858,0.0
PHASE 3B,546,437600,436,2128.947117178237,1316.1512170699239,2815.4301232970315,546.3779419270838,568.2216231770836,126.7934440092684,0.47857142857142854,0.3871428571428571,0.0
PHASE 3B,547,438400,436,2128.947117178237,1316.1512170699239,2815.4301232970315,546.3779419270838,568.2216231770836,126.7934440092684,0.42428571428571427,0.4957142857142857,0.0
PHASE 3B,548,439200,436,2128.947117178237,1316.1512170699239,2815.4301232970315,546.3779419270838,568.2216231770836,126.7934440092684,0.4,0.43,0.0
PHASE 3B,549,440000,440,2138.6224838774788,1316.1512170699239,2815.4301232970315,554.7140283854171,565.4029044270836,127.31319388313187,0.0,0.0,0.0
PHASE 3B,550,440800,440,2138.6224838774783,1316.1512170699239,2815.4301232970315,554.714028385417,565.4029044270837,127.31319388313186,0.4028571428571429,0.48142857142857143,0.0
PHASE 3B,551,441600,440,2138.6224838774783,1316.1512170699239,2815.4301232970315,554.714028385417,565.4029044270837,127.31319388313186,0.45285714285714285,0.3771428571428571,0.0
PHASE 3B,552,442400,440,2138.6224838774783,1316.1512170699239,2815.4301232970315,554.714028385417,565.4029044270837,127.31319388313186,0.4000000000000001,0.4542857142857143,0.0
PHASE 3B,553,443200,440,2138.6224838774783,1316.1512170699239,2815.4301232970315,554.714028385417,565.4029044270837,127.31319388313186,0.43285714285714283,0.45857142857142863,0.0
PHASE 3B,554,444000,444,2132.3428491722957,1316.1512170699239,2815.4301232970315,550.1764106770837,564.617581510417,127.19360712310898,0.0,0.0,0.0
PHASE 3B,555,444800,444,2132.342849172296,1316.1512170699239,2815.4301232970315,550.1764106770837,564.617581510417,127.19360712310899,0.5157142857142858,0.4514285714285714,0.0
PHASE 3B,556,445600,444,2132.342849172296,1316.1512170699239,2815.4301232970315,550.1764106770837,564.617581510417,127.19360712310899,0.47000000000000003,0.4185714285714286,0.0
PHASE 3B,557,446400,444,2132.342849172296,1316.1512170699239,2815.4301232970315,550.1764106770837,564.617581510417,127.19360712310899,0.4685714285714286,0.40714285714285714,0.0
PHASE 3B,558,447200,444,2132.342849172296,1316.1512170699239,2815.4301232970315,550.1764106770837,564.617581510417,127.19360712310899,0.40285714285714286,0.42285714285714293,0.0
PHASE 3B,559,448000,448,2127.399010076104,1316.1512170699239,2815.4301232970315,552.935778385417,559.3340013020837,126.891153798585,0.0,0.0,0.0
PHASE 3B,560,448800,448,2127.399010076104,1316.1512170699239,2815.4301232970315,552.935778385417,559.3340013020836,126.89115379858498,0.44142857142857145,0.4257142857142857,0.0
PHASE 3B,561,449600,448,2127.399010076104,1316.1512170699239,2815.4301232970315,552.935778385417,559.3340013020836,126.89115379858498,0.39142857142857146,0.5485714285714286,0.0
PHASE 3B,562,450400,448,2127.399010076104,1316.1512170699239,2815.4301232970315,552.935778385417,559.3340013020836,126.89115379858498,0.43285714285714294,0.46571428571428575,0.0
PHASE 3B,563,451200,448,2127.399010076104,1316.1512170699239,2815.4301232970315,552.935778385417,559.3340013020836,126.89115379858498,0.4957142857142857,0.3,0.0
PHASE 3B,564,452000,452,2139.109547911849,1316.1512170699239,2815.4301232970315,553.6838679687504,564.7125367187502,127.5891429030531,0.0,0.0,0.0
PHASE 3B,565,452800,452,2139.109547911849,1316.1512170699239,2815.4301232970315,553.6838679687503,564.7125367187502,127.5891429030531,0.37,0.40285714285714286,0.0
PHASE 3B,566,453600,452,2139.109547911849,1316.1512170699239,2815.4301232970315,553.6838679687503,564.7125367187502,127.5891429030531,0.4128571428571429,0.43285714285714294,0.0
PHASE 3B,567,454400,452,2139.109547911849,1316.1512170699239,2815.4301232970315,553.6838679687503,564.7125367187502,127.5891429030531,0.41571428571428576,0.4185714285714285,0.0
PHASE 3B,568,455200,452,2139.109547911849,1316.1512170699239,2815.4301232970315,553.6838679687503,564.7125367187502,127.5891429030531,0.4142857142857143,0.39,0.0
PHASE 3B,569,456000,456,2141.979908425189,1316.1512170699239,2815.4301232970315,555.4792169270836,564.5127638020837,127.74849096201237,0.0,0.0,0.0
PHASE 3B,570,456800,456,2141.979908425189,1316.1512170699239,2815.4301232970315,555.4792169270837,564.5127638020836,127.74849096201238,0.3985714285714286,0.39714285714285713,0.0
PHASE 3B,571,457600,456,2141.979908425189,1316.1512170699239,2815.4301232970315,555.4792169270837,564.5127638020836,127.74849096201238,0.39714285714285713,0.45714285714285713,0.0
PHASE 3B,572,458400,456,2141.979908425189,1316.1512170699239,2815.4301232970315,555.4792169270837,564.5127638020836,127.74849096201238,0.4128571428571429,0.4600000000000001,0.0
PHASE 3B,573,459200,456,2141.979908425189,1316.1512170699239,2815.4301232970315,555.4792169270837,564.5127638020836,127.74849096201238,0.4271428571428572,0.42428571428571427,0.0
PHASE 3B,574,460000,460,2147.6176289222053,1316.1512170699239,2815.4301232970315,551.7554015625003,570.038057291667,128.2280212585145,0.0,0.0,0.0
PHASE 3B,575,460800,460,2147.617628922206,1316.1512170699239,2815.4301232970315,551.7554015625004,570.0380572916671,128.22802125851447,0.4442857142857143,0.4114285714285715,0.0
PHASE 3B,576,461600,460,2147.617628922206,1316.1512170699239,2815.4301232970315,551.7554015625004,570.0380572916671,128.22802125851447,0.36714285714285716,0.3742857142857143,0.0
PHASE 3B,577,462400,460,2147.617628922206,1316.1512170699239,2815.4301232970315,551.7554015625004,570.0380572916671,128.22802125851447,0.43714285714285717,0.40857142857142853,0.0
PHASE 3B,578,463200,460,2147.617628922206,1316.1512170699239,2815.4301232970315,551.7554015625004,570.0380572916671,128.22802125851447,0.45285714285714285,0.38999999999999996,0.0
PHASE 3B,579,464000,464,2148.2569831438736,1316.1512170699239,2815.4301232970315,552.1708171875003,569.4102687500003,128.33448715080635,0.0,0.0,0.0
PHASE 3B,580,464800,464,2148.2569831438736,1316.1512170699239,2815.4301232970315,552.1708171875002,569.4102687500003,128.33448715080632,0.4142857142857143,0.4071428571428572,0.0
PHASE 3B,581,465600,464,2148.2569831438736,1316.1512170699239,2815.4301232970315,552.1708171875002,569.4102687500003,128.33448715080632,0.47857142857142865,0.43285714285714283,0.0
PHASE 3B,582,466400,464,2148.2569831438736,1316.1512170699239,2815.4301232970315,552.1708171875002,569.4102687500003,128.33448715080632,0.49714285714285716,0.3628571428571429,0.0
PHASE 3B,583,467200,464,2148.2569831438736,1316.1512170699239,2815.4301232970315,552.1708171875002,569.4102687500003,128.33448715080632,0.46142857142857147,0.46571428571428575,0.0
PHASE 3B,584,468000,468,2141.945323586094,1316.1512170699239,2815.4301232970315,549.3328067708336,568.222336197917,128.04877257717763,0.0,0.0,0.0
PHASE 3B,585,468800,468,2141.9453235860947,1316.1512170699239,2815.4301232970315,549.3328067708338,568.222336197917,128.04877257717763,0.3771428571428571,0.4671428571428572,0.0
PHASE 3B,586,469600,468,2141.9453235860947,1316.1512170699239,2815.4301232970315,549.3328067708338,568.222336197917,128.04877257717763,0.41714285714285715,0.44571428571428573,0.0
PHASE 3B,587,470400,468,2141.9453235860947,1316.1512170699239,2815.4301232970315,549.3328067708338,568.222336197917,128.04877257717763,0.34,0.49000000000000005,0.0
PHASE 3B,588,471200,468,2141.9453235860947,1316.1512170699239,2815.4301232970315,549.3328067708338,568.222336197917,128.04877257717763,0.44000000000000006,0.4585714285714285,0.0
PHASE 3B,589,472000,472,2131.295958911579,1316.1512170699239,2815.4301232970315,544.1076921875006,567.7221976562504,127.43325863348822,0.0,0.0,0.0
PHASE 3B,590,472800,472,2131.2959589115785,1316.1512170699239,2815.4301232970315,544.1076921875006,567.7221976562503,127.43325863348822,0.5328571428571429,0.39,0.0
PHASE 3B,591,473600,472,2131.2959589115785,1316.1512170699239,2815.4301232970315,544.1076921875006,567.7221976562503,127.43325863348822,0.4228571428571429,0.44571428571428573,0.0
PHASE 3B,592,474400,472,2131.2959589115785,1316.1512170699239,2815.4301232970315,544.1076921875006,567.7221976562503,127.43325863348822,0.3828571428571429,0.4471428571428572,0.0
PHASE 3B,593,475200,472,2131.2959589115785,1316.1512170699239,2815.4301232970315,544.1076921875006,567.7221976562503,127.43325863348822,0.43285714285714294,0.42714285714285716,0.0
PHASE 3B,594,476000,476,2138.45918587019,1316.1512170699239,2815.4301232970315,547.0339093750005,568.876336197917,127.8186175371688,0.0,0.0,0.0
PHASE 3B,595,476800,476,2138.4591858701906,1316.1512170699239,2815.4301232970315,547.0339093750003,568.876336197917,127.8186175371688,0.4142857142857143,0.41142857142857137,0.0
PHASE 3B,596,477600,476,2138.4591858701906,1316.1512170699239,2815.4301232970315,547.0339093750003,568.876336197917,127.8186175371688,0.43285714285714283,0.3514285714285714,0.0
PHASE 3B,597,478400,476,2138.4591858701906,1316.1512170699239,2815.4301232970315,547.0339093750003,568.876336197917,127.8186175371688,0.4342857142857143,0.4314285714285714,0.0
PHASE 3B,598,479200,476,2138.4591858701906,1316.1512170699239,2815.4301232970315,547.0339093750003,568.876336197917,127.8186175371688,0.4685714285714286,0.5071428571428571,0.0
PHASE 3B,599,480000,480,2129.844325939775,1316.1512170699239,2815.4301232970315,542.5857302083336,568.0893507812502,127.39615561878344,0.0,0.0,0.0
PHASE 3B,600,480800,480,2129.844325939775,1316.1512170699239,2815.4301232970315,542.5857302083336,568.0893507812503,127.39615561878344,0.42857142857142855,0.44000000000000006,0.0
PHASE 3B,601,481600,480,2129.844325939775,1316.1512170699239,2815.4301232970315,542.5857302083336,568.0893507812503,127.39615561878344,0.43285714285714294,0.4128571428571429,0.0
PHASE 3B,602,482400,480,2129.844325939775,1316.1512170699239,2815.4301232970315,542.5857302083336,568.0893507812503,127.39615561878344,0.4371428571428571,0.4185714285714287,0.0
PHASE 3B,603,483200,480,2129.844325939775,1316.1512170699239,2815.4301232970315,542.5857302083336,568.0893507812503,127.39615561878344,0.47857142857142865,0.51,0.0
PHASE 3B,604,484000,484,2125.6779132898605,1316.1512170699239,2815.4301232970315,542.967351041667,565.2893622395836,127.17765000108578,0.0,0.0,0.0
PHASE 3B,605,484800,484,2125.6779132898605,1316.1512170699239,2815.4301232970315,542.967351041667,565.2893622395837,127.17765000108577,0.47999999999999987,0.4628571428571429,0.0
PHASE 3B,606,485600,484,2125.6779132898605,1316.1512170699239,2815.4301232970315,542.967351041667,565.2893622395837,127.17765000108577,0.42000000000000004,0.36,0.0
PHASE 3B,607,486400,484,2125.6779132898605,1316.1512170699239,2815.4301232970315,542.967351041667,565.2893622395837,127.17765000108577,0.45999999999999996,0.4614285714285714,0.0
PHASE 3B,608,487200,484,2125.6779132898605,1316.1512170699239,2815.4301232970315,542.967351041667,565.2893622395837,127.17765000108577,0.3628571428571429,0.42428571428571427,0.0
PHASE 3B,609,488000,488,2123.668542216718,1316.1512170699239,2815.4301232970315,540.8023968750005,566.5339184895837,127.04152835652638,0.0,0.0,0.0
PHASE 3B,610,488800,488,2123.668542216718,1316.1512170699239,2815.4301232970315,540.8023968750005,566.5339184895837,127.0415283565264,0.4585714285714285,0.48571428571428577,0.0
PHASE 3B,611,489600,488,2123.668542216718,1316.1512170699239,2815.4301232970315,540.8023968750005,566.5339184895837,127.0415283565264,0.5271428571428571,0.41999999999999993,0.0
PHASE 3B,612,490400,488,2123.668542216718,1316.1512170699239,2815.4301232970315,540.8023968750005,566.5339184895837,127.0415283565264,0.45285714285714285,0.49428571428571433,0.0
PHASE 3B,613,491200,488,2123.668542216718,1316.1512170699239,2815.4301232970315,540.8023968750005,566.5339184895837,127.0415283565264,0.37142857142857144,0.472857142857143,0.0
PHASE 3B,614,492000,492,2124.012798813125,1316.1512170699239,2815.4301232970315,543.0905791666671,563.883901822917,127.12978972795229,0.0,0.0,0.0
PHASE 3B,615,492800,492,2124.0127988131253,1316.1512170699239,2815.4301232970315,543.0905791666671,563.883901822917,127.1297897279523,0.39714285714285713,0.42857142857142855,0.0
PHASE 3B,616,493600,492,2124.0127988131253,1316.1512170699239,2815.4301232970315,543.0905791666671,563.883901822917,127.1297897279523,0.38000000000000006,0.4885714285714286,0.0
PHASE 3B,617,494400,492,2124.0127988131253,1316.1512170699239,2815.4301232970315,543.0905791666671,563.883901822917,127.1297897279523,0.40428571428571436,0.4800000000000001,0.0
PHASE 3B,618,495200,492,2124.0127988131253,1316.1512170699239,2815.4301232970315,543.0905791666671,563.883901822917,127.1297897279523,0.4000000000000001,0.44571428571428573,0.0
PHASE 3B,619,496000,496,2122.2846842860035,1316.1512170699239,2815.4301232970315,540.2853927083338,564.071351822917,127.24099246935366,0.0,0.0,0.0
PHASE 3B,620,496800,496,2122.2846842860035,1316.1512170699239,2815.4301232970315,540.2853927083337,564.071351822917,127.24099246935366,0.412857142857143,0.4671428571428571,0.0
PHASE 3B,621,497600,496,2122.2846842860035,1316.1512170699239,2815.4301232970315,540.2853927083337,564.071351822917,127.24099246935366,0.43428571428571433,0.49857142857142867,0.0
PHASE 3B,622,498400,496,2122.2846842860035,1316.1512170699239,2815.4301232970315,540.2853927083337,564.071351822917,127.24099246935366,0.40857142857142853,0.46571428571428564,0.0
PHASE 3B,623,499200,496,2122.2846842860035,1316.1512170699239,2815.4301232970315,540.2853927083337,564.071351822917,127.24099246935366,0.46714285714285725,0.42142857142857143,0.0
PHASE 3B,624,500000,500,2120.3309441907654,1316.1512170699239,2815.4301232970315,539.8847270833336,563.622851822917,127.10292066057387,0.0,0.0,0.0
PHASE 3B,625,500800,500,2120.330944190765,1316.1512170699239,2815.4301232970315,539.8847270833338,563.6228518229171,127.10292066057387,0.5014285714285714,0.4642857142857143,0.0
PHASE 3B,626,501600,500,2120.330944190765,1316.1512170699239,2815.4301232970315,539.8847270833338,563.6228518229171,127.10292066057387,0.5357142857142857,0.4557142857142857,0.0
PHASE 3B,627,502400,500,2120.330944190765,1316.1512170699239,2815.4301232970315,539.8847270833338,563.6228518229171,127.10292066057387,0.4685714285714286,0.4514285714285714,0.0
PHASE 3B,628,503200,500,2120.330944190765,1316.1512170699239,2815.4301232970315,539.8847270833338,563.6228518229171,127.10292066057387,0.41000000000000003,0.5,0.0
PHASE 3B,629,504000,504,2129.337989289522,1316.1512170699239,2815.4301232970315,540.5510697916671,568.2648424479172,127.5652596312517,0.0,0.0,0.0
PHASE 3B,630,504800,504,2129.3379892895223,1316.1512170699239,2815.4301232970315,540.551069791667,568.2648424479171,127.5652596312517,0.5157142857142858,0.5242857142857142,0.0
PHASE 3B,631,505600,504,2129.3379892895223,1316.1512170699239,2815.4301232970315,540.551069791667,568.2648424479171,127.5652596312517,0.49857142857142855,0.40857142857142864,0.0
PHASE 3B,632,506400,504,2129.3379892895223,1316.1512170699239,2815.4301232970315,540.551069791667,568.2648424479171,127.5652596312517,0.5,0.4842857142857143,0.0
PHASE 3B,633,507200,504,2129.3379892895223,1316.1512170699239,2815.4301232970315,540.551069791667,568.2648424479171,127.5652596312517,0.47857142857142865,0.46571428571428575,0.0
PHASE 3B,634,508000,508,2119.3539756609734,1316.1512170699239,2596.0993644222212,540.2061468750003,563.854458072917,126.91167133914146,0.0,0.0,0.0
PHASE 3B,635,508800,508,2119.3539756609734,1316.1512170699239,2596.0993644222212,540.2061468750004,563.854458072917,126.91167133914146,0.39571428571428574,0.4514285714285714,0.0
PHASE 3B,636,509600,508,2119.3539756609734,1316.1512170699239,2596.0993644222212,540.2061468750004,563.854458072917,126.91167133914146,0.4057142857142858,0.43999999999999995,0.0
PHASE 3B,637,510400,508,2119.3539756609734,1316.1512170699239,2596.0993644222212,540.2061468750004,563.854458072917,126.91167133914146,0.37,0.4057142857142857,0.0
PHASE 3B,638,511200,508,2119.3539756609734,1316.1512170699239,2596.0993644222212,540.2061468750004,563.854458072917,126.91167133914146,0.4699999999999999,0.4642857142857143,0.0
PHASE 3B,639,512000,512,2118.1506843062434,1316.1512170699239,2596.0993644222212,538.8362635416671,564.7360882812504,126.82229156042533,0.0,0.0,0.0
PHASE 3B,640,512800,512,2118.1506843062434,1316.1512170699239,2596.0993644222212,538.8362635416671,564.7360882812503,126.82229156042534,0.42428571428571427,0.49142857142857144,0.0
PHASE 3B,641,513600,512,2118.1506843062434,1316.1512170699239,2596.0993644222212,538.8362635416671,564.7360882812503,126.82229156042534,0.4442857142857143,0.5014285714285714,0.0
PHASE 3B,642,514400,512,2118.1506843062434,1316.1512170699239,2596.0993644222212,538.8362635416671,564.7360882812503,126.82229156042534,0.5,0.42000000000000004,0.0
PHASE 3B,643,515200,512,2118.1506843062434,1316.1512170699239,2596.0993644222212,538.8362635416671,564.7360882812503,126.82229156042534,0.47857142857142865,0.3671428571428571,0.0
PHASE 3B,644,516000,516,2120.0544755802566,1316.1512170699239,2596.0993644222212,543.3567354166671,561.6643039062503,126.87917953217696,0.0,0.0,0.0
PHASE 3B,645,516800,516,2120.0544755802566,1316.1512170699239,2596.0993644222212,543.3567354166671,561.6643039062504,126.87917953217696,0.46428571428571425,0.4885714285714286,0.0
PHASE 3B,646,517600,516,2120.0544755802566,1316.1512170699239,2596.0993644222212,543.3567354166671,561.6643039062504,126.87917953217696,0.38285714285714284,0.45714285714285713,0.0
PHASE 3B,647,518400,516,2120.0544755802566,1316.1512170699239,2596.0993644222212,543.3567354166671,561.6643039062504,126.87917953217696,0.37,0.4742857142857143,0.0
PHASE 3B,648,519200,516,2120.0544755802566,1316.1512170699239,2596.0993644222212,543.3567354166671,561.6643039062504,126.87917953217696,0.4071428571428572,0.4814285714285715,0.0
PHASE 3B,649,520000,520,2134.690976218867,1316.1512170699239,2596.0993644222212,550.6266083333338,562.4457122395837,127.70233195575327,0.0,0.0,0.0
PHASE 3B,650,520800,520,2134.690976218867,1316.1512170699239,2596.0993644222212,550.6266083333336,562.4457122395836,127.70233195575327,0.4057142857142857,0.4357142857142858,0.0
PHASE 3B,651,521600,520,2134.690976218867,1316.1512170699239,2596.0993644222212,550.6266083333336,562.4457122395836,127.70233195575327,0.4800000000000001,0.53,0.0
PHASE 3B,652,522400,520,2134.690976218867,1316.1512170699239,2596.0993644222212,550.6266083333336,562.4457122395836,127.70233195575327,0.43428571428571433,0.5442857142857143,0.0
PHASE 3B,653,523200,520,2134.690976218867,1316.1512170699239,2596.0993644222212,550.6266083333336,562.4457122395836,127.70233195575327,0.3685714285714286,0.5485714285714286,0.0
PHASE 3B,654,524000,524,2142.318814573829,1316.1512170699239,2596.0993644222212,552.7174812500003,565.5513184895835,128.00625185429016,0.0,0.0,0.0
PHASE 3B,655,524800,524,2142.318814573829,1316.1512170699239,2596.0993644222212,552.7174812500004,565.5513184895835,128.00625185429016,0.4957142857142857,0.51,0.0
PHASE 3B,656,525600,524,2142.318814573829,1316.1512170699239,2596.0993644222212,552.7174812500004,565.5513184895835,128.00625185429016,0.42714285714285716,0.4928571428571429,0.0
PHASE 3B,657,526400,524,2142.318814573829,1316.1512170699239,2596.0993644222212,552.7174812500004,565.5513184895835,128.00625185429016,0.4185714285714286,0.47285714285714275,0.0
PHASE 3B,658,527200,524,2142.318814573829,1316.1512170699239,2596.0993644222212,552.7174812500004,565.5513184895835,128.00625185429016,0.4471428571428572,0.44142857142857145,0.0
PHASE 3B,659,528000,528,2155.0622524177206,1350.9017015403244,2596.0993644222212,557.9363989583337,567.9988539062502,128.64087494415153,0.0,0.0,0.0
PHASE 3B,660,528800,528,2155.062252417721,1350.9017015403244,2596.0993644222212,557.9363989583337,567.9988539062502,128.64087494415153,0.38857142857142857,0.42428571428571427,0.0
PHASE 3B,661,529600,528,2155.062252417721,1350.9017015403244,2596.0993644222212,557.9363989583337,567.9988539062502,128.64087494415153,0.48285714285714293,0.40857142857142864,0.0
PHASE 3B,662,530400,528,2155.062252417721,1350.9017015403244,2596.0993644222212,557.9363989583337,567.9988539062502,128.64087494415153,0.5114285714285713,0.4357142857142858,0.0
PHASE 3B,663,531200,528,2155.062252417721,1350.9017015403244,2596.0993644222212,557.9363989583337,567.9988539062502,128.64087494415153,0.3728571428571429,0.5485714285714287,0.0
PHASE 3B,664,532000,532,2151.4033162772666,1350.9017015403244,2596.0993644222212,554.9436416666671,568.6650382812503,128.4743295411781,0.0,0.0,0.0
PHASE 3B,665,532800,532,2151.4033162772666,1350.9017015403244,2596.0993644222212,554.9436416666671,568.6650382812503,128.4743295411781,0.3685714285714286,0.3828571428571429,0.0
PHASE 3B,666,533600,532,2151.4033162772666,1350.9017015403244,2596.0993644222212,554.9436416666671,568.6650382812503,128.4743295411781,0.47142857142857153,0.4271428571428572,0.0
PHASE 3B,667,534400,532,2151.4033162772666,1350.9017015403244,2596.0993644222212,554.9436416666671,568.6650382812503,128.4743295411781,0.4,0.4571428571428572,0.0
PHASE 3B,668,535200,532,2151.4033162772666,1350.9017015403244,2596.0993644222212,554.9436416666671,568.6650382812503,128.4743295411781,0.412857142857143,0.45285714285714285,0.0
PHASE 3B,669,536000,536,2147.6253398638323,1350.9017015403244,2596.0993644222212,551.543554166667,570.0015622395837,128.26002793220712,0.0,0.0,0.0
PHASE 3B,670,536800,536,2147.6253398638323,1350.9017015403244,2596.0993644222212,551.543554166667,570.0015622395837,128.26002793220712,0.4814285714285715,0.472857142857143,0.0
PHASE 3B,671,537600,536,2147.6253398638323,1350.9017015403244,2596.0993644222212,551.543554166667,570.0015622395837,128.26002793220712,0.3942857142857143,0.4642857142857143,0.0
PHASE 3B,672,538400,536,2147.6253398638323,1350.9017015403244,2596.0993644222212,551.543554166667,570.0015622395837,128.26002793220712,0.4842857142857143,0.4185714285714286,0.0
PHASE 3B,673,539200,536,2147.6253398638323,1350.9017015403244,2596.0993644222212,551.543554166667,570.0015622395837,128.26002793220712,0.3757142857142857,0.4714285714285714,0.0
PHASE 3B,674,540000,540,2144.897307249658,1350.9017015403244,2596.0993644222212,547.7675489583337,572.0925914062503,128.12964586064376,0.0,0.0,0.0
PHASE 3B,675,540800,540,2144.8973072496583,1350.9017015403244,2596.0993644222212,547.7675489583338,572.0925914062502,128.12964586064376,0.48571428571428577,0.45999999999999996,0.0
PHASE 3B,676,541600,540,2144.8973072496583,1350.9017015403244,2596.0993644222212,547.7675489583338,572.0925914062502,128.12964586064376,0.33571428571428574,0.5057142857142858,0.0
PHASE 3B,677,542400,540,2144.8973072496583,1350.9017015403244,2596.0993644222212,547.7675489583338,572.0925914062502,128.12964586064376,0.4514285714285714,0.3842857142857143,0.0
PHASE 3B,678,543200,540,2144.8973072496583,1350.9017015403244,2596.0993644222212,547.7675489583338,572.0925914062502,128.12964586064376,0.5185714285714286,0.41571428571428576,0.0
PHASE 3B,679,544000,544,2143.712328054404,1350.9017015403244,2596.0993644222212,549.531169791667,570.3833601562502,127.97472476332032,0.0,0.0,0.0
PHASE 3B,680,544800,544,2143.712328054404,1350.9017015403244,2596.0993644222212,549.531169791667,570.3833601562503,127.9747247633203,0.3728571428571429,0.32999999999999996,0.0
PHASE 3B,681,545600,544,2143.712328054404,1350.9017015403244,2596.0993644222212,549.531169791667,570.3833601562503,127.9747247633203,0.47857142857142854,0.44142857142857145,0.0
PHASE 3B,682,546400,544,2143.712328054404,1350.9017015403244,2596.0993644222212,549.531169791667,570.3833601562503,127.9747247633203,0.4257142857142858,0.49428571428571433,0.0
PHASE 3B,683,547200,544,2143.712328054404,1350.9017015403244,2596.0993644222212,549.531169791667,570.3833601562503,127.9747247633203,0.4428571428571429,0.38428571428571423,0.0
PHASE 3B,684,548000,548,2146.203696678955,1350.9017015403244,2596.0993644222212,549.4060343750003,572.4822820312503,128.03942253409747,0.0,0.0,0.0
PHASE 3B,685,548800,548,2146.203696678955,1350.9017015403244,2596.0993644222212,549.4060343750003,572.4822820312504,128.0394225340975,0.3514285714285715,0.4257142857142857,0.0
PHASE 3B,686,549600,548,2146.203696678955,1350.9017015403244,2596.0993644222212,549.4060343750003,572.4822820312504,128.0394225340975,0.4957142857142857,0.4128571428571429,0.0
PHASE 3B,687,550400,548,2146.203696678955,1350.9017015403244,2596.0993644222212,549.4060343750003,572.4822820312504,128.0394225340975,0.4514285714285715,0.5328571428571428,0.0
PHASE 3B,688,551200,548,2146.203696678955,1350.9017015403244,2596.0993644222212,549.4060343750003,572.4822820312504,128.0394225340975,0.3928571428571429,0.44571428571428573,0.0
PHASE 3B,689,552000,552,2141.308907109526,1350.9017015403244,2720.8816192562795,548.1405885416671,571.054970572917,127.76416849937712,0.0,0.0,0.0
PHASE 3B,690,552800,552,2141.308907109526,1350.9017015403244,2720.8816192562795,548.1405885416671,571.0549705729169,127.76416849937712,0.4057142857142857,0.4885714285714286,0.0
PHASE 3B,691,553600,552,2141.308907109526,1350.9017015403244,2720.8816192562795,548.1405885416671,571.0549705729169,127.76416849937712,0.4514285714285715,0.4185714285714286,0.0
PHASE 3B,692,554400,552,2141.308907109526,1350.9017015403244,2720.8816192562795,548.1405885416671,571.0549705729169,127.76416849937712,0.42285714285714276,0.46571428571428575,0.0
PHASE 3B,693,555200,552,2141.308907109526,1350.9017015403244,2720.8816192562795,548.1405885416671,571.0549705729169,127.76416849937712,0.45857142857142863,0.5214285714285715,0.0
PHASE 3B,694,556000,556,2134.491675350322,1350.9017015403244,2720.8816192562795,546.2282895833338,569.8210705729169,127.30528939926829,0.0,0.0,0.0
PHASE 3B,695,556800,556,2134.491675350322,1350.9017015403244,2720.8816192562795,546.2282895833338,569.8210705729169,127.30528939926829,0.4185714285714286,0.4957142857142857,0.0
PHASE 3B,696,557600,556,2134.491675350322,1350.9017015403244,2720.8816192562795,546.2282895833338,569.8210705729169,127.30528939926829,0.3814285714285715,0.43571428571428567,0.0
PHASE 3B,697,558400,556,2134.491675350322,1350.9017015403244,2720.8816192562795,546.2282895833338,569.8210705729169,127.30528939926829,0.46571428571428575,0.3285714285714286,0.0
PHASE 3B,698,559200,556,2134.491675350322,1350.9017015403244,2720.8816192562795,546.2282895833338,569.8210705729169,127.30528939926829,0.43285714285714294,0.3885714285714286,0.0
PHASE 3B,699,560000,560,2132.944285293194,1350.9017015403244,2720.8816192562795,549.2014781250004,566.8893716145836,127.10667944421066,0.0,0.0,0.0
PHASE 3B,700,560800,560,2132.944285293194,1350.9017015403244,2720.8816192562795,549.2014781250003,566.8893716145836,127.10667944421067,0.4814285714285715,0.47285714285714286,0.0
PHASE 3B,701,561600,560,2132.944285293194,1350.9017015403244,2720.8816192562795,549.2014781250003,566.8893716145836,127.10667944421067,0.4442857142857143,0.3985714285714286,0.0
PHASE 3B,702,562400,560,2132.944285293194,1350.9017015403244,2720.8816192562795,549.2014781250003,566.8893716145836,127.10667944421067,0.43285714285714283,0.4314285714285715,0.0
PHASE 3B,703,563200,560,2132.944285293194,1350.9017015403244,2720.8816192562795,549.2014781250003,566.8893716145836,127.10667944421067,0.4957142857142857,0.4585714285714285,0.0
PHASE 3B,704,564000,564,2130.3461129146162,1350.9017015403244,2720.8816192562795,549.9725729166671,565.7010289062503,126.83406388647188,0.0,0.0,0.0
PHASE 3B,705,564800,564,2130.3461129146162,1350.9017015403244,2720.8816192562795,549.972572916667,565.7010289062503,126.83406388647187,0.4757142857142857,0.47857142857142865,0.0
PHASE 3B,706,565600,564,2130.3461129146162,1350.9017015403244,2720.8816192562795,549.972572916667,565.7010289062503,126.83406388647187,0.3442857142857143,0.49428571428571433,0.0
PHASE 3B,707,566400,564,2130.3461129146162,1350.9017015403244,2720.8816192562795,549.972572916667,565.7010289062503,126.83406388647187,0.4957142857142857,0.41142857142857137,0.0
PHASE 3B,708,567200,564,2130.3461129146162,1350.9017015403244,2720.8816192562795,549.972572916667,565.7010289062503,126.83406388647187,0.4671428571428572,0.4800000000000001,0.0
PHASE 3B,709,568000,568,2136.910676846628,1350.9017015403244,2720.8816192562795,551.0499520833337,568.3260812500002,127.1918304391713,0.0,0.0,0.0
PHASE 3B,710,568800,568,2136.9106768466286,1350.9017015403244,2720.8816192562795,551.0499520833337,568.3260812500004,127.1918304391713,0.42142857142857154,0.4385714285714286,0.0
PHASE 3B,711,569600,568,2136.9106768466286,1350.9017015403244,2720.8816192562795,551.0499520833337,568.3260812500004,127.1918304391713,0.4128571428571429,0.47285714285714286,0.0
PHASE 3B,712,570400,568,2136.9106768466286,1350.9017015403244,2720.8816192562795,551.0499520833337,568.3260812500004,127.1918304391713,0.4442857142857143,0.4471428571428572,0.0
PHASE 3B,713,571200,568,2136.9106768466286,1350.9017015403244,2720.8816192562795,551.0499520833337,568.3260812500004,127.1918304391713,0.4114285714285715,0.49142857142857144,0.0
PHASE 3B,714,572000,572,2142.2980619188024,1350.9017015403244,2720.8816192562795,554.6883781250003,567.2984302083337,127.53890669819297,0.0,0.0,0.0
PHASE 3B,715,572800,572,2142.2980619188024,1350.9017015403244,2720.8816192562795,554.6883781250003,567.2984302083337,127.53890669819297,0.4700000000000001,0.4928571428571429,0.0
PHASE 3B,716,573600,572,2142.2980619188024,1350.9017015403244,2720.8816192562795,554.6883781250003,567.2984302083337,127.53890669819297,0.4700000000000001,0.46428571428571425,0.0
PHASE 3B,717,574400,572,2142.2980619188024,1350.9017015403244,2720.8816192562795,554.6883781250003,567.2984302083337,127.53890669819297,0.4114285714285715,0.42714285714285716,0.0
PHASE 3B,718,575200,572,2142.2980619188024,1350.9017015403244,2720.8816192562795,554.6883781250003,567.2984302083337,127.53890669819297,0.43285714285714294,0.45857142857142863,0.0
PHASE 3B,719,576000,576,2145.3163589620594,1350.9017015403244,2720.8816192562795,553.158304166667,571.1801666666671,127.62223601610003,0.0,0.0,0.0
PHASE 3B,720,576800,576,2145.3163589620594,1350.9017015403244,2720.8816192562795,553.1583041666671,571.180166666667,127.62223601610003,0.4271428571428572,0.4757142857142857,0.0
PHASE 3B,721,577600,576,2145.3163589620594,1350.9017015403244,2720.8816192562795,553.1583041666671,571.180166666667,127.62223601610003,0.4757142857142857,0.49000000000000005,0.0
PHASE 3B,722,578400,576,2145.3163589620594,1350.9017015403244,2720.8816192562795,553.1583041666671,571.180166666667,127.62223601610003,0.4428571428571429,0.4957142857142857,0.0
PHASE 3B,723,579200,576,2145.3163589620594,1350.9017015403244,2720.8816192562795,553.1583041666671,571.180166666667,127.62223601610003,0.41714285714285715,0.42428571428571427,0.0
PHASE 3B,724,580000,580,2156.529456530168,1588.5022192610027,2720.8816192562795,557.6747677083337,573.7307020833337,128.14049834232196,0.0,0.0,0.0
PHASE 3B,725,580800,580,2156.5294565301674,1588.5022192610027,2720.8816192562795,557.6747677083338,573.7307020833337,128.14049834232196,0.44571428571428573,0.5,0.0
PHASE 3B,726,581600,580,2156.5294565301674,1588.5022192610027,2720.8816192562795,557.6747677083338,573.7307020833337,128.14049834232196,0.4242857142857144,0.5028571428571429,0.0
PHASE 3B,727,582400,580,2156.5294565301674,1588.5022192610027,2720.8816192562795,557.6747677083338,573.7307020833337,128.14049834232196,0.44142857142857145,0.46428571428571425,0.0
PHASE 3B,728,583200,580,2156.5294565301674,1588.5022192610027,2720.8816192562795,557.6747677083338,573.7307020833337,128.14049834232196,0.47714285714285715,0.45285714285714296,0.0
PHASE 3B,729,584000,584,2169.6928488155077,1588.5022192610027,2720.8816192562795,560.9192781250003,578.2716552083335,128.81273943528115,0.0,0.0,0.0
PHASE 3B,730,584800,584,2169.692848815508,1588.5022192610027,2720.8816192562795,560.9192781250003,578.2716552083335,128.81273943528115,0.49000000000000005,0.45285714285714296,0.0
PHASE 3B,731,585600,584,2169.692848815508,1588.5022192610027,2720.8816192562795,560.9192781250003,578.2716552083335,128.81273943528115,0.4128571428571428,0.38428571428571434,0.0
PHASE 3B,732,586400,584,2169.692848815508,1588.5022192610027,2720.8816192562795,560.9192781250003,578.2716552083335,128.81273943528115,0.35285714285714287,0.38,0.0
PHASE 3B,733,587200,584,2169.692848815508,1588.5022192610027,2720.8816192562795,560.9192781250003,578.2716552083335,128.81273943528115,0.44571428571428573,0.46285714285714297,0.0
PHASE 3B,734,588000,588,2167.5329181484694,1483.966610325061,2720.8816192562795,563.1211031250003,574.9576291666668,128.68177323210958,0.0,0.0,0.0
PHASE 3B,735,588800,588,2167.5329181484685,1483.966610325061,2720.8816192562795,563.1211031250003,574.957629166667,128.68177323210958,0.45857142857142863,0.39714285714285713,0.0
PHASE 3B,736,589600,588,2167.5329181484685,1483.966610325061,2720.8816192562795,563.1211031250003,574.957629166667,128.68177323210958,0.5,0.5057142857142858,0.0
PHASE 3B,737,590400,588,2167.5329181484685,1483.966610325061,2720.8816192562795,563.1211031250003,574.957629166667,128.68177323210958,0.4957142857142857,0.5185714285714285,0.0
PHASE 3B,738,591200,588,2167.5329181484685,1483.966610325061,2720.8816192562795,563.1211031250003,574.957629166667,128.68177323210958,0.4842857142857143,0.35714285714285715,0.0
PHASE 3B,739,592000,592,2167.9783008703785,1483.966610325061,2720.8816192562795,564.1462552083336,575.2138552083336,128.57727380672335,0.0,0.0,0.0
PHASE 3B,740,592800,592,2167.978300870379,1483.966610325061,2720.8816192562795,564.1462552083336,575.2138552083336,128.57727380672335,0.4885714285714286,0.4314285714285714,0.0
PHASE 3B,741,593600,592,2167.978300870379,1483.966610325061,2720.8816192562795,564.1462552083336,575.2138552083336,128.57727380672335,0.5628571428571428,0.42857142857142855,0.0
PHASE 3B,742,594400,592,2167.978300870379,1483.966610325061,2720.8816192562795,564.1462552083336,575.2138552083336,128.57727380672335,0.4928571428571429,0.40428571428571425,0.0
PHASE 3B,743,595200,592,2167.978300870379,1483.966610325061,2720.8816192562795,564.1462552083336,575.2138552083336,128.57727380672335,0.4057142857142857,0.43,0.0
PHASE 3B,744,596000,596,2176.3569238372006,1483.966610325061,2720.8816192562795,572.5773723958338,572.713419791667,128.88326645622195,0.0,0.0,0.0
PHASE 3B,745,596800,596,2176.3569238372015,1483.966610325061,2720.8816192562795,572.5773723958337,572.713419791667,128.88326645622195,0.39,0.4185714285714287,0.0
PHASE 3B,746,597600,596,2176.3569238372015,1483.966610325061,2720.8816192562795,572.5773723958337,572.713419791667,128.88326645622195,0.4442857142857143,0.5185714285714287,0.0
PHASE 3B,747,598400,596,2176.3569238372015,1483.966610325061,2720.8816192562795,572.5773723958337,572.713419791667,128.88326645622195,0.45,0.5071428571428572,0.0
PHASE 3B,748,599200,596,2176.3569238372015,1483.966610325061,2720.8816192562795,572.5773723958337,572.713419791667,128.88326645622195,0.4557142857142858,0.5442857142857144,0.0
PHASE 3B,749,600000,600,2178.235268736391,1483.966610325061,2720.8816192562795,570.7192609375003,575.1205218750003,129.0494357404956,0.0,0.0,0.0
PHASE 3B,750,600800,600,2178.235268736391,1483.966610325061,2720.8816192562795,570.7192609375004,575.1205218750005,129.0494357404956,0.3757142857142857,0.4957142857142857,0.0
PHASE 3B,751,601600,600,2178.235268736391,1483.966610325061,2720.8816192562795,570.7192609375004,575.1205218750005,129.0494357404956,0.4442857142857143,0.42142857142857143,0.0
PHASE 3B,752,602400,600,2178.235268736391,1483.966610325061,2720.8816192562795,570.7192609375004,575.1205218750005,129.0494357404956,0.37142857142857144,0.3757142857142858,0.0
PHASE 3B,753,603200,600,2178.235268736391,1483.966610325061,2720.8816192562795,570.7192609375004,575.1205218750005,129.0494357404956,0.5028571428571429,0.52,0.0
PHASE 3B,754,604000,604,2178.838684272162,1483.966610325061,2720.8816192562795,571.1925692708337,575.0994375000004,129.06833468767533,0.0,0.0,0.0
PHASE 3B,755,604800,604,2178.838684272162,1483.966610325061,2720.8816192562795,571.1925692708337,575.0994375000002,129.0683346876753,0.47142857142857153,0.4114285714285715,0.0
PHASE 3B,756,605600,604,2178.838684272162,1483.966610325061,2720.8816192562795,571.1925692708337,575.0994375000002,129.0683346876753,0.46571428571428564,0.5057142857142858,0.0
PHASE 3B,757,606400,604,2178.838684272162,1483.966610325061,2720.8816192562795,571.1925692708337,575.0994375000002,129.0683346876753,0.40714285714285714,0.5442857142857143,0.0
PHASE 3B,758,607200,604,2178.838684272162,1483.966610325061,2720.8816192562795,571.1925692708337,575.0994375000002,129.0683346876753,0.4,0.5114285714285713,0.0
PHASE 3B,759,608000,608,2183.827229701943,1483.966610325061,2720.8816192562795,573.4485171875003,575.8344489583336,129.31803294452297,0.0,0.0,0.0
PHASE 3B,760,608800,608,2183.827229701943,1483.966610325061,2720.8816192562795,573.4485171875003,575.8344489583336,129.31803294452297,0.4142857142857143,0.4314285714285715,0.0
PHASE 3B,761,609600,608,2183.827229701943,1483.966610325061,2720.8816192562795,573.4485171875003,575.8344489583336,129.31803294452297,0.35,0.44857142857142857,0.0
PHASE 3B,762,610400,608,2183.827229701943,1483.966610325061,2720.8816192562795,573.4485171875003,575.8344489583336,129.31803294452297,0.46142857142857147,0.5128571428571428,0.0
PHASE 3B,763,611200,608,2183.827229701943,1483.966610325061,2720.8816192562795,573.4485171875003,575.8344489583336,129.31803294452297,0.45,0.41000000000000003,0.0
PHASE 3B,764,612000,612,2180.5326906844657,1483.966610325061,2720.8816192562795,575.5034255208337,571.9390093750003,129.13628197358827,0.0,0.0,0.0
PHASE 3B,765,612800,612,2180.5326906844657,1483.966610325061,2720.8816192562795,575.5034255208336,571.9390093750003,129.1362819735883,0.34571428571428575,0.40857142857142864,0.0
PHASE 3B,766,613600,612,2180.5326906844657,1483.966610325061,2720.8816192562795,575.5034255208336,571.9390093750003,129.1362819735883,0.3628571428571429,0.45000000000000007,0.0
PHASE 3B,767,614400,612,2180.5326906844657,1483.966610325061,2720.8816192562795,575.5034255208336,571.9390093750003,129.1362819735883,0.49714285714285716,0.48,0.0
PHASE 3B,768,615200,612,2180.5326906844657,1483.966610325061,2720.8816192562795,575.5034255208336,571.9390093750003,129.1362819735883,0.47142857142857136,0.45857142857142874,0.0
PHASE 3B,769,616000,616,2182.30197143839,1483.966610325061,2720.8816192562795,572.7867380208337,575.7796614583336,129.21694649491218,0.0,0.0,0.0
PHASE 3B,770,616800,616,2182.30197143839,1483.966610325061,2720.8816192562795,572.7867380208337,575.7796614583335,129.21694649491215,0.4771428571428572,0.49428571428571433,0.0
PHASE 3B,771,617600,616,2182.30197143839,1483.966610325061,2720.8816192562795,572.7867380208337,575.7796614583335,129.21694649491215,0.3114285714285715,0.4514285714285714,0.0
PHASE 3B,772,618400,616,2182.30197143839,1483.966610325061,2720.8816192562795,572.7867380208337,575.7796614583335,129.21694649491215,0.4842857142857143,0.4014285714285715,0.0
PHASE 3B,773,619200,616,2182.30197143839,1483.966610325061,2720.8816192562795,572.7867380208337,575.7796614583335,129.21694649491215,0.42857142857142866,0.4128571428571429,0.0
PHASE 3B,774,620000,620,2184.771778965201,1483.966610325061,2720.8816192562795,572.736883854167,577.4190020833336,129.3269866284719,0.0,0.0,0.0
PHASE 3B,775,620800,620,2184.7717789652006,1483.966610325061,2720.8816192562795,572.736883854167,577.4190020833336,129.3269866284719,0.4257142857142858,0.45,0.0
PHASE 3B,776,621600,620,2184.7717789652006,1483.966610325061,2720.8816192562795,572.736883854167,577.4190020833336,129.3269866284719,0.3,0.36142857142857143,0.0
PHASE 3B,777,622400,620,2184.7717789652006,1483.966610325061,2720.8816192562795,572.736883854167,577.4190020833336,129.3269866284719,0.3942857142857143,0.40714285714285714,0.0
PHASE 3B,778,623200,620,2184.7717789652006,1483.966610325061,2720.8816192562795,572.736883854167,577.4190020833336,129.3269866284719,0.40857142857142853,0.3985714285714286,0.0
PHASE 3B,779,624000,624,2182.1411486695674,1483.966610325061,2720.8816192562795,573.5304265625003,574.9597927083337,129.20636617485118,0.0,0.0,0.0
PHASE 3B,780,624800,624,2182.141148669567,1483.966610325061,2720.8816192562795,573.5304265625003,574.9597927083337,129.20636617485118,0.3928571428571429,0.4442857142857143,0.0
PHASE 3B,781,625600,624,2182.141148669567,1483.966610325061,2720.8816192562795,573.5304265625003,574.9597927083337,129.20636617485118,0.3642857142857143,0.5085714285714287,0.0
PHASE 3B,782,626400,624,2182.141148669567,1483.966610325061,2720.8816192562795,573.5304265625003,574.9597927083337,129.20636617485118,0.4185714285714286,0.5157142857142857,0.0
PHASE 3B,783,627200,624,2182.141148669567,1483.966610325061,2720.8816192562795,573.5304265625003,574.9597927083337,129.20636617485118,0.41142857142857137,0.45,0.0
PHASE 3B,784,628000,628,2187.623586468775,1483.966610325061,2720.8816192562795,574.8725838541671,575.6079052083337,129.64288717579385,0.0,0.0,0.0
PHASE 3B,785,628800,628,2187.623586468775,1483.966610325061,2720.8816192562795,574.8725838541671,575.6079052083337,129.64288717579385,0.44714285714285723,0.41571428571428565,0.0
PHASE 3B,786,629600,628,2187.623586468775,1483.966610325061,2720.8816192562795,574.8725838541671,575.6079052083337,129.64288717579385,0.4585714285714285,0.47857142857142854,0.0
PHASE 3B,787,630400,628,2187.623586468775,1483.966610325061,2720.8816192562795,574.8725838541671,575.6079052083337,129.64288717579385,0.4142857142857143,0.42000000000000004,0.0
PHASE 3B,788,631200,628,2187.623586468775,1483.966610325061,2720.8816192562795,574.8725838541671,575.6079052083337,129.64288717579385,0.4071428571428572,0.45714285714285713,0.0
PHASE 3B,789,632000,632,2187.5312685471536,1483.966610325061,2720.8816192562795,573.8375588541671,577.3382666666671,129.5444303782995,0.0,0.0,0.0
PHASE 3B,790,632800,632,2187.531268547154,1483.966610325061,2720.8816192562795,573.8375588541671,577.338266666667,129.54443037829947,0.45714285714285713,0.47142857142857153,0.0
PHASE 3B,791,633600,632,2187.531268547154,1483.966610325061,2720.8816192562795,573.8375588541671,577.338266666667,129.54443037829947,0.4442857142857143,0.4357142857142858,0.0
PHASE 3B,792,634400,632,2187.531268547154,1483.966610325061,2720.8816192562795,573.8375588541671,577.338266666667,129.54443037829947,0.4200000000000001,0.5014285714285716,0.0
PHASE 3B,793,635200,632,2187.531268547154,1483.966610325061,2720.8816192562795,573.8375588541671,577.338266666667,129.54443037829947,0.5,0.51,0.0
PHASE 3B,794,636000,636,2194.9733598890675,1483.966610325061,2720.8816192562795,576.3570151041671,578.1395510416669,130.0595992179137,0.0,0.0,0.0
PHASE 3B,795,636800,636,2194.973359889068,1483.966610325061,2720.8816192562795,576.357015104167,578.139551041667,130.0595992179137,0.3628571428571429,0.4885714285714286,0.0
PHASE 3B,796,637600,636,2194.973359889068,1483.966610325061,2720.8816192562795,576.357015104167,578.139551041667,130.0595992179137,0.4614285714285714,0.4471428571428572,0.0
PHASE 3B,797,638400,636,2194.973359889068,1483.966610325061,2720.8816192562795,576.357015104167,578.139551041667,130.0595992179137,0.38,0.43285714285714283,0.0
PHASE 3B,798,639200,636,2194.973359889068,1483.966610325061,2720.8816192562795,576.357015104167,578.139551041667,130.0595992179137,0.39,0.4000000000000001,0.0
PHASE 3B,799,640000,640,2188.022350751038,1483.966610325061,2720.8816192562795,573.501371354167,578.0696218750004,129.55641969024327,0.0,0.0,0.0
PHASE 3B,800,640800,640,2188.0223507510377,1483.966610325061,2720.8816192562795,573.501371354167,578.0696218750003,129.5564196902433,0.45,0.45,0.0
PHASE 3B,801,641600,640,2188.0223507510377,1483.966610325061,2720.8816192562795,573.501371354167,578.0696218750003,129.5564196902433,0.4,0.4885714285714286,0.0
PHASE 3B,802,642400,640,2188.0223507510377,1483.966610325061,2720.8816192562795,573.501371354167,578.0696218750003,129.5564196902433,0.3942857142857143,0.44142857142857145,0.0
PHASE 3B,803,643200,640,2188.0223507510377,1483.966610325061,2720.8816192562795,573.501371354167,578.0696218750003,129.5564196902433,0.35285714285714287,0.4685714285714286,0.0
PHASE 3B,804,644000,644,2190.9350325417454,1483.966610325061,2720.8816192562795,573.7137713541671,579.6838583333335,129.69217535679016,0.0,0.0,0.0
PHASE 3B,805,644800,644,2190.9350325417454,1483.966610325061,2720.8816192562795,573.713771354167,579.6838583333337,129.69217535679013,0.4228571428571429,0.5442857142857143,0.0
PHASE 3B,806,645600,644,2190.9350325417454,1483.966610325061,2720.8816192562795,573.713771354167,579.6838583333337,129.69217535679013,0.4371428571428571,0.4885714285714286,0.0
PHASE 3B,807,646400,644,2190.9350325417454,1483.966610325061,2720.8816192562795,573.713771354167,579.6838583333337,129.69217535679013,0.4542857142857143,0.4585714285714285,0.0
PHASE 3B,808,647200,644,2190.9350325417454,1483.966610325061,2720.8816192562795,573.713771354167,579.6838583333337,129.69217535679013,0.3471428571428571,0.44142857142857145,0.0
PHASE 3B,809,648000,648,2190.1340328676497,1347.2507318675957,2720.8816192562795,573.1109494791671,579.9595177083337,129.63294571002808,0.0,0.0,0.0
PHASE 3B,810,648800,648,2190.1340328676497,1347.2507318675957,2720.8816192562795,573.110949479167,579.9595177083337,129.63294571002808,0.42000000000000004,0.49142857142857144,0.0
PHASE 3B,811,649600,648,2190.1340328676497,1347.2507318675957,2720.8816192562795,573.110949479167,579.9595177083337,129.63294571002808,0.4757142857142858,0.3857142857142857,0.0
PHASE 3B,812,650400,648,2190.1340328676497,1347.2507318675957,2720.8816192562795,573.110949479167,579.9595177083337,129.63294571002808,0.4428571428571429,0.43285714285714283,0.0
PHASE 3B,813,651200,648,2190.1340328676497,1347.2507318675957,2720.8816192562795,573.110949479167,579.9595177083337,129.63294571002808,0.3728571428571429,0.44000000000000006,0.0
PHASE 3B,814,652000,652,2184.5344549566435,1347.2507318675957,2719.8937265061036,572.5803734375003,577.9271406250003,129.2533676117774,0.0,0.0,0.0
PHASE 3B,815,652800,652,2184.534454956643,1347.2507318675957,2719.8937265061036,572.5803734375003,577.9271406250003,129.25336761177738,0.41714285714285715,0.48285714285714293,0.0
PHASE 3B,816,653600,652,2184.534454956643,1347.2507318675957,2719.8937265061036,572.5803734375003,577.9271406250003,129.25336761177738,0.4442857142857143,0.4742857142857143,0.0
PHASE 3B,817,654400,652,2184.534454956643,1347.2507318675957,2719.8937265061036,572.5803734375003,577.9271406250003,129.25336761177738,0.47285714285714286,0.48571428571428577,0.0
PHASE 3B,818,655200,652,2184.534454956643,1347.2507318675957,2719.8937265061036,572.5803734375003,577.9271406250003,129.25336761177738,0.49000000000000005,0.4185714285714285,0.0
PHASE 3B,819,656000,656,2197.6959652430687,1347.2507318675957,2719.8937265061036,577.0205255208335,580.5369145833337,130.01731564237215,0.0,0.0,0.0
PHASE 3B,820,656800,656,2197.6959652430687,1347.2507318675957,2719.8937265061036,577.0205255208336,580.5369145833337,130.01731564237215,0.4128571428571428,0.5028571428571429,0.0
PHASE 3B,821,657600,656,2197.6959652430687,1347.2507318675957,2719.8937265061036,577.0205255208336,580.5369145833337,130.01731564237215,0.3528571428571429,0.4128571428571429,0.0
PHASE 3B,822,658400,656,2197.6959652430687,1347.2507318675957,2719.8937265061036,577.0205255208336,580.5369145833337,130.01731564237215,0.3757142857142857,0.42142857142857143,0.0
PHASE 3B,823,659200,656,2197.6959652430687,1347.2507318675957,2719.8937265061036,577.0205255208336,580.5369145833337,130.01731564237215,0.3542857142857143,0.45714285714285713,0.0
PHASE 3B,824,660000,660,2192.6366458431985,1347.2507318675957,2719.8937265061036,575.3016382812502,579.9194000000003,129.67695094525297,0.0,0.0,0.0
PHASE 3B,825,660800,660,2192.6366458431985,1347.2507318675957,2719.8937265061036,575.3016382812503,579.9194000000003,129.676950945253,0.37857142857142856,0.47285714285714286,0.0
PHASE 3B,826,661600,660,2192.6366458431985,1347.2507318675957,2719.8937265061036,575.3016382812503,579.9194000000003,129.676950945253,0.3942857142857143,0.40285714285714286,0.0
PHASE 3B,827,662400,660,2192.6366458431985,1347.2507318675957,2719.8937265061036,575.3016382812503,579.9194000000003,129.676950945253,0.3557142857142857,0.5285714285714287,0.0
PHASE 3B,828,663200,660,2192.6366458431985,1347.2507318675957,2719.8937265061036,575.3016382812503,579.9194000000003,129.676950945253,0.39714285714285713,0.3857142857142858,0.0
PHASE 3B,829,664000,664,2191.1319071631533,1347.2507318675957,2646.380024084488,571.1483934895837,582.3805906250003,129.70036538108067,0.0,0.0,0.0
PHASE 3B,830,664800,664,2191.1319071631533,1347.2507318675957,2646.380024084488,571.1483934895837,582.3805906250003,129.70036538108067,0.4142857142857143,0.4628571428571428,0.0
PHASE 3B,831,665600,664,2191.1319071631533,1347.2507318675957,2646.380024084488,571.1483934895837,582.3805906250003,129.70036538108067,0.4842857142857143,0.5014285714285714,0.0
PHASE 3B,832,666400,664,2191.1319071631533,1347.2507318675957,2646.380024084488,571.1483934895837,582.3805906250003,129.70036538108067,0.3,0.3842857142857143,0.0
PHASE 3B,833,667200,664,2191.1319071631533,1347.2507318675957,2646.380024084488,571.1483934895837,582.3805906250003,129.70036538108067,0.43714285714285717,0.49857142857142855,0.0
PHASE 3B,834,668000,668,2197.2205502024444,1347.2507318675957,2646.380024084488,574.699798697917,581.9256718750004,130.07438495370033,0.0,0.0,0.0
PHASE 3B,835,668800,668,2197.2205502024444,1347.2507318675957,2646.380024084488,574.6997986979169,581.9256718750003,130.07438495370033,0.3871428571428572,0.46428571428571425,0.0
PHASE 3B,836,669600,668,2197.2205502024444,1347.2507318675957,2646.380024084488,574.6997986979169,581.9256718750003,130.07438495370033,0.45285714285714285,0.4485714285714287,0.0
PHASE 3B,837,670400,668,2197.2205502024444,1347.2507318675957,2646.380024084488,574.6997986979169,581.9256718750003,130.07438495370033,0.47857142857142865,0.4714285714285714,0.0
PHASE 3B,838,671200,668,2197.2205502024444,1347.2507318675957,2646.380024084488,574.6997986979169,581.9256718750003,130.07438495370033,0.4442857142857143,0.4,0.0
PHASE 3B,839,672000,672,2192.836506143701,1347.2507318675957,2646.380024084488,575.602404947917,579.4231604166669,129.72636759739922,0.0,0.0,0.0
PHASE 3B,840,672800,672,2192.8365061437016,1347.2507318675957,2646.380024084488,575.602404947917,579.423160416667,129.72636759739922,0.38428571428571423,0.49142857142857144,0.0
PHASE 3B,841,673600,672,2192.8365061437016,1347.2507318675957,2646.380024084488,575.602404947917,579.423160416667,129.72636759739922,0.4185714285714285,0.4957142857142857,0.0
PHASE 3B,842,674400,672,2192.8365061437016,1347.2507318675957,2646.380024084488,575.602404947917,579.423160416667,129.72636759739922,0.4114285714285715,0.5571428571428573,0.0
PHASE 3B,843,675200,672,2192.8365061437016,1347.2507318675957,2646.380024084488,575.602404947917,579.423160416667,129.72636759739922,0.38428571428571434,0.4057142857142857,0.0
PHASE 3B,844,676000,676,2190.2572080226355,1347.2507318675957,2646.380024084488,574.4790028645837,578.689072916667,129.63614153018267,0.0,0.0,0.0
PHASE 3B,845,676800,676,2190.2572080226355,1347.2507318675957,2646.380024084488,574.4790028645835,578.689072916667,129.63614153018267,0.4828571428571428,0.4771428571428572,0.0
PHASE 3B,846,677600,676,2190.2572080226355,1347.2507318675957,2646.380024084488,574.4790028645835,578.689072916667,129.63614153018267,0.44142857142857145,0.4757142857142858,0.0
PHASE 3B,847,678400,676,2190.2572080226355,1347.2507318675957,2646.380024084488,574.4790028645835,578.689072916667,129.63614153018267,0.41000000000000003,0.47285714285714286,0.0
PHASE 3B,848,679200,676,2190.2572080226355,1347.2507318675957,2646.380024084488,574.4790028645835,578.689072916667,129.63614153018267,0.5114285714285715,0.42714285714285716,0.0
PHASE 3B,849,680000,680,2196.923019582534,1347.2507318675957,2646.380024084488,577.9789664062504,577.8755895833335,130.13355794912835,0.0,0.0,0.0
PHASE 3B,850,680800,680,2196.923019582534,1347.2507318675957,2646.380024084488,577.9789664062503,577.8755895833337,130.13355794912835,0.45285714285714285,0.47714285714285715,0.0
PHASE 3B,851,681600,680,2196.923019582534,1347.2507318675957,2646.380024084488,577.9789664062503,577.8755895833337,130.13355794912835,0.4342857142857143,0.49428571428571433,0.0
PHASE 3B,852,682400,680,2196.923019582534,1347.2507318675957,2646.380024084488,577.9789664062503,577.8755895833337,130.13355794912835,0.4871428571428572,0.47285714285714286,0.0
PHASE 3B,853,683200,680,2196.923019582534,1347.2507318675957,2646.380024084488,577.9789664062503,577.8755895833337,130.13355794912835,0.51,0.48285714285714293,0.0
PHASE 3B,854,684000,684,2194.173340736576,1347.2507318675957,2777.8802468084295,579.9556841145836,573.348697916667,130.10861983817526,0.0,0.0,0.0
PHASE 3B,855,684800,684,2194.173340736576,1347.2507318675957,2777.8802468084295,579.9556841145837,573.3486979166671,130.10861983817526,0.4357142857142858,0.472857142857143,0.0
PHASE 3B,856,685600,684,2194.173340736576,1347.2507318675957,2777.8802468084295,579.9556841145837,573.3486979166671,130.10861983817526,0.45857142857142863,0.48,0.0
PHASE 3B,857,686400,684,2194.173340736576,1347.2507318675957,2777.8802468084295,579.9556841145837,573.3486979166671,130.10861983817526,0.3557142857142857,0.4200000000000001,0.0
PHASE 3B,858,687200,684,2194.173340736576,1347.2507318675957,2777.8802468084295,579.9556841145837,573.3486979166671,130.10861983817526,0.4814285714285715,0.45000000000000007,0.0
PHASE 3B,859,688000,688,2196.155898355712,1347.2507318675957,2777.8802468084295,578.7552278645837,576.2406031250005,130.14500842077558,0.0,0.0,0.0
PHASE 3B,860,688800,688,2196.155898355712,1347.2507318675957,2777.8802468084295,578.7552278645838,576.2406031250005,130.14500842077555,0.47428571428571437,0.49142857142857144,0.0
PHASE 3B,861,689600,688,2196.155898355712,1347.2507318675957,2777.8802468084295,578.7552278645838,576.2406031250005,130.14500842077555,0.4385714285714286,0.3628571428571429,0.0
PHASE 3B,862,690400,688,2196.155898355712,1347.2507318675957,2777.8802468084295,578.7552278645838,576.2406031250005,130.14500842077555,0.35000000000000003,0.4285714285714285,0.0
PHASE 3B,863,691200,688,2196.155898355712,1347.2507318675957,2777.8802468084295,578.7552278645838,576.2406031250005,130.14500842077555,0.4057142857142858,0.4314285714285714,0.0
PHASE 3B,864,692000,692,2198.6027683536163,1347.2507318675957,2777.8802468084295,581.3283341145838,574.8866354166671,130.29847485280527,0.0,0.0,0.0
PHASE 3B,865,692800,692,2198.6027683536163,1347.2507318675957,2777.8802468084295,581.3283341145838,574.8866354166669,130.29847485280524,0.4314285714285715,0.5714285714285714,0.0
PHASE 3B,866,693600,692,2198.6027683536163,1347.2507318675957,2777.8802468084295,581.3283341145838,574.8866354166669,130.29847485280524,0.4514285714285714,0.47857142857142854,0.0
PHASE 3B,867,694400,692,2198.6027683536163,1347.2507318675957,2777.8802468084295,581.3283341145838,574.8866354166669,130.29847485280524,0.41571428571428576,0.4714285714285714,0.0
PHASE 3B,868,695200,692,2198.6027683536163,1347.2507318675957,2777.8802468084295,581.3283341145838,574.8866354166669,130.29847485280524,0.43714285714285717,0.5214285714285716,0.0
PHASE 3B,869,696000,696,2200.9714017802216,1347.2507318675957,2777.8802468084295,577.1201283854172,580.5720875000003,130.40989823686016,0.0,0.0,0.0
PHASE 3B,870,696800,696,2200.9714017802216,1347.2507318675957,2777.8802468084295,577.120128385417,580.5720875000003,130.40989823686016,0.5042857142857142,0.48285714285714293,0.0
PHASE 3B,871,697600,696,2200.9714017802216,1347.2507318675957,2777.8802468084295,577.120128385417,580.5720875000003,130.40989823686016,0.3871428571428572,0.4942857142857144,0.0
PHASE 3B,872,698400,696,2200.9714017802216,1347.2507318675957,2777.8802468084295,577.120128385417,580.5720875000003,130.40989823686016,0.4385714285714286,0.49714285714285716,0.0
PHASE 3B,873,699200,696,2200.9714017802216,1347.2507318675957,2777.8802468084295,577.120128385417,580.5720875000003,130.40989823686016,0.46714285714285725,0.4957142857142857,0.0
PHASE 3B,874,700000,700,2195.9646011747595,1347.2507318675957,2777.8802468084295,580.0201752604171,574.9964750000003,130.11849386430254,0.0,0.0,0.0
PHASE 3B,875,700800,700,2195.9646011747595,1347.2507318675957,2777.8802468084295,580.0201752604172,574.9964750000003,130.11849386430254,0.47857142857142865,0.47000000000000003,0.0
PHASE 3B,876,701600,700,2195.9646011747595,1347.2507318675957,2777.8802468084295,580.0201752604172,574.9964750000003,130.11849386430254,0.45285714285714285,0.5142857142857143,0.0
PHASE 3B,877,702400,700,2195.9646011747595,1347.2507318675957,2777.8802468084295,580.0201752604172,574.9964750000003,130.11849386430254,0.4314285714285715,0.3957142857142857,0.0
PHASE 3B,878,703200,700,2195.9646011747595,1347.2507318675957,2777.8802468084295,580.0201752604172,574.9964750000003,130.11849386430254,0.48,0.4628571428571429,0.0
PHASE 3B,879,704000,704,2199.2187395676174,1347.2507318675957,2777.8802468084295,583.4241940104172,573.3515468750003,130.30537483528485,0.0,0.0,0.0
PHASE 3B,880,704800,704,2199.2187395676174,1347.2507318675957,2777.8802468084295,583.4241940104171,573.3515468750002,130.30537483528485,0.3985714285714286,0.5285714285714287,0.0
PHASE 3B,881,705600,704,2199.2187395676174,1347.2507318675957,2777.8802468084295,583.4241940104171,573.3515468750002,130.30537483528485,0.4171428571428571,0.43714285714285717,0.0
PHASE 3B,882,706400,704,2199.2187395676174,1347.2507318675957,2777.8802468084295,583.4241940104171,573.3515468750002,130.30537483528485,0.40428571428571436,0.4842857142857143,0.0
PHASE 3B,883,707200,704,2199.2187395676174,1347.2507318675957,2777.8802468084295,583.4241940104171,573.3515468750002,130.30537483528485,0.4071428571428572,0.4800000000000001,0.0
PHASE 3B,884,708000,708,2198.637689953395,1347.2507318675957,2777.8802468084295,580.3771752604171,575.3196083333336,130.36761329496517,0.0,0.0,0.0
PHASE 3B,885,708800,708,2198.6376899533952,1347.2507318675957,2777.8802468084295,580.3771752604171,575.3196083333336,130.36761329496517,0.3371428571428572,0.4885714285714286,0.0
PHASE 3B,886,709600,708,2198.6376899533952,1347.2507318675957,2777.8802468084295,580.3771752604171,575.3196083333336,130.36761329496517,0.4957142857142857,0.4,0.0
PHASE 3B,887,710400,708,2198.6376899533952,1347.2507318675957,2777.8802468084295,580.3771752604171,575.3196083333336,130.36761329496517,0.45,0.5157142857142858,0.0
PHASE 3B,888,711200,708,2198.6376899533952,1347.2507318675957,2777.8802468084295,580.3771752604171,575.3196083333336,130.36761329496517,0.4871428571428572,0.5157142857142858,0.0
PHASE 3B,889,712000,712,2206.759904289692,1347.2507318675957,2777.8802468084295,581.6170106770838,578.8364145833336,130.78830987866894,0.0,0.0,0.0
PHASE 3B,890,712800,712,2206.7599042896913,1347.2507318675957,2777.8802468084295,581.6170106770836,578.8364145833336,130.78830987866894,0.36714285714285716,0.4114285714285715,0.0
PHASE 3B,891,713600,712,2206.7599042896913,1347.2507318675957,2777.8802468084295,581.6170106770836,578.8364145833336,130.78830987866894,0.4257142857142857,0.3628571428571429,0.0
PHASE 3B,892,714400,712,2206.7599042896913,1347.2507318675957,2777.8802468084295,581.6170106770836,578.8364145833336,130.78830987866894,0.40428571428571425,0.48571428571428565,0.0
PHASE 3B,893,715200,712,2206.7599042896913,1347.2507318675957,2777.8802468084295,581.6170106770836,578.8364145833336,130.78830987866894,0.37714285714285717,0.49428571428571433,0.0
PHASE 3B,894,716000,716,2192.522710091316,1347.2507318675957,2777.8802468084295,578.792778385417,573.8702156250005,129.98246451012207,0.0,0.0,0.0
PHASE 3B,895,716800,716,2192.522710091316,1347.2507318675957,2777.8802468084295,578.792778385417,573.8702156250004,129.98246451012207,0.42000000000000004,0.46428571428571425,0.0
PHASE 3B,896,717600,716,2192.522710091316,1347.2507318675957,2777.8802468084295,578.792778385417,573.8702156250004,129.98246451012207,0.4185714285714286,0.44571428571428573,0.0
PHASE 3B,897,718400,716,2192.522710091316,1347.2507318675957,2777.8802468084295,578.792778385417,573.8702156250004,129.98246451012207,0.46142857142857147,0.46428571428571425,0.0
PHASE 3B,898,719200,716,2192.522710091316,1347.2507318675957,2777.8802468084295,578.792778385417,573.8702156250004,129.98246451012207,0.4257142857142858,0.47428571428571437,0.0
PHASE 3B,899,720000,720,2182.7028499258927,1347.2507318675957,2777.8802468084295,572.4906742187503,574.5173531250003,129.46185282277747,0.0,0.0,0.0
PHASE 3B,900,720800,720,2182.702849925893,1347.2507318675957,2777.8802468084295,572.4906742187503,574.5173531250002,129.46185282277747,0.44000000000000006,0.4771428571428572,0.0
PHASE 3B,901,721600,720,2182.702849925893,1347.2507318675957,2777.8802468084295,572.4906742187503,574.5173531250002,129.46185282277747,0.4142857142857143,0.34285714285714286,0.0
PHASE 3B,902,722400,720,2182.702849925893,1347.2507318675957,2777.8802468084295,572.4906742187503,574.5173531250002,129.46185282277747,0.4571428571428572,0.5085714285714287,0.0
PHASE 3B,903,723200,720,2182.702849925893,1347.2507318675957,2777.8802468084295,572.4906742187503,574.5173531250002,129.46185282277747,0.4342857142857143,0.4842857142857143,0.0
PHASE 3B,904,724000,724,2192.615685611191,1347.2507318675957,2777.8802468084295,577.0976013020838,575.4449375000002,130.00914335114803,0.0,0.0,0.0
PHASE 3B,905,724800,724,2192.615685611191,1347.2507318675957,2777.8802468084295,577.0976013020836,575.4449375000004,130.009143351148,0.3928571428571429,0.47857142857142865,0.0
PHASE 3B,906,725600,724,2192.615685611191,1347.2507318675957,2777.8802468084295,577.0976013020836,575.4449375000004,130.009143351148,0.39857142857142863,0.39571428571428574,0.0
PHASE 3B,907,726400,724,2192.615685611191,1347.2507318675957,2777.8802468084295,577.0976013020836,575.4449375000004,130.009143351148,0.4757142857142857,0.56,0.0
PHASE 3B,908,727200,724,2192.615685611191,1347.2507318675957,2777.8802468084295,577.0976013020836,575.4449375000004,130.009143351148,0.46428571428571425,0.5171428571428571,0.0
PHASE 3B,909,728000,728,2187.8630611104427,1347.2507318675957,2777.8802468084295,577.0306429687503,573.7271104166671,129.6381634656379,0.0,0.0,0.0
PHASE 3B,910,728800,728,2187.8630611104427,1347.2507318675957,2777.8802468084295,577.0306429687503,573.7271104166671,129.6381634656379,0.3614285714285714,0.4842857142857143,0.0
PHASE 3B,911,729600,728,2187.8630611104427,1347.2507318675957,2777.8802468084295,577.0306429687503,573.7271104166671,129.6381634656379,0.47857142857142865,0.49000000000000005,0.0
PHASE 3B,912,730400,728,2187.8630611104427,1347.2507318675957,2777.8802468084295,577.0306429687503,573.7271104166671,129.6381634656379,0.4557142857142857,0.43000000000000005,0.0
PHASE 3B,913,731200,728,2187.8630611104427,1347.2507318675957,2777.8802468084295,577.0306429687503,573.7271104166671,129.6381634656379,0.3942857142857143,0.5142857142857143,0.0
PHASE 3B,914,732000,732,2192.358203615049,1347.2507318675957,2777.8802468084295,578.5733783854171,574.8664239583337,129.8648001589221,0.0,0.0,0.0
PHASE 3B,915,732800,732,2192.35820361505,1347.2507318675957,2777.8802468084295,578.573378385417,574.8664239583337,129.8648001589221,0.4471428571428572,0.43428571428571433,0.0
PHASE 3B,916,733600,732,2192.35820361505,1347.2507318675957,2777.8802468084295,578.573378385417,574.8664239583337,129.8648001589221,0.4200000000000001,0.5028571428571429,0.0
PHASE 3B,917,734400,732,2192.35820361505,1347.2507318675957,2777.8802468084295,578.573378385417,574.8664239583337,129.8648001589221,0.5,0.45,0.0
PHASE 3B,918,735200,732,2192.35820361505,1347.2507318675957,2777.8802468084295,578.573378385417,574.8664239583337,129.8648001589221,0.49428571428571433,0.45428571428571435,0.0
PHASE 3B,919,736000,736,2188.4373908927105,1347.2507318675957,2777.8802468084295,578.1940856770836,574.0656031250004,129.52221276133793,0.0,0.0,0.0
PHASE 3B,920,736800,736,2188.4373908927105,1347.2507318675957,2777.8802468084295,578.1940856770836,574.0656031250004,129.52221276133793,0.42857142857142866,0.452857142857143,0.0
PHASE 3B,921,737600,736,2188.4373908927105,1347.2507318675957,2777.8802468084295,578.1940856770836,574.0656031250004,129.52221276133793,0.4542857142857143,0.5128571428571429,0.0
PHASE 3B,922,738400,736,2188.4373908927105,1347.2507318675957,2777.8802468084295,578.1940856770836,574.0656031250004,129.52221276133793,0.4471428571428572,0.5457142857142858,0.0
PHASE 3B,923,739200,736,2188.4373908927105,1347.2507318675957,2777.8802468084295,578.1940856770836,574.0656031250004,129.52221276133793,0.37857142857142856,0.4842857142857143,0.0
PHASE 3B,924,740000,740,2178.734171470368,1347.2507318675957,2777.8802468084295,571.9290794270836,574.876213541667,128.99110981271187,0.0,0.0,0.0
PHASE 3B,925,740800,740,2178.734171470368,1347.2507318675957,2777.8802468084295,571.9290794270836,574.876213541667,128.99110981271184,0.3814285714285715,0.3857142857142858,0.0
PHASE 3B,926,741600,740,2178.734171470368,1347.2507318675957,2777.8802468084295,571.9290794270836,574.876213541667,128.99110981271184,0.45,0.46285714285714297,0.0
PHASE 3B,927,742400,740,2178.734171470368,1347.2507318675957,2777.8802468084295,571.9290794270836,574.876213541667,128.99110981271184,0.5014285714285714,0.5142857142857142,0.0
PHASE 3B,928,743200,740,2178.734171470368,1347.2507318675957,2777.8802468084295,571.9290794270836,574.876213541667,128.99110981271184,0.44142857142857145,0.5142857142857143,0.0
PHASE 3B,929,744000,744,2164.792504686675,1347.2507318675957,2777.8802468084295,570.8631033854169,568.8728479166671,128.13206917308355,0.0,0.0,0.0
PHASE 3B,930,744800,744,2164.792504686675,1347.2507318675957,2777.8802468084295,570.8631033854169,568.8728479166671,128.13206917308352,0.32571428571428573,0.41571428571428565,0.0
PHASE 3B,931,745600,744,2164.792504686675,1347.2507318675957,2777.8802468084295,570.8631033854169,568.8728479166671,128.13206917308352,0.4185714285714286,0.5057142857142858,0.0
PHASE 3B,932,746400,744,2164.792504686675,1347.2507318675957,2777.8802468084295,570.8631033854169,568.8728479166671,128.13206917308352,0.4757142857142857,0.5171428571428572,0.0
PHASE 3B,933,747200,744,2164.792504686675,1347.2507318675957,2777.8802468084295,570.8631033854169,568.8728479166671,128.13206917308352,0.38142857142857145,0.5428571428571429,0.0
PHASE 3B,934,748000,748,2178.34002578506,1451.7586570464468,2777.8802468084295,574.7206283854171,571.6812041666669,128.99227415413165,0.0,0.0,0.0
PHASE 3B,935,748800,748,2178.3400257850594,1451.7586570464468,2777.8802468084295,574.720628385417,571.6812041666669,128.99227415413168,0.48857142857142855,0.4685714285714286,0.0
PHASE 3B,936,749600,748,2178.3400257850594,1451.7586570464468,2777.8802468084295,574.720628385417,571.6812041666669,128.99227415413168,0.3714285714285715,0.44571428571428573,0.0
PHASE 3B,937,750400,748,2178.3400257850594,1451.7586570464468,2777.8802468084295,574.720628385417,571.6812041666669,128.99227415413168,0.3857142857142858,0.43428571428571433,0.0
PHASE 3B,938,751200,748,2178.3400257850594,1451.7586570464468,2777.8802468084295,574.720628385417,571.6812041666669,128.99227415413168,0.4185714285714286,0.48285714285714293,0.0
PHASE 3B,939,752000,752,2179.711453795567,1451.7586570464468,2777.8802468084295,573.6540158854169,572.804047916667,129.15667374919514,0.0,0.0,0.0
PHASE 3B,940,752800,752,2179.711453795567,1451.7586570464468,2777.8802468084295,573.6540158854169,572.804047916667,129.15667374919514,0.53,0.4542857142857143,0.0
PHASE 3B,941,753600,752,2179.711453795567,1451.7586570464468,2777.8802468084295,573.6540158854169,572.804047916667,129.15667374919514,0.5028571428571429,0.4557142857142858,0.0
PHASE 3B,942,754400,752,2179.711453795567,1451.7586570464468,2777.8802468084295,573.6540158854169,572.804047916667,129.15667374919514,0.3871428571428572,0.4257142857142857,0.0
PHASE 3B,943,755200,752,2179.711453795567,1451.7586570464468,2777.8802468084295,573.6540158854169,572.804047916667,129.15667374919514,0.43428571428571433,0.47000000000000003,0.0
PHASE 3B,944,756000,756,2175.258607226337,1451.7586570464468,2777.8802468084295,569.4083960937504,573.6445062500003,129.02571311033304,0.0,0.0,0.0
PHASE 3B,945,756800,756,2175.258607226337,1451.7586570464468,2777.8802468084295,569.4083960937504,573.6445062500004,129.02571311033304,0.42857142857142866,0.39,0.0
PHASE 3B,946,757600,756,2175.258607226337,1451.7586570464468,2777.8802468084295,569.4083960937504,573.6445062500004,129.02571311033304,0.4314285714285715,0.4614285714285714,0.0
PHASE 3B,947,758400,756,2175.258607226337,1451.7586570464468,2777.8802468084295,569.4083960937504,573.6445062500004,129.02571311033304,0.5228571428571429,0.5271428571428572,0.0
PHASE 3B,948,759200,756,2175.258607226337,1451.7586570464468,2777.8802468084295,569.4083960937504,573.6445062500004,129.02571311033304,0.4257142857142857,0.41000000000000003,0.0
PHASE 3B,949,760000,760,2178.2479375866997,1451.7586570464468,2777.8802468084295,570.6410302083336,574.3760989583337,129.15385105251383,0.0,0.0,0.0
PHASE 3B,950,760800,760,2178.2479375866997,1451.7586570464468,2777.8802468084295,570.6410302083336,574.3760989583337,129.15385105251383,0.44571428571428573,0.4557142857142857,0.0
PHASE 3B,951,761600,760,2178.2479375866997,1451.7586570464468,2777.8802468084295,570.6410302083336,574.3760989583337,129.15385105251383,0.47714285714285715,0.5,0.0
PHASE 3B,952,762400,760,2178.2479375866997,1451.7586570464468,2777.8802468084295,570.6410302083336,574.3760989583337,129.15385105251383,0.45999999999999996,0.49428571428571433,0.0
PHASE 3B,953,763200,760,2178.2479375866997,1451.7586570464468,2777.8802468084295,570.6410302083336,574.3760989583337,129.15385105251383,0.4485714285714287,0.4671428571428572,0.0
PHASE 3B,954,764000,764,2177.9859392049493,1451.7586570464468,2777.8802468084295,573.5608739583336,571.5028531250005,129.1152765152117,0.0,0.0,0.0
PHASE 3B,955,764800,764,2177.98593920495,1451.7586570464468,2777.8802468084295,573.5608739583336,571.5028531250005,129.11527651521172,0.39142857142857146,0.49142857142857144,0.0
PHASE 3B,956,765600,764,2177.98593920495,1451.7586570464468,2777.8802468084295,573.5608739583336,571.5028531250005,129.11527651521172,0.4442857142857143,0.4571428571428572,0.0
PHASE 3B,957,766400,764,2177.98593920495,1451.7586570464468,2777.8802468084295,573.5608739583336,571.5028531250005,129.11527651521172,0.4,0.4385714285714285,0.0
PHASE 3B,958,767200,764,2177.98593920495,1451.7586570464468,2777.8802468084295,573.5608739583336,571.5028531250005,129.11527651521172,0.4714285714285714,0.5271428571428571,0.0
PHASE 3B,959,768000,768,2167.6580435011883,1451.7586570464468,2777.8802468084295,570.6247791666669,569.4272520833338,128.4507515314082,0.0,0.0,0.0
PHASE 3B,960,768800,768,2167.6580435011883,1451.7586570464468,2777.8802468084295,570.624779166667,569.4272520833338,128.4507515314082,0.4314285714285714,0.43285714285714283,0.0
PHASE 3B,961,769600,768,2167.6580435011883,1451.7586570464468,2777.8802468084295,570.624779166667,569.4272520833338,128.4507515314082,0.4,0.42714285714285716,0.0
PHASE 3B,962,770400,768,2167.6580435011883,1451.7586570464468,2777.8802468084295,570.624779166667,569.4272520833338,128.4507515314082,0.42000000000000004,0.5128571428571429,0.0
PHASE 3B,963,771200,768,2167.6580435011883,1451.7586570464468,2777.8802468084295,570.624779166667,569.4272520833338,128.4507515314082,0.41571428571428576,0.4228571428571429,0.0
PHASE 3B,964,772000,772,2167.0470305596928,1451.7586570464468,2777.8802468084295,569.1106489583337,569.7744239583337,128.52024470538785,0.0,0.0,0.0
PHASE 3B,965,772800,772,2167.0470305596928,1451.7586570464468,2777.8802468084295,569.1106489583337,569.7744239583336,128.52024470538785,0.3928571428571429,0.4757142857142858,0.0
PHASE 3B,966,773600,772,2167.0470305596928,1451.7586570464468,2777.8802468084295,569.1106489583337,569.7744239583336,128.52024470538785,0.45714285714285713,0.54,0.0
PHASE 3B,967,774400,772,2167.0470305596928,1451.7586570464468,2777.8802468084295,569.1106489583337,569.7744239583336,128.52024470538785,0.49857142857142855,0.42428571428571427,0.0
PHASE 3B,968,775200,772,2167.0470305596928,1451.7586570464468,2777.8802468084295,569.1106489583337,569.7744239583336,128.52024470538785,0.45,0.4771428571428572,0.0
PHASE 3B,969,776000,776,2168.674702094801,1451.7586570464468,2777.8802468084295,568.9319645833336,570.8161364583336,128.6158251316514,0.0,0.0,0.0
PHASE 3B,970,776800,776,2168.674702094801,1451.7586570464468,2777.8802468084295,568.9319645833336,570.8161364583335,128.6158251316514,0.4471428571428572,0.4742857142857143,0.0
PHASE 3B,971,777600,776,2168.674702094801,1451.7586570464468,2777.8802468084295,568.9319645833336,570.8161364583335,128.6158251316514,0.43428571428571433,0.5042857142857142,0.0
PHASE 3B,972,778400,776,2168.674702094801,1451.7586570464468,2777.8802468084295,568.9319645833336,570.8161364583335,128.6158251316514,0.45,0.4,0.0
PHASE 3B,973,779200,776,2168.674702094801,1451.7586570464468,2777.8802468084295,568.9319645833336,570.8161364583335,128.6158251316514,0.45,0.47857142857142854,0.0
PHASE 3B,974,780000,780,2171.4818176343374,1451.7586570464468,2777.8802468084295,565.5671364583337,575.6482343750002,128.78330585013518,0.0,0.0,0.0
PHASE 3B,975,780800,780,2171.481817634338,1451.7586570464468,2777.8802468084295,565.5671364583337,575.6482343750004,128.78330585013518,0.3114285714285714,0.5214285714285715,0.0
PHASE 3B,976,781600,780,2171.481817634338,1451.7586570464468,2777.8802468084295,565.5671364583337,575.6482343750004,128.78330585013518,0.5057142857142857,0.42000000000000004,0.0
PHASE 3B,977,782400,780,2171.481817634338,1451.7586570464468,2777.8802468084295,565.5671364583337,575.6482343750004,128.78330585013518,0.43428571428571433,0.49428571428571433,0.0
PHASE 3B,978,783200,780,2171.481817634338,1451.7586570464468,2777.8802468084295,565.5671364583337,575.6482343750004,128.78330585013518,0.3442857142857143,0.4371428571428571,0.0
PHASE 3B,979,784000,784,2164.2392412972067,1451.7586570464468,2755.11687921379,562.5765218750004,574.8795520833337,128.34789591736882,0.0,0.0,0.0
PHASE 3B,980,784800,784,2164.2392412972067,1451.7586570464468,2755.11687921379,562.5765218750004,574.8795520833338,128.34789591736882,0.4257142857142858,0.46571428571428575,0.0
PHASE 3B,981,785600,784,2164.2392412972067,1451.7586570464468,2755.11687921379,562.5765218750004,574.8795520833338,128.34789591736882,0.37,0.4385714285714286,0.0
PHASE 3B,982,786400,784,2164.2392412972067,1451.7586570464468,2755.11687921379,562.5765218750004,574.8795520833338,128.34789591736882,0.34857142857142864,0.5142857142857143,0.0
PHASE 3B,983,787200,784,2164.2392412972067,1451.7586570464468,2755.11687921379,562.5765218750004,574.8795520833338,128.34789591736882,0.49428571428571433,0.42142857142857143,0.0
PHASE 3B,984,788000,788,2172.57743922921,1451.7586570464468,2679.1362272675224,562.966179166667,579.215835416667,128.7994280807443,0.0,0.0,0.0
PHASE 3B,985,788800,788,2172.5774392292096,1451.7586570464468,2679.1362272675224,562.966179166667,579.215835416667,128.79942808074432,0.42714285714285716,0.4,0.0
PHASE 3B,986,789600,788,2172.5774392292096,1451.7586570464468,2679.1362272675224,562.966179166667,579.215835416667,128.79942808074432,0.36,0.36,0.0
PHASE 3B,987,790400,788,2172.5774392292096,1451.7586570464468,2679.1362272675224,562.966179166667,579.215835416667,128.79942808074432,0.4885714285714286,0.37857142857142867,0.0
PHASE 3B,988,791200,788,2172.5774392292096,1451.7586570464468,2679.1362272675224,562.966179166667,579.215835416667,128.79942808074432,0.33142857142857146,0.45285714285714285,0.0
PHASE 3B,989,792000,792,2170.0321134724545,1451.7586570464468,2679.1362272675224,557.2786562500004,582.5902218750002,128.7704044184416,0.0,0.0,0.0
PHASE 3B,990,792800,792,2170.0321134724545,1451.7586570464468,2679.1362272675224,557.2786562500004,582.5902218750002,128.7704044184416,0.4057142857142857,0.4628571428571429,0.0
PHASE 3B,991,793600,792,2170.0321134724545,1451.7586570464468,2679.1362272675224,557.2786562500004,582.5902218750002,128.7704044184416,0.3314285714285714,0.5014285714285714,0.0
PHASE 3B,992,794400,792,2170.0321134724545,1451.7586570464468,2679.1362272675224,557.2786562500004,582.5902218750002,128.7704044184416,0.43428571428571433,0.49857142857142855,0.0
PHASE 3B,993,795200,792,2170.0321134724545,1451.7586570464468,2679.1362272675224,557.2786562500004,582.5902218750002,128.7704044184416,0.49857142857142855,0.46142857142857147,0.0
PHASE 3B,994,796000,796,2175.5194578488918,1451.7586570464468,2651.669403128538,560.7366218750003,581.0040156250003,129.22235254362135,0.0,0.0,0.0
PHASE 3B,995,796800,796,2175.5194578488918,1451.7586570464468,2651.669403128538,560.7366218750003,581.0040156250003,129.22235254362135,0.41571428571428576,0.4642857142857143,0.0
PHASE 3B,996,797600,796,2175.5194578488918,1451.7586570464468,2651.669403128538,560.7366218750003,581.0040156250003,129.22235254362135,0.41000000000000003,0.44000000000000006,0.0
PHASE 3B,997,798400,796,2175.5194578488918,1451.7586570464468,2651.669403128538,560.7366218750003,581.0040156250003,129.22235254362135,0.4257142857142857,0.55,0.0
PHASE 3B,998,799200,796,2175.5194578488918,1451.7586570464468,2651.669403128538,560.7366218750003,581.0040156250003,129.22235254362135,0.4057142857142858,0.44142857142857145,0.0
PHASE 3B,999,800000,800,2180.287980419529,1527.9516612182908,2651.669403128538,556.7817052083336,587.8255583333337,129.46008960974262,0.0,0.0,0.0
PHASE 3B,1000,800800,800,2180.2879804195295,1527.9516612182908,2651.669403128538,556.7817052083336,587.8255583333338,129.46008960974262,0.4185714285714286,0.4385714285714286,0.0
PHASE 3B,1001,801600,800,2180.2879804195295,1527.9516612182908,2651.669403128538,556.7817052083336,587.8255583333338,129.46008960974262,0.45,0.47428571428571437,0.0
PHASE 3B,1002,802400,800,2180.2879804195295,1527.9516612182908,2651.669403128538,556.7817052083336,587.8255583333338,129.46008960974262,0.41714285714285726,0.5357142857142858,0.0
PHASE 3B,1003,803200,800,2180.2879804195295,1527.9516612182908,2651.669403128538,556.7817052083336,587.8255583333338,129.46008960974262,0.4128571428571429,0.4428571428571429,0.0
PHASE 3B,1004,804000,804,2178.387089250008,1527.9516612182908,2667.687027868312,554.1367093750002,590.0223468750004,129.27850412501076,0.0,0.0,0.0
PHASE 3B,1005,804800,804,2178.387089250008,1527.9516612182908,2667.687027868312,554.1367093750002,590.0223468750004,129.27850412501078,0.4585714285714285,0.35571428571428576,0.0
PHASE 3B,1006,805600,804,2178.387089250008,1527.9516612182908,2667.687027868312,554.1367093750002,590.0223468750004,129.27850412501078,0.5199999999999999,0.4714285714285714,0.0
PHASE 3B,1007,806400,804,2178.387089250008,1527.9516612182908,2667.687027868312,554.1367093750002,590.0223468750004,129.27850412501078,0.42285714285714293,0.4257142857142858,0.0
PHASE 3B,1008,807200,804,2178.387089250008,1527.9516612182908,2667.687027868312,554.1367093750002,590.0223468750004,129.27850412501078,0.42428571428571427,0.45285714285714296,0.0
PHASE 3B,1009,808000,808,2177.103009607613,1527.9516612182908,2667.687027868312,555.887610416667,587.870819791667,129.16807242492,0.0,0.0,0.0
PHASE 3B,1010,808800,808,2177.103009607613,1527.9516612182908,2667.687027868312,555.887610416667,587.870819791667,129.16807242491998,0.37142857142857144,0.3685714285714286,0.0
PHASE 3B,1011,809600,808,2177.103009607613,1527.9516612182908,2667.687027868312,555.887610416667,587.870819791667,129.16807242491998,0.4557142857142857,0.5142857142857143,0.0
PHASE 3B,1012,810400,808,2177.103009607613,1527.9516612182908,2667.687027868312,555.887610416667,587.870819791667,129.16807242491998,0.3571428571428572,0.44857142857142857,0.0
PHASE 3B,1013,811200,808,2177.103009607613,1527.9516612182908,2667.687027868312,555.887610416667,587.870819791667,129.16807242491998,0.43428571428571433,0.45714285714285713,0.0
PHASE 3B,1014,812000,812,2170.372899522991,1527.9516612182908,2667.687027868312,555.0781718750003,585.2321989583337,128.7578160862173,0.0,0.0,0.0
PHASE 3B,1015,812800,812,2170.372899522991,1527.9516612182908,2667.687027868312,555.0781718750004,585.2321989583337,128.75781608621733,0.47714285714285715,0.5028571428571429,0.0
PHASE 3B,1016,813600,812,2170.372899522991,1527.9516612182908,2667.687027868312,555.0781718750004,585.2321989583337,128.75781608621733,0.3442857142857143,0.5142857142857142,0.0
PHASE 3B,1017,814400,812,2170.372899522991,1527.9516612182908,2667.687027868312,555.0781718750004,585.2321989583337,128.75781608621733,0.38,0.4585714285714285,0.0
PHASE 3B,1018,815200,812,2170.372899522991,1527.9516612182908,2667.687027868312,555.0781718750004,585.2321989583337,128.75781608621733,0.37142857142857144,0.5385714285714286,0.0
PHASE 3B,1019,816000,816,2175.859715328643,1532.1509797333417,2667.687027868312,557.305632291667,586.4249489583337,129.01614175984054,0.0,0.0,0.0
PHASE 3B,1020,816800,816,2175.859715328643,1532.1509797333417,2667.687027868312,557.305632291667,586.4249489583337,129.01614175984054,0.40428571428571425,0.48142857142857143,0.0
PHASE 3B,1021,817600,816,2175.859715328643,1532.1509797333417,2667.687027868312,557.305632291667,586.4249489583337,129.01614175984054,0.4385714285714286,0.5357142857142858,0.0
PHASE 3B,1022,818400,816,2175.859715328643,1532.1509797333417,2667.687027868312,557.305632291667,586.4249489583337,129.01614175984054,0.4442857142857143,0.47428571428571437,0.0
PHASE 3B,1023,819200,816,2175.859715328643,1532.1509797333417,2667.687027868312,557.305632291667,586.4249489583337,129.01614175984054,0.4742857142857143,0.4628571428571428,0.0
PHASE 3B,1024,820000,820,2169.497845817999,1532.1509797333417,2667.687027868312,556.8869958333337,584.2181552083337,128.54908684705185,0.0,0.0,0.0
PHASE 3B,1025,820800,820,2169.4978458179994,1532.1509797333417,2667.687027868312,556.8869958333337,584.2181552083338,128.54908684705185,0.4585714285714285,0.51,0.0
PHASE 3B,1026,821600,820,2169.4978458179994,1532.1509797333417,2667.687027868312,556.8869958333337,584.2181552083338,128.54908684705185,0.42857142857142866,0.4814285714285715,0.0
PHASE 3B,1027,822400,820,2169.4978458179994,1532.1509797333417,2667.687027868312,556.8869958333337,584.2181552083338,128.54908684705185,0.4442857142857143,0.5,0.0
PHASE 3B,1028,823200,820,2169.4978458179994,1532.1509797333417,2667.687027868312,556.8869958333337,584.2181552083338,128.54908684705185,0.42142857142857143,0.4585714285714285,0.0
PHASE 3B,1029,824000,824,2170.5060074849575,1532.1509797333417,2667.687027868312,554.7921562500003,586.5539322916671,128.64498986792162,0.0,0.0,0.0
PHASE 3B,1030,824800,824,2170.5060074849575,1532.1509797333417,2667.687027868312,554.7921562500004,586.553932291667,128.64498986792165,0.39714285714285713,0.4814285714285715,0.0
PHASE 3B,1031,825600,824,2170.5060074849575,1532.1509797333417,2667.687027868312,554.7921562500004,586.553932291667,128.64498986792165,0.4371428571428571,0.4742857142857143,0.0
PHASE 3B,1032,826400,824,2170.5060074849575,1532.1509797333417,2667.687027868312,554.7921562500004,586.553932291667,128.64498986792165,0.49428571428571433,0.43285714285714294,0.0
PHASE 3B,1033,827200,824,2170.5060074849575,1532.1509797333417,2667.687027868312,554.7921562500004,586.553932291667,128.64498986792165,0.4957142857142857,0.5114285714285713,0.0
PHASE 3B,1034,828000,828,2162.8923447126485,1532.1509797333417,2667.687027868312,551.7877781250004,585.3173750000003,128.22339894846647,0.0,0.0,0.0
PHASE 3B,1035,828800,828,2162.892344712649,1532.1509797333417,2667.687027868312,551.7877781250004,585.3173750000004,128.22339894846647,0.4814285714285715,0.4128571428571429,0.0
PHASE 3B,1036,829600,828,2162.892344712649,1532.1509797333417,2667.687027868312,551.7877781250004,585.3173750000004,128.22339894846647,0.4071428571428572,0.4442857142857143,0.0
PHASE 3B,1037,830400,828,2162.892344712649,1532.1509797333417,2667.687027868312,551.7877781250004,585.3173750000004,128.22339894846647,0.46571428571428575,0.47857142857142865,0.0
PHASE 3B,1038,831200,828,2162.892344712649,1532.1509797333417,2667.687027868312,551.7877781250004,585.3173750000004,128.22339894846647,0.42857142857142866,0.5028571428571429,0.0
PHASE 3B,1039,832000,832,2163.0956183584763,1532.1509797333417,2667.687027868312,553.9431562500004,583.0560583333338,128.2620504719033,0.0,0.0,0.0
PHASE 3B,1040,832800,832,2163.0956183584763,1532.1509797333417,2667.687027868312,553.9431562500002,583.0560583333337,128.2620504719033,0.44000000000000006,0.49857142857142855,0.0
PHASE 3B,1041,833600,832,2163.0956183584763,1532.1509797333417,2667.687027868312,553.9431562500002,583.0560583333337,128.2620504719033,0.49142857142857155,0.4257142857142857,0.0
PHASE 3B,1042,834400,832,2163.0956183584763,1532.1509797333417,2667.687027868312,553.9431562500002,583.0560583333337,128.2620504719033,0.4557142857142858,0.43000000000000005,0.0
PHASE 3B,1043,835200,832,2163.0956183584763,1532.1509797333417,2667.687027868312,553.9431562500002,583.0560583333337,128.2620504719033,0.41000000000000003,0.4642857142857143,0.0
PHASE 3B,1044,836000,836,2161.8217343832785,1532.1509797333417,2667.687027868312,550.597860416667,585.4223187500004,128.2251944020869,0.0,0.0,0.0
PHASE 3B,1045,836800,836,2161.821734383278,1532.1509797333417,2667.687027868312,550.597860416667,585.4223187500004,128.22519440208694,0.4671428571428572,0.5328571428571429,0.0
PHASE 3B,1046,837600,836,2161.821734383278,1532.1509797333417,2667.687027868312,550.597860416667,585.4223187500004,128.22519440208694,0.49142857142857144,0.5200000000000001,0.0
PHASE 3B,1047,838400,836,2161.821734383278,1532.1509797333417,2667.687027868312,550.597860416667,585.4223187500004,128.22519440208694,0.4185714285714285,0.44142857142857145,0.0
PHASE 3B,1048,839200,836,2161.821734383278,1532.1509797333417,2667.687027868312,550.597860416667,585.4223187500004,128.22519440208694,0.45857142857142863,0.4614285714285714,0.0
PHASE 3B,1049,840000,840,2166.5418046827094,1532.1509797333417,2667.687027868312,555.6398437500004,582.7157656250004,128.52327441347424,0.0,0.0,0.0
PHASE 3B,1050,840800,840,2166.5418046827094,1532.1509797333417,2667.687027868312,555.6398437500003,582.7157656250004,128.5232744134742,0.4385714285714286,0.39142857142857146,0.0
PHASE 3B,1051,841600,840,2166.5418046827094,1532.1509797333417,2667.687027868312,555.6398437500003,582.7157656250004,128.5232744134742,0.4257142857142857,0.5,0.0
PHASE 3B,1052,842400,840,2166.5418046827094,1532.1509797333417,2667.687027868312,555.6398437500003,582.7157656250004,128.5232744134742,0.49428571428571433,0.39428571428571435,0.0
PHASE 3B,1053,843200,840,2166.5418046827094,1532.1509797333417,2667.687027868312,555.6398437500003,582.7157656250004,128.5232744134742,0.47285714285714286,0.4714285714285714,0.0
PHASE 3B,1054,844000,844,2175.3376704393922,1532.1509797333417,2667.687027868312,555.7522958333336,587.6168458333337,128.99606609660134,0.0,0.0,0.0
PHASE 3B,1055,844800,844,2175.3376704393927,1532.1509797333417,2667.687027868312,555.7522958333337,587.6168458333336,128.99606609660134,0.43285714285714283,0.3685714285714286,0.0
PHASE 3B,1056,845600,844,2175.3376704393927,1532.1509797333417,2667.687027868312,555.7522958333337,587.6168458333336,128.99606609660134,0.4957142857142857,0.41142857142857137,0.0
PHASE 3B,1057,846400,844,2175.3376704393927,1532.1509797333417,2667.687027868312,555.7522958333337,587.6168458333336,128.99606609660134,0.4128571428571429,0.4385714285714286,0.0
PHASE 3B,1058,847200,844,2175.3376704393927,1532.1509797333417,2667.687027868312,555.7522958333337,587.6168458333336,128.99606609660134,0.3642857142857142,0.3785714285714286,0.0
PHASE 3B,1059,848000,848,2168.577989137496,1532.1509797333417,2667.687027868312,555.481535416667,584.9527520833337,128.5179627046978,0.0,0.0,0.0
PHASE 3B,1060,848800,848,2168.577989137495,1532.1509797333417,2667.687027868312,555.481535416667,584.9527520833337,128.51796270469777,0.4428571428571429,0.43,0.0
PHASE 3B,1061,849600,848,2168.577989137495,1532.1509797333417,2667.687027868312,555.481535416667,584.9527520833337,128.51796270469777,0.4957142857142857,0.4471428571428572,0.0
PHASE 3B,1062,850400,848,2168.577989137495,1532.1509797333417,2667.687027868312,555.481535416667,584.9527520833337,128.51796270469777,0.43285714285714294,0.4742857142857143,0.0
PHASE 3B,1063,851200,848,2168.577989137495,1532.1509797333417,2667.687027868312,555.481535416667,584.9527520833337,128.51796270469777,0.4257142857142858,0.51,0.0
PHASE 3B,1064,852000,852,2172.2528113224043,1532.1509797333417,2667.687027868312,555.2026260416671,587.5544593750004,128.6869657382281,0.0,0.0,0.0
PHASE 3B,1065,852800,852,2172.2528113224043,1532.1509797333417,2667.687027868312,555.202626041667,587.5544593750003,128.6869657382281,0.45857142857142863,0.48,0.0
PHASE 3B,1066,853600,852,2172.2528113224043,1532.1509797333417,2667.687027868312,555.202626041667,587.5544593750003,128.6869657382281,0.45285714285714296,0.44000000000000006,0.0
PHASE 3B,1067,854400,852,2172.2528113224043,1532.1509797333417,2667.687027868312,555.202626041667,587.5544593750003,128.6869657382281,0.43714285714285717,0.4842857142857143,0.0
PHASE 3B,1068,855200,852,2172.2528113224043,1532.1509797333417,2667.687027868312,555.202626041667,587.5544593750003,128.6869657382281,0.5228571428571429,0.4614285714285714,0.0
PHASE 3B,1069,856000,856,2167.3957304817823,1532.1509797333417,2667.687027868312,557.556047916667,583.4503739583337,128.29866357585865,0.0,0.0,0.0
PHASE 3B,1070,856800,856,2167.395730481782,1532.1509797333417,2667.687027868312,557.556047916667,583.4503739583337,128.29866357585865,0.4742857142857143,0.4585714285714285,0.0
PHASE 3B,1071,857600,856,2167.395730481782,1532.1509797333417,2667.687027868312,557.556047916667,583.4503739583337,128.29866357585865,0.44142857142857145,0.3828571428571429,0.0
PHASE 3B,1072,858400,856,2167.395730481782,1532.1509797333417,2667.687027868312,557.556047916667,583.4503739583337,128.29866357585865,0.3742857142857144,0.42428571428571427,0.0
PHASE 3B,1073,859200,856,2167.395730481782,1532.1509797333417,2667.687027868312,557.556047916667,583.4503739583337,128.29866357585865,0.49142857142857144,0.5657142857142858,0.0
PHASE 3B,1074,860000,860,2158.7107605048013,1532.1509797333417,2667.687027868312,558.464010416667,577.8274552083337,127.80241185998622,0.0,0.0,0.0
PHASE 3B,1075,860800,860,2158.710760504802,1532.1509797333417,2667.687027868312,558.464010416667,577.8274552083336,127.80241185998624,0.5271428571428572,0.39571428571428574,0.0
PHASE 3B,1076,861600,860,2158.710760504802,1532.1509797333417,2667.687027868312,558.464010416667,577.8274552083336,127.80241185998624,0.4371428571428571,0.44142857142857145,0.0
PHASE 3B,1077,862400,860,2158.710760504802,1532.1509797333417,2667.687027868312,558.464010416667,577.8274552083336,127.80241185998624,0.45285714285714285,0.49714285714285716,0.0
PHASE 3B,1078,863200,860,2158.710760504802,1532.1509797333417,2667.687027868312,558.464010416667,577.8274552083336,127.80241185998624,0.38000000000000006,0.41,0.0
PHASE 3B,1079,864000,864,2147.558212229502,1399.024559455229,2667.687027868312,555.0700593750003,575.4015875000002,127.13582066932383,0.0,0.0,0.0
PHASE 3B,1080,864800,864,2147.5582122295014,1399.024559455229,2667.687027868312,555.0700593750004,575.4015875000003,127.13582066932383,0.48857142857142855,0.43285714285714294,0.0
PHASE 3B,1081,865600,864,2147.5582122295014,1399.024559455229,2667.687027868312,555.0700593750004,575.4015875000003,127.13582066932383,0.43,0.3714285714285714,0.0
PHASE 3B,1082,866400,864,2147.5582122295014,1399.024559455229,2667.687027868312,555.0700593750004,575.4015875000003,127.13582066932383,0.4442857142857143,0.5485714285714286,0.0
PHASE 3B,1083,867200,864,2147.5582122295014,1399.024559455229,2667.687027868312,555.0700593750004,575.4015875000003,127.13582066932383,0.39,0.4557142857142858,0.0
PHASE 3B,1084,868000,868,2147.828439103558,1399.024559455229,2667.687027868312,553.8714718750003,577.1347260416671,127.10278014837279,0.0,0.0,0.0
PHASE 3B,1085,868800,868,2147.8284391035586,1399.024559455229,2667.687027868312,553.8714718750002,577.134726041667,127.10278014837277,0.472857142857143,0.48,0.0
PHASE 3B,1086,869600,868,2147.8284391035586,1399.024559455229,2667.687027868312,553.8714718750002,577.134726041667,127.10278014837277,0.4800000000000001,0.5014285714285716,0.0
PHASE 3B,1087,870400,868,2147.8284391035586,1399.024559455229,2667.687027868312,553.8714718750002,577.134726041667,127.10278014837277,0.36714285714285716,0.39714285714285713,0.0
PHASE 3B,1088,871200,868,2147.8284391035586,1399.024559455229,2667.687027868312,553.8714718750002,577.134726041667,127.10278014837277,0.3828571428571429,0.4257142857142857,0.0
PHASE 3B,1089,872000,872,2139.9521459406715,1399.024559455229,2667.687027868312,552.991144791667,574.5859437500004,126.5468821748871,0.0,0.0,0.0
PHASE 3B,1090,872800,872,2139.9521459406724,1399.024559455229,2667.687027868312,552.991144791667,574.5859437500003,126.5468821748871,0.3742857142857143,0.3857142857142857,0.0
PHASE 3B,1091,873600,872,2139.9521459406724,1399.024559455229,2667.687027868312,552.991144791667,574.5859437500003,126.5468821748871,0.4428571428571429,0.5142857142857143,0.0
PHASE 3B,1092,874400,872,2139.9521459406724,1399.024559455229,2667.687027868312,552.991144791667,574.5859437500003,126.5468821748871,0.4014285714285714,0.4,0.0
PHASE 3B,1093,875200,872,2139.9521459406724,1399.024559455229,2667.687027868312,552.991144791667,574.5859437500003,126.5468821748871,0.41714285714285715,0.47000000000000003,0.0
PHASE 3B,1094,876000,876,2138.2612454282485,1399.024559455229,2667.687027868312,555.4868062500003,570.9831187500002,126.47391505354258,0.0,0.0,0.0
PHASE 3B,1095,876800,876,2138.2612454282485,1399.024559455229,2667.687027868312,555.4868062500003,570.9831187500002,126.47391505354258,0.39,0.39714285714285713,0.0
PHASE 3B,1096,877600,876,2138.2612454282485,1399.024559455229,2667.687027868312,555.4868062500003,570.9831187500002,126.47391505354258,0.46142857142857147,0.4642857142857143,0.0
PHASE 3B,1097,878400,876,2138.2612454282485,1399.024559455229,2667.687027868312,555.4868062500003,570.9831187500002,126.47391505354258,0.44000000000000006,0.4128571428571429,0.0
PHASE 3B,1098,879200,876,2138.2612454282485,1399.024559455229,2667.687027868312,555.4868062500003,570.9831187500002,126.47391505354258,0.40714285714285714,0.5057142857142858,0.0
PHASE 3B,1099,880000,880,2125.962960692164,1278.9365880218013,2817.2847623624702,554.4549312500003,565.2132020833336,125.78685341986525,0.0,0.0,0.0
PHASE 3B,1100,880800,880,2125.962960692164,1278.9365880218013,2817.2847623624702,554.4549312500003,565.2132020833336,125.78685341986525,0.44000000000000006,0.48285714285714293,0.0
PHASE 3B,1101,881600,880,2125.962960692164,1278.9365880218013,2817.2847623624702,554.4549312500003,565.2132020833336,125.78685341986525,0.39,0.4171428571428571,0.0
PHASE 3B,1102,882400,880,2125.962960692164,1278.9365880218013,2817.2847623624702,554.4549312500003,565.2132020833336,125.78685341986525,0.3857142857142858,0.4871428571428572,0.0
PHASE 3B,1103,883200,880,2125.962960692164,1278.9365880218013,2817.2847623624702,554.4549312500003,565.2132020833336,125.78685341986525,0.3557142857142857,0.4800000000000001,0.0
PHASE 3B,1104,884000,884,2119.525677494484,1058.0838627669277,2817.2847623624702,549.0823333333337,567.3726286458336,125.38383943942597,0.0,0.0,0.0
PHASE 3B,1105,884800,884,2119.5256774944837,1058.0838627669277,2817.2847623624702,549.0823333333337,567.3726286458336,125.383839439426,0.45285714285714296,0.4685714285714286,0.0
PHASE 3B,1106,885600,884,2119.5256774944837,1058.0838627669277,2817.2847623624702,549.0823333333337,567.3726286458336,125.383839439426,0.4742857142857143,0.48285714285714293,0.0
PHASE 3B,1107,886400,884,2119.5256774944837,1058.0838627669277,2817.2847623624702,549.0823333333337,567.3726286458336,125.383839439426,0.3571428571428571,0.5657142857142856,0.0
PHASE 3B,1108,887200,884,2119.5256774944837,1058.0838627669277,2817.2847623624702,549.0823333333337,567.3726286458336,125.383839439426,0.4142857142857143,0.5242857142857142,0.0
PHASE 3B,1109,888000,888,2109.384221226754,1058.0838627669277,2817.2847623624702,551.292660416667,560.2900786458337,124.72518527054308,0.0,0.0,0.0
PHASE 3B,1110,888800,888,2109.3842212267546,1058.0838627669277,2817.2847623624702,551.2926604166671,560.2900786458337,124.72518527054308,0.4142857142857143,0.48428571428571426,0.0
PHASE 3B,1111,889600,888,2109.3842212267546,1058.0838627669277,2817.2847623624702,551.2926604166671,560.2900786458337,124.72518527054308,0.41571428571428576,0.49000000000000005,0.0
PHASE 3B,1112,890400,888,2109.3842212267546,1058.0838627669277,2817.2847623624702,551.2926604166671,560.2900786458337,124.72518527054308,0.4214285714285714,0.49428571428571433,0.0
PHASE 3B,1113,891200,888,2109.3842212267546,1058.0838627669277,2817.2847623624702,551.2926604166671,560.2900786458337,124.72518527054308,0.4700000000000001,0.48285714285714293,0.0
PHASE 3B,1114,892000,892,2116.2128973822673,1058.0838627669277,2817.2847623624702,555.4685645833337,561.1049140625004,124.95492734206553,0.0,0.0,0.0
PHASE 3B,1115,892800,892,2116.2128973822673,1058.0838627669277,2817.2847623624702,555.4685645833337,561.1049140625004,124.95492734206553,0.4642857142857143,0.44857142857142857,0.0
PHASE 3B,1116,893600,892,2116.2128973822673,1058.0838627669277,2817.2847623624702,555.4685645833337,561.1049140625004,124.95492734206553,0.4228571428571429,0.4400000000000001,0.0
PHASE 3B,1117,894400,892,2116.2128973822673,1058.0838627669277,2817.2847623624702,555.4685645833337,561.1049140625004,124.95492734206553,0.49857142857142855,0.48,0.0
PHASE 3B,1118,895200,892,2116.2128973822673,1058.0838627669277,2817.2847623624702,555.4685645833337,561.1049140625004,124.95492734206553,0.5185714285714286,0.44142857142857145,0.0
PHASE 3B,1119,896000,896,2100.9096972715797,1058.0838627669277,2817.2847623624702,549.182613541667,560.6170255208336,123.88875727614624,0.0,0.0,0.0
PHASE 3B,1120,896800,896,2100.9096972715797,1058.0838627669277,2817.2847623624702,549.182613541667,560.6170255208336,123.88875727614624,0.48285714285714293,0.44142857142857145,0.0
PHASE 3B,1121,897600,896,2100.9096972715797,1058.0838627669277,2817.2847623624702,549.182613541667,560.6170255208336,123.88875727614624,0.472857142857143,0.4471428571428572,0.0
PHASE 3B,1122,898400,896,2100.9096972715797,1058.0838627669277,2817.2847623624702,549.182613541667,560.6170255208336,123.88875727614624,0.4271428571428572,0.5171428571428571,0.0
PHASE 3B,1123,899200,896,2100.9096972715797,1058.0838627669277,2817.2847623624702,549.182613541667,560.6170255208336,123.88875727614624,0.4471428571428572,0.4428571428571429,0.0
PHASE 3B,1124,900000,900,2102.7025548577176,1058.0838627669277,2817.2847623624702,553.991182291667,557.2521536458336,123.93240236503851,0.0,0.0,0.0
PHASE 3B,1125,900800,900,2102.7025548577176,1058.0838627669277,2817.2847623624702,553.9911822916671,557.2521536458336,123.93240236503851,0.45,0.4642857142857143,0.0
PHASE 3B,1126,901600,900,2102.7025548577176,1058.0838627669277,2817.2847623624702,553.9911822916671,557.2521536458336,123.93240236503851,0.4600000000000001,0.47857142857142854,0.0
PHASE 3B,1127,902400,900,2102.7025548577176,1058.0838627669277,2817.2847623624702,553.9911822916671,557.2521536458336,123.93240236503851,0.42428571428571427,0.4685714285714286,0.0
PHASE 3B,1128,903200,900,2102.7025548577176,1058.0838627669277,2817.2847623624702,553.9911822916671,557.2521536458336,123.93240236503851,0.4314285714285715,0.39142857142857146,0.0
PHASE 3B,1129,904000,904,2099.8377866234528,1058.0838627669277,2817.2847623624702,555.0642625000004,554.4510286458336,123.79031193471387,0.0,0.0,0.0
PHASE 3B,1130,904800,904,2099.8377866234528,1058.0838627669277,2817.2847623624702,555.0642625000004,554.4510286458336,123.79031193471388,0.45,0.37,0.0
PHASE 3B,1131,905600,904,2099.8377866234528,1058.0838627669277,2817.2847623624702,555.0642625000004,554.4510286458336,123.79031193471388,0.472857142857143,0.4514285714285714,0.0
PHASE 3B,1132,906400,904,2099.8377866234528,1058.0838627669277,2817.2847623624702,555.0642625000004,554.4510286458336,123.79031193471388,0.4628571428571429,0.40428571428571425,0.0
PHASE 3B,1133,907200,904,2099.8377866234528,1058.0838627669277,2817.2847623624702,555.0642625000004,554.4510286458336,123.79031193471388,0.48285714285714293,0.46428571428571425,0.0
PHASE 3B,1134,908000,908,2098.957085921781,1058.0838627669277,2817.2847623624702,556.0119593750004,553.5548453125002,123.67378515429657,0.0,0.0,0.0
PHASE 3B,1135,908800,908,2098.957085921781,1058.0838627669277,2817.2847623624702,556.0119593750003,553.5548453125003,123.67378515429657,0.49857142857142855,0.4557142857142857,0.0
PHASE 3B,1136,909600,908,2098.957085921781,1058.0838627669277,2817.2847623624702,556.0119593750003,553.5548453125003,123.67378515429657,0.5071428571428572,0.5214285714285715,0.0
PHASE 3B,1137,910400,908,2098.957085921781,1058.0838627669277,2817.2847623624702,556.0119593750003,553.5548453125003,123.67378515429657,0.3971428571428572,0.4442857142857143,0.0
PHASE 3B,1138,911200,908,2098.957085921781,1058.0838627669277,2817.2847623624702,556.0119593750003,553.5548453125003,123.67378515429657,0.4471428571428572,0.55,0.0
PHASE 3B,1139,912000,912,2105.170329922215,1058.0838627669277,2817.2847623624702,556.2868447916669,556.3928671875004,124.06132724289242,0.0,0.0,0.0
PHASE 3B,1140,912800,912,2105.170329922215,1058.0838627669277,2817.2847623624702,556.2868447916669,556.3928671875002,124.0613272428924,0.4685714285714286,0.4685714285714286,0.0
PHASE 3B,1141,913600,912,2105.170329922215,1058.0838627669277,2817.2847623624702,556.2868447916669,556.3928671875002,124.0613272428924,0.45714285714285713,0.4928571428571429,0.0
PHASE 3B,1142,914400,912,2105.170329922215,1058.0838627669277,2817.2847623624702,556.2868447916669,556.3928671875002,124.0613272428924,0.5171428571428571,0.46571428571428575,0.0
PHASE 3B,1143,915200,912,2105.170329922215,1058.0838627669277,2817.2847623624702,556.2868447916669,556.3928671875002,124.0613272428924,0.3314285714285715,0.5114285714285715,0.0
PHASE 3B,1144,916000,916,2118.2619461421627,1058.0838627669277,2817.2847623624702,559.794257291667,560.5526171875002,124.73938395788589,0.0,0.0,0.0
PHASE 3B,1145,916800,916,2118.261946142163,1058.0838627669277,2817.2847623624702,559.7942572916669,560.5526171875003,124.73938395788588,0.46571428571428575,0.44142857142857145,0.0
PHASE 3B,1146,917600,916,2118.261946142163,1058.0838627669277,2817.2847623624702,559.7942572916669,560.5526171875003,124.73938395788588,0.47857142857142854,0.3685714285714286,0.0
PHASE 3B,1147,918400,916,2118.261946142163,1058.0838627669277,2817.2847623624702,559.7942572916669,560.5526171875003,124.73938395788588,0.42714285714285716,0.4757142857142857,0.0
PHASE 3B,1148,919200,916,2118.261946142163,1058.0838627669277,2817.2847623624702,559.7942572916669,560.5526171875003,124.73938395788588,0.42857142857142855,0.4514285714285714,0.0
PHASE 3B,1149,920000,920,2124.7822765564906,1058.0838627669277,2817.2847623624702,560.4256528645836,563.3867723958336,125.12123141202052,0.0,0.0,0.0
PHASE 3B,1150,920800,920,2124.7822765564906,1058.0838627669277,2817.2847623624702,560.4256528645835,563.3867723958336,125.12123141202053,0.3885714285714286,0.56,0.0
PHASE 3B,1151,921600,920,2124.7822765564906,1058.0838627669277,2817.2847623624702,560.4256528645835,563.3867723958336,125.12123141202053,0.48285714285714293,0.3928571428571429,0.0
PHASE 3B,1152,922400,920,2124.7822765564906,1058.0838627669277,2817.2847623624702,560.4256528645835,563.3867723958336,125.12123141202053,0.5071428571428571,0.5014285714285714,0.0
PHASE 3B,1153,923200,920,2124.7822765564906,1058.0838627669277,2817.2847623624702,560.4256528645835,563.3867723958336,125.12123141202053,0.49142857142857144,0.4428571428571429,0.0
PHASE 3B,1154,924000,924,2115.721321209287,1058.0838627669277,2817.2847623624702,561.1757289062502,558.1792703125003,124.5457902488285,0.0,0.0,0.0
PHASE 3B,1155,924800,924,2115.721321209287,1058.0838627669277,2817.2847623624702,561.1757289062502,558.1792703125003,124.5457902488285,0.44142857142857145,0.45999999999999996,0.0
PHASE 3B,1156,925600,924,2115.721321209287,1058.0838627669277,2817.2847623624702,561.1757289062502,558.1792703125003,124.5457902488285,0.4228571428571429,0.3928571428571428,0.0
PHASE 3B,1157,926400,924,2115.721321209287,1058.0838627669277,2817.2847623624702,561.1757289062502,558.1792703125003,124.5457902488285,0.43,0.36000000000000004,0.0
PHASE 3B,1158,927200,924,2115.721321209287,1058.0838627669277,2817.2847623624702,561.1757289062502,558.1792703125003,124.5457902488285,0.4885714285714286,0.5314285714285714,0.0
PHASE 3B,1159,928000,928,2128.7189270845975,1058.0838627669277,2817.2847623624702,566.150192447917,560.3479515625003,125.27759788428396,0.0,0.0,0.0
PHASE 3B,1160,928800,928,2128.7189270845975,1058.0838627669277,2817.2847623624702,566.1501924479171,560.3479515625003,125.27759788428396,0.44857142857142857,0.4514285714285714,0.0
PHASE 3B,1161,929600,928,2128.7189270845975,1058.0838627669277,2817.2847623624702,566.1501924479171,560.3479515625003,125.27759788428396,0.4814285714285715,0.4057142857142857,0.0
PHASE 3B,1162,930400,928,2128.7189270845975,1058.0838627669277,2817.2847623624702,566.1501924479171,560.3479515625003,125.27759788428396,0.5057142857142858,0.5428571428571429,0.0
PHASE 3B,1163,931200,928,2128.7189270845975,1058.0838627669277,2817.2847623624702,566.1501924479171,560.3479515625003,125.27759788428396,0.48571428571428577,0.42857142857142855,0.0
PHASE 3B,1164,932000,932,2131.916060603854,1058.0838627669277,2817.2847623624702,566.451683072917,562.0295276041669,125.42935624085774,0.0,0.0,0.0
PHASE 3B,1165,932800,932,2131.916060603854,1058.0838627669277,2817.2847623624702,566.4516830729169,562.0295276041671,125.42935624085774,0.4471428571428572,0.4628571428571429,0.0
PHASE 3B,1166,933600,932,2131.916060603854,1058.0838627669277,2817.2847623624702,566.4516830729169,562.0295276041671,125.42935624085774,0.4514285714285715,0.4057142857142857,0.0
PHASE 3B,1167,934400,932,2131.916060603854,1058.0838627669277,2817.2847623624702,566.4516830729169,562.0295276041671,125.42935624085774,0.4814285714285715,0.4814285714285715,0.0
PHASE 3B,1168,935200,932,2131.916060603854,1058.0838627669277,2817.2847623624702,566.4516830729169,562.0295276041671,125.42935624085774,0.5057142857142857,0.572857142857143,0.0
PHASE 3B,1169,936000,936,2135.527015344026,1058.0838627669277,2817.2847623624702,571.4397684895836,559.5465036458337,125.56759290108748,0.0,0.0,0.0
PHASE 3B,1170,936800,936,2135.527015344026,1058.0838627669277,2817.2847623624702,571.4397684895837,559.5465036458336,125.56759290108748,0.44000000000000006,0.43,0.0
PHASE 3B,1171,937600,936,2135.527015344026,1058.0838627669277,2817.2847623624702,571.4397684895837,559.5465036458336,125.56759290108748,0.5028571428571429,0.42428571428571427,0.0
PHASE 3B,1172,938400,936,2135.527015344026,1058.0838627669277,2817.2847623624702,571.4397684895837,559.5465036458336,125.56759290108748,0.5214285714285714,0.44142857142857145,0.0
PHASE 3B,1173,939200,936,2135.527015344026,1058.0838627669277,2817.2847623624702,571.4397684895837,559.5465036458336,125.56759290108748,0.45,0.45428571428571435,0.0
PHASE 3B,1174,940000,940,2149.013893560269,1058.0838627669277,2817.2847623624702,575.6371434895837,562.6565380208336,126.34002650624281,0.0,0.0,0.0
PHASE 3B,1175,940800,940,2149.013893560269,1058.0838627669277,2817.2847623624702,575.6371434895837,562.6565380208336,126.3400265062428,0.46571428571428564,0.4057142857142857,0.0
PHASE 3B,1176,941600,940,2149.013893560269,1058.0838627669277,2817.2847623624702,575.6371434895837,562.6565380208336,126.3400265062428,0.38571428571428573,0.4185714285714285,0.0
PHASE 3B,1177,942400,940,2149.013893560269,1058.0838627669277,2817.2847623624702,575.6371434895837,562.6565380208336,126.3400265062428,0.5014285714285716,0.5014285714285716,0.0
PHASE 3B,1178,943200,940,2149.013893560269,1058.0838627669277,2817.2847623624702,575.6371434895837,562.6565380208336,126.3400265062428,0.3885714285714285,0.4871428571428572,0.0
PHASE 3B,1179,944000,944,2152.2810900109257,1058.0838627669277,2817.2847623624702,576.0562601562502,563.700643229167,126.56552332819982,0.0,0.0,0.0
PHASE 3B,1180,944800,944,2152.281090010925,1058.0838627669277,2817.2847623624702,576.0562601562502,563.700643229167,126.5655233281998,0.45,0.5028571428571429,0.0
PHASE 3B,1181,945600,944,2152.281090010925,1058.0838627669277,2817.2847623624702,576.0562601562502,563.700643229167,126.5655233281998,0.45857142857142863,0.38428571428571423,0.0
PHASE 3B,1182,946400,944,2152.281090010925,1058.0838627669277,2817.2847623624702,576.0562601562502,563.700643229167,126.5655233281998,0.41571428571428576,0.5,0.0
PHASE 3B,1183,947200,944,2152.281090010925,1058.0838627669277,2817.2847623624702,576.0562601562502,563.700643229167,126.5655233281998,0.4842857142857143,0.41714285714285715,0.0
PHASE 3B,1184,948000,948,2149.8361499579114,1058.0838627669277,2817.2847623624702,574.1991966145837,563.782565104167,126.48179852990637,0.0,0.0,0.0
PHASE 3B,1185,948800,948,2149.836149957912,1058.0838627669277,2817.2847623624702,574.1991966145837,563.782565104167,126.48179852990637,0.5014285714285716,0.3871428571428572,0.0
PHASE 3B,1186,949600,948,2149.836149957912,1058.0838627669277,2817.2847623624702,574.1991966145837,563.782565104167,126.48179852990637,0.5114285714285713,0.5414285714285715,0.0
PHASE 3B,1187,950400,948,2149.836149957912,1058.0838627669277,2817.2847623624702,574.1991966145837,563.782565104167,126.48179852990637,0.46428571428571425,0.35285714285714287,0.0
PHASE 3B,1188,951200,948,2149.836149957912,1058.0838627669277,2817.2847623624702,574.1991966145837,563.782565104167,126.48179852990637,0.4514285714285714,0.42428571428571427,0.0
PHASE 3B,1189,952000,952,2161.0137263253255,1058.0838627669277,2817.2847623624702,580.8322570312504,563.5173567708338,127.08301406541632,0.0,0.0,0.0
PHASE 3B,1190,952800,952,2161.0137263253255,1058.0838627669277,2817.2847623624702,580.8322570312504,563.5173567708337,127.08301406541632,0.5428571428571429,0.46428571428571425,0.0
PHASE 3B,1191,953600,952,2161.0137263253255,1058.0838627669277,2817.2847623624702,580.8322570312504,563.5173567708337,127.08301406541632,0.4642857142857143,0.5628571428571428,0.0
PHASE 3B,1192,954400,952,2161.0137263253255,1058.0838627669277,2817.2847623624702,580.8322570312504,563.5173567708337,127.08301406541632,0.46571428571428575,0.5314285714285715,0.0
PHASE 3B,1193,955200,952,2161.0137263253255,1058.0838627669277,2817.2847623624702,580.8322570312504,563.5173567708337,127.08301406541632,0.40428571428571436,0.5285714285714287,0.0
PHASE 3B,1194,956000,956,2162.596868008984,1058.0838627669277,2817.2847623624702,582.1037309895836,563.3674307291669,127.14071328629025,0.0,0.0,0.0
PHASE 3B,1195,956800,956,2162.596868008984,1058.0838627669277,2817.2847623624702,582.1037309895836,563.3674307291669,127.14071328629025,0.45,0.45714285714285713,0.0
PHASE 3B,1196,957600,956,2162.596868008984,1058.0838627669277,2817.2847623624702,582.1037309895836,563.3674307291669,127.14071328629025,0.43,0.5057142857142857,0.0
PHASE 3B,1197,958400,956,2162.596868008984,1058.0838627669277,2817.2847623624702,582.1037309895836,563.3674307291669,127.14071328629025,0.5357142857142857,0.4185714285714286,0.0
PHASE 3B,1198,959200,956,2162.596868008984,1058.0838627669277,2817.2847623624702,582.1037309895836,563.3674307291669,127.14071328629025,0.49000000000000005,0.4271428571428572,0.0
PHASE 3B,1199,960000,960,2180.925580181743,1058.0838627669277,2817.2847623624702,587.115851822917,567.9665817708336,128.23039332350996,0.0,0.0,0.0
PHASE 3B,1200,960800,960,2180.9255801817426,1058.0838627669277,2817.2847623624702,587.115851822917,567.9665817708336,128.23039332350996,0.42714285714285716,0.4228571428571429,0.0
PHASE 3B,1201,961600,960,2180.9255801817426,1058.0838627669277,2817.2847623624702,587.115851822917,567.9665817708336,128.23039332350996,0.44857142857142857,0.43714285714285717,0.0
PHASE 3B,1202,962400,960,2180.9255801817426,1058.0838627669277,2817.2847623624702,587.115851822917,567.9665817708336,128.23039332350996,0.5100000000000001,0.5071428571428572,0.0
PHASE 3B,1203,963200,960,2180.9255801817426,1058.0838627669277,2817.2847623624702,587.115851822917,567.9665817708336,128.23039332350996,0.5442857142857143,0.34714285714285714,0.0
PHASE 3B,1204,964000,964,2195.896820268523,1058.0838627669277,2817.2847623624702,590.3251591145837,572.9183505208337,129.08166382914908,0.0,0.0,0.0
PHASE 3B,1205,964800,964,2195.8968202685223,1058.0838627669277,2817.2847623624702,590.3251591145836,572.9183505208335,129.08166382914908,0.4571428571428572,0.5114285714285713,0.0
PHASE 3B,1206,965600,964,2195.8968202685223,1058.0838627669277,2817.2847623624702,590.3251591145836,572.9183505208335,129.08166382914908,0.4871428571428572,0.49142857142857144,0.0
PHASE 3B,1207,966400,964,2195.8968202685223,1058.0838627669277,2817.2847623624702,590.3251591145836,572.9183505208335,129.08166382914908,0.5028571428571429,0.42857142857142866,0.0
PHASE 3B,1208,967200,964,2195.8968202685223,1058.0838627669277,2817.2847623624702,590.3251591145836,572.9183505208335,129.08166382914908,0.5357142857142858,0.45999999999999996,0.0
PHASE 3B,1209,968000,968,2202.8796377320255,1058.0838627669277,2817.2847623624702,591.1378757812503,576.2106036458335,129.44139478812846,0.0,0.0,0.0
PHASE 3B,1210,968800,968,2202.879637732026,1058.0838627669277,2817.2847623624702,591.1378757812503,576.2106036458335,129.44139478812846,0.45285714285714285,0.47857142857142854,0.0
PHASE 3B,1211,969600,968,2202.879637732026,1058.0838627669277,2817.2847623624702,591.1378757812503,576.2106036458335,129.44139478812846,0.5157142857142858,0.44857142857142857,0.0
PHASE 3B,1212,970400,968,2202.879637732026,1058.0838627669277,2817.2847623624702,591.1378757812503,576.2106036458335,129.44139478812846,0.5242857142857142,0.43285714285714283,0.0
PHASE 3B,1213,971200,968,2202.879637732026,1058.0838627669277,2817.2847623624702,591.1378757812503,576.2106036458335,129.44139478812846,0.4685714285714286,0.5014285714285716,0.0
PHASE 3B,1214,972000,972,2208.689766335886,1058.0838627669277,2817.2847623624702,590.931767447917,579.2229380208336,129.8168826084025,0.0,0.0,0.0
PHASE 3B,1215,972800,972,2208.6897663358855,1058.0838627669277,2817.2847623624702,590.931767447917,579.2229380208337,129.8168826084025,0.4257142857142857,0.43714285714285717,0.0
PHASE 3B,1216,973600,972,2208.6897663358855,1058.0838627669277,2817.2847623624702,590.931767447917,579.2229380208337,129.8168826084025,0.48571428571428577,0.5071428571428572,0.0
PHASE 3B,1217,974400,972,2208.6897663358855,1058.0838627669277,2817.2847623624702,590.931767447917,579.2229380208337,129.8168826084025,0.4600000000000001,0.44571428571428573,0.0
PHASE 3B,1218,975200,972,2208.6897663358855,1058.0838627669277,2817.2847623624702,590.931767447917,579.2229380208337,129.8168826084025,0.3842857142857143,0.37857142857142867,0.0
PHASE 3B,1219,976000,976,2212.5611877552706,1058.0838627669277,2817.2847623624702,591.6704091145837,580.6652421875003,130.02819205665898,0.0,0.0,0.0
PHASE 3B,1220,976800,976,2212.561187755271,1058.0838627669277,2817.2847623624702,591.6704091145835,580.6652421875003,130.02819205665898,0.4700000000000001,0.5900000000000001,0.0
PHASE 3B,1221,977600,976,2212.561187755271,1058.0838627669277,2817.2847623624702,591.6704091145835,580.6652421875003,130.02819205665898,0.46571428571428575,0.43428571428571433,0.0
PHASE 3B,1222,978400,976,2212.561187755271,1058.0838627669277,2817.2847623624702,591.6704091145835,580.6652421875003,130.02819205665898,0.41571428571428565,0.44857142857142857,0.0
PHASE 3B,1223,979200,976,2212.561187755271,1058.0838627669277,2817.2847623624702,591.6704091145835,580.6652421875003,130.02819205665898,0.4028571428571429,0.5028571428571429,0.0
PHASE 3B,1224,980000,980,2214.1864024276747,1058.0838627669277,2781.8116498969202,591.1073101562503,582.7387203125003,130.04254649487615,0.0,0.0,0.0
PHASE 3B,1225,980800,980,2214.1864024276747,1058.0838627669277,2781.8116498969202,591.1073101562503,582.7387203125003,130.04254649487615,0.4928571428571429,0.4642857142857143,0.0
PHASE 3B,1226,981600,980,2214.1864024276747,1058.0838627669277,2781.8116498969202,591.1073101562503,582.7387203125003,130.04254649487615,0.45,0.4685714285714286,0.0
PHASE 3B,1227,982400,980,2214.1864024276747,1058.0838627669277,2781.8116498969202,591.1073101562503,582.7387203125003,130.04254649487615,0.43285714285714294,0.5200000000000001,0.0
PHASE 3B,1228,983200,980,2214.1864024276747,1058.0838627669277,2781.8116498969202,591.1073101562503,582.7387203125003,130.04254649487615,0.4557142857142858,0.5171428571428571,0.0
PHASE 3B,1229,984000,984,2224.3851898969156,1516.1529950840043,2781.8116498969202,598.2665966145836,581.3975375000002,130.59013197280223,0.0,0.0,0.0
PHASE 3B,1230,984800,984,2224.385189896916,1516.1529950840043,2781.8116498969202,598.2665966145836,581.3975375000005,130.59013197280223,0.3971428571428572,0.45,0.0
PHASE 3B,1231,985600,984,2224.385189896916,1516.1529950840043,2781.8116498969202,598.2665966145836,581.3975375000005,130.59013197280223,0.4571428571428572,0.4014285714285714,0.0
PHASE 3B,1232,986400,984,2224.385189896916,1516.1529950840043,2781.8116498969202,598.2665966145836,581.3975375000005,130.59013197280223,0.5257142857142857,0.4385714285714286,0.0
PHASE 3B,1233,987200,984,2224.385189896916,1516.1529950840043,2781.8116498969202,598.2665966145836,581.3975375000005,130.59013197280223,0.48285714285714293,0.4,0.0
PHASE 3B,1234,988000,988,2227.911714221487,1676.6231638285808,2819.8975306730763,598.3454903645836,582.9911000000004,130.8218904821236,0.0,0.0,0.0
PHASE 3B,1235,988800,988,2227.911714221487,1676.6231638285808,2819.8975306730763,598.3454903645836,582.9911000000003,130.8218904821236,0.3685714285714286,0.5028571428571429,0.0
PHASE 3B,1236,989600,988,2227.911714221487,1676.6231638285808,2819.8975306730763,598.3454903645836,582.9911000000003,130.8218904821236,0.49714285714285716,0.4928571428571429,0.0
PHASE 3B,1237,990400,988,2227.911714221487,1676.6231638285808,2819.8975306730763,598.3454903645836,582.9911000000003,130.8218904821236,0.4714285714285714,0.49000000000000005,0.0
PHASE 3B,1238,991200,988,2227.911714221487,1676.6231638285808,2819.8975306730763,598.3454903645836,582.9911000000003,130.8218904821236,0.4542857142857143,0.47000000000000003,0.0
PHASE 3B,1239,992000,992,2227.7864083654813,1676.6231638285808,2984.4780988046014,596.4397799479169,584.6079645833336,130.8423329792896,0.0,0.0,0.0
PHASE 3B,1240,992800,992,2227.7864083654813,1676.6231638285808,2984.4780988046014,596.4397799479169,584.6079645833336,130.8423329792896,0.4171428571428571,0.4757142857142857,0.0
PHASE 3B,1241,993600,992,2227.7864083654813,1676.6231638285808,2984.4780988046014,596.4397799479169,584.6079645833336,130.8423329792896,0.45,0.46571428571428575,0.0
PHASE 3B,1242,994400,992,2227.7864083654813,1676.6231638285808,2984.4780988046014,596.4397799479169,584.6079645833336,130.8423329792896,0.4642857142857143,0.48571428571428577,0.0
PHASE 3B,1243,995200,992,2227.7864083654813,1676.6231638285808,2984.4780988046014,596.4397799479169,584.6079645833336,130.8423329792896,0.4342857142857143,0.38,0.0
PHASE 3B,1244,996000,996,2236.7303476353745,1676.6231638285808,2984.4780988046014,597.8183872395836,587.0805791666669,131.47892265365127,0.0,0.0,0.0
PHASE 3B,1245,996800,996,2236.730347635374,1676.6231638285808,2984.4780988046014,597.8183872395836,587.080579166667,131.47892265365127,0.3928571428571429,0.4671428571428572,0.0
PHASE 3B,1246,997600,996,2236.730347635374,1676.6231638285808,2984.4780988046014,597.8183872395836,587.080579166667,131.47892265365127,0.4471428571428572,0.4485714285714287,0.0
PHASE 3B,1247,998400,996,2236.730347635374,1676.6231638285808,2984.4780988046014,597.8183872395836,587.080579166667,131.47892265365127,0.4757142857142857,0.4685714285714286,0.0
PHASE 3B,1248,999200,996,2236.730347635374,1676.6231638285808,2984.4780988046014,597.8183872395836,587.080579166667,131.47892265365127,0.4928571428571429,0.41142857142857137,0.0
PHASE 3B,1249,1000000,1000,2235.2052498722305,1676.6231638285808,2984.4780988046014,595.8333372395836,588.121969791667,131.40624285513323,0.0,0.0,0.0
PHASE 3B,1250,1000800,1000,2235.2052498722305,1676.6231638285808,2984.4780988046014,595.8333372395837,588.1219697916671,131.40624285513323,0.4428571428571429,0.4442857142857143,0.0
PHASE 3B,1251,1001600,1000,2235.2052498722305,1676.6231638285808,2984.4780988046014,595.8333372395837,588.1219697916671,131.40624285513323,0.45285714285714285,0.5214285714285716,0.0
PHASE 3B,1252,1002400,1000,2235.2052498722305,1676.6231638285808,2984.4780988046014,595.8333372395837,588.1219697916671,131.40624285513323,0.4542857142857143,0.5414285714285715,0.0
PHASE 3B,1253,1003200,1000,2235.2052498722305,1676.6231638285808,2984.4780988046014,595.8333372395837,588.1219697916671,131.40624285513323,0.4828571428571428,0.49000000000000005,0.0
PHASE 3B,1254,1004000,1004,2236.82250346948,1676.6231638285808,2984.4780988046014,595.932142447917,588.981838541667,131.48856530999757,0.0,0.0,0.0
PHASE 3B,1255,1004800,1004,2236.8225034694797,1676.6231638285808,2984.4780988046014,595.9321424479169,588.9818385416671,131.48856530999757,0.3742857142857143,0.492857142857143,0.0
PHASE 3B,1256,1005600,1004,2236.8225034694797,1676.6231638285808,2984.4780988046014,595.9321424479169,588.9818385416671,131.48856530999757,0.37857142857142856,0.4800000000000001,0.0
PHASE 3B,1257,1006400,1004,2236.8225034694797,1676.6231638285808,2984.4780988046014,595.9321424479169,588.9818385416671,131.48856530999757,0.4928571428571429,0.45714285714285713,0.0
PHASE 3B,1258,1007200,1004,2236.8225034694797,1676.6231638285808,2984.4780988046014,595.9321424479169,588.9818385416671,131.48856530999757,0.4585714285714285,0.4514285714285714,0.0
PHASE 3B,1259,1008000,1008,2243.9674911477878,1738.391084324117,2984.4780988046014,599.349908072917,589.4910395833338,131.89081793645266,0.0,0.0,0.0
PHASE 3B,1260,1008800,1008,2243.9674911477878,1738.391084324117,2984.4780988046014,599.3499080729171,589.4910395833336,131.89081793645266,0.41428571428571426,0.42857142857142866,0.0
PHASE 3B,1261,1009600,1008,2243.9674911477878,1738.391084324117,2984.4780988046014,599.3499080729171,589.4910395833336,131.89081793645266,0.47285714285714286,0.4757142857142857,0.0
PHASE 3B,1262,1010400,1008,2243.9674911477878,1738.391084324117,2984.4780988046014,599.3499080729171,589.4910395833336,131.89081793645266,0.42142857142857154,0.5028571428571429,0.0
PHASE 3B,1263,1011200,1008,2243.9674911477878,1738.391084324117,2984.4780988046014,599.3499080729171,589.4910395833336,131.89081793645266,0.5528571428571429,0.4571428571428572,0.0
PHASE 3B,1264,1012000,1012,2239.7457932762477,1738.391084324117,2984.4780988046014,599.598017447917,587.0064468750003,131.6426661191767,0.0,0.0,0.0
PHASE 3B,1265,1012800,1012,2239.7457932762477,1738.391084324117,2984.4780988046014,599.5980174479168,587.0064468750003,131.6426661191767,0.4800000000000001,0.42142857142857143,0.0
PHASE 3B,1266,1013600,1012,2239.7457932762477,1738.391084324117,2984.4780988046014,599.5980174479168,587.0064468750003,131.6426661191767,0.4600000000000001,0.49428571428571433,0.0
PHASE 3B,1267,1014400,1012,2239.7457932762477,1738.391084324117,2984.4780988046014,599.5980174479168,587.0064468750003,131.6426661191767,0.42000000000000004,0.4714285714285714,0.0
PHASE 3B,1268,1015200,1012,2239.7457932762477,1738.391084324117,2984.4780988046014,599.5980174479168,587.0064468750003,131.6426661191767,0.43000000000000005,0.46142857142857147,0.0
PHASE 3B,1269,1016000,1016,2227.517618322844,1738.391084324117,2984.4780988046014,597.9317466145835,581.2484197916671,131.0421814895846,0.0,0.0,0.0
PHASE 3B,1270,1016800,1016,2227.517618322845,1738.391084324117,2984.4780988046014,597.9317466145836,581.2484197916671,131.0421814895846,0.4885714285714286,0.4800000000000001,0.0
PHASE 3B,1271,1017600,1016,2227.517618322845,1738.391084324117,2984.4780988046014,597.9317466145836,581.2484197916671,131.0421814895846,0.4,0.45714285714285713,0.0
PHASE 3B,1272,1018400,1016,2227.517618322845,1738.391084324117,2984.4780988046014,597.9317466145836,581.2484197916671,131.0421814895846,0.3942857142857143,0.41571428571428565,0.0
PHASE 3B,1273,1019200,1016,2227.517618322845,1738.391084324117,2984.4780988046014,597.9317466145836,581.2484197916671,131.0421814895846,0.45428571428571435,0.5214285714285716,0.0
PHASE 3B,1274,1020000,1020,2235.9941208777686,1738.391084324117,2984.4780988046014,604.3327208333336,579.3933937500004,131.53350078681464,0.0,0.0,0.0
PHASE 3B,1275,1020800,1020,2235.994120877768,1738.391084324117,2984.4780988046014,604.3327208333336,579.3933937500004,131.5335007868146,0.3728571428571429,0.4757142857142858,0.0
PHASE 3B,1276,1021600,1020,2235.994120877768,1738.391084324117,2984.4780988046014,604.3327208333336,579.3933937500004,131.5335007868146,0.4128571428571429,0.5214285714285715,0.0
PHASE 3B,1277,1022400,1020,2235.994120877768,1738.391084324117,2984.4780988046014,604.3327208333336,579.3933937500004,131.5335007868146,0.40428571428571436,0.43714285714285717,0.0
PHASE 3B,1278,1023200,1020,2235.994120877768,1738.391084324117,2984.4780988046014,604.3327208333336,579.3933937500004,131.5335007868146,0.4842857142857143,0.4271428571428572,0.0
PHASE 3B,1279,1024000,1024,2244.570119144141,1738.391084324117,2984.4780988046014,604.7147781250004,583.953097916667,131.98778038781953,0.0,0.0,0.0
PHASE 3B,1280,1024800,1024,2244.5701191441412,1738.391084324117,2984.4780988046014,604.7147781250004,583.953097916667,131.98778038781953,0.41571428571428576,0.46571428571428564,0.0
PHASE 3B,1281,1025600,1024,2244.5701191441412,1738.391084324117,2984.4780988046014,604.7147781250004,583.953097916667,131.98778038781953,0.43285714285714283,0.5557142857142858,0.0
PHASE 3B,1282,1026400,1024,2244.5701191441412,1738.391084324117,2984.4780988046014,604.7147781250004,583.953097916667,131.98778038781953,0.45857142857142863,0.3928571428571429,0.0
PHASE 3B,1283,1027200,1024,2244.5701191441412,1738.391084324117,2984.4780988046014,604.7147781250004,583.953097916667,131.98778038781953,0.4185714285714286,0.48571428571428577,0.0
PHASE 3B,1284,1028000,1028,2242.287061974383,1738.391084324117,2984.4780988046014,603.8366093750004,583.3875427083336,131.8828637363914,0.0,0.0,0.0
PHASE 3B,1285,1028800,1028,2242.2870619743826,1738.391084324117,2984.4780988046014,603.8366093750003,583.3875427083336,131.8828637363914,0.4342857142857143,0.4242857142857142,0.0
PHASE 3B,1286,1029600,1028,2242.2870619743826,1738.391084324117,2984.4780988046014,603.8366093750003,583.3875427083336,131.8828637363914,0.38428571428571434,0.44000000000000006,0.0
PHASE 3B,1287,1030400,1028,2242.2870619743826,1738.391084324117,2984.4780988046014,603.8366093750003,583.3875427083336,131.8828637363914,0.3371428571428571,0.46571428571428575,0.0
PHASE 3B,1288,1031200,1028,2242.2870619743826,1738.391084324117,2984.4780988046014,603.8366093750003,583.3875427083336,131.8828637363914,0.4957142857142857,0.4271428571428572,0.0
PHASE 3B,1289,1032000,1032,2236.778337751847,1684.295020074658,2984.4780988046014,602.7470083333336,580.836697916667,131.64932893774102,0.0,0.0,0.0
PHASE 3B,1290,1032800,1032,2236.778337751847,1684.295020074658,2984.4780988046014,602.7470083333337,580.8366979166669,131.64932893774102,0.45714285714285713,0.49714285714285716,0.0
PHASE 3B,1291,1033600,1032,2236.778337751847,1684.295020074658,2984.4780988046014,602.7470083333337,580.8366979166669,131.64932893774102,0.34,0.42142857142857143,0.0
PHASE 3B,1292,1034400,1032,2236.778337751847,1684.295020074658,2984.4780988046014,602.7470083333337,580.8366979166669,131.64932893774102,0.3885714285714286,0.4571428571428572,0.0
PHASE 3B,1293,1035200,1032,2236.778337751847,1684.295020074658,2984.4780988046014,602.7470083333337,580.8366979166669,131.64932893774102,0.4871428571428572,0.4514285714285714,0.0
PHASE 3B,1294,1036000,1036,2240.6880738079826,1684.295020074658,2984.4780988046014,601.7879447916671,583.665419791667,131.90433865309143,0.0,0.0,0.0
PHASE 3B,1295,1036800,1036,2240.688073807983,1684.295020074658,2984.4780988046014,601.787944791667,583.665419791667,131.90433865309143,0.36714285714285716,0.5171428571428571,0.0
PHASE 3B,1296,1037600,1036,2240.688073807983,1684.295020074658,2984.4780988046014,601.787944791667,583.665419791667,131.90433865309143,0.43,0.48,0.0
PHASE 3B,1297,1038400,1036,2240.688073807983,1684.295020074658,2984.4780988046014,601.787944791667,583.665419791667,131.90433865309143,0.48571428571428577,0.4514285714285714,0.0
PHASE 3B,1298,1039200,1036,2240.688073807983,1684.295020074658,2984.4780988046014,601.787944791667,583.665419791667,131.90433865309143,0.39571428571428574,0.4771428571428572,0.0
PHASE 3B,1299,1040000,1040,2245.23532258451,1684.295020074658,2984.4780988046014,601.8180406250003,585.7493031250003,132.20849735432395,0.0,0.0,0.0
PHASE 3B,1300,1040800,1040,2245.23532258451,1684.295020074658,2984.4780988046014,601.8180406250003,585.7493031250003,132.20849735432398,0.40714285714285714,0.43285714285714283,0.0
PHASE 3B,1301,1041600,1040,2245.23532258451,1684.295020074658,2984.4780988046014,601.8180406250003,585.7493031250003,132.20849735432398,0.4185714285714286,0.4,0.0
PHASE 3B,1302,1042400,1040,2245.23532258451,1684.295020074658,2984.4780988046014,601.8180406250003,585.7493031250003,132.20849735432398,0.35428571428571426,0.4928571428571429,0.0
PHASE 3B,1303,1043200,1040,2245.23532258451,1684.295020074658,2984.4780988046014,601.8180406250003,585.7493031250003,132.20849735432398,0.47285714285714275,0.41000000000000014,0.0
PHASE 3B,1304,1044000,1044,2252.4388730141645,1684.295020074658,2984.4780988046014,602.4261114583337,589.0668166666669,132.61824311115575,0.0,0.0,0.0
PHASE 3B,1305,1044800,1044,2252.438873014165,1684.295020074658,2984.4780988046014,602.4261114583336,589.066816666667,132.61824311115575,0.39,0.4928571428571429,0.0
PHASE 3B,1306,1045600,1044,2252.438873014165,1684.295020074658,2984.4780988046014,602.4261114583336,589.066816666667,132.61824311115575,0.5071428571428571,0.4600000000000001,0.0
PHASE 3B,1307,1046400,1044,2252.438873014165,1684.295020074658,2984.4780988046014,602.4261114583336,589.066816666667,132.61824311115575,0.4128571428571429,0.49000000000000005,0.0
PHASE 3B,1308,1047200,1044,2252.438873014165,1684.295020074658,2984.4780988046014,602.4261114583336,589.066816666667,132.61824311115575,0.4685714285714285,0.4385714285714286,0.0
PHASE 3B,1309,1048000,1048,2258.624452890288,1684.295020074658,2984.4780988046014,603.6302677083336,591.5284177083337,132.9332209342127,0.0,0.0,0.0
PHASE 3B,1310,1048800,1048,2258.6244528902876,1684.295020074658,2984.4780988046014,603.6302677083337,591.5284177083337,132.93322093421273,0.4185714285714286,0.45714285714285713,0.0
PHASE 3B,1311,1049600,1048,2258.6244528902876,1684.295020074658,2984.4780988046014,603.6302677083337,591.5284177083337,132.93322093421273,0.4871428571428571,0.4557142857142858,0.0
PHASE 3B,1312,1050400,1048,2258.6244528902876,1684.295020074658,2984.4780988046014,603.6302677083337,591.5284177083337,132.93322093421273,0.41714285714285715,0.48571428571428577,0.0
PHASE 3B,1313,1051200,1048,2258.6244528902876,1684.295020074658,2984.4780988046014,603.6302677083337,591.5284177083337,132.93322093421273,0.35571428571428576,0.4142857142857143,0.0
PHASE 3B,1314,1052000,1052,2254.1515949522072,1684.295020074658,2984.4780988046014,600.8512218750003,591.719457291667,132.6976144732027,0.0,0.0,0.0
PHASE 3B,1315,1052800,1052,2254.1515949522072,1684.295020074658,2984.4780988046014,600.8512218750003,591.719457291667,132.6976144732027,0.5328571428571429,0.49857142857142867,0.0
PHASE 3B,1316,1053600,1052,2254.1515949522072,1684.295020074658,2984.4780988046014,600.8512218750003,591.719457291667,132.6976144732027,0.43714285714285717,0.3928571428571429,0.0
PHASE 3B,1317,1054400,1052,2254.1515949522072,1684.295020074658,2984.4780988046014,600.8512218750003,591.719457291667,132.6976144732027,0.4142857142857143,0.43428571428571433,0.0
PHASE 3B,1318,1055200,1052,2254.1515949522072,1684.295020074658,2984.4780988046014,600.8512218750003,591.719457291667,132.6976144732027,0.44857142857142857,0.40428571428571425,0.0
PHASE 3B,1319,1056000,1056,2267.9492523654676,1684.295020074658,2984.4780988046014,602.143326041667,598.0361177083336,133.4712260769436,0.0,0.0,0.0
PHASE 3B,1320,1056800,1056,2267.949252365468,1684.295020074658,2984.4780988046014,602.1433260416669,598.0361177083337,133.4712260769436,0.4000000000000001,0.4928571428571429,0.0
PHASE 3B,1321,1057600,1056,2267.949252365468,1684.295020074658,2984.4780988046014,602.1433260416669,598.0361177083337,133.4712260769436,0.46571428571428586,0.45285714285714285,0.0
PHASE 3B,1322,1058400,1056,2267.949252365468,1684.295020074658,2984.4780988046014,602.1433260416669,598.0361177083337,133.4712260769436,0.42428571428571427,0.4314285714285715,0.0
PHASE 3B,1323,1059200,1056,2267.949252365468,1684.295020074658,2984.4780988046014,602.1433260416669,598.0361177083337,133.4712260769436,0.41,0.5142857142857143,0.0
PHASE 3B,1324,1060000,1060,2262.250726291532,1684.295020074658,2984.4780988046014,598.0346437500003,599.182372916667,133.12921370311815,0.0,0.0,0.0
PHASE 3B,1325,1060800,1060,2262.250726291532,1684.295020074658,2984.4780988046014,598.0346437500003,599.182372916667,133.12921370311815,0.45999999999999996,0.4600000000000001,0.0
PHASE 3B,1326,1061600,1060,2262.250726291532,1684.295020074658,2984.4780988046014,598.0346437500003,599.182372916667,133.12921370311815,0.4542857142857143,0.4357142857142858,0.0
PHASE 3B,1327,1062400,1060,2262.250726291532,1684.295020074658,2984.4780988046014,598.0346437500003,599.182372916667,133.12921370311815,0.48571428571428577,0.5142857142857143,0.0
PHASE 3B,1328,1063200,1060,2262.250726291532,1684.295020074658,2984.4780988046014,598.0346437500003,599.182372916667,133.12921370311815,0.52,0.4,0.0
PHASE 3B,1329,1064000,1064,2265.383579118316,1684.295020074658,2984.4780988046014,600.633694791667,598.4729468750003,133.28461718146605,0.0,0.0,0.0
PHASE 3B,1330,1064800,1064,2265.383579118315,1684.295020074658,2984.4780988046014,600.6336947916669,598.4729468750004,133.28461718146605,0.4114285714285715,0.49714285714285716,0.0
PHASE 3B,1331,1065600,1064,2265.383579118315,1684.295020074658,2984.4780988046014,600.6336947916669,598.4729468750004,133.28461718146605,0.45000000000000007,0.47285714285714286,0.0
PHASE 3B,1332,1066400,1064,2265.383579118315,1684.295020074658,2984.4780988046014,600.6336947916669,598.4729468750004,133.28461718146605,0.5228571428571429,0.4742857142857143,0.0
PHASE 3B,1333,1067200,1064,2265.383579118315,1684.295020074658,2984.4780988046014,600.6336947916669,598.4729468750004,133.28461718146605,0.49000000000000005,0.5057142857142857,0.0
PHASE 3B,1334,1068000,1068,2268.283489612382,1684.295020074658,2984.4780988046014,602.120860416667,597.6933708333336,133.5586572953078,0.0,0.0,0.0
PHASE 3B,1335,1068800,1068,2268.283489612382,1684.295020074658,2984.4780988046014,602.1208604166669,597.6933708333337,133.5586572953078,0.36,0.4314285714285715,0.0
PHASE 3B,1336,1069600,1068,2268.283489612382,1684.295020074658,2984.4780988046014,602.1208604166669,597.6933708333337,133.5586572953078,0.39285714285714285,0.3871428571428571,0.0
PHASE 3B,1337,1070400,1068,2268.283489612382,1684.295020074658,2984.4780988046014,602.1208604166669,597.6933708333337,133.5586572953078,0.5085714285714286,0.46571428571428575,0.0
PHASE 3B,1338,1071200,1068,2268.283489612382,1684.295020074658,2984.4780988046014,602.1208604166669,597.6933708333337,133.5586572953078,0.49428571428571433,0.3671428571428571,0.0
PHASE 3B,1339,1072000,1072,2275.786812714606,1684.295020074658,2984.4780988046014,605.8949302083336,598.200679166667,133.9614004174609,0.0,0.0,0.0
PHASE 3B,1340,1072800,1072,2275.7868127146066,1684.295020074658,2984.4780988046014,605.8949302083337,598.2006791666669,133.9614004174609,0.43,0.4685714285714287,0.0
PHASE 3B,1341,1073600,1072,2275.7868127146066,1684.295020074658,2984.4780988046014,605.8949302083337,598.2006791666669,133.9614004174609,0.4185714285714286,0.4671428571428572,0.0
PHASE 3B,1342,1074400,1072,2275.7868127146066,1684.295020074658,2984.4780988046014,605.8949302083337,598.2006791666669,133.9614004174609,0.49000000000000005,0.5142857142857143,0.0
PHASE 3B,1343,1075200,1072,2275.7868127146066,1684.295020074658,2984.4780988046014,605.8949302083337,598.2006791666669,133.9614004174609,0.40714285714285714,0.4428571428571429,0.0
PHASE 3B,1344,1076000,1076,2284.088158019035,1684.295020074658,2984.4780988046014,608.4772145833336,600.0768781250002,134.4417581638477,0.0,0.0,0.0
PHASE 3B,1345,1076800,1076,2284.0881580190344,1684.295020074658,2984.4780988046014,608.4772145833338,600.0768781250002,134.4417581638477,0.44142857142857145,0.42000000000000004,0.0
PHASE 3B,1346,1077600,1076,2284.0881580190344,1684.295020074658,2984.4780988046014,608.4772145833338,600.0768781250002,134.4417581638477,0.47857142857142854,0.4557142857142858,0.0
PHASE 3B,1347,1078400,1076,2284.0881580190344,1684.295020074658,2984.4780988046014,608.4772145833338,600.0768781250002,134.4417581638477,0.46142857142857147,0.4928571428571429,0.0
PHASE 3B,1348,1079200,1076,2284.0881580190344,1684.295020074658,2984.4780988046014,608.4772145833338,600.0768781250002,134.4417581638477,0.45000000000000007,0.4671428571428572,0.0
PHASE 3B,1349,1080000,1080,2279.6258322981957,1684.295020074658,2984.4780988046014,609.1517812500003,596.9098208333336,134.1955287768679,0.0,0.0,0.0
PHASE 3B,1350,1080800,1080,2279.6258322981953,1684.295020074658,2984.4780988046014,609.1517812500003,596.9098208333337,134.1955287768679,0.4614285714285714,0.41000000000000003,0.0
PHASE 3B,1351,1081600,1080,2279.6258322981953,1684.295020074658,2984.4780988046014,609.1517812500003,596.9098208333337,134.1955287768679,0.38,0.4571428571428572,0.0
PHASE 3B,1352,1082400,1080,2279.6258322981953,1684.295020074658,2984.4780988046014,609.1517812500003,596.9098208333337,134.1955287768679,0.4557142857142858,0.5714285714285714,0.0
PHASE 3B,1353,1083200,1080,2279.6258322981953,1684.295020074658,2984.4780988046014,609.1517812500003,596.9098208333337,134.1955287768679,0.4128571428571429,0.53,0.0
PHASE 3B,1354,1084000,1084,2287.7565800322104,1684.295020074658,3167.994275388942,612.1592968750003,598.1890843750003,134.67602484778632,0.0,0.0,0.0
PHASE 3B,1355,1084800,1084,2287.7565800322104,1684.295020074658,3167.994275388942,612.1592968750003,598.1890843750003,134.67602484778632,0.4571428571428572,0.4228571428571429,0.0
PHASE 3B,1356,1085600,1084,2287.7565800322104,1684.295020074658,3167.994275388942,612.1592968750003,598.1890843750003,134.67602484778632,0.37,0.48142857142857143,0.0
PHASE 3B,1357,1086400,1084,2287.7565800322104,1684.295020074658,3167.994275388942,612.1592968750003,598.1890843750003,134.67602484778632,0.4471428571428572,0.49857142857142855,0.0
PHASE 3B,1358,1087200,1084,2287.7565800322104,1684.295020074658,3167.994275388942,612.1592968750003,598.1890843750003,134.67602484778632,0.4257142857142857,0.39,0.0
PHASE 3B,1359,1088000,1088,2294.6778624461235,1684.295020074658,3167.994275388942,612.2241572916669,601.1149812500003,135.16734048806717,0.0,0.0,0.0
PHASE 3B,1360,1088800,1088,2294.677862446123,1684.295020074658,3167.994275388942,612.224157291667,601.1149812500004,135.16734048806717,0.4271428571428572,0.5085714285714286,0.0
PHASE 3B,1361,1089600,1088,2294.677862446123,1684.295020074658,3167.994275388942,612.224157291667,601.1149812500004,135.16734048806717,0.5028571428571429,0.48571428571428565,0.0
PHASE 3B,1362,1090400,1088,2294.677862446123,1684.295020074658,3167.994275388942,612.224157291667,601.1149812500004,135.16734048806717,0.4257142857142857,0.42000000000000004,0.0
PHASE 3B,1363,1091200,1088,2294.677862446123,1684.295020074658,3167.994275388942,612.224157291667,601.1149812500004,135.16734048806717,0.4385714285714286,0.44857142857142857,0.0
PHASE 3B,1364,1092000,1092,2301.4725691748818,1684.295020074658,3167.994275388942,612.8323270833337,604.175163541667,135.5581348187453,0.0,0.0,0.0
PHASE 3B,1365,1092800,1092,2301.4725691748818,1684.295020074658,3167.994275388942,612.8323270833337,604.175163541667,135.5581348187453,0.5114285714285713,0.5057142857142857,0.0
PHASE 3B,1366,1093600,1092,2301.4725691748818,1684.295020074658,3167.994275388942,612.8323270833337,604.175163541667,135.5581348187453,0.49000000000000005,0.5028571428571429,0.0
PHASE 3B,1367,1094400,1092,2301.4725691748818,1684.295020074658,3167.994275388942,612.8323270833337,604.175163541667,135.5581348187453,0.39857142857142863,0.4685714285714286,0.0
PHASE 3B,1368,1095200,1092,2301.4725691748818,1684.295020074658,3167.994275388942,612.8323270833337,604.175163541667,135.5581348187453,0.4671428571428572,0.43,0.0
PHASE 3B,1369,1096000,1096,2305.5420652119774,1684.295020074658,3167.994275388942,617.7503697916669,602.030226041667,135.7201836723405,0.0,0.0,0.0
PHASE 3B,1370,1096800,1096,2305.542065211978,1684.295020074658,3167.994275388942,617.7503697916669,602.030226041667,135.7201836723405,0.5128571428571429,0.51,0.0
PHASE 3B,1371,1097600,1096,2305.542065211978,1684.295020074658,3167.994275388942,617.7503697916669,602.030226041667,135.7201836723405,0.47142857142857153,0.49142857142857144,0.0
PHASE 3B,1372,1098400,1096,2305.542065211978,1684.295020074658,3167.994275388942,617.7503697916669,602.030226041667,135.7201836723405,0.4757142857142858,0.4185714285714286,0.0
PHASE 3B,1373,1099200,1096,2305.542065211978,1684.295020074658,3167.994275388942,617.7503697916669,602.030226041667,135.7201836723405,0.4185714285714286,0.43571428571428567,0.0
PHASE 3B,1374,1100000,1100,2308.398368517384,1684.295020074658,3167.994275388942,614.955513541667,606.0587125000003,135.92301780947466,0.0,0.0,0.0
PHASE 3B,1375,1100800,1100,2308.3983685173844,1684.295020074658,3167.994275388942,614.9555135416671,606.0587125000002,135.92301780947466,0.42000000000000004,0.48142857142857143,0.0
PHASE 3B,1376,1101600,1100,2308.3983685173844,1684.295020074658,3167.994275388942,614.9555135416671,606.0587125000002,135.92301780947466,0.4442857142857143,0.4842857142857143,0.0
PHASE 3B,1377,1102400,1100,2308.3983685173844,1684.295020074658,3167.994275388942,614.9555135416671,606.0587125000002,135.92301780947466,0.4614285714285714,0.4228571428571429,0.0
PHASE 3B,1378,1103200,1100,2308.3983685173844,1684.295020074658,3167.994275388942,614.9555135416671,606.0587125000002,135.92301780947466,0.4928571428571429,0.48571428571428565,0.0
PHASE 3B,1379,1104000,1104,2310.8928041329636,1684.295020074658,3167.994275388942,613.7486500000005,608.0562427083336,136.13598892808875,0.0,0.0,0.0
PHASE 3B,1380,1104800,1104,2310.892804132963,1684.295020074658,3167.994275388942,613.7486500000002,608.0562427083336,136.13598892808875,0.45428571428571435,0.5485714285714285,0.0
PHASE 3B,1381,1105600,1104,2310.892804132963,1684.295020074658,3167.994275388942,613.7486500000002,608.0562427083336,136.13598892808875,0.4742857142857143,0.46142857142857147,0.0
PHASE 3B,1382,1106400,1104,2310.892804132963,1684.295020074658,3167.994275388942,613.7486500000002,608.0562427083336,136.13598892808875,0.5228571428571429,0.4757142857142858,0.0
PHASE 3B,1383,1107200,1104,2310.892804132963,1684.295020074658,3167.994275388942,613.7486500000002,608.0562427083336,136.13598892808875,0.38,0.4585714285714285,0.0
PHASE 3B,1384,1108000,1108,2303.7741862568746,1684.295020074658,3167.994275388942,607.8547625000003,609.8567406250003,135.75783539149427,0.0,0.0,0.0
PHASE 3B,1385,1108800,1108,2303.7741862568746,1684.295020074658,3167.994275388942,607.8547625000003,609.8567406250003,135.75783539149427,0.42142857142857143,0.45,0.0
PHASE 3B,1386,1109600,1108,2303.7741862568746,1684.295020074658,3167.994275388942,607.8547625000003,609.8567406250003,135.75783539149427,0.42428571428571427,0.47857142857142865,0.0
PHASE 3B,1387,1110400,1108,2303.7741862568746,1684.295020074658,3167.994275388942,607.8547625000003,609.8567406250003,135.75783539149427,0.5028571428571429,0.4885714285714286,0.0
PHASE 3B,1388,1111200,1108,2303.7741862568746,1684.295020074658,3167.994275388942,607.8547625000003,609.8567406250003,135.75783539149427,0.47285714285714286,0.46571428571428575,0.0
PHASE 3B,1389,1112000,1112,2308.40601593473,1684.295020074658,3167.994275388942,607.4667250000003,612.7754895833335,136.02047516893455,0.0,0.0,0.0
PHASE 3B,1390,1112800,1112,2308.4060159347296,1684.295020074658,3167.994275388942,607.4667250000003,612.7754895833336,136.02047516893452,0.48285714285714293,0.4557142857142858,0.0
PHASE 3B,1391,1113600,1112,2308.4060159347296,1684.295020074658,3167.994275388942,607.4667250000003,612.7754895833336,136.02047516893452,0.5271428571428571,0.4442857142857143,0.0
PHASE 3B,1392,1114400,1112,2308.4060159347296,1684.295020074658,3167.994275388942,607.4667250000003,612.7754895833336,136.02047516893452,0.36714285714285716,0.43000000000000005,0.0
PHASE 3B,1393,1115200,1112,2308.4060159347296,1684.295020074658,3167.994275388942,607.4667250000003,612.7754895833336,136.02047516893452,0.3914285714285714,0.4685714285714286,0.0
PHASE 3B,1394,1116000,1116,2324.464983681548,1684.295020074658,3167.994275388942,608.498497916667,620.0046750000002,136.99522634562015,0.0,0.0,0.0
PHASE 3B,1395,1116800,1116,2324.4649836815483,1684.295020074658,3167.994275388942,608.498497916667,620.0046750000002,136.99522634562015,0.41428571428571426,0.4371428571428571,0.0
PHASE 3B,1396,1117600,1116,2324.4649836815483,1684.295020074658,3167.994275388942,608.498497916667,620.0046750000002,136.99522634562015,0.4471428571428572,0.44000000000000006,0.0
PHASE 3B,1397,1118400,1116,2324.4649836815483,1684.295020074658,3167.994275388942,608.498497916667,620.0046750000002,136.99522634562015,0.4614285714285714,0.40714285714285714,0.0
PHASE 3B,1398,1119200,1116,2324.4649836815483,1684.295020074658,3167.994275388942,608.498497916667,620.0046750000002,136.99522634562015,0.4442857142857144,0.4742857142857143,0.0
PHASE 3B,1399,1120000,1120,2334.9912389925757,1684.295020074658,3167.994275388942,608.992847916667,624.8587416666669,137.64245617616533,0.0,0.0,0.0
PHASE 3B,1400,1120800,1120,2334.9912389925757,1684.295020074658,3167.994275388942,608.992847916667,624.8587416666669,137.64245617616533,0.45285714285714285,0.5071428571428572,0.0
PHASE 3B,1401,1121600,1120,2334.9912389925757,1684.295020074658,3167.994275388942,608.992847916667,624.8587416666669,137.64245617616533,0.48285714285714293,0.36714285714285716,0.0
PHASE 3B,1402,1122400,1120,2334.9912389925757,1684.295020074658,3167.994275388942,608.992847916667,624.8587416666669,137.64245617616533,0.4585714285714285,0.4885714285714286,0.0
PHASE 3B,1403,1123200,1120,2334.9912389925757,1684.295020074658,3167.994275388942,608.992847916667,624.8587416666669,137.64245617616533,0.43714285714285717,0.4485714285714287,0.0
PHASE 3B,1404,1124000,1124,2342.6953465009674,1684.295020074658,3167.994275388942,608.8289125000003,628.3735604166669,138.18660919804762,0.0,0.0,0.0
PHASE 3B,1405,1124800,1124,2342.6953465009674,1684.295020074658,3167.994275388942,608.8289125000003,628.3735604166669,138.18660919804762,0.53,0.4271428571428572,0.0
PHASE 3B,1406,1125600,1124,2342.6953465009674,1684.295020074658,3167.994275388942,608.8289125000003,628.3735604166669,138.18660919804762,0.4642857142857143,0.5157142857142857,0.0
PHASE 3B,1407,1126400,1124,2342.6953465009674,1684.295020074658,3167.994275388942,608.8289125000003,628.3735604166669,138.18660919804762,0.49000000000000005,0.53,0.0
PHASE 3B,1408,1127200,1124,2342.6953465009674,1684.295020074658,3167.994275388942,608.8289125000003,628.3735604166669,138.18660919804762,0.40285714285714286,0.45714285714285713,0.0
PHASE 3B,1409,1128000,1128,2347.939611086017,1684.295020074658,3167.994275388942,606.9672614583337,632.8978187500003,138.50931635972037,0.0,0.0,0.0
PHASE 3B,1410,1128800,1128,2347.9396110860166,1684.295020074658,3167.994275388942,606.9672614583337,632.8978187500002,138.5093163597204,0.40857142857142864,0.472857142857143,0.0
PHASE 3B,1411,1129600,1128,2347.9396110860166,1684.295020074658,3167.994275388942,606.9672614583337,632.8978187500002,138.5093163597204,0.4842857142857143,0.4428571428571429,0.0
PHASE 3B,1412,1130400,1128,2347.9396110860166,1684.295020074658,3167.994275388942,606.9672614583337,632.8978187500002,138.5093163597204,0.49857142857142855,0.5157142857142858,0.0
PHASE 3B,1413,1131200,1128,2347.9396110860166,1684.295020074658,3167.994275388942,606.9672614583337,632.8978187500002,138.5093163597204,0.38142857142857145,0.43000000000000005,0.0
PHASE 3B,1414,1132000,1132,2367.2168316171555,1835.3024812476954,3167.994275388942,611.9812302083337,638.069029166667,139.64582153027942,0.0,0.0,0.0
PHASE 3B,1415,1132800,1132,2367.2168316171555,1835.3024812476954,3167.994275388942,611.9812302083338,638.069029166667,139.64582153027945,0.5128571428571429,0.4871428571428572,0.0
PHASE 3B,1416,1133600,1132,2367.2168316171555,1835.3024812476954,3167.994275388942,611.9812302083338,638.069029166667,139.64582153027945,0.4442857142857143,0.4828571428571428,0.0
PHASE 3B,1417,1134400,1132,2367.2168316171555,1835.3024812476954,3167.994275388942,611.9812302083338,638.069029166667,139.64582153027945,0.3871428571428572,0.4314285714285715,0.0
PHASE 3B,1418,1135200,1132,2367.2168316171555,1835.3024812476954,3167.994275388942,611.9812302083338,638.069029166667,139.64582153027945,0.4557142857142857,0.46571428571428586,0.0
PHASE 3B,1419,1136000,1136,2368.7932471441,1835.3024812476954,3167.994275388942,612.7831656250005,637.0121343750002,139.87474339302244,0.0,0.0,0.0
PHASE 3B,1420,1136800,1136,2368.7932471440995,1835.3024812476954,3167.994275388942,612.7831656250004,637.0121343750004,139.87474339302244,0.4242857142857144,0.49428571428571433,0.0
PHASE 3B,1421,1137600,1136,2368.7932471440995,1835.3024812476954,3167.994275388942,612.7831656250004,637.0121343750004,139.87474339302244,0.4685714285714286,0.4957142857142857,0.0
PHASE 3B,1422,1138400,1136,2368.7932471440995,1835.3024812476954,3167.994275388942,612.7831656250004,637.0121343750004,139.87474339302244,0.3871428571428572,0.5200000000000001,0.0
PHASE 3B,1423,1139200,1136,2368.7932471440995,1835.3024812476954,3167.994275388942,612.7831656250004,637.0121343750004,139.87474339302244,0.47714285714285715,0.5,0.0
PHASE 3B,1424,1140000,1140,2364.042503970535,1740.2841330865494,3167.994275388942,612.2925937500003,634.5519927083337,139.6497396890353,0.0,0.0,0.0
PHASE 3B,1425,1140800,1140,2364.042503970535,1740.2841330865494,3167.994275388942,612.2925937500004,634.5519927083337,139.6497396890353,0.40428571428571425,0.4385714285714286,0.0
PHASE 3B,1426,1141600,1140,2364.042503970535,1740.2841330865494,3167.994275388942,612.2925937500004,634.5519927083337,139.6497396890353,0.35571428571428576,0.5314285714285715,0.0
PHASE 3B,1427,1142400,1140,2364.042503970535,1740.2841330865494,3167.994275388942,612.2925937500004,634.5519927083337,139.6497396890353,0.3871428571428572,0.4385714285714286,0.0
PHASE 3B,1428,1143200,1140,2364.042503970535,1740.2841330865494,3167.994275388942,612.2925937500004,634.5519927083337,139.6497396890353,0.42000000000000004,0.5,0.0
PHASE 3B,1429,1144000,1144,2365.1236437917964,1740.2841330865494,3167.994275388942,612.4299927083338,634.6904718750004,139.750397401068,0.0,0.0,0.0
PHASE 3B,1430,1144800,1144,2365.1236437917964,1740.2841330865494,3167.994275388942,612.4299927083337,634.6904718750004,139.75039740106803,0.34,0.4428571428571429,0.0
PHASE 3B,1431,1145600,1144,2365.1236437917964,1740.2841330865494,3167.994275388942,612.4299927083337,634.6904718750004,139.75039740106803,0.5057142857142858,0.40285714285714286,0.0
PHASE 3B,1432,1146400,1144,2365.1236437917964,1740.2841330865494,3167.994275388942,612.4299927083337,634.6904718750004,139.75039740106803,0.5228571428571429,0.45714285714285713,0.0
PHASE 3B,1433,1147200,1144,2365.1236437917964,1740.2841330865494,3167.994275388942,612.4299927083337,634.6904718750004,139.75039740106803,0.41000000000000003,0.4371428571428571,0.0
PHASE 3B,1434,1148000,1148,2367.1977781155515,1740.2841330865494,3167.994275388942,612.8448395833337,635.1515812500003,139.9001696602874,0.0,0.0,0.0
PHASE 3B,1435,1148800,1148,2367.197778115552,1740.2841330865494,3167.994275388942,612.8448395833337,635.1515812500003,139.9001696602874,0.4571428571428572,0.44142857142857145,0.0
PHASE 3B,1436,1149600,1148,2367.197778115552,1740.2841330865494,3167.994275388942,612.8448395833337,635.1515812500003,139.9001696602874,0.3828571428571429,0.4228571428571429,0.0
PHASE 3B,1437,1150400,1148,2367.197778115552,1740.2841330865494,3167.994275388942,612.8448395833337,635.1515812500003,139.9001696602874,0.4385714285714286,0.46142857142857147,0.0
PHASE 3B,1438,1151200,1148,2367.197778115552,1740.2841330865494,3167.994275388942,612.8448395833337,635.1515812500003,139.9001696602874,0.36714285714285716,0.4557142857142858,0.0
PHASE 3B,1439,1152000,1152,2364.742666394011,1740.2841330865494,3167.994275388942,610.5364718750004,636.0043968750003,139.7752247055115,0.0,0.0,0.0
PHASE 3B,1440,1152800,1152,2364.742666394011,1740.2841330865494,3167.994275388942,610.5364718750003,636.0043968750003,139.7752247055115,0.44857142857142857,0.41571428571428565,0.0
PHASE 3B,1441,1153600,1152,2364.742666394011,1740.2841330865494,3167.994275388942,610.5364718750003,636.0043968750003,139.7752247055115,0.4757142857142857,0.46571428571428575,0.0
PHASE 3B,1442,1154400,1152,2364.742666394011,1740.2841330865494,3167.994275388942,610.5364718750003,636.0043968750003,139.7752247055115,0.4757142857142857,0.40857142857142853,0.0
PHASE 3B,1443,1155200,1152,2364.742666394011,1740.2841330865494,3167.994275388942,610.5364718750003,636.0043968750003,139.7752247055115,0.42000000000000004,0.5014285714285714,0.0
PHASE 3B,1444,1156000,1156,2367.1133642187697,1740.2841330865494,3167.994275388942,613.494276041667,634.1884562500003,139.928828990898,0.0,0.0,0.0
PHASE 3B,1445,1156800,1156,2367.11336421877,1740.2841330865494,3167.994275388942,613.4942760416669,634.1884562500003,139.928828990898,0.4014285714285714,0.42285714285714293,0.0
PHASE 3B,1446,1157600,1156,2367.11336421877,1740.2841330865494,3167.994275388942,613.4942760416669,634.1884562500003,139.928828990898,0.45285714285714296,0.4428571428571429,0.0
PHASE 3B,1447,1158400,1156,2367.11336421877,1740.2841330865494,3167.994275388942,613.4942760416669,634.1884562500003,139.928828990898,0.40857142857142853,0.4314285714285714,0.0
PHASE 3B,1448,1159200,1156,2367.11336421877,1740.2841330865494,3167.994275388942,613.4942760416669,634.1884562500003,139.928828990898,0.47000000000000003,0.43,0.0
PHASE 3B,1449,1160000,1160,2374.456067190539,1740.2841330865494,3167.994275388942,615.7211343750002,635.8328208333337,140.36276399778592,0.0,0.0,0.0
PHASE 3B,1450,1160800,1160,2374.456067190539,1740.2841330865494,3167.994275388942,615.7211343750004,635.8328208333337,140.36276399778592,0.4185714285714286,0.4385714285714286,0.0
PHASE 3B,1451,1161600,1160,2374.456067190539,1740.2841330865494,3167.994275388942,615.7211343750004,635.8328208333337,140.36276399778592,0.4671428571428572,0.44571428571428573,0.0
PHASE 3B,1452,1162400,1160,2374.456067190539,1740.2841330865494,3167.994275388942,615.7211343750004,635.8328208333337,140.36276399778592,0.45857142857142874,0.43000000000000005,0.0
PHASE 3B,1453,1163200,1160,2374.456067190539,1740.2841330865494,3167.994275388942,615.7211343750004,635.8328208333337,140.36276399778592,0.3857142857142858,0.3928571428571429,0.0
PHASE 3B,1454,1164000,1164,2372.236029152284,1740.2841330865494,3167.994275388942,614.122782291667,635.967004166667,140.26828033675392,0.0,0.0,0.0
PHASE 3B,1455,1164800,1164,2372.2360291522837,1740.2841330865494,3167.994275388942,614.122782291667,635.967004166667,140.26828033675392,0.4771428571428572,0.47857142857142865,0.0
PHASE 3B,1456,1165600,1164,2372.2360291522837,1740.2841330865494,3167.994275388942,614.122782291667,635.967004166667,140.26828033675392,0.43428571428571433,0.48571428571428565,0.0
PHASE 3B,1457,1166400,1164,2372.2360291522837,1740.2841330865494,3167.994275388942,614.122782291667,635.967004166667,140.26828033675392,0.42857142857142855,0.4357142857142858,0.0
PHASE 3B,1458,1167200,1164,2372.2360291522837,1740.2841330865494,3167.994275388942,614.122782291667,635.967004166667,140.26828033675392,0.4557142857142858,0.44857142857142857,0.0
PHASE 3B,1459,1168000,1168,2373.435664875616,1740.2841330865494,3167.994275388942,613.8988875000003,637.0473125000003,140.3111831094621,0.0,0.0,0.0
PHASE 3B,1460,1168800,1168,2373.435664875616,1740.2841330865494,3167.994275388942,613.8988875000005,637.0473125000004,140.31118310946206,0.3942857142857143,0.40857142857142864,0.0
PHASE 3B,1461,1169600,1168,2373.435664875616,1740.2841330865494,3167.994275388942,613.8988875000005,637.0473125000004,140.31118310946206,0.3985714285714287,0.31999999999999995,0.0
PHASE 3B,1462,1170400,1168,2373.435664875616,1740.2841330865494,3167.994275388942,613.8988875000005,637.0473125000004,140.31118310946206,0.48428571428571426,0.48142857142857143,0.0
PHASE 3B,1463,1171200,1168,2373.435664875616,1740.2841330865494,3167.994275388942,613.8988875000005,637.0473125000004,140.31118310946206,0.3885714285714286,0.4842857142857143,0.0
PHASE 3B,1464,1172000,1172,2376.4543053010384,1740.2841330865494,3167.994275388942,613.8717593750004,637.0168833333338,140.69570782409812,0.0,0.0,0.0
PHASE 3B,1465,1172800,1172,2376.4543053010384,1740.2841330865494,3167.994275388942,613.8717593750004,637.0168833333338,140.69570782409812,0.5085714285714287,0.3628571428571429,0.0
PHASE 3B,1466,1173600,1172,2376.4543053010384,1740.2841330865494,3167.994275388942,613.8717593750004,637.0168833333338,140.69570782409812,0.43714285714285717,0.4257142857142858,0.0
PHASE 3B,1467,1174400,1172,2376.4543053010384,1740.2841330865494,3167.994275388942,613.8717593750004,637.0168833333338,140.69570782409812,0.4257142857142858,0.47857142857142854,0.0
PHASE 3B,1468,1175200,1172,2376.4543053010384,1740.2841330865494,3167.994275388942,613.8717593750004,637.0168833333338,140.69570782409812,0.4014285714285714,0.4471428571428572,0.0
PHASE 3B,1469,1176000,1176,2371.7847828552035,1740.2841330865494,3167.994275388942,609.8359239583336,638.460988541667,140.43598379441042,0.0,0.0,0.0
PHASE 3B,1470,1176800,1176,2371.7847828552035,1740.2841330865494,3167.994275388942,609.8359239583338,638.460988541667,140.43598379441042,0.4885714285714286,0.4642857142857143,0.0
PHASE 3B,1471,1177600,1176,2371.7847828552035,1740.2841330865494,3167.994275388942,609.8359239583338,638.460988541667,140.43598379441042,0.4771428571428572,0.48285714285714293,0.0
PHASE 3B,1472,1178400,1176,2371.7847828552035,1740.2841330865494,3167.994275388942,609.8359239583338,638.460988541667,140.43598379441042,0.42857142857142855,0.43714285714285717,0.0
PHASE 3B,1473,1179200,1176,2371.7847828552035,1740.2841330865494,3167.994275388942,609.8359239583338,638.460988541667,140.43598379441042,0.38285714285714284,0.3814285714285715,0.0
PHASE 3B,1474,1180000,1180,2383.624596762831,1740.2841330865494,3167.994275388942,611.1646302083337,643.8541916666669,141.07572186098875,0.0,0.0,0.0
PHASE 3B,1475,1180800,1180,2383.6245967628306,1740.2841330865494,3167.994275388942,611.1646302083336,643.854191666667,141.07572186098875,0.4542857142857143,0.49428571428571433,0.0
PHASE 3B,1476,1181600,1180,2383.6245967628306,1740.2841330865494,3167.994275388942,611.1646302083336,643.854191666667,141.07572186098875,0.4428571428571429,0.4842857142857143,0.0
PHASE 3B,1477,1182400,1180,2383.6245967628306,1740.2841330865494,3167.994275388942,611.1646302083336,643.854191666667,141.07572186098875,0.4557142857142857,0.45,0.0
PHASE 3B,1478,1183200,1180,2383.6245967628306,1740.2841330865494,3167.994275388942,611.1646302083336,643.854191666667,141.07572186098875,0.35,0.4357142857142858,0.0
PHASE 3B,1479,1184000,1184,2381.621904982547,1740.2841330865494,2991.7203371488336,607.1748109375003,646.3053656250003,141.0177160525159,0.0,0.0,0.0
PHASE 3B,1480,1184800,1184,2381.6219049825477,1740.2841330865494,2991.7203371488336,607.1748109375004,646.3053656250004,141.0177160525159,0.4957142857142857,0.4228571428571429,0.0
PHASE 3B,1481,1185600,1184,2381.6219049825477,1740.2841330865494,2991.7203371488336,607.1748109375004,646.3053656250004,141.0177160525159,0.5028571428571429,0.46142857142857147,0.0
PHASE 3B,1482,1186400,1184,2381.6219049825477,1740.2841330865494,2991.7203371488336,607.1748109375004,646.3053656250004,141.0177160525159,0.5057142857142858,0.5057142857142857,0.0
PHASE 3B,1483,1187200,1184,2381.6219049825477,1740.2841330865494,2991.7203371488336,607.1748109375004,646.3053656250004,141.0177160525159,0.4957142857142857,0.4514285714285714,0.0
PHASE 3B,1484,1188000,1188,2389.1886519832087,1740.2841330865494,2991.7203371488336,608.1189265625003,649.326101041667,141.4679530473902,0.0,0.0,0.0
PHASE 3B,1485,1188800,1188,2389.1886519832087,1740.2841330865494,2991.7203371488336,608.1189265625004,649.326101041667,141.4679530473902,0.4685714285714286,0.45714285714285713,0.0
PHASE 3B,1486,1189600,1188,2389.1886519832087,1740.2841330865494,2991.7203371488336,608.1189265625004,649.326101041667,141.4679530473902,0.44142857142857145,0.40857142857142864,0.0
PHASE 3B,1487,1190400,1188,2389.1886519832087,1740.2841330865494,2991.7203371488336,608.1189265625004,649.326101041667,141.4679530473902,0.47857142857142865,0.37000000000000005,0.0
PHASE 3B,1488,1191200,1188,2389.1886519832087,1740.2841330865494,2991.7203371488336,608.1189265625004,649.326101041667,141.4679530473902,0.43428571428571433,0.4057142857142857,0.0
PHASE 3B,1489,1192000,1192,2388.399308327732,1740.2841330865494,2991.7203371488336,608.1040661458337,647.9486093750004,141.54332910087237,0.0,0.0,0.0
PHASE 3B,1490,1192800,1192,2388.3993083277314,1740.2841330865494,2991.7203371488336,608.1040661458337,647.9486093750004,141.54332910087237,0.41571428571428576,0.3814285714285714,0.0
PHASE 3B,1491,1193600,1192,2388.3993083277314,1740.2841330865494,2991.7203371488336,608.1040661458337,647.9486093750004,141.54332910087237,0.44142857142857156,0.4371428571428571,0.0
PHASE 3B,1492,1194400,1192,2388.3993083277314,1740.2841330865494,2991.7203371488336,608.1040661458337,647.9486093750004,141.54332910087237,0.5457142857142857,0.44857142857142857,0.0
PHASE 3B,1493,1195200,1192,2388.3993083277314,1740.2841330865494,2991.7203371488336,608.1040661458337,647.9486093750004,141.54332910087237,0.4471428571428572,0.42714285714285716,0.0
PHASE 3B,1494,1196000,1196,2390.795032345384,1740.2841330865494,2991.7203371488336,607.1903140625004,649.4896572916671,141.7643826239122,0.0,0.0,0.0
PHASE 3B,1495,1196800,1196,2390.7950323453833,1740.2841330865494,2991.7203371488336,607.1903140625004,649.4896572916671,141.7643826239122,0.42857142857142866,0.5128571428571429,0.0
PHASE 3B,1496,1197600,1196,2390.7950323453833,1740.2841330865494,2991.7203371488336,607.1903140625004,649.4896572916671,141.7643826239122,0.47714285714285715,0.5042857142857142,0.0
PHASE 3B,1497,1198400,1196,2390.7950323453833,1740.2841330865494,2991.7203371488336,607.1903140625004,649.4896572916671,141.7643826239122,0.4871428571428572,0.4614285714285714,0.0
PHASE 3B,1498,1199200,1196,2390.7950323453833,1740.2841330865494,2991.7203371488336,607.1903140625004,649.4896572916671,141.7643826239122,0.4885714285714286,0.4685714285714286,0.0
PHASE 3B,1499,1200000,1200,2399.073320641523,1740.2841330865494,2991.7203371488336,613.3410317708338,647.6598093750003,142.2590599369713,0.0,0.0,0.0
